OFF
16433 12531 0
0 0 0
0.98727571999999997 0.61114712000000004 0
0 0.0054009699999999997 0
0.98722757999999999 0.29081978000000003 0
0 0.01358841 0
0.98719195000000004 0.93506661000000002 0
0 0.037839079999999997 0
0 0.046444119999999998 0
0 0.048730740000000002 0
0 0.056789270000000003 0
0 0.060855739999999998 0
0 0.076744199999999999 0
0 0.090278399999999995 0
0.98679947999999995 0.36560598 0
0 0.10421722 0
0 0.10591567 0
0 0.11496031 0
0 0.12533142999999999 0
0 0.13090748999999999 0
0 0.14387579 0
0 0.14574965000000001 0
0 0.16537673999999999 0
0.98644611000000004 0.093494129999999995 0
0 0.18079713 0
0 0.18614061000000001 0
0 0.19171771000000001 0
0 0.1943638 0
0 0.19881450000000001 0
0.98617246000000003 0.75670216999999995 0
0 0.21543902000000001 0
0.98658645 0.47477984000000001 0
0 0.22634570000000001 0
0.98676070000000005 0.1552393 0
0 0.23810100000000001 0
0 0.25453788999999999 0
0 0.26216799000000002 0
0 0.26770962999999998 0
0.98613150000000005 0.34503752999999998 0
0 0.27478550000000002 0
0 0.28916448 0
0.97899828 0.053925689999999998 0
0 0.3056741 0
0 0.30703380000000002 0
0.97903748000000002 0.49282019999999999 0
0 0.31845340999999999 0
0 0.32777273000000001 0
0 0.35044962000000002 0
0 0.35560363 0
0 0.35902613999999999 0
0 0.38084688 0
0 0.38146731 0
0 0.39697091000000001 0
0.9791571 0.12977132999999999 0
0 0.40763834999999998 0
0.97927976000000005 0.0295943 0
0 0.41062853999999999 0
0.97935293000000001 0.087971569999999999 0
0.97935543000000003 0.22252748999999999 0
0 0.41327723 0
0 0.4192014 0
0 0.42265802000000002 0
1 0.33417558000000003 0
0 0.44476179999999998 0
0 0.44914465999999997 0
0.9796376 0.34527847 0
0 0.48337358000000002 0
0 0.48641836999999999 0
0 0.49682736999999999 0
0 0.50480400000000003 0
0.97948698000000001 0.92456804000000004 0
0 0.51932884000000001 0
0 0.52737951000000005 0
0 0.53256537000000004 0
0.97944162999999995 0.00055245000000000001 0
0 0.54320086999999995 0
0 0.54972856000000003 0
0.98539644000000004 0.80947084999999996 0
0 0.56093826000000002 0
0 0.56192321000000001 0
0 0.57035579000000003 0
0 0.59165458999999998 0
0.98536489999999999 0.09038583 0
0 0.59587498000000005 0
0 0.60717818999999995 0
0 0.62392619000000005 0
0 0.62536782999999996 0
0 0.62741206999999999 0
0 0.63098409 0
0.98533954000000001 0.85767190999999998 0
0 0.64519413999999997 0
0 0.64717393999999995 0
0 0.65458808999999996 0
0 0.67214138000000001 0
0 0.67983508000000004 0
0.98545307999999998 0.11440393 0
0 0.69317218000000003 0
0 0.70239982000000001 0
0 0.71265809000000002 0
0.98547945999999997 0.58726621000000001 0
0 0.73737255999999995 0
0 0.74389161000000004 0
0 0.75056714000000002 0
0 0.77607373000000002 0
0 0.7842846 0
0 0.79750368999999999 0
0 0.81306973999999999 0
0 0.81927410000000001 0
0 0.84327342999999999 0
0 0.84960992999999996 0
0.98552691999999997 0.71752755999999995 0
0 0.86051085999999999 0
0 0.86354865999999997 0
0 0.86784026000000003 0
0 0.87874202000000001 0
0 0.90643302999999997 0
0 0.90888307999999995 0
0 0.91086221999999994 0
0 0.91798047999999999 0
0.98431314999999997 0.94489621000000001 0
0 0.92569420000000002 0
0 0.92759398999999998 0
0 0.94676488000000003 0
0.98431707999999996 0.39051196999999999 0
0.98453928999999996 0.1677717 0
0 0.96258579 0
0 0.97445713 0
0 0.98240812 0
0 0.99646659000000004 0
0.98376854000000002 0.25188765000000002 0
0 1 0
0.98801410000000001 0.53809910000000005 0
2.9519999999999999e-05 0.99151807999999997 0
3.5120000000000003e-05 0.04897166 0
5.2389999999999998e-05 0.75196112000000004 0
9.8809999999999998e-05 0.34149516000000002 0
0.00016726999999999999 0.10781644999999999 0
0.00035204000000000002 0.82146545000000004 0
0.00038831 0.47951399 0
0.00044004999999999999 0.048745440000000001 0
0.00048707999999999998 0.78860567000000004 0
0.98851014999999998 0.33795681 0
0.00052463 0.70984407999999999 0
0.00058828000000000005 0.58724387 0
0.00060939000000000002 0.062828060000000005 0
0.00061782000000000004 0.61517102999999995 0
0.00066169000000000004 0.45030046000000001 0
0.00099559999999999991 0.22208298000000001 0
0.00113327 0.26870983999999998 0
0.00113889 0.13950438000000001 0
0.00116555 0.38886274999999998 0
0.0012412 0.37883438000000003 0
0.98837114000000004 0.11232573 0
0.0012818899999999999 0.63795930000000001 0
0.0012868700000000001 0.70836686000000004 0
0.99392756000000004 0.28446987000000001 0
0.00138415 0.16903004999999999 0
0.0013909 0.16340441 0
0.0013910699999999999 0.26512437999999999 0
0.0014136699999999999 0.63144487999999999 0
0.0014779400000000001 0.89407517999999997 0
0.0015956099999999999 0.82715274999999999 0
0.00160688 1 0
0.00161375 0.68466981000000005 0
0.0016189399999999999 0.93227753999999996 0
0.0016607600000000001 0.60191132000000003 0
0.0016713399999999999 0.28058418000000002 0
0.0018279800000000001 0.24172671000000001 0
0.0018802599999999999 0.78530657999999998 0
0.0019390799999999999 0.55980781999999996 0
0.0019800400000000002 0.52960680000000004 0
0.0020638800000000001 0.80992649000000005 0
0.0020684900000000001 0.56618336000000002 0
0.98792148999999996 0.14076664999999999 0
0.0022000399999999999 0.048243069999999999 0
0.0022324799999999998 0.81753279999999995 0
0.00226603 0.36633326999999999 0
0.0022952599999999999 0.67383238999999995 0
0.0023605900000000001 0.47215520999999999 0
0.0023990499999999998 0.1062258 0
0.00241033 0.36100601999999998 0
0.0024271100000000001 0.3445995 0
0.0024352100000000002 0.55074045999999999 0
0.0025179500000000001 0.58896013999999997 0
0.0026011300000000001 0.25407632000000002 0
0.0027099899999999998 0.73784992999999999 0
0.00279225 0.22368940000000001 0
0.0028641000000000001 0.95103800999999999 0
0.0028694800000000002 0.32568842999999997 0
0.0029802100000000001 0.41208226999999997 0
0.0030286599999999999 0.49080944999999998 0
0.0030341700000000001 0.85685946000000002 0
0.0031047900000000001 0.014480969999999999 0
0.0031779099999999999 0.10615405 0
0.00344553 0.17829587999999999 0
0.00346263 0.72533658999999995 0
0.0034868500000000001 0.22811903 0
0.0035370699999999998 0.74431102999999998 0
0.0035641599999999998 0.66549365000000005 0
0.0036283700000000001 0.15213061999999999 0
0.0036600700000000001 0.94562378000000002 0
0.0037536399999999999 0.75599934999999996 0
0.0038389800000000001 0.98523227000000002 0
0.0038671700000000001 0.70414209999999999 0
0.0039128599999999998 0.25266311000000002 0
0.0039356 0.93136260000000004 0
0.0039963100000000003 0.85702279000000003 0
0.0040218199999999997 0.42309716000000003 0
0.0040686699999999999 0.49235602000000001 0
0.0040729399999999997 0.81751052999999996 0
0.00412123 0.12467122 0
0.0041846499999999998 0.16412098999999999 0
0.0044335499999999996 0.49874478 0
0.0044985499999999996 0.35564919 0
0.0045712799999999996 0.052653060000000002 0
0.0046015700000000001 0.14046624999999999 0
0.0046101600000000003 0.56684407000000003 0
0.0047711200000000002 0.62132038999999994 0
0.0047790200000000001 0.49436237 0
0.0048583999999999997 0.52283742 0
0.0048651099999999997 0.90525352000000003 0
0.0049073299999999997 0.18181404000000001 0
0.0049659099999999996 0.18962628000000001 0
0.0049784499999999997 0.90345892000000005 0
0.0051130899999999998 0.11104532 0
0.0051499900000000001 0.91010764 0
0.0052255299999999999 0.10178411 0
0.0052518799999999996 0.93367394000000004 0
0.0052769100000000001 0.97221497000000001 0
0.0052897300000000003 0.59635042000000005 0
0.0053788400000000002 0.11063041 0
0.0053873599999999999 0.64943165999999997 0
0.00545 0.91042531000000004 0
0.0055395699999999997 0.53572368000000004 0
0.0055882800000000002 0.66432374000000005 0
0.0056465400000000002 0.80685320999999999 0
0.0056663900000000003 0.94113853000000003 0
0.0057321999999999998 0 0
0.0057695799999999998 0.0796761 0
0.0058594399999999996 0.070618700000000006 0
0.0059468999999999998 0.0909832 0
0.0059611200000000003 0.88972790000000002 0
0.0060341700000000002 0.91191549000000005 0
0.0060483200000000003 0.41421619999999998 0
0.0060937400000000003 0.92779383999999998 0
0.0061277199999999997 0.63499967999999996 0
0.0064501000000000003 0.43253588999999998 0
0.0064663899999999998 0.61302793 0
0.0064947499999999997 0.48738218999999999 0
0.0065032700000000002 0.22470344 0
0.0065128 0.40749612000000002 0
0.0065570999999999997 0.16827159 0
0.0065973899999999999 0.14702633000000001 0
0.0067092699999999998 0.57504822 0
0.0067277300000000003 0.025292510000000001 0
0.0067384699999999999 0.65423355999999999 0
0.0068019899999999999 0.18543957999999999 0
0.0068698500000000003 0.10789003 0
0.0069015999999999999 0.37307557000000002 0
0.0069490699999999999 0.44438044999999998 0
0.0069952699999999996 0.37717917000000001 0
0.0070844100000000002 0.47563808000000002 0
0.0071287800000000004 0.71457409000000005 0
0.0071431799999999998 0.13814525999999999 0
0.0071830000000000001 0.45834489 0
0.0071914500000000003 0.89085826000000001 0
0.0074004400000000003 0.62843313999999995 0
0.0074125600000000003 0.30740343999999997 0
0.0074458500000000004 0.93150235999999997 0
0.0074933999999999999 0.50890400999999996 0
0.0075031100000000003 0.30037429999999998 0
0.0075216800000000002 0.77267755000000005 0
0.0077429700000000001 0.97163770999999999 0
0.0077921900000000001 0.75030045000000001 0
0.0078131999999999993 0.42431212000000001 0
0.0079232699999999996 0.48740198000000001 0
0.0079344700000000008 0.68124567000000003 0
0.0079528099999999994 0.20609884000000001 0
0.0080166899999999999 0.37667531999999998 0
0.00810372 0.40771835000000001 0
0.0081416000000000006 0.79773428999999996 0
0.0081830700000000006 0.19491506 0
0.0082401599999999998 0.13695115999999999 0
0.0083180600000000004 0.62540306000000001 0
0.0083890700000000002 0.96774055000000003 0
0.0086192500000000002 0.59846299999999997 0
0.0089092200000000007 0.34455075000000002 0
0.0090993500000000008 0.18855350000000001 0
0.0092356499999999998 0.85143511999999999 0
0.0094493200000000006 0.70831286000000004 0
0.0094754899999999996 0.091357090000000002 0
0.0095313800000000008 0.36571491 0
0.0095381600000000004 0.54091498999999998 0
0.0095484699999999999 0.66282474000000002 0
0.00980783 0.0063349499999999998 0
0.0099171299999999997 0.34071265000000001 0
0.0099310700000000002 0.94762745000000004 0
0.0099546400000000007 0.48724772 0
0.01001811 0.094519539999999999 0
0.010029669999999999 0.28430086999999998 0
0.010089000000000001 0.2472635 0
0.010162819999999999 0.084417800000000001 0
0.01039998 0.83437863999999995 0
0.010424009999999999 0.24994817 0
0.010591969999999999 0.056816949999999998 0
0.01062914 0.55560463999999998 0
0.01066566 0.33554708 0
0.01070806 0.86768948000000001 0
0.01076993 0.48690934000000002 0
0.01077709 0.93852150000000001 0
0.01088572 0.51548775000000002 0
0.010951499999999999 0.77711439999999998 0
0.011046169999999999 0.88076505000000005 0
0.011101639999999999 0.41178368999999998 0
0.011119169999999999 0.68052970000000002 0
0.01119882 0.58217887999999995 0
0.011378640000000001 0.63883694999999996 0
0.011392380000000001 0.92991409000000003 0
0.01142541 0.27542056999999998 0
0.011465339999999999 0.64939838000000005 0
0.01155918 0.98927781000000004 0
0.01159817 0.97582639999999998 0
0.011613119999999999 0.97909489999999999 0
0.01167347 0.59439030999999998 0
0.01174558 0.55513548999999995 0
0.011771520000000001 0.67349177999999998 0
0.011817350000000001 0.0022714800000000002 0
0.01182826 0.48255805000000002 0
0.011867920000000001 0.090315010000000001 0
0.011941530000000001 0.97303359 0
0.01200115 0.26591157999999998 0
0.98853391000000002 0.80466744999999995 0
0.0120508 0.45389373999999999 0
0.01205257 0.16171820000000001 0
0.01210724 0.98517814000000004 0
0.012216039999999999 0.35318934000000002 0
0.01227546 0.20883188999999999 0
0.01244953 0.92239890000000002 0
0.01245488 0.35853768000000003 0
0.0125136 0.87703023999999996 0
0.012542579999999999 0.94244843 0
0.01256912 0.12292781 0
0.012701509999999999 0.91499744000000005 0
0.01275282 0.27896893 0
0.012816950000000001 0.32925715999999999 0
0.0128188 0.69264862999999999 0
0.98866151999999996 0.62621433999999998 0
0.012865089999999999 0.18725078000000001 0
0.0129459 0.11514827 0
0.013027230000000001 0.83484066999999995 0
0.01309776 0.95618179999999997 0
0.013125589999999999 1 0
0.013133260000000001 0.59801855000000004 0
0.01315769 0.74627078000000002 0
0.013184329999999999 0.37171115999999998 0
0.013216820000000001 0.26119027 0
0.01329468 0.24809827000000001 0
0.01335076 0.94521705 0
0.013431759999999999 0.14780304 0
0.013512629999999999 0.26847124999999999 0
0.01360981 0.56723765999999998 0
0.013794549999999999 0.31580592000000002 0
0.013811199999999999 0.048395750000000001 0
0.01391657 0.87241959999999996 0
0.013925359999999999 0.29164155000000003 0
0.01406781 0.76012232999999996 0
0.014070559999999999 0.48137217999999998 0
0.01418024 0.47527937999999997 0
0.01421239 0.49665071999999999 0
0.014301009999999999 0.52229685000000003 0
0.014306940000000001 0.92976844999999997 0
0.01432859 0.72632843000000002 0
0.014356030000000001 0.78689483000000005 0
0.98791965000000004 0.29681391000000001 0
0.01452676 0.11933009999999999 0
0.01460502 0.47295182000000002 0
0.014626409999999999 0.46254024999999999 0
0.01466363 0.40888731 0
0.01476126 0.76815953999999997 0
0.014826860000000001 0.45958078000000002 0
0.01495851 0.77894852999999997 0
0.0149777 0.62714188000000004 0
0.01498849 0.34484140000000002 0
0.01499616 0.092606789999999994 0
0.01501153 0.52619468000000003 0
0.99391088999999999 0.87036256000000001 0
0.01508762 0.88645293000000003 0
0.01514132 0.44359893 0
0.01520529 0.71262751000000002 0
0.01523684 0.099405370000000007 0
0.01525249 0.39320440000000001 0
0.01543752 0.60229714000000001 0
0.015540999999999999 0.23186106000000001 0
0.01554467 0.70273220999999997 0
0.01556166 0.25983023 0
0.015601250000000001 0.66397516999999995 0
0.015662880000000001 0.66585123999999996 0
0.015781839999999998 0.24772401999999999 0
0.0158078 0.23579581999999999 0
0.98383054999999997 0.64562907999999997 0
0.98411709000000003 0.54629899999999998 0
0.99441394000000005 0.46615201000000001 0
0.016231949999999998 0.73702034000000005 0
0.01632786 0.27165663000000001 0
0.016350920000000001 0.14068927000000001 0
0.016367940000000001 0.95667248000000005 0
0.016427110000000002 0.90104253999999995 0
0.016443889999999999 0.81581022999999997 0
0.016443889999999999 0.91962522999999996 0
0.016456129999999999 0.49196197000000003 0
0.016457030000000001 0.20070899 0
0.016536390000000002 0.43474717000000002 0
0.016632350000000001 0.55888077000000003 0
0.016649199999999999 0.48063310999999997 0
0.01669491 0.82126993999999998 0
0.016783949999999999 0.76404362999999997 0
0.016791150000000001 0.58831657000000004 0
0.016873200000000001 0.28033078 0
0.01690968 0.74903275999999996 0
0.016911160000000001 0.45717133999999998 0
0.016918490000000001 0.88420825000000003 0
0.017021560000000002 0.10954716 0
0.01711439 0.0047526399999999998 0
0.017117790000000001 0.29569489999999998 0
0.99572411999999999 0.55630586999999998 0
0.01725252 0.80690251999999996 0
0.01737814 0.90530292000000001 0
0.01749446 0.36431507000000002 0
0.98862088999999997 0.80987204999999995 0
0.99565265000000003 0.59735026999999996 0
0.01753656 0.73050738999999998 0
0.017617569999999999 0.51856139999999995 0
0.01764777 0.70168651000000004 0
0.017656209999999999 0.48149452999999998 0
0.017729869999999998 0.045562829999999999 0
0.017776799999999999 0.12655593000000001 0
0.01793695 0.62625847000000001 0
0.01796588 0.68104611999999998 0
0.018428569999999998 0.33321669999999998 0
0.01846165 0.98179782000000004 0
0.018521470000000002 0.88501037000000005 0
0.018528949999999999 0.35827617 0
0.01853376 0.30816130000000003 0
0.018549670000000001 0.43288463999999999 0
0.018731020000000001 0.93934832999999995 0
0.018769750000000002 0.32760642000000001 0
0.018770729999999999 0.69719757000000004 0
0.01880826 0.86033448999999995 0
0.01882611 0.91263928999999999 0
0.018856310000000001 0.71739805000000001 0
0.018874220000000001 0.32808605000000002 0
0.018882469999999998 0.48227777999999999 0
0.018976380000000001 0.81355401000000005 0
0.018987810000000001 0.24624873 0
0.019065740000000001 0.42495896999999999 0
0.019212549999999998 0.43613909000000001 0
0.01922198 0.85091583000000004 0
0.019228039999999998 0.82496091000000005 0
0.019233500000000001 0.64469370999999998 0
0.019292480000000001 0.44937634999999998 0
0.019357139999999998 0.25259612999999997 0
0.0195666 0.87930244999999996 0
0.019605290000000001 0.63195376999999997 0
0.019671109999999999 0.66369893999999996 0
0.019761029999999999 0.43004649 0
0.01983408 0.81675386000000005 0
0.01991973 0.60903149000000001 0
0.01994429 0.37555336 0
0.020001410000000001 0.10972265 0
0.020041949999999999 0.37565805000000002 0
0.020152509999999998 0.91780368999999995 0
0.020158240000000001 0.33561803000000001 0
0.02018932 0.11563851999999999 0
0.020232239999999999 0.84779579999999999 0
0.02028727 0.90888526000000003 0
0.020349869999999999 0.97815576000000004 0
0.020392589999999999 0.37068452000000002 0
0.020421109999999999 0.040682019999999999 0
0.020504060000000001 0.15156442000000001 0
0.020706809999999999 0.67199112999999999 0
0.020769059999999999 0.77690672000000005 0
0.020808150000000001 0.23581796999999999 0
0.020880240000000001 0.041039190000000003 0
0.020883639999999998 0.039692369999999998 0
0.020941919999999999 0.19818359999999999 0
0.021379749999999999 0.81703448000000001 0
0.021426560000000001 0.20829400000000001 0
0.02147802 0.50595356000000002 0
0.02149102 0.13238849 0
0.021555600000000001 0.61072121000000001 0
0.02157067 0.2938656 0
0.021692240000000002 0.75897535000000005 0
0.021801770000000002 0.11961816 0
0.02187368 0.10174147 0
0.021919480000000002 0.080636280000000005 0
0.021933310000000001 0.31435232000000002 0
0.022055580000000002 0.42360713999999999 0
0.98809115000000003 0.44039932999999998 0
0.022117999999999999 0.042762920000000003 0
0.022196529999999999 0.92706480000000002 0
0.022198659999999999 0.61687349000000002 0
0.022266210000000002 0.83255906000000002 0
0.022366219999999999 0.65313105999999999 0
0.022642010000000001 0.47529838000000002 0
0.022677320000000001 0.59399632999999996 0
0.022679620000000001 0.27874195000000002 0
0.02271331 0.37338567 0
0.022775630000000002 0.15107311000000001 0
0.022967939999999999 0.87472145000000001 0
0.022979639999999999 0.0032885599999999998 0
0.02303084 0.10655703 0
0.023169889999999999 0.50108518000000002 0
0.02329873 0.042254930000000003 0
0.02330925 0.92648543000000005 0
0.023386259999999999 0.71418110999999995 0
0.023409940000000001 0.62455729000000004 0
0.023582809999999999 0.96435342999999996 0
0.0236022 0.15379390000000001 0
0.02363146 0.25318023000000001 0
0.023863909999999999 0.13476352 0
0.02388098 0.43666161999999997 0
0.02389496 0.96955024000000001 0
0.023955730000000001 0.10922853 0
0.024008310000000001 0.29891262000000002 0
0.02415726 0.00097530000000000002 0
0.02421746 0.90093572 0
0.024280590000000001 0.89868148999999997 0
0.024417350000000001 0.5716985 0
0.024457659999999999 0.45495183 0
0.024458839999999999 0.50367364999999997 0
0.024481860000000001 0.043418749999999999 0
0.024592280000000001 0.73107385999999996 0
0.024662679999999999 0.44732673000000001 0
0.02468536 0.16668694000000001 0
0.024742 0.67127497999999997 0
0.02474531 0.63676518000000004 0
0.024753460000000001 0.73503185000000004 0
0.024835940000000001 0.22951928999999999 0
0.024915280000000001 0.25550700999999998 0
0.02499465 0.78812826999999996 0
0.02500136 0.72768922000000003 0
0.025047779999999999 0.094984330000000006 0
0.025059870000000001 0.76350273999999996 0
0.025238190000000001 0.77197842999999999 0
0.025292889999999998 0.79049484999999997 0
0.025403530000000001 0.13764510999999999 0
0.025462019999999998 0.67978680999999996 0
0.025488150000000001 0.91400004000000001 0
0.025577180000000001 0.79562927000000006 0
0.025587019999999999 0.024331620000000002 0
0.02558703 0.47276433000000001 0
0.025599719999999999 0.18582709 0
0.025662290000000001 0.15936495000000001 0
0.025735290000000001 0.59405993999999995 0
0.025768989999999999 0.12809197999999999 0
0.99565272999999999 0.17061056999999999 0
0.02582624 0.36810409999999999 0
0.025923410000000001 0.85387654999999996 0
0.025926379999999999 0.3202257 0
0.025998070000000002 0.68424954000000004 0
0.026012360000000002 0.33926003999999998 0
0.02602463 0.95566381 0
0.026065939999999999 0.10875514 0
0.026076249999999999 0.38875273999999999 0
0.98726033000000002 0.36621555 0
0.02617417 0.55414529999999995 0
0.026175899999999998 0.73430311000000004 0
0.02620167 0.80227802000000004 0
0.026235189999999999 0.97784057000000002 0
0.026361140000000002 0.092189759999999996 0
0.026409350000000002 0.31185246 0
0.026414070000000001 0.96974969 0
0.026442630000000002 0.44011488999999998 0
0.026598839999999999 0.66486193999999998 0
0.0266284 0.98304758000000003 0
0.02663012 0.086434830000000004 0
0.026694720000000002 1 0
0.026745560000000002 0.60541005999999997 0
0.02678813 0.60882804999999995 0
0.026877390000000001 0.50821700000000003 0
0.026968760000000001 0.69180889000000001 0
0.027038449999999999 0.89794996000000005 0
0.02711067 0.24487028999999999 0
0.027111619999999999 0.49580380000000002 0
0.02712003 0.48325702999999998 0
0.02713343 0.58241845999999997 0
0.027169749999999999 0.93810605999999996 0
0.027259490000000001 0.97006729000000003 0
0.027263920000000001 0.10808131999999999 0
0.02729728 0.29998143999999999 0
0.027318660000000002 0.73729637000000003 0
0.027408200000000001 0.018474689999999998 0
0.027553319999999999 0.86939575000000002 0
0.02755761 0.02151985 0
0.027573810000000001 0.35294931000000002 0
0.027738769999999999 0.87783644000000005 0
0.027739960000000001 0.60308543000000003 0
0.027755330000000002 0.54685326999999995 0
0.027782169999999998 0.43718004999999999 0
0.027909880000000001 0.91439945 0
0.02791213 0.33506532999999999 0
0.02796454 0.98722703000000001 0
0.027968679999999999 0.20199121 0
0.02800884 0.34090701000000001 0
0.028169969999999999 0.96316975000000005 0
0.028196639999999999 0.0015528899999999999 0
0.028283050000000001 0.067382929999999994 0
0.028327120000000001 0.92061289000000002 0
0.99454012000000003 1 0
0.0284809 0.23936735000000001 0
0.028625890000000001 0.05522581 0
0.028648949999999999 0.21873268000000001 0
0.98854023000000002 0.22949263 0
0.02869551 0.86621360000000003 0
0.02872222 0.35665379000000003 0
0.02879965 0.38140597999999998 0
0.02881591 0.36351340999999998 0
0.028834749999999999 0.41627227999999999 0
0.98810500999999995 0.53667381000000003 0
0.028913299999999999 0.76807877999999996 0
0.028982000000000001 0.79219200999999995 0
0.02898858 0.44708492999999999 0
0.02901306 0.62190937000000002 0
0.02937159 0.36194157999999998 0
0.029395850000000001 0.021614040000000001 0
0.029469760000000001 0.74290157999999995 0
0.029604189999999999 0.94962131999999999 0
0.029605030000000001 0.45324268000000001 0
0.02966543 0.65096611000000004 0
0.02967523 0.29975934999999998 0
0.029677640000000002 0.020894469999999998 0
0.029716369999999999 0.40810279999999999 0
0.029736329999999998 0.23354570999999999 0
0.029761530000000001 0.37294704000000001 0
0.029846830000000001 0.042679630000000003 0
0.02993728 0.91876745999999998 0
0.029986260000000001 0.58452210000000004 0
0.030096009999999999 0.72666573999999995 0
0.030147130000000001 0.42604361000000002 0
0.030186689999999999 0.56937393999999997 0
0.030195679999999999 0.074584780000000003 0
0.030242789999999999 0.24990378999999999 0
0.030371619999999998 0.30950864 0
0.030412930000000001 0.80450107999999998 0
0.030519540000000001 0.84262181999999997 0
0.03076477 0.30032689000000001 0
0.030776439999999999 0.019938270000000001 0
0.030787209999999999 0.72411208000000005 0
0.030813210000000001 0.93342541999999995 0
0.03086303 0.79707159999999999 0
0.03101344 0.076710769999999998 0
0.031131570000000001 0.3194051 0
0.03121614 0.93260958000000005 0
0.031219650000000002 0.78980664 0
0.031256289999999999 0.38966181 0
0.031293700000000001 0.11085083 0
0.031325079999999998 0.49099888000000003 0
0.03142358 0.34511392000000002 0
0.031533279999999997 0.90532011999999995 0
0.031707340000000001 0.74755992000000004 0
0.031866249999999999 0.84025682000000002 0
0.0319276 0.085563189999999997 0
0.031928339999999999 0.81156669000000003 0
0.031953219999999997 0.22177793000000001 0
0.032041199999999999 0.18063369000000001 0
0.032126330000000002 0.86702992000000001 0
0.032154080000000002 0.52606328000000002 0
0.03218969 0.37704454999999998 0
0.032251349999999998 0.88653842000000005 0
0.032571849999999999 0.66290484000000005 0
0.032638180000000003 0.60557364000000002 0
0.03269623 0.079225690000000001 0
0.032756170000000001 0.33257463999999998 0
0.03276047 0.23165516999999999 0
0.032773139999999999 0.73697564999999998 0
0.032873720000000002 0.28171141 0
0.032947400000000002 0.01032831 0
0.032989089999999999 0.62477653 0
0.033008469999999998 0.23242468999999999 0
0.033022450000000002 0.42285128 0
0.033101970000000001 0.92521998999999999 0
0.033117840000000003 0.53576332999999998 0
0.033179599999999997 0.72141255999999998 0
0.033186750000000001 0.38532256999999998 0
0.033190699999999997 0.21341060000000001 0
0.033230379999999997 0.12908225000000001 0
0.033240069999999997 0.15817880000000001 0
0.033536580000000003 0.19195981000000001 0
0.033576109999999999 0.094923259999999995 0
0.033673090000000003 0.082806240000000003 0
0.033727109999999998 0.58835391000000004 0
0.033784109999999999 0.33961131999999999 0
0.033816529999999997 0.95864989 0
0.033911459999999997 0.50732924000000001 0
0.033971420000000002 0.28536625999999998 0
0.033989239999999997 0.71742024999999998 0
0.034022299999999998 0.94261980999999995 0
0.034050160000000003 0.83051417000000005 0
0.034056210000000003 0.73775579999999996 0
0.034111750000000003 0.25705644 0
0.034186109999999999 0.60462864999999999 0
0.034257660000000002 0.42440945000000002 0
0.034315070000000003 0.29240513000000001 0
0.03433216 0.91891655999999999 0
0.034352180000000003 0.099280229999999997 0
0.034353450000000001 0.61747547000000003 0
0.034440529999999997 0.50629851999999997 0
0.034482810000000003 0.15027631999999999 0
0.034534450000000001 0.074574319999999999 0
0.034551409999999998 0.32264157999999998 0
0.034563829999999997 0.98808098 0
0.034656770000000003 0.024018749999999998 0
0.034698350000000003 0.54949826000000002 0
0.034700990000000001 0.48256051999999999 0
0.034733840000000002 0.44368934999999998 0
0.034871930000000002 0 0
0.034874040000000002 0.94601692999999998 0
0.035017899999999998 0.42730950000000001 0
0.035026210000000002 0.36117220999999999 0
0.035081899999999999 0.93462329 0
0.035155310000000002 0.93281201999999996 0
0.035259220000000001 0.30967011 0
0.035320699999999997 0.28473369999999998 0
0.035505380000000003 0.87986801999999997 0
0.0355993 0.21847546000000001 0
0.035616309999999998 0.51785882000000005 0
0.035804870000000003 0.67120904000000003 0
0.03582685 0.72591760999999999 0
0.03588943 0.61298931000000001 0
0.035922429999999998 0.067044090000000001 0
0.035965150000000001 0.32224354999999999 0
0.035972610000000002 0.97600765 0
0.03599753 0.51468771000000002 0
0.036004500000000002 0.61172400000000005 0
0.036018309999999998 0.11878714 0
0.036202720000000001 0.15581333999999999 0
0.036281470000000003 0.73953310999999999 0
0.036341940000000003 0.73138524999999999 0
0.036447109999999998 0.38277177000000001 0
0.036541070000000002 0.36798594000000001 0
0.036663220000000003 0.36871957999999999 0
0.036700299999999998 0.98625238000000004 0
0.036891739999999999 0.98508651000000003 0
0.036924619999999998 0.30758601000000002 0
0.036966279999999997 0.76947502999999995 0
0.037012089999999997 0.59734379999999998 0
0.037030649999999998 1 0
0.037056859999999997 0.94260341000000003 0
0.037093540000000001 0.99626870999999995 0
0.037107269999999998 0.48190897999999999 0
0.037333539999999998 0.12198607 0
0.037371389999999997 0.73448838999999999 0
0.037456429999999999 0.44747893 0
0.037456610000000001 0.26899118 0
0.037477000000000003 0.41291287999999998 0
0.037511709999999997 0.78568985000000002 0
0.037523649999999999 0.57534372 0
0.037533289999999997 0.45550647 0
0.037558399999999999 0.95038988999999996 0
0.03756868 0.92233533000000001 0
0.037578109999999998 0.45004190999999999 0
0.037672749999999998 0.91726315999999997 0
0.037854890000000002 0.62953968999999999 0
0.037876100000000003 0.75112869999999998 0
0.037884010000000003 0.4791649 0
0.037887700000000003 0.60034456999999997 0
0.037915450000000003 0.72913099000000003 0
0.037962469999999998 0.66356008 0
0.038118539999999999 0.059406760000000003 0
0.038300720000000003 0.37860568999999999 0
0.038379940000000001 0.049553850000000003 0
0.038409600000000002 0.76638987999999997 0
0.038418809999999998 0.55319832000000002 0
0.038648429999999998 0.21339183 0
0.038846859999999997 0.047140469999999997 0
0.038862910000000001 0.95653531999999997 0
0.038873390000000001 0.29651994999999998 0
0.038901690000000003 0.36063299999999998 0
0.038931769999999997 0.20805904 0
0.03900149 0.70038725000000002 0
0.039109610000000003 0.4228073 0
0.039146300000000002 0.091087609999999999 0
0.039189120000000001 0.87350616999999997 0
0.039264970000000003 0.81945299000000005 0
0.039305189999999997 0.58178967999999998 0
0.039532699999999997 0 0
0.039543519999999999 0.02073674 0
0.039570969999999997 0.33853608000000002 0
0.039581329999999998 0.63674564 0
0.039665550000000001 0.78088678 0
0.039668349999999998 0.023403770000000001 0
0.03968112 0.060827159999999998 0
0.98878944000000002 0.68975056999999995 0
0.039795329999999997 0.88828488999999999 0
0.039854479999999998 0 0
0.039978 0.84121807000000004 0
0.040022870000000002 0.87209060999999999 0
0.040052039999999997 0.39576696 0
0.04008867 0.61866209000000005 0
0.040117720000000003 0.31905302000000002 0
0.040182250000000003 0.71921373 0
0.0402174 0.87244759000000005 0
0.98681934000000004 0.73223877000000004 0
0.040238969999999999 0.82055716000000001 0
0.040275730000000003 0.31503999999999999 0
0.040303119999999998 0.74284974999999998 0
0.040393989999999998 0.29284172000000003 0
0.040537570000000002 0.60729637000000003 0
0.040593089999999998 0.36767907999999999 0
0.040736389999999997 0.36949334 0
0.040740350000000002 0.89556528000000002 0
0.040768770000000003 0.20592615 0
0.040768800000000001 0.64626569 0
0.040790559999999997 0.88426709000000003 0
0.040808120000000003 0.94089727999999995 0
0.040864360000000002 0.96925362000000004 0
0.040901100000000003 0.51636243000000004 0
0.040913369999999998 0.074842210000000006 0
0.040941600000000002 0.86317233000000004 0
0.040949840000000001 0.84901877000000003 0
0.99426486000000003 0.35973119999999997 0
0.041078450000000002 0.26150256999999999 0
0.04110105 0.63796713000000005 0
0.041104160000000001 0.99388818000000001 0
0.041206340000000001 0.23241079000000001 0
0.041270969999999997 0.38812985 0
0.041404870000000003 0.51212272000000003 0
0.04145923 0.28243084000000002 0
0.041652450000000001 0.86150198 0
0.041816079999999999 0.22779909000000001 0
0.041842530000000003 0.96692 0
0.042034740000000001 0.82762842000000003 0
0.042079730000000003 0.62453614000000002 0
0.042134360000000003 0.83023435999999995 0
0.042244709999999998 0.90617113000000005 0
0.042381050000000003 0.72167068999999995 0
0.042382080000000003 0.71731906999999995 0
0.042385350000000002 0.60759719000000001 0
0.042492240000000001 0.52948359 0
0.042517310000000003 0.73295842 0
0.042568479999999999 0.086078989999999994 0
0.042574550000000003 0.66593239000000004 0
0.042600310000000002 0.01474374 0
0.04270815 0.45856745999999998 0
0.042763610000000001 0.13132482000000001 0
0.042777889999999999 0.60636920000000005 0
0.042836270000000003 0.40390448000000001 0
0.042897690000000002 0.36575489 0
0.042934029999999998 0.89110732000000004 0
0.043067080000000001 0.15467162000000001 0
0.043128640000000003 0.39846282 0
0.043132629999999998 0.38760736000000001 0
0.043132980000000001 0.27139444000000001 0
0.043135960000000001 0.69089568999999995 0
0.043221170000000003 0.56337453000000004 0
0.043261309999999997 0.12382389000000001 0
0.043266770000000003 0.092399519999999999 0
0.043406220000000002 0.23880266 0
0.043438549999999999 0.50611001 0
0.043477189999999999 0.30902254000000001 0
0.043704560000000003 0.27361150000000001 0
0.99428888000000004 0.63835235999999995 0
0.043772239999999997 0.68484413 0
0.043788630000000002 0.93236604999999995 0
0.043864220000000002 0.024227350000000002 0
0.043909589999999998 0.050998050000000003 0
0.043910909999999997 0.43855231 0
0.043944219999999999 0.57753365999999995 0
0.044313110000000003 0.87997643999999997 0
0.044374219999999999 0.018817770000000001 0
0.044391180000000002 0.79600291000000001 0
0.04441295 0.64050048000000004 0
0.044520219999999999 0.21628595 0
0.044551750000000001 0.11018814 0
0.044558239999999999 0.01481385 0
0.044603770000000001 0.19066346000000001 0
0.044637259999999998 0.88950381000000001 0
0.044654220000000001 0.15731323999999999 0
0.044666160000000003 0.95701930000000002 0
0.0447274 0.61792128000000002 0
0.044836500000000001 0.46215298999999999 0
0.044879549999999997 0.85371865000000002 0
0.044891939999999998 0.15453138 0
0.04499044 0.57577670000000003 0
0.045133489999999998 0.0033768499999999998 0
0.04517467 0.19257958999999999 0
0.045203189999999997 0.64786637000000002 0
0.045210239999999999 0.30879580000000001 0
0.045265079999999999 0.36590798000000002 0
0.045393379999999997 0.86367075999999998 0
0.045425979999999998 0.60858276 0
0.045496540000000002 0.17746497999999999 0
0.045585349999999997 0.94395912000000004 0
0.045586260000000003 0.32366913000000003 0
0.045600069999999999 0.49880116000000002 0
0.045608179999999998 0.29455269000000001 0
0.045805020000000002 0.90119685999999999 0
0.045812430000000001 0.74026307999999996 0
0.045813 0.42836897000000002 0
0.04592533 0.12200747000000001 0
0.045934639999999999 0.46156276000000002 0
0.045960349999999997 0.35811900000000002 0
0.045987189999999997 0.69443792000000004 0
0.046004910000000003 0.15628796 0
0.046027449999999998 0.092565179999999997 0
0.046219929999999999 0.57055526999999995 0
0.046245889999999998 0.44010241999999999 0
0.046271359999999997 0.16830175999999999 0
0.046284840000000001 0.98659441000000003 0
0.046311419999999999 0.50650532000000004 0
0.046373860000000003 0.97836743000000004 0
0.046416600000000002 0.73859706000000003 0
0.046450779999999997 0.41309038999999997 0
0.046530950000000001 0.41333083999999998 0
0.046568869999999998 0.27339975 0
0.046634540000000002 0.099510660000000001 0
0.046720879999999999 0.43784563999999998 0
0.046746719999999999 0.67764866000000001 0
0.046828700000000001 0.31777904000000001 0
0.046894169999999999 0.57687907000000005 0
0.046936489999999997 0.03311103 0
0.046970350000000001 0.39387640000000002 0
0.04699677 0.59655807000000005 0
0.047195340000000002 0.84380719000000004 0
0.04720419 0.78843162 0
0.047429640000000002 0.93426107000000003 0
0.047517129999999998 0.73921393000000002 0
0.047555340000000001 0.96064205999999996 0
0.047605740000000001 0.71470137 0
0.047662219999999998 0.72832456000000001 0
0.047665689999999997 0.26867497000000001 0
0.047709519999999998 0.23444406000000001 0
0.047735029999999998 0.01601737 0
0.047908249999999999 0.82190576999999998 0
0.048007979999999999 0.65696102000000001 0
0.04824962 0.86754883999999999 0
0.048281369999999997 0.071574550000000001 0
0.048306429999999997 0.42042512999999998 0
0.048363030000000001 0.98217798999999995 0
0.048380579999999999 0.57420567 0
0.048382050000000003 0.59451860000000001 0
0.048485840000000002 0.049239039999999998 0
0.048520389999999997 0.20968502 0
0.048551240000000002 0.12919396999999999 0
0.048564179999999998 0.99571514000000005 0
0.04859078 0.29495071 0
0.048603880000000002 0.56691093999999997 0
0.048609260000000001 0.84918262 0
0.04862184 0.22956341 0
0.048665769999999997 0.40275674 0
0.048668490000000002 0.71690036999999995 0
0.04872046 0.17356104 0
0.048754569999999997 0.72097571999999999 0
0.04877563 0.71940707999999998 0
0.048794709999999998 0.79428145000000006 0
0.048799210000000003 0.088960600000000001 0
0.048830320000000003 0.65473767000000005 0
0.048839920000000002 0.90670351999999999 0
0.048885400000000002 0.12389612999999999 0
0.048890099999999999 0.94565332999999996 0
0.048895719999999997 0.57886543000000001 0
0.048971510000000003 0.50115569999999998 0
0.049039319999999997 0.37160264999999998 0
0.04905371 0.39981803999999999 0
0.049059169999999999 0.91005013000000001 0
0.049122609999999997 0.24753285999999999 0
0.049127589999999999 0.26994417999999998 0
0.04921735 0.36015459999999999 0
0.049225489999999997 0.09209407 0
0.049255800000000002 0.89150242000000002 0
0.049376700000000003 0.065121180000000001 0
0.04940373 0.65297002999999998 0
0.04948002 0.26481489000000002 0
0.049519380000000002 0.35073599 0
0.049560050000000001 0.67555010999999998 0
0.049609279999999999 0.75190168000000002 0
0.049653219999999998 0.96515455999999999 0
0.049665319999999999 0.97965420000000003 0
0.049666139999999998 0.12707202000000001 0
0.049700149999999998 0.17569456 0
0.049717909999999997 0.71194049999999998 0
0.049728639999999998 0.14657904999999999 0
0.049799459999999997 0.85811976999999995 0
0.049875509999999998 0.90990992000000004 0
0.049897270000000001 0.58404277000000004 0
0.049908340000000002 0.30382933000000001 0
0.049917410000000002 0.27715866 0
0.049998670000000002 0.57407989000000004 0
0.99399654999999998 0.26517945999999998 0
0.050101029999999998 0.98332143000000005 0
0.050110250000000002 0.19658605000000001 0
0.050162350000000001 0.40996433999999998 0
0.050249349999999998 0.82503104999999999 0
0.050251049999999998 0.42500487999999997 0
0.050289050000000002 0.23066421000000001 0
0.050379729999999998 0.89454557999999995 0
0.05046606 0.035386529999999999 0
0.050580640000000003 0.42759856000000002 0
0.050585060000000001 0.47761661999999999 0
0.050591539999999997 0.68977052999999999 0
0.0506951 0.80391190999999995 0
0.98683889999999996 0.1431867 0
0.050745650000000003 0.83937868000000004 0
0.050752499999999999 0.90342531999999998 0
0.050795729999999997 0.51634718000000002 0
0.050956109999999999 0.11282059 0
0.050972160000000002 0.70890922000000001 0
0.05098403 0.61029520999999998 0
0.051001110000000002 1 0
0.051040460000000003 0.86452419000000003 0
0.05104885 0.50764642000000004 0
0.05107254 0.68752528999999996 0
0.0511169 0 0
0.051141239999999998 0.47024197000000001 0
0.051153499999999998 0.81336008000000004 0
0.051194719999999999 0.70594325999999996 0
0.0512173 0.64564343999999996 0
0.051333480000000001 0.34065337000000001 0
0.05148925 0.87895069999999997 0
0.051518840000000003 0.8171195 0
0.051638330000000003 0.30768179000000001 0
0.051958989999999997 0.67748317000000002 0
0.05196626 0.98858411999999996 0
0.05210882 0.69698174000000002 0
0.052180209999999998 0.42964783000000001 0
0.052245029999999998 0.36270707000000002 0
0.052287710000000001 0.53023591999999997 0
0.052321670000000001 0.66249842999999997 0
0.052333900000000003 0.015329870000000001 0
0.052355779999999998 0.36344407000000001 0
0.052362730000000003 0.98581401999999996 0
0.052368720000000001 0.44971346000000001 0
0.052434639999999998 0.46162607999999999 0
0.0525201 0.079768790000000006 0
0.052535030000000003 0.81701517000000001 0
0.052631589999999999 0.97672572999999996 0
0.052635170000000002 0.87810440999999995 0
0.052765769999999997 0.19783981 0
0.052781509999999997 0.34421787999999998 0
0.05281512 0.76686251000000005 0
0.053096499999999998 0.87492681000000005 0
0.05315901 0.91369060000000002 0
0.053159339999999999 0.83855394000000005 0
0.053193650000000002 0.85101819000000001 0
0.053202760000000002 0.40317467000000001 0
0.053361520000000003 0.062575569999999997 0
0.053429879999999999 0.1858937 0
0.053458249999999999 0.15178792999999999 0
0.053521600000000003 0.64444060999999997 0
0.053527199999999997 0.26174687000000002 0
0.99582442000000004 0.92462520000000004 0
0.053743989999999998 0.029877339999999999 0
0.053764909999999999 0.76326766000000001 0
0.053839310000000001 0.059099180000000001 0
0.053874440000000003 0.41780572999999999 0
0.053897649999999998 0.48498012000000001 0
0.05390764 0.92959263999999997 0
0.053971249999999998 0.84321816000000005 0
0.053982530000000001 0.47133977999999999 0
0.054044639999999998 0.074167700000000003 0
0.054138850000000002 0.31412138000000001 0
0.054269190000000002 0.48862375000000002 0
0.054290350000000001 0.38496616 0
0.99578361000000004 0.98346694999999995 0
0.054446670000000003 0.89943576999999997 0
0.054456989999999997 0.97474397999999995 0
0.054494979999999998 0.46769132000000002 0
0.054601869999999997 0.45333151999999999 0
0.054665859999999997 0.91877008999999998 0
0.054718200000000002 0.35826707000000002 0
0.054719650000000002 0.36469171 0
0.054751660000000001 0.41096844999999999 0
0.054801709999999997 0.64679196999999999 0
0.054814380000000003 0.98227469999999995 0
0.054890630000000003 0.88706929999999995 0
0.054905299999999997 0.88453459000000001 0
0.054993970000000003 0.96842793000000005 0
0.055038129999999998 0.82117494999999996 0
0.055095619999999998 0.13943868000000001 0
0.055180750000000001 0.092699619999999996 0
0.055416170000000001 0.026809820000000002 0
0.055463279999999997 0.35636680999999998 0
0.055465529999999999 0.64514521000000002 0
0.055567020000000002 0.75583237000000003 0
0.055569029999999998 0.65285775000000001 0
0.05558097 0.49476900000000001 0
0.055612259999999997 0.80234614999999998 0
0.055762810000000003 0.30863697000000001 0
0.055833569999999999 0.75153588999999998 0
0.055921079999999998 0.44428300999999998 0
0.05593306 0.34734868000000002 0
0.056004989999999998 0.25698832999999999 0
0.056052879999999999 0.91338518999999996 0
0.056137489999999998 0.59908105 0
0.056162990000000003 0.70146003999999995 0
0.98684731999999997 0.18286441000000001 0
0.056203129999999997 0.78333902 0
0.056261459999999999 0.93127806999999996 0
0.056272540000000003 0.55106169999999999 0
0.056292979999999999 0.87149533000000001 0
0.98695823999999999 0.69923497999999995 0
0.98708821999999996 0.071060239999999997 0
0.056494170000000003 0.53679884 0
0.05657413 0.15844918 0
0.056574489999999998 0.32244252000000001 0
0.056626379999999997 0.65556060000000005 0
0.05677915 0.52196328000000003 0
0.056999439999999998 0.42294690000000001 0
0.05700119 0.19994032 0
0.057045190000000003 0.82414584999999996 0
0.057073770000000003 0.14464755000000001 0
0.057090839999999997 0.77837244000000005 0
0.05727749 0.39673971000000002 0
0.057321549999999999 0.88432096999999998 0
0.057362950000000003 0.10074792 0
0.057374319999999999 0.55491077 0
0.057546449999999999 0.35727513 0
0.057650140000000002 0.10690731000000001 0
0.057726810000000003 0.19128308999999999 0
0.057755729999999998 0.48931817 0
0.0579263 0.56119218000000004 0
0.05799646 0.76458941000000002 0
0.058016690000000003 0.16118052999999999 0
0.058027160000000001 0.84513028999999995 0
0.058295010000000001 0.98022701000000001 0
0.058372739999999999 0.74138048999999995 0
0.058384819999999997 0.99213291999999997 0
0.058402740000000002 0.75980027999999999 0
0.058511920000000002 0.79236728000000001 0
0.058582629999999997 0.20756811999999999 0
0.05859056 0.76937716 0
0.058659549999999998 0.86838702999999995 0
0.058685309999999997 0.99559253000000003 0
0.058744459999999998 0.66984980999999999 0
0.058745789999999999 0.34021064000000001 0
0.05875822 0.52792260000000002 0
0.058818420000000003 0.79558784999999999 0
0.058871399999999997 0.85999097999999996 0
0.059101729999999998 0.27123800999999997 0
0.059262299999999997 0.38909097999999998 0
0.05928373 0.22211787 0
0.059388690000000001 0.79536121000000004 0
0.059419699999999999 0.36405973000000003 0
0.059446489999999998 0.41588868000000001 0
0.059520280000000002 0.59639907000000003 0
0.059637129999999997 0.57650833000000001 0
0.059733880000000003 0 0
0.059798230000000001 0.29084515999999999 0
0.05979959 0.75497323000000005 0
0.059852269999999999 0.88349619999999995 0
0.059891010000000001 0.32295469999999998 0
0.059926239999999999 0.19791686 0
0.06000432 0.3107856 0
0.060123969999999999 0.21867590000000001 0
0.060159079999999997 0.056780860000000002 0
0.060267899999999999 0.17172541999999999 0
0.060325860000000002 0.18931695000000001 0
0.060366950000000003 0.13779369999999999 0
0.060527930000000001 0.87203366000000004 0
0.060541879999999999 0.28888928000000003 0
0.060560030000000001 0.016390709999999999 0
0.06056856 0.63966254 0
0.060603259999999999 0.050845029999999999 0
0.060690000000000001 0.45904202 0
0.060690750000000002 0.080643190000000003 0
0.060808180000000003 0.98395387999999995 0
0.060951360000000003 0.0066631800000000003 0
0.060963440000000001 0.48802330999999999 0
0.061030319999999999 0.76938956000000003 0
0.061059500000000003 0.78636103999999996 0
0.061065729999999999 0.53673369999999998 0
0.061065920000000003 0.95393598999999996 0
0.061342649999999999 0.33458048000000001 0
0.061417140000000002 0.83055635999999999 0
0.061532820000000002 0.47350060999999999 0
0.061639109999999997 0.77751983000000002 0
0.061680249999999999 0.32409616000000002 0
0.061824690000000002 0.22285514000000001 0
0.061922440000000002 0.87799702000000002 0
0.062023269999999998 0.92804679000000001 0
0.062030540000000002 0.84554072000000002 0
0.062049180000000002 0.18291136999999999 0
0.062064349999999997 0.86821857999999996 0
0.062097279999999998 0.02145644 0
0.062101120000000003 0.26960095000000001 0
0.062110329999999998 0.61591662000000003 0
0.062111220000000002 0.69956583999999999 0
0.062125769999999997 0.46287699999999998 0
0.062126840000000003 0.65422563 0
0.062176710000000003 0.91742288999999999 0
0.062236149999999997 0.68568693999999997 0
0.062274900000000001 0.97770120999999999 0
0.062295900000000001 0.43786681999999999 0
0.06234191 0.52803137 0
0.062361340000000001 0.45287632999999999 0
0.062583420000000001 0.49002562 0
0.062982730000000001 0.27787476 0
0.06298956 0.23507865999999999 0
0.063009309999999999 0.51455534000000003 0
0.063077320000000006 0.02555957 0
0.98414838999999998 0.91930825000000005 0
0.98792716000000003 0.40065942999999998 0
0.063293840000000004 0.72974178000000001 0
0.063366500000000006 0.50834548999999996 0
0.06341397 0.36955550999999998 0
0.063489889999999993 0.56241224999999995 0
0.0635627 0.96911228999999999 0
0.063604910000000001 0.45136670000000001 0
0.063613020000000006 0.079796930000000002 0
0.063660439999999999 0.73586856 0
0.063663049999999999 0.062483030000000002 0
0.98423170999999998 0.66008665 0
0.06372775 0.53184056000000002 0
0.063752030000000001 0.84170626000000004 0
0.063842720000000006 0.72312679999999996 0
0.98812206999999996 0.42322555000000001 0
0.064131579999999994 0.55138279000000001 0
0.064154359999999994 0.56250785000000003 0
0.064238299999999998 0.32989005999999998 0
0.06434819 0.83394970000000002 0
0.064369969999999999 0.83984336999999998 0
0.064414079999999999 0.15621739000000001 0
0.064642110000000003 0.62780374999999999 0
0.064662659999999997 0.091928490000000002 0
0.064690419999999998 0.89340235000000001 0
0.064764859999999994 0.55010422999999997 0
0.064867069999999999 0.25493697999999998 0
0.065008179999999999 0.46753354000000003 0
0.065056340000000004 0.38268818999999998 0
0.06509848 1 0
0.065299170000000004 0.36887504999999998 0
0.065312999999999996 0.80699918999999998 0
0.06531737 0.048862839999999998 0
0.065339640000000004 0.63333066000000005 0
0.065424250000000003 0.22958434 0
0.065466629999999998 0.60550024000000002 0
0.065504019999999996 0.16408076999999999 0
0.06552856 0.63907712999999999 0
0.065593730000000003 0.86441886999999995 0
0.065677860000000005 0.0038051999999999999 0
0.06576121 0.84689561999999996 0
0.065777790000000003 0.46786520999999998 0
0.065793260000000006 0.68116633999999998 0
0.06603009 0.54815179999999997 0
0.066239240000000005 0.93062440999999996 0
0.066280459999999999 0.035955920000000002 0
0.06634574 0.72778310999999996 0
0.066449330000000001 0.37231709000000002 0
0.066549209999999998 0.24910134 0
0.066573709999999994 0.11174945 0
0.066764480000000001 0.54442100000000004 0
0.067031179999999996 0.056874630000000002 0
0.067046590000000003 0.14754423 0
0.067087980000000005 0.085500989999999999 0
0.067136370000000001 0.18609208999999999 0
0.067297060000000006 0.033406980000000003 0
0.067412169999999993 0.83901159000000003 0
0.067473920000000007 0.71629918000000004 0
0.067487060000000001 0.016806189999999999 0
0.067509009999999994 0.14452282 0
0.067517999999999995 0.26063820999999998 0
0.067554310000000006 0.078518829999999998 0
0.067836510000000003 0.27618082999999999 0
0.068347130000000006 0.46860341 0
0.068356459999999994 0.30697136000000003 0
0.068362119999999998 0.64654836999999998 0
0.068363160000000006 0.12618560000000001 0
0.068396579999999998 0.83958648000000002 0
0.068497699999999995 0.38186463999999998 0
0.068573480000000006 0.14089394 0
0.068593299999999996 0.89192227000000002 0
0.068635199999999993 0.68184332999999997 0
0.068681140000000002 0.60225298000000005 0
0.068692909999999996 0.58565151000000004 0
0.068780839999999996 0.27815305000000001 0
0.068910109999999997 0.88524860000000005 0
0.068941219999999998 0 0
0.068978890000000001 1 0
0.069026390000000007 0.59154726999999996 0
0.069029809999999997 0.51075676999999997 0
0.069072229999999998 0.78806679999999996 0
0.069072629999999996 0.32988005999999997 0
0.069100079999999994 0.53389774999999995 0
0.069183739999999994 0.24050017000000001 0
0.069231570000000006 0.73239924000000001 0
0.069236569999999997 0.18799370000000001 0
0.06924408 0.083952109999999996 0
0.069267860000000001 0.01434705 0
0.069287699999999994 0.69690925999999997 0
0.069319179999999994 0.59248860000000003 0
0.069335380000000002 0.62939025999999998 0
0.069419019999999998 0.83434843000000003 0
0.069490259999999998 0.83191961999999997 0
0.069504410000000003 0.0063987799999999997 0
0.069587720000000006 0.43680444000000002 0
0.069666919999999993 0.077549229999999997 0
0.069714940000000003 0.29138614000000002 0
0.069780400000000006 0.59947656000000005 0
0.069908289999999998 0.89563974000000002 0
0.070100090000000004 0.73033291 0
0.070173280000000005 0.059171290000000001 0
0.070304160000000004 0.40132967000000003 0
0.070360759999999994 0.73416501000000001 0
0.07044512 0.085624270000000002 0
0.070486729999999997 0.98371447999999995 0
0.070494780000000007 0.37212737000000001 0
0.070567370000000004 0.20466075 0
0.070618879999999995 0.92936218999999998 0
0.070695460000000002 0.86169987000000003 0
0.070707359999999997 0.26842470000000002 0
0.070724389999999998 0.17789036 0
0.070784630000000001 0.47171359000000002 0
0.070792499999999994 0.51289638000000004 0
0.070816130000000005 0.94779040000000003 0
0.070827349999999997 0.82068028000000004 0
0.070909769999999997 0.35402558000000001 0
0.070909829999999993 0.45062605 0
0.071059940000000002 0.75088208999999995 0
0.071084099999999997 0.20916462 0
0.071218190000000001 0.74966359999999999 0
0.071243089999999995 0.79414499999999999 0
0.071259719999999999 0.19169977999999999 0
0.071273320000000001 0.33279439 0
0.071275329999999998 0.24827527999999999 0
0.071353639999999996 0.32694651000000002 0
0.071403369999999994 0.96531677000000005 0
0.071412950000000003 0.74539438000000002 0
0.071444060000000004 0.30769502999999998 0
0.071550649999999993 0.92022725999999999 0
0.071626330000000002 0.37901539000000001 0
0.071765570000000001 0.099895629999999999 0
0.071985030000000005 0.21546473999999999 0
0.072078790000000004 0.81345190999999994 0
0.072205450000000004 0.01274193 0
0.072426180000000007 0.96207900000000002 0
0.072444830000000002 0.52684414999999996 0
0.072492799999999996 0.10111349 0
0.072494459999999997 0.12347326 0
0.072530620000000004 0.46389490999999999 0
0.072559520000000002 0.57788183999999998 0
0.072694460000000002 0.82723356999999997 0
0.072826230000000006 0.023817109999999999 0
0.072864540000000005 0.31000294 0
0.07292208 0.038689519999999998 0
0.072958400000000007 0.81439019000000001 0
0.073020740000000001 0.50978000000000001 0
0.073110839999999996 0.062135839999999998 0
0.073181800000000005 0.8028054 0
0.073217710000000005 0.39767540000000001 0
0.073235149999999999 0.0034889500000000002 0
0.073336760000000001 0.43728286 0
0.073354870000000003 0.58650367999999997 0
0.073366089999999995 0.88561383999999999 0
0.073512750000000002 0.81623696000000001 0
0.073569380000000004 0.73251754999999996 0
0.073633710000000005 0.91505543 0
0.073657020000000004 0.27561313999999998 0
0.073828530000000003 0.28509119999999999 0
0.073966779999999996 0.18490116000000001 0
0.074062749999999997 0.24058015999999999 0
0.99470449000000005 0.30961627000000003 0
0.074199509999999996 0.64226868999999998 0
0.074224369999999998 0.74030777000000003 0
0.074231759999999994 0.74367795999999997 0
0.074359709999999996 0.32582326 0
0.074415529999999994 0.57929801999999997 0
0.074450589999999997 0.39057407999999999 0
0.074601039999999993 0.69590350000000001 0
0.074756900000000001 0.23252837000000001 0
0.074933070000000004 0.66806615000000003 0
0.075113180000000002 0.097136159999999999 0
0.075128059999999997 0.42980676000000001 0
0.075199769999999999 0.83817737999999997 0
0.075206270000000006 0 0
0.075218709999999994 0.53451736999999999 0
0.07522276 0.50557286999999995 0
0.075234789999999996 0.83876172999999998 0
0.07535095 0.13518039000000001 0
0.075402650000000002 0.40261720000000001 0
0.075452229999999995 0.11405922 0
0.075486029999999996 0.75045613 0
0.075613810000000004 0.1453757 0
0.075644810000000007 0.24841310999999999 0
0.075838089999999997 0.78196049000000001 0
0.99596987999999997 0.65805395 0
0.075987360000000004 0.68469221999999996 0
0.076160229999999995 0.31047096000000002 0
0.076167730000000003 0.97749967000000004 0
0.07617575 0.79938102 0
0.076195180000000001 0.73703350999999995 0
0.076312069999999996 0.78500992000000003 0
0.076330949999999995 0.072356630000000005 0
0.076387899999999995 0.18476253000000001 0
0.076416960000000006 0.29503307000000001 0
0.076425030000000005 0.04886886 0
0.076438489999999998 0.83539695000000003 0
0.076500609999999997 0.76226364000000002 0
0.076664860000000001 0.50657295999999996 0
0.076696200000000006 0.33449822000000001 0
0.076714099999999993 0.87489048000000003 0
0.076789620000000003 0.023570359999999999 0
0.076805689999999996 0.40096553000000001 0
0.07684009 0.56356130999999998 0
0.076876979999999998 0.82876245000000004 0
0.076958730000000003 0.88738866000000005 0
0.077168520000000004 0.25616183999999997 0
0.077278570000000005 0.23590416 0
0.077287129999999996 0.36814732 0
0.077287350000000005 0.37831803000000003 0
0.077453659999999994 0.48097543999999998 0
0.077489470000000005 0.46832399000000002 0
0.077521190000000004 0.53729263999999999 0
0.077595410000000004 0.32018141 0
0.077610020000000002 0.75694854 0
0.077664629999999998 0.16401578999999999 0
0.077757030000000005 0.89669637000000002 0
0.077782870000000004 0.15303396 0
0.077868099999999996 0.94657742 0
0.077904399999999999 0.40519208000000001 0
0.077930250000000006 0.98792031999999996 0
0.077943750000000006 0.78366038000000005 0
0.07794835 0.45259730999999997 0
0.077975639999999999 0.14247841 0
0.0779942 0.049927859999999998 0
0.07800493 0.20735363000000001 0
0.078041369999999999 0.97973295999999999 0
0.078223490000000007 0.62012650999999996 0
0.078282980000000002 0.45936194000000002 0
0.078301609999999994 0.64286849000000001 0
0.078379489999999996 0.4344693 0
0.078500020000000004 0.11527029 0
0.078555280000000005 0.55842910000000001 0
0.078705159999999996 0.39376906 0
0.078743460000000001 0.23473742 0
0.078816549999999999 0.22173428000000001 0
0.078898789999999996 0.1733787 0
0.078923779999999999 0.71099626999999999 0
0.078993740000000007 0.07915295 0
0.079042589999999996 0.15442334999999999 0
0.079051789999999997 0.47521904999999998 0
0.079200469999999995 0.71575042 0
0.079283740000000005 0.59919451999999995 0
0.079310160000000005 0.58476525000000001 0
0.079341140000000004 0.33816171 0
0.079368560000000005 0.84867453999999998 0
0.079484750000000007 0.35533746999999999 0
0.079503110000000002 0.93970505000000004 0
0.079532270000000002 0.17564573999999999 0
0.079654450000000002 0.98973414999999998 0
0.079838930000000002 0.82543295999999999 0
0.079846029999999998 0.62144562999999997 0
0.079912549999999999 0.64526684000000001 0
0.079966999999999996 0.72921433000000002 0
0.080043370000000003 0.84778354 0
0.080272129999999997 0.94876932999999997 0
0.080318100000000003 0.088507279999999994 0
0.080329579999999998 0.80182730999999996 0
0.080436530000000006 0.47996497999999999 0
0.080538319999999997 0.55347378999999997 0
0.08055089 0.29099886000000003 0
0.080599329999999997 0.94505729000000005 0
0.080609600000000003 0.46827025999999999 0
0.080680080000000001 0.62612681999999997 0
0.080710240000000003 0.43397255000000001 0
0.080717540000000004 0.050356619999999998 0
0.080730179999999999 0.56843876999999998 0
0.080848589999999998 0.0087978899999999992 0
0.081022769999999994 0.48141210000000001 0
0.081091140000000006 0.84371960999999995 0
0.081096390000000004 0.63550901999999998 0
0.081099470000000007 0.96910803999999995 0
0.081221070000000006 0.97212105999999998 0
0.08123582 0.43419377999999997 0
0.081386349999999996 0.85431798000000003 0
0.081478030000000007 0.78711061000000004 0
0.081495440000000002 0.06128902 0
0.081674440000000001 0.95507573000000001 0
0.081730609999999995 0.55399522000000001 0
0.081758999999999998 0.039693340000000001 0
0.081766469999999994 0.41654417999999999 0
0.081877770000000002 0.54230730999999999 0
0.081879809999999997 0.70238403999999999 0
0.081932019999999994 0.70757258000000001 0
0.08203568 0.93165726000000004 0
0.082124130000000004 0.5012702 0
0.08220732 0.67510380000000003 0
0.08224737 0.92416889000000002 0
0.082335749999999999 0.54634727999999999 0
0.08246204 0.78578104999999998 0
0.08251957 0.69625683000000005 0
0.082550380000000007 0.27517740000000002 0
0.082558770000000004 0.86510337999999998 0
0.082559129999999994 0.25586614000000002 0
0.082589599999999999 0.40632074000000001 0
0.082616750000000003 0.37038137999999998 0
0.082716570000000003 0.38970526 0
0.082849569999999997 0.72691651000000002 0
0.082893040000000001 0.0077136899999999996 0
0.082951849999999994 0.46543666 0
0.083239170000000001 0.83605828000000004 0
0.083263379999999998 0.28055271999999998 0
0.083314739999999998 0.30635936000000002 0
0.083442589999999997 0.36241031000000001 0
0.083460619999999999 0.14839526 0
0.083472530000000003 0.72161766999999999 0
0.083506819999999995 0.49492562000000001 0
0.083571430000000002 0.50175362999999995 0
0.083762400000000001 0.21261537999999999 0
0.083899489999999993 0.046135460000000003 0
0.083903920000000007 0.61694523999999995 0
0.083963330000000003 0.45385181000000002 0
0.084081639999999999 0.64083193000000005 0
0.084138920000000006 0.28584768999999999 0
0.084162539999999994 0.83679806000000001 0
0.084230440000000004 0.074959349999999994 0
0.084240819999999994 0.20107157000000001 0
0.084353449999999996 0.0043125699999999999 0
0.084412200000000007 0.78603109999999998 0
0.084459999999999993 0.18564465999999999 0
0.084506639999999994 0.75200683000000001 0
0.084522719999999996 0.61650733999999996 0
0.084569939999999996 0.29788848000000001 0
0.084608920000000004 0.22242567999999999 0
0.084610969999999994 0.84099393 0
0.084630659999999996 0.26715983999999998 0
0.084643209999999997 0.21768936999999999 0
0.084773440000000005 0.039406339999999998 0
0.084782570000000002 0.75753740000000003 0
0.084859539999999997 0.77432743999999998 0
0.084899829999999996 0.79064243000000001 0
0.084981169999999995 0.086294499999999996 0
0.085150970000000006 0.46000734999999998 0
0.085199049999999998 0.38410677999999998 0
0.085214739999999997 0.47413634999999998 0
0.085241369999999997 0.24150687000000001 0
0.085242369999999998 0.33011765999999998 0
0.085259740000000001 0.48530657999999999 0
0.085550860000000006 0.79740200999999999 0
0.08557911 0.020601660000000001 0
0.085615350000000007 0.03183097 0
0.085652580000000006 0.51807665999999997 0
0.98898145999999998 0.81348303 0
0.085689440000000006 1 0
0.085714189999999996 0.63652639 0
0.085870589999999997 0.23845214000000001 0
0.085905709999999996 0.66262356 0
0.085974110000000006 0.77436112000000001 0
0.086007970000000003 0.99402188000000002 0
0.086085809999999999 0.88991679999999995 0
0.086197239999999994 0.86888792999999998 0
0.086268929999999994 0.22259001 0
0.98880533000000004 0.37619143999999999 0
0.086366490000000004 0.56239205000000003 0
0.086381899999999998 0.81012103000000002 0
0.086438589999999996 0.0050065200000000004 0
0.086673860000000005 0.71439881000000005 0
0.086692060000000001 0.34089226 0
0.086692359999999996 0.63567499000000005 0
0.086747740000000004 0.45929806000000001 0
0.086763460000000001 0.92469477 0
0.086821620000000002 0.069585839999999996 0
0.08706759 0.87534696999999995 0
0.087216799999999997 0.86636950999999995 0
0.087254869999999998 0.01569802 0
0.087324760000000001 0.86396929 0
0.087409920000000002 0.88334639999999998 0
0.087414469999999994 0.0066329700000000002 0
0.087482000000000004 0.48911422999999998 0
0.99567086999999999 0.45228553999999999 0
0.087580679999999994 0.44094397000000002 0
0.087600449999999996 0.70551861000000005 0
0.087653110000000006 0.53213856000000004 0
0.087725890000000001 0.74067574999999997 0
0.087821709999999997 0.26421105 0
0.99409804999999996 0.58483273999999996 0
0.087948219999999994 0.80074383999999998 0
0.088006119999999993 0.25769618999999999 0
0.088054339999999995 0.39800864000000002 0
0.088055939999999999 0.31527379999999999 0
0.088102600000000003 0.85179967000000001 0
0.08815286 0.64944882000000004 0
0.088253689999999996 0.2204689 0
0.088487319999999994 0.80906120000000004 0
0.088547059999999997 0.97707177999999995 0
0.088550680000000007 0.55895890000000004 0
0.088571269999999994 0.61318121000000003 0
0.088599220000000006 0.021415469999999999 0
0.088808100000000001 0.28621064000000002 0
0.088819229999999999 0.82408579000000004 0
0.088956300000000002 0.44582662000000001 0
0.08901734 0.83035097999999996 0
0.089019840000000003 0.27124424000000003 0
0.089094380000000001 0.89379025999999995 0
0.089165599999999998 0.24052703 0
0.089235380000000003 0.97247311000000003 0
0.089238310000000001 0.27595942000000001 0
0.089313009999999998 0.89644933000000004 0
0.089314420000000005 0.48073379999999999 0
0.089461689999999996 0.72536241999999995 0
0.089510610000000004 0.83498897999999999 0
0.99466975999999996 0.11213219000000001 0
0.089570529999999995 0.93940025999999999 0
0.089583640000000006 0.97232991000000002 0
0.089596369999999995 0.65310113999999997 0
0.089616989999999994 0.49023989000000001 0
0.98228548000000004 0.85747255 0
0.089632859999999995 0.93105663999999999 0
0.089754299999999995 0.016790010000000001 0
0.089796189999999998 0.56677169000000005 0
0.08984077 0.60141522999999997 0
0.089879909999999993 0.62495111000000003 0
0.09025975 0.1196422 0
0.090322659999999999 0 0
0.090348159999999997 0.11074945999999999 0
0.090386750000000002 0.46853183999999998 0
0.090400599999999998 0.40490757999999999 0
0.090419869999999999 0.40413328999999998 0
0.090435009999999996 0.097304119999999994 0
0.090437050000000005 0.69644753000000004 0
0.090473899999999996 0.03101369 0
0.09050387 0.34708588000000001 0
0.090617539999999996 0.42474034999999999 0
0.090667460000000005 0.19023292999999999 0
0.091073559999999998 0.11715130999999999 0
0.091121980000000005 0.33038355000000003 0
0.091155860000000005 0.48539734000000001 0
0.091179789999999997 0.51972715000000003 0
0.091193860000000002 0.33576199000000001 0
0.091200760000000006 0.029710520000000001 0
0.98916046999999996 0.24552897000000001 0
0.98804714999999999 0.33956292999999999 0
0.091283299999999998 0.77585073000000004 0
0.091356199999999999 0.61926144999999999 0
0.09137969 0.96699906000000002 0
0.091551469999999996 0.53074226999999996 0
0.091574649999999994 0.51269275999999997 0
0.091695059999999995 0.67464891999999999 0
0.091712660000000001 0.95700193 0
0.091836630000000002 0.59391090000000002 0
0.091847719999999994 0.24427686000000001 0
0.091853240000000003 0.043703579999999999 0
0.091986219999999994 0.19871353999999999 0
0.092030100000000004 0.86675831000000003 0
0.092068150000000001 0.30638623999999998 0
0.092175729999999997 0.76869324000000006 0
0.092177369999999995 0.76124069999999999 0
0.092308280000000006 0.60090352000000002 0
0.092321269999999997 0.88815288000000003 0
0.09236163 0.67978875999999999 0
0.092401609999999995 0.80496756000000003 0
0.092477219999999999 0.87847821000000004 0
0.092478900000000003 0.077109579999999997 0
0.092488860000000006 0.56489272999999995 0
0.092532439999999994 0.50932900000000003 0
0.092563640000000003 0.0082687100000000003 0
0.092599130000000002 0.74566575999999996 0
0.092649770000000006 0.52438320000000005 0
0.092651360000000002 0.17411663999999999 0
0.092712849999999999 0.33674727999999998 0
0.092874040000000005 0.33856950000000002 0
0.092947440000000006 0.59440921000000002 0
0.092974909999999994 0.90533598999999998 0
0.093065739999999994 0.55831984999999995 0
0.093320669999999994 0.79572282999999999 0
0.093340320000000004 0.22833966999999999 0
0.093368649999999997 0.26227945000000003 0
0.093413830000000003 0.38112677 0
0.09345821 0.35818311000000003 0
0.093503950000000002 0.51827087000000005 0
0.093526799999999993 0.55092964 0
0.093548859999999998 0.76026108999999997 0
0.99569624999999995 0.92103049999999997 0
0.093601359999999995 0.26220099000000002 0
0.093748440000000002 0.53403334999999996 0
0.093759739999999994 0.23220278999999999 0
0.093790250000000006 0.16569555 0
0.093791719999999995 0.82117260999999997 0
0.093849630000000003 0.77726214999999999 0
0.093859189999999995 0.92992205999999999 0
0.093969159999999996 0.84550155999999999 0
0.093989699999999995 0.062887029999999997 0
0.094000589999999995 0.30554824000000003 0
0.094034679999999995 0.70376083 0
0.094066960000000005 0.44916889999999998 0
0.094131019999999996 0.66888126999999997 0
0.094135839999999998 0.20039715 0
0.09421794 0.42730336000000002 0
0.094283450000000005 0.11008896999999999 0
0.094308879999999998 0.32355358000000001 0
0.094326240000000006 0.35412993999999998 0
0.094505220000000001 0.077909389999999995 0
0.094708269999999997 0.74718063999999995 0
0.094717969999999999 0.75790563 0
0.094725439999999994 0.061694890000000002 0
0.094726950000000004 0.023171029999999999 0
0.98736984000000005 0.47762216000000002 0
0.094779390000000005 0.99325638999999999 0
0.094838859999999997 0.84350736999999998 0
0.094857220000000006 0.16756836999999999 0
0.094901399999999997 0.54685921000000004 0
0.095020560000000004 0.4349633 0
0.095066819999999996 0.15826557999999999 0
0.095108470000000001 0.91458642000000001 0
0.095160069999999999 0.26868393000000002 0
0.095167950000000001 0.521424 0
0.095381019999999997 0.062327500000000001 0
0.095485680000000003 0.03746903 0
0.095564389999999999 0.034161299999999999 0
0.095618750000000002 0.098762559999999999 0
0.095631099999999997 0.28596574000000002 0
0.095667119999999994 0.77997245000000004 0
0.095740759999999994 0.46100546999999997 0
0.096048309999999998 0.072192450000000005 0
0.09607011 0.04943525 0
0.096127180000000007 0.57194036999999998 0
0.096168600000000007 0.33225643999999999 0
0.096273429999999993 0.54065616000000005 0
0.096330399999999997 0.1313281 0
0.096385559999999995 0.63933435999999999 0
0.096399239999999997 0.97332088999999999 0
0.096482390000000001 0.035794430000000002 0
0.096507250000000003 0.63084918000000001 0
0.096552559999999996 0.58540729999999996 0
0.096561900000000006 0.61988672 0
0.09669469 0.15768375000000001 0
0.096706589999999995 0.43891629999999998 0
0.096744549999999999 0.63783122999999997 0
0.09682027 0.10921 0
0.097107730000000003 0.74532330999999996 0
0.097141980000000003 0.55404967000000005 0
0.097157259999999995 0.56744837000000004 0
0.09721014 0.46454489999999998 0
0.097291329999999995 0.76665505 0
0.097327129999999998 0.10292991999999999 0
0.99483093 0.13345654000000001 0
0.097361699999999995 0.88448853999999999 0
0.097369430000000007 0.07294225 0
0.097371700000000005 0.26429511999999999 0
0.097412239999999997 0.92648397000000005 0
0.097419149999999996 0.72796335000000001 0
0.097452609999999995 0.84956058000000001 0
0.097493490000000002 0.58105313999999997 0
0.09750462 0.39445439999999998 0
0.097513290000000002 0.12349594 0
0.097599400000000003 0.75468661000000004 0
0.097617720000000005 0.18975327 0
0.097630339999999996 0.55280116999999995 0
0.097687129999999997 0.94809898999999997 0
0.09779649 0.092891169999999995 0
0.097824969999999997 0.69093813000000004 0
0.097930760000000006 0.59418791000000004 0
0.99425657999999995 0.57260257999999997 0
0.098119219999999993 0.18843392 0
0.098168050000000007 0.067690899999999998 0
0.09818578 0.11313165 0
0.098346059999999999 0.76530951000000003 0
0.09836926 0.38484239999999997 0
0.098424780000000003 0.080539669999999994 0
0.098430580000000004 0.37722524000000002 0
0.098433000000000007 0.78316496999999996 0
0.098478159999999995 0.78638936000000004 0
0.098587179999999996 0.38236910000000002 0
0.098623489999999994 0.82718376999999998 0
0.098665879999999997 0.75699497000000004 0
0.098873290000000003 0.45894823000000001 0
0.098873589999999997 0.54670600000000003 0
0.098889850000000001 0.84221314000000003 0
0.099108169999999995 0.47169984999999998 0
0.099189410000000006 0.39154485999999999 0
0.099204109999999998 0.43106923000000003 0
0.099237110000000003 0.66747140000000005 0
0.099307850000000003 0.33447913000000001 0
0.099389770000000002 0.29144646000000002 0
0.099390329999999999 0.026264079999999999 0
0.099506049999999999 0.82108713 0
0.099521879999999993 0.31640795999999999 0
0.099529909999999999 0.89216004999999998 0
0.099565819999999999 0.46098134000000002 0
0.099695629999999993 0.62716083 0
0.099883959999999994 0 0
0.099891359999999998 0.82264857999999996 0
0.099893830000000003 0.040150940000000003 0
0.099940619999999994 0.64026645000000004 0
0.09994422 0.095222829999999994 0
0.099989499999999995 0.060691910000000002 0
0.10027089 0.56081864999999997 0
0.10028932 0.56422183000000004 0
0.10040737 0.90625498000000004 0
0.10044059 1 0
0.10046372000000001 0.60489612000000004 0
0.10055979 0.17353036999999999 0
0.10057321 0.69672723999999997 0
0.10059319 0.73685407999999997 0
0.10060442 0.59833375 0
0.10061075999999999 0.79475149 0
0.10061644 0.80903623000000002 0
0.10068973000000001 0.32325267000000002 0
0.10070417 0.085380200000000003 0
0.1008386 0.058388009999999997 0
0.10087717 0.13729775 0
0.98812959 0.50228172000000004 0
0.10091205 0.66042383000000005 0
0.1009477 0.88173329 0
0.10096225 0.52683075999999995 0
0.10096758 0.58109376000000001 0
0.99465579000000004 0.38838146000000001 0
0.10106082 0.14577905999999999 0
0.10127197 0.074568300000000004 0
0.10130492000000001 0.10099853 0
0.10144706000000001 0.33409622 0
0.10153603999999999 0.32965468999999997 0
0.10165798 0.71878386000000005 0
0.10172402999999999 0.054486390000000003 0
0.10177628 0.45149356000000002 0
0.10185506 0.13440009999999999 0
0.10187620999999999 0.49808116000000002 0
0.10202853000000001 0.52791127999999998 0
0.10203718000000001 0.21996926999999999 0
0.10228545999999999 0.14042880999999999 0
0.10229521 0.67429903999999996 0
0.10234475 0.14251212999999999 0
0.10239281 0.96075595000000003 0
0.10243157999999999 0.0099672600000000004 0
0.10260324999999999 0.91967047000000002 0
0.10279683000000001 0.61637609999999998 0
0.10280665 0.99481759999999997 0
0.10282500999999999 0.36822855999999998 0
0.10282692 0.75742887000000003 0
0.10290083 0.41606294999999999 0
0.99595990999999995 0.15252584999999999 0
0.10292148 0.015399400000000001 0
0.10303137 0.57333009000000001 0
0.10305389 0.02523777 0
0.10309181000000001 0.89413282000000005 0
0.10317353 0.13116226 0
0.10326005000000001 0.42461503 0
0.10327192 0.17610433 0
0.10329946 0.95993645999999999 0
0.10339971000000001 0.95745787000000004 0
0.10344837 0.66104185999999998 0
0.10350296 0.44995370000000001 0
0.10358603 0.61542443999999996 0
0.10361181 0.93385693999999997 0
0.10363061 0.93138177 0
0.10368881000000001 1 0
0.10370351999999999 0.87345711999999998 0
0.10370591 0.038161540000000001 0
0.1037877 0.50752392999999996 0
0.10389134 0.40645568999999998 0
0.10393357 0.25195359000000001 0
0.10394236 0.98210631000000004 0
0.10398597 0.22965951000000001 0
0.10400205 0.10163966000000001 0
0.10405488 0.68881988999999999 0
0.10414574 0.90384343 0
0.10415109 0.43692201000000003 0
0.10420532 0.38179341999999999 0
0.10421213999999999 0.95735619999999999 0
0.10422927 0.56935566000000004 0
0.10427939999999999 0.71112266000000002 0
0.1042945 0.75765589 0
0.10430159 0.68901477 0
0.10433648 0.26090187999999997 0
0.10434714 0.14985604999999999 0
0.10436006 0.95131719999999997 0
0.10438854 0.30481373 0
0.10448464 0.62129535999999996 0
0.10452905999999999 0.65515811999999995 0
0.1045329 0.17075293 0
0.10457747000000001 0.71723625000000002 0
0.10458267 0.91407870000000002 0
0.10460476 0.81020367999999998 0
0.98886755999999998 0.60521270000000005 0
0.10471455 0.67913129000000005 0
0.98363889000000004 0.089376609999999995 0
0.10490969 0.25569803000000002 0
0.10496426 0.40874781999999998 0
0.10499116 0.44000624999999999 0
0.10499441 0.65513442 0
0.10501516 0.96769651000000001 0
0.1050997 0.14679949 0
0.1051877 0.86737443999999997 0
0.10519945999999999 0.98662453999999999 0
0.10524309 0.47330042 0
0.98364664000000002 0.066663719999999996 0
0.98728506999999999 0.75362446000000005 0
0.10529884 0.90996734000000001 0
0.10531587000000001 0.070263679999999995 0
0.10545291 0.95957937000000004 0
0.10551998 0.62338209 0
0.10559049 0.49857056999999999 0
0.10572431 0.79477461000000005 0
0.10574446 0.077998189999999995 0
0.98889799 0.76652070000000005 0
0.10618203 0.74443371999999997 0
0.1064457 0.088067740000000005 0
0.10648857 0.86150473000000005 0
0.10665419 0.095832630000000002 0
0.10667038 0.27863626000000002 0
0.10673729999999999 0.43705214999999997 0
0.1067439 0.29290783999999997 0
0.10681167 0.20670686999999999 0
0.10686539 0.20522853999999999 0
0.10693237 0.71830181000000004 0
0.10706097000000001 0.28878984000000002 0
0.10710160000000001 0.35773286999999998 0
0.10719006 0.03451137 0
0.10721515 0.61040291999999996 0
0.10727208000000001 0.29834643999999999 0
0.10732377 0.22338656000000001 0
0.10733682999999999 0.85259256999999999 0
0.10734123 0.41197129999999998 0
0.10739785 0.31857655000000001 0
0.10740384 0.26307429999999998 0
0.10747022000000001 0.54008780999999995 0
0.10749683 0.41479273 0
0.10749929 0.078476809999999994 0
0.10753765999999999 0.48544531000000002 0
0.10759608 0.43836370000000002 0
0.10759655999999999 0.97981171 0
0.1076028 0 0
0.10769301000000001 0.24105322000000001 0
0.10774842 0.84117003999999995 0
0.1077943 0.018983179999999999 0
0.10786845 0.075847360000000003 0
0.10787323 0.54733783999999996 0
0.10790370000000001 0.82771921999999998 0
0.10791278 0.52115549999999999 0
0.10798085 0.82088791000000005 0
0.99408624999999995 0.87131013000000002 0
0.10803651 0.39271049000000002 0
0.10819413999999999 0.15844480999999999 0
0.10819882 0.46917170000000002 0
0.10824118000000001 0.33252774000000002 0
0.10825339 0.077654109999999998 0
0.10827576 0.15781835 0
0.10833917 0.17407713 0
0.1083722 0.45411133999999997 0
0.10847513 0.68685041999999996 0
0.10849397 0.15860447 0
0.10850808000000001 0.15815297 0
0.1086647 0.36520383000000001 0
0.10871179 0.55171486999999997 0
0.10878475 0.39673460999999999 0
0.10879224 0.27620069000000003 0
0.10894062 0.99773535999999996 0
0.10904332 0.32095971000000001 0
0.10904560000000001 0.89452346000000005 0
0.10908395999999999 0.62148842000000004 0
0.10911485999999999 0.81364707000000003 0
0.10913496 0.69914498000000003 0
0.10924961 0.75547507000000003 0
0.10933668000000001 0.28162010999999998 0
0.10934752 0.91983771000000003 0
0.10950411 0.89231565999999995 0
0.10952176 0.05890368 0
0.10958778 0.17440190999999999 0
0.10975651 0.25389381999999999 0
0.1098431 0.37225971000000002 0
0.10989655 0.80315404000000001 0
0.10995841000000001 0.33723040999999998 0
0.11002719 0.25997881 0
0.11005168 0.78642347000000001 0
0.1103686 0.83748469000000003 0
0.11050266 0.57705965999999997 0
0.11067507 0.37407891999999998 0
0.11069209000000001 0.76151027999999998 0
0.11087079 0.74731570999999997 0
0.11093582 0.068802390000000005 0
0.11109669 0.68911836000000004 0
0.11129371 0.72207315999999999 0
0.11131518 0.85899216 0
0.11131812000000001 0.45797339999999997 0
0.11135022 1 0
0.11148271 0.55020818000000005 0
0.11161152000000001 0.82752137999999997 0
0.11166191 0.84267647000000001 0
0.11172869000000001 0.60123594999999996 0
0.11177131 0.52599021999999995 0
0.11179393999999999 0.64310761999999999 0
0.11186044000000001 0.05358425 0
0.11186841 0.82644452000000002 0
0.11187486000000001 0.22626113 0
0.11196937 0.59951973999999997 0
0.11204347000000001 0.14534332999999999 0
0.99492992000000002 0.11513574 0
0.11227281 0.084532270000000007 0
0.11228942 0.45430941000000002 0
0.11234429999999999 0.79192593 0
0.11238101 0.27533951000000001 0
0.11242583 0.17191780000000001 0
0.11255776000000001 0.05649568 0
0.1126002 0.86731990999999997 0
0.11268568 0.66908246000000005 0
0.11279243999999999 0.59973918999999998 0
0.11280772 0.93367831999999995 0
0.11281715 0.40316860999999998 0
0.11284137 0.32394173999999998 0
0.11284866 0.86371144 0
0.11289528 0.17233285000000001 0
0.11294413 0.067517019999999997 0
0.11298161 0.78284122 0
0.11298213 0.22512526999999999 0
0.11301011 0.61337048000000005 0
0.11306056 0.56141587000000004 0
0.11309595 0.70886503999999995 0
0.11311118000000001 0.28445625000000002 0
0.11311135 0.81252188000000003 0
0.11312377 0.51681743999999996 0
0.11323596 0.53674606000000002 0
0.11332328999999999 0.096052129999999999 0
0.11333155 0.16867090000000001 0
0.1134066 0.56854766000000001 0
0.11356494 0.65947500000000003 0
0.11371224000000001 0.081014050000000004 0
0.11375663 0.22289586 0
0.1137706 0.13232105 0
0.11381405 0.55101018000000002 0
0.11384851 0.1447618 0
0.98364868999999999 0.97938444999999996 0
0.11404926 0.24227678999999999 0
0.11410945 0.68007309000000005 0
0.11414077 0.50551069999999998 0
0.11421823 0.79547445000000006 0
0.11422762 0.86818203000000005 0
0.11425961 0.74025697999999995 0
0.11429003 0.59354185999999998 0
0.11429372 0.94947587 0
0.11441489000000001 0.79237047999999999 0
0.11445759 0.0068435900000000001 0
0.11462027 0.4000205 0
0.11462145999999999 0.89215906 0
0.1147022 0.63739981999999995 0
0.11471159 0.94817236999999999 0
0.11477566 0.40646811999999999 0
0.11489410999999999 0.16067799999999999 0
0.11490243999999999 0.34047122000000002 0
0.11492740999999999 0.92341499000000005 0
0.11498812999999999 0.64658322000000001 0
0.11506776000000001 0.23236337000000001 0
0.11513337 0.80014244999999995 0
0.11526303 0.66828816000000002 0
0.11528165999999999 0.97875643999999995 0
0.11562247 0.84875164999999997 0
0.11567456 0.067625199999999996 0
0.11569781 0.83546056000000002 0
0.11574561 0.072756100000000004 0
0.11575938 0.10087193 0
0.11587609 0.24583988000000001 0
0.1159738 0.70321107999999999 0
0.11628677 0.11185078 0
0.11636624 0.37368997999999998 0
0.98365374000000005 0.63569481999999999 0
0.11639078 0.39223058 0
0.1165067 0.35534884999999999 0
0.11653186 0.44587787000000001 0
0.98939151999999997 0.45583373999999999 0
0.11671049 0.90108860999999996 0
0.11674403 0.26532052 0
0.11679556000000001 0.40701568999999999 0
0.11680901 0.71863376999999995 0
0.11689004 0.12958274 0
0.1169882 0.029640340000000001 0
0.11704368 0.84260398000000003 0
0.11704651000000001 0.32508134999999999 0
0.11721877 0.30010625000000002 0
0.11724735 0.61961001999999998 0
0.11752667999999999 0.18063533000000001 0
0.11786501000000001 0.12062009999999999 0
0.11791509 0.97479519999999997 0
0.11800766 0.85781216000000005 0
0.99488056000000002 0.73946016999999997 0
0.11807726 0.88747768000000005 0
0.11811574 0.69497383999999995 0
0.11824119 0.98544856999999997 0
0.11828561 0.075459910000000005 0
0.11832757000000001 0.032322549999999999 0
0.11852119 0.36261801999999999 0
0.11856499 0.37200411999999999 0
0.11857044999999999 0.92773675 0
0.98807708999999999 0.91108712999999997 0
0.11861386 0.70041547999999998 0
0.11871092 0.95475074999999998 0
0.11871896 0.54173576000000001 0
0.11874459 1 0
0.11876066 0.77377386999999997 0
0.11882885 0.33546728999999997 0
0.11883451 0.090462689999999998 0
0.11883452999999999 0.37280162999999999 0
0.11890652 0.56004483000000005 0
0.11893526 0.75337902999999995 0
0.11901196999999999 0.88630600999999998 0
0.11901436999999999 0.016764379999999999 0
0.11903054 0.10628071 0
0.1190465 0.85638481 0
0.11918076 0.81489750000000005 0
0.11925711999999999 0.58419721000000002 0
0.11932708 0.020194440000000001 0
0.11943875 0.24595902 0
0.11969063000000001 0.34837203999999999 0
0.11983702 0.33815662000000002 0
0.1198401 0 0
0.11984436 0.97254642000000002 0
0.11995673 0.93600439999999996 0
0.11998557 0.08863422 0
0.12001149999999999 0.60089515999999998 0
0.12006972 0.13684822999999999 0
0.12016035 0.39475839000000001 0
0.12017514999999999 0.54745803999999998 0
0.12026319000000001 0.70033354999999997 0
0.12035357000000001 0.53481232999999995 0
0.12035999 0.018448630000000001 0
0.12038863 0.039574089999999999 0
0.12051637 0.36831058999999999 0
0.12055631999999999 0.79109461999999997 0
0.12058828000000001 0.39942899999999998 0
0.12060108999999999 0.087618790000000002 0
0.12062924999999999 0.46400738000000002 0
0.12063365 0.26163851999999999 0
0.12063507 0.042077959999999998 0
0.99601624 0.25136958999999998 0
0.12069609000000001 0.59981899999999999 0
0.12071058 0.050900260000000003 0
0.12087820000000001 0.026473630000000001 0
0.12092561 0.57292003000000002 0
0.12095673 0.61590095 0
0.12100154 0.86907575000000004 0
0.12105211 0.77959615999999998 0
0.12109378 0.54681668999999999 0
0.12117662 0.42902480999999998 0
0.99633159999999998 0.41861185000000001 0
0.1213341 0.50163727999999996 0
0.12135026 0.87186648 0
0.12138905999999999 0.71275962000000004 0
0.12147845 0.63802656999999996 0
0.12152494 0.58672869000000005 0
0.12156143 0.38898495999999999 0
0.12157654 0.085761069999999995 0
0.12164332 0.95345084000000002 0
0.12165193000000001 0.18329092 0
0.12175617 0.53978475999999997 0
0.12175672 0.10870942 0
0.12184634 0.25105983999999998 0
0.12186888999999999 0.41286328999999999 0
0.12190257 0.76047226999999995 0
0.12191291 0.34329366 0
0.12193911 0.98176448999999999 0
0.12198306 0.97539739000000003 0
0.12203066 0.62466493999999995 0
0.12207021999999999 0.98601404999999998 0
0.12208942 0.16829624000000001 0
0.12209937999999999 0.15223914999999999 0
0.12220238999999999 0.35107819000000001 0
0.12221482 0.17797677000000001 0
0.12223397 0.25462772 0
0.1223278 0.44109686999999997 0
0.12246545 0.46100849999999999 0
0.12248742 0.29797764999999998 0
0.12252755 0.85355616999999995 0
0.12256979 0.31820079000000001 0
0.12258703999999999 0.19588731000000001 0
0.12265925 0.49963806999999999 0
0.12270649 0.75295537999999995 0
0.12282466 0.65693402999999995 0
0.12282831 0.14569545 0
0.12286147 0.10050049 0
0.12291478 0.28474137999999999 0
0.12295432000000001 0.19431092999999999 0
0.12297445 0.21453811 0
0.12297495 0.20570548 0
0.12297891 0.20946264000000001 0
0.12299134 0.61665258000000001 0
0.12299184000000001 0.13990748 0
0.12310246 0.49491796999999998 0
0.12314164 0.84375646999999998 0
0.12323531 0.80523336000000001 0
0.12325421 0.72616972999999996 0
0.12325915 0.365786 0
0.12328502 0.39523824000000002 0
0.12341716 0.65158285999999999 0
0.12347756999999999 0.81110561999999997 0
0.12349998 0.71557813000000003 0
0.1235175 0.83107145000000004 0
0.1235425 0.30585312999999997 0
0.12367783 0.40316477000000001 0
0.12372656999999999 0.23750764999999999 0
0.12372851999999999 0.54134002999999997 0
0.12376301000000001 0.044370060000000003 0
0.12396414 0.011780000000000001 0
0.12398338 0.57151973 0
0.12402296 0.19296021999999999 0
0.12407876 0.31567898 0
0.12411353999999999 0.41916396 0
0.12411411 0.75217243 0
0.12411783999999999 0.92430321000000004 0
0.1241568 0.86842677000000001 0
0.12417375 0.46472363 0
0.12418171 0.13684486000000001 0
0.12421992 0.48311077000000002 0
0.12422564 0.56560571000000004 0
0.1242456 0.082499840000000005 0
0.12426508 0.83334845999999996 0
0.12429301 0.31519465000000002 0
0.12435452 0.21132839 0
0.12445324000000001 0.57492063999999998 0
0.12453179 0.75048831999999999 0
0.12453485 0.69015857000000003 0
0.12457319 0.58949878 0
0.12460081000000001 0.0094456899999999996 0
0.12464875 0.33948065999999999 0
0.12467395000000001 0.33279818999999999 0
0.12467887 0.44932096999999999 0
0.12468062000000001 0.92241695999999995 0
0.12471084 0.80895454 0
0.1247849 1 0
0.12482834 0.61207964999999998 0
0.12503889000000001 0.10190602 0
0.12512401000000001 0.43520679000000001 0
0.12519789000000001 0.85273290000000002 0
0.12523529 0.18296905999999999 0
0.12526973999999999 0.034238070000000002 0
0.12532545 0.094996739999999996 0
0.12547654 0.82562771999999995 0
0.12550874000000001 0.81209100000000001 0
0.12554329 0.037651940000000002 0
0.12557645000000001 0.26962616 0
0.12558494000000001 0.28664921999999998 0
0.12559629 0.85846577000000002 0
0.12569114000000001 0.028939570000000001 0
0.12571546 0.81959804000000003 0
0.99544476999999998 0.49282865999999997 0
0.12576068000000001 0.2957767 0
0.12580733999999999 0.32736461 0
0.12588646000000001 0.38541484999999998 0
0.125944 0.052408799999999998 0
0.12605760999999999 0.80724468000000005 0
0.12610218000000001 0.61289744999999995 0
0.12611764 0.95036001000000003 0
0.12613631 0.086236300000000002 0
0.12617763000000001 0.64753395999999996 0
0.12619873000000001 0.95748736000000001 0
0.12627669 0.52523394000000001 0
0.126356 0.94592036999999995 0
0.12635937 0.89818920000000002 0
0.12651761 0.22191702999999999 0
0.1265251 0.31910756000000001 0
0.12665589999999999 0.97610216999999999 0
0.12671872000000001 0.62571867000000003 0
0.126884 0.72106950000000003 0
0.12688867000000001 0.17531190999999999 0
0.12703299000000001 0.63491447000000001 0
0.12705706999999999 0.47595632999999998 0
0.99545178999999995 0.82576782999999998 0
0.12712266999999999 0.55725283999999997 0
0.1271304 0.58396093999999998 0
0.12724991999999999 0.00369317 0
0.12728830999999999 0.34580999000000001 0
0.12731160999999999 0.68360337999999998 0
0.12736771999999999 0.67059815 0
0.12740546999999999 0.11857415 0
0.12753041000000001 0.74899779 0
0.1275625 0.96147724999999995 0
0.12760120999999999 0.44868366999999998 0
0.12770982 0.66607033999999998 0
0.12779281000000001 0.22986628000000001 0
0.12783126 0.06189708 0
0.12789993999999999 0.47608851000000002 0
0.12812101000000001 0.63354748999999999 0
0.12817060999999999 0.87386975 0
0.12817503 0.71934640000000005 0
0.12829903000000001 0.44779492999999998 0
0.12833128999999999 0.58529684999999998 0
0.12836107999999999 0.84956951999999997 0
0.12841230000000001 0.67397733000000004 0
0.12841839999999999 0.15974505 0
0.12842605000000001 0.71551242999999998 0
0.12848613 0.94266888999999998 0
0.12852965 0.30569833000000002 0
0.12857679999999999 0.073395189999999999 0
0.12862282999999999 0.32395964999999999 0
0.12873345 0.57987719999999998 0
0.12874004999999999 0.018791200000000001 0
0.12874857000000001 0.65571897999999995 0
0.12878253000000001 0.47262660000000001 0
0.12882936 0.055063069999999999 0
0.12884171999999999 0.55760008000000005 0
0.12897728 0.77174648999999995 0
0.12906713 0.66004624000000001 0
0.12907773 0.86547353000000005 0
0.12909709999999999 0.24577558999999999 0
0.12914427000000001 0.78388159999999996 0
0.12915903000000001 0.44380838 0
0.12920539 0.080808980000000002 0
0.12923928000000001 0.070087360000000001 0
0.12930805000000001 0.048005970000000002 0
0.12941219000000001 0.19571477000000001 0
0.12946743999999999 0 0
0.12947771 0.064022819999999994 0
0.12955987999999999 0.32972291999999997 0
0.12962357999999999 0.83708413000000004 0
0.12970075 0.24123538999999999 0
0.12979924000000001 0.17998241000000001 0
0.12979978 0.93793826000000002 0
0.12984931 0.11207085999999999 0
0.12988707999999999 0.30097932999999999 0
0.12992566 0.71837772 0
0.12993384999999999 0.56234550000000005 0
0.12994280999999999 0.49214730000000001 0
0.12995696000000001 0.90980119000000004 0
0.12999369999999999 0.94347769000000004 0
0.13010558 0.68825420999999998 0
0.13020142000000001 0.63283261000000002 0
0.13023187999999999 0.72728537999999998 0
0.13037482 0.26402613000000003 0
0.13039661999999999 0.92190088999999997 0
0.13041596999999999 0.68435305000000002 0
0.13047237 0.51261369000000001 0
0.13061523999999999 0.10497953 0
0.13064983999999999 0.10918185 0
0.13069570999999999 0.16882438 0
0.13070209999999999 0.83822034999999995 0
0.13073383999999999 0.73143981000000002 0
0.13081129999999999 0.021648009999999999 0
0.13092384000000001 0.54695240000000001 0
0.13093995 0.32675736999999999 0
0.13101330999999999 0.32389157000000002 0
0.13104668 0.53854334999999998 0
0.13106786000000001 0.59669757999999995 0
0.13109799 0.81570074000000004 0
0.13112434000000001 0.071678939999999997 0
0.13117002999999999 0.14793825999999999 0
0.13118414 0.0019605899999999999 0
0.13131630999999999 0.61545379 0
0.13149456000000001 0.95204337000000006 0
0.13151536 0.31430302999999998 0
0.13157984 0.86594294000000005 0
0.13173631999999999 0.41820647999999999 0
0.13184531999999999 0.55464612000000002 0
0.13189834 0.033044829999999997 0
0.1319237 0.2117762 0
0.13197254999999999 0.091558669999999995 0
0.13207949999999999 0.24385255 0
0.13207984 0.28677735999999998 0
0.13217493 0.11287287 0
0.13220345 0.43996128000000001 0
0.13221163999999999 0.26544294000000002 0
0.13225279000000001 0.62501282999999996 0
0.13257089999999999 0.84885575000000002 0
0.13257774 0.80755259999999995 0
0.13268136 0.68854517999999998 0
0.13270571 0.94578189000000001 0
0.13277058999999999 0.91473967 0
0.13293832999999999 0.80416876000000004 0
0.13297175999999999 0.84500217 0
0.13310838999999999 0.50624709999999995 0
0.13311753000000001 0.42684142000000003 0
0.13319958000000001 0.40758623999999999 0
0.13320812000000001 0.099909040000000005 0
0.13334074000000001 0.032342820000000001 0
0.13340468999999999 0.21713003 0
0.13343711999999999 0.82461607999999997 0
0.13343940000000001 0.54699341000000001 0
0.13352143999999999 0.83591342000000002 0
0.13360536000000001 0.95962537999999997 0
0.13361961 0.69410435000000004 0
0.13362788 0.80450917 0
0.13363957000000001 0.96825983999999998 0
0.13377781 0.91572019000000004 0
0.13417825999999999 0.1662401 0
0.13424159999999999 0.62661155000000002 0
0.13428588999999999 0.31678806999999998 0
0.13431320999999999 0.38141278000000001 0
0.13433672999999999 0.18646807000000001 0
0.13435517999999999 0.50641261000000004 0
0.13435695 0.50081215000000001 0
0.13467281 0.43257934999999997 0
0.13469656999999999 0.24625426 0
0.13476311999999999 0.92877556999999999 0
0.13478108999999999 0.72107944999999996 0
0.13492534 0.55594518999999998 0
0.1350324 0.55357889999999998 0
0.13503425999999999 0.57211356999999996 0
0.13511518 0.50765510999999996 0
0.13512837 0.097193340000000003 0
0.13513810000000001 0.86015529000000002 0
0.13518980999999999 0.63640408000000004 0
0.13522574000000001 0.23995838 0
0.13523679 0.42212345000000001 0
0.13526499 0.32877255 0
0.13546917999999999 0.94756872000000003 0
0.13548429000000001 0.20341184000000001 0
0.13550516000000001 0.2419905 0
0.13550904999999999 0.80891394999999999 0
0.1355913 0.99597860000000005 0
0.13576652 0.58567963999999995 0
0.13585443 0.078004110000000002 0
0.13588394000000001 0.1706918 0
0.1359852 0.35509979000000003 0
0.13602782999999999 0.91381232999999995 0
0.13604329000000001 0.6593753 0
0.13610725000000001 0.02764459 0
0.13629409000000001 0.21286757000000001 0
0.13630845999999999 0.050295880000000001 0
0.13637302000000001 0.060973260000000001 0
0.99004897999999997 0.18620827000000001 0
0.13638649999999999 0.95203550999999997 0
0.13662969999999999 0.87671047000000002 0
0.13665640000000001 0.14738808 0
0.13667116000000001 0.23605284000000001 0
0.13667694 0.21354708999999999 0
0.13678654000000001 0.52205942999999999 0
0.13682435000000001 0.11472931 0
0.13694034999999999 0.01624946 0
0.13695162999999999 0.15181053999999999 0
0.13697828000000001 0.18331383000000001 0
0.13717616999999999 0.81736790000000004 0
0.13723669999999999 0.23944272 0
0.13724828 0.028423230000000001 0
0.13732558 0.4007424 0
0.13743343 0.43449606000000002 0
0.13747670000000001 0.37530728000000002 0
0.13757438 0.86718483999999996 0
0.13759083 0.95873074000000003 0
0.13760342 0.99697226000000005 0
0.13761829 0.84480785000000003 0
0.13771019000000001 0.85319814000000005 0
0.13772801000000001 0.15591604000000001 0
0.13774395 0.77606766999999999 0
0.13775767999999999 0.02991386 0
0.13780663000000001 0.0054076200000000001 0
0.13780924 0.13751996999999999 0
0.13788993999999999 0.96825225999999998 0
0.13791164 0.70885721000000002 0
0.13796547000000001 0.99324561 0
0.13805486 0.47326650999999997 0
0.1380564 0.18420781999999999 0
0.13813297999999999 0.78871433999999996 0
0.13817602000000001 0.4377702 0
0.13828821999999999 0.10280131000000001 0
0.13829651000000001 0.44646533999999999 0
0.13841892 0.82009467000000003 0
0.13844698999999999 0.67308924000000003 0
0.13849814999999999 0.57663986 0
0.13850471 0.0032892300000000002 0
0.13862785999999999 0.54943843000000003 0
0.13864023 0.79167370999999997 0
0.13865221999999999 0.23879590000000001 0
0.13866665 0.62607489999999999 0
0.13871923 0.46031242 0
0.13879954999999999 0.49664577999999998 0
0.13892645000000001 0.59428477999999996 0
0.13900778 0.20773565999999999 0
0.13903133000000001 0.25280840999999998 0
0.13909806 0.79501975000000003 0
0.13915843999999999 0.27517056000000001 0
0.13918691 0.13475032000000001 0
0.13919996000000001 0.43392206999999999 0
0.13927765 0.86144940999999997 0
0.13930687999999999 0.22219226 0
0.13933824 0.56430128999999996 0
0.13962711999999999 0.53919530999999998 0
0.13966343000000001 0.45962631999999998 0
0.13968147 0.54921436999999995 0
0.1397321 0.27178396999999999 0
0.13975003 0.86158055 0
0.13975130999999999 0.62730216999999999 0
0.13976064999999999 0.51361705999999996 0
0.13982575999999999 0.38059057000000002 0
0.1398508 0.95365586999999996 0
0.13987521999999999 0.095234319999999997 0
0.13993795000000001 0.43653977999999999 0
0.13996231000000001 0.99429266999999999 0
0.14000617000000001 0.78479540000000003 0
0.14004462000000001 0.10230556 0
0.14005276 0.61518331999999998 0
0.14031416999999999 0.3130136 0
0.14033466999999999 0.15861517 0
0.14037204 0.51101103000000003 0
0.14040461000000001 0.17692488000000001 0
0.14040486999999999 0.83075169999999998 0
0.14054291999999999 0.72882910999999995 0
0.14059255000000001 0.34047102000000001 0
0.14059928999999999 0.68095039999999996 0
0.14072949000000001 0.0086005999999999999 0
0.14082605000000001 0.33181047000000002 0
0.14087748999999999 0.44776736 0
0.14098796 0.030237610000000002 0
0.14114457999999999 0.74672260999999995 0
0.14118066000000001 0.31674992000000002 0
0.14128113 0.54583926999999999 0
0.14128203 0.17248187000000001 0
0.14131383 0.14482157000000001 0
0.14141525999999999 0.64884596999999999 0
0.14148137 0.69419222000000003 0
0.14154723999999999 0.58449662999999996 0
0.14155882 0.36951686 0
0.14158792000000001 0.032038839999999999 0
0.14164977000000001 0.76826622 0
0.14169551999999999 0 0
0.14171110000000001 0.32922630000000003 0
0.14176784000000001 0.86036623000000001 0
0.14185064999999999 0.18899891999999999 0
0.14187981999999999 0.41505648000000001 0
0.14194997000000001 0.48610001000000003 0
0.14196449999999999 0.76840861000000005 0
0.14206331 0.39234105000000002 0
0.14208871000000001 0.54741364000000003 0
0.98824363999999998 0.38337116999999998 0
0.14217953 0.29485917 0
0.14219799 0.55948264000000003 0
0.14222470000000001 0.14092615 0
0.14223477000000001 0.99641683999999997 0
0.14230751 0.23781996 0
0.14231510999999999 0.89569204999999996 0
0.14233123 0.28255213000000001 0
0.14237519000000001 0.44183782999999999 0
0.14245902999999999 0.24362412 0
0.14257242000000001 0.53050772999999996 0
0.14269485000000001 0.63871511999999997 0
0.14270899000000001 0.064320219999999997 0
0.14278803000000001 0.73350307000000003 0
0.14291728000000001 0.25880915999999998 0
0.14298599000000001 0.97673438999999995 0
0.14300673 0.98404283000000004 0
0.14306657 0.061929060000000001 0
0.14329501 0.014075590000000001 0
0.14338318 0.074505920000000003 0
0.14348515000000001 0.34977798999999998 0
0.14348686999999999 0.40175938 0
0.14364534000000001 0.12246868 0
0.14375906999999999 0.21782766000000001 0
0.14379685 0.60291300000000003 0
0.14382903 0.88504815999999997 0
0.14386571000000001 0.0083877299999999995 0
0.99600706000000006 0.94898800999999999 0
0.14399345999999999 0.79491117 0
0.14404542000000001 0.63606574999999999 0
0.14405361 0.60930845 0
0.14406617999999999 0.79348406000000005 0
0.14423630000000001 0.42178015000000002 0
0.14425658 0.2197798 0
0.14434183 0.22461930999999999 0
0.14436959999999999 0.45935586 0
0.14441277 0.89003893000000001 0
0.14446068000000001 0.030468700000000001 0
0.14450504 0.68501955999999997 0
0.14454955 0.87905338 0
0.14474841999999999 0.70303479000000002 0
0.14484013000000001 0.38651796999999999 0
0.14488640999999999 0.63075855999999997 0
0.14494681000000001 0.67799642999999998 0
0.14504929 0.04777054 0
0.14509173 0.65954257999999999 0
0.14514319000000001 0.4669275 0
0.14523257000000001 0.2338924 0
0.99635830999999997 0.70298207000000001 0
0.14541951 0.95385167000000004 0
0.14542629000000001 0.94814436999999996 0
0.14546455 0.63955956000000003 0
0.14546903 0.84298326999999995 0
0.14548711 0.90778011000000003 0
0.14556759 0.61575603999999995 0
0.14560876 0.25545435999999999 0
0.14562806 0.96464715999999995 0
0.14573125000000001 0.30922208000000001 0
0.14574327000000001 0.74683076999999998 0
0.14586065000000001 0.11820542000000001 0
0.14604718 0.52735770000000004 0
0.1460526 0.42270342 0
0.14606164999999999 0.77894509999999995 0
0.14613176999999999 0.78226830000000003 0
0.14625508000000001 0.85593441000000003 0
0.14626558000000001 0.41350474999999998 0
0.14627130999999999 0.51463064999999997 0
0.14628318000000001 0.73641745000000003 0
0.14629191 0.92870874999999997 0
0.14629865 0.90487452999999995 0
0.14646155 0.30797843000000003 0
0.14653503000000001 0.81995138000000001 0
0.14655080000000001 0.48307542999999997 0
0.14658018 0.45706425000000001 0
0.14659481999999999 0.47408294000000001 0
0.14663097 0.20885300000000001 0
0.14664325 0.71725645999999998 0
0.14676838 0.84846827000000002 0
0.14676839 0.16024385999999999 0
0.14677253000000001 0.92976621000000004 0
0.14688842999999999 0.75508660999999999 0
0.14689284999999999 0.68106615999999998 0
0.14689287000000001 1 0
0.14695348999999999 0.87481498000000002 0
0.14699271999999999 0.44297153 0
0.14702354000000001 0.11138923000000001 0
0.14709833999999999 0.43062078999999998 0
0.14714003 0.53261247 0
0.14717506 0.032155799999999998 0
0.99627418999999995 0.086586529999999995 0
0.14733299 0.23692205 0
0.14734978000000001 0.32029685000000002 0
0.14764415 0.21593937999999999 0
0.14767192000000001 0.62923187000000003 0
0.14777926999999999 0.95003093999999999 0
0.14778521999999999 0.29162989 0
0.14780932999999999 0.28281666 0
0.14781333999999999 0.23307330000000001 0
0.1479202 0.18122653999999999 0
0.14795757000000001 0.63995579000000002 0
0.14796293999999999 0.47570602000000001 0
0.14800108000000001 0.10064476999999999 0
0.14804635999999999 0.56447210000000003 0
0.98738864999999998 0.70465259000000002 0
0.14813654000000001 0.074288030000000005 0
0.14814609000000001 0.19179706999999999 0
0.14816562999999999 0.43612251000000002 0
0.14821936999999999 0.17578052 0
0.14837053 0.90612983999999996 0
0.14844977000000001 0.76577516999999995 0
0.14858615 0.28600310000000001 0
0.14860945 0.11962344 0
0.14864366000000001 0.79082246 0
0.14883360000000001 0.33636483 0
0.14886199999999999 0.15449329000000001 0
0.14904049999999999 0.78307662 0
0.14907152000000001 0.08433599 0
0.14939099 0.15216320999999999 0
0.14945702 0.49032722000000001 0
0.14959024000000001 0.10015713 0
0.14964087000000001 0.21218924 0
0.14974014999999999 0.19295127000000001 0
0.14974244 0.2239042 0
0.14982719 0.059687070000000002 0
0.15008331999999999 0.3387752 0
0.15009063 0.69872246000000005 0
0.15019548999999999 0.16920903000000001 0
0.99547814000000001 0.85736617999999998 0
0.15024245 0.39296796000000001 0
0.15025435000000001 0.83683182 0
0.15031138999999999 0.11938735 0
0.15036756000000001 0.95052521999999995 0
0.15053274 0.63603933000000001 0
0.15056396999999999 0.45537008000000001 0
0.15057214999999999 0.45761197999999997 0
0.15059531000000001 0.17311028000000001 0
0.15087025000000001 0.45785134999999999 0
0.15089411 0.056650979999999997 0
0.15102905 0.66070114999999996 0
0.15103596999999999 0.98728033000000004 0
0.15104513 0.68071714000000005 0
0.15105326999999999 0.99310027000000001 0
0.15115559000000001 0.29216438 0
0.15121337000000001 0.43855446999999997 0
0.15124746 0.93971727999999999 0
0.15126640999999999 0.65652076000000004 0
0.15136438999999999 0.082530660000000006 0
0.15140224999999999 0.11241627 0
0.15140597 0.82232234999999998 0
0.15153464 0.65434429000000005 0
0.1515504 0.69351684999999996 0
0.15159649 0.43712720999999999 0
0.15169645000000001 0.7892865 0
0.15172346 0.13855439999999999 0
0.15177574999999999 0.39705109999999999 0
0.15185752 0.49429951 0
0.15186221 0.053015319999999998 0
0.15189484 0.91935849000000003 0
0.15192067000000001 0.036164689999999999 0
0.15201597 0.073957739999999994 0
0.15206760999999999 0.61366653000000004 0
0.15213888 0.14587754 0
0.15215628 0.18922469 0
0.15219469999999999 0.44618805 0
0.98997570000000001 0.99478124000000001 0
0.15231070999999999 0.36898431999999998 0
0.15239177000000001 0.051093039999999999 0
0.15241822999999999 0.30489138999999998 0
0.15262844 0.52197115999999999 0
0.15286255000000001 0.58788890999999999 0
0.15296612000000001 0.30398815000000001 0
0.15302884999999999 0.52729506000000004 0
0.15303512 0.032322480000000001 0
0.15304329 0.18704266999999999 0
0.15307000000000001 0.50728505000000002 0
0.15307803 0.41154906000000002 0
0.15308727999999999 0.36627083999999999 0
0.15310761000000001 0.93168366999999996 0
0.15316202000000001 0.15390145999999999 0
0.15316673 0.99531086000000002 0
0.15327349000000001 0.71954209000000002 0
0.15334100000000001 0.12320426 0
0.15334834999999999 0.37507711999999999 0
0.15339860999999999 0.12866583000000001 0
0.15341842999999999 0.96328601999999997 0
0.15362492999999999 0.69986342000000001 0
0.15366853999999999 0.89124165 0
0.15377252999999999 0.02535774 0
0.15381109000000001 0.65830458000000003 0
0.15389521 0.15870310000000001 0
0.15390401000000001 0.50592550999999997 0
0.15391479 0.65414508000000005 0
0.15391668999999999 0.33722600000000003 0
0.15399259000000001 0.9623273 0
0.15399336999999999 0.02534314 0
0.15407551999999999 0.24755192000000001 0
0.15407956 0.1880454 0
0.15436769 1 0
0.15445078000000001 0.3478482 0
0.99629670999999997 0.44214386 0
0.15454860000000001 0.77277562 0
0.15454982 0.19766123999999999 0
0.15456402 0.86914703999999998 0
0.15459706000000001 0.35498062000000002 0
0.15467053 0.49665051999999998 0
0.15472043999999999 0.13188369999999999 0
0.15480538999999999 0.82680012000000003 0
0.15485884 0.93465933999999995 0
0.15486670999999999 0.72950095999999998 0
0.15491874999999999 0.45224766999999999 0
0.15495579000000001 0.67989100999999996 0
0.15506684000000001 0.82667161 0
0.15521841 0.35639923000000001 0
0.15524608000000001 0.18863029000000001 0
0.15524908000000001 0.42809427 0
0.15525053999999999 0.43736860999999999 0
0.15535141999999999 0.027313299999999999 0
0.15539952000000001 0.35163025999999997 0
0.15540955000000001 0.33417839999999999 0
0.15542255999999999 0.33594487000000001 0
0.1554517 0.57482708000000005 0
0.15545908 0.66946660000000002 0
0.15560229 0.23173416999999999 0
0.15561285 0.40136057000000003 0
0.15566626 0.24149833000000001 0
0.98952861999999997 0.066978640000000006 0
0.15568626999999999 0.77846055999999997 0
0.15569304 0.26490667000000001 0
0.15572984000000001 0.95501544000000005 0
0.15573719 0.46674238000000001 0
0.15574046999999999 0.12407309 0
0.15595070999999999 0.77140052999999997 0
0.15595977 0.071572930000000007 0
0.15599930000000001 0.17643638 0
0.15602609000000001 0.23141205000000001 0
0.15606107999999999 0.85219524999999996 0
0.15608679 0.031927940000000002 0
0.15609327000000001 0.79769973999999999 0
0.15613059000000001 0.86878012999999998 0
0.15614800000000001 0.71831224999999999 0
0.15623197999999999 0.62885166999999997 0
0.15625910000000001 0.71749359999999995 0
0.15626242000000001 0.18044312000000001 0
0.15630632 0.48146870000000003 0
0.15632531 0.059299409999999997 0
0.15636733 0.44215599 0
0.15640435 0.36671454999999997 0
0.15650792999999999 0.14891378 0
0.15658849999999999 0.053595820000000002 0
0.15665276 0.57448032999999998 0
0.15666756000000001 0.21914686 0
0.15684364000000001 0.91592954999999998 0
0.15691284999999999 0.32827065 0
0.15694743 0.097440639999999995 0
0.1569856 0.69787655000000004 0
0.98823028999999996 0.39793340999999999 0
0.15707699999999999 0.45599777000000002 0
0.15710906999999999 0.52010785999999998 0
0.15711087000000001 0.18396022000000001 0
0.15715597000000001 0.75877391000000005 0
0.15722405 0.84072188999999997 0
0.15739302999999999 0.67429748 0
0.15750111999999999 0.40902266999999998 0
0.15750665 0.17531646000000001 0
0.15755709000000001 0.85676726999999997 0
0.15758565999999999 0.14415910000000001 0
0.15761247 0.42399967 0
0.1576166 0.35571553 0
0.15767028 0.036171979999999999 0
0.15768708000000001 0.065402299999999997 0
0.15782246 0.35847316000000001 0
0.15783612 0.18813331 0
0.15783817 0.36556738 0
0.15784899999999999 0.084772180000000003 0
0.15790261999999999 0.017809269999999999 0
0.15793299999999999 0.27656577999999998 0
0.15796214 0.044053950000000001 0
0.15808950999999999 0.72860002000000001 0
0.15820153000000001 0.41923384000000002 0
0.15829367999999999 0.064857280000000003 0
0.15833148999999999 0.23775008 0
0.15835444000000001 0.74993127999999998 0
0.15849905 0.87880786 0
0.15867774000000001 0.46950004000000001 0
0.15873449000000001 0.60472495999999998 0
0.15876336999999999 0.43486648999999999 0
0.15883306999999999 0.89823251999999998 0
0.15888316 0.77747710000000003 0
0.15888904000000001 0.68205243000000004 0
0.15891189 0.46936204999999998 0
0.15891269 0.55160036000000001 0
0.15898161 0.90339939000000002 0
0.15900321000000001 0.83447631 0
0.15902952000000001 0.94512609999999997 0
0.15905543999999999 0.070814539999999995 0
0.15914634 0.061634950000000001 0
0.15915251999999999 0.48936897000000001 0
0.15923660000000001 0.23096140000000001 0
0.15925354 0.53520033 0
0.15927301999999999 0.79980865000000001 0
0.15929304 0.21877616 0
0.15931765000000001 0.16885696 0
0.1593571 0.096590220000000004 0
0.15937791000000001 0.37906495000000001 0
0.15938011999999999 0 0
0.15942866999999999 0.78411503000000005 0
0.15947713999999999 0.18287143 0
0.15951419 0.93111277000000003 0
0.98987243000000003 0.17673966999999999 0
0.15954573999999999 0.19183443 0
0.15958776999999999 0.20463476999999999 0
0.15965095000000001 0.075587199999999993 0
0.15972325000000001 0.35581647999999999 0
0.15983186999999999 0.25865747 0
0.15986312999999999 0.39746670000000001 0
0.15990712000000001 0.25471303000000001 0
0.15990972000000001 0.12340037 0
0.15991130000000001 0.30894571999999998 0
0.15994069999999999 0.19040893 0
0.16009593 0.88570411999999998 0
0.16015672 0.41760417999999999 0
0.16021766000000001 0.29896616999999998 0
0.16024266000000001 0.99495407999999996 0
0.16027104 0.62093120999999996 0
0.16039036000000001 0.78793592000000001 0
0.16040586000000001 0.42637581000000002 0
0.16043584999999999 0.46370065999999999 0
0.16054698000000001 0.79614326999999996 0
0.16058518999999999 0.19839572999999999 0
0.16060815000000001 0.58154726000000001 0
0.16061895000000001 0.60533641999999999 0
0.16064302999999999 0.34776707000000001 0
0.16079199999999999 0.46681569000000001 0
0.16080195999999999 0.99519599000000003 0
0.16092956999999999 0.44868624000000001 0
0.16096194999999999 0.69219892000000005 0
0.16099467000000001 0.26261058999999998 0
0.16103903999999999 0.61100900999999996 0
0.16103991000000001 0.57867599000000003 0
0.16105088000000001 0.25906927000000002 0
0.98943893999999999 0.34176482000000002 0
0.16111942000000001 0.25104520000000002 0
0.16113392000000001 0.40819440000000001 0
0.1611428 0.51785957999999999 0
0.16132115 0.43496312999999998 0
0.16132477000000001 0.36980168000000002 0
0.16139903 0.69298448000000001 0
0.16148825999999999 0.60767331000000002 0
0.16149327999999999 0.41705418999999999 0
0.16152016 0.66070165000000003 0
0.16153281 0.93876767999999999 0
0.98477671 0.62125902 0
0.16173275000000001 0.01520201 0
0.16194955999999999 0.34568010999999998 0
0.16195090000000001 0.88939652000000002 0
0.1621409 0.76035900000000001 0
0.16223081 0.49187399999999998 0
0.16231571 0.53672924 0
0.16236798 0.33464038000000002 0
0.1624109 0.24042304 0
0.16245319 0.96049457000000005 0
0.16247506 0.80656203999999998 0
0.16248972 0.61184466999999998 0
0.98947174000000004 0.12698690000000001 0
0.16255827 0.11562090999999999 0
0.98989978999999995 0.27101829999999999 0
0.16276689 0.54984511999999997 0
0.16280063 0.88811967000000003 0
0.16289433 0.87996227999999999 0
0.16295319 0.81291822999999996 0
0.1629708 0.043290710000000003 0
0.16305088000000001 0.81771335000000001 0
0.16313231 0.73017211999999998 0
0.16320138000000001 1 0
0.16322948000000001 0.59368251999999999 0
0.16324672000000001 0.89453442999999999 0
0.1633231 0.68922329999999998 0
0.16338219000000001 0.44508193000000001 0
0.16352923 0.21250464999999999 0
0.16363148999999999 0.95377403999999999 0
0.16363343999999999 0.016578519999999999 0
0.16375216000000001 0.57567687999999995 0
0.1638027 0.59910516000000003 0
0.16380703999999999 0.062824969999999994 0
0.16383797 0.84693348999999996 0
0.16388374 0.12983241000000001 0
0.16404746000000001 0.76543512000000002 0
0.16406306000000001 0.61403556000000004 0
0.16408808 0.65290223000000003 0
0.16416305 0.40675199000000001 0
0.16417372999999999 0.84357340999999997 0
0.16418047 0.24877060000000001 0
0.16427052 0.95284884999999997 0
0.16431965000000001 0.90906189999999998 0
0.16435110999999999 0.31698315999999999 0
0.16440804000000001 0.55363377999999996 0
0.16471336 0.43686122999999999 0
0.16472766999999999 0.29466311000000001 0
0.16475207 0.73070351 0
0.16505122 0.68750756000000002 0
0.16507483000000001 0.80134629000000002 0
0.16514517000000001 0.74618593 0
0.16518342 0.87866778000000001 0
0.16520758999999999 0.66778634000000003 0
0.16530974000000001 0.82065652 0
0.98751580000000005 0.19764476 0
0.16534804 0.04112503 0
0.16552864 0.058383480000000001 0
0.16565678 0.13272229999999999 0
0.16567430999999999 0.38893128999999999 0
0.16568356000000001 0.49175985 0
0.16575008999999999 0.31022691000000002 0
0.16576066 0.64879520999999996 0
0.16586403999999999 0.22524757000000001 0
0.16599808999999999 0.60816645999999996 0
0.16622496 0.030269540000000001 0
0.16623028000000001 0.77200785000000005 0
0.16628531999999999 0.23605014999999999 0
0.16647129999999999 0.91291299999999997 0
0.16652343 0.55110875000000004 0
0.16652413999999999 0.28590777000000001 0
0.16657873000000001 0.48379046999999997 0
0.1666048 0.60135221000000005 0
0.16673178 0.72837892000000004 0
0.16693482000000001 0.80143023000000002 0
0.16699696 0.42107869999999997 0
0.16708029999999999 0.33677368000000002 0
0.16717311000000001 0.68600095999999999 0
0.16735152 0.63928479999999999 0
0.16737608000000001 0.50558060000000005 0
0.16739267999999999 0.93889763999999998 0
0.16747502 0.33105212000000001 0
0.16763370999999999 0.70528310000000005 0
0.16763849 0.95262519000000001 0
0.16789295000000001 0.41200125999999998 0
0.16791018999999999 0.10081785 0
0.16792043000000001 1 0
0.16794178000000001 0.61624281000000003 0
0.16802569000000001 0.28242827999999998 0
0.16803317000000001 0.98714133999999998 0
0.98977305999999998 0.48741488999999999 0
0.16813645999999999 0.32103116999999998 0
0.16822277999999999 0.43046633000000001 0
0.16823627999999999 0.79700322000000001 0
0.16824327 0.84524443999999999 0
0.16833086 0.94699770999999999 0
0.16834151 0.72133499999999995 0
0.16834573 0.54999606999999995 0
0.16841429999999999 0.55381100000000005 0
0.16841532000000001 0.66687381999999995 0
0.16846495 0.23362941000000001 0
0.16847361999999999 0.36743775000000001 0
0.16852924 0.47309919 0
0.16855955 0.92872001000000004 0
0.16870149000000001 0.22091917999999999 0
0.16880724 0.81353715000000004 0
0.16881503 0.94201272000000003 0
0.16884922999999999 0.71674576000000001 0
0.16889608 0.92717028999999995 0
0.16896285 0.21554327000000001 0
0.16899897999999999 0.60415770000000002 0
0.16905039999999999 0.050809519999999997 0
0.16925277999999999 0.45038041000000001 0
0.16929701 0.64714749000000005 0
0.1693017 0.80405850000000001 0
0.16933967999999999 0.97793702999999998 0
0.16952127 0.12389127 0
0.16972469000000001 0.21637946 0
0.16975668999999999 0.16242187999999999 0
0.16976574999999999 0.68336337000000003 0
0.16977101999999999 0.46595896999999997 0
0.16979837 0.73194331999999995 0
0.16983498999999999 0.60739065000000003 0
0.16990754999999999 0.45465049000000002 0
0.16991471 0.94597233999999997 0
0.16993037999999999 0.78018167000000005 0
0.16993527 0.55787244999999996 0
0.16997898 0.86027591000000003 0
0.17001809000000001 0.21932383999999999 0
0.17004757000000001 0.91469858999999998 0
0.17027920999999999 0.84293375000000004 0
0.17028515999999999 0.56441547999999997 0
0.17029335000000001 0.82503950000000004 0
0.17037907999999999 0.58395472999999998 0
0.17048278 0.79235988000000002 0
0.17050598 0.12768942999999999 0
0.17051622 0.84314674999999994 0
0.98752174999999998 0.99423181999999999 0
0.17058978999999999 0.097005289999999994 0
0.17061148000000001 0.17392925000000001 0
0.17067185000000001 0.19867816999999999 0
0.17067776000000001 0.64423916999999997 0
0.17067832999999999 0.56754095000000004 0
0.17071258 0.54631775999999999 0
0.17071575 0.28656647000000002 0
0.17077914 0.11891251999999999 0
0.17094390000000001 0.75145830999999996 0
0.17098515 0.52648408000000002 0
0.17103341 0.41261789999999998 0
0.17108010000000001 0.02673735 0
0.17116566 0.18825822 0
0.17135387999999999 0.78219622 0
0.17145636 0.39266465 0
0.17145688000000001 0.81732289999999996 0
0.17150023 0.64803385999999996 0
0.17161065 0.95928630999999998 0
0.17173099 0.60945203000000003 0
0.17174096999999999 0.99196112000000003 0
0.17175856 0.59994312999999999 0
0.17176474999999999 0.18599027000000001 0
0.1718151 0.00060300000000000002 0
0.17191788999999999 0.91149585 0
0.17193156000000001 0.051577289999999998 0
0.17196586999999999 0.86302579999999995 0
0.17198487000000001 0.11261027 0
0.17202667999999999 0.58848307 0
0.17210476 0.31907888000000001 0
0.17215174999999999 0.40738186999999998 0
0.17218475999999999 0.91284686999999998 0
0.17227554 0.046166539999999999 0
0.9949479 0.62569693000000004 0
0.1725015 0.19534275000000001 0
0.17272456999999999 0.99393765000000001 0
0.17292181000000001 0.44019787999999999 0
0.172926 0.30720336999999998 0
0.17293717 0.20451363 0
0.17296608999999999 0.69477433 0
0.17301484 0.94588978999999995 0
0.17305234 0.3181985 0
0.17331173 0.32374729000000002 0
0.17337551000000001 0.24789520000000001 0
0.17346561999999999 0.82527978000000002 0
0.17350861000000001 0.28199046 0
0.17356578 0.26281417000000001 0
0.17356582000000001 0.20551667000000001 0
0.1737601 0.51013673999999998 0
0.17380034 0.47763903000000002 0
0.17391535999999999 0.18821425999999999 0
0.17394082999999999 0.094193269999999996 0
0.17395049000000001 0.54050067000000002 0
0.17402669000000001 0.63388840000000002 0
1 0.96680619999999995 0
0.17426335000000001 0.52812747000000004 0
0.17426845999999999 0.25796612000000002 0
0.17452493999999999 0.85981794 0
0.17457512 0.54779584000000003 0
0.17464324000000001 0.14511213000000001 0
0.17471221000000001 0.43833092000000001 0
0.17472372999999999 0.10581055 0
0.17474112 0.13926125 0
0.17479971 0.52489613000000002 0
0.17483860000000001 0.35756937 0
0.17486345 0.62025598999999998 0
0.17486690999999999 0.55364301999999999 0
0.1748846 0.99239469999999996 0
0.17489366000000001 0.75399636999999997 0
0.17492890999999999 0.70975535999999995 0
0.17492898000000001 0.83327874999999996 0
0.17494846 0.20979834999999999 0
0.17495774 0.27331872000000001 0
0.17498947000000001 0.92093754000000005 0
0.17499208999999999 0.66450558000000004 0
0.17500474999999999 0.97121800999999996 0
0.17503081000000001 0.28249776999999998 0
0.17505705999999999 0.60915927999999997 0
0.17526712999999999 0.32178400000000001 0
0.17540531000000001 0.39152007999999999 0
0.17550563999999999 0.11159938 0
0.17554897999999999 0.48847177000000003 0
0.17562319000000001 0.58357316000000004 0
0.17587074 0.87406651000000002 0
0.17606211999999999 0.97574967000000001 0
0.17614515 0.99941126999999996 0
0.17623237999999999 0.044232010000000002 0
0.17630746999999999 0.14385734999999999 0
0.17631041 0.38746335999999998 0
0.17633148000000001 0.69036998999999999 0
0.17649139999999999 0.84884976999999995 0
0.17652261999999999 0.75992658999999996 0
0.17653922999999999 0.14712716000000001 0
0.17657782 0.32661294000000002 0
0.17662186999999999 0.55291239999999997 0
0.17669670000000001 0.057579180000000001 0
0.17671017 0.46673113999999999 0
0.17671713999999999 0.86263199000000002 0
0.17672442999999999 0.90243556999999996 0
0.17673542 0.50405018000000001 0
0.17673585 0.083160159999999997 0
0.17686334000000001 0.85600511000000001 0
0.17698828 0.051373509999999997 0
0.17699203999999999 0.021831949999999999 0
0.17701277000000001 0.81770774999999996 0
0.17706129000000001 0.98503472000000003 0
0.17720906 0.42170870999999999 0
0.17724757999999999 0.30940072000000002 0
0.17725889 0.30604087000000002 0
0.17743138 0.66257052000000005 0
0.17743751999999999 0.90561334999999998 0
0.1774416 0.54266605999999995 0
0.17748288000000001 0.059228030000000001 0
0.17751885000000001 0.48761216000000002 0
0.17769003999999999 0.59628031999999997 0
0.17770388000000001 0.68284880000000003 0
0.17781642 0.95944858 0
0.17784021999999999 0.23042456 0
0.17794465000000001 0.91358693999999996 0
0.17798386999999999 0.59614741999999998 0
0.17804010000000001 0.03018496 0
0.17805572 0.45564650000000001 0
0.17806662000000001 0.57258154999999999 0
0.17816567999999999 0.37357837999999999 0
0.17824516000000001 0.67228993000000004 0
0.17836978000000001 0.23531262999999999 0
0.17838153000000001 0.37220473999999998 0
0.17841795999999999 0.75510476999999998 0
0.17859881 0.53617952999999996 0
0.17861985 0.32921349999999999 0
0.17870156000000001 0.23202681999999999 0
0.17875381000000001 0.19040394999999999 0
0.17875877000000001 0.80570978000000004 0
0.17879023999999999 0.19733687999999999 0
0.17880455000000001 0.37984616999999998 0
0.17885502 0.015801599999999999 0
0.17890785000000001 0.60707873999999995 0
0.17895742000000001 0.69805684000000001 0
0.17899382999999999 0.91788530999999995 0
0.17900297000000001 0.040230370000000001 0
0.17903047999999999 0.56528336000000001 0
0.17903129000000001 0.65252582000000003 0
0.17908603000000001 0.65368225999999996 0
0.17926141000000001 0.56540263000000002 0
0.17933333000000001 0.32971326000000001 0
0.17943539 0.71328868000000001 0
0.17945259999999999 0.11714951 0
0.17945526000000001 0.46747866999999999 0
0.17951872999999999 0.35822498000000003 0
0.17952455 0.83569351999999997 0
0.17956150000000001 0.76138136000000001 0
0.17959109000000001 0.025922290000000001 0
0.17960509999999999 0.75299201999999998 0
0.1796838 0.49662582 0
0.17974002 0.57244293999999996 0
0.17998102999999999 0.63190849000000004 0
0.18007778999999999 0.36547331 0
0.18008362999999999 0.58245860999999999 0
0.18015202 0.56662800000000002 0
0.18033968 0.16548357999999999 0
0.1804211 0.89319274999999998 0
0.18042184 0.75006603000000005 0
0.18042295999999999 0.96487478999999998 0
0.18047956000000001 0.26149470000000002 0
0.18051565 0.73405962999999996 0
0.18055688 0.78738536000000003 0
0.18067236 0.9981816 0
0.18073047 0.69495735000000003 0
0.18081996 0.53057732999999996 0
0.18095249999999999 0.97750451000000005 0
0.18100661000000001 0.75232540000000003 0
0.18104284000000001 0.87417416999999997 0
0.18104732000000001 0.24827141999999999 0
0.18108642999999999 0.23544957 0
0.18142031 0.68814812999999997 0
0.18143579000000001 0 0
0.18147471000000001 0.47524485 0
0.18149488999999999 0.77115644999999999 0
0.18150812 0.54294808000000006 0
0.18153581999999999 0.62475027999999999 0
0.18157145999999999 0.06151624 0
0.18162908 0.62235523000000004 0
0.18171264000000001 0.24167172000000001 0
0.18175158 0.41760005 0
0.1817763 0.32600773 0
0.18182725999999999 0.10636515000000001 0
0.18184186999999999 0.12945835999999999 0
0.18190703999999999 0.62843654000000004 0
0.1819143 0.56889898999999999 0
0.18202761000000001 0.85925609000000003 0
0.18211098000000001 0.49219321999999999 0
0.18215901000000001 0.29616028999999999 0
0.99611537000000006 0.37472928999999999 0
0.1822713 0.95855681999999998 0
0.18235404999999999 0.60485641999999995 0
0.18236025 0.98744544000000001 0
0.18244188 0.83921559999999995 0
0.18249244000000001 0.33842562999999998 0
0.18260275000000001 0.51570822999999999 0
0.18267691999999999 0.19173185000000001 0
0.18268491000000001 0.78407969 0
0.18272161000000001 0.84751209999999999 0
0.18272550000000001 0.32159318999999997 0
0.18276550999999999 0.94963244000000002 0
0.18276862999999999 0.01443792 0
0.18285702000000001 0.13949690000000001 0
0.18311936000000001 0.43705920999999998 0
0.18317174 0.34843390000000002 0
0.18318802000000001 0.11237778 0
0.18328404000000001 0.29324281000000002 0
0.18331749999999999 0.78752206000000002 0
0.18335704999999999 0.85801587000000001 0
0.18339965 0.84586850999999996 0
0.18340173000000001 0.21004312 0
0.18341962000000001 0.089240589999999995 0
0.18348025000000001 0.10156205 0
0.98815816000000001 0.088936080000000001 0
0.18366608000000001 0.0040293899999999999 0
0.18368493 0.52878033999999996 0
0.18373974000000001 0.49640387000000002 0
0.18378855999999999 0.18191959999999999 0
0.18381805000000001 0.45593226999999997 0
0.18385107000000001 0.99826271 0
0.18387102999999999 0.13457847000000001 0
0.18389394000000001 0.82372981999999995 0
0.18398671 0.61718589999999995 0
0.18408547 0.37281788999999999 0
0.18425870999999999 0.43902036 0
0.18428863000000001 0.85103914000000003 0
0.18430424000000001 0.070521940000000005 0
0.1844413 0.12460702 0
0.18445438 0.65423096999999997 0
0.18462887 0.51831943000000003 0
0.18465022 0.64512955999999999 0
0.98969297000000001 0.66440098999999997 0
0.18475158999999999 0.89044787999999997 0
0.18479502 0.10801057 0
0.18483516999999999 0.21926957999999999 0
0.18483579999999999 0.062010280000000001 0
0.18489106 0.052813369999999998 0
0.18491548999999999 0.10625121999999999 0
0.18499929000000001 0.94051799000000003 0
0.18516574999999999 0.39824733000000001 0
0.18516933999999999 0.50833620000000002 0
0.18530245000000001 0.22920760000000001 0
0.18543617000000001 0.27261857 0
0.18552674999999999 0.27964344000000002 0
0.18557006000000001 0.98767278999999997 0
0.18571393 0.56291705000000003 0
0.18576200000000001 0.25286589999999998 0
0.18582815999999999 0.27345254000000002 0
0.18584153 0.50960260999999996 0
0.18585077999999999 0.016631070000000001 0
0.18590640999999999 0.98318174999999997 0
0.18595811000000001 0.98243513000000005 0
0.18602411999999999 0.22412464000000001 0
0.18605740000000001 0.22562999 0
0.18606316000000001 0.85976297999999995 0
0.18613013 0.19332228000000001 0
0.18617107999999999 0.027265439999999998 0
0.18627853999999999 0.083371490000000006 0
0.18634572999999999 0.37519661999999998 0
0.18649073999999999 0.32185931000000001 0
0.18650528 0.047857539999999997 0
0.18672764 0.54981152 0
0.18683781999999999 0.80402921999999999 0
0.18686549999999999 0.35374360999999999 0
0.18690592 0.98097849999999998 0
0.18695909999999999 0.23437651000000001 0
0.1869826 0.94803084000000004 0
0.18705901999999999 0.61344043000000004 0
0.18706110000000001 0.19207298 0
0.18706835999999999 0.54688382999999996 0
0.18708726000000001 0.50917809000000003 0
0.18713284999999999 0.27771828999999998 0
0.18713494999999999 0.11222235 0
0.18716158999999999 0.52007528999999997 0
0.18722786999999999 0.67497996999999998 0
0.18734445 0.91767122999999995 0
0.18742397 0.98955822999999998 0
0.18761005 0.63398483999999999 0
0.187698 0.02945366 0
0.18788708000000001 0.060334029999999997 0
0.18793973 0.99705785000000002 0
0.18814012999999999 0.89511726000000003 0
0.18829112000000001 0.50426053999999998 0
0.99539040999999995 0.52349747999999996 0
0.18836649999999999 0.61158073000000002 0
0.18836918999999999 0.0082221900000000007 0
0.18842780000000001 0.49102182999999999 0
0.18850254999999999 0.84630868999999997 0
0.18854468999999999 0.56016811 0
0.18858053999999999 0.62050108000000004 0
0.18868602000000001 0.81364112 0
0.18880251000000001 0.53597824000000005 0
0.18884667999999999 0.36642149000000002 0
0.18886275999999999 0.73609340000000001 0
0.18887499999999999 0.58670644000000005 0
0.18913770999999999 0.90158870000000002 0
0.1892469 0.79198731 0
0.18924701999999999 0.72053381000000005 0
0.18926915 0.56162007000000003 0
0.18928956999999999 0.50484947999999996 0
0.18935916 0.40507398 0
0.189446 0.082309419999999994 0
0.18953492999999999 0.96682193000000005 0
0.18955605 0.80273163000000003 0
0.18955664999999999 0.78952794999999998 0
0.18960827 0.90600062999999997 0
0.18962603 0.3902677 0
0.18965707000000001 0.91964005000000004 0
0.18973288999999999 0.57353582000000003 0
0.18983758000000001 0.82071726 0
0.1898967 0.54899564999999995 0
0.1900163 0.41214263000000001 0
0.19003746999999999 0.27052242999999998 0
0.19011749999999999 0.069227239999999995 0
0.19017269000000001 0.16380505000000001 0
0.19022765999999999 0.90114351000000004 0
0.98825947999999997 0.47366637 0
0.19031780000000001 0.038490080000000003 0
0.19033438999999999 0.95936571000000004 0
0.19041090999999999 0.73452651000000002 0
0.19042920999999999 0.87251025999999998 0
0.19044008000000001 0.98981171000000001 0
0.19046803000000001 0.62915589999999999 0
0.19047201 0.39054283000000001 0
0.19050843000000001 0.80916476999999998 0
0.19060398000000001 0.94867685000000002 0
0.19060699 0.19081861999999999 0
0.19067286999999999 0.27091347999999998 0
0.19076025999999999 0.19211384000000001 0
0.19076267 0.77543329000000005 0
0.19085298000000001 0.1249577 0
0.19086475999999999 0.24509876 0
0.19088589 0.87974753000000006 0
0.19090625 0.40042934000000002 0
0.19091253 0.49762332999999997 0
0.19100344999999999 0.64864244999999998 0
0.19120975000000001 0.17602522000000001 0
0.19135348999999999 0.65024099999999996 0
0.19136506 0.62163475000000001 0
0.19158301 0.72662053999999998 0
0.19169128999999999 0.78871583999999995 0
0.19177474 0.90594755999999999 0
0.19187621999999999 0.40152588 0
0.19199239000000001 0.068567160000000002 0
0.19206061999999999 0.81998603000000003 0
0.19209903 0.037119109999999997 0
0.19214901000000001 0.62504651 0
0.19229634000000001 0.99153080999999998 0
0.19229909000000001 0.42446451000000002 0
0.19238817999999999 0.99557421000000001 0
0.19243307000000001 0.21593424 0
0.19249474999999999 0.27510628999999998 0
0.19249674999999999 0.95885476999999997 0
0.19249923999999999 0.94396977999999998 0
0.19252124000000001 0.0090199900000000003 0
0.19265885999999999 0.47693069999999999 0
0.19266602999999999 0.12244188 0
0.19268555000000001 0.055199070000000003 0
0.19276014999999999 0.21234165999999999 0
0.19276082999999999 0.56065255000000003 0
0.19285627 1 0
0.19288287000000001 0.74661527000000005 0
0.19297102999999999 0.47889261999999999 0
0.19301320999999999 0.67909980000000003 0
0.19305111 0.18757805999999999 0
0.19305464999999999 0 0
0.19309488999999999 0.56816701999999997 0
0.19311176999999999 0.033806030000000001 0
0.19312853999999999 0.027215389999999999 0
0.19321642999999999 0.63266531000000004 0
0.19328632000000001 0.65955353000000005 0
0.19330248 0.77916903000000004 0
0.19331527000000001 0.19056555999999999 0
0.19332484 0.70706216 0
0.19339656 0.59252468000000003 0
0.19341652000000001 0.74238433000000004 0
0.19344396 0.66915336000000003 0
0.19356887 0.55199505000000004 0
0.19359003999999999 0.99704694999999999 0
0.19360327999999999 0.45606625000000001 0
0.99553835000000002 0.44558028 0
0.19374090999999999 0.36364379000000002 0
0.19382192000000001 0.01374824 0
0.19383659 0.72088171999999995 0
0.19387500999999999 0.65491754000000002 0
0.19402061000000001 0.74920368000000004 0
0.19414427000000001 0.36601761999999999 0
0.194157 0.29257430000000001 0
0.19423248000000001 0.53558969000000001 0
0.19423637999999999 0.18213646 0
0.19425553000000001 0.22997861999999999 0
0.194275 0 0
0.19427674 0.31842353000000001 0
0.19429298 0.95589637999999999 0
0.19438063 0.0079885600000000005 0
0.19460485 0.26929914999999999 0
0.19489967 0.47342861000000003 0
0.19494913999999999 0.023688520000000001 0
0.19516096999999999 0.88193737999999999 0
0.19519998999999999 0.59174358999999999 0
0.19528217 0.02113601 0
0.19532666000000001 0.29378534000000001 0
0.19537561000000001 0.013449620000000001 0
0.19538467000000001 0.95557596 0
0.19540826 0.39401568999999997 0
0.19540998000000001 0.92286992000000001 0
0.19542536999999999 0.90040606999999995 0
0.19544913 0.19392553000000001 0
0.98750221000000005 0.018214129999999999 0
0.19565822999999999 0.023528230000000001 0
0.19574327999999999 0.3404045 0
0.19575058000000001 0.28180512000000002 0
0.19587864999999999 0.86840965000000003 0
0.19591606 0.33010907 0
0.19598989999999999 1 0
0.19601419 0.27369126999999999 0
0.19608788999999999 0.76901993999999996 0
0.19620112000000001 0.67040606999999997 0
0.19629474 0.063901650000000004 0
0.19643234000000001 0.97517615000000002 0
0.99616517000000004 0.54604861999999998 0
0.19649813999999999 0.41360549000000002 0
0.19654679999999999 0.57103207 0
0.19670460000000001 0.00158665 0
0.19673836 0.22856025999999999 0
0.19679642999999999 0.46715586999999997 0
0.19709552 0.79407044000000004 0
0.19714524 0.046126710000000001 0
0.19717793 0.76895957999999998 0
0.19735196999999999 0.22514187999999999 0
0.19735229000000001 0.78794114000000004 0
0.19740448999999999 0.12678078000000001 0
0.19740845000000001 0.62536601999999997 0
0.1974138 0.53540122000000001 0
0.19744058 0.84645884999999998 0
0.1975083 0.62644942999999997 0
0.19757748 0.93193384000000001 0
0.19759816999999999 0.94863058 0
0.19760237 0.71241082 0
0.19763206999999999 0.64707135999999998 0
0.19777631000000001 0.73941705999999996 0
0.19778179000000001 0.79550878000000003 0
0.19782578000000001 0.87745408000000003 0
0.19782585 0.88830151000000002 0
0.1979245 0.67130555000000003 0
0.1979737 0.53679631999999999 0
0.19810659999999999 0.84784963000000002 0
0.19814250999999999 0.83888121000000004 0
0.19815932 0.14651607 0
0.19817434 0.81536878000000002 0
0.19817957 0.59719719000000004 0
0.19833398999999999 0.56804211000000004 0
0.19834652 0.018540549999999999 0
0.19836453000000001 0.61622357000000005 0
0.19839283999999999 0.47415654000000002 0
0.19839863999999999 0.88041544999999999 0
0.19842699 0.52363886000000004 0
0.19846784000000001 0.71639295000000003 0
0.19860067000000001 0.10149756 0
0.1986009 0.94297425000000001 0
0.19863607999999999 0.30407361999999999 0
0.19867460000000001 0.82443379999999999 0
0.19873985 0.28754018999999997 0
0.19877834999999999 0.19009501000000001 0
0.19878504 0.75334709 0
0.19886873999999999 0.97056308999999996 0
0.19892965000000001 0.97892223 0
0.19897008999999999 0.75287247999999996 0
0.19900142000000001 0.41092159 0
0.19917410999999999 0.27928538000000003 0
0.19919813 0.66746854 0
0.19931188 0.66143788999999997 0
0.19935886 0.36489642999999999 0
0.19937015 0.41521328000000002 0
0.19937626 0.51676285 0
0.19944688999999999 0.48316753000000001 0
0.19950077999999999 0.77789618000000005 0
0.19954726 0.65051102000000005 0
0.19955995000000001 0.31204109000000002 0
0.19969637000000001 0.72635890000000003 0
0.19971812999999999 0.23775228000000001 0
0.19982211999999999 0.26627943999999998 0
0.99014007000000004 0.56086309000000001 0
0.2000083 0.22640376000000001 0
0.20005265999999999 0.88274956999999998 0
0.20006436 0.32767646 0
0.20006799 0.062850600000000006 0
0.20010180999999999 0.41272331000000001 0
0.20019427000000001 0.86770952999999995 0
0.20028788 0.71815519999999999 0
0.20030924 0.88119177999999998 0
0.20040551000000001 0.87017929000000005 0
0.2004348 0.93477449999999995 0
0.20060032999999999 0.58869755000000001 0
0.20062482000000001 0.35500367999999999 0
0.20066818 0.83821195999999998 0
0.20068015 0.98775648000000005 0
0.20069068000000001 0.080368640000000005 0
0.20075968 0 0
0.20085185999999999 0.28719194999999997 0
0.20087297000000001 0.93113723999999998 0
0.20090047 0.35581594 0
0.20095769999999999 0.77901617999999995 0
0.20108358000000001 0.024474969999999999 0
0.20113533 0.63037657999999996 0
0.20121839999999999 0.75746917000000002 0
0.20122825 0.39456824000000001 0
0.20128354000000001 0.31609785000000001 0
0.20131663999999999 0.15537771 0
0.2013855 0.83081711999999996 0
0.20148658999999999 0.034871050000000001 0
0.20148923999999999 0.17238143 0
0.20155961999999999 0.37091401000000002 0
0.20159843 0.64484059000000005 0
0.98763995999999998 0.38547612999999997 0
0.2018201 0.51201339999999995 0
0.20187542 0.82316476000000005 0
0.20209985999999999 0.67753896000000002 0
0.20211614999999999 0.12157879000000001 0
0.20212451000000001 0.22851189 0
0.20220958 0.47778046000000002 0
0.20242046 0.4540438 0
0.20251640000000001 0.85231937999999996 0
0.20253202000000001 0.64367406000000005 0
0.20253409999999999 0.48629455999999999 0
0.20257985000000001 0.72343294000000002 0
0.20267373 0.85554947000000003 0
0.20271423999999999 0.91247933999999997 0
0.20276762000000001 0.43919045000000001 0
0.20279343 0.47568473999999999 0
0.20281613000000001 0.035576240000000002 0
0.20282476999999999 0.70677080000000003 0
0.20292980999999999 0.064399100000000001 0
0.98472479999999996 0.41046713000000001 0
0.20301918999999999 0.50427569000000005 0
0.20309004999999999 0.55097404999999999 0
0.20327954000000001 0.89175614000000003 0
0.20346138 0.51567174999999998 0
0.20352197 0.40688170000000001 0
0.20354136 0.00208208 0
0.20355672 0.18183061 0
0.2035573 0.65544696000000002 0
0.20360654 0.25164122999999999 0
0.20373104 0.34095352000000001 0
0.20377418999999999 0.35294133999999999 0
0.20398210999999999 0.26717015999999999 0
0.20399031000000001 0.29884094999999999 0
0.20404374 0.75934725000000003 0
0.2041549 0.53422588000000004 0
0.20418206 0.18842201 0
0.20427437000000001 0.68033202000000004 0
0.20427748000000001 0.76345313000000004 0
0.20431045 0.95272734999999997 0
0.20444011000000001 0.33486643999999999 0
0.20448756000000001 0.75407705999999997 0
0.20454442 0.20197851 0
0.20464146999999999 0.94085211000000002 0
0.20471038999999999 0.68409365 0
0.20517664999999999 0.75874147000000003 0
0.20520773 0.67465512999999999 0
0.20520874 0.70976209000000001 0
0.20522918000000001 0.055175330000000002 0
0.20532195 0.91451572999999997 0
0.2053556 0.19295638000000001 0
0.20539954999999999 0.70353286000000004 0
0.20544156999999999 0.58039286000000001 0
0.20548880999999999 0.8669945 0
0.20552565 0.75743581999999998 0
0.20572243000000001 0.63206108000000005 0
0.20574939 0.64924548000000004 0
0.20594167999999999 0.12272848 0
0.20599028 0.53017555000000005 0
0.20600315 0.68947526000000003 0
0.20603869 0.16660591 0
0.20615131 0.61472439999999995 0
0.2063461 0.83040371999999996 0
0.20644262999999999 0.94365326999999999 0
0.20644314999999999 0.68963030999999997 0
0.20659717999999999 0.96309526000000001 0
0.20662753 0.45037340999999997 0
0.20670975 0.55079182000000004 0
0.20680283999999999 0.23969123000000001 0
0.20681099 0.29997815 0
0.20687995000000001 0.93431944 0
0.20697098 0.36626869000000001 0
0.20719038000000001 0.80743248000000001 0
0.20720986 0.39925124000000001 0
0.20740522 0.15193034999999999 0
0.2074531 0.76845843000000003 0
0.20755232000000001 0.54876950000000002 0
0.20766181 0.61143756999999999 0
0.20784585 0.90484381999999997 0
0.20788133 0.74806594000000004 0
0.20792690999999999 0.12209979999999999 0
0.20800223000000001 0.17607679000000001 0
0.20801112999999999 0.79302229000000002 0
0.20802966000000001 0.43803562000000001 0
0.20813114999999999 0.85699037 0
0.20815153 0.22856724 0
0.20819098999999999 0.49745713000000003 0
0.20819847 0.39993562999999999 0
0.20821795000000001 0.90318746000000005 0
0.20824529 0.76597815999999996 0
0.20826222 0.77548594999999998 0
0.20826471999999999 0.20052485 0
0.20827975000000001 0.39121804999999998 0
0.20830339 0.30655389999999999 0
0.20831873000000001 0.93029706000000001 0
0.20834894000000001 0.67042108 0
0.20837230000000001 0.73452132000000003 0
0.20849777 0.33891673 0
0.20857748000000001 0.054390819999999999 0
0.20858405999999999 0.84292666000000005 0
0.20863683999999999 0.59200257000000001 0
0.20866776000000001 0.074834339999999999 0
0.20868059 0.38841189999999998 0
0.20868921000000001 0.084396020000000002 0
0.20871366 0.46035040999999999 0
0.20872647 0.91609719000000001 0
0.20875898000000001 0.23205084000000001 0
0.20878717999999999 0.85834823999999998 0
0.20883083999999999 0.70171280000000003 0
0.20883383999999999 0.18798987 0
0.20884035000000001 0.37863490999999999 0
0.20890558000000001 0.91273258000000002 0
0.20891612000000001 0.74254248 0
0.20900560000000001 0.22062735999999999 0
0.20900789 1 0
0.20910914 0.35631675000000002 0
0.20912860999999999 0.79326302000000004 0
0.20913655 0.82798886999999999 0
0.20915402999999999 0.16964051999999999 0
0.20917246 0.099505289999999996 0
0.20928247999999999 0.61426329999999996 0
0.20936605 0.34262047000000001 0
0.20945153999999999 0.51847962999999997 0
0.20949380000000001 0.83764609999999995 0
0.20952952 0.57971077000000004 0
0.20963213999999999 0.42136275000000001 0
0.20969372999999999 0.56404971000000004 0
0.20973401 0.37354849000000001 0
0.20973715000000001 0.25595069999999998 0
0.20983760000000001 0.32306288999999999 0
0.20996603 0.47615942999999999 0
0.21005661 0.78107638000000001 0
0.21025619000000001 0.62235251000000003 0
0.21033711999999999 0.086626259999999997 0
0.21034485 0.36559260999999998 0
0.21035698 0.68265891000000001 0
0.21036226999999999 0.62365762000000002 0
0.21043823 0.72396066000000003 0
0.2104868 0.24703075999999999 0
0.21053115999999999 0.27790555 0
0.21053206999999999 0.11495105999999999 0
0.21059721000000001 0.17554333999999999 0
0.21068123 0.85548904999999997 0
0.21075316999999999 0.50038996999999996 0
0.21076626000000001 0.94637492000000001 0
0.21083879999999999 0.18702173 0
0.21093919 0.14750516 0
0.21096132000000001 0.95882215999999998 0
0.21096807000000001 0.079988459999999997 0
0.21111405999999999 0.63675877000000003 0
0.21119519 0.89027964000000004 0
0.21124055 0.61679722000000003 0
0.21132252000000001 0.49174774999999998 0
0.21132297 0.85098328999999995 0
0.21140036000000001 0.74232547999999998 0
0.21142443 0.20120903000000001 0
0.2114316 0.37102089999999999 0
0.21144203 0.92705590999999998 0
0.21150814000000001 0.73857149 0
0.21163504999999999 0.30578916 0
0.21179015000000001 0.69699456999999998 0
0.21183125 0.89232597999999996 0
0.21190173000000001 0.44593294999999999 0
0.21196074000000001 0.95219805000000002 0
0.21205938999999999 0.95134030000000003 0
0.21209866999999999 0.17745494000000001 0
0.21214021 0.94202235000000001 0
0.21219123000000001 0.97850881999999995 0
0.21221972 0.01074612 0
0.21232038 0.14396675 0
0.21232868999999999 0.50745702000000004 0
0.21236637 0.67796254 0
0.21251803999999999 0.28106955 0
0.21252294999999999 0.053484839999999999 0
0.21257723000000001 0.85420781999999995 0
0.21258319000000001 0.19215478999999999 0
0.21264031999999999 0.0046464399999999999 0
0.21268962999999999 0.44237776000000001 0
0.21269033000000001 0.95841166 0
0.21276629999999999 0.34113457000000003 0
0.21280563 0.70548255000000004 0
0.21290063000000001 0.52357498999999996 0
0.21295256000000001 0.26613955 0
0.2129538 0.31914817000000001 0
0.21300139000000001 0.48019517 0
0.21306126 0.67723633999999999 0
0.21309571999999999 0.80954353000000001 0
0.21316758 0.72532584 0
0.21319225 0.0089996999999999994 0
0.21326628 0.94924878999999995 0
0.21332254 0.20227200000000001 0
0.21343692 0.97085146 0
0.21345417 0.11357326 0
0.21353559 0.81589769000000001 0
0.21366821999999999 0.17255667999999999 0
0.21377864999999999 0.62239338 0
0.21377874999999999 0.27115474000000001 0
0.21381554999999999 0.73170153999999998 0
0.21383306999999999 0.72664991999999995 0
0.21388234 0.02746347 0
0.21390189000000001 0.89895294000000003 0
0.21392833999999999 0.074682879999999993 0
0.21393213999999999 0.55391889000000005 0
0.21399114 0.64455209000000002 0
0.21404876 0.43631678000000002 0
0.21411454999999999 0.45933152999999999 0
0.21413486000000001 0.76430602999999997 0
0.21415729 0.76634891999999999 0
0.21416698000000001 0.61060961000000002 0
0.21418068000000001 0.87285330999999999 0
0.21418718 0.66920135000000003 0
0.21418744000000001 0.23455677999999999 0
0.21426028 0.83510357999999996 0
0.21430444000000001 0.27328762000000001 0
0.21433236999999999 0.69231836000000002 0
0.21436868000000001 0.60683860999999995 0
0.21437993 0.54926512999999999 0
0.21438178999999999 0.72999088000000001 0
0.21444445000000001 0.82155730000000005 0
0.21445260999999999 0.4753481 0
0.21446888 0.83079696999999997 0
0.21447009 0.18307527000000001 0
0.2145958 0.81856348000000001 0
0.21472216999999999 0.39172000000000001 0
0.21480560000000001 0.51927586999999997 0
0.21501624999999999 0.066026219999999997 0
0.21501909 0.77886946999999995 0
0.21513611999999999 0.83997465999999998 0
0.21515480000000001 0.10025713999999999 0
0.21535968 0.73166562000000002 0
0.21540344 0.84885829999999995 0
0.21543586000000001 0.61253886000000002 0
0.21546143000000001 0.25348055000000003 0
0.21546162999999999 0.91806536000000005 0
0.21546233000000001 0.031538200000000002 0
0.21547253999999999 0.23802059 0
0.21554359000000001 0.38566042 0
0.21555052999999999 0.020378400000000001 0
0.21571987000000001 0.10892158 0
0.21581777999999999 0.86334127000000005 0
0.21591932999999999 0.78021344000000004 0
0.21598313999999999 0.65901949000000004 0
0.21604652999999999 0.50727774999999997 0
0.21621539000000001 0.17635219999999999 0
0.21629862 0.70033522000000004 0
0.21633480999999999 0.89790088999999995 0
0.21648264 0.37641551000000001 0
0.21651906000000001 0.64474416999999995 0
0.21653006999999999 0.86909071999999998 0
0.21658691999999999 0.62432321000000002 0
0.21659366999999999 0.021386479999999999 0
0.21667423999999999 0.43946031000000002 0
0.21686765 0.14070079999999999 0
0.21691342999999999 0.42305955000000001 0
0.21697206999999999 0.52284322999999999 0
0.21699874 0.33624458000000002 0
0.21702542 0.085170309999999999 0
0.21706993999999999 0.52091379000000004 0
0.21708089 0.93452334000000004 0
0.21717201999999999 0.58377818000000004 0
0.21719211999999999 0.31980151000000001 0
0.21724721 0.01666865 0
0.21732884 0.88008710999999995 0
0.21734440999999999 0.10575609 0
0.21737147000000001 0.93759809999999999 0
0.21745801000000001 0.78317208000000005 0
0.21750069 0.72495719000000003 0
0.21750596 0 0
0.21754620999999999 0.086333409999999999 0
0.21755315 0.38370781999999998 0
0.21759112999999999 0.63564885999999998 0
0.21759587999999999 0.11304733 0
0.21783079999999999 0.90820508 0
0.21794593000000001 0.10310134999999999 0
0.21799257 0.34539702 0
0.21811453 0.29740712000000002 0
0.21813759999999999 0.66456713999999995 0
0.21842323999999999 0.84360451000000003 0
0.21853457000000001 0.12335351 0
0.21853721000000001 0.83254112999999996 0
0.21854989999999999 0.34763513000000001 0
0.21856787999999999 0.20103287 0
0.21857631 0.051185639999999998 0
0.21858153 0.38957238999999999 0
0.21858636000000001 0.71695681 0
0.21859004000000001 0.35242688 0
0.21859461999999999 0.23275338000000001 0
0.21871149000000001 0.60620447 0
0.21879655000000001 0.47758796999999997 0
0.21880192000000001 1 0
0.21892828 0.98674974000000004 0
0.21899787000000001 0.32639611000000002 0
0.219218 0.81317273000000001 0
0.21940202 0.12262381999999999 0
0.99537819999999999 0.59015757000000002 0
0.21944226 0.63686449999999994 0
0.21947738 0.057585860000000003 0
0.21950190999999999 0.026663329999999999 0
0.21951528000000001 0.80107700000000004 0
0.21955838 0.068018729999999999 0
0.21971133000000001 0.59169649999999996 0
0.21982599 0.53545863999999999 0
0.21983015 0.034732600000000002 0
0.21984384000000001 0.40480599 0
0.21988527999999999 0.50473411999999995 0
0.22016431 0.35895157999999999 0
0.22018615999999999 0.39077299999999998 0
0.22020298999999999 0.40534319000000002 0
0.22026956 0.93868936999999997 0
0.22029619 0.34007702000000001 0
0.22033432999999999 0 0
0.22044639999999999 0.29917041999999999 0
0.22046172 0.21133398 0
0.22060948999999999 0.42824594999999999 0
0.22077255000000001 0.29928505999999999 0
0.22091962000000001 0.53592094000000001 0
0.22095393999999999 0.94020643999999998 0
0.22099446 0.27073575999999999 0
0.22110846000000001 0.04308273 0
0.22117394000000001 0.33296176999999999 0
0.22118624000000001 0.22729808000000001 0
0.22120335999999999 0.83736361000000004 0
0.22139919 0.80425027999999998 0
0.22159664000000001 0.40983086000000002 0
0.22160054000000001 0.36737512999999999 0
0.22166197000000001 0.27679941000000002 0
0.22174691999999999 0.61817922000000003 0
0.98505602999999997 0.14330064000000001 0
0.22197676 0.79924852999999996 0
0.22199426999999999 0.77704715999999996 0
0.22204505999999999 0.57983709000000005 0
0.22217924 0.64469673000000005 0
0.22231550999999999 0.099578079999999999 0
0.22241435000000001 0.90331119000000004 0
0.22242176 0.35402777000000002 0
0.22248562 0.78025104000000001 0
0.22252366000000001 0.94843421999999999 0
0.22261491 0.41206114999999999 0
0.22261581999999999 0.27898863000000002 0
0.22268876000000001 0.45480145999999999 0
0.22271277 0.10088568000000001 0
0.22278653000000001 0.16889625999999999 0
0.22284756999999999 0.39023224000000001 0
0.22288162 0.34093572999999999 0
0.22289829999999999 0.46921856000000001 0
0.22294381999999999 0.52654635000000005 0
0.22301196000000001 0.19049961000000001 0
0.22305989000000001 0.58344404999999999 0
0.22320258000000001 0.02406407 0
0.22326724000000001 0.97881404999999999 0
0.22331651 0.79930144000000003 0
0.22335213000000001 0.66059036999999998 0
0.22338659 0.20099824999999999 0
0.22341288000000001 0.43713038999999998 0
0.22348035999999999 0.92760138999999997 0
0.22355702999999999 0.21574973 0
0.22368673 0.18790992000000001 0
0.22374163999999999 0.19813979000000001 0
0.22393344000000001 0.25298689000000002 0
0.22396858 0.39503298999999997 0
0.22398993 0.12640979999999999 0
0.22401890999999999 0.56104564999999995 0
0.22402187000000001 0.066727560000000005 0
0.22415377 0.42323891000000002 0
0.22416194 0.42708644000000001 0
0.22416485999999999 0.26770705 0
0.22425630999999999 0.033490190000000003 0
0.22430875 0.40152536 0
0.22431712000000001 0.37017810000000001 0
0.22435662000000001 0.33576245999999998 0
0.22445764000000001 0.053000459999999999 0
0.22450018999999999 0.34150141000000001 0
0.22455389000000001 0.84710806999999999 0
0.22457590999999999 0.84279758999999999 0
0.22461532000000001 0.82018637999999999 0
0.22477204000000001 0.79069562000000004 0
0.22477601999999999 0.45067956999999997 0
0.22486816000000001 0.86016714000000005 0
0.22494104000000001 0.070114469999999998 0
0.22512767 0.5446377 0
0.22543912999999999 0.11887899 0
0.22547091 0.9422798 0
0.22557720000000001 0.069846619999999998 0
0.22563833 0.58962639999999999 0
0.22585540000000001 0.01233482 0
0.22593471000000001 0.46804203999999999 0
0.225937 0.51207276000000002 0
0.22597787999999999 0.47878309000000002 0
0.22604753999999999 0.11378716 0
0.22606466 0.42301865999999999 0
0.22614395000000001 0.15179338000000001 0
0.22620141999999999 0.65699580000000002 0
0.22635462000000001 0.31453252999999998 0
0.22636816000000001 0.46313953000000002 0
0.2263889 0.59155751000000001 0
0.22641053999999999 0.77925091000000002 0
0.22656396000000001 0.03836908 0
0.22661891000000001 0.53253697 0
0.22663620000000001 0.33244275000000001 0
0.22686722000000001 0.74339705 0
0.22686867999999999 0.48563231000000001 0
0.22691726000000001 0.47925898 0
0.22694285 0.24942220000000001 0
0.22712726999999999 0.42760152000000001 0
0.22713852000000001 0.081394019999999997 0
0.22714891000000001 0.15244574 0
0.22719734999999999 0.35335397000000002 0
0.22727611 0.98765289000000001 0
0.22737899 0.65355631000000003 0
0.22739092999999999 0.59201453000000004 0
0.22741337 0.62210421000000005 0
0.22742258000000001 0.43222550999999998 0
0.22751429000000001 0.59763719999999998 0
0.22754431 0.063059050000000005 0
0.22763710000000001 0.96889815000000001 0
0.22771159999999999 0.87048731000000001 0
0.22779325 0.046936039999999998 0
0.2279458 0.10288561 0
0.22796649999999999 0.42169620000000002 0
0.22798098999999999 0.70067539000000001 0
0.22806736 0.60073489999999996 0
0.22806920999999999 0.05494897 0
0.22853801000000001 0.87025527999999996 0
0.22854569999999999 0.42243742000000001 0
0.22857964 0.85374134000000002 0
0.22858281999999999 0.87323647000000004 0
0.22865569999999999 0.40084386999999999 0
0.22867483999999999 0.17447846 0
0.22868345000000001 0 0
0.22881539000000001 0.27922837 0
0.22887546 0.39392679000000003 0
0.22909656 0.10742404999999999 0
0.22942630999999999 0.64406103000000003 0
0.22945268999999999 0.12874847 0
0.22965831 0.84228431000000004 0
0.22971237999999999 0.91432575000000005 0
0.22984441 0.93393258000000001 0
0.22992831999999999 0 0
0.22993225 0.64243002999999999 0
0.22998062999999999 0.089075840000000003 0
0.23009772000000001 0.85036655999999999 0
0.23023435 0.26524610999999998 0
0.23025513 0.30540938000000001 0
0.23028367 0.62994130000000004 0
0.2303492 0.56244764999999997 0
0.23035475999999999 0.96704321999999998 0
0.23036975000000001 0.75091184 0
0.23046136 0.13490147 0
0.23050942999999999 0.36978358 0
0.23053997000000001 0.47542147000000001 0
0.23064224 0.67915393999999996 0
0.23066863000000001 0.16502321 0
0.23070857 0.80327610000000005 0
0.23076288 0.45474556999999999 0
0.23086957 0.11118488 0
0.23088444999999999 0.85380058999999997 0
0.23088633 0.27748005999999997 0
0.23089209999999999 0.16449433999999999 0
0.23089894 0.22716006999999999 0
0.23105608 0.25387401999999998 0
0.23106313000000001 0.63168933999999999 0
0.23110293000000001 0.53123480000000001 0
0.23114059000000001 0.97320985999999998 0
0.23120083 0.36539484999999999 0
0.23123869 0.013644160000000001 0
0.23131289999999999 0.91920088 0
0.23134372 1 0
0.23144273000000001 0.18578947000000001 0
0.23144302999999999 0.56040906999999995 0
0.23155584000000001 0.16435996999999999 0
0.23158432000000001 0.94424934000000005 0
0.23161615999999999 0.26673666000000001 0
0.23166086999999999 0.32747559999999998 0
0.23180001 0.46976765999999998 0
0.23181513000000001 0.45263915999999998 0
0.23195794 0.68552245000000001 0
0.23197264000000001 0.19191464 0
0.23200176 0.12820097999999999 0
0.23200577999999999 0.051478650000000001 0
0.23205624999999999 0.84441513999999995 0
0.23205759000000001 0.0042686199999999999 0
0.23207301999999999 0.80106884 0
0.23215271000000001 0.36863818999999998 0
0.23219295000000001 0.36018056999999998 0
0.23224450999999999 0.12006135 0
0.23230050999999999 0.42638258000000001 0
0.23243122999999999 0.50480011000000002 0
0.23245830000000001 0.13379199 0
0.23255866 0.86597546999999997 0
0.23258935999999999 0.36296948000000001 0
0.23259822999999999 0.87616450000000001 0
0.23262284 0.017883980000000001 0
0.23262471000000001 0.21363786000000001 0
0.23269060999999999 0.17265415000000001 0
0.98815834000000002 0.56063890000000005 0
0.23273752 0.50985093000000004 0
0.2327419 0.24360414 0
0.23278377 0.10331715 0
0.23288629999999999 0.83022867 0
0.23292877000000001 0.98071171000000001 0
0.23302796000000001 0.19594094000000001 0
0.23306531 0.88118748999999996 0
0.23307854 0.47009119999999999 0
0.23315324000000001 0.49850352999999997 0
0.23316020000000001 0.11572275999999999 0
0.23321866999999999 0.60598443999999996 0
0.2332496 0.81987863000000005 0
0.23329268 0.48280653000000001 0
0.23335998999999999 0.062499529999999998 0
0.23336324 0.97343204999999999 0
0.23344908 0.34245335999999998 0
0.23383072999999999 0.45855609000000003 0
0.23386625999999999 0.85991187000000002 0
0.23400307000000001 0.91585006000000002 0
0.23406872000000001 0.01980848 0
0.2340826 0.039616390000000001 0
0.23410215000000001 0.72797729 0
0.23414407000000001 0.45184359000000002 0
0.23415269999999999 0.34593734999999998 0
0.23415495 0.76386401000000004 0
0.23426009 0.64624411999999998 0
0.23427585000000001 0.53016753000000005 0
0.2343402 0.061843960000000003 0
0.23435981 0.51387685000000005 0
0.23444444 0.81600373000000004 0
0.23450392 0.44215786000000001 0
0.23452487999999999 0.62702473999999997 0
0.23452722000000001 0.17674492999999999 0
0.23457620000000001 0.044419899999999998 0
0.23461802000000001 0.85597245 0
0.23468706 0.11190376 0
0.23480590000000001 0.45850548000000002 0
0.23484716999999999 0.34026260000000003 0
0.23490325000000001 0.097793519999999995 0
0.23492594999999999 0.34669330999999998 0
0.23497464000000001 0.92779425999999998 0
0.23527276 0.81118829000000003 0
0.23543821000000001 0.18558814000000001 0
0.23548131 0.15673661999999999 0
0.23549980000000001 0.52641777000000001 0
0.23552902000000001 0.19409932999999999 0
0.23557102999999999 0.099129590000000004 0
0.23559637 1 0
0.98520923999999999 0.13799787999999999 0
0.23563533 0.53047854000000005 0
0.23569309999999999 0.67447351 0
0.23592013000000001 0.85302029000000001 0
0.23595849999999999 0.73892690000000005 0
0.23596913999999999 0.90090992999999997 0
0.23599935999999999 0.96217622999999997 0
0.23605701000000001 0.66211927999999998 0
0.23613511000000001 0.0517595 0
0.23617110999999999 0.75634455 0
0.23630014999999999 0.99550660999999996 0
0.23635138 0.42719341 0
0.23635258000000001 0.93459387999999999 0
0.23658905999999999 0.18553816000000001 0
0.23662857000000001 0.095225119999999996 0
0.23663039999999999 0.39040270999999999 0
0.23666635999999999 0.42282734999999999 0
0.23668552000000001 0.52832522000000004 0
0.23669391000000001 0.24654245999999999 0
0.23671384000000001 0.13373062999999999 0
0.23675541999999999 0.87176662000000005 0
0.23679632 0.89690948999999998 0
0.23680691000000001 0.76594211000000001 0
0.23682310000000001 0.98297844999999995 0
0.23682478000000001 0.86304075999999996 0
0.23690283000000001 0.049998109999999998 0
0.23691266 0.65507546999999999 0
0.23692484999999999 0.35747744999999997 0
0.23696523 0.45915256999999998 0
0.23703088 0.02950239 0
0.2371769 0.75384689999999999 0
0.23720860999999999 0.73745227000000002 0
0.23730957 0.83127885999999995 0
0.23736186000000001 0.99027838000000001 0
0.23736869999999999 0.67334386000000002 0
0.23742621999999999 0.20180355 0
0.23744936999999999 0.25573765999999998 0
0.23754696 0.03062264 0
0.23763166999999999 0.40233718000000002 0
0.23763502 0.080402189999999998 0
0.23791423 0.71572835000000001 0
0.23798553 0.76755055999999999 0
0.23810692999999999 0.23646460999999999 0
0.23817601999999999 0.024191230000000001 0
0.98831687000000001 0.97150532000000001 0
0.23826395 0.4791628 0
0.99644538000000005 0.17195183 0
0.23839527999999999 0.65861707999999997 0
0.23860933000000001 0.057542169999999997 0
0.23874966 0.13581090000000001 0
0.23885137000000001 0.27686253999999999 0
0.23896825999999999 0.65318949000000004 0
0.23901775 0.068142250000000001 0
0.23902593999999999 0.26217469999999998 0
0.23903621999999999 0.10369183999999999 0
0.23911238000000001 0.45596740000000002 0
0.23920657000000001 0.16855048 0
0.23922234000000001 0.47068966000000001 0
0.23929455999999999 0.82421535000000001 0
0.23929471999999999 0.97897699999999999 0
0.98820264000000002 0.056623119999999999 0
0.23933083999999999 0.89257432000000003 0
0.23949027000000001 0.66769407999999997 0
0.23960005000000001 0.060167520000000002 0
0.23963108999999999 0.92609224999999995 0
0.23971761 0.047377080000000002 0
0.23977936 0.85078622000000004 0
0.23980677 0.14507032 0
0.23988201000000001 0.27691901000000002 0
0.23989672000000001 0.45063562000000001 0
0.24018856 0.49303019999999997 0
0.24025381000000001 0.58706190000000003 0
0.24033082 0.33057223000000002 0
0.24035675000000001 0.33992959 0
0.24037854 0.24941690999999999 0
0.98532030999999998 0.61130693999999997 0
0.24053986999999999 0.33509456999999998 0
0.24059667000000001 0.12908965999999999 0
0.24068163000000001 0.15187788999999999 0
0.2407147 0.93780052999999997 0
0.24075787000000001 0.16402146000000001 0
0.24083088999999999 0.13357805 0
0.24087797999999999 0.057440430000000001 0
0.24094866000000001 0 0
0.24097892000000001 0.23090421999999999 0
0.24113365 0.83051624999999996 0
0.2411896 0.97493079000000005 0
0.24122813000000001 0.40174837000000002 0
0.24136112000000001 0.63919046999999996 0
0.24148992999999999 0.25068659999999998 0
0.24163238000000001 0.077531539999999996 0
0.24166135999999999 0.11317159 0
0.24172885999999999 0.12010902 0
0.24176216 0.82918323000000005 0
0.24179871999999999 0.53167898999999996 0
0.24182555999999999 0.55208389999999996 0
0.24187072000000001 0.38302469 0
0.24189872000000001 0.82412739999999995 0
0.24196956999999999 0.11466693999999999 0
0.98962728 0.69530544000000005 0
0.24207090000000001 0.70378940999999995 0
0.24209713999999999 0.81412203000000005 0
0.24214276000000001 0.30686579000000003 0
0.24220053999999999 0.87122257999999997 0
0.24229553000000001 0.05797567 0
0.24239799000000001 0.53474706000000005 0
0.24246139 0.69750029999999996 0
0.24247526 0.42150546999999999 0
0.24252818000000001 0.33490944 0
0.2425349 0.31448902000000001 0
0.24254896000000001 0.11539348000000001 0
0.24257419 0.34132224999999999 0
0.2426286 0.79092107 0
0.24262903999999999 0.97807124999999995 0
0.24263642999999999 0.78818964999999996 0
0.24265875000000001 0.85573063999999999 0
0.24279740999999999 0.089653969999999999 0
0.24289261000000001 0.54075801999999995 0
0.24291620999999999 0.053921289999999997 0
0.24303415 0.62572264 0
0.24327198999999999 0.11624965 0
0.24328781999999999 0.042047750000000002 0
0.24334831000000001 0.68762595999999998 0
0.24342226 0.19627405000000001 0
0.24350722999999999 0.38140039999999997 0
0.24353146000000001 0.087957140000000003 0
0.24361103000000001 0.47868424999999998 0
0.24363578 0.20748154999999999 0
0.24366879999999999 0.71286704000000001 0
0.24367332 0.31305147999999999 0
0.24369613000000001 0.75471509000000003 0
0.99013417999999997 0.18609345999999999 0
0.24383748 0.73611888000000003 0
0.24391342999999999 0.62230542 0
0.24397041 0.14959156000000001 0
0.24412976 0.94813771999999996 0
0.24425575999999999 0.051307600000000002 0
0.99562835999999999 0.96117732 0
0.24440935999999999 0.92659923 0
0.24446212 0.42934507999999999 0
0.24447573 0.013681540000000001 0
0.24452637999999999 0.17893086999999999 0
0.24455379999999999 0.41480595999999997 0
0.24465311000000001 0.16576271000000001 0
0.24474673999999999 0.51009614000000003 0
0.24478774 0.18501334999999999 0
0.24484893999999999 0.71277263000000002 0
0.24488599 1 0
0.99042118000000001 0.92724010999999995 0
0.24518943000000001 0.71132171 0
0.24529033 0.24942531000000001 0
0.24529467999999999 0.16742957 0
0.24532741999999999 0.79184723999999995 0
0.24537232 0.32356681999999998 0
0.24540414999999999 0.78863331000000003 0
0.24540961999999999 0.95939070000000004 0
0.24556349999999999 0.13998986999999999 0
0.24563421999999999 0.81835475000000002 0
0.24568955000000001 0.29743117000000002 0
0.24577088 0.7604419 0
0.24581127999999999 0.91392839999999997 0
0.24582539 0.46425898999999998 0
0.24584949 0.0022899399999999999 0
0.24585198 0.98259569000000002 0
0.24591688 0.78313595999999996 0
0.24598084000000001 0.84258675000000005 0
0.24598961 0.95328674000000002 0
0.24601239 0.52019188000000005 0
0.24605794 0.61097221999999995 0
0.24630995 0.12140184 0
0.24632424 0.22876323000000001 0
0.24632729 0.16479791999999999 0
0.24652447999999999 0.73970327999999996 0
0.24653828 0.88559827999999996 0
0.24654329999999999 0.55191667 0
0.24654462999999999 0.33401240999999998 0
0.24655506999999999 0.80267352999999997 0
0.24668770000000001 0.53872165999999999 0
0.24669419000000001 0.74285177999999996 0
0.24682001000000001 0.70072535999999996 0
0.24683194999999999 0.2078499 0
0.24706906000000001 0.66969314999999996 0
0.24715098999999999 0.20124708999999999 0
0.24725902 0.076836699999999994 0
0.24731891 0.32607404000000001 0
0.24742362000000001 0.80277175999999995 0
0.24752637999999999 0.12354643999999999 0
0.24755202000000001 0.1066604 0
0.24771492000000001 0.38517409000000002 0
0.24771656 0.43259426000000001 0
0.24788884999999999 0.18811277000000001 0
0.24806137 0.16422796000000001 0
0.24817332 0.69449660000000002 0
0.24819121 0.25784267 0
0.24820115000000001 0.063778630000000003 0
0.24820898999999999 0.56451432000000001 0
0.24832915999999999 0.86316504000000005 0
0.24856692999999999 0.11524731000000001 0
0.24864267000000001 0.88338178000000001 0
0.24871850000000001 0.63957554999999999 0
0.24878675 0.74919546000000004 0
0.24886833999999999 0.36546796999999998 0
0.24892114000000001 0.34646209 0
0.24894063 0.45361254000000001 0
0.24899678 0.02004912 0
0.24901704 0.50580104999999997 0
0.24910689 0.74183684999999999 0
0.24924542 0.057285490000000001 0
0.24935957 0.13387027000000001 0
0.24939106999999999 0.86344430999999999 0
0.24939481999999999 0.47782393000000001 0
0.2494537 0.93601878000000005 0
0.24957245 0.15222337 0
0.24958408000000001 0.42388924 0
0.99618552000000005 0.62233393999999997 0
0.24967618999999999 0.34779268000000002 0
0.24968588 0.34723928999999998 0
0.24969943999999999 0.47523774000000002 0
0.24974395999999999 0.16449823 0
0.24978273000000001 0.70323283000000003 0
0.24981016 0.58117898999999995 0
0.24987866 0.95608356999999999 0
0.24988949999999999 0.45627014999999999 0
0.24999492000000001 0.46851768999999999 0
0.25001388000000002 0.61606333999999996 0
0.25002590000000002 0.93464948999999997 0
0.25002751000000001 0.92704752999999995 0
0.25006846999999999 0.36212805999999997 0
0.25009700000000001 0.28135416000000002 0
0.25022242 0.32084606999999998 0
0.25030741000000001 0.5074147 0
0.99187698000000002 0.8009539 0
0.25052056 0.53889160000000003 0
0.25053467000000001 0.70843562000000004 0
0.25066411999999999 0.89223564 0
0.25072434999999998 0.063056290000000001 0
0.99256467000000004 0.096755019999999997 0
0.25087958999999999 0.82369031999999998 0
0.25092039999999999 0.98629540999999998 0
0.25092386 0.80391639000000004 0
0.25095086 0.86082915999999998 0
0.25095982999999999 0.25877879999999998 0
0.25097226 0.053427559999999999 0
0.25099559999999999 0.31671473999999999 0
0.25101194999999998 0.43118190000000001 0
0.25104799999999999 0.52607252999999998 0
0.25107220000000002 0.82459101999999995 0
0.25116808000000002 0.41610625000000001 0
0.25117277999999998 0.92590331000000003 0
0.25120738999999997 0.81951008999999997 0
0.25120795000000001 0.39257889000000001 0
0.25129551999999999 0.32644859999999998 0
0.25131794000000002 0.10526981000000001 0
0.25132410999999999 0.27418548999999998 0
0.25141593000000001 0.50310133000000001 0
0.25142241999999998 0.99739113999999995 0
0.25145599000000002 0.85103178999999995 0
0.25150475999999999 0.30062708999999999 0
0.25151212000000001 0.24883390999999999 0
0.25152786999999999 0.78165638999999998 0
0.25156542999999998 0.57356448000000004 0
0.25161225999999998 0.29631784999999999 0
0.25161401 0.13581865000000001 0
0.25165628000000001 0.84818258000000002 0
0.25170208999999999 0.46900895999999997 0
0.25179109999999999 0.99283357999999999 0
0.25183518999999999 0.0036690400000000001 0
0.2518743 0.44845067999999999 0
0.25188459000000002 0.65148810000000001 0
0.25192609999999999 0.28393822000000002 0
0.25196153999999998 0.13208606000000001 0
0.25221571999999998 0.30380823000000001 0
0.25225430999999998 0.14197035999999999 0
0.25225911000000001 0.040665949999999999 0
0.25230093999999997 0.85651096999999998 0
0.25231962000000002 0.13610933 0
0.25232040999999999 0.98088781999999997 0
0.25239367000000001 0.90070954999999997 0
0.25239384999999998 0.20405808 0
0.25244112000000002 0.35209886000000001 0
0.99015211999999997 1 0
0.25249745000000001 0.48621954000000001 0
0.25249774000000003 0.23080305000000001 0
0.25263721 0.36194512000000001 0
0.25265389999999999 0.81269765000000005 0
0.25266367000000001 0.10713172 0
0.25272869999999997 0.75580714000000004 0
0.25275814000000002 0.95391961999999997 0
0.25276804000000003 0.52757432000000004 0
0.25279723999999998 0.90325915000000001 0
0.25280039999999998 0.39518101 0
0.25282459000000002 0.37310410999999999 0
0.25283242 0.015660839999999999 0
0.25291032000000002 0.89734046000000001 0
0.25312361 0.76441159000000003 0
0.25315964000000002 0.77037043999999999 0
0.25316791 0.62965510999999996 0
0.25324893999999998 0.57433334999999996 0
0.25334870999999998 0.26127990000000001 0
0.25347170000000002 0.44858226000000001 0
0.25348788999999999 0.56540117000000001 0
0.25357507000000001 0.62449812000000005 0
0.25366392999999998 0.35679965000000002 0
0.25367641000000002 0.19733382999999999 0
0.25368773 0.85824628000000003 0
0.25374275000000002 0.11491169 0
0.25377022999999999 0.28636080000000003 0
0.25381988 0.96840621999999998 0
0.25389128 0.19841399000000001 0
0.25390916000000002 0 0
0.25398557999999999 0.93230464999999996 0
0.25404116999999998 0.43362684000000001 0
0.25404431999999999 0.68878740000000005 0
0.25408238 0.88448486000000004 0
0.25411581 0.11550332000000001 0
0.25412396999999998 0.93542400999999997 0
0.25414375 0.94238734000000002 0
0.25415103999999999 0.71449326999999996 0
0.25416428000000002 0.20676442 0
0.25416505 0.60953288999999999 0
0.25420838000000001 0.75352198999999997 0
0.25432448000000002 0.97354689000000005 0
0.25455056999999998 0.15288012000000001 0
0.25463439999999998 0.32338559 0
0.25468549000000001 0.84512761000000003 0
0.25475082999999998 0.13495892000000001 0
0.25481867000000002 0.40437726000000002 0
0.25485457 0.38165631999999999 0
0.25499873000000001 0.99585813999999995 0
0.25501114000000003 0.16981102000000001 0
0.25522257999999998 0.043367290000000003 0
0.25524923999999999 0.086836389999999999 0
0.25526167 0.14952076 0
0.25530763000000001 0.25476523000000001 0
0.25531941000000002 0.23968216000000001 0
0.25534496000000001 0.19498662 0
0.25542589999999998 0.42780715000000002 0
0.25550830000000002 0.018198209999999999 0
0.25552140000000001 0.16642291000000001 0
0.25552250999999998 0.78334841 0
0.25561668999999998 0.46939550000000002 0
0.25573507000000001 0.60240108000000003 0
0.25576652 0.60044549999999997 0
0.25581745 0.27694913999999998 0
0.25587140000000003 0.37742133999999999 0
0.25592719000000003 0.22573462 0
0.25595438999999998 0.021097970000000001 0
0.25599168999999999 0.083942970000000006 0
0.25606906000000001 0.82377652000000001 0
0.25613996 0.46696376000000001 0
0.25620992999999997 0.079513609999999998 0
0.25628107999999999 0.99323998000000002 0
0.25639499999999998 0.36714902999999999 0
0.25650020000000001 0.87785223000000001 0
0.25652924999999999 0.25204093999999999 0
0.25666820000000001 0.21948287 0
0.25667525000000002 0.52172006999999998 0
0.25673131999999999 0.017566229999999999 0
0.25675586 0.45267888000000001 0
0.25679611000000002 0.60762203000000004 0
0.25684372 0.99364722999999999 0
0.25688225999999997 0.71766052000000002 0
0.25689350999999999 0.099069660000000004 0
0.25689632000000001 0.22934689 0
0.25689993 0.18059146000000001 0
0.25692545 0.78071676999999995 0
0.25693153000000002 0.36177968999999999 0
0.25701270999999998 0.93044322999999995 0
0.25704167 0.32542111000000001 0
0.25704247000000002 0.37933876999999999 0
0.25709742000000002 0.80440478000000004 0
0.25720286999999997 0.67938915 0
0.25756862000000003 0.2442057 0
0.25757489 0.13587483 0
0.25758744 0.30355971999999998 0
0.25761008000000002 0.070049009999999995 0
0.25763717000000003 0.54100077999999996 0
0.25767110999999998 0 0
0.25775003000000002 0.52714863000000001 0
0.25779488 0.54973298000000004 0
0.25781863999999999 0.16981133000000001 0
0.25786061999999998 0.92498480000000005 0
0.25791929000000002 0.93224819999999997 0
0.25808077000000001 0.31357068999999999 0
0.25815009999999999 0.4080047 0
0.25821543000000002 0.93318555000000003 0
0.99061348000000005 0.84404590999999995 0
0.25825891000000001 0.28553233 0
0.25833779000000001 0.081358529999999998 0
0.25839900999999998 0.15727907999999999 0
0.25846301999999999 0.56945486999999995 0
0.25847407 0.30131891 0
0.25847796000000001 0.50052750999999995 0
0.25849708999999998 0.82092151999999996 0
0.25857486000000002 0.27839217999999999 0
0.25857763 0.00167479 0
0.25859048000000001 0.74483898000000004 0
0.25862513999999998 0.77909848000000004 0
0.25866245999999998 0.79346872000000002 0
0.25874997 0.097337149999999997 0
0.98764792000000001 0.10313395 0
0.25879090999999999 0.9062673 0
0.25885411000000003 0.69443105999999999 0
0.25892674999999998 0.61660320000000002 0
0.25900441000000002 0.87138053000000004 0
0.25900906000000001 0.99298396 0
0.25902037999999999 0.15075831000000001 0
0.25902115999999997 0.89676937000000001 0
0.25914897999999997 1 0
0.25922555000000003 0.84248729 0
0.98768840000000002 0.48932215000000001 0
0.25924395 0.53795548000000004 0
0.25928261000000002 0.18347332999999999 0
0.25929823000000002 0.94428188999999996 0
0.25932912000000002 0.58605172999999999 0
0.25938074 0.23472108 0
0.25953942000000002 0.73179287999999998 0
0.25956073000000002 0.22789138 0
0.25960566000000002 0.42327975000000001 0
0.25962937000000003 0.20533702000000001 0
0.25972205999999998 0.27601720000000002 0
0.25986315999999998 0.70813687000000003 0
0.25996278 0.022144270000000001 0
0.25997274999999997 0.53216193000000001 0
0.26004105999999999 0.61595787000000002 0
0.26027073000000001 0.83289007000000004 0
0.99813848000000005 0.02329177 0
0.26047264999999997 0.97060900999999999 0
0.26066922999999997 0.011238140000000001 0
0.26073031000000002 0.55630880000000005 0
0.99267404999999997 0.06114149 0
0.26106224 0.48277307000000003 0
0.26107037999999999 0.63590007000000004 0
0.26114491000000001 0.64743824999999999 0
0.26127687999999999 0.19184192 0
0.26139384999999998 0.70479866000000002 0
0.26140089 0.0039562399999999998 0
0.26149288999999998 0.96949574999999999 0
0.26149481000000002 0.36083787 0
0.26152748999999997 0.40460392000000001 0
0.26157439999999998 0.33592063 0
0.26157601000000003 0.49569456000000001 0
0.26159613999999998 0.48189574000000002 0
0.26160926000000001 0.90809001 0
0.26167565999999998 0.031607209999999997 0
0.26180837000000001 0.50720715999999999 0
0.26185513999999999 0.88408361999999996 0
0.26185810999999998 0.088823070000000004 0
0.26186372000000002 0.92200576000000001 0
0.26205266999999999 0.96660252999999996 0
0.26209147999999999 0.72354388999999997 0
0.99686682000000004 0.58799095999999995 0
0.26216615999999998 0.11616605000000001 0
0.26229556999999998 0.42394657000000002 0
0.26233062000000001 0 0
0.26235604000000001 0.77867523999999999 0
0.26237365000000001 0.70133761999999999 0
0.26239430000000002 0.69167844999999994 0
0.26253373000000002 0.58217865000000002 0
0.26261232000000001 0.91248439999999997 0
0.26261904000000003 0.93112611000000001 0
0.26266794999999998 0.043171040000000001 0
0.26290244000000002 0.81877221 0
0.26291028 0.14522336999999999 0
0.26297618 0.93742861 0
0.26303427000000001 0.55309609999999998 0
0.26304525000000001 0.95603333000000001 0
0.26305477999999999 0.85067740000000003 0
0.26308242999999998 0.071130349999999995 0
0.26311480999999998 0.67697255000000001 0
0.26314559999999998 0.72109367999999996 0
0.99053367000000003 0.71647083 0
0.26335268000000001 0.36357974999999998 0
0.26346623000000002 0.29810873999999998 0
0.26362385999999999 0.57474800999999998 0
0.26366475 0.92647020000000002 0
0.26371973999999998 0.68108204999999999 0
0.26380843999999998 0.22852225000000001 0
0.26386999 0.01065207 0
0.26390548000000003 0.40492917 0
0.2639146 0.28855452999999998 0
0.26391928999999997 0.83086638000000002 0
0.26392532000000002 0.76482954000000003 0
0.26397042999999998 0.29632403000000002 0
0.26399355000000002 0.89901392999999996 0
0.26412484000000003 0.27827880999999999 0
0.26413242999999997 0.13171215999999999 0
0.26416094000000001 0.19957850999999999 0
0.26416580000000001 0.79234632999999999 0
0.26420118999999997 0.69065346999999999 0
0.26457161000000001 0.67330120999999998 0
0.26459386000000001 0.34909713999999997 0
0.26465091000000002 0.27015004999999997 0
0.26465956000000002 0.077670970000000006 0
0.26467125000000002 0.73270064999999995 0
0.26471115000000001 0.48385809000000002 0
0.26472830000000003 0.99443148999999997 0
0.26473788999999998 1 0
0.26476444999999998 0.86071189999999997 0
0.26477467999999998 0.81227727999999999 0
0.98774974999999998 0.49152709999999999 0
0.26485136999999997 0.74108406999999998 0
0.26490154999999999 0.43068195999999997 0
0.26497755000000001 0.81432464999999998 0
0.26506159000000001 0.85548301000000004 0
0.26507857000000001 0.070420720000000006 0
0.26517033000000001 0.82667146000000002 0
0.26522359000000001 0.66036086999999999 0
0.26532514000000001 0.49879627999999998 0
0.26533442000000002 0.070116250000000005 0
0.26538229000000002 0 0
0.26540943 0.35510186999999999 0
0.26550434000000001 0.78587189000000002 0
0.26560053 0.45608335999999999 0
0.26562406 0.65878656999999996 0
0.26567480999999998 0.50420885000000004 0
0.26575913000000001 0.76618816000000001 0
0.26587739999999999 0.59697959 0
0.26596787999999999 0.56876972000000003 0
0.2660226 0.53546669000000002 0
0.26605854000000001 0.47958031000000001 0
0.26612317000000002 0.070654430000000004 0
0.26625927999999999 0.65675561999999998 0
0.26632109999999998 0.16304434000000001 0
0.26638167000000001 0.60017922999999995 0
0.26639221000000002 0.12743635 0
0.26643844 0.64214117000000004 0
0.26646454000000003 0.47249903999999998 0
0.26649435999999999 0.84363542999999996 0
0.26657743 0.46741028000000001 0
0.26669338999999997 0.71513751000000003 0
0.26675346 1 0
0.26680830999999999 0.070127640000000005 0
0.26684954999999999 0.73395730000000003 0
0.26715029000000001 0.62938530000000004 0
0.26715728 0.60796967999999996 0
0.26733118 0.60501826999999997 0
0.26733707000000001 0.11747438 0
0.26739676000000001 0.25496827 0
0.26740059999999999 0.49044950999999998 0
0.26745775999999999 0.91635538000000005 0
0.26781110000000002 0.11411244 0
0.26784043000000002 0.70829447999999995 0
0.26784176999999998 0.83432740999999999 0
0.26784529000000001 0.63107376000000004 0
0.26789703999999998 0.22183296 0
0.26791020999999998 0.17162732999999999 0
0.26798371999999998 0.62243672999999999 0
0.26805521999999998 0.91251125 0
0.26807065000000002 0.85631303000000003 0
0.26807626000000001 0.97920954999999998 0
0.26808419999999999 0.94253872000000005 0
0.26810413999999999 0.42074146000000001 0
0.26811276000000001 0.81175459999999999 0
0.26834441999999997 0.27370778000000001 0
0.26841093999999999 0.59951721999999996 0
0.26852584000000002 0.52216837999999999 0
0.26852859000000001 0.50433938 0
0.26865375000000002 0.93888892999999995 0
0.26869197 0.70954021 0
0.26880741000000002 0.92487522 0
0.26881167 0.27897440000000001 0
0.26887526 0.95931608999999995 0
0.26906598999999998 0.94930274999999997 0
0.26922843000000002 0.41622846000000002 0
0.26924395000000001 0.32660857999999998 0
0.26927272000000002 0.62676469999999995 0
0.26932398000000002 0.58593894999999996 0
0.26934248 0.34801147999999998 0
0.26941834999999997 0.99814765999999999 0
0.26945572000000001 0.011933559999999999 0
0.98478714000000001 0.20840278000000001 0
0.26959418000000002 0.31488194000000003 0
0.26966118 0.80214576999999998 0
0.26978134999999998 0.21376653000000001 0
0.2697967 0.62933706 0
0.26987116 0.27098169999999999 0
0.26999156000000002 0.82648535000000001 0
0.26999420000000002 0.96545566000000005 0
0.26999550999999999 0.92091160999999999 0
0.27014558 0.093529870000000001 0
0.27017089999999999 0.80339139000000004 0
0.27024784000000002 0.36628993999999998 0
0.27028604000000001 0.52267019000000003 0
0.27028866000000001 0.15501223 0
0.27030599999999999 0.38533304000000002 0
0.27031654999999999 0.77909185000000003 0
0.27038561999999999 0.81698992999999998 0
0.27055268999999998 0.80149700999999995 0
0.27065270000000002 0.37469418999999998 0
0.27066945999999997 0.91355836999999995 0
0.2708354 0.42910934000000001 0
0.27097949999999998 0.81026277999999996 0
0.27112023000000002 0.79157896000000005 0
0.27114396000000002 0.48906412999999999 0
0.27127533999999998 0.92178903000000001 0
0.27152099000000002 0.77286065000000004 0
0.27155066999999999 0.28109012 0
0.27165486999999999 0.38134779000000002 0
0.2718373 0.12052443 0
0.27206075000000002 0.34332692999999997 0
0.27210115000000001 0.39533675000000001 0
0.27212002000000002 0.0076124000000000001 0
0.27216532999999998 0.54994723000000001 0
0.27224193000000002 0.15741437999999999 0
0.27234721000000001 0.64653165000000001 0
0.27236213999999997 0.95326206000000002 0
0.27236359999999998 0.40548227999999997 0
0.27243806999999998 0.71990525999999999 0
0.27250769000000002 0.0067638200000000002 0
0.27257461999999999 0.10629891 0
0.27264809000000001 0.40045532 0
0.27272635000000001 0.69941467999999996 0
0.27277684000000002 0.84187654999999995 0
0.27283425 0.51651698999999995 0
0.27295624000000002 0.12560975999999999 0
0.27307020999999998 0.52403025000000003 0
0.27315982 0 0
0.27318346999999998 0.66829026000000002 0
0.27327035 0.94274234000000001 0
0.27335848000000001 0.98961889999999997 0
0.27341870000000001 0.67542685000000002 0
0.27348067999999998 0.71959434 0
0.2735146 0.43237471999999999 0
0.27357538999999997 0.52650326000000003 0
0.27359423999999999 0.26535365 0
0.27363722000000001 0.79272007 0
0.27384923 0.76749939 0
0.27392875 0.98181185999999998 0
0.27400493999999997 0.25438340999999998 0
0.27408439000000001 0.73288021000000003 0
0.27421968000000002 0.70121814000000005 0
0.27423649 0.83185724000000005 0
0.27425136999999999 0.91159058999999998 0
0.27430441999999999 0.71973567000000005 0
0.27431674 0.59622721999999995 0
0.27440086000000002 0.94739397000000003 0
0.27445655000000002 0.90656192000000002 0
0.27446179999999998 0.24906169 0
0.27448487999999999 0.46973232999999998 0
0.27449317000000001 0.22262655000000001 0
0.27450158000000002 0.45687647999999997 0
0.27457621999999998 0.2468457 0
0.27465293000000002 0.02975769 0
0.27468989999999999 0.70362241999999997 0
0.27471677 0.26101119 0
0.27477761000000001 0.16915715000000001 0
0.27477960000000001 0.94586539999999997 0
0.27484974000000001 0 0
0.27488283000000002 0.18465851999999999 0
0.27505193999999999 0.10154663999999999 0
0.27509804999999998 0.94831801999999998 0
0.27513524 0.69686537999999998 0
0.27521706000000001 0.1450002 0
0.27521826999999999 0.85172956 0
0.27528750000000002 0.52013991999999998 0
0.27534142 0.18045852000000001 0
0.27535536999999999 0.92811480000000002 0
0.27537313000000002 0.88959516999999999 0
0.27537384999999998 0.37155740999999998 0
0.27544295000000002 0.38245024999999999 0
0.27551763000000001 0.87353285000000003 0
0.27560001000000001 0.089325280000000007 0
0.27567153999999999 0.035339559999999999 0
0.27567547999999997 0.4623853 0
0.27568155 0.1349717 0
0.27581271000000002 0.16153983999999999 0
0.27588411000000002 0.41218617000000002 0
0.27593729 0.59092789000000001 0
0.27599069999999998 0.95140005999999999 0
0.27600897000000002 0.72475767999999996 0
0.27603939999999999 0.33520316 0
0.27605390000000002 0.25708202000000002 0
0.27609991 0.17953214000000001 0
0.27617281999999999 0.18974849999999999 0
0.27622595999999999 0.12852647 0
0.27631107999999999 0.19725616000000001 0
0.27633301999999998 0.80735442999999996 0
0.27638151999999999 0.34099137000000002 0
0.27640616000000001 0.24971984 0
0.27651791999999997 0.029543920000000001 0
0.27657331000000002 0.13868359 0
0.27663236000000002 0.25503879000000002 0
0.27668331000000002 0.33620705000000001 0
0.27681992 0.72449123000000004 0
0.27684188999999998 0.82760650999999996 0
0.27684419999999998 0.39913109000000002 0
0.27685811999999999 0.40705917000000003 0
0.27701503999999999 0.54262681999999995 0
0.27704526000000002 0.52756667999999995 0
0.27708827000000003 0.82271223999999998 0
0.27710873000000003 0.92079511999999997 0
0.27713302000000001 0.70429478999999995 0
0.27716257 0.62735326999999996 0
0.27719880000000002 0.10036846000000001 0
0.27741421999999999 0.66359636 0
0.27748928 0.41564464000000001 0
0.27749161 0.60705392000000002 0
0.27764619000000001 0.24882846 0
0.27769257000000003 0.51934902999999999 0
0.27769911000000003 0.10396137 0
0.27785395000000002 0.85845028999999995 0
0.27791538999999998 0.12332489000000001 0
0.27793019000000002 0.58575739999999998 0
0.27794116000000002 0.64016585999999998 0
0.27803748 0.60923179999999999 0
0.27811299 0.85099572999999995 0
0.27813668000000003 0.28794776 0
0.27819386000000002 0.69659636999999996 0
0.27820506 0.75444244000000005 0
0.27820748000000001 0.55320088999999995 0
0.27821875000000001 0.12252718999999999 0
0.27833670999999999 0.66260580999999996 0
0.27839039999999998 0.97226151999999999 0
0.27842061000000001 0.69330522000000006 0
0.27844405999999999 0.032696570000000001 0
0.27848569000000001 0.61904360000000003 0
0.27851019999999999 0.015979940000000002 0
0.27854510999999998 0.49164538000000002 0
0.27856196 0.085366010000000006 0
0.27858649000000002 0.45927435999999999 0
0.27869147 0.77752231999999999 0
0.27874637000000002 0.42297369000000001 0
0.27879283999999999 0.14085876 0
0.27882085000000001 0.22478667999999999 0
0.27882110999999998 0.84301709999999996 0
0.27884273999999998 0.068348599999999995 0
0.27888209000000003 0.62929363999999999 0
0.27909355000000002 0.84187579000000001 0
0.27911827 0.87660199999999999 0
0.27915518 0.82931907999999999 0
0.27925347 0.13781177 0
0.27932148000000001 0.42897014999999999 0
0.27933870999999999 0.35690674 0
0.27955074000000002 0.50119840999999998 0
0.27961236 0.3835848 0
0.27962890000000001 0.64298436000000003 0
0.27967216 0.25888014999999998 0
0.27968942000000002 0.37652249999999998 0
0.27973510000000001 0.50549263 0
0.27978197999999999 0.90740343000000001 0
0.27992186000000002 0.23038980000000001 0
0.27997150999999998 0.53307384000000002 0
0.27999414 0.54876784999999995 0
0.28004952 0.60507378000000001 0
0.28013353000000002 0.10139193000000001 0
0.99674505000000002 0.25352276000000001 0
0.28034416000000001 0.078537350000000006 0
0.28065973 0.17957007 0
0.28067646000000002 0.047213110000000003 0
0.28070855 0.79832625000000002 0
0.28072462999999998 0.99120529000000002 0
0.28085371999999997 0.35203983999999999 0
0.28090124 0.38736335999999999 0
0.28093892999999998 0.79460425999999995 0
0.28100079 0.13380033999999999 0
0.28126149 0.96338157999999996 0
0.28128923 0.85485913000000002 0
0.28140950999999997 0.17981515000000001 0
0.28145451999999999 0.50095482999999996 0
0.28145921000000002 0.94938184999999997 0
0.28152571999999998 0.92379995000000004 0
0.28157428000000001 0.81777858000000003 0
0.99190862000000002 0.31572307999999999 0
0.28158733000000002 0.95149059999999996 0
0.28166256000000001 0.24073088000000001 0
0.28166733999999999 0.86768023000000005 0
0.28176398000000002 0.41673210999999999 0
0.28180389 0.3846559 0
0.2818387 0.29584150999999997 0
0.28188096000000001 0.73486085999999995 0
0.28193924999999997 0.92667100000000002 0
0.28195709000000002 0.80343129999999996 0
0.28196063999999998 0.38137868000000003 0
0.28207887999999998 0.31587452999999999 0
0.28213027000000002 0.028077419999999999 0
0.28214367000000001 0.43794809000000001 0
0.28219713000000002 0.31993994999999997 0
0.28223166999999999 0.10447053000000001 0
0.28227291999999998 0.64863327000000004 0
0.28244784000000001 0.42554454000000003 0
0.28247338999999999 0.21781412999999999 0
0.28252335000000001 0.67737409000000004 0
0.28263575000000002 0.098861749999999998 0
0.28271467 0.79089036999999995 0
0.28274293 0.16618260000000001 0
0.28283185 0.57829036 0
0.28284114999999999 0.50839727000000001 0
0.28295425000000002 0.64557655000000003 0
0.28304151 0.82609122999999995 0
0.28304660999999998 0.62528854 0
0.28306529000000002 0.010651539999999999 0
0.28312879000000002 0.03505175 0
0.28319946000000001 0.63025047000000001 0
0.28321350000000001 0.43215766 0
0.28328929000000003 0.060428000000000003 0
0.28339921000000001 0.75617133999999997 0
0.28353979000000001 0.98234867999999997 0
0.28355981000000002 0.32287906 0
0.28358474 0.23429336000000001 0
0.28365591000000001 0.055623480000000003 0
0.28367459 0.76962273000000003 0
0.28375897 0.60003490999999998 0
0.28381711999999998 0.28956566 0
0.28386060000000002 0.87483734999999996 0
0.28388749000000002 0.016465770000000001 0
0.99690615999999999 0.19169299000000001 0
0.28399559000000002 0.19469908 0
0.28403851000000002 0.72350172999999995 0
0.28407843999999999 0.51288686999999999 0
0.28422199999999997 0.69693059000000002 0
0.28428513999999999 0.44870225000000002 0
0.28429729999999998 0.73211811999999998 0
0.28433928000000003 0.99317595999999997 0
0.28439898000000002 0.25383415999999998 0
0.28447288999999998 0.93948805000000002 0
0.28447517 0.53645533000000001 0
0.28450698000000002 0.069616230000000001 0
0.28460938000000002 0.079218629999999998 0
0.28469070000000002 0.78371531999999999 0
0.28471708000000001 0.14270492000000001 0
0.28474102000000001 0.87209440999999999 0
0.28476586999999998 0.73536628999999998 0
0.28482943999999999 0.80117737 0
0.28512509000000003 0.37520276000000002 0
0.28516925999999998 0.72548822999999996 0
0.28534865999999998 0.32487062 0
0.28537970000000001 0.55482737000000004 0
0.28558700999999997 0.96026212 0
0.28559149 0.99697270999999998 0
0.28567674999999998 0.50457870999999999 0
0.28585546000000001 0.75983000000000001 0
0.2858754 0.36889005000000002 0
0.285885 0.42944991999999998 0
0.28598899999999999 0.84667126000000004 0
0.28600613000000003 0.63110306000000005 0
0.28604129 0.86016176 0
0.28605525999999998 0.68343606999999995 0
0.28622537999999997 0.40920868999999999 0
0.28624941999999998 0.78778935999999999 0
0.28640378999999999 0.97357874 0
0.28643285000000002 0.53172613999999996 0
0.28644308000000002 0.56748368000000005 0
0.28648152999999998 0.60040616000000002 0
0.28658520999999998 0.15990874999999999 0
0.28662082999999999 0.50095113999999996 0
0.28667589999999998 0.31441184999999999 0
0.28669833 0.50996540999999995 0
0.28675465999999999 0.35833076000000003 0
0.28677469999999999 0.82777615000000004 0
0.28681235999999999 0.29342267 0
0.28692658999999998 0.16989308 0
0.28703497 0.20013056000000001 0
0.28712557 0.47171352 0
0.28718786000000002 0.93228263 0
0.28727883999999998 0.69530440999999998 0
0.28729105999999999 0.45208911000000002 0
0.28743070999999998 0.19405819999999999 0
0.28769151999999998 0.61679006999999997 0
0.28775221000000001 0.35272564000000001 0
0.28780349999999999 0.92966439999999995 0
0.28782689 0.39830823999999998 0
0.28784011999999998 0.93958938000000003 0
0.28788132 0.44885190000000003 0
0.28801510000000002 0.27835349999999998 0
0.28802597000000002 0.30897689 0
0.28803346000000002 0.41667598 0
0.28809022000000001 0.59651818000000001 0
0.28814279999999998 0.22738828999999999 0
0.28816079999999999 0.88496366000000004 0
0.28816280999999999 0.87458935999999998 0
0.28819447999999998 0.59507966000000001 0
0.28828278000000002 0.49093508000000002 0
0.28840444999999998 0.47603577000000002 0
0.28842585999999998 0.78185265000000004 0
0.28866146999999998 0.21169060000000001 0
0.28869017000000002 0.69602242999999997 0
0.28871876000000002 0.84599862000000003 0
0.28885877999999998 0.13490055000000001 0
0.28886391 0.077645000000000006 0
0.28900147999999998 0.32994879999999999 0
0.28908854 0.79908080999999997 0
0.28911587999999999 0.80036733999999998 0
0.28916574 0.66835913000000002 0
0.28921226 0.98696835000000005 0
0.28928409999999999 0.29098779000000002 0
0.28928746 0.11871288000000001 0
0.28936318999999999 0.85401733000000002 0
0.28951628000000001 1 0
0.28952190999999999 0.53773490000000002 0
0.28953672000000003 0.11541381000000001 0
0.28960307000000002 0.69971052 0
0.28966783000000002 0.57918486000000002 0
0.28983294999999998 0.63071054999999998 0
0.28987417999999998 0.68431090000000006 0
0.28995852 0.079884949999999996 0
0.28996467999999997 0.99738574999999996 0
0.29000119000000002 0.29811621999999999 0
0.29019351999999998 0.40666521999999999 0
0.29020076 0.50677353000000003 0
0.29026123999999998 0.0054712800000000002 0
0.29027857000000001 0.5331207 0
0.29028899000000002 0.62209232000000003 0
0.29033873999999998 0.67697160999999995 0
0.29034575000000001 0.72097074999999999 0
0.29037833000000002 0.51723226 0
0.29052252000000001 0.64606045000000001 0
0.29052338 0.90536468999999997 0
0.29052841000000001 0.94321851999999995 0
0.29054679 0.56135822000000002 0
0.29056119000000002 0.72966474999999997 0
0.29064894000000002 0.93238555999999995 0
0.29070711999999999 0.48945965000000002 0
0.29075097999999999 0.047643600000000001 0
0.99789185000000002 0.80815574999999995 0
0.29080908 0.77245554999999999 0
0.29089175 0.63529537999999997 0
0.29103488 0.20148774 0
0.29112705 0.033227300000000001 0
0.29128524 0.77035074000000003 0
0.29134491000000001 0.23775583 0
0.29136721999999998 0.29855609999999999 0
0.29139922000000001 0.91481108 0
0.29149318000000002 0.93940506000000001 0
0.29152855 0.76041992000000003 0
0.29157198000000001 0.37140355000000003 0
0.29158233 0.23075778999999999 0
0.29165527000000002 0.57885140000000002 0
0.29170880999999999 0.57680361000000002 0
0.29172938999999998 0.31726140000000003 0
0.29177790999999997 0.90160625999999999 0
0.29179959 0.17857982999999999 0
0.29182798999999998 0.31072307999999998 0
0.29203954999999998 0.24546936 0
0.99061600000000005 0.24174794999999999 0
0.29204925999999998 0.33296145999999999 0
0.29215489 0.40103833 0
0.29216245000000002 0.91754398000000004 0
0.29219915000000002 0.22207761000000001 0
0.2922806 0.10223479000000001 0
0.98480469999999998 0.94891751000000002 0
0.29234198 0.51788827999999998 0
0.29235466999999998 0.67479895999999995 0
0.29244967999999999 0.054578939999999999 0
0.29245710000000003 0.40675587000000002 0
0.29253417999999998 0.13188042 0
0.29255746999999999 0.25689857999999999 0
0.29262345000000001 0.089966779999999996 0
0.29268266999999998 0.20454892 0
0.29269158000000001 0.87895648999999998 0
0.29276057999999999 0.62951891999999998 0
0.29285717 0.58776821000000001 0
0.29293072999999997 0.071673689999999998 0
0.29294780999999998 0.04125032 0
0.29302824999999999 0.034912850000000002 0
0.29312793999999998 0.060520730000000002 0
0.29315730000000001 0.87600624000000005 0
0.29324952999999998 0.26598369999999999 0
0.29336993 0.52807077999999996 0
0.29337469999999999 0.23435590000000001 0
0.29347790000000001 0.70887564999999997 0
0.29348075000000001 0.64258187 0
0.29366298000000002 0.29819004999999998 0
0.29375588000000002 0.44899420000000001 0
0.29375638999999998 0.55326723 0
0.29376422000000002 0.80754941999999996 0
0.29378600999999999 0.19869385000000001 0
0.29381618999999998 0.44494919999999999 0
0.29382846000000001 0.99751592 0
0.2938984 0.33353952999999997 0
0.29393626 0.19120835 0
0.29399465000000002 0.14260109000000001 0
0.29411578999999999 0.56386334999999999 0
0.29442383999999999 0.094799170000000002 0
0.29442550000000001 0.98333800000000005 0
0.29455223000000003 0.77790387000000005 0
0.29462851000000001 0.95712474000000003 0
0.29468962999999998 0.59387906000000001 0
0.29476448999999999 0.11296924999999999 0
0.29479360999999998 0.79429059999999996 0
0.29495581999999998 0.79431101000000004 0
0.29520002000000001 0.094041840000000002 0
0.29531323999999998 0.28879603999999998 0
0.29536828999999998 0.83378768999999997 0
0.29536910999999999 0.52429680000000001 0
0.29541003999999998 0.10257476 0
0.29542178000000002 0.66669071999999996 0
0.29542794999999999 0.67511500000000002 0
0.29543650999999999 0.40460913999999998 0
0.29547679999999998 0.86760517999999998 0
0.29548503999999998 0.58049446999999998 0
0.29554288000000001 0.62729014000000005 0
0.29582659 0.050292240000000002 0
0.29584841000000001 0.14151485999999999 0
0.29587553 0.67195289000000002 0
0.29592984 0.71726822000000001 0
0.29594364000000001 0.62148515999999998 0
0.29597783 0.54215405000000005 0
0.29601431 0.34451004000000002 0
0.29603308 0.47216767999999998 0
0.29612999000000001 0.29333360000000003 0
0.29619589000000002 0.49371134999999999 0
0.29625818999999998 0.92811639999999995 0
0.29631473000000003 0.75269556000000004 0
0.29632824000000002 0.84732932999999999 0
0.29641071000000002 0.87995672000000003 0
0.29648169000000002 0.88565106000000005 0
0.29649186 0.70119123000000005 0
0.29663845 0.21691477000000001 0
0.29692080999999998 0.22986285000000001 0
0.29697773 0.25613601000000003 0
0.29710830999999999 0.85035320000000003 0
0.29714097 0.27446196 0
0.29719564999999998 0.72823928999999998 0
0.29732658000000001 0.10699684 0
0.29735292000000002 0.78868121999999996 0
0.29744345 0.80809600999999998 0
0.29753292999999997 0.045554989999999997 0
0.29757676 0.79015025999999999 0
0.29763537000000001 0.48298765999999999 0
0.29765895999999997 0.92673815000000004 0
0.29768567000000001 0.22123451 0
0.29786185999999998 0.93559077000000002 0
0.99692281999999999 0.47607891000000002 0
0.29804068 0.84594237000000005 0
0.29806547999999999 0.74659995999999995 0
0.29816313999999999 0.29280590000000001 0
0.29822324 0.16731987000000001 0
0.29830607999999997 0.96095980999999997 0
0.29839773000000003 0.62568526999999996 0
0.29840665999999999 0.24810478999999999 0
0.29840804999999998 0.56810589 0
0.29840995999999997 0.43028146 0
0.29844627000000001 0.23167362999999999 0
0.29847932999999999 0.46890714 0
0.29860245000000002 0.44837067000000003 0
0.29862779 0.21390348000000001 0
0.29864138000000001 0.13904575 0
0.99685913999999998 0.46227393999999999 0
0.29871461999999999 0.71858420999999995 0
0.29876512999999999 0.98417794999999997 0
0.29877248000000001 0.37750546000000001 0
0.29877657000000002 0.23576525000000001 0
0.29880983999999999 0.47408159999999999 0
0.29883124999999999 0.054364500000000003 0
0.29885005999999997 0.23739365000000001 0
0.29890934000000002 0.37343375000000001 0
0.29892513999999998 0.91127267999999995 0
0.29893656000000002 0 0
0.29912291000000002 0.66229336999999999 0
0.29921924999999999 0.15921038000000001 0
0.29925715000000003 0.22204323000000001 0
0.29928558 0.59716895999999997 0
0.29935654 0.75816037000000003 0
0.29943012000000002 0.28544355999999999 0
0.29949853999999998 0.076027159999999996 0
0.29959974 0.86708896000000002 0
0.29960989999999998 0.98939615000000003 0
0.29964523999999998 0.30550841000000001 0
0.29979500999999997 0.11380405 0
0.29987740000000002 0.51057494000000003 0
0.29993765999999999 0.26707110000000001 0
0.29994494999999999 0.98247713000000003 0
0.29995892000000002 0.49796448999999998 0
0.30001736000000001 0.61421771000000003 0
0.30010710000000002 0.64861738999999996 0
0.30012770999999999 0.48244111000000001 0
0.30025418999999998 0.91418034000000004 0
0.30029194999999997 0.94787485999999999 0
0.30032002000000002 0.66577182999999995 0
0.30036912999999998 0.96883706000000003 0
0.30040964999999997 0.85053891000000004 0
0.30041726000000002 0.86207869000000004 0
0.30042795999999999 0.232796 0
0.30052097999999999 0.93133763999999997 0
0.30054214000000001 0.18034845999999999 0
0.30054674999999997 0.072737079999999996 0
0.30055035000000002 0.025255 0
0.30060075000000003 0.68531690000000001 0
0.30060284999999998 0.97335214999999997 0
0.30067934000000002 0.93956083999999995 0
0.30083800999999999 0.080688780000000002 0
0.30092403000000001 0.11988329 0
0.99015659 0.70292463000000005 0
0.30114305000000002 0.61868387999999996 0
0.30124139 0.0044063100000000001 0
0.30126327000000003 0.32062596999999998 0
0.30137081999999998 0.36477731000000002 0
0.30142433000000002 0.37103533 0
0.30145818000000002 0.80472052000000005 0
0.30150228000000001 0.26997411999999998 0
0.30173266999999998 0.68696358999999996 0
0.30175997999999998 0.70477959000000001 0
0.30203725999999997 0.45864039000000001 0
0.30211082 0.54190448000000002 0
0.30219392 0.15080176000000001 0
0.30229022999999999 0.98232311999999999 0
0.30230924999999997 0.086492520000000003 0
0.30234053 0.98928925000000001 0
0.30240692000000002 0.38321882000000002 0
0.30242200000000002 0.25161946000000002 0
0.30246903000000003 1 0
0.30249999 0.38033747000000001 0
0.30257408000000002 0.28590362000000002 0
0.30264817999999999 0.081713079999999993 0
0.30265840999999999 0.68522105 0
0.30285171 0.96698835999999999 0
0.30286357000000003 0.86168686999999999 0
0.30286851999999997 0.32555210000000001 0
0.30290113000000002 0.65599043999999995 0
0.30293807 0.64220635999999998 0
0.30297360000000001 0.089421039999999993 0
0.30297537000000002 0.94704562999999997 0
0.30310912000000001 0.91918756000000001 0
0.30313244 0.48147363999999998 0
0.30315978999999998 0.67036311999999998 0
0.30318395999999997 0.037940639999999998 0
0.30323956000000002 0.26602443999999997 0
0.30328599000000001 0.58665098000000004 0
0.98488763999999995 0.94025391999999997 0
0.30340451000000002 0.50771372999999997 0
0.30341421000000002 0.89032982999999999 0
0.30342000000000002 0.13487061 0
0.30344093 0.098392129999999994 0
0.30352402000000001 0.54336510999999998 0
0.30354004000000001 0.62302111999999998 0
0.30358528000000001 0.80010281999999999 0
0.30369485000000002 0.60276991999999996 0
0.30371600999999998 0.93771877000000003 0
0.30389210999999999 0.50957129999999995 0
0.30393861999999999 0.95511210999999996 0
0.30397094000000002 0.12068367000000001 0
0.30400016000000002 0.93180856000000001 0
0.30414982000000002 0.78198213999999999 0
0.30418524000000002 0.84725351000000004 0
0.30443989999999999 0.23893053 0
0.30453338000000002 0.36787225000000001 0
0.30456107999999998 0.88705913999999997 0
0.30457437999999998 0.36347998999999998 0
0.30457588000000002 0.73567965000000002 0
0.30463707000000001 0.41791326000000001 0
0.30468378000000002 0.06164526 0
0.30468978000000002 0.14203347999999999 0
0.30469252000000002 0.35348760000000001 0
0.30471904 0.65010645 0
0.30477422999999998 0.66540310999999996 0
0.30477936999999999 0.67263810000000002 0
0.30480305000000002 0.66349628000000005 0
0.30482640999999999 0.74717692999999996 0
0.30483764000000002 0.19922381 0
0.98496912000000003 0.90779425999999996 0
0.99069578999999997 0.50555932999999997 0
0.30510006000000001 0.46091828000000001 0
0.30511344000000001 0.23095889 0
0.30516103999999999 0.36166601999999998 0
0.30525364999999999 0.67017258000000002 0
0.30527743000000002 0.97005532999999999 0
0.30536936999999997 0.39593108999999999 0
0.30540989000000002 0.18379876000000001 0
0.30547068999999999 0.62162930000000005 0
0.30548330000000001 0.064486199999999994 0
0.30554508000000002 0.92645772000000004 0
0.30555639000000001 0.21520020000000001 0
0.30566373000000002 0.81594197999999996 0
0.30568362999999998 0.083572170000000001 0
0.30584271000000002 0.79193950000000002 0
0.30587840999999999 0.83588552999999999 0
0.30590181 0.78945301999999995 0
0.30595799000000001 0.81189020999999995 0
0.30603068 0.51623869 0
0.30619899 0.55884705999999995 0
0.30620734999999999 0.22741623999999999 0
0.30632419999999999 0.066776349999999998 0
0.30635422000000001 0.61431628000000005 0
0.30637595000000001 0.59707566999999995 0
0.30644945000000001 0.40618522000000001 0
0.30651033 0.26902706999999998 0
0.30651568000000001 0.10148996 0
0.30652870999999998 0.14273873000000001 0
0.30662722999999997 0.95320251 0
0.30662989000000002 0.02707116 0
0.30663836999999999 0.049645469999999997 0
0.30670862999999998 0.37185877000000001 0
0.30673940999999999 0.90918284999999999 0
0.30687473999999998 0.64489165999999998 0
0.30689498999999998 0.01192385 0
0.30693595000000001 0.11727714 0
0.30695887999999999 0.11432841000000001 0
0.30698027999999999 0.89138609000000002 0
0.30702753999999999 0.69550564000000004 0
0.307035 0.90132977999999997 0
0.30706762999999998 0.94467573999999999 0
0.30717445999999998 0.82481735 0
0.30720607 0.24776935 0
0.30721007 0.13219196999999999 0
0.30722323000000001 0.79926127999999996 0
0.30731032000000003 0.85770709999999994 0
0.30734715000000001 0.84578255999999996 0
0.30737057000000001 0.20715453 0
0.30755226000000002 0.92500342000000002 0
0.30766861000000001 0.85041966999999996 0
0.30781724999999999 0.28870507000000001 0
0.30793220999999998 0.91908904999999996 0
0.30794555000000001 0.45190852999999997 0
0.30797847 0.86733156 0
0.30803306000000003 0.19617143000000001 0
0.30805109000000003 0.6862994 0
0.30810314999999999 0.44661093000000002 0
0.30811189 0.087931990000000002 0
0.30814232000000003 0.77055203000000005 0
0.30814362000000001 0.42646197000000002 0
0.30815737999999998 0.72240863 0
0.30823604999999998 0.50183392999999998 0
0.99206002000000004 0.74711914000000001 0
0.30831575 0.38001392000000001 0
0.30832967 0.92459756000000004 0
0.30844924000000001 0.18274736999999999 0
0.30848277000000002 0.22744492999999999 0
0.30848931000000002 0.58041359999999997 0
0.30850008000000001 0.22907617999999999 0
0.30850506 0.43925955 0
0.30862577000000002 0.51299965000000003 0
0.30866642999999999 0.40067745999999999 0
0.30870192000000002 0.67671804999999996 0
0.30884019000000001 0.88539319999999999 0
0.3089942 0.31552682999999998 0
0.30905409 0.10629714 0
0.30908636 0.39286481000000001 0
0.30910114999999999 0.53245748999999998 0
0.30911582999999998 0.35408460000000003 0
0.30911719999999998 0.19135801 0
0.30925738000000003 0.52911719000000002 0
0.30931778999999998 0.33979413000000003 0
0.30939794999999998 0.00894994 0
0.30941102999999998 0.65394606 0
0.30949151000000003 0.89016004000000004 0
0.30952874000000002 0.92005815000000002 0
0.30954737999999998 0.32844232000000001 0
0.30955219 0.17490267000000001 0
0.30955997000000002 0.76244993000000005 0
0.30965461 0.46717794000000001 0
0.30977190999999998 0.35751557 0
0.30984102000000002 0.37473114000000002 0
0.30989791999999999 0.60074917999999999 0
0.31000303000000001 0.79931746000000004 0
0.31005323000000001 0.54819488999999999 0
0.31006136000000001 0.74839043999999999 0
0.31007929000000001 0.49317750999999999 0
0.31012555000000003 0.11766024999999999 0
0.31014387999999998 0.44575176999999999 0
0.31020145999999998 0.026821950000000001 0
0.31021910000000003 0.95765274 0
0.31023564999999997 0.69378812000000001 0
0.31041394999999999 1 0
0.31045555000000002 0.027365759999999999 0
0.31049057000000002 0.17111282999999999 0
0.31050977000000002 0.65898405000000004 0
0.31053410999999997 0.77846651 0
0.31055361999999997 0.75876217999999995 0
0.31058559000000002 0.85016168999999997 0
0.31068359000000001 0.01272178 0
0.31072288999999997 0.62810674 0
0.31076536999999999 0.46936270000000002 0
0.31076911000000002 0.040973580000000002 0
0.31078846999999998 0.35570657 0
0.31080871999999998 0.36128321000000002 0
0.31084018000000002 0.017405879999999999 0
0.31093676999999997 0.32324636000000001 0
0.31096077999999999 0.24700083 0
0.31098541000000002 0.11994013000000001 0
0.31107591000000001 0.34806970999999998 0
0.31107739000000001 0.88119201999999996 0
0.31116178999999999 0.77903237999999997 0
0.31119057 0.39339162 0
0.31120586 0.69383158 0
0.31159983000000002 0.23401619000000001 0
0.31166370999999998 0.38887250000000001 0
0.31177634999999998 0.84395056999999996 0
0.31181519000000002 0.39837193999999998 0
0.31182939999999998 0.89342942000000003 0
0.31201569000000001 0.13955619999999999 0
0.31206526000000001 0.66216010000000003 0
0.31217154000000003 0.15595033999999999 0
0.31219989999999997 0.65354895999999996 0
0.31225418999999999 0.66101962000000003 0
0.31225766999999999 0.88713286000000002 0
0.31228382999999998 0.92196988000000002 0
0.31230444000000002 0.39475348999999998 0
0.31233929999999999 0.67796820999999996 0
0.31236161000000001 0.67490879000000004 0
0.31237749999999997 0.47678545 0
0.31239961999999999 0.075895589999999999 0
0.31246491999999998 0.68631836999999996 0
0.31254961999999997 0.59662859000000001 0
0.31256716000000001 0.35680927000000001 0
0.31261189 0.37796264000000002 0
0.31263020000000002 0.35860659 0
0.31265248000000001 0.54211016000000001 0
0.31268828999999998 0.48405922000000001 0
0.31269849 0.67822137999999998 0
0.31271318999999997 0.94581727999999998 0
0.99026336999999998 0.80450093 0
0.31282341000000002 0.81487509000000002 0
0.31284951 0.87178021000000006 0
0.31285151999999999 0.68046054 0
0.31286762000000001 0.094428349999999994 0
0.31294764000000003 0.41935011999999999 0
0.31295256999999999 0.24886021 0
0.31298087000000002 0.69776833999999999 0
0.99694282999999995 0.38484821000000002 0
0.31314587999999999 0.70015839999999996 0
0.31314901000000001 0.86450751000000003 0
0.31329915000000003 0.58070719000000004 0
0.3133147 0.24671148000000001 0
0.31333250000000001 0.36715789999999998 0
0.31336213000000002 0.18283086000000001 0
0.31341957999999998 0.04853056 0
0.98568109000000004 0.068343730000000005 0
0.31351021000000001 0.090925900000000004 0
0.31351190000000001 0.13315233000000001 0
0.31359308000000002 0.12568752 0
0.31362485000000001 0.03014857 0
0.31363442000000002 0.85833641999999999 0
0.31366840000000001 0.42722796000000002 0
0.31373003999999999 0.063394489999999998 0
0.31375562000000001 0.10842153 0
0.31382318999999997 0.52864363999999997 0
0.31382642999999999 0.54591464999999995 0
0.31390920999999999 0.37005158999999999 0
0.31402259999999999 0.14550937 0
0.31402561000000001 0 0
0.31407665000000001 0.19983160999999999 0
0.31414055000000002 0.77562615999999995 0
0.31423667 0.77828092000000004 0
0.31427244999999998 0.35980595999999998 0
0.31431646000000002 0.38050304000000001 0
0.31431847000000002 0.31643558999999999 0
0.31443590999999999 0.099005850000000006 0
0.31454298000000003 0.90127983 0
0.31457502999999998 0.71234470000000005 0
0.31468278 0.041235470000000003 0
0.31484255 0.074777629999999998 0
0.31484947000000002 0.47225606999999997 0
0.31487501000000001 0.15607774999999999 0
0.31488168999999999 0.27965400000000001 0
0.31490166000000003 0.55243708000000002 0
0.31498774000000002 0.60646089000000003 0
0.31508480999999999 0.21858831000000001 0
0.31518081999999997 0.93537729000000003 0
0.31527527 0.38089845999999999 0
0.31528170999999999 0.98183087999999996 0
0.31528645 0.74350859000000002 0
0.98571600000000004 0.95902827000000002 0
0.31530221000000003 0.19430749 0
0.31531330000000002 0.28777008999999998 0
0.31535443000000002 0.62608180999999996 0
0.31541570000000002 0.62926294000000005 0
0.31543398 0.84667062000000004 0
0.31549199 0.63565835000000004 0
0.31567063000000001 0.61887113000000005 0
0.31568785999999999 0.46800382000000001 0
0.31573287 0.60962227000000002 0
0.31573874000000002 0.68083691000000002 0
0.31574023000000001 0.58473573000000001 0
0.31586335999999998 0.74744911999999997 0
0.31593078000000002 0.66911814000000003 0
0.31607579000000002 0.23964318000000001 0
0.31608728000000003 0.37270311 0
0.31623096000000001 0.68752612999999996 0
0.31633674000000001 0.57798461000000001 0
0.31634477999999999 0.89228810000000003 0
0.31634519 0.54447301000000004 0
0.31640230000000003 0.84358679999999997 0
0.31641515999999997 0.76847957 0
0.31643207000000001 0.25946068 0
0.31654917999999999 0.46065244999999999 0
0.31667083000000001 0.96366828999999998 0
0.31667768000000002 0.39109079000000002 0
0.31670587 0.56752175999999999 0
0.31671348999999999 0.34930920999999998 0
0.31673403999999999 0.19831672 0
0.31676406000000001 0.83227404000000005 0
0.31683628000000003 0.59490173999999996 0
0.31683792 0.23751001999999999 0
0.31688026000000002 0.020339380000000001 0
0.31690668999999999 0.12814295000000001 0
0.31693507999999998 0.7640574 0
0.31698950999999997 0.58267438999999999 0
0.31701326000000002 0.42014057999999999 0
0.31714196 0.76906118000000001 0
0.31718438999999998 0.15120353 0
0.31727948 0.76422100999999998 0
0.31730910000000001 0.43761123000000002 0
0.31733928 0.13446636000000001 0
0.31735155999999998 0.21219561000000001 0
0.31738581999999999 0.27269566000000001 0
0.99070181999999996 0.99536917999999996 0
0.31752913999999999 0.89501997 0
0.31754176000000001 0.87747136999999997 0
0.31755439000000002 0.069210629999999995 0
0.31756498999999999 0.18004706000000001 0
0.31773301999999998 0.58440318000000002 0
0.31778919999999999 0.72294729000000002 0
0.31784083000000002 0.16678265 0
0.31785638999999999 0.0035369899999999998 0
0.31796384 0.90221994999999999 0
0.31800700999999998 0.45095735999999997 0
0.31802622000000003 0.50189653999999995 0
0.31807372 0.67610912999999995 0
0.31816077999999998 0.12551643000000001 0
0.31819637000000001 0.92621849999999994 0
0.31821976000000002 0.69892443000000004 0
0.31822306 0.32766862000000002 0
0.31833345000000002 0.18189981999999999 0
0.31838875 0.035607 0
0.31841724999999999 0.23448501999999999 0
0.31857428999999998 0.11790906 0
0.31862477 0.02261813 0
0.31881489000000002 0.55852504999999997 0
0.31886993000000002 0.56561130999999998 0
0.99086054999999995 0.68193811999999998 0
0.31897304999999998 0.08246328 0
0.31898136999999999 0.62380429999999998 0
0.31909598 0.72784497000000004 0
0.31910897999999999 0.95638645 0
0.31912178000000002 0.95926957999999996 0
0.99278412999999999 0.93599418999999995 0
0.31919319000000002 0.41989763000000002 0
0.31925355999999999 0.53220986000000003 0
0.31929998999999998 0.85454909000000001 0
0.31933541999999998 0.14730987000000001 0
0.31937861000000001 0.91657171999999998 0
0.31938756000000001 0.59723598 0
0.31939687 1 0
0.31939697 0.13435145000000001 0
0.31960253999999999 0.90167870000000006 0
0.31960802999999999 0.056772030000000001 0
0.31964157999999998 0.15062064999999999 0
0.31979805 0.39368249 0
0.3198357 0.30065508000000002 0
0.31984901999999998 0.12947821000000001 0
0.31989147000000001 0.94487982999999998 0
0.31998360999999997 0.85472576 0
0.32003951000000003 0.40492034999999998 0
0.32006161 0.58704844 0
0.32007664000000002 0.86702349000000001 0
0.32008750000000002 0.91593469999999999 0
0.32023251000000003 0.82743962000000004 0
0.32039330999999999 0.72211431999999998 0
0.32039687 0.51221978999999995 0
0.32041694999999998 0.40742316000000001 0
0.32053118000000003 0.26446312999999999 0
0.99817639999999996 0.16419407 0
0.32068595 0.35990601999999999 0
0.32077175000000002 0.53880117999999999 0
0.32079528000000002 0.93715362999999996 0
0.32082490000000002 0.74986934000000005 0
0.32088936000000001 0.19187644000000001 0
0.32090111999999998 0.13446551000000001 0
0.32094792 0.39702520000000002 0
0.32098678000000003 0.99463674999999996 0
0.32104160999999998 0.72167340000000002 0
0.32117000000000001 0.33988881999999998 0
0.32117931 0.64967458 0
0.32132465999999998 0.84076371999999999 0
0.32139313000000003 0.61935132999999998 0
0.32147809999999999 0.49603834000000002 0
0.32148817000000002 0.14662513999999999 0
0.32160433999999999 0.82356092999999997 0
0.99073493999999995 0.63653194999999996 0
0.32174643000000003 0.093829319999999994 0
0.32176156 0.49172855999999998 0
0.32179721 0.31100080000000002 0
0.32187895999999999 0.12715366 0
0.32191463999999997 0.54599785000000001 0
0.32196254000000002 0.13007253999999999 0
0.32201457 0.56199471999999995 0
0.32201550000000001 0.87244650999999995 0
0.32205658999999998 0.97137242999999995 0
0.32205689999999998 0.64548620000000001 0
0.32216624999999999 0.097902699999999995 0
0.32222457999999998 0.39207765999999999 0
0.32224858000000001 0.36095472000000001 0
0.99791797000000004 0.50275672999999999 0
0.32248157999999999 0.38188327999999999 0
0.32251187999999997 0.74809822999999998 0
0.32254563000000003 0.35886813000000001 0
0.32259937 0.39198983999999998 0
0.32265572999999997 0.23663952999999999 0
0.32270897999999998 0.98787342 0
0.32273585999999999 0.98731555000000004 0
0.32284252000000002 0.53231001 0
0.32287227000000002 0.24606389000000001 0
0.32287840000000001 0.97861429 0
0.32291171000000002 0.65026837999999998 0
0.32295719000000001 0.95182191000000005 0
0.32310549999999999 0.17265944 0
0.32311359000000001 0.16057188999999999 0
0.32314515999999999 0.67584283999999994 0
0.32315754000000002 0.42425748000000002 0
0.32315832999999999 0.10169399 0
0.32317476000000001 0.99492986000000005 0
0.32339528000000001 0.21490714999999999 0
0.32341192000000002 0.84715775999999998 0
0.32342117999999997 0.41617945000000001 0
0.32352172000000001 0.47912046000000003 0
0.32353601999999998 0.84866584 0
0.32358819 0.70854139999999999 0
0.32360740999999998 0.38661204999999998 0
0.32367119999999999 0.19111729 0
0.32372158000000001 0.56679685999999996 0
0.32376211999999999 0.88891516999999998 0
0.32379780000000002 0.17438196 0
0.32383757000000002 0.43936265000000002 0
0.32384902999999998 0.55297985999999999 0
0.32386693 0.26173628999999998 0
0.32389333999999997 0.76135396 0
0.32395827999999999 0.73111610999999999 0
0.32399098999999998 0.96882696999999995 0
0.32401423000000001 0.82802823000000003 0
0.32412123999999998 0.68816047999999996 0
0.32422426999999998 0.63356919 0
0.32423638999999999 0.034589780000000001 0
0.32425257000000002 0.30090009000000001 0
0.32430690000000001 0.32022299999999998 0
0.32437965000000002 0.058630969999999998 0
0.32438344000000002 0.022180990000000001 0
0.32439643000000001 0.34317785000000001 0
0.32446423000000002 0.35315835000000001 0
0.32450499999999999 0.076248969999999999 0
0.32451094000000003 0.22137856 0
0.32453289000000002 0.29934944000000002 0
0.32455895000000001 0.77512331999999995 0
0.32459796000000002 0.95045296999999995 0
0.32471038000000002 0.97372082000000004 0
0.32477715000000001 0.48127217999999999 0
0.32490101999999998 0.36421281999999999 0
0.32491233000000003 0.43294253999999999 0
0.32492492000000001 0.97229745999999995 0
0.32494812000000001 0.25822044999999999 0
0.32498153000000002 0.019964659999999999 0
0.32510084 0.31934905000000002 0
0.32510683000000001 0.23318605000000001 0
0.32523447999999999 0.76974567000000005 0
0.32525659000000001 0.73531862999999997 0
0.32529587999999998 0.58190006999999999 0
0.32547161000000002 0.76532093999999995 0
0.32554712000000002 0.59005936999999997 0
0.32555864000000001 0.90441817000000002 0
0.32559049000000001 0.33706240999999998 0
0.32571477999999998 0.96329538999999997 0
0.32575174000000001 0.37262996999999998 0
0.32575416000000001 0.92255768000000005 0
0.32588047999999997 0.42809954 0
0.32593569999999999 0.13021002000000001 0
0.32604221 0.46512303999999999 0
0.32626588000000001 1 0
0.32632894000000001 0.68074230000000002 0
0.32634920000000001 0.054322450000000001 0
0.32648327999999999 0.46927155999999998 0
0.32650422000000001 0.4805007 0
0.32655957000000002 0.75937114999999999 0
0.32659311000000002 0.95464627999999996 0
0.32671948000000001 0.29709113999999998 0
0.32675303999999999 0.12144144 0
0.32680469000000001 0.14061702000000001 0
0.32689593 0.37976890000000002 0
0.32694263000000001 0.42567524000000001 0
0.32698074999999999 0.78452582000000004 0
0.32700699 0.41008196000000002 0
0.32713302999999999 0.83050984999999999 0
0.32717492999999997 0.96667835000000002 0
0.32726298999999998 0.76473166999999997 0
0.32726872000000001 0.62100515000000001 0
0.32756298 0.11157918 0
0.32756866000000001 0.71129841999999999 0
0.32758990999999998 0.58074650000000005 0
0.32762857000000001 0.0041730700000000001 0
0.32776586000000002 0.87955015999999997 0
0.32777110999999998 0.69353410999999998 0
0.32777957000000002 0.75430715999999998 0
0.32806818999999998 0.54673386000000002 0
0.32814351000000003 0.37069608999999998 0
0.32814712000000001 0.84802383999999997 0
0.32819139000000003 0.21745917000000001 0
0.32836370999999998 0.25022759999999999 0
0.32836683999999999 0.066514390000000007 0
0.32839233000000001 0.35609748000000002 0
0.32839953 0.54006986999999995 0
0.32841066000000002 0.38865918999999999 0
0.32843249000000002 0.62048389999999998 0
0.32847500000000002 0.71210837999999999 0
0.32849254 0.91039745000000005 0
0.32857391000000002 0.32821299999999998 0
0.32862896000000003 0.0062666600000000003 0
0.32866906000000001 0.58258982999999998 0
0.32877803999999999 0.97528599999999999 0
0.32880918999999997 0.83869541000000003 0
0.32883104000000002 0.85783434999999997 0
0.32890092999999998 0.58878132999999999 0
0.32895500999999999 0.44285934999999998 0
0.32899833000000001 0.91634886999999998 0
0.32903975000000002 0.12258924 0
0.32920732000000003 0.47851022999999998 0
0.32934246 0.77017933000000005 0
0.32936752000000002 0.75926132999999996 0
0.32940768999999998 0.32818496000000003 0
0.32944129 0.50814994000000002 0
0.32948139999999998 0.88651111999999999 0
0.32960513000000002 0.33118536999999998 0
0.32962849 0.96288094999999996 0
0.32973580000000002 0.24267778000000001 0
0.32990046000000001 0.61999159000000004 0
0.32992164000000002 0.82460226000000003 0
0.33004833 0.86270243000000002 0
0.33010276999999999 0.67880202000000001 0
0.33010837999999998 0.57153774999999996 0
0.33018952000000001 0.40414251000000001 0
0.33024331000000001 0.65568899000000003 0
0.33025534000000001 0.10464289 0
0.33029517000000003 0.31485890999999999 0
0.33031057000000003 0.30165624000000002 0
0.99292955999999999 0.86757538000000001 0
0.33034936999999998 0.21006499000000001 0
0.33039338000000001 0.59351915 0
0.33039480999999998 0.43763200000000002 0
0.33039784 0.23059235 0
0.33040070999999999 0.67020966999999998 0
0.33049107999999999 0.45227044999999999 0
0.33056546999999997 0.47641888999999998 0
0.33066086 0.51583579999999996 0
0.99233064999999998 0.34348019000000002 0
0.33076668999999997 0.33028418999999998 0
0.33086016000000001 0.089590680000000006 0
0.33095113999999998 0.020150520000000002 0
0.33095129000000001 0.91156806000000001 0
0.33112552000000001 0.75336307000000002 0
0.33118219999999998 0.77747339000000004 0
0.33118449 0.58753199 0
0.33120170999999998 0.78743808000000004 0
0.33122955999999998 0.78556026000000001 0
0.33124365 0.75415226999999996 0
0.33127798000000003 0.13101410999999999 0
0.33129091999999999 0.45658469000000002 0
0.33132228000000002 0.073645589999999997 0
0.33137107999999998 0.68081851000000004 0
0.331426 0.237038 0
0.33155803 0.12975111 0
0.33170264999999999 0.87070895999999998 0
0.33185363000000001 0.92928745000000001 0
0.33187011999999999 0.85026738000000002 0
0.33199413 0.47789219999999999 0
0.33201510000000001 0.85179448999999996 0
0.33202417000000001 0.93412693999999996 0
0.33204366000000002 0.72690436000000003 0
0.33211130999999999 0.65471634000000001 0
0.33229655000000002 0.53694845000000002 0
0.33244881999999998 0.43762547000000002 0
0.33248301000000002 0.19763249999999999 0
0.33259661000000001 0.64875563000000003 0
0.33274645000000003 0.18188283 0
0.33290614000000002 0.75836585999999995 0
0.33290816000000001 0.74579269000000004 0
0.33294205999999998 0.37091772000000001 0
0.33302825000000003 0.14127587 0
0.33316927000000002 0.16847308999999999 0
0.33324003000000002 0.022448650000000001 0
0.33326156000000001 0.86181996000000005 0
0.33343413999999999 0.99037721000000001 0
0.33354834999999999 0.22217407 0
0.99018207000000003 0.20811405999999999 0
0.99073820000000001 0.85003978999999996 0
0.33374895999999998 0.20206113000000001 0
0.33382471000000002 0.31874681999999999 0
0.33382849999999997 0.85283492999999999 0
0.33391670000000001 0.062118319999999998 0
0.33398786000000003 0.83809014999999998 0
0.33409360999999999 0.51408531000000002 0
0.33411185999999998 0.71217359000000002 0
0.33422649999999998 0.2101095 0
0.33426655999999999 0.90791162000000003 0
0.33441259000000001 0.15853418 0
0.33443215999999998 0.26159746 0
0.33443361999999999 0.74820909999999996 0
0.33462735999999998 0.21609164 0
0.33463954000000001 0.5313118 0
0.33491205000000002 0.030130899999999999 0
0.3349666 0.80757798999999997 0
0.33503416000000003 0.90126430000000002 0
0.33507300000000001 0.92891296000000001 0
0.33509372999999998 0.074439649999999996 0
0.33514938999999999 0.94108086000000002 0
0.33526222 0.37959214000000002 0
0.33526431000000001 0.82778030999999996 0
0.33528626 0.81633199999999995 0
0.33529123999999999 0.54502410000000001 0
0.33534704999999998 0.78938260999999998 0
0.33535330000000002 0.83086864999999999 0
0.33540697000000003 0.73923693999999995 0
0.33542060000000001 0.52963857000000003 0
0.33547142000000002 0.56075227999999999 0
0.33549086 0.53329742999999996 0
0.33553195000000002 0.63463740000000002 0
0.33576155000000002 0.16302688000000001 0
0.33576778000000002 0.054300290000000001 0
0.33578345999999998 0.16407743999999999 0
0.33588917000000001 0.065811540000000002 0
0.33610358000000001 0.13324911 0
0.33617195999999999 0.022183789999999998 0
0.33624185000000001 0.18527527999999999 0
0.33630792999999998 0.85285549000000005 0
0.33635261 0.67110787999999999 0
0.33641622999999998 0.15089569999999999 0
0.33654240000000002 0.73934873999999995 0
0.3366749 0.29957416999999997 0
0.33669265999999998 0.80496617999999998 0
0.33671171 0.58265856999999999 0
0.33673657000000001 0.72692403000000005 0
0.33675248000000002 0.39417182000000001 0
0.33683650999999998 0.096965930000000006 0
0.33686043999999998 0 0
0.99031217000000005 0.72402467000000004 0
0.33695557999999998 0.51565614999999998 0
0.33696106999999997 0.94319987000000005 0
0.33703657999999997 0.19949854 0
0.33715714000000002 0.53806266999999997 0
0.33719002999999997 0.28954184999999999 0
0.33725159999999998 0.64482698000000005 0
0.33739234000000001 0.19241926000000001 0
0.33754211000000001 0.44563419999999998 0
0.33757274999999998 0.23552661 0
0.33759651000000002 0.40731967000000002 0
0.99213607000000004 0.53741848000000003 0
0.33764022999999999 0.53971601000000002 0
0.33773836000000002 0.33476230000000001 0
0.33777460999999998 0.86257320000000004 0
0.33778111999999999 0.99107447000000004 0
0.33778138000000002 0.40953089999999998 0
0.33790248000000001 0.32098947999999999 0
0.33798386000000002 0.14451015 0
0.33805842000000003 0.81712311000000004 0
0.33812977999999999 0.83054971 0
0.33818365 0.60484051000000005 0
0.33822402000000001 0.75242962999999996 0
0.33826328999999999 0.80301513000000002 0
0.33827603000000001 0.37584952999999999 0
0.33827916000000002 0.50117944000000003 0
0.33830505 0.63429265999999995 0
0.33834689000000001 0.83401259999999999 0
0.33854583999999999 0.32490580000000002 0
0.33859847999999998 0.68447170999999996 0
0.99665992000000003 0.16090066 0
0.33886794999999997 0.56782169000000005 0
0.99658663000000003 0.89919789000000006 0
0.33893220000000002 0.92379434999999999 0
0.33895286000000002 0.47986897000000001 0
0.33941029 0.54436529 0
0.33949078999999999 0.20014325999999999 0
0.33958168 0.31646267 0
0.33958575000000002 0.60044036999999995 0
0.33958813999999998 0.87592678999999996 0
0.33959025999999998 0.67109025 0
0.33959086999999999 0.052371849999999998 0
0.99792216 0.54932941999999996 0
0.33967191000000002 0.68127546999999999 0
0.33967996 0.92718507999999999 0
0.33977086000000001 0.038354550000000001 0
0.33985090000000001 0.1903465 0
0.33989409999999998 0.599858 0
0.34022116000000002 0.29696931999999998 0
0.34027974999999999 0.89649153000000004 0
0.34044341 0.48579208000000001 0
0.34047446999999997 0.4192361 0
0.34053957000000001 0.98758509999999999 0
0.34054873000000002 0.60815514000000004 0
0.34063011999999998 0.88559383000000003 0
0.34064892000000002 0.32207891999999999 0
0.34067254000000002 0.21075984 0
0.34096513000000001 0.80644528000000004 0
0.34109666999999999 0.57794221999999995 0
0.34127860999999998 0.77046857999999996 0
0.34131525000000001 0.84565201999999995 0
0.34143526000000002 0.79126806999999999 0
0.34144648999999999 0.10230466000000001 0
0.34145808999999999 0.079840649999999999 0
0.34146768999999999 0.57431589999999999 0
0.34162193000000002 0.53431496000000001 0
0.34171617999999998 0.40441136999999999 0
0.34182095000000001 0.045989380000000003 0
0.34187986999999997 0.91298170000000001 0
0.34191822999999999 0.74155300000000002 0
0.34194358000000002 0.98195047000000002 0
0.34199446999999999 0.64544586999999998 0
0.34200522999999999 0.87856833000000001 0
0.34203581999999999 0.69782789999999995 0
0.34204039000000003 0.10430679 0
0.34213989 0.25716576000000002 0
0.34222235000000001 0.33121086999999999 0
0.34226975999999998 0.47385624999999998 0
0.34240552000000002 0.90867796000000001 0
0.34249121999999999 0.62076980000000004 0
0.34257903000000001 0.57799836999999998 0
0.99301865 0.26125002000000003 0
0.34276161999999999 0.84919221 0
0.34281447999999998 0.49890062000000002 0
0.34284329000000002 0.40042907 0
0.34297477999999998 0.78055068999999999 0
0.34299172 0.42137465000000002 0
0.34309968000000002 0.43960728999999998 0
0.34313663999999999 0.26848358999999999 0
0.34315546000000002 0.64685839000000001 0
0.34315780000000001 0.73886852999999997 0
0.34317334999999999 0.10253922 0
0.34322244000000002 0.068929180000000007 0
0.34322788999999998 0.28497264 0
0.34330814999999998 0.67469266000000006 0
0.34333119000000001 0.61721177999999999 0
0.34336470000000002 0.68378269999999997 0
0.3433773 0.094334000000000001 0
0.34343238999999998 0.14190985 0
0.34346937999999999 0.66343839000000004 0
0.34354614 0.35729845999999998 0
0.34357493 0.7331723 0
0.34358379 0.079548439999999998 0
0.34359885000000001 0.36447921 0
0.34364998000000002 0.20157053 0
0.34385577000000001 0.93468070000000003 0
0.34398208000000002 0.77930794000000003 0
0.34405208999999998 0.46623622999999997 0
0.34411340000000001 0.48234554000000002 0
0.34416384999999999 0.72864600999999996 0
0.34428005 0.61309290000000005 0
0.34435880000000002 0.59371538000000001 0
0.34436125000000001 0.47525597000000003 0
0.34439947999999998 0.89142431 0
0.34442998000000002 0.87733486999999999 0
0.34452494 0.99370468000000001 0
0.34458875 0.92646717000000001 0
0.34469469000000003 0.95700649000000004 0
0.34471994 0.051639810000000001 0
0.34476522999999998 0.71465374000000004 0
0.34479587 0.21396682 0
0.34483349000000002 0.024518189999999999 0
0.34484678000000002 0.48425694000000002 0
0.34491395000000002 0.70344119000000005 0
0.34494536999999997 1 0
0.34496450000000001 0.86704528999999997 0
0.34516340000000001 0.30173882000000002 0
0.34523417000000001 0.073442590000000002 0
0.34526818999999997 0.92901948000000001 0
0.99694784000000003 0.63255154999999996 0
0.34541105999999999 0.67109317999999996 0
0.34546468000000002 0.56530955999999999 0
0.34549834000000001 0.65210033000000001 0
0.34556215000000001 0.41635736000000001 0
0.34557089000000002 0.35740337 0
0.34559033 0.64324857000000002 0
0.34568559999999998 0.49410113999999999 0
0.34570310999999998 0.47873758 0
0.34574120000000003 1 0
0.34585006000000001 0.66428061000000005 0
0.34586546000000001 0.87042302000000005 0
0.99216019 0.46934976 0
0.34590198 0.84604416000000005 0
0.34601185000000001 0.62595259000000003 0
0.34608768000000001 0.60283176000000005 0
0.34612928999999998 0.93603482999999998 0
0.34621053000000002 0.11674895 0
0.34624547999999999 0.43106422 0
0.34628124999999998 0.29174213999999998 0
0.99282066000000002 0.36216259000000001 0
0.34634474999999998 0.81080602999999996 0
0.34642719 0.10438843 0
0.34644820999999998 0.047912709999999997 0
0.34651785000000002 0.40457135 0
0.34658463 0.44701260999999998 0
0.34658717999999999 0.74911892000000002 0
0.34666578999999997 0.87695864999999995 0
0.34678974000000001 0.68884206999999997 0
0.34679306999999998 0.47371980000000002 0
0.34680022999999999 0.45979755 0
0.34686502000000002 0.055897049999999997 0
0.34687620000000002 0.15144262 0
0.34689639999999999 0.48641941999999999 0
0.34697676 0.36042812000000002 0
0.34699553 0.47903987999999997 0
0.34702412999999999 0.87498321999999995 0
0.34705884999999997 0.7102098 0
0.34711871999999999 0.01453663 0
0.34715362 0.11928401 0
0.34719714000000002 0.97479866000000004 0
0.34720744999999997 0.38653706999999998 0
0.34737762 0.15814948000000001 0
0.34744265000000002 0.18666568 0
0.34753192999999999 0.15726135999999999 0
0.34770655 0.13509773 0
0.34777998999999998 0.20234037999999999 0
0.34786250000000002 0.89068926000000004 0
0.34788309000000001 0.49900510999999997 0
0.99253922000000006 0.59409466 0
0.34799405 0.94273132999999998 0
0.34801098000000003 0.33658136999999999 0
0.34803845999999999 0.94517863000000002 0
0.34806458000000001 0.23302903999999999 0
0.34807934000000001 0.40332099999999999 0
0.34814791 0.53746903999999995 0
0.34817810999999999 0.48819080999999998 0
0.3481919 0.27396299000000002 0
0.34819911999999997 0.77213248000000001 0
0.34825652000000001 0.25045353999999997 0
0.34831487 0.49591077 0
0.34835749999999999 0.96971753000000005 0
0.34845165 0.75028532000000003 0
0.34848722999999998 0.69358509000000002 0
0.34861186999999999 0.22562873999999999 0
0.34863747 0 0
0.34863881000000002 0.74202650999999997 0
0.34867912000000001 0.34065860999999997 0
0.34879162000000002 0.17803543999999999 0
0.34893242000000002 0.37215106999999997 0
0.3489372 0.72280639000000002 0
0.34895784000000002 0.37396329 0
0.34897114000000001 0.84087009999999995 0
0.99695619999999996 0.65510393 0
0.34907033999999998 1 0
0.34907768 0.058037129999999999 0
0.34919435999999998 0.17761958999999999 0
0.34922782000000002 0.95066207000000003 0
0.34923136999999999 0.45707564000000001 0
0.34939621999999998 0.00067254999999999995 0
0.34947477999999998 0.23552447000000001 0
0.34948003 0.039814219999999997 0
0.34949152 0.92494091000000001 0
0.34956921000000002 0.90519532000000003 0
0.34959857 0.66954871000000005 0
0.34960607999999999 0.42966842 0
0.34961344 0.18762796000000001 0
0.34966702 0.82470772999999997 0
0.34967468000000002 0.0089420200000000002 0
0.98590447000000003 0.80473194000000003 0
0.34983946999999999 0.070049009999999995 0
0.34984765000000001 0.95944045 0
0.34985677999999998 0.31160621999999999 0
0.3498967 0.82348741000000003 0
0.34991076999999998 0.31986102999999999 0
0.34996104 1 0
0.35016206 0.40725021 0
0.35029568999999999 0.98033073000000004 0
0.35040471000000001 0.16862361000000001 0
0.35040749999999998 0.18322284999999999 0
0.35041116999999999 0.21549072 0
0.35041545000000002 0.57254322000000002 0
0.35055480999999999 0.41846189 0
0.35056742000000002 0.54467754000000002 0
0.35060205 0.065401139999999996 0
0.35064564999999998 0.48600168999999999 0
0.35071079999999999 0.53431119999999999 0
0.35087687000000001 0.63056018999999996 0
0.35101490000000002 0.85214886000000001 0
0.35110930000000001 0.99463436999999999 0
0.35124823999999999 0.84007620999999999 0
0.35125422000000001 0 0
0.35132117000000002 0.13194803999999999 0
0.35138554999999999 0.63884320000000006 0
0.35150334 0.0014311 0
0.35152137999999999 0.65119163000000002 0
0.35154984 0.9988882 0
0.35163222999999999 0.72965681000000004 0
0.35166182000000001 0.35945006000000002 0
0.35166446000000001 1 0
0.35172973000000002 0.79273952999999997 0
0.35173241999999999 0.28539849 0
0.35178168999999998 0.50881018 0
0.35187591000000001 0.92441348999999995 0
0.35190877999999998 0.41318118999999998 0
0.35193217999999998 0.074690370000000006 0
0.35210043000000002 0.29408641000000002 0
0.35217860000000001 0.20563914 0
0.35220121999999998 0.60036789999999995 0
0.35223439000000001 0.98814159999999995 0
0.35228384000000001 0.59590156999999999 0
0.35251474999999999 0.11459531000000001 0
0.35261094999999998 0.73959187999999998 0
0.35263222 0.38906901999999999 0
0.35271962000000001 0.30363404999999999 0
0.35274741999999998 0.31940425 0
0.35276051000000003 0.43106527 0
0.35276606999999999 0 0
0.35286936000000002 0.55730615999999999 0
0.35287940000000001 0.90736793000000004 0
0.35290229000000001 0.46895562000000002 0
0.35314289999999998 0.23906026999999999 0
0.35331762999999999 0.21338862 0
0.35335461000000001 0.85398688 0
0.35340642999999999 0.20920741000000001 0
0.35341994999999998 0.48678872000000001 0
0.35357621 0.90736927999999994 0
0.35370097 0.32645745999999998 0
0.35374611 0.27680180999999998 0
0.35381074000000001 0.66817336999999999 0
0.35383727999999998 0.99258851000000003 0
0.35384423999999998 0.85599833999999997 0
0.35385654 0.13920283 0
0.35386039000000002 0.89341954000000001 0
0.35393428999999998 0.8188936 0
0.35401063999999999 0.19515584999999999 0
0.3540469 0.40334650999999999 0
0.354099 0.69976795999999997 0
0.35412828000000002 0.18717043 0
0.35414256 0.2054164 0
0.35415134999999998 0.42849501000000001 0
0.35423969 0.49743894 0
0.35424394999999997 0.31131361000000002 0
0.35425579000000001 0.67426693000000004 0
0.35435101000000002 0.50711346999999996 0
0.35438125999999998 0.88169916000000004 0
0.35441015999999997 0.70491451999999999 0
0.99035762999999999 0.83798359 0
0.35446644999999999 0.412522 0
0.35448100999999999 0.01319043 0
0.35451179999999999 0.86028188999999999 0
0.35451542000000003 0.81140665000000001 0
0.35457828000000002 0.89721810000000002 0
0.35462294999999999 0.31892084999999998 0
0.3547421 0.68150736999999995 0
0.35474284 0.63925734999999995 0
0.9922995 0.19525450999999999 0
0.35493175999999999 0.26085613000000002 0
0.35511780999999998 0.080432939999999994 0
0.35511952000000002 0.55115117999999996 0
0.35518187000000001 0.72472097999999996 0
0.35524646999999998 0.93212521000000004 0
0.35525200000000001 0.36056953000000003 0
0.35537770000000002 0.15362792 0
0.35543722999999999 0.0061393000000000003 0
0.35566038999999999 0.78115031999999995 0
0.35567848000000002 0.98080215999999998 0
0.35568759 0.78507106000000004 0
0.35601691000000002 0.49665068000000001 0
0.35612512000000002 0.52137643 0
0.35615190000000002 0.69229582999999995 0
0.35646159999999999 0.75978383999999999 0
0.35653029000000003 0.99664187999999998 0
0.35654293999999997 0.71736842000000001 0
0.35670866000000001 0.81280158000000002 0
0.35672817000000001 0.18078018000000001 0
0.35673092000000001 0.065293180000000006 0
0.35681590000000002 0.25146629999999998 0
0.35682313999999998 0.76472658999999998 0
0.35682471999999998 0.63994501999999998 0
0.35685554000000003 0.00232592 0
0.35698481999999998 0.37408246000000001 0
0.35699056000000001 0.089879050000000002 0
0.35704188999999997 0.76446846999999996 0
0.35704462999999997 0.93604918999999998 0
0.35708764999999998 0.15097046 0
0.35713179 0.67296394999999998 0
0.99242147000000003 0.31051532999999998 0
0.35725699 0.91977690999999995 0
0.35731905000000003 0.3525221 0
0.35750247000000002 0.073396760000000005 0
0.35756346 0.35131430000000002 0
0.35765762000000001 0.50356190000000001 0
0.35805678000000002 0.74974372 0
0.35808831000000002 0.53232120000000005 0
0.35809309 0.55908513999999998 0
0.35816257000000001 0.53563388999999995 0
0.35816436000000001 0.42344915 0
0.35819443000000001 0.16771125000000001 0
0.35823923000000002 0.80279873999999996 0
0.35837751000000001 0.60997522000000004 0
0.35841128999999999 0.76835262000000004 0
0.35843285000000003 0.95451659 0
0.35850057000000002 0.53922497000000003 0
0.35856552000000003 0.084754889999999999 0
0.35860520000000001 0.35650008999999999 0
0.35886772 0.73974828999999998 0
0.35889748999999999 0.37354710000000002 0
0.35890950999999999 0.44109814000000003 0
0.35892238999999998 0.79985066999999999 0
0.35897743999999998 0.59297641000000001 0
0.35911496999999998 0.56990293999999997 0
0.35921524999999999 0.81849039000000001 0
0.35934614999999998 0.97968641000000001 0
0.35936941999999999 0.99277884000000005 0
0.35941582999999999 0.11939805000000001 0
0.35944247000000001 0.98166845999999996 0
0.35944862999999999 0.49346373999999998 0
0.35954162000000001 0.13551705999999999 0
0.35968868999999998 0.03011488 0
0.35974694000000002 0.89065269999999996 0
0.35977027 0.22527965999999999 0
0.35984823999999999 0.99054487000000002 0
0.35988961000000003 0.34305306000000002 0
0.35992274000000002 0.52986294 0
0.36008604 0.50357496999999996 0
0.99819093000000003 0.47576781000000001 0
0.36051672000000001 0.95718649 0
0.36062738999999999 0.85939889999999997 0
0.36065005 0.83907482 0
0.36066325999999999 0.13265446 0
0.36071482999999999 0.61948771000000002 0
0.36072703 0.71726193000000005 0
0.36079892000000002 0.57009222999999998 0
0.36086234 0.25368772000000001 0
0.36092296000000001 0.64472598000000003 0
0.36105936999999999 0.83383446000000006 0
0.36106741999999997 0.27239447999999999 0
0.36106937 0.044516680000000003 0
0.36109448999999999 0.62713781999999996 0
0.36114679 0.18028021 0
0.36115983000000002 0.070784490000000005 0
0.36117685999999999 0.30398256000000001 0
0.36124117 0.77647703000000001 0
0.36125504000000003 0.78233573000000001 0
0.36129140999999998 0.1755671 0
0.36130443000000001 0.48029730999999998 0
0.36141149 0.10724309 0
0.36149959999999998 0.32544922999999998 0
0.36158286000000001 0.61494265999999997 0
0.36159562000000001 0.62131438000000005 0
0.36162438000000002 0.80813953999999999 0
0.36172915 0.89208874999999999 0
0.36173829000000002 0.91529830000000001 0
0.36175003999999999 0.72233349999999996 0
0.36190197000000002 0.98807045999999998 0
0.36190228000000002 0.58613616000000002 0
0.36192648999999999 0.80422506999999999 0
0.36207147000000001 0.23882680000000001 0
0.36209485000000002 0.61761367 0
0.36212475 0.75481039000000005 0
0.36212685999999999 0.042570700000000003 0
0.36213516000000001 0.61873677999999999 0
0.36214023000000001 0.85538048 0
0.36215902 0.66544163999999995 0
0.36219219000000002 0.042939140000000001 0
0.36223849000000002 0.36192822000000002 0
0.36242192000000001 0.056851310000000002 0
0.36243536999999998 0.16096592000000001 0
0.36245593999999998 0.84118490999999995 0
0.36255556999999999 0.72288198999999997 0
0.98276905000000003 0.16142212 0
0.36266734 0.32935659 0
0.36271165 0.95553381999999998 0
0.36273508999999998 0.44721086999999998 0
0.36275737000000002 0.27242676999999998 0
0.36278591999999998 0.14656309000000001 0
0.36280663000000002 0.20254164999999999 0
0.36282672999999999 0.39996213000000003 0
0.36303523999999998 0.28214853000000001 0
0.36305906999999998 0.53480338999999999 0
0.36311862 0.59031412999999999 0
0.36318595999999997 0.53198352000000004 0
0.36321956999999999 0.48086941 0
0.36328549999999998 0.94714374999999995 0
0.36330444000000001 0.59573538000000004 0
0.36336147000000002 0.63450134999999996 0
0.36376671999999999 0.82541615000000002 0
0.36377035000000002 0.37987695999999999 0
0.36385323000000003 0.81115868999999996 0
0.36402554999999998 0.72281799999999996 0
0.36408703999999997 0.09975821 0
0.36427756999999999 0.23683617000000001 0
0.36434687999999998 0.70027622 0
0.36438936 0.44810383999999998 0
0.36455845999999997 0.37885166999999997 0
0.36460242999999998 0.14766270000000001 0
0.36469475000000001 0.17115643 0
0.36478569 0.70328811000000002 0
0.36479422 0.74517122000000002 0
0.36494926 0.028022890000000002 0
0.36500397000000001 0.90302428000000001 0
0.36514981000000002 0.71150069999999999 0
0.36528000999999999 0.40259927000000001 0
0.36528219000000001 0.15138056 0
0.36528755000000002 0.62116450000000001 0
0.36551328 0.26127063 0
0.36558837 0.703843 0
0.36560495999999998 0.88174251000000003 0
0.36592281999999998 0.25883918 0
0.36598277000000001 0.61241023999999999 0
0.36599259000000001 0.50857832999999997 0
0.36601809000000002 0.38980354 0
0.36605140000000003 0.075428229999999999 0
0.36632531000000002 0.81870732999999996 0
0.36637220999999998 0.39483864000000002 0
0.36645842000000001 0.97661960000000003 0
0.36653307000000002 0.16651039000000001 0
0.36653444000000002 0.26197661999999999 0
0.36664418999999998 0.89625832000000005 0
0.36666331000000002 0.85927617999999995 0
0.36671531000000002 0.11364842999999999 0
0.36696795999999998 0.85453051999999996 0
0.36713346000000002 0.72618369000000005 0
0.36716397000000001 0.64446081 0
0.36718862000000002 0.58596828999999995 0
0.36719721 0.75421916 0
0.36720635000000001 0.34981087999999999 0
0.36728237000000002 0.21840312000000001 0
0.36734265999999999 0.98381163000000005 0
0.36744565000000001 0.83453873000000001 0
0.36748556999999998 0.19369697999999999 0
0.36750616000000003 0.18859682 0
0.36767035999999997 0.41211331000000001 0
0.36772629000000001 0.77172178000000002 0
0.36776658000000001 0.0029495300000000001 0
0.36777063999999998 0.87632191999999998 0
0.36780723999999998 0.89025041999999999 0
0.36794956000000001 0.27745565999999999 0
0.36795443 0.61443194000000001 0
0.36801172999999998 0.66034870999999995 0
0.36805255999999997 0.35475468999999998 0
0.36816679000000002 0.066556329999999997 0
0.36827191999999997 0.54415932 0
0.36846192999999999 0.4922472 0
0.36848473999999998 0.43959851 0
0.36854797 0.42532764000000001 0
0.36865189999999998 0.81542842000000004 0
0.36889477999999998 0.95346578000000004 0
0.36891426999999999 0.31862751 0
0.36894881000000002 0.64050300999999998 0
0.36894964000000002 0.041792700000000002 0
0.36899850000000001 0.15871842999999999 0
0.36903132999999999 0.67177893 0
0.36903393000000001 0.00112791 0
0.36914197999999998 0.16951596999999999 0
0.36917169999999999 0.60406382999999997 0
0.36936495000000003 0.76610518000000005 0
0.36937489000000001 0.86927306999999998 0
0.36937513 0.47581335000000002 0
0.36946271000000003 0.93502492000000004 0
0.36946303000000003 0.98775716000000002 0
0.36949006000000001 0.12267297000000001 0
0.36952126000000002 0.82795715000000003 0
0.36952400000000002 0.38346770000000002 0
0.36961936000000001 0.090374270000000007 0
0.36965208999999999 0.35276202000000001 0
0.99041385999999998 0.94796142000000005 0
0.36968645 0.84847963999999998 0
0.36983969999999999 0.73491114999999996 0
0.36986175999999998 0.72344215000000001 0
0.36999292 0.89051374999999999 0
0.37005560999999998 1 0
0.3701335 0.11191353 0
0.37017803999999999 0.057804349999999997 0
0.37018174999999998 0.34282257999999999 0
0.37018605999999998 0.68826228 0
0.37030506000000002 0.32638876 0
0.37031777999999999 0.61343351999999995 0
0.37032758999999998 0.74323039000000002 0
0.37033269000000002 0.34295440999999999 0
0.37038007000000001 0.45249857999999998 0
0.37067601999999999 0.89956283999999997 0
0.98605204000000002 0.87140459999999997 0
0.37069596999999999 0.43575112999999999 0
0.37071906999999998 0.59268878999999997 0
0.37073545000000002 0.78177083000000003 0
0.37075058 0.49588152000000002 0
0.37078403999999998 0.13759141999999999 0
0.37078685 0.0043721999999999997 0
0.37080856000000001 0.41753067999999999 0
0.37088766000000001 0.49914830999999998 0
0.37093118000000003 0.33350192000000001 0
0.37094401999999999 0.05864523 0
0.37094581999999998 0.066382540000000004 0
0.37095666999999999 0.53813372000000004 0
0.37111102000000001 0.14674276 0
0.37116001999999998 0.66943202000000002 0
0.37119491999999998 0.69760856999999998 0
0.37127672 0.52449709 0
0.37130334999999998 0.90237491000000003 0
0.37134435999999998 0.28612748999999998 0
0.37141858 0.26892042999999999 0
0.37143138999999997 0.63116985000000003 0
0.37149528999999998 0.59459835999999999 0
0.37156439000000002 0.86389055999999997 0
0.37156963999999998 0.085555400000000004 0
0.37160465999999998 0.50905624000000005 0
0.37165512000000001 0.96093879999999998 0
0.37165994000000002 0.53285930000000004 0
0.37178581999999999 0.42854604000000002 0
0.37181110000000001 0.82449961999999999 0
0.37182644999999998 0.66794801999999998 0
0.37188682000000001 0.40113911000000002 0
0.37198083999999998 0.24699811999999999 0
0.37202368000000002 0.68765827000000002 0
0.37205249000000001 0.13696523999999999 0
0.37210012999999997 0.34667946999999999 0
0.37210093 0.86552558000000002 0
0.37215249 0.33491799999999999 0
0.37217333000000002 0.31501214 0
0.37221769999999998 0.51818350999999996 0
0.37234910999999998 0.68546812999999995 0
0.37238990999999999 0.18417189 0
0.37240980000000001 0.11338959999999999 0
0.37241276000000001 0.68310309000000002 0
0.37245929 0.56263682999999998 0
0.37250060000000002 0.71472376999999998 0
0.37257478999999999 0.98732830999999999 0
0.37259266000000002 0.1057622 0
0.37263994 0.48007209000000001 0
0.99255031999999999 0.63670981000000004 0
0.37276005000000001 0.24995732000000001 0
0.37278967000000002 0.73779748000000001 0
0.37279223 0.38965288999999997 0
0.37291411000000002 0.12883923999999999 0
0.37291749000000002 0.62589050000000002 0
0.37303603000000002 0.25720807000000001 0
0.37305920999999997 0.057387050000000002 0
0.37312436999999998 0.77916682999999998 0
0.37318377000000003 0.21178468 0
0.37320872999999999 0.34694952000000001 0
0.37323489999999998 0.85434531000000002 0
0.37327047000000002 0.92948721999999995 0
0.37330302999999998 0.034890110000000002 0
0.37336090999999999 0.13064255 0
0.37345117999999999 0.23584121 0
0.37350786000000002 0.17838419999999999 0
0.37359698000000002 0.57098861000000001 0
0.37363666000000001 0.72558807000000003 0
0.37371959999999999 0.12223483 0
0.37373214999999999 0.37852230999999997 0
0.37387590999999998 0.91932524999999998 0
0.37391984 0.58065233999999999 0
0.37400245999999998 0.82666010000000001 0
0.37415284999999998 0.56606820999999996 0
0.37416050000000001 0.68333836000000003 0
0.37441612000000002 0.77999300000000005 0
0.37443300000000002 0.87890203 0
0.37447269 0.57819423999999997 0
0.37452141 0.20582147000000001 0
0.37454757 0.53074418999999995 0
0.374556 0.59599533999999998 0
0.37467412999999999 0.58592166000000001 0
0.37468445 0.57105055999999998 0
0.37474816 0.98493470999999999 0
0.37497070999999998 0.93194832000000005 0
0.37507539000000001 0.58045667999999995 0
0.37513867000000001 0.49666708999999998 0
0.37514613000000002 0.88753715 0
0.37525282999999998 0.22794012999999999 0
0.37528317999999999 0.17860334 0
0.37540369000000001 0.64703204000000003 0
0.37566864999999999 0.40713600999999999 0
0.37567362999999998 0.15153841000000001 0
0.37570889000000002 0.45800556999999997 0
0.37578452000000001 0.13130364 0
0.37582800999999999 0.55205322999999995 0
0.37582981999999998 0.12323263 0
0.37589709999999998 0.24660293 0
0.37590828999999998 0.086916549999999995 0
0.3759535 0.74862276999999999 0
0.37598776 0.3190944 0
0.37601589000000002 0.24095227999999999 0
0.37608371000000002 0.89711474000000002 0
0.37636830999999998 0.66252814000000004 0
0.37638218000000001 0.86314661999999998 0
0.37639039000000002 0.90196615000000002 0
0.37644620000000001 0.57366381 0
0.37644914000000002 0.87343389000000005 0
0.37647606 0.26028158000000001 0
0.37647926999999998 0.028467849999999999 0
0.37657233000000001 0.12797201 0
0.37661024999999998 0.85384271 0
0.37670990999999998 0.26091312 0
0.37671495999999999 0.83801899999999996 0
0.37672434999999999 0.80445195000000003 0
0.37680891999999999 0.17305043000000001 0
0.37685036999999999 0.31446404999999999 0
0.37690945999999997 0.20531674 0
0.99223656000000005 0.038119769999999997 0
0.37698924 0.95288154000000003 0
0.37703315999999998 0.70335278999999995 0
0.37704700000000002 0.39001533999999999 0
0.37706150999999999 0.37984559000000001 0
0.37713275000000002 0.049958420000000003 0
0.37717858999999998 0.10996831999999999 0
0.3772663 1 0
0.37729541999999999 0.23740602 0
0.37734593999999999 0.51360097000000005 0
0.37737356 0.84407136000000005 0
0.37747625000000001 0.62759359999999997 0
0.37751093000000002 0.61138844000000003 0
0.37760173000000002 0.92064338999999995 0
0.37774674000000003 0.58053600999999999 0
0.37782188 0.082255090000000003 0
0.3778243 0.70568034000000002 0
0.37788266999999998 0.037245830000000001 0
0.37796152999999999 0.96265701999999997 0
0.37800473000000001 0.53336322999999997 0
0.37805577000000001 0.73474751000000005 0
0.37806244 0.30519686000000001 0
0.37809615000000002 0.026776709999999999 0
0.37810891000000002 0.26299033999999999 0
0.37814693999999999 0.44555442000000001 0
0.37815408 0.33903086999999998 0
0.37831619 0.70259795000000003 0
0.37834390000000001 0.25574026 0
0.37838303000000001 0.18146672999999999 0
0.37845473000000002 0.56682376999999995 0
0.37847505999999997 0.36693836000000002 0
0.37848714999999999 0.65707249000000001 0
0.37862283000000002 0.23361037000000001 0
0.37862994999999999 0.23750610999999999 0
0.37873667 0.92433463999999999 0
0.37882549999999998 0.80226611000000003 0
0.37888895 0.84059625999999998 0
0.37894263 0.14856510000000001 0
0.37901393 0.42530263000000001 0
0.37921495999999999 0.57615413000000004 0
0.37949813999999998 0.21800894000000001 0
0.37950432000000001 0.70199990999999995 0
0.37957728000000002 0.092546729999999994 0
0.37972738 0.75979207000000004 0
0.37977292000000001 0.43362096 0
0.37981317999999997 0.74057351000000005 0
0.37983461000000002 0.42798517000000003 0
0.37983641000000001 0.20608217000000001 0
0.37992429999999999 0.48155523 0
0.37993103 0.36802559000000001 0
0.37999276999999998 0.24652855000000001 0
0.38004261 0.83466804999999999 0
0.38016601999999999 0.18231573000000001 0
0.38044372999999998 0.50244453 0
0.38053798999999999 0.66139709000000002 0
0.99093246999999995 0.47247697999999999 0
0.38062608999999997 0.13631666000000001 0
0.38063142999999999 0.43205673 0
0.38063163 0.23743368000000001 0
0.38067106000000001 0.11610790999999999 0
0.38070467000000002 0.64505860000000004 0
0.38071403999999998 0.97605500000000001 0
0.3807915 0.022135169999999999 0
0.38082414999999997 0.76415272999999995 0
0.38084003999999999 0.406059 0
0.38088048000000002 0.13027669 0
0.38111583999999998 0.046047270000000001 0
0.38119248 0.88568957000000004 0
0.38123456999999999 0.028613240000000002 0
0.38135166999999998 0.27434863999999998 0
0.38136956999999999 0.86948879000000001 0
0.38138926000000001 0.75611954999999997 0
0.38142881000000001 0.65479036000000002 0
0.38148248000000001 0.40280939999999998 0
0.38159409999999999 0.16521338999999999 0
0.38171822999999999 0.34965801000000002 0
0.38173463000000002 0.22382984 0
0.38179173 0.74040141000000004 0
0.38179911 0.33200099 0
0.38196249999999998 0.31425988999999999 0
0.38197107000000002 0.67179058999999997 0
0.38197195 0.45902896999999998 0
0.38230984000000001 0.30872298999999997 0
0.38250453000000001 0.95535745999999999 0
0.3825326 0.02609272 0
0.38263075000000002 0.04553546 0
0.38266409000000001 0.02057024 0
0.38267986999999998 0.15060878 0
0.38272049000000002 0.12169397999999999 0
0.38275190999999997 0.80840997999999997 0
0.38277399000000001 0.83223334999999998 0
0.38285318000000002 0.29557097999999998 0
0.38289653000000001 0 0
0.38292016000000001 0.23432897 0
0.38295223 0.96884194000000001 0
0.38305091000000002 0.33106681999999998 0
0.38305823999999999 0.40503650000000002 0
0.38311922999999998 0.084252480000000005 0
0.38321937 0.71432324999999997 0
0.38336953000000001 0.15901119999999999 0
0.38341731000000001 0.91409077000000005 0
0.38346581000000002 0.52781237000000003 0
0.38353144 0.81683083999999995 0
0.38356122999999998 0.43294394000000003 0
0.38364252999999998 0.85748899999999995 0
0.99703196000000005 0.80364077 0
0.38372920999999999 0.027181549999999999 0
0.38388676999999999 0.28017184000000001 0
0.38391121 0.72281335999999996 0
0.38393733000000002 0.22359986000000001 0
0.38400847999999999 0.85018238999999995 0
0.38402894999999998 0.53221799999999997 0
0.38409112000000001 0.88307429000000004 0
0.38413049999999999 0.73508631000000002 0
0.38425788 0.21664748 0
0.38438513000000002 0.067302650000000006 0
0.38450087999999999 0.94515636000000003 0
0.38456438999999998 0.62553024000000002 0
0.38459443999999998 0.65261544000000005 0
0.38469702 0.94083346000000001 0
0.38486492 0.44826980999999999 0
0.38493595000000003 0.77518483000000005 0
0.38506932999999999 0.23819000000000001 0
0.38508144999999999 0.68227917999999999 0
0.38510250000000001 0.70382895999999995 0
0.38510531999999997 0.52329064000000003 0
0.38511208000000002 0.42667380999999999 0
0.38511387000000002 0.34759364999999998 0
0.38513652999999998 0.072785559999999999 0
0.38519112 0.0052757100000000003 0
0.38539859999999998 0.67947679999999999 0
0.38541985000000001 0.80255239 0
0.38565850000000002 0.72196221999999999 0
0.38568464000000002 0.97802761000000005 0
0.38590648999999999 0.90232482000000003 0
0.38620239000000001 0.69603638999999995 0
0.38623533999999998 0.91104169999999995 0
0.38628404 0.46631444 0
0.3864493 0.2052928 0
1 0.71506915999999998 0
0.38646722 0.28338676000000002 0
0.38647361000000002 0.0016028399999999999 0
0.38651166999999997 0.97688657000000001 0
0.38673224 0.39051550000000002 0
0.99784059000000003 0.71489561000000001 0
0.38678132999999998 0.28316823000000002 0
0.38681152000000002 0.14058085000000001 0
0.38683941999999999 0.86019588999999996 0
0.38694210000000001 0.15213950000000001 0
0.38699551999999998 0.10277277999999999 0
0.38731795000000002 0.41161313999999999 0
0.38755261000000002 0.64633247000000005 0
0.38762626999999999 0.13280159 0
0.38775079000000001 0.31675488000000002 0
0.38780005000000001 0.77249827000000004 0
0.38782868999999998 0.93052226999999998 0
0.38785387999999998 0.67658865999999995 0
0.38795018999999997 0.94984345000000003 0
0.38795263000000002 0.96683368000000003 0
0.38797931000000002 0.80813776000000004 0
0.3879842 0.24252599999999999 0
0.38805392 0.55401184000000003 0
0.38807154999999999 0.83234352 0
0.38840993000000001 0.28087271000000003 0
0.38842756000000001 0.40826541999999999 0
0.38854910999999998 0.60185137 0
0.38857448 0.71740121000000001 0
0.97982853999999997 0.65488075000000001 0
0.38876801999999999 0.56539145999999996 0
0.38878047999999998 0.48997274000000002 0
0.38878432000000002 0.83953553999999997 0
0.38882168 0.56639583999999998 0
0.99314740999999995 0.95512085999999996 0
0.38885840999999999 0.26149452000000001 0
0.38895676000000001 0.39247072999999999 0
0.38900453000000002 0.79672363000000002 0
0.38900831000000002 0.81056125999999995 0
0.38911663000000002 0.17368011 0
0.38916329 0.067847859999999996 0
0.38924186 0.22605659 0
0.38937638000000002 0.46492568000000001 0
0.38944673000000002 0.70411738999999995 0
0.38946483999999998 0.91931014 0
0.97983359999999997 0.24398717 0
0.38958019999999999 0.33883351 0
0.38959665999999998 0.0096441500000000006 0
0.38961543999999998 0.70418336000000004 0
0.38976677999999998 0.92772818000000001 0
0.38979576999999999 0.1629843 0
0.38981702000000001 0.50885924999999999 0
0.38996924999999999 0.047534630000000001 0
0.39005697 0.89621996999999998 0
0.39020698999999998 0.32375446000000002 0
0.39037622999999999 0.64461420999999997 0
0.39043935000000002 0.93553032000000003 0
0.39048643999999999 0.52817133999999999 0
0.39050824000000001 0.54668618000000002 0
0.39052437000000001 0.16538127 0
0.39052955 0.96458385000000002 0
0.39056742999999999 0.29901450000000002 0
0.39067030000000003 0.035967039999999999 0
0.39067457 0.51052185000000005 0
0.39071872000000002 0.090628669999999995 0
0.39072747000000002 0.76430348000000004 0
0.39076683000000001 0.24373773000000001 0
0.39081537999999999 0.89243227999999997 0
0.39081853 0.67938646000000003 0
0.39084648999999999 0.13778167999999999 0
0.39087159999999999 0.85162592999999998 0
0.39089474000000002 0.27534027 0
0.39099175000000003 0.0406218 0
0.39109275999999998 0.60076450000000003 0
0.39110520999999998 0.88921033000000005 0
0.39115345000000001 0.11670224999999999 0
0.39117735999999997 0.44407224000000001 0
0.39128792000000001 0.11973847999999999 0
0.39132082000000001 0.60032967000000004 0
0.99707670999999998 0.36641362999999999 0
0.39147149999999997 0.87715571000000003 0
0.39149454 0 0
0.99087638 0.97962104000000005 0
0.39184175999999998 0.37254343000000001 0
0.39184856000000001 0.35034193000000002 0
0.39187684 0.32108395000000001 0
0.39188493000000002 0.31115147999999998 0
0.39205005999999998 0.88174863999999997 0
0.39206026999999999 0.24088587 0
0.39215143000000002 0.039209140000000003 0
0.39236652 0.55975330000000001 0
0.39240586999999999 0.56751607999999998 0
0.39242975000000002 0.28584538999999998 0
0.39245802000000002 0.61614225 0
0.39250837 0.12808533 0
0.39256887000000001 0.97080416999999997 0
0.39257425000000001 0.46054919 0
0.39259924000000002 0.99235518 0
0.39260265 0.01330917 0
0.39264557 0.82666437999999998 0
0.39277473000000002 0.24361511 0
0.39278475000000002 0.75417230000000002 0
0.39285941000000002 0.47578853999999998 0
0.39288726000000002 0.54268351000000004 0
0.39307648000000001 0.030597470000000002 0
0.39309466999999998 0.25895263000000002 0
0.39310240000000002 0.98773213000000004 0
0.39314912000000002 0.043961470000000002 0
0.39317575999999999 0.3239725 0
0.39321898999999999 0.96616701999999999 0
0.39326304000000001 0.77659652999999995 0
0.39327967000000003 0.38733241000000002 0
0.39328292999999998 0.21718572999999999 0
0.39330001999999997 0.33031115 0
0.39333045999999999 0.37759374000000001 0
0.39347219 0.47453339999999999 0
0.99704283999999999 0.18802679 0
0.39354197000000002 0.81160628999999995 0
0.39385142000000001 0.41195536999999999 0
0.39388898999999999 0.93221246999999996 0
0.39392736 0.53799114000000003 0
0.39410708 0.10085804 0
0.39412812000000003 0.52422195999999999 0
0.39444742999999999 0.90668238000000001 0
0.39445450999999998 0.43792165 0
0.39448577000000001 0.83417138999999996 0
0.39455193999999999 0.55018184000000003 0
0.39468889000000001 0.071704820000000002 0
0.99149410000000004 0.87179240999999996 0
0.39512636000000001 0.31843474999999999 0
0.39519292 0.21505384999999999 0
0.39525281000000001 0.60952501999999997 0
0.39528678 0.86524683999999996 0
0.39529269 0.70604407000000002 0
0.99156686000000005 0.87897124999999998 0
0.39543186000000002 0.74926018999999999 0
0.39558990999999999 0.30894005000000002 0
0.39560594999999998 0.93745935000000002 0
0.39566512999999998 0.95880071 0
0.39568413000000002 0.45059156 0
0.39581222999999999 0.55227678999999996 0
0.99828640999999996 0.21994512999999999 0
0.99819895000000003 0.53984878999999997 0
0.39604071000000002 0.86304901000000001 0
0.39607430999999998 0.51130176000000005 0
0.39609962999999998 0.41519389000000001 0
0.99702314000000003 0.74998377999999999 0
0.39626660000000002 0.34911584000000001 0
0.39629851999999999 0.83664486999999998 0
0.39634214000000001 0.28177087000000001 0
0.39635446000000002 0.30724158000000001 0
0.39639228999999998 0.0077844699999999999 0
0.39639521999999999 0.66028991000000004 0
0.39642090000000002 0.53583334999999999 0
0.39642106999999999 0.30564422000000002 0
0.39644388000000003 0.37858330000000001 0
0.39645192000000001 0.84757883999999994 0
0.3964723 0.45817332 0
0.39656815000000001 0.11144587 0
0.39660549 0.1770602 0
0.39663290000000001 0.86094959000000004 0
0.39664258000000002 0.36589623999999998 0
0.3966751 0.42264422000000001 0
0.39670242 0.77282492000000003 0
0.39673660999999999 0.47138215 0
0.39674985000000002 0.40453143000000003 0
0.39678012000000001 0.57580350000000002 0
0.39686976000000002 0.66947084999999995 0
0.39690268000000001 0.63181602000000003 0
0.39692765000000002 1 0
0.39699593999999999 1 0
0.39711928000000002 0.87513812999999996 0
0.39711964999999999 0.61915790999999998 0
0.39721254 0.027248620000000001 0
0.39727502999999997 0.55336163999999999 0
0.39728059999999998 0.33826052000000001 0
0.39730775000000002 0.58608037999999996 0
0.39740620999999998 0.72324116999999999 0
0.39744600000000002 0.16311116000000001 0
0.39747502000000001 0.19218414 0
0.39751173000000001 0.24573322 0
0.39753105 0.083248440000000007 0
0.39767450999999998 0.14271039999999999 0
0.39780567999999999 0.18690897000000001 0
0.39780926 0.79762345999999995 0
0.39783833000000002 0.59509588999999996 0
0.39790207 0.80461072 0
0.39799900999999999 0.97728495999999998 0
0.39800069999999999 0.64920485999999999 0
0.39804349 0.99351526999999995 0
0.39810952999999999 0.94358383000000001 0
0.39812129000000002 0.33153579999999999 0
0.39813178999999999 0.58847408999999995 0
0.39815655999999999 0.84719686000000005 0
0.39816886000000001 0.067856059999999996 0
0.39829220999999998 0.6563947 0
0.39834595 0.36462021 0
0.39839316000000002 0.68113084000000002 0
0.39841131000000002 0.92345431 0
0.39853757000000001 0.39476746000000001 0
0.39854764999999998 0.37874918000000002 0
0.39862067000000001 0.38257838999999999 0
0.39863066000000003 0.50931413000000003 0
0.39880395000000002 0.37470696999999997 0
0.39880628000000001 0.96681318000000005 0
0.39882782 0.31251415999999999 0
0.39901271999999999 0.97245875999999998 0
0.39907907999999997 0.072966349999999999 0
0.39921814 0.04193964 0
0.39923684999999998 0.98006696000000004 0
0.39940136999999998 0.55955151000000003 0
0.39941193000000003 0.058221299999999997 0
0.39943145000000002 0.84787995000000005 0
0.39951882 0.17946037000000001 0
0.39959150999999998 0.83489150000000001 0
0.98571931000000002 0.51831170999999998 0
0.39977397999999997 0.11373922 0
0.39980194000000002 0.22155543999999999 0
0.39983995 0.73886432000000002 0
0.99720812999999997 0.10352325 0
0.39989225 0.78526108999999999 0
0.39990885999999998 0.051231029999999997 0
0.40005798999999997 0.37339958000000001 0
0.40011142 0.64700027000000004 0
0.40025196000000002 0.76426327000000005 0
0.40030887999999998 0.16633644 0
0.40033297000000001 0.87158899999999995 0
0.40041571999999997 0.61104868999999995 0
0.40043242000000001 0.34233752000000001 0
0.40043905000000002 0.12843681000000001 0
0.40044323999999998 0.13759252 0
0.40054444 0.9399672 0
0.40080312000000001 0.17133127000000001 0
0.40093757000000002 0.66602872000000002 0
0.40095141000000001 0.70797668999999996 0
0.4009529 0.89940655999999997 0
0.40109723000000003 0.82844470999999997 0
0.40113043999999998 0.28944308000000002 0
0.40120670000000003 0.016110329999999999 0
0.40128870999999999 0.95574555999999999 0
0.40131742999999998 0.33688806999999998 0
0.40138020000000002 0.69169121 0
0.40148133000000003 0.79420605 0
0.40167323999999999 0.16404265000000001 0
0.40169630000000001 0.018326169999999999 0
0.40172978999999998 0.73498368000000003 0
0.40183592000000001 0.91490442000000005 0
0.40190643999999998 0.13239474000000001 0
0.40201152000000001 0.10232007 0
0.40204957000000002 0.12445895999999999 0
0.40234673999999998 0.094366249999999999 0
0.40239954999999999 1 0
0.40253257999999997 0.91243856000000001 0
0.40253968000000001 0.60556456999999997 0
0.40259665 0.18742573000000001 0
0.40260161999999999 0.47751800999999999 0
0.40264002999999998 0.13167448000000001 0
0.40266244000000001 0.099098309999999995 0
0.40290142000000001 0.95921502999999997 0
0.40291918999999998 0.83149297 0
0.40315368000000001 0.48735980000000001 0
0.40324122000000001 0.4312993 0
0.40328111999999999 0.29142322999999998 0
0.40335017000000001 0.40752284 0
0.40336706999999999 0.69771178 0
0.40336896 0.16085646000000001 0
0.40342670000000003 0.28909509 0
0.40343419000000003 0.59243316999999995 0
0.4034836 0.27965005999999998 0
0.40358733000000002 0.39252493999999999 0
0.40361849999999999 0.34998404999999999 0
0.40363573000000003 0.74626234000000002 0
0.40364663000000001 0.40491433999999998 0
0.98564083000000002 0.65584865999999997 0
0.40379495999999998 0.88328530000000005 0
0.40381242000000001 0.23443955999999999 0
0.40386337999999999 0.29832226000000001 0
0.40407875999999998 0.44248428000000001 0
0.40422129000000001 0.16225485000000001 0
0.40423069 0.32333147000000001 0
0.40424684999999999 0.72092824 0
0.40425781999999999 0.82697412000000003 0
0.40427706000000002 0.17704992999999999 0
0.40429280000000001 0.11598907 0
0.40434373000000001 0.39690607999999999 0
0.40437104000000001 0.81310872999999995 0
0.40437485000000001 0.14655862 0
0.40454389000000002 0.56836059999999999 0
0.40461876000000002 0.34946661000000001 0
0.40477829999999998 0.47467196 0
0.40479744000000001 0.57756260000000004 0
0.40487791000000001 0.81871969 0
0.40490936999999999 0.31344413999999998 0
0.40495776999999999 0.18573918 0
0.40498743999999998 0.17773797 0
0.40506624000000002 0.51805582999999999 0
0.40516117000000001 0.55101480999999997 0
0.40518359999999998 0.59696331999999996 0
0.40520012 0.16323956000000001 0
0.40522668000000001 0.61430435999999999 0
0.40524255999999997 0.24111078 0
0.40526665000000001 0.086538989999999996 0
0.40528786999999999 0.71175394000000003 0
0.40545514999999999 0.52515391 0
0.40549172 0.80670973000000001 0
0.40552216000000002 0.30461416000000002 0
0.40566477000000001 0.52018363000000001 0
0.40571763999999999 0.92393360000000002 0
0.40578160000000002 0.93172743000000002 0
0.40590705999999999 0.25165261999999999 0
0.40603008000000002 0.3379393 0
0.40615080999999997 0.45393087999999998 0
0.40623626000000002 0.3350051 0
0.40625232 0.99222953000000003 0
0.40633919000000002 0.30706549 0
0.40642001 0.80914554000000005 0
0.40649542 0.91180063 0
0.40664487999999999 0.97396327000000005 0
0.40672365999999999 0.58267787999999998 0
0.40679393000000003 0.90682582 0
0.40683042000000003 0.85333313 0
0.40689906999999997 0.49986891 0
0.4069063 0.67923990000000001 0
0.40692207000000002 0.76160998000000002 0
0.40696595000000002 0.39588617999999998 0
0.40699510999999999 0.95869269000000001 0
0.40701436000000002 0.10410461999999999 0
0.40704008000000003 0.22403339999999999 0
0.99165996999999995 0.44216018000000001 0
0.40718441999999999 0.80769899999999994 0
0.40738101999999998 0.23627453000000001 0
0.40740211999999998 0.0057848300000000004 0
0.40741210999999999 0.71138663999999996 0
0.40743252000000002 0.53792357000000002 0
0.40745889000000002 0.89635094999999998 0
0.40755242000000003 0.23854146000000001 0
0.40772654000000003 0.94237890999999996 0
0.40775428000000002 0.36392645000000001 0
0.40800724999999999 0.083128960000000002 0
0.40804046999999999 0.71743816999999999 0
0.40811571000000002 0.19454178 0
0.40813379999999999 0.93385306999999995 0
0.40813454999999998 0.45369225000000002 0
0.40823901000000001 0.37802785 0
0.40824350999999998 0.27530715 0
0.40848954999999998 0.36153459999999998 0
0.40850309000000001 0.98293750999999996 0
0.40854078999999999 0.49931473999999998 0
0.40856882 0.18267553 0
0.40861549000000003 0.80288945 0
0.40866139000000001 0.61262897000000005 0
0.40871832000000002 0.97865994999999995 0
0.40872087000000001 0.47248071000000003 0
0.40883857000000001 0.15956756999999999 0
0.40884029999999999 0.99937933000000001 0
0.40886692000000002 0.53206401000000003 0
0.99343130000000002 0.62255201000000004 0
0.40896600999999999 0.17118242 0
0.40906596000000001 0.6836352 0
0.40907609 0.90799890999999999 0
0.40920520999999999 0.19208338 0
0.40929613999999997 0.14200890999999999 0
0.40941270000000002 0.099550029999999998 0
0.40953674000000001 0.63137823999999998 0
0.40961117000000002 0.86167057000000002 0
0.40962356999999999 0.42986148000000002 0
0.40963148999999999 0.25303445000000002 0
0.40964738000000001 0.51475837999999996 0
0.40965352999999999 0.70521643000000001 0
0.40971781000000002 0.19948732 0
0.40973867000000003 0.0364284 0
0.40974149999999998 0.51443894000000001 0
0.40974569 0.60298423999999995 0
0.40981634 0.74268255000000005 0
0.40992256999999999 0.99139560000000004 0
0.41005226 0.41279518999999998 0
0.99782020999999999 0.81285187000000003 0
0.41026188000000002 0.16140482 0
0.41027671999999998 0.37914702 0
0.41032002000000001 0.64833331000000005 0
0.41033115999999997 0.87584952000000005 0
0.41037167000000002 0.14989733999999999 0
0.41038818999999999 0.16355243999999999 0
0.41043967999999997 0.76288164000000003 0
0.41045796000000001 0.69985467999999995 0
0.41048558000000002 0.80591098000000005 0
0.41050751000000002 0.69660032999999999 0
0.41053093000000002 0.40165429000000002 0
0.41057367 0.69679760000000002 0
0.41063467999999997 0.44728340999999999 0
0.41075389000000001 0.26460413999999999 0
0.41085965000000002 0.33756479 0
0.41093837 0.23159125 0
0.41095549999999997 0.59095874000000004 0
0.41097474000000001 0.31771674 0
0.41098744999999998 0.75555123999999996 0
0.41100411999999997 0.59819672000000002 0
0.41110151 0.61536807999999998 0
0.41111657000000001 0.90208555000000001 0
0.41115374999999998 0.39245934999999998 0
0.41115709 0.49461396000000002 0
0.41127828 0.095509839999999999 0
0.41128833999999997 0.55552245 0
0.41131294000000002 0.52483983000000001 0
0.41134026000000001 0.28526924999999997 0
0.41142355000000003 0.86056862000000001 0
0.41143985 0.38622242000000001 0
0.41148938000000002 0 0
0.41152353000000003 0.0112969 0
0.41154305000000002 0.022884850000000002 0
0.41160648999999999 0.79984664999999999 0
0.41168207000000001 0.43886351000000001 0
0.41189058000000001 0.64022741999999999 0
0.41189493999999999 0.055687159999999999 0
0.41199942000000001 0.64391536999999999 0
0.41201306999999998 0.81452928000000002 0
0.41214761999999999 0.94644638999999997 0
0.41220902999999998 0.46465714000000002 0
0.41225124000000002 0.96948646999999999 0
0.41252666999999998 0.51242767 0
0.99318748000000001 0.58352382000000003 0
0.41258430000000001 0.52662701999999995 0
0.41260637999999999 0.90487057000000004 0
0.41260943 0.05101373 0
0.41261724999999999 0.12474267999999999 0
0.41272910000000002 0.95618685999999997 0
0.41274856999999998 0.29036677 0
0.99304095000000003 0.00058131999999999997 0
0.41293670999999998 0.94924470999999999 0
0.41307970999999999 0.28325409000000001 0
0.41310859999999999 0.56364320999999995 0
0.41311147999999998 0.43385890999999999 0
0.41315265000000001 0.33864344000000002 0
0.41324959999999999 0.93637197000000005 0
0.41328354 0.19446150000000001 0
0.41331185999999998 0.027342040000000001 0
0.41347237999999997 0.02891707 0
0.41347262000000001 0.055245660000000002 0
0.41364008000000002 0.63267415000000005 0
0.41377891999999999 0.35361151000000002 0
0.41378113999999999 0.53721582000000001 0
0.41379848000000002 0.14920491999999999 0
0.41381279999999998 0.46870188000000002 0
0.41381920999999999 0.76948930999999998 0
0.99871248999999995 0.39649259999999997 0
0.41385195000000002 0.72451071 0
0.41390955000000001 0.36819413000000001 0
0.41393735999999998 0.82448452999999999 0
0.41396239000000001 0.87469269000000005 0
0.41399227999999999 0.65767357999999998 0
0.41405271999999999 0.29174988000000002 0
0.41410042000000002 0.37515765000000001 0
0.41413114000000001 0.18542568000000001 0
0.41414961 0.59399464000000002 0
0.41415374999999999 0.64572870000000004 0
0.41415800000000003 0.36383006000000001 0
0.41416252999999997 0.37569912 0
0.41421646000000001 0.73235764999999997 0
0.41422824000000003 0.92282668999999995 0
0.41430717 0.77208986000000002 0
0.41433118000000002 0.49891881999999999 0
0.41451131000000002 0.86602086 0
0.41472994000000002 0.46776377000000002 0
0.41481236999999999 0.92601946000000002 0
0.41487554999999998 0.26069003000000002 0
0.41495293 0.84593938000000002 0
0.41500598 0.78457124 0
0.41508689999999998 0.49370388999999998 0
0.41518619000000001 0.41793105000000003 0
0.41520856 0.52183067999999999 0
0.41526592000000001 0.73789590999999999 0
0.41528947999999999 0.37085382 0
0.41532333999999999 0.74735488000000005 0
0.41540485999999999 0.71729368000000004 0
0.41545079000000001 0.54797534000000003 0
0.41562696999999998 0.96654015999999998 0
0.41562927999999999 0.2096422 0
0.41566206 0.1800851 0
0.41567400999999998 0.81717487 0
0.41568333000000002 0.55453401999999996 0
0.41568554000000002 0.048474530000000002 0
0.4158385 0.88309771000000004 0
0.41590199 0.22877791 0
0.41590690000000002 0.28064170999999999 0
0.41592667999999999 0.60672230999999999 0
0.41598618999999998 0.045734329999999997 0
0.41604123999999998 0.18454445 0
0.41608286 0.53722059 0
0.41610506000000003 0.075163049999999995 0
0.41620697000000001 0.66914713000000003 0
0.41637169000000002 0.41984662 0
0.41638906999999997 0.089070780000000002 0
0.41638914999999999 0.38338466999999998 0
0.41639008999999999 0.67934578999999995 0
0.41654205 0.84235738000000004 0
0.41656017000000001 0.92747184999999999 0
0.99724294000000002 0.51746775 0
0.4166436 0.18377118000000001 0
0.41669089999999998 0.39788394999999999 0
0.41672097000000002 0.66350100000000001 0
0.41672731000000002 0.49947399999999997 0
0.4167708 0.90568488000000003 0
0.41677238999999999 0.78619039999999996 0
0.41684486999999998 0.17499545999999999 0
0.41694587 0.086585280000000001 0
0.99319318000000001 0.78044451999999997 0
0.41706947999999999 0.22075033999999999 0
0.41708009000000001 0.60158736000000002 0
0.41710493999999998 0.13143139000000001 0
0.41713339999999999 0.024118179999999999 0
0.41718408000000001 0.99185827999999998 0
0.41727081999999999 0.44499424999999998 0
0.41727378999999998 0.32456422000000001 0
0.41730655 0.40713477999999997 0
0.41737213000000001 0.23723194 0
0.41740864999999999 0.74508041999999997 0
0.41751468000000003 0.84547072000000001 0
0.41754876000000002 0.46197345000000001 0
0.41754943 0.34279819 0
0.41763734000000002 0.33389857000000001 0
0.41768571999999998 0.32621991 0
0.41772274999999998 0.54962920999999998 0
0.41777308000000002 0.23295874999999999 0
0.41781205999999999 0.3394855 0
0.41790007000000001 0.89875636000000003 0
0.41793353 0.49504351000000002 0
0.41795673 0.67827749000000004 0
0.4179599 0.37616403999999998 0
0.41800523000000001 0.19806826 0
0.41802549 0.010670310000000001 0
0.41809613000000001 0.31438906 0
0.41824934000000002 0.18192296999999999 0
0.41828506999999998 0.064220070000000004 0
0.41831404999999999 0.57885854999999997 0
0.41833658000000001 0.43374496000000001 0
0.41842882999999997 0.24595438 0
0.41846444999999999 0.41120132999999998 0
0.41850420999999999 0.14089845000000001 0
0.41851482000000001 0.70448661999999995 0
0.41852347000000001 0.025739560000000002 0
0.41857046999999997 0.20695614000000001 0
0.41869782 0.81652886000000002 0
0.99829334000000003 0.03141364 0
0.41871962000000001 0.69093755999999995 0
0.41874067999999998 0.39506447 0
0.41876061999999997 0.0059066300000000004 0
0.41876170000000001 0.34449964999999999 0
0.41880174999999997 0.012918880000000001 0
0.41880508999999999 0.75886851 0
0.41892636999999999 0.65121222000000001 0
0.41894889000000002 0.85767647999999996 0
0.41895120000000002 0.13779437999999999 0
0.41897456999999999 0.13730163000000001 0
0.41907153000000003 0.61645417000000002 0
0.41922326999999998 0.29675056 0
0.41923568999999999 0.20903505 0
0.41929453999999999 0.66082189000000002 0
0.41931284000000002 0.56050949000000005 0
0.41936188000000002 0.44716584999999998 0
0.41948252000000003 0.93547338000000002 0
0.41954678000000001 0.62760243999999998 0
0.41959911 0.36488342000000001 0
0.41960624000000002 0.25931045000000003 0
0.41967360999999997 0.84682217000000004 0
0.41980173999999998 0.28532053000000002 0
0.41980338 0 0
0.4198076 0.32843139999999998 0
0.41999494999999998 0.90053715999999995 0
0.42000217000000001 0.18454540999999999 0
0.42003752 0.33209379999999999 0
0.42004460999999998 0.89712860000000005 0
0.42005333 0.24500247999999999 0
0.42013836999999998 0.076541100000000001 0
0.42016176999999999 0.54620897000000002 0
0.42027797 0.70492759999999999 0
0.42045413999999998 0.051061530000000001 0
0.42047687 0.89259728000000005 0
0.42048050999999997 0.44592915999999999 0
0.42055990999999998 0.80527455000000003 0
0.42063420000000001 0.72560913999999999 0
0.42066943000000001 0.90026622000000001 0
0.42091861000000003 0.32943367000000001 0
0.42104195 0.38852012000000002 0
0.42104878000000001 0.82902387 0
0.42115933 0.62708858000000001 0
0.42129368 0.044513879999999999 0
0.42132051999999998 0.92054091999999998 0
0.42143304999999998 0.18422456000000001 0
0.42153241000000002 0.99138877000000003 0
0.42153413000000001 0.56427300000000002 0
0.42159119 0.14242113000000001 0
0.42174648999999997 0.05495626 0
0.42178431999999999 0.89776350999999999 0
0.42182344999999999 0.6892625 0
0.42183587 0.051902770000000001 0
0.42184073999999999 0.25334514000000002 0
0.42185507999999999 0.51576588000000001 0
0.42189645999999997 0.83471598999999996 0
0.4219502 0.25340147000000002 0
0.42196291000000002 0.75287397 0
0.42204501999999999 0.95549956999999996 0
0.42217538999999998 0.95535974999999995 0
0.42220150000000001 0.41334226000000002 0
0.42220982000000001 0.92912839999999997 0
0.42221588999999998 0.75389090999999997 0
0.42226497000000002 0.016826710000000002 0
0.42230245 0.58820052 0
0.42230884000000002 0.14097562999999999 0
0.42233314999999999 0.66083817 0
0.42235761999999999 0.19925586000000001 0
0.42237164999999999 0.37910707999999999 0
0.42250578 0.083421869999999995 0
0.42258857999999999 0.97976918000000002 0
0.42265394000000001 0.34228148000000003 0
0.42267325 0.23240893000000001 0
0.42293260999999999 0.36845017000000002 0
0.42334985000000003 0 0
0.42338448000000001 0.38599845999999999 0
0.42348284000000003 0.12332985 0
0.4235546 0.87478875 0
0.42369231000000002 0.33243749 0
0.42373824999999998 0.85997334000000003 0
0.42377949999999998 0.23830011000000001 0
0.42389726999999999 0.46076065999999999 0
0.42390589000000001 0.99661270999999996 0
0.42394301000000001 0.17484759999999999 0
0.42407359 0.021365220000000001 0
0.42413394999999998 0.59415825 0
0.42423252 0.43116251 0
0.42433621999999999 0.50646245999999995 0
0.42434384000000003 0.82041628 0
0.42437503999999998 0.44931276999999997 0
0.42445845999999998 0.22522384000000001 0
0.42449529000000003 0.26523841999999997 0
0.42458752999999999 0.86801976000000003 0
0.42459238999999999 0.13451837999999999 0
0.42483822999999998 0.42767749999999999 0
0.42485251000000002 0.53593995999999999 0
0.42490829000000002 0.28829642 0
0.42525159000000001 0.10256817999999999 0
0.42531079999999999 0.70021443999999999 0
0.42531765999999999 0.15401311000000001 0
0.42544957 0.67552875999999995 0
0.42545839000000002 0.42631468 0
0.42549183000000002 0.94307116999999996 0
0.42559859 0.1567163 0
0.42561991999999998 0.77448494999999995 0
0.42564018999999997 0.21847786 0
0.42565712999999999 0.92355288999999996 0
0.42576427 0.21476632000000001 0
0.42578034999999997 0.99628344000000002 0
0.42581347000000003 0.54649866000000002 0
0.42588668000000002 0.78093840999999997 0
0.99168917999999995 0.90381944999999997 0
0.42589368999999999 0.51114364999999995 0
0.42596629000000003 0.72525832999999995 0
0.42603376999999998 0.043463519999999999 0
0.42605615000000002 0.57881327999999999 0
0.42614803000000001 0.17796132000000001 0
0.42615449 0.61485630999999996 0
0.42620560000000002 0.58451927999999997 0
0.42632500000000001 0.11962900999999999 0
0.42632540000000002 0.44697309000000002 0
0.42633332000000002 0.28950384000000001 0
0.42635917000000001 0.069943900000000003 0
0.42646752999999998 0.32138299999999997 0
0.42648085000000002 0.20819903000000001 0
0.42664248999999999 0.52648620000000002 0
0.42666923000000001 0.60704301000000005 0
0.42670912999999999 0.59671971000000001 0
0.42677359999999998 0.01008099 0
0.42688987 0.22766800000000001 0
0.42696617999999997 0.92633900000000002 0
0.42702447999999998 0.24903833 0
0.42704382000000002 0.43067171999999998 0
0.42705462 0.79697549000000001 0
0.42707030000000001 0.83875096999999998 0
0.42709058 0.96672577000000004 0
0.99721552000000002 0.32928779000000002 0
0.42731122999999999 0.61716055000000003 0
0.42739342000000002 0.32275358999999998 0
0.42740686999999999 0.31655641000000001 0
0.42742492999999998 0.54206027999999995 0
0.42751099999999997 0.80598824999999996 0
0.42755493 0.62377084000000005 0
0.42755838000000002 0.39965355000000002 0
0.42758906000000002 0.42511824999999998 0
0.42759476000000002 0.30867137 0
0.42762053999999999 0.20148835000000001 0
0.42765210999999997 0.82668092999999998 0
0.42775698000000001 0.80779723999999997 0
0.42777681000000001 0.76449040999999995 0
0.42778231 0.85861330000000002 0
0.42783678000000003 0.67249148999999997 0
0.42789667999999997 0.30076899000000001 0
0.42795037000000002 0.46809651000000002 0
0.42795372999999998 0.88664865000000004 0
0.42798153 0.1580973 0
0.42800325 0.58527059999999997 0
0.42806149999999998 0.80213372999999999 0
0.42813593 0.34875753999999998 0
0.42814463000000003 0.49240822000000001 0
0.42817885999999999 0.58241275999999997 0
0.42824805999999999 0.90692077999999998 0
0.42831424000000001 0.42446728 0
0.42838521000000002 0.49516199999999999 0
0.42845138999999999 0.78624161000000004 0
0.42847255000000001 0.20001055000000001 0
0.42851883000000002 0.27264122000000002 0
0.42856164000000002 0.52310146999999996 0
0.42862190999999999 0.64991460000000001 0
0.42877163000000001 0.45387095 0
0.42879946000000002 0.29546302000000002 0
0.42888112 0.40824142000000002 0
0.42890660000000003 0.60120008999999996 0
0.42895280000000002 0.033410389999999998 0
0.42897285000000002 0.86078005000000002 0
0.42900464999999999 0.65938960000000002 0
0.42911456999999997 0.56065874000000004 0
0.42917527999999999 0.31896317000000002 0
0.42918835 0.32431029 0
0.42918998000000003 0.82395779999999996 0
0.42920159000000002 0.20018443999999999 0
0.42924158000000001 0.89834075000000002 0
0.42926031999999997 0.59459346000000002 0
0.42932357999999998 0.38009775000000001 0
0.42936126000000002 0.15403944 0
0.42937308000000002 0.43501761 0
0.42937669000000001 0.50713366999999998 0
0.42940038000000003 0.051608670000000002 0
0.42945422999999999 0.55430351 0
0.42945536000000001 0.58316281999999997 0
0.42949855999999997 0.45556108000000001 0
0.42952181 0.56698691000000001 0
0.42953802000000002 0.98684247000000003 0
0.42956924000000002 0.56244601000000005 0
0.42963979000000002 0.52454120999999998 0
0.42970767999999998 0.52354581 0
0.42975632000000002 0.29671507000000003 0
0.42975855000000002 0.17811204 0
0.42982451999999999 0.61149096000000003 0
0.42991100999999998 0.03351581 0
0.42993870000000001 0.29211408 0
0.43004917999999998 0.76928439000000004 0
0.43008867000000001 0.52605480999999998 0
0.43011835999999998 0.98785294999999995 0
0.43012853000000001 0.52200939999999996 0
0.43015815000000002 0.036187799999999999 0
0.43018638999999997 0.39613032999999997 0
0.43029416999999998 0.58588828000000004 0
0.43030457999999999 0.73472042000000004 0
0.43034440000000002 0.51477592999999999 0
0.43045001999999999 0.084728499999999998 0
0.43046339 0.86607087000000005 0
0.43055470000000001 0.55531313999999998 0
0.43059273999999997 0.50281986000000001 0
0.43059551000000001 0.071617680000000003 0
0.43066306999999998 0.19890508000000001 0
0.43069721 0.37510951999999997 0
0.43070426000000001 0.81240878000000005 0
0.43079418000000003 0.74553627 0
0.43081015 0.17657252000000001 0
0.43095233999999999 0.81020108999999996 0
0.43105170999999998 0.010941380000000001 0
0.43109951000000002 0.88055631999999995 0
0.43118993 0.66351196000000001 0
0.43125637999999999 0.75073597000000003 0
0.43131195 0.81966422999999999 0
0.43133607000000002 0.69895633999999995 0
0.43137181000000002 0.50202252000000003 0
0.97985628999999996 0.92716169999999998 0
0.43154445000000002 0.75985320000000001 0
0.43159239999999999 0.77056228000000004 0
0.43169235 0.75244661000000002 0
0.43170385 0.26826153000000003 0
0.43171537999999998 0.22300265 0
0.43176382000000002 0.70926365999999996 0
0.97992372000000005 0.37172284 0
0.43206739 0.80454669999999995 0
0.43209096000000002 0.90409309999999998 0
0.43209934 0.56069528999999996 0
0.43211751999999998 0.58602639000000001 0
0.43222184000000002 0.60094373000000001 0
0.43225560000000002 0.0041859899999999997 0
0.43231282999999998 0.20633689999999999 0
0.43243509000000002 0.13011822000000001 0
0.43245715000000001 0.48248252000000003 0
0.43246561 0.83453297999999998 0
0.43251041000000001 0.79759559999999996 0
0.43253553 0.95319343000000001 0
0.98001320000000003 0.18691795999999999 0
0.43264324999999998 0.052605720000000002 0
0.43266357999999999 0.30557898 0
0.43277375000000001 0.42117758 0
0.43279019000000002 0.72695405999999996 0
0.43287055000000002 0.96204840000000003 0
0.43288768999999999 0.050528129999999997 0
0.43294107999999998 0.89139148000000001 0
0.43295854 0.85737973000000001 0
0.43303366999999998 0.70322647000000005 0
0.43316471000000001 0.24542130000000001 0
0.43317375000000002 0.74470491000000005 0
0.43346173999999998 0.80659888999999996 0
0.43349086999999997 0.22217366999999999 0
0.43351779000000001 0.87451953000000004 0
0.43365079000000001 0.61770617000000005 0
0.43366072999999999 0.87749586000000002 0
0.43373273000000001 0.48713708 0
0.43374852000000003 0.12412133 0
0.43376061999999999 0.20902105000000001 0
0.43398397999999999 0.18105512000000001 0
0.43398534999999999 0.64152567999999999 0
0.43404020999999998 0.70384994000000001 0
0.43411117999999999 0.34408446999999998 0
0.43431789999999998 0.67727596999999995 0
0.43447233000000002 0.65742100999999997 0
0.43457321999999998 0.013279259999999999 0
0.43471568999999999 0.63418014 0
0.43478884000000001 0.70280673999999999 0
0.43492386999999999 0.50655021 0
0.43494997000000002 0.94192989000000005 0
0.43495874000000001 0.98901391000000005 0
0.43507151999999999 0.66363028000000002 0
0.43511159999999999 0.19902232 0
0.43523811000000001 0 0
0.43526925 0.55627788 0
0.43540188000000002 0.11757624 0
0.43560707999999998 0.59366187999999998 0
0.43563474000000002 0.55921626999999996 0
0.43567512000000003 0.0083440100000000007 0
0.43589 0.43069089999999999 0
0.43592684999999998 0.07607614 0
0.43596919000000001 0.26855701999999998 0
0.43602626999999999 0.67213447999999998 0
0.43616568 0.74548731999999995 0
0.43619922999999999 0.70128794000000005 0
0.43622302000000002 0.25196950000000001 0
0.43632072999999999 0.76988378999999996 0
0.43632668000000002 0.038254950000000003 0
0.43640980000000001 0.083188709999999999 0
0.43646416999999998 0.087098690000000006 0
0.43654668000000002 0.7717619 0
0.43658411000000003 0.16922290000000001 0
0.43659615000000002 0.99640152000000004 0
0.43659667000000002 0.52603460000000002 0
0.43661506999999999 0.15557404999999999 0
0.43664227999999999 0.45396143 0
0.43665317999999997 0.95662997000000005 0
0.43668488999999999 0.85578403999999997 0
0.43670448000000001 0.96366817000000005 0
0.43673360999999999 0.29667782999999998 0
0.43679254000000001 0.63847865000000004 0
0.43681126999999997 0.61020220999999997 0
0.43685299 0.67787401000000003 0
0.43704707999999998 0.23056238000000001 0
0.43718389000000002 0.62734179999999995 0
0.43721204000000002 0.083340170000000005 0
0.43739008000000001 0.91060401999999996 0
0.43740778000000002 0.69883172000000005 0
0.43748937999999998 0.59577170000000002 0
0.43749933000000002 0.33869886999999999 0
0.43750721999999997 0.04653757 0
0.43752166999999997 0.28538531 0
0.43762744999999997 0.73593240000000004 0
0.43763220000000003 0.90153273 0
0.43763575999999998 0.80353923000000005 0
0.43770611999999998 0.41192234999999999 0
0.43772463 0.26702425000000002 0
0.43773371999999999 0.41905344 0
0.43788522000000002 0.74837403999999996 0
0.43798657000000002 0.0082247799999999992 0
0.43809650999999999 0.29377562000000002 0
0.43811948000000001 0.14053199999999999 0
0.43816843 0.36169959000000002 0
0.43824373999999999 0.062462419999999998 0
0.43828338 0.90860503000000004 0
0.99103083999999997 0.94335950999999996 0
0.43849091000000001 0.057431129999999997 0
0.43852509000000001 0.01225072 0
0.43854185000000001 0.22473601000000001 0
0.43864860999999999 0.66233025000000001 0
0.99349485999999998 0.65464193000000004 0
0.43875035000000001 0.27180135 0
0.43881086000000002 0.75235916000000003 0
0.43884100999999998 0.40790377999999999 0
0.43884118999999999 0.90011938999999996 0
0.43888567000000001 0.56478846000000005 0
0.43889600000000001 0.61984371000000005 0
0.43892086000000002 0.63700064000000001 0
0.43904568999999999 0.65629433999999998 0
0.4391062 0.12475562 0
0.43926332000000001 0.020939099999999999 0
0.43927502000000002 0.47354378000000003 0
0.43928803 0.67731386000000005 0
0.43929794999999999 0.48329685999999999 0
0.43952786999999999 0.47853012 0
0.43956406999999997 0.91659027999999998 0
0.43963259999999998 0.24662709999999999 0
0.43972275999999999 0.66372836999999996 0
0.43972316 0.062312569999999998 0
0.43976641 0.26742740999999998 0
0.43978437999999997 0.16654901 0
0.43984512999999997 0.13781934000000001 0
0.43987052999999998 0.16080038999999999 0
0.43996559000000002 0.74929840000000003 0
0.44011818000000003 0.20756400999999999 0
0.44019796 0.60695317000000004 0
0.44023517000000001 0.35792549000000001 0
0.44024565999999998 0.17005131000000001 0
0.44025391000000003 0.66889876000000004 0
0.44029118 0.93025595000000005 0
0.44041566999999998 0.81555500999999997 0
0.44052183 0.068056870000000005 0
0.44056518 0.90566303000000004 0
0.44068131999999999 0.75714665999999997 0
0.44069170000000002 0.39201137000000003 0
0.44072788000000002 0.77006593000000001 0
0.44075667000000002 0.38592459000000001 0
0.44078553999999998 0.59009847999999998 0
0.44081809999999999 0.71195416 0
0.44082262 0.21040271999999999 0
0.44082390999999999 0.70840871999999999 0
0.44086741000000002 0.45303643999999998 0
0.44092366 0.61025890000000005 0
0.44095794999999999 0.015024559999999999 0
0.44098916999999999 0.69735292999999998 0
0.44101322999999998 0.12743672 0
0.44109863999999999 0.42365119000000001 0
0.44110178 0.5963714 0
0.44120366999999999 0.56405684 0
0.44121400999999999 0.96448034000000005 0
0.44122362999999998 0.46605791000000002 0
0.44131335999999999 0.84315203999999999 0
0.44134947000000002 0.55829782999999999 0
0.44149537 0.098303260000000003 0
0.44150569000000001 0.067631010000000005 0
0.44152750000000002 0.79791456999999999 0
0.44153488000000002 0.28477997999999999 0
0.44159389999999998 0.32030339000000002 0
0.44167958000000002 0.26872897000000001 0
0.44175526999999998 0.58801678000000002 0
0.44181561000000003 0.76463645000000002 0
0.44187483999999999 0.98915260999999999 0
0.44187612999999998 0.55114505999999996 0
0.44192990999999998 0.045511339999999997 0
0.44197934 0.41140101000000001 0
0.44209766 0.32762774 0
0.44215318999999997 0.44064162000000001 0
0.99355528999999998 0.32495739000000001 0
0.44224658999999999 0.14493768000000001 0
0.44234678999999999 1 0
0.44254230999999999 0.056553810000000003 0
0.44255238000000002 0.80370896000000003 0
0.44266506999999999 0.61895104000000001 0
0.44281203000000002 0.73688651999999999 0
0.44282072 0.60857812 0
0.44306003999999999 0.52345894999999998 0
0.44321601999999999 0.67784783000000004 0
0.44355908999999999 0.12533178 0
0.44366609000000001 0 0
0.44379174999999998 0.84413137000000005 0
0.44383211 0.39870781 0
0.44387196000000001 0.94425320000000001 0
0.44397809999999999 0.75812710999999999 0
0.44424984000000001 0.67348432000000003 0
0.44429523999999998 0.44804449000000002 0
0.44434191000000001 0.37220550000000002 0
0.44437079000000002 0.69522605999999998 0
0.44446438999999999 0.63677914000000002 0
0.44447713 0.11618153000000001 0
0.44449535000000001 0.0061760499999999998 0
0.44450525000000002 0.92758187000000003 0
0.44455677999999998 0.76977876000000001 0
0.44457856000000001 0.58471664999999995 0
0.44463248999999999 0.085009199999999993 0
0.44468693999999998 0.010357450000000001 0
0.44475194000000001 0.20063086999999999 0
0.4448221 0.69089995999999998 0
0.4449111 0.29673554000000002 0
0.44503672 0.88848614000000004 0
0.44529772000000001 0.32630516999999998 0
0.44533409000000002 0.059205689999999998 0
0.44562237999999998 0.082064310000000001 0
0.44564028 0.17394313 0
0.44569798999999999 0.53530942000000004 0
0.44571145000000001 0.50241013999999995 0
0.44576031999999999 0.50319245999999995 0
0.44579434000000001 0.90909839999999997 0
0.44596773000000001 0.39240279 0
0.44602990999999997 0.93761890999999997 0
0.446077 0.70749488000000005 0
0.44613478000000001 0.22609429 0
0.44616287999999998 0.23075502000000001 0
0.44616616999999997 0.36650623999999998 0
0.44619883999999999 0.61285228000000003 0
0.44639845 0.80904763999999996 0
0.44646940000000002 0.90897934000000002 0
0.44647524999999999 0.62200469000000003 0
0.44650392999999999 0.081252550000000007 0
0.44663760000000002 0.27685746999999999 0
0.44665970999999999 0.98724672999999996 0
0.44684037999999998 0.20612415000000001 0
0.44684274000000002 0.10685479000000001 0
0.44703693 0.92948631999999998 0
0.44706189000000002 0.88428382000000005 0
0.44710101000000002 0.48924004999999998 0
0.44715737999999999 0.62247434999999995 0
0.44719174 0.74285142999999998 0
0.44725420999999999 0.49686814000000001 0
0.44726848000000002 0.075328660000000006 0
0.44728932999999998 0.19909525 0
0.44763637000000001 0.13950638000000001 0
0.44763908000000002 0.52781918000000005 0
0.44768977999999998 0.9539299 0
0.44772055999999999 0.87432936999999999 0
0.44773170000000001 0.58818077999999996 0
0.44776926 0.43776546 0
0.44780618999999999 0.72539787 0
0.44781726999999999 0.35679570999999999 0
0.44782619000000001 0.22925614999999999 0
0.44804532000000002 0.78938638000000005 0
0.44804935000000001 0.60222675999999997 0
0.44821008000000001 0.93011513000000001 0
0.44837468000000003 0.43812199000000002 0
0.44840291999999998 0.67119256999999999 0
0.44841567999999998 0.11169414 0
0.44848078000000002 0.43728041000000001 0
0.44851020000000003 0.72299588000000004 0
0.44864154000000001 0.16725035999999999 0
0.44896812000000003 0.25474949000000002 0
0.44909228000000001 0.24539279 0
0.44918781000000002 0.23939574999999999 0
0.44926083999999999 0.60347826000000004 0
0.44927697999999999 0.67834002999999998 0
0.44935064000000002 0.29329263999999999 0
0.44944363999999998 0.19024084999999999 0
0.44945892999999998 0.59624902999999996 0
0.44946156999999998 0.79625062999999996 0
0.44955555000000003 0.53125829000000002 0
0.44956794999999999 0.42352717000000001 0
0.44961057999999998 0.51427168000000001 0
0.44964231999999998 0.05181844 0
0.44965523000000002 0.19519427 0
0.44972142999999998 0.53733089999999994 0
0.44973266000000001 0.70487363999999997 0
0.44978072000000002 0.35145293 0
0.44990205 0.86974516000000002 0
0.44992528999999998 0.80126218999999999 0
0.44998325 0.32992426000000002 0
0.45017922999999999 0.15148656999999999 0
0.45031026000000002 0.9824368 0
0.45033731999999999 0.089920189999999997 0
0.45036929999999997 0.99468014999999999 0
0.45038219000000002 0.39494907000000001 0
0.45043128999999998 0.91215694999999997 0
0.45049217000000003 0.0097163900000000001 0
0.45052439 0.69358249999999999 0
0.45055155000000002 0.58192659000000002 0
0.45058608999999999 0.76173226000000005 0
0.45065273 0.37972868999999998 0
0.45067511999999998 0.014807590000000001 0
0.45068166999999998 0 0
0.45073953999999999 0.18123226000000001 0
0.99186187000000003 0.17918121000000001 0
0.45085691999999999 0.049335539999999997 0
0.45089407999999997 0.053574379999999998 0
0.45093539999999999 0.79656455999999998 0
0.45101070999999998 0.94030751999999995 0
0.45108536999999999 0.48265638999999999 0
0.45110407000000002 0.19078843000000001 0
0.45117806999999999 0.23706424000000001 0
0.45127564999999997 0.91059975000000004 0
0.45132667999999998 0.91322513999999999 0
0.45132900999999997 0.28458855 0
0.45136335999999999 0.85034770999999998 0
0.45136704 0.49970182000000002 0
0.45137894000000001 0.24480041 0
0.45140296000000002 0.21920094000000001 0
0.45143445999999998 0.27453159999999999 0
0.45143713000000002 0.21150442 0
0.45164335999999999 0.45125005000000001 0
0.99304548000000004 0.20173025 0
0.45168075000000002 0.94833129999999999 0
0.45168228999999999 0.28256050999999999 0
0.45173612000000002 0.67999907999999998 0
0.45174143999999999 0.13146999000000001 0
0.45179302999999998 0.81699073 0
0.45180681 0.4261085 0
0.45189293000000003 0.83115139999999998 0
0.45189853000000002 0.032119700000000001 0
0.45189968000000003 0.52336437999999996 0
0.45203410999999999 0.94247627 0
0.45211403 0.36223557000000001 0
0.45221085999999999 0.095922859999999999 0
0.45221614999999998 0.71941281000000001 0
0.45224974000000001 0.10235482999999999 0
0.45226054999999998 0.63859783999999997 0
0.45230566999999999 0.070013809999999996 0
0.45231047000000002 0.90200184999999999 0
0.45236328999999997 0.76924939000000003 0
0.45259326999999999 0.98204082999999998 0
0.45259586000000002 0.31053323999999999 0
0.45266810000000002 0.24689153999999999 0
0.45282241000000001 0.014801430000000001 0
0.45291547999999998 0.74511501000000002 0
0.45294865000000001 0.02495586 0
0.45298405000000003 0.91918761000000004 0
0.45299014999999998 0.56389188000000001 0
0.45300352999999999 0.20733463999999999 0
0.45301873999999998 0.71991073999999999 0
0.45307020999999997 0.41567078000000002 0
0.45311635 0.19568891999999999 0
0.45312190000000002 0.85234337000000004 0
0.45318086000000002 0.42424627999999998 0
0.45333815 0.53110999000000003 0
0.45335385 0.11622468 0
0.45345579000000003 0.42285486999999999 0
0.45352393000000002 0.26168278 0
0.45356501999999999 0.029787040000000001 0
0.45366010000000001 0.32002709000000001 0
0.45366284000000001 0.16713096 0
0.45379343999999999 0.59549403999999995 0
0.45384716000000003 0.19776494 0
0.4539088 0.72022213000000002 0
0.45395693999999998 0.21555136 0
0.45417722999999999 0.75248713 0
0.99172070999999995 0.65319539999999998 0
0.45425892000000001 0.94063313999999998 0
0.45441249 0.80710963000000002 0
0.45451275000000002 0.0016667299999999999 0
0.45454028000000002 0.98176273999999997 0
0.4546713 0.1212621 0
0.45470582999999998 0.72580363000000003 0
0.45477886000000001 0.65193542000000004 0
0.45491060999999999 0.51873117999999996 0
0.45502282999999999 0.56508422000000003 0
0.45512236 0.64521355999999996 0
0.45513083999999998 0.85042859000000004 0
0.45520467999999997 0.21138349000000001 0
0.45524186999999999 0.36977348999999998 0
0.45531019 0.87900734000000003 0
0.45532054 0.53319706 0
0.45535635000000002 0.41913813 0
0.45537829000000002 0.68282628000000001 0
0.45541459000000001 0.19723525 0
0.45545205 0.54814068999999999 0
0.45556795 0.97350038000000005 0
0.45570571999999998 0.084251770000000004 0
0.45573921000000001 0.03688338 0
0.45583859999999998 0.43620418 0
0.45587358 0.082063369999999997 0
0.45587612 0.97562731000000003 0
0.45599068999999998 0.31627493000000001 0
0.45605101999999997 0.27546756999999999 0
0.45605521999999998 0.01666014 0
0.45609425999999997 0.27856133 0
0.45612238999999999 0.81214038 0
0.99110151999999996 0.29381985999999999 0
0.45618597999999999 0.22636271999999999 0
0.45619695999999998 0.71885977000000001 0
0.45620711000000003 0.23048557 0
0.45629523999999999 0.33466200000000002 0
0.45633817999999998 0.64034893000000004 0
0.45639923999999998 0.70835278000000002 0
0.45640538000000003 0.48216747999999998 0
0.45650192000000001 0.29667797000000001 0
0.45657788999999999 0.61570227 0
0.45668702 0.02063214 0
0.45672193999999999 0.44613183000000001 0
0.45681913000000002 0.15445608999999999 0
0.45683744999999998 0.39083329999999999 0
0.45686227000000001 0.016997979999999999 0
0.45689075000000001 0.98081309999999999 0
0.45692602999999998 0.97847342000000004 0
0.45695733999999999 0.23126105999999999 0
0.45705846999999999 0.02421092 0
0.45706085000000002 0.18024957999999999 0
0.45717103999999997 0.22018504 0
0.45717835000000001 0.79200291 0
0.45728542999999999 0.90598405000000004 0
0.45734527000000003 0.015776760000000001 0
0.45735133 0.049735010000000003 0
0.45739770000000002 0.79807801 0
0.45744386999999997 0.23167766000000001 0
0.45748688999999998 0.72408779999999995 0
0.45755061000000002 0.47705017999999999 0
0.45755943999999998 0.85188410999999997 0
0.45761775999999998 0.17064855000000001 0
0.45764458000000002 0.62358354000000005 0
0.45775136 0.075190460000000001 0
0.45778540000000001 0.69754959999999999 0
0.45781359999999999 0.23792429000000001 0
0.45782630000000002 0.61479399999999995 0
0.45801866000000002 0 0
0.45804921999999998 0.48908510999999999 0
0.45808197 0.55324684999999996 0
0.458148 0.15221991000000001 0
0.45821036999999998 1 0
0.45837255999999998 0.61673913000000002 0
0.4584723 0.52917570999999997 0
0.45847275999999998 0.26504587000000002 0
0.45850407999999998 0.79175488999999999 0
0.45854201999999999 0.29035717999999999 0
0.45865862000000002 0.26348817000000002 0
0.45877854000000001 0.14608878 0
0.99308719000000001 0.83416970999999995 0
0.45896169999999997 0.03635008 0
0.45902593000000003 0.053298449999999997 0
0.45905358000000002 0.29232974 0
0.45919558999999999 0.10775137999999999 0
0.45930167 0.39864006000000002 0
0.45930659000000001 0.33856587999999999 0
0.4595842 0.37052696000000002 0
0.45961028999999998 0.13468784 0
0.45969674999999999 0.38336657000000002 0
0.45974058000000001 0.75859138999999998 0
0.45976348 0.77387961999999999 0
0.45977033 0.96609299000000004 0
0.45990448 0.74370621000000003 0
0.45997237000000002 0.10613684 0
0.45999985999999998 0.65585974000000002 0
0.46005276000000001 0.26899872000000002 0
0.46010992000000001 0.59724842 0
0.46011806999999999 0.030036859999999999 0
0.46024522000000001 0.30366789 0
0.46025093 0.16415689 0
0.46029365999999999 0.11378583 0
0.46029882 0.047505319999999997 0
0.4603392 0.37546771000000001 0
0.4603506 0.053357920000000003 0
0.46038636999999999 0.67856095999999999 0
0.46040956 0.87536528000000002 0
0.46045089 0.68931785000000001 0
0.46049143999999997 0.49060735999999999 0
0.46053339999999998 0.42544462 0
0.46060258999999998 0.069521669999999994 0
0.46070059000000002 0.76246329999999995 0
0.46078205999999999 0.94713048 0
0.46083157000000002 0.29956434999999998 0
0.46085798 0.36295606000000002 0
0.46094081999999997 0.66118792000000004 0
0.46094296000000001 0.95773392000000002 0
0.46097900000000003 0.69932594999999997 0
0.46099108 0.58247108999999997 0
0.46100113999999998 0.93743341000000002 0
0.46108065999999998 0.37408052000000003 0
0.46119374000000002 0.92767266999999998 0
0.46120309999999998 0.028166940000000001 0
0.46120497999999999 0.25740623000000001 0
0.46130631999999999 0.45520147 0
0.46138178000000002 0.077846460000000006 0
0.46154729 0.05442806 0
0.46163106999999998 0.20575562999999999 0
0.46176982999999999 0.81505841000000001 0
0.46183569000000002 0.24246998 0
0.46184736999999998 0.54067533999999995 0
0.46192995999999997 0.04600812 0
0.46202135999999999 0.67486727000000002 0
0.46203743000000003 0.2836225 0
0.46228968999999998 0.15856170999999999 0
0.46237413999999999 0.80384197000000002 0
0.46240902 0.74749502000000001 0
0.99726029999999999 0.68942342999999995 0
0.46245375 0.65619693999999995 0
0.46246564000000001 0.65543516999999996 0
0.46255520999999999 0.15362397 0
0.46264402999999998 0.47301036000000002 0
0.46265535000000002 0.335198 0
0.46269186000000001 0.96250435000000001 0
0.46273639 0.24729935 0
0.46275119999999997 0.26605285000000001 0
0.46295323999999999 0.56837649999999995 0
0.46299248999999998 0.47972314999999999 0
0.46299301999999998 0.20249784000000001 0
0.46312797 0.19456646999999999 0
0.46324566 0.91620102000000003 0
0.46325623999999999 0.56037261000000005 0
0.46327824000000001 0.057315449999999997 0
0.46336070000000001 0.57565918000000005 0
0.46336899999999998 0.053347680000000001 0
0.46341344000000001 0.21245011999999999 0
0.46341468000000002 0.31687340000000003 0
0.46346599999999999 0.22205642 0
0.4634895 0.96769914999999995 0
0.46351039999999999 0.95089674000000002 0
0.46354058999999997 0.71862979000000005 0
0.46373398999999998 0.19679605 0
0.46374296999999998 0.39525512000000002 0
0.46377114000000003 0.27320846999999998 0
0.46384201000000003 0.92155120000000001 0
0.46385103999999999 0.71552674000000005 0
0.46385875999999998 0.20824759000000001 0
0.46404205999999998 0.20789209 0
0.46414908999999999 0.61499652999999999 0
0.46419874 0.81173549 0
0.46422400000000003 0.87320154999999999 0
0.46422430999999997 0.52029868000000001 0
0.46442158 0.76046369000000003 0
0.46447143000000002 0.71390595000000001 0
0.46452590999999999 0.63249531999999997 0
0.46461789999999997 0.77430043999999998 0
0.46467291999999999 0.54382713000000005 0
0.46470755000000002 0.41562183000000003 0
0.46478270999999999 0.99186706000000002 0
0.46479990999999998 0.28916723999999999 0
0.46486429000000001 0.12307121 0
0.46491345000000001 0.030799150000000001 0
0.46496562000000002 0.22409092 0
0.46510937000000002 0.73114228000000003 0
0.46515914000000003 0.37827811 0
0.46518983000000003 0.81820276999999997 0
0.46523407 0.68218480999999997 0
0.46532635 0.33800543999999999 0
0.46532836 0.75735578000000003 0
0.46539218999999998 0.097189709999999999 0
0.46548858999999998 0.90016903000000004 0
0.46553756000000002 0.68852674999999997 0
0.46562479000000001 0.52360905999999996 0
0.46563104 0.063135200000000002 0
0.46565914000000003 0.95212545999999998 0
0.46571814 0.43504134 0
0.46578930000000002 0.97979099999999997 0
0.46580980999999999 0.79245792000000004 0
0.46581641000000001 0.74248285000000003 0
0.46586815999999998 0.88536274000000004 0
0.46592833 0.41050555999999999 0
0.46598582 0.73095111999999995 0
0.46607091 0.36336327000000002 0
0.99741776000000004 0.37395749 0
0.46612618 0.10293172 0
0.46613295999999999 0.48694663999999999 0
0.46615563999999998 0.15748620999999999 0
0.46617378999999998 0.60125885000000001 0
0.46623870000000001 0.055404019999999998 0
0.46630393999999997 0.33031413999999998 0
0.46634734999999999 0.060018210000000002 0
0.46638521999999999 0.92793559000000003 0
0.46640714999999999 0.13836576 0
0.46644750000000001 0.60123990000000005 0
0.46655595 0.65436070999999996 0
0.46656201000000003 0.30813828999999998 0
0.46675233999999999 0.57113813000000002 0
0.46680094 0.35072988999999999 0
0.46685908999999998 0.44178265 0
0.46688115000000002 0.17696862999999999 0
0.46691160999999998 0.72498370999999995 0
0.46714965000000003 0.89177987000000003 0
0.46721466 0.25690096000000001 0
0.99874218000000003 0.74081350999999995 0
0.46734821999999998 0.40248282000000002 0
0.46743361999999999 0.079739790000000005 0
0.46751995000000002 0.21094452 0
0.46755699000000001 0.50391728000000002 0
0.46756850999999999 0.65395161000000002 0
0.46758828000000002 0.94355480999999997 0
0.46759729 0.83710415000000005 0
0.46759855 0.40904944999999998 0
0.46774800999999999 0.29192563999999999 0
0.46783408999999998 0.12673856 0
0.46787065999999999 0.79904697000000002 0
0.46804831000000002 0.82068401999999996 0
0.46811679 0.85462309999999997 0
0.46818253999999998 0.33841238000000001 0
0.46823871 0.41691717 0
0.46830302000000001 0.28772766999999999 0
0.46833922 0.83004712000000003 0
0.46838256 0.52462211000000003 0
0.46840338999999998 0.54078669000000001 0
0.46847233999999999 0.96380737000000005 0
0.46852004000000003 0.67423875 0
0.46853947000000001 0.68084944000000003 0
0.46858021999999999 0.71266717999999996 0
0.46859603999999999 0.57743286000000005 0
0.46859813 0.14548163 0
0.4687209 0.51045799999999997 0
0.46874974000000003 0.049230120000000002 0
0.46879242999999998 0.17429653000000001 0
0.46886221 0.71460610000000002 0
0.46889035000000001 0.61144293999999999 0
0.46903317999999999 0.50942807000000001 0
0.46914676999999999 0.69037952999999996 0
0.46925507999999999 0.86079605000000003 0
0.46927711 0.74262243999999999 0
0.46928713 0.043350050000000001 0
0.46929164000000001 0.86702102999999997 0
0.46931980000000001 0.71772882000000005 0
0.46934105999999998 0.18755511 0
0.46935233999999998 0.13903602000000001 0
0.46939901000000001 0.81248907000000004 0
0.46947267999999998 0.02002876 0
0.46951576 0.31788392999999998 0
0.46952221 0.69620033000000003 0
0.46956649 0 0
0.46957768999999999 0.92288484000000004 0
0.46962237000000001 0.70247232000000004 0
0.46967567999999998 0.42849735999999999 0
0.46979662999999999 0.43528611 0
0.46987130999999999 0.59617913 0
0.46988438999999999 0.8150847 0
0.46989564 0.64358168000000004 0
0.46990862999999999 0.04713788 0
1 0.38023336000000002 0
0.47006954000000001 0.32758814000000003 0
0.47030550999999998 0.22130557000000001 0
0.47033019999999998 0.59144733999999999 0
0.47042295000000001 0.86158274000000001 0
0.47049617999999999 0.26452007999999999 0
0.47077845000000001 0.52711569999999996 0
0.47081049000000003 0.52294077000000005 0
0.47084673999999999 0.63003251999999998 0
0.4708637 0.11218763 0
0.47110316000000002 0.90717625999999996 0
0.47130557000000001 0.71929801000000004 0
0.47144198999999998 1 0
0.47151273999999999 0.64634515000000003 0
0.47155076000000001 0.79628485999999998 0
0.47161891 0.12625666999999999 0
0.47166018999999998 0.15242673000000001 0
0.47174485999999999 0.34159771 0
0.47179506999999998 0.36626460999999999 0
0.47182756999999997 0.69390209999999997 0
0.47186792 0.2267836 0
0.47198309999999999 0.33796061999999999 0
0.47198761 0.38017587000000003 0
0.47202498999999998 0.81334554999999997 0
0.47203303000000002 0.50034100999999997 0
0.47204600000000002 0.48122816000000002 0
0.47208467999999998 0.3056353 0
0.47210734999999998 0.67935272000000002 0
0.47218428000000001 0.61340574999999997 0
0.47222078000000001 0.80406275999999999 0
0.47223084999999998 0.70595827 0
0.47224719999999998 0.65936287000000005 0
0.47227319000000001 0.86137121000000005 0
0.47232480999999998 0.058921559999999998 0
0.99743870000000001 0.88750737999999996 0
0.47241941999999998 0.83881572999999998 0
0.47246818000000002 0.48951530999999998 0
0.47248494000000002 0.74758583999999995 0
0.47249259999999998 0.98764479999999999 0
0.47261772000000002 0.66888981000000003 0
0.47263736000000001 0.70319494999999999 0
0.47266323999999998 0.15091505999999999 0
0.99124098999999999 0.57440566999999998 0
0.47291654 0.77628748999999997 0
0.47291811 0.57958003999999996 0
0.47299808999999998 0.03141704 0
0.47302267999999997 0.60346781999999999 0
0.47316551000000001 0.044159410000000003 0
0.47317499000000002 0.74593825999999996 0
0.47320664000000001 0.0048711500000000003 0
0.47322521000000001 0.77402300999999996 0
0.47327162 0.72317262999999998 0
0.47330352999999997 0.76367547999999996 0
0.47331968000000002 0.74843833000000004 0
0.47338849999999999 0.20603883000000001 0
0.47341536000000001 0.45776464 0
0.47344034000000002 0.74766171999999997 0
0.47345621999999998 0.23956184999999999 0
0.47351151000000002 0.93316831 0
0.47351307999999998 0.38789715000000002 0
0.47351504999999999 0.66703818999999998 0
0.47351586000000001 0.29125072000000002 0
0.47352566000000001 0.21550437 0
0.47354496000000001 0.94543538000000005 0
0.47362803999999997 0.96425254000000005 0
0.47374924000000002 0.48161537999999998 0
0.47380742999999997 0.69508586000000006 0
0.47383494999999998 0.97533882999999999 0
0.47394132999999999 0.89023914999999998 0
0.47402558 0.10490376999999999 0
0.47402759999999999 0.26058195000000001 0
0.47411586999999999 0.42674339999999999 0
0.47413993999999998 0.73761211000000004 0
0.47416232000000003 0.28069205000000003 0
0.47430164000000002 0.39037326 0
0.47430983999999998 0.72857229999999995 0
0.47451538999999998 0.90133615 0
0.47452367000000001 0.53317336000000004 0
0.99140172999999998 0.77267467000000001 0
0.47454534999999998 0.81410081000000001 0
0.47459411000000001 0.47018379999999999 0
0.47462426000000002 0.16438952000000001 0
0.47463 0.13755975000000001 0
0.47471189000000003 0.43714247000000001 0
0.47475451000000002 0.21651930999999999 0
0.47480974999999997 0.66902616000000004 0
0.47488444000000002 0.028252909999999999 0
0.47495322000000001 0.74128004000000003 0
0.47497753999999998 0.30510258000000001 0
0.47510563 0.38686467000000002 0
0.47511956 0.023749530000000001 0
0.47513873000000001 0.42912689999999998 0
0.47525277999999999 0.88265081000000001 0
0.47530628000000003 0.43825877000000002 0
0.47535094 0.11480712 0
0.47563919999999998 0.48081738000000002 0
0.47570678999999999 0.16677005 0
0.47585762999999998 0.85262658999999996 0
0.47587164999999998 0.27837061000000002 0
0.47589157999999998 0.97011926000000004 0
0.47614937000000002 0.46282256999999999 0
0.47618667999999997 0.56953869999999995 0
0.47628261 0.73683737000000005 0
0.47631572999999999 0.050016150000000002 0
0.99382884999999999 0.84912677000000003 0
0.47642644000000001 0.63270130999999996 0
0.47650584000000001 0.43161210999999999 0
0.47659634000000001 0.95679510999999995 0
0.47661617000000001 1 0
0.47671803000000001 0.23395924000000001 0
0.47673933000000002 0.24411401999999999 0
0.47680467999999998 0.56457232000000002 0
0.47681892999999997 0.80506403999999998 0
0.47683678000000002 0.17582236000000001 0
0.47684165000000001 0.33509955000000002 0
0.47684438000000001 0.92634910999999998 0
0.47686762999999999 0.61370108000000001 0
0.47694487000000002 0.68938306999999999 0
0.47698285000000001 0.68597870999999999 0
0.47701383000000003 0.49980361000000001 0
0.47703333999999997 0.55982862 0
0.47710784000000001 0.96645756000000005 0
0.47712681000000001 0.74854916000000005 0
0.47715839999999998 0.99186582999999995 0
0.47722334 0.52045682999999998 0
0.47731227999999998 0.27384355999999999 0
0.47750058000000001 0.99572501999999996 0
0.47752401999999999 0.81625333 0
0.47755751000000002 0.47073469000000001 0
0.47762817000000002 0.84562979999999999 0
0.99874251999999997 0.13896459999999999 0
0.47769433 0.78415499 0
0.47771915999999998 0.65141780000000005 0
0.47772100000000001 0.83143202000000005 0
0.47777871 0.21961848 0
0.47783045000000002 0.43814286000000002 0
0.47784136999999999 0.26550078999999999 0
0.47791454999999999 0.4961023 0
0.47793537000000003 0.72743469999999999 0
0.47794857000000002 0.45623985 0
0.47801652 0.88737160000000004 0
0.47802328999999999 0.66822294000000004 0
0.47809430000000003 0.66913515000000001 0
0.47809708000000001 0.10638519 0
0.47815540000000001 0.16646659999999999 0
0.47817395000000001 0.74039787000000001 0
0.47819824 0.32257627999999999 0
0.47838164 0.18527593000000001 0
0.47859890999999999 0.54815714999999998 0
0.47864305000000001 0.082346790000000003 0
0.47870559000000001 0.58054324000000002 0
0.47874992 0.38968056000000001 0
0.47876753 0.045114910000000001 0
0.47883139000000002 0.10855072 0
0.47883557999999998 0.46304699999999999 0
0.47887030000000003 0.29917203999999997 0
0.47889267000000002 0.51901491 0
0.47897969000000001 0.70929043000000003 0
0.47908294000000001 0.43070826000000001 0
0.47918614999999998 0.80478362000000003 0
0.47928876999999998 0.39109975000000002 0
0.47934339999999998 0.046614370000000002 0
0.4795335 0.93932287000000003 0
0.47956075999999997 0.57332762999999998 0
0.47957376000000002 0.40948380000000001 0
0.47957697999999999 0.66450522999999995 0
0.47964855000000001 0.72957061999999995 0
0.47965566999999998 0.24106801999999999 0
0.47978556 0.40607723000000001 0
0.47983300000000001 0.42856082000000001 0
0.47988399999999998 0.17285916000000001 0
0.47992639999999998 0.47007180999999998 0
0.47992984999999999 0.81608128999999996 0
0.48001681000000002 0.87568159000000001 0
0.48010511 0.98421943999999995 0
0.48011239999999999 0.35566293999999998 0
0.48011389999999998 1 0
0.48015573 0.16847367999999999 0
0.48020450999999997 0.33428644000000002 0
0.48031275000000001 0.68348929000000003 0
0.48039302 0.042295659999999999 0
0.48041281000000002 0.13116143 0
0.48079677999999998 0.55351545000000002 0
0.48083934 0.50480387000000004 0
0.48085217000000002 0.10830011 0
0.48094088000000002 0.98112257000000003 0
0.48097063000000001 0.56610534999999995 0
0.48106285999999998 0.74229213000000005 0
0.48109285000000002 0.14828817 0
0.48114182 0.80809969999999998 0
0.99364337000000003 0.10436717 0
0.48126426999999999 0.54500442999999998 0
0.48131785999999999 0.61219056999999999 0
0.48135219000000001 0.34936128 0
0.48159051000000003 0.52612225000000001 0
0.48160308000000002 0.23531784 0
0.48160613000000002 0.46901921000000002 0
0.48170228999999998 0.45897060000000001 0
0.48173050000000001 0.25293980999999999 0
0.48188627000000001 0.42784747000000001 0
0.48189029999999999 0.41370193 0
0.48192555999999998 0.68246291999999997 0
0.48200632999999998 0.16602700000000001 0
0.48201643999999999 0.87104762999999996 0
0.48202875000000001 0.75246818000000004 0
0.48205003000000002 0.82654063 0
0.48205399999999998 0.61621705999999998 0
0.48210535999999998 0.53515469000000004 0
0.48216582000000002 0.83501009999999998 0
0.48226342999999999 0.4809581 0
0.48259258999999999 0.53286429000000002 0
0.48261995000000002 0.0033078600000000001 0
0.48265078 0.14813138000000001 0
0.48268097999999998 0.62406077000000004 0
0.48271247 0.90440947000000005 0
0.48274829000000002 0.92252442999999995 0
0.48287168000000003 0.073942620000000001 0
0.48288008999999998 0.43567536000000001 0
0.48288530000000002 0.89230920000000002 0
0.48301013999999998 0.48715646000000001 0
0.48314170000000001 0.70427744999999997 0
0.48314427999999998 0.36581166999999998 0
0.48317360999999998 0.85877203000000002 0
0.48322530000000002 0.16079468 0
0.48322968999999999 0.14287722999999999 0
0.48325024 0.26517254000000001 0
0.48336795999999999 0.81714160999999996 0
0.48350029999999999 0.67487993000000002 0
0.48351345000000001 0.53528920000000002 0
0.48356714000000001 0.87002937999999996 0
0.48366461999999999 0.80553282000000004 0
0.48370454000000002 0.063581120000000005 0
0.48372596000000001 0.068054729999999994 0
0.48374313000000002 0.38912229999999998 0
0.48381518000000001 0.90942889999999998 0
0.48390666999999998 0.013094740000000001 0
0.48395824999999998 0.01058596 0
0.48402307 0.79740116000000005 0
0.48412750999999998 0.63856453999999996 0
0.48420649999999998 0.64016910999999999 0
0.48423586000000002 0.098304470000000005 0
0.48426289 0.51847467000000003 0
0.48427105999999998 0.25329027999999998 0
0.48436709999999999 0.89590121 0
0.48436845000000001 0.3013188 0
0.48438435000000002 0.87020388999999998 0
0.48443199999999997 0.12933700000000001 0
0.48453176999999997 0.070996699999999996 0
0.48460923 0.40997700999999998 0
0.48462357 0.17767953 0
0.48480319999999999 0.39048727 0
0.48496521999999997 0.15691009 0
0.48508635 0.34455696000000002 0
0.48508693000000003 0.53439270000000005 0
0.48512912000000002 0.14297375000000001 0
0.48516172000000002 0.73644591000000004 0
0.48516673999999999 0.041643199999999998 0
0.48521379999999997 0.51484823000000002 0
0.48530065 0.046228239999999997 0
0.48538240999999999 0.28971635000000001 0
0.48544134 0.34611847000000001 0
0.48550968999999999 0.63404269999999996 0
0.48551290000000003 0.59979574999999996 0
0.48553093000000003 0.28879297999999998 0
0.48559712999999999 0.20742331999999999 0
0.48564490999999999 0.98050223000000003 0
0.48577637000000001 0.86742043000000002 0
0.48582998999999999 0.62057918000000001 0
0.48584429000000001 0.036327060000000001 0
0.4858769 0.20022583999999999 0
0.48605151000000002 0.26967824000000001 0
0.48613981000000001 0.72327213999999995 0
0.48616599999999999 0.82331346000000005 0
0.48623847999999997 0.059768050000000003 0
0.48631464000000002 0.29593508000000002 0
0.48634068000000003 0.89399974999999998 0
0.48639102000000001 0.79858887000000001 0
0.48643402000000002 0.61344695000000005 0
0.48645448000000002 0.41641513000000002 0
0.48645463 0.24683147999999999 0
0.48652878999999999 0.87078783999999998 0
0.48652989000000002 0.42103661999999997 0
0.48661975000000002 0.84540581999999997 0
0.48671481999999999 0.099809709999999996 0
0.48678837000000003 0.42684714000000001 0
0.48696942999999998 0.14255561999999999 0
0.48713056999999998 0.13306599 0
0.48717767000000001 0.85681072999999996 0
0.48724928000000001 0.50851047000000005 0
0.48727225000000002 0.83300015999999999 0
0.48738894999999999 0.023181650000000002 0
0.48742967999999998 0.74875502000000005 0
0.48744648000000002 0.27795930000000002 0
0.48756188 0.63820030999999999 0
0.48766964000000002 0.19570956 0
0.48776185 0.53592437000000004 0
0.48782228 0.93042035000000001 0
0.48789879000000003 0.15755812999999999 0
0.48793677000000002 0.76368354999999999 0
0.48795358999999999 0.2624397 0
0.48795428000000002 0.65376175000000003 0
0.48819718000000001 0.56396645999999995 0
0.48827368999999998 0.66030789999999995 0
0.48828009999999999 0.064489240000000003 0
0.4885274 0.98470367999999997 0
0.48856690000000003 0.67239769000000005 0
0.48867197000000001 0.94710907 0
0.48869057999999999 0.31234049000000003 0
0.48876206 0.91988751000000002 0
0.48878796000000002 0.41105850999999999 0
0.4888402 0.84883881000000005 0
0.48885650000000003 0.89739376000000004 0
0.48896990000000001 0.26669996000000001 0
0.48899413000000003 0.011899959999999999 0
0.48908094000000002 0.28954042000000002 0
0.48909228999999999 0.67069089000000004 0
0.48912153000000003 0.17538208999999999 0
0.48916657000000002 0.097321930000000001 0
0.48920072999999997 0.75234369999999995 0
0.48936586999999998 0.10359351 0
0.48938309000000002 0.3818685 0
0.48939545000000001 0.49387468000000001 0
0.48949196 0.7214834 0
0.48963873000000002 0.29074204999999997 0
0.48967704000000001 0.053633750000000001 0
0.48969378000000002 0.79605486000000003 0
0.48972778 0.66438573999999995 0
0.48984193999999998 0.47172629999999999 0
0.49001011 0.36413202 0
0.49002340999999999 0.70426014999999997 0
0.49011261 0.20857651999999999 0
0.49026068 0.68632254000000004 0
0.4904655 0.94991040000000004 0
0.49050200999999999 0.22834757 0
0.49055463999999999 0.77293248000000003 0
0.49062295 0.41240599 0
0.49070592000000002 0.96190366000000005 0
0.49078878999999997 0.88903907000000004 0
0.49088157999999998 0.87310929000000004 0
0.49088271999999999 0.45953433999999999 0
0.49088553000000001 1 0
0.49090573999999998 0.19969122 0
0.49092873999999997 0.43935633000000002 0
0.49098141000000001 0.34869278999999997 0
0.49114027999999998 0.90159014000000004 0
0.49116140000000003 0.82859068999999996 0
0.49125945999999998 0.57357358999999997 0
0.49131290999999999 0.90977991000000002 0
0.49133665999999998 0.52706067999999995 0
0.49135501999999998 0.92924313999999997 0
0.4914133 0.75730348999999997 0
0.4914829 0.28852448000000003 0
0.49158203 0.68232048999999995 0
0.49176135999999998 0.87499842999999999 0
0.49182878000000002 0.69492012000000003 0
0.49184575000000003 0.93752902000000005 0
0.49186336000000003 0.042851470000000003 0
0.49191865000000001 0.81543949999999998 0
0.49215239 0.24438125999999999 0
0.49215980999999998 0.62464847999999995 0
0.4921854 0.47150789999999998 0
0.49230296000000001 0.78793164999999998 0
0.49234038000000002 0.96510214000000005 0
0.49253447 0.89604578999999995 0
0.49255796000000002 0.20540349999999999 0
0.49268813 0.32814894999999999 0
0.49273031 0.35489975000000001 0
0.49287624000000002 0.22783748000000001 0
0.49290036999999998 0.32975190999999998 0
0.49301621000000001 0.2748641 0
0.49305546 0.38565740999999998 0
0.49311248000000002 0.70148398999999995 0
0.49344669000000002 0.63259631999999999 0
0.49345434999999999 0.66636848000000004 0
0.49345826999999998 0.48318875 0
0.49349848000000002 0.92900278999999997 0
0.49353725999999998 0.53459144999999997 0
0.49366955000000001 0.64394479000000004 0
0.49373221 0.38766705000000001 0
0.49374219000000003 0.55792253000000003 0
0.49381515999999998 0.38988561999999999 0
0.99363690000000005 0.62916490999999997 0
0.98556252 0.098255590000000004 0
0.49400853 0.030670030000000001 0
0.49401724000000002 0.01203451 0
0.49403616 0.31685996 0
0.49404759999999998 0.13319523 0
0.49421439 0.25368927000000002 0
0.49445929 0.93449483 0
0.49459836000000001 0.69296120999999999 0
0.49464935999999998 0.87341806 0
0.49465631999999998 0.14652396000000001 0
0.49470531000000001 0.44400495000000001 0
0.49475156999999997 0.45804273000000001 0
0.49484922999999997 0.23399924999999999 0
0.49495013999999998 0.50444624999999998 0
0.49495038000000002 0.88109477999999997 0
0.49499209999999999 0.90358168000000005 0
0.49503672999999998 0.067881590000000006 0
0.49504770999999997 0.36525584999999999 0
1 0.23076257 0
0.49517347 0.61983856000000004 0
0.49533672000000001 0.86319349999999995 0
0.49535580000000001 0.34747716000000001 0
0.49537257000000001 0.27767109000000001 0
0.49540902999999997 0.12997373000000001 0
0.49553233000000002 0.017127400000000001 0
0.49577473 0.25193327999999998 0
0.49583222999999998 0.94761642000000001 0
0.49585771000000001 0.47870604999999999 0
0.49590545000000003 0.52761420000000003 0
0.49603544999999999 0.43879054000000001 0
0.49605026000000002 0.28993706000000002 0
0.49608666000000001 0.27294721999999999 0
0.49611602999999999 0.92020296000000001 0
0.49613369000000002 0.53158123999999995 0
0.49619096000000001 0.51603770000000004 0
0.49620003000000001 0.87687725000000005 0
0.4962666 0.021236870000000001 0
0.49627127999999998 0.55934737000000001 0
0.49639483000000001 0.51233459999999997 0
0.49640737000000001 0.38884015 0
0.49647181000000001 0.99638824999999998 0
0.49647242000000003 0.64388427000000004 0
0.49651127 0.22019716 0
0.49660493 0.50241446000000001 0
0.49686804000000001 0.26575534000000001 0
0.49689686999999999 0.11057403 0
0.49713167000000003 0.27025033999999998 0
0.49713689 0.19538490999999999 0
0.49715334 0.79662504000000001 0
0.49738413999999997 0.54785079999999997 0
0.49742878000000001 0.95299098000000004 0
0.49744026000000002 0.53597468999999998 0
0.49748827000000001 0.1780262 0
0.49751919 0.00144914 0
0.49752221000000002 0.88903798999999994 0
0.49756673000000001 0.65297185000000002 0
0.49757189000000002 0.34435048000000001 0
0.49760743000000002 0.18617749 0
0.49767131999999997 0.60315695000000003 0
0.49770825000000002 0.70677542999999998 0
0.49781036000000001 0.98710739999999997 0
0.49782079000000001 0.098550150000000003 0
0.49782581999999997 0.68873903000000003 0
0.49789107999999999 0.96743714999999997 0
0.49791038999999998 0.63098330000000002 0
0.49791113999999997 0.15561992999999999 0
0.49799218000000001 0.66623569000000005 0
0.49812627999999998 1 0
0.49822501000000002 0.013664890000000001 0
0.49825856000000002 0.58584301000000005 0
0.49832482 0.20358076 0
0.49845948000000001 0.78581619999999996 0
0.49847387999999998 0.079232120000000003 0
0.49850371999999998 0.46856649 0
0.49859052999999998 0.19316953000000001 0
0.49865966 0.17159408000000001 0
0.49873412 0.090706960000000003 0
0.49878865 0.36534754000000003 0
0.49885744999999998 0.94320389000000004 0
0.49887355999999999 0.46920210000000001 0
0.49888162000000003 0.58112421999999997 0
0.49890799000000002 0.02980756 0
0.49906107 0.19513533 0
0.49909234000000002 0.22060895999999999 0
0.49914115999999997 0.82747238999999995 0
0.49925626000000001 0.11983899000000001 0
0.49927259000000002 0.28849977999999998 0
0.49928584999999998 0.18211783000000001 0
0.49929140999999999 0.48963383999999999 0
0.49932341000000002 0.66293749999999996 0
0.49939130999999998 0.73217253000000004 0
0.49957135000000003 0.093361760000000002 0
0.49959930000000002 0.82452479999999995 0
0.49963360000000001 0.42695602999999999 0
0.49969395999999999 0.76138821000000001 0
0.49984076 0.47234921000000002 0
0.50000513000000002 0.74913258000000005 0
0.50001846999999999 0.44342820999999999 0
0.50002197999999998 0.24330199999999999 0
0.50002639000000004 0.14324431000000001 0
0.50002986999999999 0.75818894000000003 0
0.50012405000000004 0.38871935000000002 0
0.50021733999999995 0.78287593 0
0.50023596000000004 0.047057590000000003 0
0.50025399000000004 0.49563594999999999 0
0.50032878999999997 0.78501549999999998 0
0.50046263999999996 0.55534662000000001 0
0.50046926000000003 0.64822820000000003 0
0.50067125000000001 0.088093450000000004 0
0.50075963999999995 0.33934302999999999 0
0.50097833000000003 0.24923004000000001 0
0.50098997000000001 0.13349635000000001 0
0.50107889999999999 0.21694522999999999 0
0.50109535000000005 0.56559716999999998 0
0.50111892999999996 0.10068763999999999 0
0.50115739999999998 0.76230268000000001 0
0.50117577000000002 0.20063714999999999 0
0.50119802000000002 0.33358859000000002 0
0.50120843999999998 0.051075679999999998 0
0.50123348000000001 0.50417942000000004 0
0.50124058000000005 0.96330583999999997 0
0.50127113000000001 0.63383867999999999 0
0.50131601999999997 0.59972893999999999 0
0.50132818000000001 0.36835804999999999 0
0.50140277 0.40555415 0
0.50154902000000001 0.94350977999999996 0
0.5015906 0.18410697000000001 0
0.50159480000000001 0.75338048999999996 0
0.50164087999999996 0.39772687000000001 0
0.50169845999999996 0.62562965000000004 0
0.50178135000000001 0.46360336000000002 0
0.50196428999999998 0.17357019000000001 0
0.50198005999999995 0.98000695999999998 0
0.50198202999999997 0.71045048 0
0.50198841999999999 0.2976396 0
0.50206711999999998 0.086857229999999994 0
0.50226219999999999 0.70207976000000005 0
0.50232639000000001 0.37501377000000002 0
0.50249668000000003 0.78976075999999995 0
0.50252523000000004 0.69386278000000001 0
0.50262414 0.38944711999999998 0
0.50262803 0.66863572999999998 0
0.50268696999999996 0.05984946 0
0.50269116000000003 0.44957946999999998 0
0.50279299 0.96347304 0
0.50283106 0.89770046000000003 0
0.99754113 0.42762751999999998 0
0.50307245 0.74187267000000001 0
0.50311116 0.11850713 0
0.50324975999999999 0.66528708000000003 0
0.50330163999999999 0.65301629000000005 0
0.50332155000000001 0.82540051999999997 0
0.50339423000000005 0.91346176999999995 0
0.50343872000000001 0.83472345000000003 0
0.50345309999999999 0.78698431999999996 0
0.50345766999999997 0.68857064999999995 0
0.50365782999999997 0.73628188999999999 0
0.50366491000000002 0.62236820000000004 0
0.50369896000000003 0.57918685000000003 0
0.50380230999999998 0.33897602999999998 0
0.50386982000000002 0.30568568000000002 0
0.50396797000000004 0.80523062000000001 0
0.50405500000000003 0.81299189000000005 0
0.50415933999999996 0.44761753999999998 0
0.50426696000000004 0.94585578000000003 0
0.50437672 0.60846153999999997 0
0.50440907999999995 0.55638330000000003 0
0.50450782000000005 0.048312510000000003 0
0.50465287000000003 0.70805096999999995 0
0.50479779000000002 0.85566894000000004 0
0.50482629999999995 0.092906050000000004 0
0.50484605000000005 0.73080299000000004 0
0.50488427000000002 0.59703826000000004 0
0.50500014000000004 0.31598538999999998 0
0.50514848000000001 0.65773320000000002 0
0.98057304999999995 0.04037599 0
0.50520827000000001 0.48515914999999998 0
0.50520997999999995 0.40486770999999999 0
0.50523388999999996 0.41507654999999999 0
0.50540032999999995 0.32863545999999999 0
0.50540351999999999 0.30371282999999999 0
0.50542904 0.074610480000000007 0
0.50544955000000003 0.80381102000000004 0
0.50552792999999996 0.65715089000000004 0
0.50564893 0.10419206 0
0.50574903999999998 0.65416308999999995 0
0.50581416000000001 0.71898823000000001 0
0.50602804999999995 0.39063893 0
0.50605506 0.67915636000000001 0
0.50607764 0.33208615000000002 0
0.50612570999999995 0.93930605 0
0.50620041000000005 0.094854069999999999 0
0.50630368000000003 0.87655996000000003 0
0.50644275000000005 0.39405456 0
0.50644823000000005 0.98948437 0
0.50645883999999997 0.63664796000000001 0
0.50648897999999998 0.56206929999999999 0
0.50655817999999997 0.48900737 0
0.50657074000000002 0.45467598999999997 0
0.50668515000000003 0.71932680999999998 0
0.50676681000000001 0.57440256000000001 0
0.50717449000000003 0.83789740000000001 0
0.50717743999999998 0.54929147 0
0.50730949000000003 0.15844696999999999 0
0.50745450999999997 0.71819759999999999 0
0.50754113999999995 0.94090450999999997 0
0.50757971000000002 0.33375555000000001 0
0.50758407000000005 0.97430678000000004 0
0.50763223999999996 0.36473738999999999 0
0.50771895 0.036999480000000001 0
0.50778595000000004 0.80975319000000001 0
0.50779750000000001 0.28249981000000002 0
0.50784267999999999 0.085708400000000004 0
0.50795299000000005 0.64700453000000002 0
0.50799028999999996 0.51218573000000001 0
0.50799209999999995 0.61278147000000005 0
0.50799538 0.97738718000000002 0
0.50807924000000004 0.75528960999999994 0
0.50817650999999997 0.17856398000000001 0
0.50821371000000004 0.49227672 0
0.50822237000000003 0.81468963000000005 0
0.50830839000000005 0.46744718000000002 0
0.50831154000000001 0.89792331000000003 0
0.50832929999999998 0.31671792999999998 0
0.50852299000000001 0.58990134000000005 0
0.50856626999999999 0.91261939000000003 0
0.50856984999999999 0.12995385000000001 0
1 0.38818914999999998 0
0.50870716000000005 0.78231119000000005 0
0.50880278999999995 0.22076045999999999 0
0.50885389999999997 0.43828436999999998 0
0.50893703999999995 0.0075353800000000004 0
0.50897261999999999 0.42462644999999999 0
0.50897356000000005 0.70120579000000005 0
0.50901346000000003 0.45417383 0
0.50909689999999996 0.25621917 0
0.50910752999999997 0.54366570000000003 0
0.50914999999999999 0.7510829 0
0.50917648000000004 0.0493718 0
0.50919563999999995 0.95882973999999999 0
0.50922652999999996 0.84746484 0
0.50924049999999998 0.42973520999999998 0
0.50932023000000004 0.0020120899999999998 0
0.50932394000000003 0.086302950000000003 0
0.50932626999999997 0.91875912999999998 0
0.50940695999999996 0.36078744000000001 0
0.50941833000000003 0.10555537 0
0.50949049999999996 0.42711632999999999 0
0.50955033000000005 0.56858883000000005 0
0.50960183999999997 0.67180023 0
0.50962869 0.91120464999999995 0
0.50964332999999995 0.49199231999999998 0
0.50968648000000005 0.99786688999999995 0
0.50979156999999997 0.48269919999999999 0
0.50986334 0.25695548000000001 0
0.50987983999999997 0.66247042 0
0.50991646000000002 0.39050404 0
0.50994432000000001 0.97128353000000001 0
0.51004066000000003 0.85477444999999996 0
0.51004607999999996 0.0078884100000000002 0
0.51010106 0.92830555000000003 0
0.51029530000000001 0.92749349999999997 0
0.51037880000000002 0.46277353999999998 0
0.51047741000000002 0.54010873000000004 0
0.51049385000000003 0.48455038 0
0.51081704000000006 0.76406543999999998 0
0.51083268999999998 0.27575059000000002 0
0.51084947999999997 0.63803153000000001 0
0.51087638999999996 0.36916769999999999 0
0.51095528000000001 0.053664200000000002 0
0.51102654000000003 0.01420103 0
0.51114767000000005 0.40115658999999998 0
0.51123909000000001 0.68825338999999996 0
0.51124387999999998 0.094450980000000004 0
0.51153632000000004 0.87732401999999998 0
0.51154449999999996 0.35717544000000001 0
0.51167717000000001 0.99851608000000003 0
0.51173632000000002 0.85431791999999995 0
0.51181061999999999 0.37082536999999999 0
0.51181975999999996 0.86724646000000005 0
0.51183129999999999 0.67679175999999996 0
0.51195398000000003 0.75176633000000004 0
0.51205606999999997 0.77194726999999996 0
0.51213262000000004 0.68129185999999997 0
0.51215812999999999 0.10455038 0
0.51218673000000003 0.82253668999999996 0
0.51224508000000002 0.53570832999999995 0
0.51228028000000003 0.25432009 0
0.51242511000000002 0.51954787999999996 0
0.51242748999999999 0.25269204000000001 0
0.51250245999999999 0.30655012999999998 0
0.51254445999999998 0.16600907000000001 0
0.51254621 0.41653687 0
0.51258676999999997 0.14223953 0
0.51260669999999997 0.063216240000000007 0
0.51261215000000004 0.22955043999999999 0
0.51262595 0.84357574000000002 0
0.51265717 0.75119983000000001 0
0.51278586999999998 0.29921022000000003 0
0.51279171000000001 0.62946155000000004 0
0.51279596000000005 0.20829432000000001 0
0.51280890999999995 0.16960990000000001 0
0.51283228000000003 0.79952480000000004 0
0.51288392999999999 0.12353147 0
0.51289640000000003 0.70005013000000005 0
0.51301233000000002 0.97106239999999999 0
0.51306441999999997 0.49600358 0
0.51310462999999995 0.48062153000000002 0
0.51314658999999996 0.82019350000000002 0
0.51316382999999999 0.73555740999999997 0
0.51327471000000002 0.92126969000000003 0
0.99891569999999996 0.93186484000000003 0
0.51337233999999998 0.69741476000000002 0
0.51339561 0.20791116000000001 0
0.51343468999999997 0.48256200999999999 0
0.51344661999999996 0.19690682000000001 0
0.51346358999999997 0 0
0.51347891999999995 0.33113098000000002 0
0.51379096000000002 0.54161499000000002 0
0.51379889999999995 0.43812709999999999 0
0.51380252000000004 0.051681030000000003 0
0.51408584000000002 0.91590108999999997 0
0.51419736000000005 0.48055695999999998 0
0.51420509000000003 0.67968534000000003 0
0.51420867000000003 0.42934890999999997 0
0.51437390999999999 0.66168596999999996 0
0.51438545000000002 0.92847040999999997 0
0.51439204000000005 0.87876712000000001 0
0.51441333 0.17401096999999999 0
0.51453477000000003 0.26909021 0
0.51461511000000004 0.98741652000000002 0
0.51472783 0.088166060000000004 0
0.51478811999999996 0.65604043999999995 0
0.51487552999999997 0.15150279999999999 0
0.51502762000000002 0.15333823999999999 0
0.51510206000000003 0.88376220999999999 0
0.51517133999999998 0.97721676000000002 0
0.51541519999999996 0.79448383 0
0.51547326999999998 0.090897619999999998 0
0.51550574999999998 0 0
0.51566007999999997 0.57481547 0
0.51571553999999997 0.96387655999999999 0
0.51574869999999995 0.42783713000000001 0
0.51589461999999997 0.28329241999999999 0
0.51595855000000002 0.92110776000000005 0
0.51597517000000004 0.076506679999999994 0
0.51606229999999997 0.72052203000000004 0
0.51617663000000003 0.32787134000000001 0
0.51618512000000005 0.018274909999999998 0
0.51648519000000004 0.72902054000000005 0
0.51661562999999999 0.96672753 0
0.51675727999999999 0.33421211000000001 0
0.51678762 0.93124691999999998 0
0.51688237000000004 0.93781126000000004 0
0.51688716999999995 0.73976514000000004 0
0.51705601000000001 0.092604469999999994 0
0.97970389000000002 0.61118651000000002 0
0.51707196 0.32948232 0
0.51708964999999996 0.32088461000000001 0
0.51724585999999995 0.87044838999999996 0
1 0.52334069999999999 0
0.51726183999999997 0.91979341999999997 0
0.51729601999999997 0.86319623999999995 0
0.51731313999999995 0.49048218999999998 0
0.51747520999999996 0.10079109999999999 0
0.51754597000000002 0.20542889 0
0.51770539000000004 0.58053379000000005 0
0.51776049999999996 0.94135937000000003 0
0.51778776000000004 0.49139205000000002 0
0.51789233999999995 0.068729499999999999 0
0.51812402999999996 0.77712928999999997 0
0.51815997999999996 0.81289285 0
0.51816132999999998 0.55079310999999997 0
0.51820436000000003 0.65189056999999995 0
0.51820575999999996 0.97752863000000001 0
0.51827376000000003 0.71355246999999999 0
0.51830160999999997 0.17246265 0
0.51841431000000004 0.77004516999999995 0
0.5184917 0.46412088000000001 0
0.51856643999999996 0.070882260000000002 0
0.51858590000000004 0.23779125000000001 0
0.51859694999999995 0.074305019999999999 0
0.51865198999999995 0.44897072999999998 0
0.51871274000000001 0.12563954999999999 0
0.51873524000000004 0.35929170999999999 0
0.51877510000000004 0.093134709999999996 0
0.51879171999999996 0.98460029999999998 0
0.51885809999999999 0.81623698 0
0.51889931 0.71051803000000002 0
0.51894945999999997 0.45135818 0
0.51898599000000001 0.080617320000000006 0
0.51903562000000003 0.066664989999999993 0
0.51903701999999996 0.72888476999999996 0
0.51908889000000003 0.20888976000000001 0
0.51909528000000005 0.92154557999999998 0
0.51919296000000004 0.044870920000000002 0
0.51922040999999997 0.11487911000000001 0
0.51923308000000001 0.40065614999999999 0
0.51932933000000003 0.50760150000000004 0
0.51933300000000004 0.19613393000000001 0
0.51933331000000005 0.2661538 0
0.51935640000000005 0.94110128999999998 0
0.51938256999999999 0.86229665 0
0.5194008 0.27122213000000001 0
0.51943885999999995 0.90517484000000004 0
0.51950127999999995 0.83417019000000003 0
0.51957423999999997 0.67177469000000001 0
0.51959275999999999 0.29779881000000002 0
0.51966968000000002 0.0065566599999999997 0
0.51977406000000004 0.67770989999999998 0
0.51979439000000005 0.20308931 0
0.51980384000000002 0.27987066999999999 0
0.51988807000000004 0.29017446000000002 0
0.51989328000000001 0.77821488000000005 0
0.52001240999999998 0.23642049000000001 0
0.52001352999999995 0.68105903999999995 0
0.52020328999999998 0.84420631999999995 0
0.52026406999999997 0.55377288000000002 0
0.52028430999999997 0.43346512999999998 0
0.52033357999999996 0.35271469 0
0.52036081999999995 0.90687366999999997 0
0.52036316000000005 0.75079222000000001 0
0.52037677999999998 0.44419044000000002 0
0.52041071000000005 0.28630147 0
0.52041179000000004 0.92898614000000002 0
0.52043865 0.62426879999999996 0
0.52048764000000003 0.44240306000000001 0
0.52049904000000002 0.44321448000000002 0
1 0.53865925999999997 0
0.52058342999999996 0.85597350999999999 0
0.52077512000000004 0.78632290999999999 0
0.52092890999999997 0.74535973 0
0.52093988999999996 0.061108259999999998 0
0.52102696000000004 0.20454232999999999 0
0.52107186999999999 0 0
0.52115277999999998 0.089335510000000007 0
0.52121974999999998 0.56579137999999995 0
0.52124389999999998 0.13858255 0
0.52130078999999996 0.082930359999999995 0
0.52133695999999996 0.88425763000000002 0
0.52134464000000003 0.50494782000000005 0
0.52169969999999999 0.93874555000000004 0
0.52178464000000002 0.069538920000000004 0
0.52179622000000003 0.71008539999999998 0
0.52181902000000002 0.34239355999999999 0
0.52184746000000004 0.96672026 0
0.52200701000000005 0.42049196999999999 0
0.52200749000000002 0.23223580999999999 0
0.52203641999999995 0.38437892000000001 0
0.52207082000000005 0.54517599000000005 0
0.52207599999999998 0.24446546999999999 0
0.52214848999999997 0.54423219 0
0.52231704000000001 0.32195085000000001 0
0.52241059000000001 0.74438758000000005 0
0.9818846 0.46970075999999999 0
0.52261237999999999 0.056177089999999999 0
0.52264761999999998 0.92517517000000005 0
0.52271186999999997 0.71859804000000005 0
0.52288891999999998 0.85446551000000004 0
0.52295495999999997 0.81557566999999997 0
0.52297119000000003 0.99499753000000002 0
0.52298564000000003 0.26113482999999998 0
0.52311357999999997 0.70339395000000005 0
0.52314780999999999 0.95666832000000002 0
0.52316784999999999 0.084269789999999997 0
0.52320047999999997 0.01363408 0
0.52326815999999998 0.41101115999999999 0
0.52328379999999997 0.43923505000000002 0
0.52329744 0.072584389999999999 0
0.52338110000000004 0.68349705000000005 0
0.52344902000000004 0.62943992000000004 0
0.52348379 0.78415471999999997 0
0.52356796000000005 0.67471537999999998 0
0.52368650999999999 0.84456410999999998 0
0.52382938999999995 0.0081329799999999997 0
0.52388394000000005 0.57349176000000002 0
0.52414273 0.87264538000000003 0
0.52415334000000002 0.94552572999999995 0
0.52422029999999997 0.86459423000000002 0
0.52422186000000004 0.75608063000000003 0
0.52428516000000003 0.47615270999999998 0
0.52428551999999995 0.052929360000000002 0
0.52437124999999996 0.93699029 0
0.98194897000000003 0.080276780000000006 0
0.52444345000000003 0.082775210000000002 0
0.52444661000000004 0.73649268000000001 0
0.52449003999999999 0.97891996999999997 0
0.52449367999999996 0.96261976000000005 0
0.52449656 0.24127135 0
0.52465830999999996 0.92764632000000002 0
0.52469792000000004 0.26890087000000001 0
0.52477549000000001 0.79091416999999997 0
0.52486231000000005 0.85816888999999996 0
0.52489843000000003 0.14718545 0
0.52507583000000002 0.94808519000000002 0
0.52521503000000003 0.67082140999999995 0
0.52524128000000003 0.38006770000000001 0
0.52524820000000005 0.79374878999999998 0
0.52525069000000002 0.31105249000000001 0
0.52533556999999997 0.91721308000000001 0
0.52539785000000006 0.37376766 0
0.52542005000000003 0.91752082000000001 0
0.52547368000000005 0.082139599999999993 0
0.52566765000000004 0.92815632000000003 0
0.52572032999999996 0.74648406 0
0.52573751000000002 1 0
0.52574471 0.76924356999999999 0
0.52574721000000002 0.1340973 0
0.52578325000000004 0.18958700000000001 0
0.52582801999999995 0.87548446000000002 0
0.52584438 0.42286810000000002 0
0.52586211999999999 0.31701820000000003 0
0.52590742000000001 0.17085502999999999 0
0.52597004000000003 0.98201738999999999 0
0.52605899 0.18032175 0
0.52626969000000001 0.96120335999999995 0
0.52628732 0.58773903999999999 0
0.52638638999999998 0.022832450000000001 0
0.52670322999999997 0.17611099 0
0.52671166999999997 0.70745806 0
0.52674038999999995 0.0018777799999999999 0
0.52682198999999996 0.27709687 0
0.52707236000000002 0.88270744999999995 0
0.52710659000000004 0.033439120000000003 0
0.52714830000000001 0.87645229999999996 0
0.52716419999999997 0.54878375000000001 0
0.52718885000000004 0.64396688000000002 0
0.52727104999999996 0.52120354000000002 0
0.52727793999999995 0.11774216999999999 0
0.52732548000000001 0.77065823 0
0.52734482999999999 0.63852239 0
1 0.35129178999999999 0
0.52736485 0.098567139999999998 0
0.52738236999999999 0.43293858000000002 0
0.52738271000000003 0.60508300999999998 0
0.52750131 0.091397610000000004 0
0.52753068000000003 0.11926924999999999 0
0.52761928999999996 0.41747811000000001 0
0.52765046000000004 0.84035859999999996 0
0.52766031000000002 0.15710821999999999 0
0.52786736000000001 0.31875007999999999 0
0.52786807999999996 0.83093773000000004 0
0.52786935000000001 1 0
0.52797110999999997 0.66525294000000001 0
0.52801350999999996 0.77812400999999998 0
0.52810705999999996 0.042838399999999999 0
0.52811279 0.20433292 0
0.52831220999999995 0.17284691999999999 0
0.52837274000000001 0.94122472000000001 0
0.52837962000000005 0.14605957 0
0.52853338999999999 0.34909430000000002 0
0.52860925000000003 0.0023028599999999999 0
0.52863446000000003 0.55754004999999995 0
0.52871804 0.83838780999999996 0
0.52873276000000002 0.59448407000000003 0
0.52882494999999996 0.050043209999999998 0
0.52892919000000005 0.23472551 0
0.52892929 0.054867440000000003 0
0.52896918999999998 0.48710912000000001 0
0.52900990999999997 0.66140920999999997 0
0.52911229000000004 0.35397368000000001 0
0.52931010999999994 0.14931468000000001 0
0.52934983999999996 0.26251355999999998 0
0.52937656 0.64012418000000004 0
0.52940891000000001 0.76866833000000001 0
0.52953262000000001 0.34698582 0
0.52958664 0.22223377 0
0.52962114999999998 0.12879429000000001 0
0.52973044999999996 0.52402462999999999 0
0.52985724999999995 0.043207080000000002 0
0.52988619999999997 0.68224452999999996 0
0.52990857000000002 0.21892159999999999 0
0.52996286999999997 0.52874856000000003 0
0.53005342 0.20104981 0
0.53010413999999995 0.095287490000000002 0
0.53016666999999995 0.44496797999999999 0
0.53020597000000003 0.29193233000000002 0
0.53042577000000002 0.70452826999999996 0
0.53043678999999999 0.70696638999999994 0
0.53053656999999999 0.10800047 0
0.53053950000000005 0.73199444999999996 0
0.53060649999999998 0.97201530999999997 0
0.53069529000000004 0.19139595000000001 0
0.53070395000000004 0.67353198999999997 0
0.53072169999999996 0.98248257999999999 0
0.53091043999999998 0.10538912 0
0.53110835999999995 0.54258605999999998 0
0.53115944999999998 0.79508243000000001 0
0.53119329999999998 0.67885329000000005 0
0.53121505000000002 0.28021488999999999 0
1 0 0
0.53147398000000001 0.60722262999999999 0
0.53156599000000004 0.34214988000000002 0
0.53180567000000001 0.67005316999999998 0
0.53190543000000001 0.60481857000000006 0
0.53192508999999999 0.02344007 0
0.53195543000000001 0.46793164999999998 0
0.53199004999999999 0.72781176000000003 0
0.53200491000000005 0.79711911999999996 0
0.53204929000000001 0.37136662999999998 0
0.53205334000000004 0.020646339999999999 0
0.53206476000000003 0.067516060000000003 0
0.53206503999999999 0.33956280999999999 0
0.53213681999999995 0.91321489 0
0.53214733999999997 0.18743542999999999 0
0.53221951000000001 0.17903558 0
0.53225067999999998 0.74491143000000004 0
0.53227239999999998 0.75658351999999995 0
0.53234974999999995 0.29028501000000001 0
0.53236565000000002 0.94594539 0
0.53240633999999998 0.53680187999999995 0
0.53242553000000004 0.82238736999999995 0
0.53244345999999998 0.50226406999999995 0
0.53253181999999999 0.30714111999999999 0
0.53255704000000004 0.65161073999999997 0
0.53264518000000005 0.81308882999999998 0
0.53270381 0.80694926 0
0.53277838 0.59734370999999997 0
0.53280077999999997 0.51833664000000002 0
0.53291792000000004 0.86917867999999998 0
0.53292980000000001 0.88874737000000004 0
0.53294074999999996 0.64194348000000001 0
0.53302914999999995 0.68844552000000003 0
0.53307294000000005 0.27069568999999999 0
0.53325562000000004 0.31385617999999998 0
0.53329811999999999 0.2067302 0
0.53333478000000001 0.75710003000000003 0
0.53335107999999998 0.76779995999999995 0
0.53336433000000005 0.34581876 0
0.53346534000000001 0.52734957000000005 0
0.53354659000000004 0.89213262999999998 0
1 0.53947688000000005 0
0.53361610999999998 0.97568432000000005 0
0.53364109999999998 0.30167989000000001 0
0.53365885999999996 0.86302771 0
0.53369907999999999 0.40868146 0
0.53371561000000001 0.12408659 0
0.53373784999999996 0.27780595000000002 0
0.53376254000000001 0.020940150000000001 0
0.53379611000000005 0.38257119000000001 0
0.53398687 0.96655332000000005 0
0.53400345999999999 0.73916093999999999 0
0.53404777000000003 0.046818579999999999 0
0.53406671999999999 0.27523366999999999 0
0.53414117999999999 0.16935486 0
0.53414276999999999 0.46759973999999999 0
0.53417535000000005 0.84118455999999997 0
0.53418858999999996 0.80168150000000005 0
0.53419483999999995 0.47524574000000003 0
0.53434523 0.51314998999999994 0
0.53438620000000003 0.07606955 0
0.53442314000000002 0.30146653000000001 0
0.53456433999999997 0.82501188999999997 0
0.53457882000000001 0.18346651999999999 0
0.53459959999999995 0.17417288 0
0.53471780999999996 0.52576149999999999 0
0.5347864 0.96794780000000002 0
0.53493990999999996 0.29369898 0
0.53495250000000005 0.25315476999999997 0
0.53497289000000003 0.68136171000000001 0
0.53503504999999996 0.56704206000000001 0
0.53506476000000003 0.68166243000000004 0
0.53512051000000005 0.71109478999999998 0
0.53512868999999996 0.42786179000000002 0
0.53513016000000002 0.82237402999999998 0
0.53515104000000002 0.27171957000000002 0
0.53516810000000004 0.85694917999999998 0
0.53525197000000002 0.55406124000000001 0
0.53526147999999996 0.31469375999999999 0
0.53533489999999995 0.073628589999999994 0
0.53546671999999995 0.38918394000000001 0
0.53552089999999997 0.94673474999999996 0
0.53553030999999995 0.075355309999999995 0
0.53555496999999996 0.62501130999999999 0
0.53556462999999999 0.39487063 0
0.53564645 0.84724270000000002 0
0.53573696999999998 0.73103956000000003 0
0.53577140000000001 0 0
0.53579091000000001 0.99224380000000001 0
0.53579483999999999 0.36913074000000001 0
0.53586495000000001 0.11794027 0
0.53592311000000004 0.21011484999999999 0
0.53594825000000001 0.12111528000000001 0
0.53595101999999994 0.15257245999999999 0
0.53611973999999996 0.17696676 0
0.53625542999999998 0.96106256999999995 0
0.53628105999999998 0.10083592 0
0.53638470999999999 0.45250690999999998 0
0.53645582000000003 0.33050281999999997 0
0.53647111000000003 0.083206050000000004 0
0.53650355999999999 0.029443799999999999 0
0.53653602 0.88137153000000001 0
0.53655008000000004 0.11349637999999999 0
0.53657041000000005 0.51450472999999997 0
0.53657644999999998 0.11879924 0
0.53661638 0.26145231000000002 0
0.53668294000000005 0.22628945 0
0.53681213000000005 0.69643904000000001 0
0.53687536999999996 0.82304423999999998 0
0.53708440999999996 0.12998033000000001 0
0.53718533000000002 0.22796216999999999 0
0.53731783 0.33148909999999998 0
0.53737329 0.72276620000000003 0
0.53738909000000001 0.29707017000000002 0
0.53747270000000003 0.31880456000000001 0
0.53749318000000001 0.99623222 0
0.53760350000000001 0.33915474000000001 0
0.53764389999999995 0.15131562000000001 0
0.53785028000000001 0.99162698000000005 0
0.53785236000000003 0.91203888 0
0.53790755999999995 0.72251573000000002 0
0.53795404000000002 0.41731405999999999 0
0.53798438000000004 0.12416766999999999 0
0.53801896000000005 0.52006163999999999 0
0.53816677999999996 0.64331046000000003 0
0.53817506999999998 0.13223672 0
0.53830491000000003 0.82375206000000001 0
0.53832338000000002 0.085149610000000001 0
0.53832669 0.54074372000000004 0
0.53841696000000006 0.03140954 0
0.53849084999999997 0.92878567999999995 0
0.53852571999999999 0.12157484 0
0.53860582000000001 0.30133355000000001 0
0.53866992000000002 0.018103629999999999 0
0.53869310999999998 0.74350031000000005 0
0.53869613999999999 0.43538812999999998 0
0.53876614 0.88244288000000004 0
0.53879902999999996 0.20136175000000001 0
0.53883046000000001 0.23803540000000001 0
0.53887609000000003 0.51219760000000003 0
0.53897735999999996 0.79281480999999998 0
0.53901290000000002 0.068016579999999993 0
0.53905219000000004 0.0014484999999999999 0
0.53906984999999996 0.87646124999999997 0
0.53921059000000005 0.70238825999999999 0
0.53927493999999998 0.56028787999999996 0
0.53930758999999995 0.10668229 0
0.53932612000000002 0.32723089 0
0.53936094000000001 0.11803797000000001 0
0.53941605999999998 0.37336998999999998 0
0.53941819999999996 0.0051296299999999996 0
0.53942489000000005 0.79791084999999995 0
0.53944128000000002 0.47022866000000002 0
0.53956981000000004 0.46605526000000003 0
0.53957231000000005 0.17740898999999999 0
0.53966912 0.37453235000000001 0
0.53971891999999999 0.28541370999999999 0
0.53973996000000002 0.82024277999999995 0
0.53983532000000001 0.24081443 0
0.53990057000000002 0.74505177 0
0.53999558000000003 0.77207634999999997 0
0.54000090000000001 0.98906298000000004 0
0.54004156000000003 0.82562789000000003 0
0.54005707000000003 0.46050223000000001 0
0.54007236999999997 0.46543751 0
0.54012106999999998 0.84207449000000001 0
0.54012768 0.47889213000000003 0
0.54018231999999999 0.97045612000000003 0
0.54018491999999996 0.34072985 0
0.54025195999999998 0.91511659000000001 0
0.54029117999999998 0.2464442 0
0.54050491000000001 0.36403323999999998 0
0.54056850000000001 0.25262702999999997 0
0.54065127000000002 0.60473834999999998 0
0.54066048 0.92106988000000001 0
0.54070324000000003 0.24472758999999999 0
0.54087549000000001 0.10227952999999999 0
0.54089609000000005 0.40544111999999999 0
0.54093824999999995 0.78959190999999995 0
0.54104874999999997 0.15089875 0
0.54120853000000002 0.48647493000000003 0
0.54123984999999997 0.40306342000000001 0
0.54167721000000002 0.091598100000000002 0
0.54191641999999995 0.34698321999999998 0
0.54197037999999997 0.97522956999999999 0
0.54207596000000002 0.25758341000000001 0
0.54211914000000005 0.62457088000000005 0
0.54218093999999994 0.97510304999999997 0
0.54224919999999999 0.63200365999999997 0
0.54230025999999998 0.31794459000000003 0
0.54240111000000002 0.30875173 0
0.54250966 0.80971833999999998 0
0.54256022000000004 0.028480849999999999 0
0.54262029000000001 0.27615065 0
0.54264279000000004 0.11308992 0
0.54266060000000005 0.081876409999999997 0
0.54271413000000002 0.69422191 0
0.54271499999999995 0.97888416 0
0.54274149000000005 0.20935898999999999 0
0.54275337000000001 0.84963734999999996 0
0.54279394999999997 0.97593724999999998 0
0.54281915000000003 0.45113309000000001 0
0.54300103 0.43412993999999999 0
0.54305623000000003 0.17161652999999999 0
0.54309227000000004 0.040896689999999999 0
0.54320380999999995 0.38881632999999999 0
0.54321861000000005 0.11954484 0
0.54327259999999999 0.65211752000000001 0
0.54344106999999997 0.77011775000000005 0
0.54352518000000005 0.60126707999999995 0
0.54355845000000003 0.22073203 0
0.54361632999999998 0.42437145999999998 0
0.54367085999999998 0.75776410000000005 0
0.54371612000000002 0.91979074000000005 0
0.54378252999999999 0.93581669999999995 0
0.54378311999999995 0.31655214999999998 0
0.54384308999999997 0.58264099999999996 0
0.54388091999999999 0.97827474999999997 0
0.54401891999999996 0.77506596999999999 0
0.54408144999999997 0.54681698999999995 0
0.54409297000000001 0.16262194999999999 0
0.54424731000000004 0.49576221999999998 0
0.54430822999999995 0.17013191999999999 0
0.54434435999999997 0.78686067000000004 0
0.54437363000000005 0.80345911999999997 0
0.54444594000000002 0.86844723000000001 0
0.54449283000000004 0.79375180000000001 0
0.54455447000000001 0.96039812999999996 0
0.54459897999999995 0.36727997000000001 0
0.54462898000000004 0.55663607000000004 0
0.54469928000000001 0.13447780000000001 0
0.54471254999999996 0.62857514999999997 0
0.54472010999999998 0.092814179999999996 0
0.54485229000000002 0.85627774000000001 0
0.54492160999999995 0.13091747000000001 0
0.54498985 0.68289372999999998 0
0.54502737999999995 0.81416352000000003 0
0.54510101 0.27861033000000002 0
0.54515495000000003 0.14012552 0
0.54520405000000005 0.58100266 0
0.54522592999999997 0.62974841000000004 0
0.54527455000000002 0.14190942000000001 0
0.54540036999999997 0.20934696999999999 0
0.54540602000000005 0.67440456000000004 0
0.54549966999999999 0.00324303 0
0.54554289 0.34775671000000002 0
0.54557451999999995 0.91443023000000001 0
0.54557544999999996 0.46134807 0
0.54560874999999998 0.24173056000000001 0
0.54562078999999997 0.18421217000000001 0
0.54573475000000005 0.19326747999999999 0
0.54581809999999997 0.90653097000000005 0
0.54583148000000004 0.45806849999999999 0
0.54604131 0.94943458000000003 0
0.54609651999999997 0.78979957999999995 0
0.54611193000000002 0.60415565000000004 0
0.54620471999999998 0.094172480000000003 0
0.54621478000000001 0.57318318999999995 0
0.54629755999999996 0.97355875000000003 0
0.54637402999999996 0.39204823999999999 0
0.54640137 0.17358339 0
0.54660397999999999 0.71427494999999996 0
0.54662058000000002 0.48820103999999998 0
0.54670679 0.78802485 0
0.54672416000000001 0.28190403000000003 0
0.54675757999999997 0.38281323 0
0.54686374000000004 0.73135371000000005 0
0.54699087000000002 0.17369525999999999 0
0.54699646999999996 0.94799728000000005 0
0.54700276000000003 0.77205659999999998 0
0.54704467000000001 0.72906146999999999 0
0.54708924000000003 0.2529826 0
0.54712022999999999 0.47853641000000002 0
0.54717225999999997 0.13513721000000001 0
0.54719609000000002 0.95018648000000006 0
0.54723551000000004 0.98075100999999998 0
0.54725517000000001 0.25229066999999999 0
0.54731076000000001 0.20501837000000001 0
0.54731783000000001 0.85578516000000004 0
0.54753107999999995 0.38093726999999999 0
0.54761592999999997 0.34473392000000003 0
0.54775446999999999 0.8229554 0
0.54779703000000002 0.0044483300000000003 0
0.54784871999999996 0.58658288999999997 0
0.54784902000000002 0.65181354999999996 0
0.54794865999999998 0.18405914000000001 0
0.54798473999999997 0.14828299 0
0.54811979 0.44136115999999997 0
0.54812589 0.93364153999999999 0
0.54814313000000003 0.88558351000000002 0
0.54817346 0.21246095000000001 0
0.54841892000000003 0.24643846999999999 0
0.54863209999999996 0.22953783 0
0.54866059 0.23496531000000001 0
0.54869458999999998 0.78486250999999996 0
0.54881749999999996 0.68383300999999996 0
0.54890218000000002 0.26109600999999999 0
0.54890941999999998 0.65874244000000004 0
0.54892662999999997 0.44039341999999998 0
0.54899905000000004 0.95301364 0
0.54905077999999996 0.34260268999999999 0
0.54906586000000002 0.83918725999999999 0
0.54923202999999998 0.76349875 0
0.54938527000000004 0.67527691000000001 0
0.54945001999999998 0.33245209999999997 0
0.54956066000000003 0.062830839999999999 0
0.54957758000000001 0.083730970000000002 0
0.54967007999999995 0.46559147000000001 0
0.54978875000000005 0.70382456000000004 0
0.54993661999999999 0.10829893 0
0.55006094999999999 0.10113563 0
0.55008842000000002 0.64143231000000001 0
0.55012232999999999 0.20969281000000001 0
0.55017472000000001 0.28641597000000002 0
0.55025533999999998 0.78231192999999999 0
0.55032667000000002 0.062554869999999999 0
0.55040222000000005 0.56715789999999999 0
0.55045456000000004 0.016624320000000001 0
0.55055922000000002 0.27710433000000001 0
0.55059981000000002 0.98328654000000004 0
0.55061687000000004 0.32198587000000001 0
0.55061850000000001 1 0
0.55076517000000003 0.91279794000000003 0
0.55079601 0.079850770000000001 0
0.55083704 0.58067413999999995 0
0.5509117 0.98942691999999999 0
0.55112079999999997 0.55751910999999998 0
0.55112192999999998 0.84441560999999998 0
0.55120084999999996 0.81624954000000005 0
0.55122587000000001 0.37324963 0
0.55129044999999999 0.027849369999999998 0
0.55131732 0.14936199 0
0.55146152000000004 0.62756690999999998 0
0.55146587999999996 0.037312529999999997 0
0.55149358000000004 0.23633414 0
0.55151337 0.88175804999999996 0
0.55165655000000002 0.59582022999999995 0
0.98188582000000002 0.45034809999999997 0
0.55184661000000002 0.45098439000000001 0
0.55185673000000002 0.71838690999999999 0
0.55198146999999997 0.96055743999999998 0
0.55203749999999996 0.62862956999999997 0
0.55208639999999998 0.27207735999999999 0
0.55213924000000003 0.88558524000000005 0
0.55221324000000005 0.18950866999999999 0
0.55225963 0.13253329999999999 0
0.55226644999999996 0.34674413999999998 0
0.55227819 0.21581734 0
0.55234167999999995 0.13639734000000001 0
0.55236052000000002 0.60456511999999996 0
0.55239185000000002 0.70381125 0
0.55239883999999995 0.15136069999999999 0
0.55240966000000002 0.54504171000000001 0
0.55244495000000005 0.56711137 0
0.55245032000000005 0.073003380000000007 0
0.55252860000000004 0.02241199 0
0.55256070000000002 0.98504926000000004 0
0.55259736000000004 0.90915988000000003 0
0.55265713999999999 0.82977752000000005 0
0.55277105000000004 0.29659780000000002 0
0.55294264999999998 0.88348183000000002 0
0.55294834999999998 0.17158592 0
0.55305196000000001 0.16265926 0
0.55308078999999999 0.058111320000000001 0
0.55315031000000003 0.58737185000000003 0
1 0.42426692999999999 0
0.55329457000000004 0.47362188 0
0.55335104999999996 0.67265710999999995 0
0.55338498999999997 0.16317015000000001 0
0.55340014000000004 0.75541528999999996 0
0.55343582999999996 0.68990426999999999 0
0.55345465000000005 0.071796559999999995 0
0.55350010999999999 0.36317680000000002 0
0.55352762 0.51493710999999998 0
0.55355376000000001 0.9545747 0
0.98556920999999997 0.01547313 0
0.55389549999999999 0.39991422999999998 0
0.55389971999999998 0.11311371000000001 0
0.55397620000000003 0.38862015999999999 0
0.55398798000000005 0.58748031999999994 0
0.55401416999999997 0.50726130000000003 0
0.55422053000000004 0.20745337999999999 0
0.55431569000000003 0.44885478000000001 0
0.55431881000000005 0.23265090999999999 0
0.55433323000000001 0.91135586999999996 0
0.55448302000000005 0.68426377999999999 0
0.55449769000000004 0.31102784 0
0.55455946 0.84942211000000001 0
0.55457906999999995 0.75191843999999997 0
0.55463123999999997 0.12116954000000001 0
0.55464354999999999 0.074914129999999995 0
0.55465905000000004 0.53370461999999996 0
0.55467392000000004 0.27154931999999998 0
0.55470109000000001 0.51181233000000004 0
0.55473295 0.88659871999999995 0
0.55479305000000001 0.19402542 0
0.55490247999999998 0.21576796000000001 0
0.55491352999999999 0.25408891 0
0.55497235 0.35452561999999999 0
0.55511758 0.27641212999999998 0
0.55520793000000002 0.46507180999999997 0
0.55550462 0.41367071999999999 0
0.55554822999999998 0.054628860000000001 0
0.55562792999999999 0.89015217000000002 0
0.55565847999999995 0.34876192 0
0.55570799999999998 0.78441194000000003 0
0.55575328000000002 0.40571977999999997 0
0.55578055999999998 0.90588365000000004 0
0.55583707000000004 0.92322314999999999 0
0.55588866999999997 0.20305115000000001 0
0.55590483999999996 0.26597332000000001 0
0.55596259000000003 0.84513331999999997 0
0.55600574999999997 0.61651995000000004 0
0.55605196999999995 0.57257237999999999 0
0.55619812999999996 0.32280487000000002 0
0.55630029000000003 0.95118435999999995 0
0.55632652000000005 0.10380420999999999 0
0.55637342999999995 0.60059373999999999 0
0.55639629999999995 0.16408574000000001 0
0.55641355999999997 0.18206555999999999 0
0.55641383 0.31973501999999998 0
0.55649669999999996 0.86348393999999995 0
0.55654621000000004 0.87190230000000002 0
0.55655686999999998 0.15342205 0
0.55658563999999999 0.46653584999999997 0
0.55662025000000004 0.44835824000000002 0
0.55662071000000002 0.20010815000000001 0
0.55665206 0.16747972999999999 0
0.55666702999999995 0.062033850000000001 0
0.55670114999999998 0.20991768 0
0.55670450000000005 0.62159257000000001 0
0.55673112999999996 0.0022267900000000002 0
0.55679449000000003 0.30864902 0
0.55680238000000004 0.52044153000000004 0
0.55681583000000001 0.090940419999999994 0
0.55684193000000004 0.056677180000000001 0
0.55695287999999998 0.66901692000000001 0
0.55713045000000005 0.85982095999999997 0
0.55716456000000003 0.78382573 0
0.55758426000000005 0.078259209999999996 0
0.55759806999999995 0.98772145 0
0.55761088999999997 0.91773064000000004 0
0.55766035000000003 0.96105689999999999 0
0.55769270000000004 0.51660972000000005 0
0.55771594000000002 0.69661317 0
0.55771806000000002 0.74423309999999998 0
0.55772277000000003 0.40589055000000002 0
0.55773881999999997 0.3543249 0
0.55774886999999995 0.46523389999999998 0
0.55776112 0.93306573000000004 0
0.55780306999999996 0.99783966999999996 0
0.55792156000000004 0.14194747999999999 0
0.55797282000000004 0.83174696999999997 0
0.55800495999999999 0.25466942999999997 0
0.55807507000000001 0.56364491999999999 0
0.55819697999999995 0.85929906 0
0.55826772999999996 0.046503290000000003 0
0.55832291999999994 0.071060529999999997 0
0.55836522 0.28944134999999999 0
0.55840986999999997 0.097293889999999994 0
0.55865759000000004 0.054872539999999997 0
0.55880262000000003 0.033253150000000002 0
0.55886913000000005 0.67549020999999998 0
0.55889241000000001 0.72977773999999995 0
0.55904025999999996 0.93071590000000004 0
0.55904114999999999 0.37146597999999997 0
0.55921827000000002 0.00037289000000000002 0
0.55926410000000004 0.34784486999999997 0
0.55932287999999997 0.59506170999999997 0
0.55932472 0.57419958000000004 0
0.55949249999999995 0.54898044999999995 0
0.55950462999999995 0.79787125999999997 0
0.55962027000000003 0.072079820000000003 0
0.55967323999999996 0.42088028999999999 0
0.55968726000000002 0.36315181000000002 0
0.55976033999999997 0.46001824000000002 0
0.55993696000000004 0.34182900999999999 0
1 0.40932696000000002 0
0.55999259999999995 0.11482655 0
0.56010747000000005 0.45708520000000002 0
0.56017585999999997 0.43512346000000002 0
0.56024045 0.49041338000000001 0
0.56026880999999995 0.83321796999999997 0
0.56036951999999995 0.77686153000000002 0
0.56037645999999997 0.093198710000000004 0
0.56042818000000005 0.72297045000000004 0
0.56054437000000001 0.91163885 0
0.56056950999999999 0.35946023999999999 0
0.56057281000000003 0.90019868000000003 0
0.56058792000000002 0.62116519000000003 0
0.56062619999999996 0.56188806999999996 0
1 0.43380961000000001 0
0.56080255999999995 0.63557713000000005 0
0.56081007999999999 0.64469454999999998 0
0.56085974000000005 0.050606720000000001 0
0.56094129000000004 0.43843757999999999 0
0.56101721000000004 0.42168554000000003 0
0.56107220999999996 0.048051690000000001 0
0.56119931999999995 0.98118651999999995 0
0.56121401999999998 0.48636122999999998 0
0.56121606999999996 0.39982008000000002 0
0.56131454000000003 0.80847963 0
0.56140171000000005 0.36572419 0
0.56141722999999999 0.12449283 0
0.56144251999999994 0.92510223000000003 0
0.56144274000000005 0.79756313999999995 0
0.56147696999999996 0.53686666999999999 0
0.56148593999999996 0.76743927000000001 0
0.56150882999999996 0.30379429000000002 0
0.56151156000000002 0.15981235999999999 0
0.56157287 0.59541284000000005 0
0.56187759999999998 0.85229120000000003 0
0.56187891000000001 0.20140076000000001 0
0.56191999999999998 0.83177089999999998 0
0.56198199999999998 0.36852911999999999 0
0.5621524 0.50841996 0
0.56218422000000001 0.34481437999999998 0
0.56219076999999995 0.79203491000000004 0
0.56221650000000001 0.93043087000000002 0
0.56227976999999996 0.82291643000000003 0
0.56234066000000005 0.054203210000000002 0
0.56244802000000005 1 0
0.56250957000000001 0.85996421999999995 0
0.56258456000000001 0.30919851999999998 0
0.56268899999999999 0.96993713999999998 0
0.56269504000000004 0.35658640000000003 0
0.56270025999999995 0.32221949999999999 0
0.56274930000000001 0.60221486000000002 0
0.56280892000000005 0.91469992 0
0.56290059000000003 0.26500235999999999 0
0.56298651 0.03606231 0
0.56300481999999996 0.051738329999999999 0
0.56305609999999995 0.76133355000000003 0
0.56306575999999997 0.86851612 0
0.56312627000000004 0.59931864000000001 0
0.56322373999999997 0.21867945 0
0.56328263999999995 0.31491939000000002 0
0.56333602000000005 0.68291491999999998 0
0.56337082999999999 0.74959083000000004 0
0.56345316999999995 0.88824840999999999 0
0.56363582000000001 0.35561768999999999 0
0.56364060000000005 0.85887164999999999 0
0.56377052000000005 0.59162627000000001 0
0.56378994999999998 0.018879679999999999 0
0.56381862000000005 0.14318679000000001 0
0.56382047000000002 0.47297081000000002 0
0.56389358000000001 0.62654940000000003 0
0.56389825999999998 0.63650726999999996 0
0.56390275999999995 0.27045693999999998 0
0.56390295999999995 0.98312387999999995 0
0.56395731999999998 0.15739485 0
0.56397063000000003 0.26013271999999998 0
0.56402909999999995 0.13185306999999999 0
0.56408332999999999 0.85912476000000004 0
1 0.54460218999999999 0
0.56416337999999999 0.33320127999999999 0
0.56421403000000003 0.01009811 0
0.56425893999999999 0.75455201000000005 0
0.56427872000000001 0.56828148000000001 0
0.56429037999999998 0.11420184 0
0.56448494000000005 0.62975210999999998 0
0.56451114999999996 0.72405613999999996 0
0.56455010000000005 0.069681640000000003 0
0.56456023 0.23455666 0
0.56458067000000001 0.35808545000000003 0
0.56464037 0.14210349999999999 0
0.56470217 0.75702866999999996 0
0.56470757999999999 0.59903929 0
0.56478229999999996 0.47163685999999999 0
0.56483174000000003 0.74423901000000003 0
0.56485425 0.36304876000000003 0
0.56491826999999994 0.97525956999999996 0
0.56497759000000003 0.88861973999999999 0
0.56498771000000003 0.043781689999999998 0
0.56499692999999995 0.78065859000000004 0
0.56509149999999997 0.84146354999999995 0
0.56513409000000003 0.88399428999999996 0
0.98116192000000002 0.91441167000000001 0
0.56526927000000005 0.78481425000000005 0
0.56529107000000001 0.93002496999999995 0
0.56529761999999995 0.89857410000000004 0
0.56532815999999997 0.25780421999999997 0
0.56533312999999996 0.87292126999999997 0
0.56533478000000004 0.03345182 0
0.56540226999999998 0.45818196999999999 0
0.56552283000000003 0.062391290000000002 0
0.56556088999999998 0.96053816000000003 0
0.56563490999999999 0.72286779000000001 0
0.56563589000000003 0.54150799999999999 0
1 0.52010933999999998 0
0.56566905000000001 0.81107510000000005 0
0.56568487000000001 0.39815624999999999 0
0.56572730000000004 0.93645 0
0.56578684999999995 0.83616716999999996 0
0.56604533999999995 0.60599970000000003 0
0.56607094999999996 0.031473809999999998 0
0.56625327000000003 0.65560532999999999 0
0.56626555999999995 0.46803802 0
0.56628860000000003 0.62058411000000002 0
0.56629231999999996 0.47253203999999999 0
0.56635906000000003 0.18535583999999999 0
0.56636752000000001 0.26650467999999999 0
0.56637362999999996 0.54733449999999995 0
0.56645913999999997 0.63282948999999999 0
0.56659159999999997 0.037799310000000003 0
0.56661318000000005 0.61439129000000003 0
0.56663048999999999 0.44522279999999997 0
0.56664625999999996 0.46268394000000002 0
0.56673806999999998 0.042061719999999997 0
0.56679844000000001 0.63446325000000003 0
0.56689575999999997 0.65463844999999998 0
0.56691230000000004 0.16340682000000001 0
0.56692629000000005 0.81301694999999996 0
0.56695638000000004 0.91063346999999994 0
0.56696857000000001 0.65626731000000005 0
0.56703687999999997 0.64691211000000004 0
0.56708809000000004 0.97758411999999995 0
0.56712249999999997 0.71637309000000005 0
0.56713122999999999 0.64760558000000001 0
0.56716964000000003 0.43145418000000002 0
0.56726889999999996 0.38422255999999999 0
0.56733800000000001 0.37554134 0
0.56734768000000002 0.79799372999999996 0
0.56737634999999997 0.45789257 0
0.56751258000000004 0.4335813 0
0.56764740000000002 0.44716918 0
0.56768808000000004 0.30556185000000002 0
0.56771236999999997 0.83162574 0
0.56775120000000001 0.17403061 0
0.56781744999999995 0.68491011999999996 0
0.56787025999999996 0.25482706999999999 0
0.56788559999999999 0.026190560000000002 0
0.56791917999999997 0.59485946000000001 0
0.56792434999999997 0.33749267999999999 0
0.56793201000000004 0.016581100000000001 0
0.56803358999999998 0.51318315999999997 0
0.56808168999999997 0.096488260000000006 0
0.56812264000000001 0.55923202999999999 0
0.56815667999999997 0.92501124000000001 0
0.56823241999999996 0.31043879000000002 0
0.56836578000000004 0.39888829999999997 0
0.56871788999999995 0.71945276999999996 0
0.56874625999999995 0.96362420000000004 0
0.56887067999999996 0.45352924 0
0.56897830999999999 0.41321562000000001 0
0.56918588000000003 0.40472302999999998 0
0.56919792000000002 0.60815443000000002 0
0.56923785000000005 0.13689383999999999 0
0.56931582000000003 0.48451750999999998 0
0.56931639999999994 0.12684403 0
0.56936377999999999 0.60825467 0
1 0.4379924 0
0.56947095000000003 0.65750036999999995 0
0.56954804000000003 0.51316002000000005 0
0.56967796000000004 0.33972482999999998 0
0.56988470000000002 0.98377115999999998 0
0.56990110000000005 0.30706902000000003 0
0.56994918999999999 0.18219067999999999 0
0.56997458000000001 0.42690631000000001 0
0.56998906999999999 0.064423010000000003 0
0.56999124000000001 0.32385058999999999 0
0.57000152999999998 0.055086499999999997 0
0.57001999999999997 0.27732222000000001 0
0.57008787999999999 0.10890846999999999 0
0.57024215 0.79952915000000002 0
0.57024306999999996 0.090972209999999998 0
0.57029616999999999 0.62082219000000005 0
0.57030614000000002 0.78225084 0
0.57044897000000006 0.42084553000000002 0
0.57048021000000004 0.12228113 0
0.57055820999999995 0.061106239999999999 0
0.57058306999999997 0.79433206999999995 0
0.57070553999999996 0.14953068999999999 0
0.57073914000000003 0.85838641999999998 0
0.57074323000000005 0.64201814000000001 0
0.57076271000000001 0.079236280000000006 0
0.57077376000000002 0.96523488000000002 0
0.57082063999999999 0.098417950000000004 0
0.57086680000000001 0.61806324000000001 0
0.57088026000000003 0.26191565999999999 0
0.57089212 0.95525084000000005 0
0.57116871999999996 0.77147513999999995 0
0.57120508999999997 0.66329658000000002 0
0.57129973999999994 0.71920768000000002 0
0.57148244000000004 0.36233725 0
0.57152071000000004 0.57660573000000004 0
0.57161450999999996 0.90829718999999998 0
0.57175693999999999 0.27167334999999998 0
0.57187860999999995 0.86013848000000004 0
0.57191910000000001 0.59019078000000003 0
0.57198159999999998 0.47541830000000002 0
0.57208941000000002 1 0
0.57214197 0.49381740000000002 0
0.57236675000000004 0.18503965 0
0.57243308999999998 0.00883134 0
0.57252033999999996 0.99202904999999997 0
0.57253522000000001 0.49727946000000001 0
0.57255834000000005 0.9982856 0
0.57264265000000003 0.76399070999999996 0
0.57268249000000004 0.45903785000000003 0
0.57273112000000004 0.19838754 0
0.57273209000000003 0.75380944999999999 0
0.57281417000000001 0.90855165999999998 0
0.57284005000000005 0.59745596999999995 0
1 0.013155460000000001 0
0.5729088 0.73707544000000003 0
0.57294071999999996 0.27764109999999997 0
0.57298970000000005 0.99308145000000003 0
0.57302381999999996 0.35012802999999998 0
0.57309887999999998 0.18013182999999999 0
0.57316959000000001 0.0076962300000000001 0
0.57319293999999998 0.21254255999999999 0
0.57324810000000004 0.47251691000000001 0
0.57327167000000001 0.47723489000000002 0
0.57328175000000003 0.23670695 0
0.57343421999999999 0.59419040999999995 0
0.57343694999999995 0.82079943 0
0.57344550000000005 0.32783380000000001 0
0.57384356000000003 0.29379243999999999 0
0.57384561000000001 0.4343514 0
0.57387018000000001 0.94679988999999998 0
0.57392688000000003 0.6645607 0
0.57393371999999998 0.52301310000000001 0
0.57395496000000001 0.21120140000000001 0
0.57402302999999999 0.12917514999999999 0
0.57405890000000004 0.74342337000000003 0
0.57409222999999998 0.99949357999999999 0
0.57409670999999995 0.87668972000000001 0
0.57439549999999995 0.53307959999999999 0
0.57442822000000004 0.39347880000000002 0
0.57461183000000005 0.42341898 0
0.57476649000000002 0.22340499999999999 0
0.57490726999999997 0.91301394000000002 0
0.57498558 0.41778945000000001 0
0.57500244 0.29486572 0
0.57508172999999996 0.98680714999999997 0
0.57509933000000002 0.1870308 0
0.98558372000000005 0.3307871 0
0.57525141000000002 0.66215013 0
0.57527046999999998 0.77830158999999999 0
0.57529611000000003 0.89272532999999998 0
0.57534830000000003 0.40969111000000002 0
0.57540522999999999 0.61193832999999997 0
0.57553690999999996 0.15795924 0
0.57557007999999998 0.33144867 0
0.57559039999999995 0.39739047 0
0.57559048000000002 0.23620036999999999 0
0.57566757000000002 0 0
0.57567893000000003 0.18603645999999999 0
0.57568719000000002 0.61791437999999999 0
0.57579656000000001 0.11779802 0
0.57581375999999995 0.79205806000000001 0
0.57581950999999998 0.86230373999999999 0
0.57585679000000001 0.69904756000000001 0
0.5759476 0.93697319999999995 0
0.57598899999999997 0.66268437000000002 0
0.57601855000000002 0.36920468000000001 0
0.57615852999999995 0.22857259999999999 0
0.57617395000000005 0.95529165000000005 0
0.57619301000000001 0.70952727999999998 0
0.99937735999999999 0.51335565999999999 0
0.57638210999999995 0.93614273999999997 0
0.57653871000000001 0.11028464 0
0.57659709999999997 0.16846717999999999 0
0.57659757 0.37684857999999999 0
0.57663845999999996 0.59318400000000004 0
0.57664948000000005 0.15699929000000001 0
0.57666244 0.85756750999999998 0
0.57671795000000003 0.28844767999999998 0
0.57676578000000001 0.39927219000000003 0
0.57679990000000003 0.85910366000000005 0
0.57684776000000004 0.42941853000000002 0
0.57684875000000002 0.60571003999999995 0
0.57685911000000001 0.56142700000000001 0
0.57698419999999995 0.64876663999999995 0
0.57702693000000005 0.25588630000000001 0
0.57707456999999995 0.077766539999999995 0
0.57725188000000005 0.99948687000000003 0
0.57736922000000002 0.79310181999999996 0
0.57738363999999998 0.62653720999999996 0
0.57743359999999999 0.19673678 0
0.57751803999999995 0.54777171000000002 0
0.57753284000000005 0.48046734000000002 0
0.57754258000000003 0.04898777 0
0.57754454 0.94487363000000002 0
0.57758425999999996 0.76121141999999997 0
0.57759598999999995 0.10374094 0
0.57765847999999997 0.46273842999999998 0
0.57778777999999997 0.24668996000000001 0
0.98559185999999999 0.76851382999999995 0
0.57784256000000001 0.18951486000000001 0
0.57799847000000004 0.80794597999999995 0
0.57819734 0.84706362999999996 0
0.57824246999999995 0.14770200999999999 0
0.57834083000000003 0.62802499000000001 0
0.57834677000000001 0.81029129 0
0.57836014000000002 0.019830250000000001 0
0.57838626000000004 0.40270151999999998 0
0.57847923999999995 0.00188608 0
0.57849315000000001 0.31838769 0
0.57849919000000005 0.85230165000000002 0
0.57850111999999998 0.37193917999999998 0
0.57850362 0.64268243000000003 0
0.57851421000000003 0.98010301 0
0.57853262000000005 0.64578725000000003 0
0.57853299000000002 0.32559289000000002 0
0.57867685999999996 0.61518782000000005 0
0.57883192999999999 0.81969042999999997 0
0.57885995000000001 0.79041296000000005 0
0.57897180000000004 0.39808178 0
0.57900688 0.0052850600000000003 0
0.57904962999999998 0.82754176000000002 0
0.57907779999999998 0.47254794999999999 0
0.57909502999999996 0.28243148000000001 0
0.57917483000000003 0.27592714000000002 0
0.57920983000000004 0.49656690999999997 0
0.57921175999999996 0.68106604999999998 0
0.57921237000000003 0.25719618999999999 0
0.57922786999999998 0.40245147999999997 0
0.57925534000000001 0.35716321000000001 0
0.57926122999999996 0.68661905000000001 0
0.57930431999999998 0.35091844999999999 0
0.57938257999999998 0.62645271999999996 0
0.57942070999999995 0.22563751000000001 0
0.57952177000000005 0.38517926000000002 0
0.5796869 0.38165679000000002 0
0.57970502999999995 0.41996305 0
0.57978909999999995 0.37653976 0
0.57982990999999995 0.62420962999999996 0
0.57992538000000005 0.26633119999999999 0
0.57992582000000004 0.73939299999999997 0
0.58003062000000005 0.63597532999999995 0
0.58009608999999995 0.93019496999999995 0
0.58010225999999998 0.13827220000000001 0
0.58017311999999999 0.51207029999999998 0
0.58019224999999996 0.56036854999999997 0
0.58020232999999999 0.049728519999999998 0
0.58022622999999995 0.38333360999999999 0
0.58023009000000003 0.10393615 0
0.58026652000000001 0.83996585000000001 0
0.58030610000000005 0.82980423000000003 0
0.58031367 0.82572338000000001 0
1 0.0076614400000000003 0
0.58044083999999996 0.30548963000000001 0
0.58049925000000002 0.88814530000000003 0
0.58055480999999998 0.66550496999999997 0
0.58057546999999998 0.14663693999999999 0
0.58059665000000005 0.34140148999999997 0
0.58061742999999999 0.80021945000000005 0
0.58066549000000001 0.18789358 0
0.58072884999999996 0.93187666999999996 0
0.58073861999999998 0.54761766000000001 0
0.58082248999999997 0.54342931999999999 0
0.58082650999999996 0.63239612000000001 0
0.58084502999999998 0.25402646000000001 0
0.58088408000000002 0.32117551999999999 0
0.58090735999999998 0.37634623 0
0.58091409000000005 0.91013286999999998 0
0.58092009 0.25303803000000002 0
0.58094798000000003 0.64116443999999995 0
0.58096210000000004 0.40093720999999999 0
0.58108652999999999 0.89721735000000002 0
0.58119175000000001 0.40197999000000001 0
0.58120033999999998 0.53651495999999999 0
0.58124986000000001 0.74085509000000005 0
0.58126054000000005 0.24856942000000001 0
0.58148553999999997 0.23216661999999999 0
0.58156174999999999 0.50192391000000003 0
0.58158255999999997 0.13625482 0
0.58164101000000001 0.95003632000000005 0
0.58165184000000003 0.89288356000000002 0
0.58165526999999995 0.60691792 0
0.58171516999999995 0.094044699999999995 0
0.58172815 0.26118438999999999 0
0.58190209999999998 0.54651919999999998 0
0.58207072999999998 0.63388774000000003 0
0.58209246000000003 1 0
0.58217989000000003 0.19139073000000001 0
0.58231365000000002 0.44728915000000002 0
0.58232284000000001 0.62702703999999998 0
0.58238677000000005 0.52053981999999999 0
0.58241578999999999 0.47579273 0
0.58243159 0.82526392999999998 0
0.58255438000000004 0.68971764000000002 0
0.58270162000000003 0.59332976999999998 0
0.58284270000000005 0.56260465999999998 0
0.58295755000000005 0.30578794999999998 0
0.58299345000000002 0.46400212000000002 0
0.58300567000000003 0.00608838 0
0.58300805 0.12570279000000001 0
0.58319823000000004 0.75608489000000001 0
0.58325159000000004 0.56741719000000002 0
0.58327127000000001 0.15659171999999999 0
0.58329288999999995 0.23271326000000001 0
0.58333553000000005 0.57593150999999998 0
0.58338847999999999 0.78491330999999998 0
0.58342559999999999 0.15920092 0
0.58346785999999995 0.13647471999999999 0
0.58346812000000003 0.26292212999999998 0
0.58347128000000004 0.060524960000000003 0
0.58359643000000005 0.27438454000000001 0
0.58362276000000002 0.046982669999999997 0
0.58376729000000005 0.73254196999999999 0
0.58380023000000003 0.97981969000000002 0
0.58381945000000002 0.63670006999999995 0
0.58384278999999994 1 0
0.58387876999999999 0.37147071999999998 0
0.58392208000000001 0.23090005999999999 0
0.5839666 0.042370789999999998 0
0.58403174000000002 0.66510924999999999 0
0.58403406000000002 0.67174126999999995 0
0.58404668000000004 0.59754529999999995 0
0.58413329999999997 0.81758182999999995 0
0.58414615000000003 0.096908999999999995 0
0.58415236999999998 0.42561010999999999 0
0.58428469999999999 0.69851021000000002 0
0.58429984999999995 0.25333041000000001 0
0.58433959999999996 0.65150215 0
0.58439814000000001 0.90825111999999997 0
0.58441862 0.52532855000000001 0
0.58444105000000002 0.44257160000000001 0
0.58447910999999997 0.42062582999999998 0
0.58452645999999997 0.45140648 0
0.58460909000000005 0.47859007999999997 0
0.58475118999999998 0.61389649000000002 0
0.58479214000000002 0.40515354999999997 0
0.58485441999999999 0.76476288000000003 0
0.58495757000000004 0.25478147000000001 0
0.58502664000000004 0.31478762999999998 0
0.58511574 0.57523584000000005 0
0.58517492000000004 0.19081380000000001 0
0.58518937999999998 0.069122500000000003 0
0.58519544000000001 0.32563291 0
0.58525298000000003 0.057527269999999998 0
0.58534067000000001 0.59970393 0
0.58534401999999996 0.59227715000000003 0
0.58553851999999995 0.16270967 0
0.58587149000000005 0.94990576999999998 0
0.58597074000000005 0.78029645999999997 0
0.58599162000000005 0.17589146999999999 0
0.58606877000000002 0.79647173000000004 0
0.58613210999999998 0.61762030999999995 0
0.58616018999999997 0.25007900999999999 0
0.58634025000000001 0.71502445000000003 0
0.58639039999999998 0.065001470000000006 0
0.58641321000000002 0.25909012999999997 0
0.58647095000000005 0.04796661 0
0.58651131000000001 0.83746984000000002 0
0.58653432999999999 0.49605484 0
0.58668063000000004 0.54138193999999995 0
0.58671823999999995 0.59359362999999998 0
0.58672753 0.21414506999999999 0
0.58673160000000002 0.47361829 0
0.58682732000000004 0.55972177000000001 0
0.58684086999999996 0.098958610000000002 0
0.58684384000000001 0.31240368000000002 0
0.58690995000000001 0.85480402 0
0.58713287000000003 0.60335068999999997 0
0.58715572999999999 0.80987545999999999 0
0.58717213999999995 0.54650416999999996 0
0.58725015000000003 0.3158224 0
0.58726515999999995 0.56846289000000005 0
0.58728000999999996 0.57280209999999998 0
0.58730888999999997 0.19078912000000001 0
0.58730945999999995 0.21142209000000001 0
0.58734739000000002 0.076413659999999994 0
0.58739273999999997 0.96440400000000004 0
0.58739372000000001 0.52244922000000005 0
0.58740068000000001 0.76627142999999998 0
0.58741153999999995 0.31388959 0
0.58741863999999999 0.54468899000000004 0
0.58743197000000003 0 0
0.58743414000000005 0.48950829000000001 0
0.58745199999999997 0.82757915000000004 0
0.58746317999999997 0.33306915999999998 0
0.58751410999999998 0.95739662999999997 0
0.58757417000000001 0.24209462000000001 0
0.58765177999999996 0.78354252000000002 0
0.58768609000000005 0.61409736999999998 0
0.58773956000000005 0.63621150000000004 0
0.58775761999999998 0.18329675000000001 0
0.58780443000000004 0.18318408999999999 0
0.58782513000000003 0.20910662999999999 0
0.58787756000000002 0.21651353000000001 0
0.58796435999999996 0.042525779999999999 0
0.58796850000000001 0.12482913 0
0.58803519999999998 0.16362135999999999 0
0.58805803000000001 0.13219816000000001 0
0.58809027000000003 0.23262668 0
0.58813967 0.45865298999999998 0
0.58816409999999997 0.36819292999999997 0
0.58824058000000001 0.50339202999999999 0
0.58825711999999997 0.95268231999999997 0
0.58831166000000001 0.0058256999999999996 0
0.58836653999999999 0.42785173999999998 0
0.58859737000000001 0.29188184 0
0.58864656999999998 0.57548034000000003 0
0.58865283999999996 0.30914840999999998 0
0.58866437999999999 0.46396458000000002 0
0.58868372999999996 0.63651354999999998 0
0.58896013999999997 0.74704930999999997 0
0.58897442 0.52418712000000001 0
0.58900403999999995 0.21066767 0
0.58905812999999996 0.46687293000000002 0
0.58906194000000001 0.97045667000000002 0
0.58920824000000005 0.90420255999999999 0
0.58928535999999998 0.75873539999999995 0
0.58932636999999999 0.047064990000000001 0
0.58934664999999997 0.77929004999999996 0
0.58940002999999996 0.0937389 0
0.58945923 0 0
0.58957521999999996 0.035210239999999997 0
0.58966905999999997 0.20480424999999999 0
0.58974892999999995 0.054093210000000003 0
0.58977657000000006 0.88992696999999998 0
0.58979387000000005 0.40274901000000002 0
0.58979579999999998 0.87607385000000004 0
0.58985648999999996 0.62806163999999998 0
0.58988741 0.57506420999999996 0
0.58993801999999995 0.71328652000000003 0
0.59017885000000003 0.30500194000000003 0
0.59020845 0.87284110000000004 0
0.59021491000000004 0.02520638 0
0.59028588999999998 0.70081926000000005 0
0.59035170999999997 0.47619863000000001 0
0.59043007000000003 0.51804673000000001 0
0.59052828000000002 0.33476802 0
0.59056405000000001 0.33670045999999998 0
0.59056575 0.61490931999999998 0
0.59062453000000004 0.59660356999999997 0
0.59062977000000005 0.93979743000000004 0
0.59070454999999999 0.50658787999999999 0
0.59088366000000003 0.46711450999999998 0
0.59096504000000005 0.081851640000000003 0
0.59097935000000001 0.43331136999999997 0
0.59098751999999999 0.057919949999999998 0
0.59108651000000001 0.66578519999999997 0
0.59118459000000001 0.63209530999999997 0
0.59132836 1 0
0.59135561999999997 0.50157240999999997 0
0.59143957999999996 0.70844525999999997 0
0.59148862000000002 0.41067616000000001 0
0.59154370999999994 0.72467320000000002 0
0.59158321999999997 0.80776318999999996 0
0.59171077000000005 0.60706325999999999 0
0.59173671000000005 0.51116784000000004 0
0.59175323000000002 0.51345799000000003 0
0.59178569000000003 0.24375383 0
0.59184574999999995 0.43380840999999998 0
0.59214299000000004 0.99834343000000003 0
0.59222216999999999 0.83706354000000005 0
0.59223042000000004 0.05242749 0
0.59238184999999999 0.90446766999999995 0
0.59242145999999996 0.31253944 0
0.59250462999999998 0.78847849999999997 0
0.59250477999999995 0.43742153 0
0.59257828000000001 0.047768400000000003 0
0.59260228999999998 0.63591072999999998 0
0.59265857 0.13868401999999999 0
0.59269740000000004 0.22133232999999999 0
0.59277831999999997 0.031673229999999997 0
0.59278428000000005 0.29345810999999999 0
0.59280646000000004 0.23806828999999999 0
0.59283799999999998 0.48947087 0
0.59299314000000003 0.30101826999999998 0
0.59300408000000004 0.92236982000000001 0
0.59308194000000003 0.77604481000000003 0
0.59310980999999996 0.79877065999999997 0
0.59314286999999999 0.91762951000000004 0
0.59322185000000005 0.60932609999999998 0
0.59324142999999996 0.66440964000000002 0
0.59332461000000003 0.29019293000000002 0
0.59337198000000002 0.15267702 0
0.59349470000000004 0.47279200999999998 0
0.59363531999999997 0.35834629000000001 0
0.59368076000000003 0.34233342999999999 0
0.59371680999999998 0.99651115999999995 0
0.59372164999999999 0.87542231999999998 0
0.59375394999999997 0.78492823 0
0.59392310000000004 0.097000349999999999 0
0.59400573999999995 0.75350832000000001 0
0.59408475000000005 0.70764404000000003 0
0.59413351000000003 0.60963716000000001 0
0.59419593000000004 0.26562956999999998 0
0.59421254999999995 0.20727149 0
0.59438869999999999 0.88303933000000001 0
0.59444589000000003 0.87173016999999997 0
0.59455809000000004 0.35311778999999999 0
0.59455952000000001 0.24164363 0
0.59461333999999999 0.083902320000000002 0
0.59468659000000001 0.86277844000000004 0
0.59479857999999997 0.69672626999999998 0
0.59479998999999995 0.63697778999999999 0
0.59480264000000005 0.75779518000000001 0
0.59492471000000002 0.08031489 0
0.59496380999999998 0.47077371000000001 0
0.59497303000000001 0.0091267699999999993 0
0.59509559000000001 0.50883515000000001 0
0.59510573 0.13667435999999999 0
0.59512715000000005 0.65409492000000002 0
0.59515631000000002 0.43527936 0
0.59518797000000001 0.75020182000000002 0
0.59534602000000003 0.46927216999999999 0
0.59536206000000003 0.56610634000000004 0
0.59536588000000001 0.76107133000000005 0
0.59541379000000005 0.0068277700000000004 0
0.59542868000000004 0.43867102000000002 0
0.59543716000000002 0.073794639999999995 0
0.59546005000000002 0.60582208000000004 0
0.59554366999999997 0.02854611 0
0.59560314000000003 0.45220526 0
0.59569662999999995 0.21106427999999999 0
0.59588655000000001 1 0
0.59591114000000001 0.65624811999999999 0
0.59602054999999998 0.9993126 0
0.59608879000000004 0.064971059999999997 0
0.59611287000000002 0.083268889999999998 0
0.59613331999999997 0.96964711000000003 0
0.59613864999999999 0.45620124000000001 0
0.59630004999999997 0.51249412000000005 0
0.59631637999999998 0.97925284999999995 0
0.59640561000000003 0.32712662999999997 0
0.59666176999999998 0.93091791999999995 0
0.59675047000000003 0.73540879999999997 0
0.59675915000000002 0.26434531 0
0.59678434000000002 0.65729990000000005 0
0.59680422 0.51701443999999996 0
0.59682161 0.68576629 0
0.59687942999999999 0.66636921000000005 0
0.59688576999999998 0.25625469000000001 0
0.59714544999999997 0.42036741999999999 0
0.59717474999999998 0.74584653999999995 0
0.59717737999999998 0.12435771 0
0.59725592999999999 0.090759530000000005 0
0.59726745000000003 0.82195910000000005 0
0.59727204 0.16281931999999999 0
0.59735967000000001 0.11576537000000001 0
0.59739651000000005 0.23167020999999999 0
0.59740230999999999 0.40881890999999998 0
0.59744847000000001 0.59160824999999995 0
0.59748667 0.9267647 0
0.59761474000000003 0.57965937000000001 0
0.59765944000000004 0.04473974 0
0.59769583000000004 0.55350697000000004 0
0.59772725000000004 0.45029226999999999 0
0.59774581000000004 0.061844540000000003 0
0.59786649000000003 0.17556331 0
0.59792484999999995 0.92933454000000004 0
0.59800977 0.56027775000000002 0
0.59807648000000002 0.14744133000000001 0
0.59818789999999999 0.47929179999999999 0
0.59823835999999997 0.67321065999999996 0
0.59828020999999998 0.34807834999999998 0
0.59828062000000004 0.017522590000000001 0
0.59832204 0.30790274000000001 0
0.59832344000000004 0.21598961 0
0.59832483999999997 0.86869624999999995 0
0.59841858999999997 0.24085994999999999 0
0.59843555000000004 0.094498600000000002 0
0.59855411000000003 0.87246528000000001 0
0.59865400999999996 0.17042657999999999 0
0.59865442999999996 0.57343007999999995 0
0.59866341999999995 0.0041891599999999999 0
0.59867678999999996 0.47574850000000002 0
0.59872915000000004 0.65332391999999995 0
0.59874711999999997 0.15998897000000001 0
0.59877015 0.48926383000000001 0
0.59882802999999996 0.67428056000000003 0
0.59887625 0 0
0.5989314 0.59169974999999997 0
0.59895131000000001 0.25310325 0
0.59896017000000001 0.76491290000000001 0
0.59899877000000001 0.54946331999999998 0
0.59901713999999995 0.27976258999999998 0
0.59907969999999999 0.89314917999999999 0
0.59919982000000005 0.58311621000000002 0
0.59928068000000001 0.99888767000000001 0
0.59928665000000003 0.31970530000000003 0
0.59929034999999997 0.99030151 0
0.59938575000000005 0.084345530000000002 0
0.59946968 0.94376400000000005 0
0.59953029000000002 0.69669963000000001 0
0.59971268 0.38268706000000002 0
0.59974881999999996 0.66103305999999995 0
0.59980142000000003 0.44029091999999997 0
0.59982882000000004 0.48136043000000001 0
0.59994327000000003 0.069105879999999995 0
0.60005702999999999 0.015836070000000001 0
0.60008645000000005 0.86050866999999998 0
0.6001765 0.21495459 0
0.60021078000000005 0.12335351999999999 0
0.60029774999999996 0.29783946 0
0.60031988999999997 0.91166654999999996 0
0.60040727000000005 0.70115174999999996 0
0.60045282 0.95341498999999996 0
0.60062671000000001 0.54375368000000002 0
0.60064037999999997 0.68654400000000004 0
0.60069452999999995 0.89226072000000001 0
0.60076797000000004 0.063779219999999998 0
0.60077966999999999 0.3803436 0
0.60083918000000003 0.28640160999999997 0
0.60085648999999997 0.47627104999999997 0
0.60100843999999998 0.077875890000000003 0
0.60108108000000005 0.93175284000000003 0
0.60121179999999996 0.36322680000000002 0
0.60124506 0.095305070000000006 0
0.60133550999999996 0.099698949999999995 0
0.60137065999999995 0.96819427999999996 0
0.60139197 0.14055153000000001 0
0.60141374000000003 0.19096568999999999 0
0.60142976999999997 0.98385307 0
0.60144986 0.64084074999999996 0
0.60155751000000002 0.17351660999999999 0
0.60156995000000002 1 0
0.60158710999999998 0.93338847000000003 0
0.60161394999999995 0.72466680000000006 0
0.60164804999999999 0.79677308999999996 0
0.60165862999999997 0.74080893000000003 0
0.60171366999999998 0.44480339000000002 0
0.60171432999999996 0.93225248000000005 0
0.60171436 0.63358645000000002 0
0.60173723999999995 0.18147012000000001 0
0.60178469999999995 0.57306595000000005 0
0.60180564000000003 0.86517858000000003 0
0.60182270000000004 0.084345779999999995 0
0.60182676999999996 0.88089552000000004 0
0.60186446000000005 0.18161260000000001 0
0.60189656000000002 0.99872797000000002 0
0.60191437000000003 0.92340107000000005 0
0.60207767999999995 0.88621841999999995 0
0.60209179000000002 0.76415825000000004 0
0.60211040000000005 0.21901056999999999 0
0.60223225999999996 0.71244452000000003 0
0.60224124000000001 0.87219091000000004 0
0.60225397000000003 0.20467659999999999 0
0.60240510999999997 0.28911372000000002 0
0.60244012999999996 0.089823219999999995 0
0.60244668999999995 0.35048625999999999 0
0.60245543000000001 0.57918104000000004 0
0.60255437000000001 0.67194507999999997 0
0.60259196999999998 0.57824339999999996 0
0.60276213999999995 0.14292273999999999 0
0.60284227000000001 0.19218117000000001 0
0.60290288999999997 0.90573464000000004 0
0.60294654000000003 0.42451749 0
0.60295237000000002 0.75836186000000005 0
0.60300721000000002 0.065470719999999996 0
0.60304809000000004 0.79658490000000004 0
0.60307869999999997 0.50723722000000004 0
0.60308934000000003 0.82336233999999997 0
0.60310116000000003 0.51368469999999999 0
0.60319259999999997 0.0094462699999999997 0
0.60329034999999998 0.26026032999999998 0
0.60331738999999995 0.15907529000000001 0
0.60335947000000001 0.28701048000000001 0
0.60337054000000001 0.33929622999999998 0
0.60338164000000005 0.84460228000000004 0
0.60343016999999999 0.38168374999999999 0
0.60345802000000004 0.59347777000000002 0
0.60348597000000004 0.83171624 0
0.60353210999999996 0.47051501000000001 0
0.60367667000000003 0.84941381000000005 0
0.60376054999999995 0.97868012000000004 0
0.60391253 0.38027938 0
0.60392120000000005 0.84046608 0
0.60409051999999996 0.060490740000000001 0
0.60409692999999998 0.22583543 0
0.60414144999999997 0.29637037999999999 0
0.60425004000000004 0.91845063000000005 0
0.60428819 0.32740923999999999 0
0.60442068000000004 0.86017617999999996 0
0.60442909 0.22663279 0
0.60445665999999998 0.58549028999999997 0
0.60468862000000001 0.38488560999999999 0
0.60483138999999997 0.37117491000000002 0
0.60484046000000002 0.87889733000000003 0
0.60487749999999996 0.83493238999999997 0
0.60493786000000005 0.91386031000000001 0
0.60506234000000003 0.48243835000000002 0
0.60509847000000005 0.62613202000000001 0
0.60511908000000003 0.64317427999999999 0
0.60523890000000002 0.25994544000000003 0
0.60532341999999995 0.49319439999999998 0
0.60552645999999999 0.18716488000000001 0
0.60559384000000005 0.80273991 0
0.60566204999999995 0.25374776999999998 0
0.60575416999999998 0.071098529999999993 0
0.60583049 0.77730005000000002 0
0.60588131000000001 0.53570326000000001 0
0.60590003999999997 0.091952900000000004 0
0.60591207999999996 0.41155313999999998 0
0.60597213999999999 0.72866631000000004 0
0.60598982000000001 0.83086694999999999 0
0.60611629 0.45438273000000001 0
0.60614102999999997 0.90650255999999996 0
0.60621468000000001 0.50938983999999998 0
0.60629135000000001 0.15655864 0
0.60629619999999995 0.086411349999999998 0
0.60633181000000003 0.63026212000000004 0
0.60635329000000004 0.77780351000000003 0
0.60647311999999998 0.071990090000000007 0
0.60648488 0.37013242000000002 0
0.60649565999999999 0.78591484 0
0.6067439 0.13176409 0
0.6068095 0.19572593999999999 0
0.60682354000000005 0.66121613000000001 0
0.60693417000000005 0.35324404999999998 0
0.60703949999999995 0.81087706999999998 0
0.60709866999999995 0.78761592000000002 0
0.60719411999999995 0.99266398 0
0.60726732999999999 0.77236981000000005 0
0.60730605000000004 0.089284269999999999 0
0.60731550000000001 0.84118018999999999 0
0.60736171000000005 0.57057648000000005 0
0.60739326999999999 0.18707251 0
0.60742636999999999 0.31292977999999999 0
0.60746058000000003 0.89487150000000004 0
0.60748164000000004 0.78362602999999997 0
0.60749242999999997 0.64255015999999998 0
0.60750424000000003 0.077775639999999993 0
0.60757086999999999 0.50521908999999998 0
0.60767241000000005 0.62581458999999995 0
0.60777031999999998 0.79946892000000003 0
0.60784899999999997 0.2129055 0
0.60804698999999995 0.73805852000000005 0
0.60808386000000003 0.69969705999999998 0
0.60808803 0.23387759999999999 0
0.60825801999999995 0.024915360000000001 0
0.60826312000000005 0.47954103999999997 0
0.60827094000000004 0.96970798999999996 0
0.60829177000000001 0.25783672000000002 0
0.60842911 0.98807038999999997 0
0.60846060999999996 0.29483737999999998 0
0.60846712999999997 0.10853473 0
0.60847781999999995 0.36303507000000002 0
0.60861611999999998 0.60548840999999998 0
0.60862676999999998 0.12506047000000001 0
0.60866944999999995 0.44467191 0
0.60871352999999995 0.16709139000000001 0
0.60889064000000004 0.53946006999999996 0
0.60891167999999996 0.40246292 0
0.60897299000000005 0.29742351 0
0.60901901999999997 0.34196590999999998 0
0.60901910999999997 0.54489544999999995 0
0.60908892000000003 0.34392978000000002 0
0.60911479000000002 0.29815108000000001 0
0.60912275000000005 0.31872334000000002 0
0.60912580999999999 0.41666656000000002 0
0.60914411999999996 0.81966499000000004 0
0.60921185 0.10370144000000001 0
0.60926166999999998 0.37638883000000001 0
0.60934829999999995 0.0216837 0
0.60935234999999999 0.46651289000000001 0
0.60936825999999999 0.24910687000000001 0
0.60937403999999995 0.80250600000000005 0
0.60951001000000005 0.01625339 0
0.60954425000000001 0.077238760000000004 0
0.99887097000000002 0.91795444999999998 0
0.60977442000000004 0.19334825 0
0.60980204000000005 0.66700713 0
0.60998417999999999 0.48503158000000002 0
0.60999499999999995 0.49781008999999998 0
0.61013287000000005 0.047121799999999998 0
0.61032209999999998 0.86872285000000005 0
0.61037275999999996 0.96823093000000005 0
0.61038256999999996 0.22721846000000001 0
0.61041389999999995 0.42756657999999997 0
0.61053259999999998 0.88887563000000003 0
0.61055334999999999 0.53743456999999994 0
0.61058776000000003 0.46506772000000002 0
0.61059870999999999 0.38059343000000001 0
0.61063654000000001 0.50541787999999999 0
0.61066772999999996 0.68449126000000005 0
0.61079234999999998 0.53093612000000001 0
0.61085358000000001 0.90746895999999999 0
0.61087349999999996 0 0
0.61088295999999997 0.42274025999999998 0
0.61095597000000001 0.56965118999999997 0
0.61107290000000003 0.82995938000000002 0
0.61108642000000002 0.69802529000000002 0
0.61109254000000002 0.62460093999999999 0
0.61114606999999999 0.37041843000000002 0
0.61118245999999998 0.24707641 0
0.61118578000000001 0.29438122 0
0.61120300000000005 0.54993628000000006 0
0.61125894999999997 0.025904750000000001 0
0.61136380999999995 0.81192927000000004 0
0.61141608000000003 0.72778259000000001 0
0.61149576000000005 0.44132255999999997 0
0.61154092000000004 0.18217137999999999 0
0.61159213000000001 0.65462907000000004 0
0.61164056 0.65925144000000002 0
0.61177658999999995 0.75728030999999996 0
0.61182820000000004 0.40966489 0
0.61186737999999996 0.66753012 0
0.61189294999999999 0.17075821999999999 0
0.61194789000000005 0.13981494999999999 0
0.61196313000000002 0.67560443000000003 0
0.61205116999999998 0.40479826000000002 0
0.61217602999999998 0.17136103999999999 0
0.61218368999999995 0.63119289999999995 0
0.61222441000000005 0.44307542 0
0.61226228999999999 0.85917275000000004 0
0.61244505999999999 0.74676292 0
0.61244549999999998 0.21590097 0
0.61250135999999999 0.12734722000000001 0
0.61251825999999998 0.57405821000000001 0
0.61265731999999995 0.05836214 0
0.61269298000000005 0.021841139999999998 0
0.61269399999999996 0.20063817 0
0.61271651000000005 0.38142925 0
0.61271677000000002 0.73674298999999999 0
0.61272868999999996 0.86854752999999996 0
0.61276746000000004 0.71638497000000001 0
0.61278732999999996 0.95619312000000001 0
0.61279203999999998 0.77534537999999997 0
0.61280292999999997 0.45994549000000001 0
0.61283712999999995 0.56853136000000004 0
0.61288931999999996 0.23358565000000001 0
0.61293326999999997 0.15554182999999999 0
0.61294174000000001 0.24614989000000001 0
0.61297380000000001 0.63755925999999996 0
0.61315319999999995 0.78138792999999995 0
0.61319539999999995 0.55328268999999997 0
0.61325236000000005 0.20624355999999999 0
0.61333883 0.44744047999999997 0
0.61338855000000003 0.83788680999999998 0
0.61342145000000003 0.09244086 0
0.61342375999999998 0.39004633 0
0.61353764 0.45667990000000003 0
0.61356027000000002 0.67533434000000003 0
0.61356255999999998 0.54014278000000004 0
0.61358285000000001 0.48356419 0
0.61368739999999999 0.87468446 0
0.61372302999999995 0.20083541999999999 0
0.61373728999999999 0.61998419000000005 0
0.61373812000000005 0.74672530000000004 0
0.61376317999999996 0.81707445000000001 0
0.61376569999999997 0.87127520999999997 0
0.61383270999999995 0.49830986999999999 0
0.61390918000000005 0.32526732000000003 0
0.61393682000000005 0.068057099999999995 0
0.61401556000000002 0.27508855999999998 0
0.61402053999999995 0.73798114000000004 0
0.61404413999999996 0.083747180000000004 0
0.61404961000000002 0.051388089999999997 0
0.61407509000000005 0.40040505999999998 0
0.61419725999999997 0.18667201 0
0.61429792000000005 0.78935982999999998 0
0.61438758000000004 0.78579763000000002 0
0.61440181999999999 0.34598307 0
0.61443223000000002 0.34550846000000002 0
0.99938861999999995 0.56817823000000001 0
0.61446849999999997 0.70627050000000002 0
0.61451113999999996 0.14828321999999999 0
0.61452485000000001 0.35152940999999999 0
0.61458577000000003 0.76149513999999996 0
0.61459629999999998 0.13409062999999999 0
0.61470354999999999 0.61125728000000001 0
0.61494053999999998 0.82786881999999995 0
0.61524860999999997 0.29106241999999999 0
0.61530225999999999 0.58244428999999998 0
0.61532054000000003 0.43361748999999999 0
0.61533837000000002 0.21761435000000001 0
0.61535269999999997 0.82595879999999999 0
0.61553782999999995 0.082197530000000005 0
0.61564775999999999 0.23869030999999999 0
0.61568935000000002 0.86623351000000004 0
0.61569594999999999 0.73222538999999998 0
0.61570190000000002 0.1098459 0
0.61580778000000003 0.91066148999999996 0
0.61585241000000002 0.23769989 0
0.61592356999999998 0.027075689999999999 0
0.61593732000000001 0.21444236 0
0.61599601000000004 0.33777156000000003 0
0.61603779999999997 0.31024815 0
0.61605529999999997 0.016181899999999999 0
0.61607111000000003 0.23269640999999999 0
0.61618130000000004 0.21500412999999999 0
0.61621886999999997 0.99151745999999996 0
0.61632838999999995 0.97272714999999998 0
0.61634621000000001 0.25498855999999998 0
0.61635317000000001 0.31404594000000002 0
0.61636893999999998 0.44385550000000001 0
0.61646707999999995 0.4960349 0
0.61652808999999997 0.85572289000000001 0
0.61658725000000003 0.80995055999999999 0
0.61661626000000003 0.87851743999999998 0
0.61664989000000003 0.73588377000000005 0
0.61674695999999996 0.099557350000000003 0
0.61678548 0.41560981000000002 0
0.61681995000000001 0.99771714 0
0.61699026999999995 0.72633099000000001 0
0.61699683999999999 0.85394477999999996 0
0.61729210000000001 0.44893033999999998 0
0.61731004 0.61091192999999999 0
0.61735178000000002 0.96453893999999996 0
0.61737710999999995 0.14036334 0
0.61740408999999996 0.46039240999999997 0
1 0.55780280000000004 0
0.61751226000000004 0.70973399999999998 0
0.61751462000000001 0.63146910000000001 0
0.61765389000000004 0.70492007999999995 0
0.61768816999999998 0.882212 0
0.61771604000000002 0.10307848999999999 0
0.61777453000000004 0.92426461999999998 0
0.61781507000000002 0.56720948000000004 0
0.61787186999999999 0.79089030999999999 0
0.61799466999999997 0.50951663999999997 0
0.61805160000000003 0.77580086000000004 0
0.61807451999999996 0.24142240000000001 0
0.61810825999999996 0 0
0.61825843000000003 0.65151786 0
0.61826504999999998 0.86618212000000006 0
0.61831369999999997 0.77775192000000004 0
0.61832746000000005 0.0076189400000000003 0
0.61843539000000003 0.10477032999999999 0
0.61846506000000001 0.82398022999999998 0
0.61848475000000003 0.73593964999999995 0
0.61856599999999995 0.20485887 0
1 1 0
0.61892603999999996 0.036315100000000003 0
0.61903136000000003 0.80001816000000003 0
0.61906702999999996 0.97865857999999994 0
0.61909159999999996 0.21946145 0
0.6191873 0.96758653999999999 0
0.61935094000000002 0.47091612999999999 0
0.61937664999999997 0.57146852000000004 0
0.61943437999999995 0.30564522999999999 0
0.61949734000000001 0.79947035 0
0.61950075000000004 0.70046777999999998 0
0.61963102000000003 0.31090527000000001 0
0.61963875000000002 0.45267604 0
0.61972855000000004 0.56914165999999999 0
0.61982462000000005 0.84956960000000004 0
0.61982788 0.10971905999999999 0
0.61984581000000005 0.054569369999999999 0
0.61986015999999999 0.84267265000000002 0
0.61993673999999999 0.42771809 0
0.62001576000000003 0.53345697000000003 0
0.62009862000000004 0.35179906999999999 0
0.62016236999999996 0.86704851000000005 0
0.62028137999999999 0.29705241999999998 0
0.62035514000000003 0.63962521999999999 0
0.62052189000000002 0.3357386 0
0.62055207999999995 0.63231713000000001 0
0.62057680999999998 0.1044033 0
0.62064010999999997 0.39043624999999998 0
0.62070765999999999 0.56219653999999997 0
0.62075486999999996 0.28627891 0
0.62080780999999996 0.070854739999999999 0
0.62082634000000003 0.49653853999999997 0
0.62100506 0.68743725 0
0.62101719 0.095469639999999995 0
0.62109950999999997 0.76941767000000005 0
0.62120713000000005 0.70023289 0
0.62121804999999997 0.77267556000000004 0
0.62123119999999998 0.33911458 0
0.62128439999999996 0.50046820000000003 0
0.62129086 0.58853485999999999 0
0.62134703000000002 0.66875547999999996 0
0.62137810999999998 0.40732504000000003 0
0.62147668 0.072941679999999995 0
0.62150249000000002 0.48292663000000002 0
0.62152025 0.76575203999999997 0
0.62156222999999999 0.1209013 0
0.98001386000000001 0.67327141999999995 0
0.62158223999999995 0.17181225999999999 0
0.62159819000000005 0.79153857000000005 0
0.62163908000000001 0.35918611 0
0.62171611000000004 0.04381529 0
0.62173685000000001 0.46700854000000003 0
0.62174538999999995 0.27096556999999999 0
0.62181140000000001 0.74236774999999999 0
0.62210659000000001 0.35289601999999998 0
0.62217639000000002 0.34436457999999998 0
0.62221813000000004 0.94724341999999995 0
0.62232144 0.088545399999999996 0
0.62255168999999999 0.40520623 0
0.62267366999999996 0.23617812999999999 0
0.62269759999999996 0.19540816 0
0.62273729 0.13333283000000001 0
0.62276814000000003 0.28247140999999998 0
0.62287711000000001 0.39482926000000002 0
0.62289185000000002 0.80561174999999996 0
0.62290900999999999 0.48846321999999998 0
0.62293301999999995 0.89153269999999996 0
0.62297159000000002 0 0
0.62299378000000005 0.01458577 0
0.62308923000000005 0.49481498000000002 0
0.62311101000000002 0.19558698999999999 0
0.62312679999999998 0.54358428000000003 0
0.62320578999999998 0.92744090999999995 0
0.62323200999999995 0.55674853999999996 0
0.62325785 0.60666306999999997 0
0.62341128999999995 0.74620615000000001 0
0.62345494999999995 0.27887656999999999 0
0.62353873000000004 0.50476666999999997 0
0.62365274000000004 0.14359316 0
0.62372813000000005 0.075512410000000002 0
0.62379077000000005 0.73305301 0
0.62379963999999999 0.76355024999999999 0
0.62383756999999995 0.31408986 0
0.62387009000000004 0.84027293000000003 0
0.62389121999999997 0.0037412700000000001 0
0.62413032000000002 0.83758893999999995 0
0.62418560000000001 0.4743385 0
0.62419177999999997 0.55727687999999997 0
0.62420845999999997 0.063189549999999997 0
0.98123154000000001 0.16292618 0
0.62428117000000005 0.36013269999999997 0
0.62433459000000002 0.35210477000000001 0
0.62443766000000001 0.0072997899999999996 0
0.62445961000000005 0.31341859 0
0.62452098 0.88473738000000002 0
0.62454553999999995 0.5731174 0
0.62471560999999998 0.21139827 0
0.62475875999999997 0.24863734000000001 0
0.62480064999999996 0.67346532999999997 0
0.62487075999999997 0.21079223999999999 0
0.62491350000000001 0.22450666999999999 0
0.62496887999999995 0.031523259999999997 0
0.62497270000000005 0.62757295999999996 0
0.62502776999999998 0.65311633999999996 0
0.62510279999999996 0.16003490000000001 0
0.62513114999999997 0.83591534999999995 0
0.62513580999999996 0.26990704999999998 0
0.62515493 0.50215991999999998 0
0.62522942000000004 0.34723090000000001 0
0.62523647999999998 0.53149396999999998 0
0.62523826999999998 0.49189625999999997 0
0.62534774000000004 0.96682888 0
0.62545508999999999 0.50923768000000003 0
0.62545565999999997 0.60503355999999997 0
0.62556511000000004 0.52010931999999999 0
0.62564914000000005 0.78292969000000001 0
0.62567797000000003 0.66705579999999998 0
0.62581255999999996 0.79318361000000004 0
0.62586675000000003 0.40523434000000003 0
0.62587327000000004 0.45091911000000001 0
0.62588500000000002 0.28738288000000001 0
0.6259325 0.10885613 0
0.62596993000000001 0.92611195999999996 0
0.62600500000000003 0.97359231999999996 0
0.6260481 0.91618957000000001 0
0.62608964 0.047463239999999997 0
0.62611828000000003 0.067134009999999994 0
0.62614398000000004 0.62071796000000001 0
0.62622582999999998 0.80915155999999999 0
0.62631243000000003 0.50112584000000004 0
0.62640362000000005 0.45591607000000001 0
0.62641219000000004 0.96627070999999998 0
0.62644091999999996 0.98468931999999998 0
0.62673131999999998 0.84972913000000005 0
0.62678548000000001 0.48650705 0
0.62683403999999998 0.97221972999999995 0
0.62684910999999999 0.041046439999999997 0
0.62691406000000005 0.30836295000000002 0
0.62693851 0.73900363000000002 0
0.62695721999999998 0.63703684000000005 0
0.62697758000000003 0.43405447000000003 0
0.62699225999999997 0.63139192 0
0.62701941999999999 0.74025722000000005 0
0.62723408000000003 0.44712179000000002 0
1 0.40618943000000002 0
0.62746137000000002 0.52189353000000005 0
0.62753457999999995 0.38020419 0
0.62761394000000004 0.86924964000000005 0
0.62762545999999997 0.51454230999999995 0
0.62779320000000005 0.89208167999999999 0
0.62789401 0.59981795999999998 0
0.62795129999999999 0.75019891000000005 0
0.62798388000000005 0.90910769000000002 0
0.62802764 0.87999442000000005 0
0.62802851000000004 0.82068766999999998 0
0.62802963999999994 0.73984892000000002 0
0.62818213000000001 0.84679601999999998 0
0.62821788999999995 0.68132119000000002 0
0.62823545000000003 0.88620732000000002 0
0.62827630999999995 0.95527516000000001 0
0.62837195000000001 0.55633449999999995 0
0.62837918999999998 0.81802425999999995 0
0.62853055000000002 0.44618360000000001 0
0.62862602000000001 0.43277900000000002 0
0.62869945999999999 0.17634855999999999 0
0.62873758000000002 0.20216600000000001 0
0.62884191 0.91627369999999997 0
0.62884337000000001 0.15843018 0
0.62896048999999998 0.25228299999999998 0
0.62911088000000004 0.13302263 0
0.62923340000000005 0.70768240000000004 0
0.62924734999999998 0.88154540999999997 0
0.62940706000000002 0.55961950000000005 0
0.62940772 0.47924063 0
0.62960746000000001 0.40718188 0
0.62960939999999999 0.71152329999999997 0
0.62966378999999995 0.57873467999999995 0
0.62969454000000002 0.99708247999999999 0
0.62972368000000001 0.46743607999999998 0
0.62980727999999997 0 0
0.62983802 0.84529900999999996 0
0.62991494000000003 0.73468548 0
0.62994185999999996 0.22720151999999999 0
0.63014576 0.65441322999999996 0
0.63022668000000004 0.76937922999999997 0
0.63023421999999996 0.72657251 0
0.63029014000000005 0.66201460000000001 0
0.63031904999999999 0.30406401 0
0.63035814000000001 0.26594409000000002 0
0.63038444000000005 0.51378075999999995 0
0.63045222000000001 0.89264962000000003 0
0.63054452000000005 0.45354446999999998 0
0.63058455999999996 0.43460219 0
0.63076520999999997 0.73379002999999998 0
0.63076951999999997 0.28706095999999998 0
0.63086385 0.92545337000000005 0
0.63088478999999997 0.87342487000000002 0
0.63089686 0.20276637 0
0.63108794999999995 0.11446127 0
0.63114583999999996 0.98370489000000005 0
0.63114952999999996 0.59180630999999995 0
0.63122491999999997 0.67022101000000001 0
0.63131015000000001 0.24675496 0
0.63152355999999998 0.12406707 0
0.63153647999999996 0.26779062999999997 0
0.63155583999999998 0.74357187000000002 0
0.63159620999999999 0.47250296000000003 0
0.63165132000000002 0.27553171999999998 0
0.63175711000000001 0.95660869999999998 0
0.63176653999999999 0.50293876000000004 0
0.63177673999999995 0.085026969999999993 0
0.63179711999999999 0.26035369000000003 0
0.63184083000000002 0.96561375999999999 0
0.63184229999999997 0.68725919000000002 0
0.63188823000000005 0.99162108000000004 0
0.63188991999999999 0.42697462000000003 0
0.98129074999999999 0.52734365000000005 0
0.63196116999999996 0.82940943 0
0.63200268000000004 0.38455514000000002 0
0.99949248999999996 0.1734551 0
0.63210434999999998 0.061203880000000002 0
0.63210798000000001 0.71349982999999995 0
0.63222193999999998 0.74999870000000002 0
0.63222339999999999 0.18025537999999999 0
0.63229115999999996 0.31297343 0
0.63231731000000002 0.52504329999999999 0
0.63240384000000005 0.31883783999999998 0
0.63241749000000003 0.022184079999999998 0
0.63249107000000004 0.87078734999999996 0
0.63253283000000005 0.56663585999999999 0
0.98006784999999996 0.18546923000000001 0
0.63259129999999997 0.36785128 0
0.63273740999999994 0.33878667000000001 0
0.63293586999999996 0.34170032 0
0.63296262999999997 0.38194328999999999 0
0.63298896000000004 0.54973348 0
0.63310692000000002 0.31571052999999999 0
0.63314338000000003 0.64378091999999998 0
0.63317133000000003 0.28692605999999998 0
0.63323547000000002 0.57418265000000002 0
0.63326629999999995 0.69054168000000005 0
0.63330492999999999 0.20233227000000001 0
0.63338519000000004 0.70392737999999999 0
0.63341122999999999 0.70644357000000002 0
0.63346762999999995 0.57265021999999999 0
0.63353203999999996 0.78684092999999999 0
0.63354980000000005 0.72691415999999998 0
0.63355556000000002 0.32452815000000002 0
0.63396390000000002 0.67369526000000002 0
0.63401470999999998 0.44418357000000003 0
0.63401869 0.85485524000000002 0
0.63402711 0.67549733000000001 0
0.63406521999999998 0.27870395999999997 0
0.63406558999999996 0.70581263000000005 0
0.63406686000000001 0.86900630000000001 0
0.63411015000000004 0.99511406000000002 0
0.63411618999999997 0.11458868 0
0.63427538999999999 0.81158907000000002 0
0.63433273999999995 0.84875409000000002 0
0.63433499000000004 0.22762805999999999 0
0.98007376000000002 0.51955388000000002 0
0.63438455999999999 0.02417973 0
0.63449860999999996 0.84967517000000004 0
0.63453941000000003 0.50863007000000005 0
0.63460211 0.93073242 0
0.63460536000000001 0.61330839000000004 0
0.63463104999999997 0.65482154000000004 0
0.63464575999999995 0.89752578000000005 0
0.63464686999999997 0.19409402000000001 0
0.63469012000000002 0.35846688999999998 0
0.63476345000000001 0.19719283000000001 0
0.63482925999999995 0.51675382999999997 0
0.63483356999999996 0.063516989999999995 0
0.63493469000000002 0.91530001999999999 0
0.63501574000000005 0.20081024 0
0.63513215000000001 0.11902788 0
0.63513624000000002 0.75812928999999996 0
0.63516154999999996 0.14764663 0
0.63519806999999995 0.85517476000000003 0
0.63520350999999997 0 0
0.63528983999999999 0.77420021000000006 0
0.63534053999999995 0.082857970000000003 0
0.63539139 0.0036465899999999999 0
0.63547129000000002 0.91139066000000002 0
0.63547385999999995 0.39479546999999998 0
0.63550563000000004 0.86743252000000004 0
0.63551844000000002 0.1808642 0
0.63552408000000005 0.58556728000000002 0
0.63576697999999998 0.99696596999999998 0
0.63583434999999999 0.48619741999999999 0
0.63591293999999998 0.94024843000000002 0
0.63593250999999995 0.56289781000000005 0
0.63598387999999995 0.88991456000000002 0
0.63599777000000002 0.34022887000000002 0
0.63605354000000003 0.076424599999999995 0
0.63610535000000001 0.94644711999999998 0
0.63617095999999995 0.33270749999999999 0
0.63644595999999998 0.28004846 0
0.63669363999999995 0.30055968999999999 0
0.63672870000000004 0.015414000000000001 0
0.63676652 0.014930850000000001 0
0.63678484999999996 0.20937439999999999 0
0.63679377999999998 0.57090677999999995 0
0.63684094000000002 0.54960677000000002 0
0.63695067999999999 0.97080054000000005 0
0.63695261999999997 0.30914760000000002 0
0.63702086999999996 0.74316245999999997 0
0.63703547999999999 0.74855621999999999 0
0.63706834999999995 0.59219436999999997 0
0.63709526000000005 0.34673436000000002 0
0.63714605000000002 0.95835347999999998 0
0.63725409 0.42351708999999998 0
0.63725467999999996 0.28586731999999998 0
0.63730233999999997 0.89079491 0
0.63734411999999996 0.50275612999999997 0
0.63736559999999998 0.70308199999999998 0
0.63744825000000005 0.78620027000000003 0
0.63749533000000003 0.054064950000000001 0
0.63751588000000003 0.50072949 0
0.63760227999999997 0.70677584000000004 0
0.63784459000000004 0.14222370000000001 0
0.63785400999999997 0.85259702000000004 0
0.63787517999999999 0.72267201999999997 0
1 0.48112726 0
0.63792223000000003 0.17969751 0
0.63798109000000003 0.94647906000000004 0
0.63800641999999996 0.65389856000000002 0
0.63801679 0.44919010999999998 0
0.63805637999999998 0.94802489000000001 0
0.63807353 0.057093999999999999 0
0.63813693999999999 0.60626447999999999 0
0.63814992999999998 0.66588921000000001 0
0.63827721999999998 0.96316458000000005 0
0.63844864999999995 0.83121537000000001 0
0.63848417999999996 0.71846180000000004 0
0.63853119000000003 0.35341074 0
0.63859173000000002 0.42897791000000002 0
0.63860737999999995 0.41734322000000001 0
0.63892099000000002 0.046961879999999998 0
0.63892420999999999 0.69440641000000003 0
0.63899627999999997 0.33439722 0
0.63901196999999998 0.52239888000000001 0
0.63913593999999996 0.89816671999999997 0
0.63922869000000004 0.071611060000000004 0
0.63933043000000001 0.86479377999999996 0
0.63951917000000003 0.77938386999999998 0
0.63952569000000004 0.17599806000000001 0
0.63963239999999999 0.17919837 0
0.63970731000000003 0.28347503000000002 0
0.63978966000000004 0.10614076 0
0.63982116 0.44887566000000001 0
0.63992621000000005 0.69023488 0
0.64005442000000001 0.78226245999999999 0
0.64009022000000004 0.078582579999999999 0
0.64012040999999997 0.10869089999999999 0
0.64012521 0.98574439999999997 0
0.64017597000000004 0.54415230000000003 0
0.64025569999999998 0.35175884000000002 0
0.64031961000000004 0.32437829000000001 0
0.64036979000000005 0.51665547999999994 0
0.98225700000000005 0.23434490999999999 0
0.64060828000000003 0.23983339000000001 0
0.64061727000000002 0.91043123000000004 0
0.64065116 0.63836250999999999 0
0.64070302999999995 0.71810395000000005 0
0.64070888999999998 0.20489650000000001 0
0.64071206999999997 0.73029949999999999 0
0.64077487 0.91755748999999998 0
0.64085638 0.81721266999999997 0
0.64085952999999996 0.93293448000000001 0
0.64086275000000004 0.87023236000000004 0
0.64089737999999996 0.80551170000000005 0
0.64103080000000001 0.43966877999999998 0
0.64105403000000005 0.39361847 0
0.64111008000000003 0.54711873 0
0.64112935999999998 0.57997242999999998 0
0.64118750000000002 0.18199584999999999 0
0.64118872999999998 0.19930563000000001 0
0.64132613000000005 0.58252634999999997 0
0.64133083999999996 0.93149378000000005 0
0.64135547999999998 0.56237022999999997 0
0.64135604999999996 0.85446630000000001 0
0.64150048000000004 0.59080871999999995 0
0.64152016000000001 0.63014369999999997 0
0.64153327000000004 0.43061790999999999 0
0.64157266000000002 0.27611198999999997 0
0.64159124999999995 0.60446677000000004 0
0.64162889999999995 0.24658282000000001 0
0.64165026000000003 0.84884632999999998 0
0.64167823000000002 0.11831141000000001 0
0.64168787999999999 0.45840483999999998 0
0.64182185000000003 0.072956519999999997 0
0.64183316999999995 0.1872077 0
0.64184585000000005 0.90167688999999995 0
0.64186136999999999 0.49581731000000001 0
0.64188389000000001 0.75387243000000004 0
0.99996803000000001 0.72202226999999997 0
0.64203628000000001 0.55063715999999996 0
0.64218531999999995 0.46464181999999998 0
0.64219075000000003 0.94067202000000005 0
0.64219194999999996 0.61758292000000004 0
0.64233393999999999 0.25489000000000001 0
0.64234957999999998 0.10944809 0
0.64244972 0.86170528999999996 0
0.64247577 0.1081215 0
0.64250309999999999 0.71778620999999998 0
0.64251214000000001 0.26365171999999998 0
0.64257370000000003 0.75217429999999996 0
0.64257609999999998 0.91167653000000004 0
0.64258473999999999 0.66842016000000004 0
0.64260866999999999 0.61061341000000002 0
0.64261734000000004 0.36216934000000001 0
0.64263868999999996 0.23403471000000001 0
0.64266109000000005 0.77614335999999995 0
0.98140483000000001 0.53652365999999996 0
0.64279235000000001 0.20298474999999999 0
0.64279702999999999 0.41156073999999998 0
0.64279724999999999 0.59398223000000006 0
0.64289379000000002 0.91346039999999995 0
0.64297234000000003 0.096360440000000006 0
0.64307820999999998 0.40069821 0
0.64313120999999995 0.36134537 0
0.64314254999999998 0.28239662999999998 0
0.64321410999999995 0.56074614 0
0.64329815000000001 0.44791792000000002 0
0.64332102999999996 0.63689812000000001 0
0.64338806000000004 0.24113092999999999 0
0.64338932999999998 0.083862119999999998 0
0.64340076000000002 0.28683545999999999 0
0.64342984999999997 0.90103787999999996 0
0.64345554000000005 0.28270392 0
0.64352913 0.92863801000000001 0
0.64366175999999997 0.85746235000000004 0
0.64368694000000004 0.12993076000000001 0
0.64369783000000003 0.26340659 0
0.64370808000000002 0.26981876999999999 0
0.64372273999999996 0.96079471000000005 0
0.64373044000000001 0.98433263000000004 0
0.64376591999999999 0.07339416 0
0.64378513999999998 0.54138244000000002 0
0.64389198999999997 0.39142806000000002 0
0.64404623999999999 0.94141224999999995 0
0.64407387999999999 0.35466435000000002 0
0.64410109000000004 0.11908050000000001 0
0.64422606999999998 0.88034553000000004 0
0.64424022000000003 0.78658096 0
0.64426956000000002 0.58731272999999995 0
0.64432464 0.66377386999999999 0
0.64435330000000002 0.080717839999999999 0
0.64435629999999999 0.61740254999999999 0
0.64448240000000001 0.87357521000000005 0
0.64457929999999997 0.96463116999999998 0
0.64459548 0.42210455000000002 0
0.64468718999999997 0.013678910000000001 0
0.64472404999999999 0.45939839999999998 0
0.64475340000000003 0.16260374 0
0.64483683000000003 0.078557600000000005 0
0.64485073000000004 0.13701098 0
0.64485835000000002 0.81246231999999996 0
0.64488778000000002 0.34178688000000002 0
0.64488813 0.13615724000000001 0
0.64490152000000001 0.67029598000000001 0
0.64490877999999996 0.070037740000000001 0
0.64494247000000005 0.59209102000000002 0
0.64499448000000004 0.40760468999999999 0
0.64504311999999997 0.74437039000000005 0
0.64508376000000001 0.97300131999999995 0
0.99957958999999996 0.19375605000000001 0
0.64526329999999998 0.46988967999999998 0
0.64540383999999995 0.054247570000000002 0
0.64543744000000003 0.57714094999999999 0
0.64551435999999995 0.78121602000000001 0
0.64554971000000005 0.22836769000000001 0
0.64556628000000005 0.095155139999999999 0
0.64565355000000002 0.73633451999999999 0
0.64573128000000002 0.64414775999999996 0
0.64573446000000001 0.26282074999999999 0
0.64577976999999998 0.57508429999999999 0
0.64578217999999998 0.96668136999999998 0
0.64583203 0.51758503 0
0.64586863999999999 0.079946119999999996 0
0.64588413 1 0
0.64589461999999997 0.73505878999999996 0
0.64603041999999999 0.65743600000000002 0
0.64604494999999995 0.53310723000000004 0
0.64618052000000004 0.59964101999999997 0
0.64621143999999997 0.81401351 0
0.64621275 0.14781011999999999 0
0.64623403000000001 0.70062851000000004 0
0.64624435000000002 0.096875180000000005 0
0.64625674 0.56114359999999996 0
0.64641364000000001 0.53169595999999997 0
0.64645607999999999 0.49226827000000001 0
0.64647096000000004 0.85259074999999995 0
0.64648300999999997 0 0
0.64648642000000001 0.6243649 0
0.64653837999999997 0.011490159999999999 0
0.64666798999999997 0.86916183000000002 0
0.98012328999999998 0.12497643 0
0.64672781000000001 0.4735393 0
0.64676080000000002 0.49962803 0
0.64680141000000002 0.35347235999999999 0
0.64687402999999999 0.94037965999999995 0
0.64704419000000002 0.65544838999999999 0
0.64706651999999998 0.65984067999999996 0
0.64707917999999998 0.88149734000000002 0
0.64716450999999997 0.44225610999999998 0
0.64720332999999997 0.20309358999999999 0
0.64732975000000004 0.32223806999999999 0
1 0.45149426999999998 0
0.64741883 0.65826178999999996 0
0.64757872000000005 0.81070759999999997 0
0.64759204999999997 0.88400577000000002 0
0.64773806 0.055621669999999998 0
0.64782178999999995 0.042873420000000002 0
0.64788181 0.20750878 0
0.64790289999999995 0.59564289000000004 0
0.64797419999999994 0.17856958000000001 0
0.64802844999999998 0.49270692999999999 0
0.64809240000000001 0.12953444 0
0.64821998000000003 0.32883916000000002 0
0.64824925 0.87565386999999995 0
0.64838189000000002 0.18395143999999999 0
0.64847675000000005 0.76325356 0
0.64852430000000005 0.061376090000000001 0
0.64859937999999995 0.087558929999999993 0
0.64865532999999997 0.082385559999999997 0
0.64868535000000005 0.95437841999999995 0
0.64873267999999995 0.96808936000000001 0
0.64874580999999998 0.29609053000000002 0
0.64880081000000001 0.18117168 0
0.64888456000000005 0.049682690000000002 0
0.64890904000000005 0.39197110000000002 0
0.98236506999999995 0.16614196000000001 0
0.64908297999999998 0.52524658000000002 0
0.64924022000000003 0.75590285000000002 0
0.98249721999999995 0.075860469999999999 0
0.64940763999999995 0.024441319999999999 0
0.64943163000000004 0.70534701 0
0.64946753000000002 0.33505110999999999 0
0.64950907000000002 0.60556367 0
0.64956749000000003 0.73033289000000001 0
0.64962196999999999 0.25573833000000001 0
0.64977826000000005 0.66657226000000003 0
0.64986661999999995 0.66884602999999998 0
0.64993012999999999 0.87493109999999996 0
0.64994814000000001 0.78212227999999995 0
0.64999558000000002 0.97960128000000002 0
0.64999898 0.89464734999999995 0
0.65007163000000001 0.80941220000000003 0
0.65007568999999998 0.42826714999999999 0
0.65019901000000002 0.77824346 0
0.65026112000000003 0.32877447999999998 0
0.65032992999999994 0.10588134 0
0.65040628 0.022817980000000002 0
0.65045845999999996 0.96296841 0
0.65050947999999997 0.80779478000000005 0
0.65051639999999999 0.47928821999999999 0
0.65058380999999998 0.38244662000000001 0
0.65066789999999997 0.083757849999999995 0
0.65067043000000002 0.74895562999999998 0
0.65071599000000002 0.42016545 0
0.65073636999999995 0.55979579000000002 0
0.65079246000000002 0.26386173000000002 0
0.65086716 0.35719959000000001 0
0.65090141999999995 0.31724355999999998 0
0.65104770999999995 0.69373887999999995 0
0.65107208000000005 0.87343585000000001 0
0.65108178000000005 0.30607120999999998 0
0.65110773 0.39846122 0
0.65112139999999996 0.26580089000000001 0
0.65112543000000001 0.99750961000000005 0
0.65113388999999999 0.0054272499999999998 0
0.65114161000000004 0.36013426999999998 0
0.65117480000000005 0.35431453000000002 0
0.65133019000000003 0.40424914000000001 0
1 0.091458250000000005 0
0.65138313999999997 0.093382649999999998 0
0.65153265000000005 0.52478795 0
1 0.10033992 0
0.651698 0.72512279000000002 0
1 0.58196645999999996 0
0.65173227 0.066280969999999995 0
0.65174480999999995 0.16972346999999999 0
0.65189536000000003 0.49050368999999999 0
0.65192945000000002 0.32446865000000003 0
0.65208869000000003 0.52952343999999996 0
0.65213445000000003 0.29535579000000001 0
0.65214717 0.11177978 0
0.65219579999999999 0.030374749999999999 0
0.65227944000000004 0.30538795000000002 0
0.65228306000000003 0.61591271999999997 0
0.65229693 0.24239078999999999 0
0.65238985000000005 0.90446917999999998 0
0.65241616000000002 1 0
0.65244579000000003 0.17459864 0
0.65248404999999998 0.48548519000000001 0
0.65271288000000005 0.093300469999999996 0
1 0.11217931 0
0.65297340000000004 0.0054034299999999999 0
0.65312767000000005 0.12934353000000001 0
0.65316421000000002 0.86893209999999999 0
0.65329154 0.31579412000000001 0
0.65330098999999997 0.88798723000000002 0
0.65334963000000001 0.07053516 0
0.65335536999999999 0.21931439 0
0.65346841 0.01352448 0
0.65353468000000003 0.047218250000000003 0
0.65355432999999996 0.78308677000000004 0
0.65356639000000005 0.46192496 0
0.65358298000000004 0.84328718999999996 0
0.65358388999999995 0.90525259000000002 0
0.65358391999999998 0.022453170000000001 0
0.65368415999999996 0.52807475000000004 0
0.65370004999999998 0.21971297000000001 0
0.65375496 0.45836995000000003 0
0.65381140999999998 0.042879210000000001 0
0.65387384999999998 0.49982222999999998 0
0.65388097999999995 0.44033820000000001 0
0.65388886999999996 0.28026104000000002 0
0.65389744999999999 0.64864913999999996 0
0.65404711000000004 0.93284807000000003 0
0.65409318999999999 0.80099918999999997 0
0.65412915999999999 0.99124403999999999 0
0.65422272999999997 0.51102484999999997 0
0.65434910000000002 0.95301985 0
0.65436121000000003 0.22186330000000001 0
0.65439221999999997 0.47825619000000003 0
0.65446788 0.31926207000000001 0
0.65448218999999996 0.46878161000000002 0
0.65464096999999999 0.33100098 0
1 0.61770194 0
0.65471334999999997 0.48808319999999999 0
1 0.6000569 0
0.65475742999999997 0.35431763999999999 0
0.65485408000000001 0.78686100999999997 0
0.65485656000000003 0.061045990000000001 0
0.65486679000000003 0.95446297000000002 0
0.65500453000000003 0.63309501999999995 0
0.6551572 0.17391153000000001 0
0.65518308000000003 0.99118764999999998 0
0.65522082999999998 0.46849729000000001 0
0.65522409999999998 0.32822950000000001 0
0.65523774000000001 0.81344379 0
0.65538061999999997 0.36490869999999997 0
0.65544071000000004 0.59746270000000001 0
0.65544099 0.26231078000000002 0
0.65544575000000005 0.57244149 0
0.65564383000000004 0.45211979000000002 0
0.65572025 0.56165891999999995 0
0.65574721999999996 0.59610143000000004 0
0.65576319000000005 0.41235639000000002 0
0.65580395999999996 0.95721816999999998 0
0.65585998999999995 0.93623568999999995 0
0.65591783000000004 0.094982490000000003 0
0.65591995000000003 0.82656331000000005 0
0.65608785000000003 0.75132054999999998 0
0.65615003000000005 0.78728321999999995 0
0.65617992999999997 0.8536009 0
0.65622833999999997 0.42690818000000003 0
0.65630513999999995 0.92764948999999997 0
0.65642040999999995 0.51932053 0
0.65642204999999998 0.02814649 0
0.65658488000000004 0.50674094999999997 0
0.65669016999999996 0.74187499000000001 0
0.65671566999999997 0.58836177000000001 0
0.65675457000000004 0.63693237000000003 0
0.65686557000000001 0.17222820999999999 0
0.65694836999999995 0.032117920000000001 0
0.65695431000000004 0.29188628 0
0.65710997999999998 0.052219120000000001 0
0.65711156999999998 0.12719701999999999 0
0.65712530000000002 0.96360950000000001 0
0.65718140000000003 0.65460646 0
0.65722371999999996 0.0075502900000000003 0
0.65731225999999998 0.29053255 0
0.65731841999999996 0.58092290000000002 0
0.65736978999999995 0.45388700999999998 0
0.65738138000000002 0.35481683000000003 0
0.65746099999999996 0.38824117000000002 0
0.65753718999999999 0.06495447 0
0.65759789000000002 0.83156951000000001 0
0.65766422999999996 0.14360797 0
0.65777878000000001 0.10519323 0
0.65792991999999995 0.47000220999999998 0
0.65802185999999996 0.74031628000000005 0
0.65803334999999996 0.50532010000000005 0
0.65806947000000005 0.47621033000000002 0
0.65815992000000001 0.82948549999999999 0
0.99965082000000005 0.17999042000000001 0
0.65833162000000001 0.60942107000000001 0
0.65841879999999997 0.28375650000000002 0
0.65843434999999995 0.039929920000000001 0
0.65851309000000002 0.55133894000000006 0
0.65856254999999997 0.44191646000000001 0
0.65861057999999995 0.40011685000000002 0
0.65868170999999998 0.128223 0
0.65869182999999998 1 0
0.65879067000000002 0.46197959 0
0.65879277000000003 0.041794329999999998 0
0.65880209999999995 0 0
0.65899057000000005 0.24503104000000001 0
0.65903718 0.88693339000000004 0
0.65903851999999996 0.11873721 0
0.65905079 0.28559187000000003 0
0.65927765000000005 0.27586860000000002 0
0.65929517000000004 0.10555608 0
0.65931927999999995 0.29919899 0
0.65951128000000003 0.31672168000000001 0
0.65955463999999997 0.26009317999999998 0
0.65959500999999998 0.66199081999999998 0
0.65962586000000001 0.90227889999999999 0
0.65967942000000002 0.47896453999999999 0
0.65978506999999997 0.31554531000000002 0
0.65990081 0.64659823999999999 0
0.65991140999999998 0.29764022000000001 0
0.66002691999999996 0.62206967000000002 0
0.66005954 0.46750926999999998 0
0.66007473999999999 0.44684147000000002 0
0.66009002999999999 0.53790802999999998 0
0.66021025 0.55571731000000002 0
0.66024528999999998 0.31187261999999999 0
0.66026311000000004 0.11315759 0
0.66032621000000002 0.62176178000000004 0
0.66032941000000001 0.056511789999999999 0
0.66055001000000002 0.29377150000000002 0
0.66060717000000002 0.25148508000000003 0
0.66063240999999995 0.62764328999999996 0
0.66064672999999996 0.11612788 0
0.66065689999999999 0.28008351999999997 0
0.66089023999999996 0.77505243000000001 0
0.66100358999999997 0.54282715999999998 0
0.66104350000000001 0.055200770000000003 0
0.66117773999999996 0.16902782 0
0.66118789 0.049142199999999997 0
0.66124479999999997 0.069647269999999997 0
0.66133905000000004 0.12557657 0
0.66143262999999997 0.59183920000000001 0
0.66146850999999995 0.23737908999999999 0
0.66156550999999997 0.31797971000000003 0
0.66164224000000005 0.84365142000000004 0
0.66164478999999998 0.33784492999999999 0
0.66171835000000001 0.60227810999999998 0
0.66172631000000004 0.68688985000000002 0
0.66185689000000003 1 0
0.66197216999999997 0.050769769999999999 0
0.66197388000000001 0.872475 0
0.66202260999999996 0.28036807000000002 0
0.66209446999999999 0.74499682 0
0.66212828999999995 0.50355514000000001 0
0.66215409000000003 0.55460686000000003 0
0.66226996999999999 0.91212254999999998 0
0.66227192000000001 0.61922305 0
0.98250786000000001 0.047138569999999998 0
0.66230641000000001 0.87977083 0
0.66232283000000003 0.43209262999999998 0
0.66241209999999995 0.83481486999999999 0
0.66244877000000002 0.65759544999999997 0
0.66257606999999996 0.93006637999999997 0
0.66258227000000003 0.66293541 0
0.66263203000000004 0.94908018999999999 0
0.66273285000000004 0.12223957000000001 0
0.66277699999999995 0.68653712 0
0.66280342999999997 0.81684484999999996 0
0.66280410999999995 0.87432927999999999 0
0.66284509999999996 0.64947765999999996 0
0.66292141000000004 0.60814891999999998 0
0.66292755999999997 0.85788039000000005 0
0.66292812000000001 0.30551896000000001 0
0.66307519999999998 0.75197908999999996 0
0.66307671999999995 0.3957871 0
1 0.59051575000000001 0
0.66308771 0.060840619999999998 0
0.66323160000000003 0.78494185000000005 0
0.66325772999999999 0.74096547000000001 0
0.66334795000000002 0.65052012999999997 0
0.66335385000000002 0.16473731999999999 0
0.66354714999999997 0.60039308999999996 0
0.66357200000000005 0.28343945999999998 0
0.66359334000000003 0.49221282999999999 0
0.66362193000000003 0.95067489000000005 0
0.6636801 0.35188551000000001 0
0.66370132999999998 0.63440123000000004 0
0.66381515999999996 0.83134074999999996 0
0.66385137999999999 0.59383476000000002 0
0.66393811999999996 0.23938266 0
0.66395420000000005 0.49790158000000001 0
0.66398731 0.11389256 0
0.66399956999999998 0.80413769000000002 0
1 0.59227536000000003 0
0.66423842 0.12538632999999999 0
0.66427789999999998 0.77676897 0
0.66451685999999999 0.55399233000000003 0
0.66451990999999999 0.49088567 0
0.66453311999999998 0.030470919999999999 0
0.66458117999999999 0.026909869999999999 0
0.66465463999999996 0.034105400000000001 0
0.66468340000000004 0.1113685 0
0.66473565999999995 0.99660636000000002 0
0.66478024999999996 0.82629319999999995 0
0.66484206000000001 0.66111509999999996 0
0.66485923000000002 0.23864534000000001 0
0.66489984999999996 0.13084275000000001 0
0.66497318999999999 0.12506740999999999 0
0.66505360000000002 0.64018025000000001 0
0.66505608999999999 0.67942650000000004 0
0.66506407000000001 0.13200582999999999 0
0.66513580000000005 0.37065577999999999 0
0.6652325 0.21000808000000001 0
0.66529930999999998 0.54845255999999998 0
0.66553207000000003 0.92926169999999997 0
0.66555180000000003 0.03664183 0
0.66559188999999996 0.53545792000000003 0
0.66560553 0.95123409000000003 0
0.66567410999999999 0.51490245000000001 0
0.66568183999999997 0.89765678999999998 0
0.66573062999999999 0.22544729999999999 0
0.66574529000000005 0.72710933 0
0.66576796999999999 0.67555074999999998 0
0.66597123000000003 0.51440936999999998 0
0.66608511999999997 0.10987282 0
0.66611781000000003 0.77871193999999999 0
0.66620889000000005 0.65748050999999996 0
0.66623726000000005 0.26225311000000001 0
0.66639035999999996 0.10759502999999999 0
0.66639163999999995 0.88289561999999999 0
0.66642259000000004 0.27074833999999998 0
0.66647820000000002 0.62402522000000005 0
0.66650721000000002 0.49126796 0
0.66650834999999997 0.29643033000000002 0
0.66651380000000005 0.375199 0
0.66652937000000001 0.66690497999999998 0
0.66667050000000005 0.97963633000000006 0
0.66675516999999995 0.17309215999999999 0
0.66691383999999998 0.58883037999999999 0
0.66717652999999999 0.84831418999999997 0
0.66720992000000001 0.17739455000000001 0
0.66721087999999995 0.37434031000000001 0
0.66724634000000005 0.91859047999999999 0
0.66724667000000004 0.99567631999999995 0
0.66725294999999996 0.49487838000000001 0
0.66757529000000004 1 0
0.66766429000000005 0.20106497000000001 0
0.66769387999999996 0.2854738 0
1 0.62045658999999997 0
0.66774893999999996 0.10576313 0
0.66775660999999997 0.98019093999999996 0
0.66781261000000003 0.94881846000000003 0
0.66784763000000003 0.55827070999999995 0
0.66784803000000004 0.27263116999999998 0
0.99945346999999995 0.85080752000000004 0
0.66791058999999997 0.53002740000000004 0
0.66791221999999995 0.39074219999999998 0
0.66792803999999995 0.026771090000000001 0
0.668049 0.49943046000000002 0
0.66807824999999998 0.40758476999999999 0
0.66810842999999998 0.47350441999999998 0
0.66811697999999997 0.63891061000000005 0
0.66812753999999996 0.54179080000000002 0
0.6681397 0.1679331 0
0.66819260999999996 0.17572057999999999 0
0.66822996000000001 0.12985005999999999 0
0.66827729000000002 0.46824505 0
0.66829852999999995 0.36186877000000001 0
0.66849316000000003 0.91039574000000001 0
0.66853713999999997 0.17330868999999999 0
0.66856835000000003 0.18767596 0
0.66863983000000005 0.58462386 0
0.66870636999999999 0.91872814000000003 0
0.66875152999999998 0.70738641999999996 0
0.66899962999999996 0.39004309999999998 0
0.66901124999999995 0.75028393999999998 0
0.66902830000000002 0.82301040999999997 0
0.66906947999999999 0.084149790000000002 0
0.66906949000000004 0.88328512000000003 0
0.66917369999999998 0.89555759999999995 0
0.66930559999999995 0.84243077 0
0.66936125000000002 0.77195511999999999 0
0.66936691999999998 0.4944385 0
0.66943693999999998 0.42188096000000003 0
0.66947466 0.44572920999999999 0
0.66949831000000004 0.67043953000000001 0
0.66963161000000004 0.91151125 0
0.66964354999999998 0.065454590000000007 0
0.66964917000000002 0.059585640000000002 0
0.66970996000000005 0.18512139999999999 0
0.66975879999999999 0.55004173000000001 0
0.66975909 0.29126761000000001 0
0.99951131000000004 0.85143036999999999 0
0.66986230000000002 0.81925554 0
0.66995656999999997 0.31313598999999998 0
0.66998570000000002 0.87773221000000001 0
0.67000671999999994 0.10900379 0
0.67001305 0.94637042999999998 0
0.67014295000000002 0.067950819999999995 0
0.6701802 0.032584920000000003 0
0.67018778000000001 0.95725901999999996 0
0.67024320000000004 0.25483354000000003 0
0.67064369000000001 0.19731162999999999 0
0.67066519000000002 0.34512317999999997 0
0.67073583000000003 0.089005520000000005 0
0.67080669000000004 0.17020589 0
0.67088391999999997 0.89588111999999998 0
0.67106966000000001 0.51989202999999995 0
0.67129156000000001 0.26722099999999999 0
0.67137062000000003 0.40229609999999999 0
0.67145569999999999 0.36768888 0
0.67160407 0.90398723999999997 0
0.67188835000000002 0.20431928999999999 0
0.67197503000000003 0.22150639 0
0.67198771999999996 0.71694502000000004 0
0.67202150000000005 0.76115953000000003 0
0.67203645000000001 0.25209513 0
0.67218250000000002 0.67040774999999997 0
0.67221684000000004 0.37343676999999997 0
0.67224404000000004 0.23498321999999999 0
0.67248975 0.0099320599999999995 0
0.67256473000000006 0.57456814 0
0.67258247999999998 0.55776073000000004 0
0.67262356000000001 0.55508416999999999 0
0.67268775000000003 0.61082636000000001 0
0.67272326999999998 0.20532384000000001 0
0.67276986000000005 0.12450596999999999 0
0.67284259999999996 0.48010767999999998 0
0.67289297999999997 0.036397319999999997 0
0.67298535000000004 0.45455128 0
0.67299916999999998 0.58458304000000005 0
0.67301856999999998 0.036297290000000003 0
0.67306138000000004 0.13996982999999999 0
0.67315528000000002 0.28488877000000001 0
0.67323546000000001 0.74281638999999999 0
0.67326549000000002 0.08035283 0
0.67339559999999998 0.78312490000000001 0
0.67340860000000002 0.085642250000000003 0
0.67344835999999997 0.84269815999999997 0
0.67371256999999996 0.080200779999999999 0
0.67375448000000004 0.24598223999999999 0
0.67378872000000001 0.057784059999999998 0
0.67391899 0.020162019999999999 0
0.67395541999999997 0.13251995 0
0.67402368999999995 0.73950978000000001 0
0.67402485999999995 0.49070425000000001 0
0.67404076000000002 0.35358873000000002 0
0.67412505 0.67139464999999998 0
0.67413902999999997 0.98241645 0
0.67419123999999997 0.46231801 0
0.67426134999999998 0.89237535999999995 0
0.67432970999999997 0.79745969000000005 0
0.67451357000000001 0.74358665000000002 0
0.67453152999999999 0.57598886000000005 0
0.67456901999999996 0.34750905999999998 0
0.67464944000000004 0.5528805 0
0.67470447 0.63821114999999995 0
0.67473022000000005 0.91096986999999996 0
0.67476259000000005 0.84241213999999998 0
0.67478923000000002 0.53634064999999997 0
0.67479016000000003 0.93368459999999998 0
0.67482838999999994 0.21949921 0
0.67489157 0.61143641999999998 0
0.67499301 0.83719783000000003 0
0.67500762999999997 0.15096219 0
0.67507949 0.47407579999999999 0
0.67516396000000001 0.49886108000000001 0
0.67521262000000004 0.98038020000000003 0
0.67525004 0.11889368 0
0.67539457000000003 0.11290507 0
0.67545865999999999 0.27840664999999998 0
0.67550120000000002 0.81959218 0
0.67563770999999995 0.91351698999999997 0
0.67580072999999996 0.48765972000000002 0
0.67587396 0.67194286999999997 0
0.67590117000000005 0.68359983999999996 0
0.67591659999999998 0.15705403000000001 0
0.67592682999999998 0.42753623000000002 0
0.67594796999999995 0.30360836000000002 0
0.67604938000000003 0.32781766000000001 0
0.67609894000000004 0.82007666000000001 0
0.67612720999999998 0.18248062000000001 0
0.67633622999999998 0.48536296000000001 0
0.67636923999999998 0.26588315000000001 0
0.67643796 0.59250464999999997 0
0.67650785000000002 0.21599523000000001 0
0.67653518999999995 0.68047007999999998 0
0.67660445000000002 0.14752850000000001 0
0.67663315999999996 0.40584725999999999 0
0.67666576000000001 0.79865659 0
0.67666811000000004 0.76769045999999996 0
0.67672684999999999 0.32332813999999999 0
0.67693108999999996 0.16681784 0
0.67695773999999997 0.54193119000000001 0
0.67697633999999995 0.86573842000000001 0
0.67699719000000003 0.45669936 0
0.67709211000000002 0.41825827999999998 0
0.67719845999999995 0.55690614000000005 0
0.67721005000000001 0.91710616 0
0.67724015000000004 0.90068185999999995 0
0.67725911999999999 0.10021425 0
0.67726958000000004 0.63781146 0
0.67730584000000005 0.33819507999999998 0
0.67737787999999999 0.41248117000000001 0
0.67751351999999998 0.77562830000000005 0
0.67780611999999996 0.32220973000000003 0
0.67784787000000002 0.64194055999999999 0
0.67811562999999997 0.19608967999999999 0
0.67812726999999995 0.89518785999999995 0
0.67813785999999998 0.093631980000000004 0
0.67822468000000002 0.24038797000000001 0
0.67824812999999995 0.81060288000000003 0
0.67833290999999996 0.16936654000000001 0
0.6784036 0.93910417999999996 0
0.67847489999999999 0.81014129000000001 0
0.67871630999999999 0.60157095000000005 0
0.67879666000000005 0.35717117999999998 0
0.67880841999999997 0.29003772999999999 0
0.67892556000000004 0.93279407000000003 0
0.67892788999999998 0.37321186000000001 0
0.67896113000000002 0.46451518000000003 0
0.67897198000000003 0.68436991999999996 0
0.67902077000000005 0.51422316999999995 0
0.67903959000000003 0.49590803999999999 0
0.67906524000000001 0.89108695999999998 0
0.67909021000000003 0.46645511000000001 0
0.67910161000000002 0.60155435000000002 0
0.67911102999999995 0.44837115999999999 0
1 0.58154998999999996 0
0.67920667999999995 0.80835553000000004 0
0.67927612999999998 0.95287182000000004 0
0.67927614999999997 0.77048901999999997 0
0.67930281999999997 0.15049962 0
0.67938306999999998 0.90172262000000003 0
0.67942029999999998 0.88403856000000003 0
0.67957548000000001 0.34343560000000001 0
0.67970434000000002 0.95019107000000003 0
0.67973220000000001 0.47483837000000001 0
0.67979160999999999 0.21982146 0
0.67979595999999998 0.18235429 0
0.67987271999999999 0.21601820999999999 0
0.67990318999999999 0.089805759999999998 0
0.67990649000000003 0.37299809 0
0.67993378999999998 0.41903695000000002 0
0.68000651999999995 0.071076619999999993 0
0.68004016 0.22604817999999999 0
0.68021935 0.79822534999999994 0
0.68032464999999998 0.59088573 0
0.98054739999999996 0.76066895999999995 0
0.68046706000000001 0.11699163 0
0.68062475 0.52602684 0
0.68069935999999998 0.15164546000000001 0
0.68076502999999999 0.076618870000000006 0
0.68078828000000002 0.0054453100000000001 0
1 0.029896019999999999 0
0.68083450999999995 0.69967215999999999 0
0.68086446 0.29425462000000002 0
0.68094924999999995 0.084911680000000003 0
0.68098524000000005 0.91795424000000003 0
0.68105382999999997 0.72046677999999997 0
0.68111184000000002 0.91365189999999996 0
0.68117978999999995 0.43195050000000001 0
0.68121058000000001 0.33044158000000001 0
0.68125824999999995 0.67225513999999997 0
0.68137939000000003 0.4239868 0
0.68138469000000002 0.47518271000000001 0
0.68140429999999996 0.74727016000000002 0
0.68140624000000005 0.21143107999999999 0
0.68146695999999995 0.27904512999999997 0
0.68148924 0.78816989000000004 0
0.68154601999999997 0.027458659999999999 0
0.68162814999999999 0.91066857000000001 0
0.68166979000000005 0.53040419999999999 0
0.68170132999999999 0.70729425999999995 0
0.68175870999999999 0.31070361000000002 0
0.68176842999999998 0.34542156000000002 0
0.68181479 0.86036504000000003 0
0.68190439000000003 0.61534418000000002 0
0.68194460000000001 0.75800882000000003 0
0.68198736999999998 0.57684725000000003 0
0.68207452999999996 0.48572115999999999 0
0.68215179999999997 0.52351543 0
0.68215890999999995 0.90533017000000005 0
0.68220464000000003 0.94696259000000005 0
0.68227382999999997 0.32943001 0
0.68241236999999999 0.51510924999999996 0
0.68241726999999996 0.67092222999999995 0
0.68242716999999997 0.42933796000000002 0
0.68244866999999998 0.27931509999999998 0
0.68258057000000005 0.81117486000000005 0
0.68270558999999997 0.65653896 0
0.68277292999999994 0.50213468999999999 0
0.68280677999999995 0.22524326 0
0.68284752999999998 0.68775699000000001 0
0.68284765999999997 0.72687385999999998 0
0.68293369999999998 0.81273817999999998 0
0.68296709 0.02061996 0
0.68302273000000002 0.80246572000000005 0
0.68302275999999995 0.67213122000000003 0
0.68303250000000004 0.94473465000000001 0
0.68305433999999998 0.61618647999999998 0
0.6831431 0.80174752000000005 0
0.68314673000000004 0.28779549999999998 0
0.68315300000000001 0.96202502000000001 0
0.68315621999999998 0.95430057000000001 0
0.68323643000000001 0.17226200999999999 0
0.68327952000000003 0.57796157000000004 0
0.68335239000000003 0.35110967999999998 0
0.68336469 0.7192172 0
0.68337300000000001 0.021061110000000001 0
0.68356698999999999 0.77469737000000005 0
0.68364060999999998 0.64014177000000005 0
0.68377494999999999 0.83958186999999995 0
0.68380145000000003 0.95328451999999997 0
0.68396261000000003 0.21009833 0
0.68397432999999996 0.31695443000000001 0
0.68401906999999995 0.53608160000000005 0
0.68405146999999999 0.96580876000000004 0
0.68415391000000003 0.36588860000000001 0
0.68420758000000004 0.036095629999999997 0
0.68436571999999996 0.24325258 0
0.68452506999999996 0.71253937000000001 0
0.68452701000000005 0.27254381999999999 0
0.68455129999999997 0.58730665999999998 0
0.68456364999999997 0.94924434000000002 0
0.68464630999999998 0.10961941 0
0.68469709000000001 0.69691354999999999 0
0.68502163999999999 0.54376521 0
0.68507200000000001 0.94843823000000005 0
0.68536313999999998 0.83181326 0
0.68541598999999997 0.56246446000000005 0
0.68549055999999997 0.49922048000000002 0
0.68560224000000003 0.079520190000000004 0
0.68565065999999997 0.63890599999999997 0
0.68570238999999999 0.34959829999999997 0
0.68573088999999998 0.90499326999999996 0
0.68575856999999996 0.31565397000000001 0
0.68600125000000001 0.46432319 0
0.68602258999999999 0.48367019 0
0.68602372 0.41550841999999999 0
0.68608837 0.1413035 0
0.68614142 0.69043642999999999 0
0.68620312999999999 0.25135101999999998 0
0.68625259000000005 0.78004185999999998 0
0.68627523000000001 0.54569829000000003 0
0.68635088 0.89060496 0
0.68636109000000001 0.18609403999999999 0
0.68643125999999999 0.32085346999999997 0
0.68644119000000003 0.10769604000000001 0
0.68646368999999996 0.91044338999999996 0
0.68661987999999996 0.71931623 0
0.68669325000000003 0.22797903 0
0.68677343000000002 0.29098119 0
0.68695744000000003 0.80352170000000001 0
0.68700349000000005 0.94262942999999999 0
0.68712390000000001 0.88285029999999998 0
0.68713875000000002 0.46347434999999998 0
0.68725199000000003 0.57954877000000005 0
0.68726458999999995 0.33314375000000002 0
0.68729348999999995 0.97832059999999998 0
0.68734704999999996 0.99571684000000005 0
0.68739950999999999 0 0
0.68743480000000001 0.80677562999999997 0
0.68749998000000001 0.15621252999999999 0
0.68766695 0.079666500000000001 0
0.68766948999999999 0.8870787 0
0.68773081999999996 0.74826342999999995 0
1 0.47948835000000001 0
0.68779109000000005 0.71076715000000001 0
0.68783017999999996 0.83227996999999998 0
0.68785302999999998 0.62363307999999995 0
0.68787303 0.77627124000000003 0
0.68795729000000005 0.84046493 0
0.68802680999999999 0.28519736000000001 0
0.68807761000000001 0.062137240000000003 0
0.68819744999999999 0.44054402999999998 0
0.68822477000000004 0.51346565 0
0.68829242000000002 0.40683338000000002 0
0.68833325999999995 0.11158179999999999 0
0.68841739000000002 0.78803738000000001 0
0.68845696000000001 0.44554832999999999 0
0.68848222000000003 0.92648090000000005 0
0.68854941000000003 0.53604350999999995 0
0.68861095999999999 0.39649568000000002 0
0.68863149999999995 0.46858239000000002 0
0.68865536000000005 0.96686386000000002 0
0.68873013999999999 0.22695156999999999 0
0.68878974000000004 0.02237188 0
0.68895260999999997 0.035774809999999997 0
0.68895667999999999 0.041426919999999999 0
0.68895974999999998 0.12219650999999999 0
0.68898219999999999 0.98135813999999999 0
0.68902169999999996 0.69081532999999995 0
0.68924052000000002 0.97937819000000004 0
0.68932040999999999 0.93926966000000001 0
0.68935075999999995 0.25084486 0
0.68958337000000003 0.34700228 0
0.68958923000000005 0.56381389000000004 0
0.68972211999999999 0.90282459999999998 0
0.68976156 0.56680123000000004 0
0.68976758000000005 0.089029639999999993 0
0.68983545000000002 0.074378799999999995 0
0.68989781999999999 0.29484945000000001 0
0.69000516999999995 0.72548869000000005 0
0.69006555000000003 0.95498981999999999 0
0.69015029000000006 0.31477623999999998 0
0.69018080000000004 0.4981372 0
0.69021781999999998 0.60465289 0
0.69026670000000001 0.18905373 0
0.69031673999999998 0.22414477999999999 0
0.69035488 0.50767419999999996 0
0.69038723000000002 0.076367160000000003 0
0.69041766000000004 0.62924782000000001 0
0.69044108999999998 0.18063236999999999 0
0.69062033 0.92680377000000003 0
0.69069431999999997 0.63316178000000001 0
0.69074844999999996 0.25334581 0
0.69082173000000002 0.94229737000000002 0
0.69089811999999995 0.47183122999999999 0
0.69099748999999999 0 0
0.69100483999999995 0.45253415000000002 0
1 0.62851621999999996 0
0.69109511000000001 0.38937136999999999 0
0.69112748999999996 0.068774039999999995 0
0.69113871999999998 0.12373134 0
0.69125066999999996 0.56966890999999997 0
0.69125621999999998 0.65059080000000002 0
0.69137621000000005 0.10143998 0
0.69145330999999999 0.68393815999999996 0
0.69155467000000004 0.42899991999999998 0
0.69157449999999998 0.99733548000000005 0
0.69158969999999997 0.49346468999999998 0
0.69188793000000004 0.19509576000000001 0
0.69198892999999995 0.81732948000000005 0
0.69207763 0.85769055000000005 0
1 0.11689497 0
0.69244857000000004 0.84189837000000001 0
0.69252290000000005 0.35212145 0
0.69258196999999999 0.87436040000000004 0
0.69266585000000003 0.95157638 0
1 0.16443799000000001 0
0.69274743000000005 0.029030230000000001 0
0.69278362999999998 0.0022653899999999999 0
0.69281451999999999 0.33973406 0
0.69288203000000004 0.99403905000000004 0
0.69294343999999997 0.54666755 0
0.69313630999999998 0.81466618000000002 0
0.69314293000000005 0.98823910000000004 0
0.69328579000000001 0.85279830999999995 0
0.6933338 0.61626488000000001 0
0.69333871000000002 0.47078965 0
0.69334956000000003 0.39127026999999998 0
0.69341602000000002 0.24377064000000001 0
0.69348429 0.18817833 0
0.69366163999999997 1 0
0.69369294999999997 0.37088483 0
0.69385330000000001 0.054617730000000003 0
0.69400072000000002 0.095038520000000001 0
0.69400278000000004 0.88905431999999995 0
0.69401060000000003 0.77126296999999999 0
0.69402655000000002 0.93849159999999998 0
0.6942218 0.58876430000000002 0
0.69433606000000003 0.36757318999999999 0
0.69439320000000004 0.95799659999999998 0
0.69446143999999999 0.24928750999999999 0
0.69462429999999997 0.32592738999999998 0
0.69470445000000003 0.87507314000000003 0
0.69474537999999997 0.64819629999999995 0
0.69479966000000004 0.52099063999999995 0
0.69485103999999998 0.58778065000000002 0
0.69490397999999998 0.18312371 0
0.69493152999999996 0.38542151000000002 0
0.69503904999999999 0.81837903000000001 0
0.69509248000000001 0.94290523999999998 0
0.69517023 0.41988853999999998 0
0.69522912999999997 0.97003992999999999 0
0.69532302000000001 0.10080053 0
0.69540415 0.19737706999999999 0
0.69541693000000004 0.52310332000000004 0
0.69547579000000004 0.29517452999999999 0
0.69555767999999996 0.25237588 0
0.69556255 0.29598366999999998 0
0.69563138000000002 0.47368369999999999 0
0.69563304000000004 0.038144610000000002 0
0.69564340999999996 0.19074720000000001 0
0.69572184999999998 0.96684895000000004 0
0.69593132999999996 0.75099115999999999 0
0.69602874000000003 0.33513415000000002 0
0.69606060000000003 0.73326259999999999 0
0.69630013000000002 0.10696791999999999 0
0.69632886999999999 0.72654543999999999 0
0.69635000999999996 0.42950335000000001 0
0.69645422999999995 0.49101296999999999 0
0.69646894000000004 0.22309923000000001 0
0.69652846999999996 0.23401605 0
0.69655427999999997 0.20026527999999999 0
1 0.087891540000000004 0
0.69663757000000004 0.33611980000000002 0
0.69689573000000005 0.66535712000000002 0
0.69691733 0.42446271000000002 0
0.69695711000000005 0.13497423 0
0.69699129999999998 0.00030483000000000002 0
0.69709401000000004 0.86744825999999997 0
0.69723670999999998 0.065106860000000003 0
0.69728751 0.032742500000000001 0
0.69734209999999996 0.90819077000000004 0
0.69744002999999999 0.22674627999999999 0
0.69765770000000005 0.21594678 0
0.69770109999999996 0.64582713000000003 0
0.69776444999999998 0.89850151 0
0.69778317000000001 0.21125511 0
0.69791040999999998 0.82376632999999999 0
0.69791186999999999 0.43682669000000002 0
0.69791645000000002 0.077642749999999996 0
0.69803223999999997 0.45938899 0
0.69804922000000003 0.97595392999999997 0
0.69806259000000004 0.14318955999999999 0
0.69810234000000004 0.89239053999999995 0
0.69818676999999996 0.69970505000000005 0
0.69835952000000001 0.96520386000000002 0
0.69836704000000005 0.68171996000000001 0
0.69844236000000004 0.083487220000000001 0
0.69858094000000004 0.46306436000000001 0
0.69864691000000001 0.75813892999999999 0
0.69867051000000002 0.81194040000000001 0
0.69868474000000003 0.65923619 0
0.69874592999999996 0.58434291000000005 0
0.6988048 0.63361371 0
0.69882529999999998 0.65209534999999996 0
0.69885288999999995 0.35845917999999999 0
0.69904847000000003 0.32783643000000001 0
0.69907249999999999 0.28367284999999998 0
0.69907772999999995 0.71211670000000005 0
0.69911533999999997 0.74005467999999996 0
0.69914248000000001 0.052732510000000003 0
0.69921725000000001 0.33329135999999998 0
0.69922994999999999 0.35906763000000003 0
0.69929987000000005 0.28888826000000001 0
0.69945314000000003 0.51043676000000004 0
0.69956644000000001 0.97062181999999997 0
0.69959181000000004 0.37481305999999998 0
0.69966381 0.50002853999999997 0
0.69976691000000002 0.25555056999999998 0
0.69979579000000003 0.74486516999999997 0
0.69979840999999998 0.37990130999999999 0
0.69986899999999996 0.21121933000000001 0
0.69988954000000003 0.80643838000000001 0
0.69994690999999998 0.97569528999999999 0
0.70004189999999999 0.2550539 0
0.70005273000000001 0.23733212000000001 0
0.70006984999999999 0.35955843999999998 0
0.70007496000000002 0.39943691999999997 0
0.70012134000000004 0.93483676999999998 0
0.70013378999999998 0.01045717 0
0.70014973999999996 0.44056699999999999 0
0.70026535999999995 0.06900908 0
0.70028018999999997 0.65427893999999998 0
0.70032331999999997 0.53155268 0
0.70038811999999995 0.41978607000000001 0
0.70053757000000005 0.82866611999999995 0
0.70062314999999997 0.032302190000000001 0
0.70063277000000002 0.28092180999999999 0
0.70068783999999995 0.51847997999999995 0
1 0.63098319000000003 0
0.98212268000000003 0.59942361 0
0.70081179999999998 0.79576214000000001 0
0.70084265000000001 0.73733687999999997 0
0.70084705000000003 0.10695511000000001 0
0.70085419999999998 0.91993479 0
0.70090313999999998 0.1446672 0
0.70097195999999995 0.32992008 0
0.70098181000000004 0.19714010000000001 0
0.70099051000000001 0.71250725000000004 0
0.70104721999999997 0.89254652999999995 0
0.70105709000000005 0.83116842000000002 0
0.70105775000000004 0.56775410000000004 0
0.98132264999999996 0.91210880999999999 0
0.70134646 0.67208968999999996 0
0.70135349999999996 0.16931308 0
0.70149539000000005 0.90077565999999998 0
0.70153319999999997 0.92128146 0
0.70158790000000004 0.40661213000000002 0
0.70164132000000001 0.12960034000000001 0
0.70165562000000004 0.26595791000000002 0
0.70170962999999997 0.089522669999999999 0
0.70195207999999998 0.53710561999999995 0
0.70196751999999996 0.19953652 0
0.70201959999999997 0.63433638999999997 0
0.70210642999999995 0.50778440999999996 0
0.70217194000000005 0.07020266 0
0.7022486 0.98722164999999995 0
0.70227346999999996 0.65385280999999995 0
0.70234430000000003 0.31995701999999998 0
0.70235802000000003 0.12614562000000001 0
0.70236894000000005 0.82595328000000001 0
0.70239121999999998 0.32068679 0
0.70245694999999997 0.056837070000000003 0
0.70249194999999998 0.32707641999999998 0
0.70258142000000001 0.91225641000000002 0
0.70267785000000005 0.49875119000000001 0
0.70273545999999998 0.143923 0
0.70274265999999996 0.15399707000000001 0
0.70275125000000005 0.02130626 0
0.70286968999999999 0.47207019 0
0.70288192999999999 0.82710147999999994 0
0.70294230999999996 0.10536312 0
0.70303625000000003 0.97009283000000002 0
0.70303831999999999 0.24124225999999999 0
0.70311661000000003 0.74954661 0
0.70312151000000001 0.77729470000000001 0
1 0.47207609 0
0.70334582999999995 0.11976574 0
0.70339858 0.62129506000000001 0
0.70342934999999995 0.19974638 0
0.70357661999999999 0.72158133000000002 0
0.70358549999999997 0.94296437 0
0.70366048000000003 0.49255163000000002 0
0.70366050999999996 0.62538970000000005 0
0.70368052000000003 0.25418328000000001 0
0.70384886000000002 0.34260228999999998 0
0.70391086000000003 0.94850513999999997 0
0.70393598000000002 0.53345065999999997 0
0.70394281000000003 0.57267718000000001 0
0.70398061000000001 0.35004391000000001 0
0.70413347999999998 0.088454649999999996 0
0.70421513999999996 0.79256165000000001 0
0.70429790999999997 0.25650739 0
0.70432196999999996 0.82730751999999996 0
0.70434764000000005 0.80496822999999995 0
0.70434841999999998 0.69130634999999996 0
0.70437497999999998 0.33780982999999998 0
0.70440866000000002 0.37833257999999997 0
0.70443131999999997 0.70282993000000005 0
0.70445804000000001 0.94902931999999995 0
0.70449225999999998 0.91010760000000002 0
0.70449671999999997 0.56832822999999999 0
0.70475412999999998 0.47699037999999999 0
0.70482438999999997 0.46975167000000001 0
0.70485896000000003 0.14572583 0
0.70493262999999995 0.095147620000000002 0
1 0.50882203999999998 0
0.70517443999999996 0.74531906999999997 0
0.70517942 0.69440084000000002 0
0.70519493 0.068254739999999994 0
0.70526754000000003 0.71739814000000002 0
0.70527081000000003 0.6667381 0
0.70549837000000004 0.51236157000000004 0
0.70550383000000005 0.44255372999999998 0
1 0.59832744000000004 0
0.70558955000000001 0.72023093999999999 0
0.70564088999999997 0.83279738999999997 0
0.70566242999999995 0.28144959000000003 0
0.70569685000000004 0.01397118 0
0.70574857999999996 0.86740287999999999 0
0.70575553999999996 0.97598331000000005 0
0.70579795999999995 0.86262170999999999 0
0.70586682000000001 0.86859673999999998 0
0.70588717000000001 0.56740992000000001 0
0.70590315999999997 0.51451875999999996 0
0.70592520000000003 0.43902588999999997 0
0.70611204999999999 0.45799706000000001 0
0.70627689000000005 0.14381360000000001 0
0.70630528999999997 0.91728761999999997 0
0.70631814000000004 0.33722244000000001 0
0.70635842000000004 0.23915152000000001 0
0.70639308999999995 0.43311876999999999 0
0.70641573999999996 0.20757026000000001 0
0.70647311999999995 0.75694868999999998 0
0.70657879999999995 0.02152863 0
0.70660920000000005 0.89149 0
0.70674210000000004 0.53982149999999995 0
0.70680668999999996 0.12486564999999999 0
0.70712733999999999 0.65423399999999998 0
0.70730749000000004 0.43625091999999999 0
0.70731463000000006 0.70092882999999995 0
0.70731754000000002 0.94062226999999998 0
0.70732523000000003 0.86682703000000005 0
0.70744260000000003 0.10580504 0
0.70750884999999997 0.16062694 0
0.70768047000000001 0.11362802 0
0.70770151999999997 0.70925824000000004 0
0.70773063999999997 0.086511249999999998 0
0.70773518000000002 0.86804572999999996 0
0.70782155999999996 0.70471130000000004 0
0.70782511999999997 0.53204326000000002 0
0.70791725000000005 0.46431117999999999 0
0.70806636999999994 0.73458641999999996 0
0.70810585999999998 0.51950291000000004 0
0.70815561000000005 0.10691296 0
0.70816791999999995 0.47687015999999999 0
0.70824350999999997 0.14390064 0
0.70851589999999998 0.44115197 0
0.70854565999999997 0.12354937000000001 0
0.70861653999999996 0.36350028000000001 0
0.70863593999999996 0.68434561000000005 0
0.70878465000000002 0.1211161 0
0.70880288000000002 0.18357546999999999 0
0.70882042000000001 0.38236502 0
0.70885098000000002 0.092549279999999998 0
0.70893492000000002 0.55030272000000002 0
0.70917523999999998 0.94987681000000002 0
0.70920643000000005 0.51695131999999999 0
0.70922474000000002 0.60481574000000005 0
0.70924580000000004 0.83866397000000004 0
0.70933246000000005 0.53220009000000001 0
0.70945488999999995 1 0
0.70953189999999999 0.19276099999999999 0
0.70954947000000002 0.28391216000000002 0
0.70985019000000005 0.57289701999999998 0
0.70992392000000004 0.14670585 0
0.70995125000000003 0.0055367000000000003 0
0.71002008000000005 0.85183595000000001 0
0.71005364000000004 0.30228156 0
0.71010614999999999 0.94790123000000004 0
0.71011992000000002 0.86926981000000003 0
0.71020216999999997 0.8078438 0
1 0.47634185000000001 0
0.71020863000000001 0.91761543000000001 0
0.71027994000000005 0.35552098999999998 0
0.71036160000000004 0.96470328999999999 0
0.71036279000000002 0.091240959999999996 0
0.71036529000000004 0.22081940999999999 0
0.98222814000000003 0.92686641999999997 0
0.71040168000000004 0.87320898000000002 0
0.71049525000000002 0.026991100000000001 0
0.71070535999999995 0.31369188999999997 0
0.71072097999999995 0.33105366000000003 0
0.71073997 0.81542784000000001 0
0.71080566999999995 0.88332931999999997 0
0.71080684999999999 0.33616811000000002 0
0.71085304000000005 0.97120675999999995 0
0.71089519999999995 0.086011740000000003 0
0.71093147000000001 0.97456874000000004 0
0.71105271000000003 0.59355477999999995 0
0.71122394 0.024776989999999999 0
0.71124089999999995 0.57020616000000002 0
0.71126951000000005 0.78555353000000006 0
0.71131060999999995 0.0085667599999999997 0
0.71136476999999998 0.56279007999999997 0
0.71141312000000001 0.81308225000000001 0
0.71144543000000005 0.23292847 0
0.71144816 0.88205023999999999 0
0.71144901999999999 0.96199005999999998 0
0.71148405999999997 0.85121502999999998 0
0.71151854000000003 0.45570043999999998 0
0.71164077999999997 0.022951650000000001 0
0.71174592999999997 0.54624779000000001 0
0.71177035 0.63951747999999997 0
0.71187400999999995 0.16340241999999999 0
0.71199592 0.39774812999999998 0
0.71200785 0.25822814999999999 0
0.98223651999999995 0.97146248000000002 0
0.71220393999999998 0.82687257999999997 0
0.71229138999999997 0.36134822999999999 0
0.71232234000000005 0.064162899999999995 0
1 0.16582290999999999 0
0.71241748000000005 0.65069714999999995 0
0.71245378000000004 0.72455099000000001 0
0.71247488999999997 0.93259751999999996 0
0.71250606000000005 0.64315838000000003 0
0.71252064999999998 0.67543381999999996 0
0.71253736000000001 0.045604739999999998 0
0.71260217999999997 0.49540032000000001 0
0.71264163999999997 0.97421747000000003 0
0.71265953000000004 0.91676287999999995 0
0.71266715000000003 0.21232143000000001 0
0.71277710000000005 0.81036746999999998 0
0.71282252999999995 0.53782430999999997 0
0.98054839999999999 0.56351963000000005 0
0.71296011999999997 0.43444711000000003 0
0.71306702 0.29052493000000001 0
1 0.12435729 0
0.71317688999999995 0.95339664000000002 0
0.71322227999999999 0.027846940000000001 0
0.71326286000000005 0.47950038 0
0.71327925000000003 0.60541778999999996 0
0.71332667999999999 0.77888561999999995 0
0.71342050000000001 0.56750009000000001 0
0.7134277 0.62960868999999997 0
0.71347674000000005 0.87790997999999998 0
0.71350868999999995 0.058455720000000003 0
0.71350970999999996 0.62480146999999997 0
0.71356284000000003 0.14296015000000001 0
0.71358904999999995 0.33035968999999998 0
0.71380670999999996 0.76821130999999998 0
0.71381192999999998 0.30755348999999998 0
0.71384289999999995 0.56930027000000005 0
0.71394312999999998 0.59588920999999995 0
0.71395677000000002 0.096833760000000005 0
0.71401570999999997 0.46571079999999998 0
0.71404277000000005 0.72180155000000001 0
0.71413254999999998 0.016087819999999999 0
0.71418190000000004 0.27087751999999998 0
0.71422701 0.72579205999999996 0
0.71443053999999995 0.30354677000000002 0
0.71450292999999998 0.41524508999999998 0
0.71452495999999999 0.78994880999999995 0
0.71453818999999996 0.31020941000000002 0
0.71465814999999999 0 0
0.71468953000000002 0.45807914 0
0.71484674999999998 0.74108386000000004 0
0.71490034999999996 0.89175367999999999 0
1 0.14923117 0
0.71492670999999997 0.90067112999999999 0
0.71493039000000003 0.78259453999999995 0
0.71499632999999996 0.57213926000000004 0
0.71500315000000003 0.94474676999999996 0
0.71500662999999998 0.87671716 0
0.71503828999999997 0.82306146999999996 0
0.71521559000000001 0.45951603000000002 0
1 0.49787429999999999 0
0.71526493999999996 0.72894855999999997 0
0.71526668999999998 0.65410840999999997 0
0.71556231000000003 0.82986437999999996 0
0.71564850000000002 0.37410948999999999 0
0.71570403999999999 0.12848377 0
0.71573151999999995 0.74894393000000004 0
0.71577411999999996 0.70596866000000003 0
0.71578010000000003 0.52487623000000005 0
0.71586369000000005 0.34499385999999999 0
0.71596660000000001 0.2209856 0
0.71598664999999995 0.62679898999999994 0
0.71613943000000002 0.99574759999999995 0
0.71615245999999999 0.77020387999999995 0
0.71621913999999998 0.14067816 0
0.71631818999999997 0.17108799 0
0.71635917000000005 0.93423568000000001 0
0.71647461999999995 0.00151979 0
0.71648553999999998 0.42140534000000002 0
0.71649910000000006 0.57929129999999995 0
0.71656222999999997 0.44797267000000002 0
0.71675142999999997 0 0
0.71683662000000004 0.24217130000000001 0
0.71689906000000003 0.41323742000000002 0
0.71693125000000002 0.25137134999999999 0
0.71696009999999999 0.054264809999999997 0
0.71697476999999998 0.45410875000000001 0
0.71700536000000004 0.38339213999999999 0
0.71701318000000003 0.98302044 0
0.71704524000000003 0.52171016000000003 0
0.71708353000000002 0.087687929999999997 0
0.71713574000000002 0.46814054999999999 0
0.71718947 0.35061682999999999 0
0.71721234 0.10980653999999999 0
0.71723205999999995 0.47426446999999999 0
0.71724933999999996 0.40818160999999997 0
0.71726266999999999 0.86475776000000004 0
0.71735733999999995 0.85787422999999996 0
0.71739427 0.71646043999999998 0
0.71750625000000001 0.18801071999999999 0
0.71757740000000003 0.31506497 0
0.71768454999999998 0.081800049999999999 0
0.71769198999999995 0.22497449999999999 0
0.71769463 0.78969407000000003 0
0.71775202000000005 0.86407135000000002 0
0.71785202000000004 0.40814621000000001 0
0.71791015000000002 0.12290345 0
0.71796828000000001 0.21805335000000001 0
0.71806669999999995 0.42771762000000002 0
0.71813506000000005 0.45539988999999997 0
0.71820808000000003 0.49249081 0
0.71820879999999998 0.99830260000000004 0
0.71821928999999995 0.92555600999999998 0
0.71827322999999998 0.86239569999999999 0
0.71831193999999998 0.99185962999999999 0
0.71833142999999999 0.74777389999999999 0
0.71834803000000003 0.62050671999999996 0
0.71836188999999995 0.079348539999999995 0
0.71839224999999995 0.37502903999999998 0
0.71841805999999997 0.1519382 0
0.71843285000000001 0.95550047000000005 0
0.71844083999999997 0.98178805000000002 0
0.71852506000000005 0.25149210999999999 0
0.71862647999999996 0.45665823 0
0.71878823000000003 0.50485033999999995 0
0.71881229999999996 0.18559834 0
0.71901943000000001 0.74302109999999999 0
0.71911124000000004 0.62538941000000003 0
0.71911897000000002 0.038609589999999999 0
0.71916972000000001 0.89072572000000005 0
0.71920393000000005 0.53815036999999999 0
0.71923921000000002 0.16388931000000001 0
0.71931765999999997 0.05302747 0
0.71945241999999998 0.66265021000000002 0
0.71952945000000001 0.18786333 0
0.71981110999999998 0.74415710000000002 0
0.71992131000000004 0.075610319999999995 0
0.71994663000000003 0.87987680999999995 0
0.72011020999999997 0.88697904999999999 0
0.72014458999999997 0.90046998 0
0.72019113999999995 0.33327184999999998 0
0.98017321999999996 0.60993843999999997 0
0.72025773000000004 0.64904751000000005 0
0.72026414999999999 0.80241218000000003 0
0.72030658000000003 0.58491174999999995 0
0.72035296000000004 0.22187244 0
0.72040751999999997 0.90618789 0
0.72042507 0.14448881 0
0.72042982 0.11259503 0
0.72047614000000004 0.59249337000000002 0
0.7204933 0.0022458199999999999 0
0.72050997999999999 0.48584124000000001 0
0.72062302 0.40804633000000001 0
0.72070268999999998 0.36539405000000003 0
0.72082466999999995 0.21958874 0
0.72085036000000002 0.43175833000000002 0
0.72129399999999999 0.92014627000000004 0
0.72134697000000003 0.23652371 0
0.72143314999999997 0.70100001999999995 0
0.72146096000000004 0.62038581000000004 0
0.72161973000000001 0.60799457000000001 0
0.72174611 0.35808283000000002 0
0.72181315000000001 0.53874770999999999 0
0.72183447000000001 0.49413966999999998 0
0.72185025000000003 0.61391203999999999 0
0.72189155000000005 0.53062293000000005 0
0.72189937000000004 0.021145299999999999 0
0.72191324000000001 0.60938247999999995 0
0.72196634999999998 0.1147408 0
0.72203708 0.67727351000000002 0
0.72214305999999995 0.13937073999999999 0
0.72214831000000002 0.10704431 0
0.72218046999999996 0.82434795000000005 0
0.72232105999999996 0.45387212999999998 0
0.72235881999999996 0.48554761000000002 0
0.72236469999999997 0.69310450999999995 0
0.7223697 0.31438447000000003 0
0.72237883000000003 0.36974025999999999 0
0.72238011000000002 0.98715406000000006 0
0.72238605 0.037508529999999998 0
0.72239726999999998 0.032672489999999998 0
0.72243261000000003 0.20540754999999999 0
0.72257691000000002 0.12357478 0
0.72279859000000002 0.87915801000000005 0
0.72288722000000005 0.84581044000000005 0
0.72288726000000003 0.31785196999999998 0
0.72298662999999996 0.44979901999999999 0
0.72302566000000001 0.18129323 0
0.72304656 0.56132673 0
0.99954925999999999 0.078428709999999999 0
0.72314396999999997 0.090193469999999998 0
0.72314791 0.1427795 0
0.72317595000000001 0.52271219000000002 0
0.72351370000000004 0.97482278 0
0.72354319 0.21680621 0
0.72354439999999998 0.73514190000000001 0
0.72366843000000003 0.10925542000000001 0
0.72371591000000002 1 0
0.72379841 0.77443808999999997 0
0.72385105000000005 0.36403866000000001 0
0.72385358 0.29513082000000002 0
0.72392193999999999 0.16661057000000001 0
0.72392820000000002 0.26283391 0
0.72392966999999997 0.4039856 0
0.72393299 0.61671757000000005 0
0.72409108 0.73594793000000003 0
0.72415719000000001 0.44376832999999999 0
0.72418477000000003 0.75658787000000005 0
0.72427195 0.74758404000000001 0
0.72427273000000003 0.10645736 0
0.72428126999999998 0.84002515 0
0.72434262999999999 0.64022358000000001 0
0.72436919 0.56714900000000001 0
0.72443891000000005 0.48053609000000003 0
0.72451502000000001 0.49391921999999999 0
0.72451973999999997 0.32741864999999998 0
1 0.14141619 0
0.72478545000000005 0.31672524000000002 0
0.72479265999999998 0.31002709000000001 0
0.72479358999999999 0.17345115 0
0.7248561 0.32060834999999999 0
0.72493056 0.85900602999999998 0
0.72513720999999998 0.39124225000000001 0
0.72516031999999997 0.15126634 0
0.72517679999999995 0.31731288000000002 0
0.72519171999999998 0.86003295999999996 0
0.72524820000000001 0.41604755999999998 0
0.72533692000000005 0.01878519 0
0.72540916 0.37482900000000002 0
0.72554333999999998 0.91400274999999997 0
0.72555057999999995 1 0
0.72555186999999999 0.72057462000000005 0
0.72562351000000003 0.67606880000000003 0
0.72566403999999995 0.084793160000000006 0
0.72579331999999996 0.99088014000000002 0
0.72593262000000003 0.089984659999999994 0
0.72596324999999995 0.27200552 0
0.72599338000000002 0.81678037000000003 0
0.72600913 0.29610249 0
0.72606503 0.16845062999999999 0
0.72620468000000005 0.87774185999999998 0
0.7262151 0.98752790999999995 0
0.72629783999999997 0.078123929999999994 0
0.72630746000000002 0.25266318999999998 0
0.72642797999999997 0.67483583999999996 0
0.72643592000000001 0.53234223999999997 0
0.72648674999999996 0.98712295000000005 0
0.72649180000000002 0.93061289000000003 0
0.72655323000000005 0.11527793 0
0.72657168000000005 0.11565805999999999 0
0.72669395999999997 0.92623105999999999 0
0.72672406000000001 0.88144997999999997 0
0.72698726999999996 0.2769064 0
0.72700229999999999 0.42801400000000001 0
0.72714162000000004 0.062083960000000001 0
0.72728265000000003 0.35021680999999999 0
0.72729637000000003 0.46369141000000003 0
0.72733687999999996 0.19113182000000001 0
0.72734293999999999 0.16630549 0
0.72734310000000002 0.28221958000000003 0
0.72736012000000005 0.84219341000000003 0
0.72743643999999996 0.75934365999999998 0
0.72744527000000003 0.38628059999999997 0
0.72746884999999994 0.023475530000000001 0
0.72752410000000001 0.92391593999999999 0
0.7275874 0.31747555 0
0.72804027999999998 0.012653640000000001 0
0.72816943000000001 0.53185172000000003 0
0.72835771999999999 0.65422371999999995 0
0.72842094000000002 0.34870163999999998 0
0.72843206000000005 0.75550799000000002 0
0.72844757000000004 0.82132899999999998 0
0.72850817999999995 0.64920875 0
0.72862461000000001 0.71102567000000005 0
0.72879214000000003 0.43806583999999998 0
0.72890478999999997 0.20975526999999999 0
0.72900195999999995 0.18037212999999999 0
0.72903695000000002 0.39398707999999999 0
0.72911590999999998 0.030839439999999999 0
0.72912275000000004 0.26845859999999999 0
0.72915978999999997 0.22899033999999999 0
0.72923936 0.91513168 0
0.72931279000000004 0.22482392000000001 0
0.72933879999999995 0.78393933999999998 0
0.72938122000000005 0.013641240000000001 0
0.72950826000000002 0.39827994999999999 0
0.72952987999999996 0.051155720000000002 0
0.72953305999999996 0 0
0.72960175000000005 0.71688611999999996 0
0.72964598000000003 0.32688265999999999 0
0.72966995999999995 0.34161648 0
0.72967842999999999 0.97980323999999996 0
0.72976679 0.81964548999999998 0
0.72998202999999995 0.96982568999999996 0
0.73001123999999995 0.56399904999999995 0
0.73004095999999996 0.66353417999999997 0
0.73008203000000005 0.086166359999999997 0
0.73020037999999998 0.82867133000000004 0
0.73021829999999999 0.072091269999999999 0
0.73024321000000003 0.77054354000000003 0
0.73044103000000005 0.60908976000000004 0
0.73051962999999998 0.23067903000000001 0
0.73055725000000005 0.13636108999999999 0
0.73071748000000003 0.10781623999999999 0
0.73073149000000004 0.20077817000000001 0
0.73076114000000003 0.79072242000000004 0
0.73077391999999997 0.091709009999999994 0
0.98126128999999995 0.65214713000000002 0
0.73082086999999996 0.67149804999999996 0
0.73096258000000003 0.69627611 0
0.73100012000000003 0.068095699999999995 0
0.73110768000000004 0.060437190000000002 0
0.73115808000000004 0.33105405999999998 0
0.73125070999999997 0.076928259999999998 0
0.73127635999999996 0.57752269000000001 0
0.73128009999999999 0.99172009000000005 0
0.73134504 0.62806830999999996 0
0.73152271000000002 0.63558766 0
0.73154755000000005 0.76758689999999996 0
0.73157306 0.097043760000000007 0
0.73171938999999997 0.037661380000000001 0
0.73182360999999996 0.36360176 0
0.73184307000000004 0.67732791999999997 0
0.73188587000000005 0.076320319999999997 0
0.73197893000000003 0.22435093 0
0.73198854000000002 0.46264896999999999 0
0.73207540000000004 0.14329006 0
0.7321377 0.75269490999999999 0
0.73214964000000005 0.50391779000000003 0
0.73217023999999997 0.55169120999999999 0
0.73224188999999995 0.31090689999999999 0
0.73224871000000002 0.22940540000000001 0
0.73228576999999995 0.56208672999999998 0
0.73230293999999996 0.15264601999999999 0
0.73233325999999999 0.56315864999999998 0
0.73243773000000001 0.55406831000000001 0
0.73253135999999996 0.35270488 0
0.73258407999999997 0.76148780999999999 0
0.73263153000000003 0.17651681999999999 0
0.73271766999999999 0.82220892000000001 0
0.73273425000000003 0.98783052000000005 0
0.73276693000000004 0.98167780999999998 0
0.73292665999999995 0.67356210000000005 0
0.73296950999999999 0.65763640999999995 0
0.73304541999999995 0.57941584000000002 0
0.73310953999999995 0.63380345000000005 0
0.73313755000000003 0.66989025999999996 0
0.73316227 0.87983756000000002 0
0.99997433999999996 0.043059800000000002 0
0.73335496 0.50959783000000003 0
0.73352932999999998 0.066306619999999997 0
0.73361799000000005 0.95647835000000003 0
0.73362446000000003 0.071207019999999996 0
0.73367660000000001 0.70896831999999999 0
0.73369664000000001 0.66615626999999999 0
0.73373073 0.30023908999999999 0
0.73379987000000002 0.33721161999999999 0
0.73381483000000003 0.29879559 0
0.73392000000000002 0.56920267000000002 0
0.7339753 0.81939169000000001 0
0.73399455000000002 0.054653170000000001 0
0.73404429999999998 0.78857900999999997 0
0.73406055000000003 0.13656789999999999 0
0.73416291 0.29182047999999999 0
0.73426351999999995 0.61827224999999997 0
0.73441908 0.62567724999999996 0
0.73451036000000003 0.15068366 0
0.73456399999999999 0.42098974 0
0.73461874000000005 0.093670980000000001 0
0.73464065000000001 0.41467316999999998 0
0.73468915999999995 0.85018768 0
0.73469002999999999 0.85314679000000004 0
0.73471889999999995 0.03775676 0
0.73473513000000001 0.44925130000000002 0
0.73475193000000005 0.95545453999999996 0
0.73481258999999999 0.65478669 0
0.73502478999999998 0.63587121999999996 0
0.73504769000000003 0.72176035999999999 0
0.7350989 0.51562258999999999 0
0.73514394999999999 0.72529520999999997 0
0.73530218000000003 0.86533241000000005 0
0.73540415000000003 0.96974422999999998 0
0.73548572000000001 0.97313795000000003 0
0.73566982999999997 0.85531665999999995 0
0.73569441999999996 0.35415302999999998 0
0.73575467000000006 0.62052675000000002 0
0.73578984999999997 0.48080274000000001 0
0.73580741999999999 0.50256919 0
0.73586580999999995 0.53681767999999996 0
0.73603337999999996 0.071522069999999993 0
0.73604239000000005 0.99866292999999995 0
0.73605295000000004 0.80548218000000005 0
0.73617268000000002 0.75113973999999994 0
0.73630154000000003 0.90100789999999997 0
0.73631261999999997 0.090981759999999995 0
0.73634325 0.83129193000000001 0
0.73641579000000001 0.39017938000000002 0
0.73641621000000002 0.8007881 0
0.73654633999999997 0.30201790000000001 0
0.73654765 0.046025839999999998 0
0.73657874999999995 0.46072102999999998 0
0.73673692000000002 0.96344085000000002 0
0.73678717000000005 0.95066216000000003 0
0.73679167000000001 0.26390956999999998 0
0.73679969999999995 0.069509909999999994 0
0.73686739999999995 0.094072320000000001 0
0.73690582999999998 0.46431104000000001 0
0.73693295000000003 0.88377072000000001 0
0.73695814999999998 0.89552516000000004 0
0.73698302999999998 0.93210552000000002 0
0.73703010000000002 0.59663549000000005 0
0.73708015999999998 0.47700215000000001 0
0.73711515000000005 0.1276023 0
0.73712325999999995 0.058855070000000002 0
0.98056838999999996 0.77951731000000002 0
0.73720425000000001 0.98023172000000003 0
1 0.64160724000000002 0
0.73729495 0.41786486 0
0.73729774999999997 0.95212260000000004 0
0.73733707999999998 0.29494042999999998 0
0.73735578000000002 0.85350908000000003 0
0.73751277000000004 0.38530815000000002 0
0.73755904000000005 0.5254278 0
0.73756160999999998 0.77547646999999997 0
0.73759574999999999 0.49499704 0
0.73766147999999998 0.64391069000000001 0
0.73768734999999996 0.10347953999999999 0
0.73775095000000002 0.13184683 0
0.73778686000000004 0.16434721999999999 0
0.73779519000000005 0.87873418999999997 0
0.73789168999999999 0.083532330000000002 0
0.73793914000000005 0.61794998000000001 0
0.73798158999999997 0.25053916999999998 0
0.73806088999999997 0.21241396000000001 0
0.73813678000000005 0.11634580999999999 0
0.73816740000000003 0.13863909999999999 0
0.73819484999999996 0.6860385 0
0.73819541 0.12375445 0
0.73820233999999996 0.33327381 0
0.73822080999999995 0.97923017999999995 0
0.73824438999999997 0.54496652000000001 0
0.73831928000000002 0.20730965000000001 0
0.73832781999999997 0.10908658 0
0.73836321000000005 0.82359828000000002 0
0.73838205000000001 0.93679908999999995 0
0.73841712000000004 0.25102824000000001 0
0.73846243 0.16143719000000001 0
0.73847856999999995 0.41717342000000002 0
0.73849869000000001 0.63916786000000003 0
0.73850247999999996 0.19566676999999999 0
0.73853665999999996 0.40257114999999999 0
0.73854690999999995 0.35710367999999998 0
0.73858643000000002 0.02863541 0
0.73867828999999996 0.96462787000000005 0
0.73876828999999999 0.98136058999999998 0
0.73877223000000003 0.41073092999999999 0
0.73887513999999999 0.35175624999999999 0
0.73898686999999996 0.38943937000000001 0
0.73902139 0.91403427999999998 0
0.73905047000000001 0.043485410000000002 0
0.73912915999999995 0.78701251000000005 0
0.73923830000000001 0.78426375000000004 0
0.73930220999999996 0.87095882999999996 0
0.73931798000000004 0.97908587000000002 0
0.73935238999999997 0.22307083999999999 0
0.73946659000000003 0.79389717000000004 0
0.73946864000000001 0.56674493000000004 0
0.73962503999999996 0.019263249999999999 0
0.73967963000000003 0.72885661000000002 0
0.73970404000000001 0.76554438999999996 0
0.73983703999999995 0.99328413999999998 0
0.73988637999999995 0.78939619000000005 0
0.73997727000000002 0.70139947000000002 0
0.73999397 0.37429568000000002 0
0.74000902000000002 0.45231345000000001 0
0.74001799999999995 0.74226009999999998 0
0.74009298000000001 0.48233007 0
0.74017999000000001 0.70700474999999996 0
0.74026656000000002 0.34191938999999999 0
0.74030795000000005 0.0042674399999999999 0
0.74043857000000002 0.46304552999999998 0
0.74059596999999999 0.87169127000000002 0
0.74086143000000004 0.33412090999999999 0
0.74096532000000004 0.38353746 0
0.74104910999999996 0.018654150000000001 0
0.74105597999999995 0.27099218000000003 0
0.74121168000000004 0.71492756999999996 0
0.74123483999999995 0.098192730000000006 0
0.74125375999999998 0.4796571 0
0.74134825999999998 0.93673269000000003 0
0.74141973000000005 0.53436121000000003 0
0.74145046000000003 1 0
0.74153758000000003 0.23073341999999999 0
0.74168199999999995 0 0
0.74173478000000004 0.60568107999999998 0
0.74193361000000002 0.40340232999999998 0
0.74198911999999995 0.99345625000000004 0
0.74200725000000001 0.65041448000000002 0
0.74203869 0.19051048000000001 0
0.74208244000000001 0.0080218900000000003 0
0.74210816999999996 0.05138231 0
0.74218888999999999 0.91361300000000001 0
0.74228342000000003 0.62258005000000005 0
0.74230088999999999 0.95675577999999994 0
0.74231305999999997 0.68371504000000005 0
0.74232070000000006 0.87741621999999997 0
0.74235397000000003 0.33396189999999998 0
0.74239991999999999 0.01018266 0
0.74241577999999997 0.88079441000000003 0
0.74243946000000005 0.79516432999999997 0
0.74262773000000004 0.52706271000000005 0
0.74265141999999995 0.60825143000000004 0
0.74270603999999996 0.29871006999999999 0
0.74271491000000001 0.31302869 0
0.74273853999999995 0.37448267000000002 0
0.74273960000000006 0.14484888000000001 0
0.74277245999999997 0.33725289000000003 0
0.74285455 0.80249356999999999 0
0.74287727999999997 0.27712436000000001 0
0.74292106999999996 0.25683975999999997 0
0.74301291000000003 0.45899757000000002 0
0.74305321000000002 0.77916207000000004 0
0.74309413000000002 0.27358780999999999 0
0.74318755999999997 0.98048944000000005 0
0.74322907999999999 0.12288889 0
0.74324663999999996 0.00387214 0
0.74324827999999998 0.36841110999999999 0
0.74329290999999997 0.85370097 0
0.74332346000000005 0.13124470999999999 0
0.74344052000000005 0.23633613000000001 0
0.74349069999999995 0.63036225999999995 0
0.74351487000000005 0.65728909999999996 0
0.74356959 0.92639998999999995 0
0.74371670999999995 0.36961685 0
0.74382667999999996 0.55256205000000003 0
0.74389413999999998 0.044585710000000001 0
0.74411868000000003 0.79938355000000005 0
0.74419952 0.33649725000000003 0
0.74420697999999996 0.84399358999999996 0
0.74422191999999998 0.26894683000000003 0
0.74424469000000004 0.075922829999999997 0
0.74435357000000002 0.15357725 0
0.74436497000000001 0.16040380000000001 0
0.74439743999999997 0.80773786000000003 0
0.74441734000000004 0.25703208 0
0.74442253000000003 0.87040178999999995 0
0.74442302999999999 0.90626808000000003 0
0.74452196999999998 0.95663986999999995 0
0.74457273000000002 0.79545454999999998 0
0.74460627999999995 0.87471564000000002 0
0.74461535000000001 0.23800776000000001 0
0.74465775999999995 0.63194320999999998 0
0.7446914 0.73356195999999996 0
0.74489647000000003 0.89136457999999996 0
0.74498598999999999 0.94749377000000001 0
0.74513317999999995 0.41240979999999999 0
0.74514327000000002 0.42329695000000001 0
0.74522032000000005 0.41960930000000002 0
0.74535437999999998 0.77285992000000003 0
0.74544999000000001 0.37529058999999998 0
0.74551643000000001 0.53129128999999997 0
0.74552921999999999 0.95532883999999996 0
0.74563729000000001 0.39638337000000001 0
0.74596207999999997 0.099028720000000001 0
0.74615366999999999 0.16540673 0
0.74622321999999996 0.81874935000000004 0
0.74626671 0.32544838999999998 0
0.74653709999999995 0.89474766999999999 0
0.74662826000000004 0.25491949000000003 0
0.74668743000000004 0.35418379999999999 0
0.74670150999999996 0.13510331 0
0.74671197 0.95273152000000005 0
0.74675459 0 0
0.74681597 0.43247416999999999 0
0.74681896999999997 0.18843997000000001 0
0.74684139999999999 0.74773548000000001 0
0.74685040000000003 0.97474205000000003 0
0.74690380999999995 0.95443113000000002 0
0.74695831999999995 0.45384685000000002 0
0.74709490000000001 0.75007550999999995 0
0.74723983999999999 0.38542882000000001 0
0.74723994999999999 0.16675049 0
0.74727381000000004 0.79997799999999997 0
0.74737781999999997 0.60633629 0
0.74746628999999998 0.64570806999999997 0
0.74748994999999996 0.075367909999999996 0
0.74758972000000001 0.70784380000000002 0
0.74762445 0.94175867999999996 0
0.74762605999999998 0.56881579999999998 0
0.74772508000000004 0.15907099999999999 0
0.74773188000000002 0.33386619000000001 0
0.74783814000000004 0.93634322999999997 0
0.74784521999999998 0.48428798000000001 0
0.74794852999999994 0.72207840999999995 0
0.74800551999999998 0.93340424 0
0.74801929 0.12348183 0
0.74810573999999996 0.12706738000000001 0
0.74817942999999998 0.36011264999999998 0
0.74818450999999997 0.40505110999999999 0
0.98021722 0.87210513999999995 0
0.74849215999999996 0.72615392999999995 0
0.74852843000000002 0.059846129999999997 0
0.74873012999999999 0.93235170999999994 0
0.74874443999999996 0.84742868999999998 0
0.74885009000000002 0.62465466000000003 0
0.74886507000000002 0.79204996000000005 0
0.74889866000000005 0.68891665999999996 0
0.74895405000000004 0.28568378 0
0.74896808999999998 0.63915756000000001 0
0.74896859000000005 0.18743986000000001 0
0.74899273 0.28115417999999998 0
0.74909216000000001 0.17517699 0
0.74921934999999995 0.87003355000000004 0
0.74931822999999997 0.46920821000000001 0
0.74933848999999997 0.28531705000000002 0
0.74939100999999997 0.33793025999999998 0
0.74941552 0.34592856 0
0.74941809999999998 0.80428637999999997 0
0.74953011999999997 0.54799545000000005 0
0.74957806000000005 0.45501169000000002 0
0.74960610000000005 0.18828573000000001 0
0.74966677999999998 0.55267679999999997 0
0.74968425000000005 0.63892923999999995 0
0.74972075999999999 0.50389850999999997 0
0.74996878 0.55734373999999998 0
0.75005286000000004 0.75256897 0
0.75012791000000001 0.073734170000000002 0
0.75032566999999994 0.45511415999999999 0
0.75034796000000004 0.15843463999999999 0
0.75040845 0.60462366000000001 0
0.75045150999999999 0.032253009999999999 0
0.75052258000000005 0.2946396 0
0.75058535000000004 0.65452686000000004 0
0.75060654000000004 0.84486861000000002 0
0.75062625000000005 0.18131778000000001 0
0.75066016000000002 0.19464203999999999 0
0.75068511000000004 0.48156823999999998 0
0.75070411000000004 0.99678431999999995 0
0.75077136 0 0
0.75080192000000001 0.52955611999999996 0
0.75092053999999997 0.51946475000000003 0
0.75096277 0.70712717999999997 0
0.75100946999999996 0.50330397999999998 0
0.75119871999999999 0.56839390999999995 0
0.75125496000000003 0.59867236000000001 0
0.75126123 0.60639312000000001 0
0.75128826999999998 0.45152240999999999 0
0.75137944999999995 0.49281374999999999 0
0.75144175000000002 0.63851581999999996 0
0.75146212999999995 0.19953670000000001 0
0.75152247999999999 0.62371193999999996 0
0.75155216999999996 0.085391120000000001 0
0.75157088999999999 0.88031097000000003 0
0.75162651000000003 0.98385043999999999 0
0.75169377000000004 0.39605128000000001 0
0.75183951999999998 0.46230914000000001 0
0.75184340000000005 0.14944615 0
0.75185780999999996 0.74104040999999998 0
0.75188816999999997 0.81628840999999996 0
0.75189523999999996 0.68645601999999994 0
0.75206200000000001 0.49626900000000002 0
0.75206671999999997 0.023073409999999999 0
0.75209108000000002 0.97468814999999998 0
0.75209331999999995 0.63316872999999996 0
0.75210505000000005 0.92956254000000005 0
0.75218220000000002 0.38848114 0
0.75222215999999997 0.11608702 0
0.75246312000000004 0.054294299999999997 0
0.75246614999999994 0.86493361999999996 0
0.75250402000000005 0.06787878 0
0.75256564000000004 0.46177900999999999 0
0.75260263000000005 0.15804429 0
0.98227944 0.19485638 0
0.75262196999999997 0.44595679999999999 0
0.75273274000000001 0.089534890000000006 0
0.75280318000000002 0.62756847000000004 0
0.75289448999999997 0.57185986 0
0.75330662000000004 0.90883504999999998 0
0.75334051999999996 0.61289216000000002 0
0.75344580000000005 0.54398880000000005 0
0.75345905000000002 0.68776154 0
0.75346400999999996 0.053923899999999997 0
0.75359140999999996 0.52542500999999997 0
0.75378341999999998 0.086094480000000001 0
0.75382583999999997 0.33226526000000001 0
0.75397574000000001 0.19473061 0
0.75397972999999996 0.73745618999999996 0
0.75399428999999996 0.99149533000000001 0
0.75432025999999996 0.11955349 0
0.75433521999999997 0.76703811 0
0.75434804 0.79537513000000004 0
0.75446285000000002 0.80279685000000001 0
0.75450907 0.92625367000000003 0
0.75455395000000003 0.86948552000000001 0
0.75460002000000004 0.93777699999999997 0
0.75460510999999997 0.20985803 0
0.75462750999999995 0.37292269 0
0.75465539999999998 0.58746109000000002 0
0.75468206000000004 0.70654945999999996 0
0.75481229999999999 0.71153785999999997 0
0.75483343000000003 0.17517996999999999 0
0.75486147000000003 0.21735558999999999 0
0.75492121000000001 0.96351743000000001 0
0.75494401 0 0
0.75497804000000002 0.30512882000000002 0
0.75514294999999998 0.85396870999999996 0
0.75524932 0.42849892000000001 0
0.75530319000000001 0.49659745999999999 0
0.75532672999999995 0.30368811000000001 0
0.75536557000000004 0.22114254999999999 0
0.75538064999999999 0.97329195000000002 0
0.75538457999999997 0.92449585000000001 0
0.75544765999999997 0.85166182999999995 0
0.75554955000000001 0.21514064999999999 0
0.75568709000000001 0.40009913000000003 0
0.75571511000000002 0.10797184 0
0.75571785000000002 0.43653163 0
0.75576991000000004 0.24025105999999999 0
0.75584359000000001 0.94138520000000003 0
0.75606945999999997 0.71039958999999997 0
0.75611945999999997 0.38830683999999999 0
0.75616136 0.44793593999999998 0
0.75619517999999997 0.62784008000000002 0
0.75627175000000002 0.34361056000000001 0
0.75637768999999999 0.02154006 0
0.75641026 0.034005849999999997 0
0.75653376999999999 1 0
0.75658696999999997 0.93496137000000001 0
0.75660267999999997 0.21347862000000001 0
0.75662180999999995 0.52645249999999999 0
0.75664628 0.30474083000000002 0
0.75671759000000005 0.77141294999999999 0
0.75672834 0.25459927999999998 0
0.75685354999999999 0.98917811 0
0.75689253000000001 0.00100099 0
0.75690895000000002 0.48993414000000002 0
0.75700738999999995 1 0
0.75701799000000003 0.90527080999999998 0
0.75709894 0.60107526 0
0.75715705 0.81358733999999999 0
0.75716958999999995 0.69976238999999996 0
0.75719027999999999 0.90507539999999997 0
0.75738360999999998 0.042093510000000001 0
0.75751212000000001 0.73505036000000001 0
0.75760258999999996 0.82188901999999997 0
0.75761352999999998 0.78024720999999997 0
0.75762141000000005 0.17464678 0
0.75765879000000003 0.19682201999999999 0
0.75773586000000004 0.49215451999999998 0
0.75782830999999995 0.29061115999999998 0
0.75793180999999998 0.10643803 0
0.75794271000000002 0.35737856000000001 0
0.75798352000000002 0.14174544 0
0.75798631000000005 0.79244731999999996 0
0.75800639000000003 0.90447403000000004 0
0.75807232999999996 0.73865398999999998 0
0.75810462000000001 0.98857099999999998 0
0.75813195 0.45135043000000002 0
0.75820522999999995 0.89904547000000001 0
0.75825370000000003 0.39845924999999999 0
0.75827902000000003 0.01027496 0
0.75831446000000002 0.81953593999999996 0
0.75843819999999995 0.98962013999999998 0
0.75872905000000002 0.10822975 0
0.75875853000000004 0.47977797999999999 0
0.75878712999999998 0.73028137000000004 0
0.75881061999999999 0.65095376999999999 0
0.75882985000000003 0.29063714000000002 0
0.75890413000000001 0.53224172000000003 0
0.75894287999999999 0.17560624 0
0.75896887000000002 1 0
0.75898553000000002 0.48682463999999998 0
0.75902948999999997 0.17733275000000001 0
0.75904225999999997 0.92416215999999995 0
0.75904908999999998 0.60215989999999997 0
0.75941510999999995 0.75068449999999998 0
0.75947569999999998 0.50078582999999999 0
0.75955019999999995 0.54811750999999997 0
0.75959379000000005 0.46889462999999998 0
0.75960333000000002 0.27468774000000001 0
0.75967081000000003 0.58210198000000002 0
0.75968380000000002 0.12731575000000001 0
0.75978643000000001 0.20172761 0
0.75981485999999998 0.94236615999999995 0
0.75983893000000002 0.56581716999999998 0
0.75986144 0.60589283999999999 0
0.75991797999999999 0.24156341000000001 0
0.76007663999999997 0.51402373000000001 0
0.76010622999999999 0.45098058000000002 0
0.76011552999999998 0.065752820000000003 0
0.76024234000000002 0.97134664000000004 0
0.76025443999999998 0.1009722 0
0.76027277999999998 0.28375879999999998 0
0.76045052999999996 0.040930340000000003 0
0.76051071999999997 0.46265140999999999 0
0.76051563 0.045817839999999999 0
0.76055309000000004 0.32234481999999998 0
0.76074291999999999 0.87282915999999999 0
0.76075051999999999 0.91654270999999998 0
0.76081997000000001 0.56642672000000005 0
0.76084302000000004 0.39035492999999999 0
0.76085020999999997 0.73299831999999998 0
0.76088761000000005 0.32281768 0
0.76091407 0.64663453000000004 0
0.76098222999999998 0.16264491 0
0.76114071999999999 0.89948253 0
0.76116527 0.80118089999999997 0
0.76117453000000002 0.055589470000000002 0
0.76117462000000002 0.042809460000000001 0
0.76121488000000004 0.60724803999999999 0
0.76124948999999997 0.19732573 0
0.76126444999999998 0.94275549999999997 0
0.76131146000000005 0.56260957 0
0.76134632000000002 0.82489678 0
0.76150885999999995 0.15450674 0
0.76158610999999998 0.97672727000000004 0
0.76164845000000003 0.060962809999999999 0
0.76178330000000005 0.22577475 0
0.7617834 0.67504032000000003 0
0.76183712000000003 0.14848207999999999 0
0.76188303999999996 0.68150390000000005 0
0.76201315999999997 0.54534883999999995 0
0.76203330000000002 0.21372803000000001 0
0.76204000000000005 0.062243899999999998 0
0.76217104999999996 0.96217558000000003 0
0.76219831000000005 0.63893146000000001 0
0.76233505000000001 0.21684788999999999 0
0.76234144999999998 0.081325079999999994 0
0.76237474000000005 0.10304149 0
0.76239553999999998 0.52034491999999999 0
0.76251181000000001 0.44995231000000002 0
0.76259937 0.62703608 0
0.76262501999999999 0.14588901000000001 0
0.76262655999999995 0.40738337000000002 0
0.76291476999999996 0.63364352999999995 0
0.76292139000000003 0.36693491 0
0.76296858999999995 0.25462906000000002 0
0.76311569000000001 0.084446709999999994 0
0.76317926000000003 0.59439628 0
0.76337600999999999 0 0
0.76356177000000003 0.47262259000000001 0
0.76372348000000001 0.82187091999999995 0
0.76392685999999999 0.48857910999999998 0
0.76394408999999996 0.34500610999999998 0
0.76396423999999996 0.58428517999999996 0
0.76396485000000003 0.28084030999999998 0
0.76406691999999998 0.88471425000000004 0
0.76407915000000004 0.61913059000000004 0
0.76409227999999996 0.33210981000000001 0
1 0.27959060000000002 0
1 0.25690685000000002 0
0.76420575999999996 0.61143643999999997 0
0.76425100000000001 0.86577090000000001 0
0.76425151999999996 0.53641945000000002 0
0.76428633000000001 0.89831039000000001 0
0.76433830999999997 0.84829527000000005 0
0.76437308999999998 0.94343336 0
0.76439836000000005 0.70670038999999996 0
0.76448189 0.50243775000000002 0
0.76457903999999999 0.38215157999999999 0
0.76459723999999996 0.28338049999999998 0
0.76465430999999995 0.84228069000000005 0
0.76466699000000005 0.81297401000000002 0
1 0.75705301000000003 0
1 0.65280662 0
0.76475274000000004 0.72002690000000003 0
0.76489545999999997 0.21726155999999999 0
0.76494417999999997 0.0073102899999999997 0
0.76499587000000002 0.03598991 0
0.76500524000000003 0.35131037999999998 0
0.76503432000000005 0.01165791 0
0.76506998999999998 0.25870781999999998 0
0.76511918999999995 0.57227956000000002 0
0.76512893999999998 0.36628392999999998 0
0.76519990000000004 0.46497829000000002 0
0.76526037000000002 0.23256159000000001 0
0.76527042999999995 0.68637786999999995 0
0.76532213999999998 0.40090819 0
0.76538054 0.36850865999999999 0
0.76543472999999995 0.81957827999999999 0
0.76547096000000003 0.40698066999999999 0
0.76547202999999997 0.55932068999999995 0
0.76575152999999996 0.97547538 0
0.76583867000000005 0.13987516999999999 0
0.76584613999999995 0.79845383999999997 0
0.76589912999999998 0.65193593999999999 0
0.76597985000000002 0.88571973999999998 0
0.76598036999999997 0.22557061 0
0.76602336999999998 0.21813244000000001 0
0.76604439999999996 0.76675042000000004 0
0.76616404999999999 0.38295976999999998 0
0.76621775000000003 0.43894835999999998 0
0.76623675999999996 0.19898403000000001 0
0.76625370000000004 0.45861813000000001 0
0.76626194000000003 0.84495790000000004 0
0.76638373999999998 0.12675156000000001 0
0.76645764999999999 0.68351055999999999 0
0.76652390999999998 0.070371230000000007 0
0.76662713000000005 0.27341425000000003 0
0.76671712999999997 0.41278543000000001 0
0.76693409000000001 0.42410176999999999 0
0.76706759000000002 0.50146745000000004 0
0.76710919 0.48142228999999997 0
0.76720922000000003 0.55396398999999996 0
0.76721845 0.00055696000000000001 0
0.76726839000000002 0.74058146000000002 0
0.76735752999999995 0.45583812000000001 0
0.76747228999999995 0.36033604000000002 0
0.76749129999999999 0.76589638000000004 0
0.76752122 0.17163469000000001 0
0.76753990999999999 0.69938873000000001 0
0.76754522999999997 0.5153626 0
0.76776107000000005 0.93378894999999995 0
0.76780576 0.69411497 0
0.76789021999999996 0.065672510000000003 0
0.76789969000000002 0.59544085999999996 0
0.76792802000000004 0.38630263999999997 0
0.76805736000000002 0.83820645000000005 0
0.76809070999999995 0.39462528000000002 0
0.76814048999999995 0.76053000000000004 0
0.76823001999999996 0.77277056 0
0.76841214999999996 0.055174790000000001 0
0.76844391999999995 0.076325530000000003 0
0.76846104000000004 0.82169133000000005 0
0.76855941999999999 0.60781858 0
0.76857732000000001 0.46968238000000001 0
0.98061284000000004 0.42817381999999998 0
0.76860510999999998 0.98811740000000003 0
0.76860994999999999 0.2252122 0
0.76862284999999997 0.23544393999999999 0
0.76863552000000002 0.22031787999999999 0
0.76870201999999999 0.39625400999999999 0
0.76870388999999995 0.94231052999999998 0
0.76874582000000002 0.70219235999999996 0
0.76885367999999998 0.87055747999999999 0
0.76888208999999996 0.50714667000000002 0
0.76900723999999998 0.93640210000000002 0
0.76902055999999996 0.21212307 0
0.76903379000000005 0.63655448000000003 0
0.76912239999999998 0.60539264000000004 0
0.76913397999999999 0.89337820000000001 0
0.76920246000000003 0.90757582999999997 0
0.76944513000000003 0.54130882000000002 0
0.76951698999999996 0.24389930000000001 0
0.76963979000000005 0.90206823999999997 0
0.76974956000000005 0.15008262999999999 0
0.76975585000000002 0.44143329999999997 0
0.76976303999999995 0.93569663999999997 0
0.76977238000000003 0.28381433 0
0.76978000000000002 0.41684513000000001 0
0.76983274000000002 0.57323924999999998 0
0.76985409000000005 0.26034094000000002 0
0.77002320000000002 0.019610499999999999 0
0.77008608999999995 1 0
0.77018673000000004 0.4806087 0
0.77022553000000005 0.51176805999999997 0
0.77024669999999995 0.25405865999999999 0
0.77027842999999996 0.36661703000000001 0
0.77033419000000003 0.15764401 0
0.77037191999999999 0.09275572 0
0.77038664999999995 0.56961147000000001 0
0.77038781000000001 0.64862838 0
0.77042555999999995 0.00175037 0
0.77068798999999999 0.89735271000000005 0
0.77070218000000001 0.20244358000000001 0
0.77070634999999998 0.66554575999999999 0
0.77083899 0.16945773 0
0.77097881999999995 0.78787848999999999 0
0.77099846000000005 0.7081383 0
0.77103259000000002 0.75978783999999999 0
0.77104105999999994 0.036959239999999997 0
0.77119296999999998 0.070304829999999999 0
0.77129767999999999 0.50834513000000003 0
0.77135401000000003 0.50731442000000004 0
0.77136492999999995 0.28540913000000001 0
0.77139528999999996 0.76122391 0
0.77160737999999995 0.99824451999999997 0
1 0.69444196000000002 0
0.77163718000000003 0.41476436 0
0.7716558 0.10482486000000001 0
0.77169966000000001 0.72831440000000003 0
0.77171498000000005 0.17527334 0
0.77179823000000003 0.74317772999999998 0
0.77187276000000005 0.50228150999999999 0
0.77190214999999995 0.83977122999999998 0
0.77209656999999998 0.83810936000000003 0
0.77209782999999998 0.19082626 0
0.77219397999999995 0.46598162999999998 0
0.77220502000000002 0.069481749999999995 0
0.77220858999999997 0.72372002999999996 0
0.77230480999999995 0.69680449 0
0.77234298999999995 0.73210922 0
0.77238834999999995 0.59131290000000003 0
0.77242823999999999 0.69750840999999997 0
0.77258128999999998 0.50720978000000005 0
0.77265443 0.86088257999999995 0
0.77268064999999997 0.12965931 0
0.77292282999999995 0.31960939999999999 0
0.77296794000000002 0.23110132 0
0.77307143 0.51781029999999995 0
0.77328065000000001 0.60855771999999997 0
0.77328960999999996 0.74789039000000002 0
0.77335807000000001 0.14184052999999999 0
0.77339270999999998 0.62224358999999996 0
0.77340023999999996 0.22295498999999999 0
0.77343264 0.86191381 0
0.77351163999999994 0.64159087000000004 0
0.77353616999999997 0.89513257999999996 0
0.77355154999999998 0.13979802999999999 0
0.77355861999999997 0.8862932 0
0.77365879000000004 0.0030023699999999999 0
0.77390369000000003 0.78576488 0
0.77393643999999995 0.12940305999999999 0
0.77394220999999996 0.52963574000000002 0
0.77396653000000004 0.60926424000000001 0
0.77404925999999996 0.42903376999999998 0
0.77409125000000001 0.98382371999999996 0
0.77410495999999995 0.19673663 0
0.77413133000000001 0.12644142 0
0.77416819000000003 0.81761885999999995 0
0.77425544999999996 0.59819431000000001 0
0.77427179999999995 0.57713015000000001 0
0.77427820999999997 0.037239269999999998 0
0.7743255 0.93259320000000001 0
0.77437319000000004 0.82795945000000004 0
0.77437610999999995 0.65572984999999995 0
0.77440366999999999 0.47990744000000002 0
0.77451654999999997 0.84587875000000001 0
0.77458236999999996 0.94054579999999999 0
0.77466531000000005 0.18730015999999999 0
0.77466729999999995 0.37695097 0
0.77477171 0.90657350999999997 0
0.77487318000000005 0.42683647000000002 0
0.77492307999999999 0.34994107000000002 0
0.77492499999999997 0.76833200999999995 0
0.77497212000000004 0.60915934000000005 0
0.77507514 0.53653658000000004 0
0.77512656000000002 0.74461202000000004 0
0.77513931999999997 0.072191489999999997 0
0.77532829000000003 0.97898326999999996 0
0.77534475000000003 0.40571839999999998 0
0.77545998000000005 0.22231427000000001 0
0.77559895000000001 0.39431270000000002 0
0.77564993000000004 0.32899655 0
0.77568152000000001 0.11649842000000001 0
0.77575594999999997 0.01814551 0
0.77575616999999997 0.93316405999999996 0
0.77577498 0.13985784000000001 0
0.77593917000000001 0.98403236000000005 0
0.77596319000000002 0.10503937000000001 0
0.77600475000000002 0.24321058000000001 0
0.7760167 0.87367711999999997 0
0.77612632000000004 0.92324065 0
0.77619711000000002 0.11488579 0
0.77624948000000005 0.31015322000000001 0
0.77636227000000002 0.41801641 0
0.77641130999999997 0.29552627999999997 0
0.77643808999999997 0.41089216000000001 0
0.77651705000000004 0.056124559999999997 0
0.77661413999999995 0.94410883000000001 0
0.77676252999999995 0.58524010000000004 0
0.77676617999999997 0.34022566999999998 0
0.77678097000000002 0.0082794600000000006 0
0.77685344999999995 0.31835032000000002 0
0.77689109000000001 0.095790169999999994 0
0.77716532000000005 0.42878369 0
0.77717707999999996 0.72830454 0
0.77718904 0.34272086000000002 0
0.77727773 0.55817422999999999 0
0.77738351999999999 0.89469728000000004 0
0.77739285000000002 0.0273294 0
0.77739464999999996 0.77998915000000002 0
0.77739844000000002 0.37977966000000002 0
0.77748028000000002 0.52110579999999995 0
0.77750054999999996 0.97013819999999995 0
0.77753578000000001 0 0
0.77761754000000005 0.98822911999999996 0
0.77768585000000001 0.52396326999999998 0
0.77770972000000005 0.39006574999999999 0
0.7778273 0.68476389999999998 0
0.77789923999999999 0.93303484000000003 0
0.77795210000000004 0.31579163999999998 0
0.77799662999999997 0.93009768999999998 0
0.77810911999999999 0.54040027000000002 0
0.77819061 0.058735120000000002 0
0.77820275999999999 0.36401999000000002 0
0.77828008999999998 0.74196244 0
0.77839484999999997 0.35700030999999999 0
0.77847513999999995 0.61276889999999995 0
0.77849709 0.41264453000000001 0
0.77854712999999998 0.66173820999999999 0
0.77861192000000001 0.52249131000000004 0
0.77867781000000003 0.048954240000000003 0
0.77869668999999997 1 0
0.77874359000000004 0.99684251000000001 0
0.77878259999999999 0.31082417000000001 0
0.77881018000000002 0.41925508 0
0.77892713000000002 0.12579899999999999 0
1 0.87518039999999997 0
0.77896759000000004 0.11744287 0
0.77898785999999998 0.31365030999999999 0
0.77911377999999998 0.82634216999999999 0
0.77912886000000003 0.52627360999999995 0
0.77913330999999997 0.18235336999999999 0
0.77936633 0.78581493999999996 0
0.77939835000000002 0.0027673900000000002 0
0.77944449999999998 0.43783982999999999 0
0.77945529999999996 0.64726216999999997 0
0.77951464999999998 0.65415062999999996 0
0.77956214999999995 0.84054881000000004 0
0.77957394000000002 0.41674645999999999 0
0.77962129999999996 0.076233060000000005 0
0.77965536999999996 0.23221518999999999 0
0.77969710999999997 0.81928829000000003 0
0.98091315999999995 0.067230709999999999 0
0.77982119999999999 0.55494913000000001 0
0.77988696000000002 0.32138282000000001 0
0.77997954999999997 0.61272256000000003 0
0.78018697000000004 0.054246120000000002 0
0.78022274999999996 0.25969355 0
0.78023472999999999 0.03152307 0
0.78029143000000001 0.99138459000000001 0
0.78035670000000001 0.21563208 0
0.78039033000000002 0.87674631000000003 0
0.78042025000000004 0.45311752999999999 0
0.78049736000000003 0.35999213000000002 0
0.78051172999999996 0.16261148 0
0.78057357999999999 0.45700162999999999 0
0.78059018000000002 0.30090602 0
0.78059107000000005 0.94093495000000005 0
0.78059900999999998 0.31902007999999998 0
0.78064336999999995 0.44953639000000001 0
0.78067076999999996 0.28618362000000003 0
0.78073645000000003 0.78535476999999998 0
0.78073665999999997 0.11370684 0
0.78093846 0.063670199999999996 0
0.78103367000000001 0.65927482000000004 0
0.78108118999999998 0.41472861 0
0.78109576999999997 0.43249925 0
0.78109779000000001 0.39341709000000002 0
0.78110716000000002 0.95464716000000005 0
0.78117411999999997 0.53176692999999997 0
0.78126589000000002 0.1255995 0
0.78132215999999999 0.99699950000000004 0
0.78135734999999995 0.25176046000000002 0
0.78147104999999994 0.18528443999999999 0
0.78149067000000005 0.39872403000000001 0
0.78151676999999997 0.36763512999999998 0
0.78151769999999998 0.90638041000000003 0
0.78158194000000003 0.28938436000000001 0
0.78158406999999996 0.62068467000000005 0
0.78158872999999995 0.79452409999999996 0
0.78159038000000003 0.52564551000000004 0
0.78182675000000001 0.69318862000000003 0
0.78185210999999999 0.63267293000000002 0
0.78185497999999998 0.83066845 0
1 0.74406395000000003 0
0.78187335000000002 0.35553868999999999 0
0.78192187000000002 0.12807689 0
0.78194178000000003 0.65910429999999998 0
0.78199998999999998 0.60819276 0
0.78204538000000001 0.79224711000000003 0
0.78204940000000001 0.53208387000000001 0
0.78222581000000002 0.67497001999999995 0
0.78223454000000003 0.2331085 0
0.78225652000000001 0.060799819999999997 0
0.78228244000000002 0.68374097 0
0.78233169000000002 0.32334781000000001 0
0.78235505000000005 0.55611827999999996 0
0.78239749000000003 0.11935508 0
0.78254159999999995 0.17363935 0
0.78256146999999998 0.71864145000000001 0
0.78257538000000004 0.087900420000000007 0
0.78258861000000002 0.77905016999999999 0
0.78260669000000005 0.55312634000000005 0
0.78264739000000005 0.91049011999999996 0
0.78265737999999996 0.48144782000000003 0
0.78275832000000001 0.79953432999999996 0
0.7827906 0.68441949000000002 0
0.78290446000000002 0.20778959999999999 0
0.78294191999999996 0.29052472000000001 0
0.78297952999999998 0.58906619999999998 0
0.78304099999999999 0.25158360000000002 0
0.78304805 0.048206680000000002 0
0.78307209 0.16650501000000001 0
0.78312791999999998 0.27915108 0
0.78312912000000001 0.76247704999999999 0
0.78313533999999996 0.96491108000000003 0
1 0.86067468000000003 0
0.78337972 0.66407653 0
0.78339616000000001 0.44739045 0
0.78341225000000003 0.89149774999999998 0
0.78343898000000001 0.52556197999999998 0
0.78356703999999999 0.64438759999999995 0
0.78361760999999996 0.79634179000000005 0
0.78364595999999997 0.30884405999999998 0
0.78371922999999999 0.47336846999999999 0
0.78373680000000001 0.96200317999999996 0
0.78383738999999997 0.71705017000000004 0
0.78393095000000002 0.58246030999999998 0
0.78400241000000004 0.033012720000000002 0
0.78404845000000001 0.021322560000000001 0
0.78404848000000005 0.31314279 0
0.78410226000000005 0.78091451999999995 0
0.78414598000000002 0.34664330999999998 0
0.78427164000000005 0.98529511999999997 0
0.78438962000000001 0.079814319999999994 0
0.78467651000000005 0.22581043000000001 0
0.78471089999999999 0.53861455000000003 0
0.78474577999999995 0.91542144999999997 0
0.78476239999999997 0.13982838 0
0.78484894999999999 0.49995592 0
0.78485495999999999 0.44012400000000002 0
0.78486398999999996 0.95333128 0
0.78486880999999997 0.073265830000000004 0
0.78490203999999997 0.22555821000000001 0
0.78494218999999998 0.78278643999999997 0
0.78497183000000004 0.011404869999999999 0
0.78499845000000001 0.83122141999999999 0
0.78502846999999998 0.65304087 0
0.78503862999999996 0.59836029000000002 0
0.78507605000000003 0.44831837000000002 0
0.78525813 0.82161711999999998 0
0.78530414000000004 0.41408172999999998 0
0.78542226999999998 0.20118595 0
0.78546240000000001 0.0040985500000000003 0
0.78553353000000004 0.31739107 0
0.78570846000000005 0.20704639 0
0.78589609999999999 0.97157285000000004 0
0.78612198 0.41939800999999999 0
0.78613566999999995 0.19355579000000001 0
0.78616626999999994 0.74445925999999996 0
0.78616931000000001 0.0085186299999999993 0
0.78630283999999995 0.26724379999999998 0
0.78630465000000005 0 0
0.78635922999999996 0.84076441999999996 0
0.78663954999999997 0.99924793000000001 0
0.78672186 0.17108620999999999 0
0.78681080999999997 0.40475044999999998 0
0.78690643999999998 0.0409951 0
0.78692839999999997 0.33184013000000001 0
0.78707183999999997 0.26435741000000001 0
0.78726030000000002 0.84830936999999995 0
0.78754097000000001 0.86922016000000002 0
0.78759170999999994 0.22143152999999999 0
0.78768914999999995 0.25208718000000002 0
0.78770424000000006 0.35235348999999999 0
0.78771256999999995 0.62474390999999996 0
0.78772737000000004 0.021864660000000001 0
0.78773177999999999 0.98040793000000004 0
0.78781363000000004 0.56121226999999996 0
0.78785466999999998 0.84867537999999998 0
0.78787430999999997 0.44642227000000001 0
0.78789505000000004 0.33774890000000002 0
0.78806788999999999 0.50010712999999996 0
0.78815581999999995 0.17919064000000001 0
0.78823193999999996 0.96210313999999997 0
0.78836518 0.084062310000000001 0
0.78845644000000004 0.95299235999999998 0
0.78849281999999998 0.07691154 0
0.78864937000000002 0.92077617 0
0.78864957000000002 0.48072656000000002 0
0.78877227000000005 0.86762947000000001 0
0.78881025999999999 0.68124925000000003 0
0.78891856000000005 0.64170234999999998 0
0.78894143999999999 0.0042660600000000003 0
0.78901036000000002 0.63561635000000005 0
0.78919620000000001 0.76792839000000002 0
0.78919866000000005 0.53017157000000004 0
0.78935080000000002 0.61807531999999998 0
0.78935920999999998 0.79168013000000004 0
0.78965048000000004 0.13702307999999999 0
0.78977664999999997 0.98551358 0
0.78984516999999999 0.64863621000000005 0
0.78991032999999999 0.66569834000000006 0
0.78993376000000004 0.42713430000000002 0
0.78993963 0.82748063999999999 0
0.78995486000000004 0.79965101000000005 0
0.79000707000000003 0.46168667000000002 0
0.79004927999999996 0.96761646000000001 0
0.79012364000000002 0.59441825000000004 0
0.79021741000000001 0.66286758000000001 0
0.79022360000000003 0.75733596000000003 0
0.79024583000000004 0.75267618999999997 0
0.79038043999999996 0.99424723999999998 0
0.79040014000000003 0.97510554999999999 0
0.79055206 0.64333825 0
0.79058859999999997 0.50246619999999997 0
0.79066919000000002 0.57678501999999998 0
0.79068709000000004 0.48956538999999999 0
0.79075960000000001 0.37511856999999998 0
0.79078426999999996 0.94399365999999996 0
0.79083433000000003 0.04792652 0
0.79103827999999998 0.90651157000000004 0
0.79107037000000002 0.58059256999999997 0
0.79108308999999999 0.4319923 0
0.79118401000000005 0.40924844999999999 0
0.79124114999999995 0.99455192000000003 0
0.79125040000000002 0.63742489999999996 0
0.79130128 0.20130924 0
0.79132457 0.34795896999999998 0
0.79137380999999996 0.77262741999999995 0
0.79166439 0.98277400999999998 0
0.79181661999999997 0.57028190000000001 0
0.79187620999999997 0.58049550000000005 0
0.79193044000000001 0.32835302 0
0.79193314000000004 0.17680878999999999 0
0.79194489999999995 0.96855908000000002 0
0.79200314000000005 0.45906250999999998 0
0.79200999999999999 0.19521163 0
0.79221328999999996 0.016771560000000001 0
0.79227132 0.59799616 0
0.79240893000000001 0.10886105 0
0.79242895999999996 0.52540324000000005 0
0.79250690999999995 0 0
0.79253359999999995 0.58835218 0
0.79265454000000002 0.83213344 0
0.79268934999999996 0.70949264999999995 0
0.79269862000000002 0.83141050000000005 0
0.79270642999999996 0.21725393000000001 0
0.79283797 0.0043623799999999999 0
0.79284511000000002 0.58688733999999998 0
0.79286195999999998 1 0
0.79288482000000005 0.19002541000000001 0
0.79292680999999998 0.42526276000000002 0
0.79296548 0.29512549999999999 0
0.79297289999999998 0.85296945999999996 0
0.79299459999999999 0.53380742000000003 0
0.79303031999999996 0.59981481999999997 0
0.79308683999999996 0.96094656000000001 0
0.79319804999999999 0.14571755 0
0.79324406999999997 0.78284500999999995 0
0.79327373000000001 0.71544982000000001 0
0.79335712999999997 0.17574776 0
0.79336962 0.24706947000000001 0
0.79342022000000001 0.42334449000000002 0
0.79344411000000004 0.89150790999999996 0
0.79347076000000005 0.24851590000000001 0
0.79361537999999998 0.25233216000000003 0
0.79364526000000002 0.48492299 0
0.79370666999999995 0.65281937000000001 0
0.79372127000000003 0.63671001999999999 0
0.79384279000000002 0.54688040999999998 0
0.79391500999999998 0.59977541000000001 0
0.79394916999999998 0.53096542000000002 0
0.79399907000000003 0.79852961 0
0.79408873999999996 0.97472568000000004 0
0.79409204 0.033255090000000001 0
0.79419234000000005 0.18298974000000001 0
0.79420822000000002 0.23417731999999999 0
0.79430058000000003 0.13195570000000001 0
0.79443271000000004 0.42148923999999999 0
0.79446665999999999 0.60809226000000005 0
0.79452168000000001 0.54214434 0
0.79464460999999997 0.97684135999999999 0
0.79472527999999998 0.77538222999999995 0
0.79478709999999997 0.83474976000000001 0
0.79485251999999995 0.54466616000000001 0
0.98052176000000002 0.13724061000000001 0
0.79492991999999996 0.15117390999999999 0
0.79497207000000003 0.81676755999999995 0
0.79504090999999999 0.34715728000000001 0
0.79514715000000002 0.57099520000000004 0
0.79530031000000001 0.79265372000000001 0
0.79535204999999998 0.41959168000000002 0
0.79543260000000005 0 0
0.79544709000000002 0.01107291 0
0.79545065999999998 0.56761618000000003 0
0.79555193000000002 0.42528028000000001 0
0.79555953000000001 0.26755790000000002 0
0.79568274000000005 0.81959185999999995 0
0.79571111999999999 0.42915569999999997 0
0.79591688999999999 0.12304924 0
0.79592554999999998 0.27879134999999999 0
0.79593645999999996 0.29763692000000003 0
0.79609892999999998 0.62501627000000004 0
0.79611911000000002 0.18927146 0
0.79613224999999999 0.50185049000000004 0
0.79630296 0.71118661000000005 0
0.79632528000000002 0.25935119000000001 0
0.79637738999999996 0.47141979000000001 0
0.79637990999999997 0.14576054999999999 0
0.79640091999999996 0.02640342 0
0.79642455999999995 0.64205814000000005 0
0.79643443999999997 0.46056100999999999 0
0.79657811999999995 0.24945514999999999 0
0.79666950999999997 0.66774054000000005 0
0.79678022000000004 0.14465053 0
0.79679062 0.76159368999999999 0
0.79682445999999996 0.48690953999999997 0
0.79684001999999998 0.01522683 0
0.79684878999999997 0.78257036999999996 0
0.79696643 0.64410860999999997 0
0.79697834999999995 1 0
0.79698486000000002 0.74717051000000001 0
0.79699344999999999 0.8342984 0
0.79705548999999998 0.31206199000000001 0
0.79708489999999999 0.19165183 0
0.79710404000000001 0.20559240000000001 0
0.98023563000000002 0.40717977999999999 0
0.79721045000000001 0.70817715000000003 0
0.79724786999999997 0.24221918000000001 0
0.79726980999999997 0.47768182999999997 0
0.79727484999999998 0.79105451999999998 0
0.79751059000000002 0.92757471000000002 0
0.79758196000000003 0.82098713999999995 0
0.79782136000000003 0.42432010999999997 0
0.79784054000000004 0.42500502000000001 0
0.79784226000000003 0.32703747999999999 0
0.79785497999999999 0.0029925899999999998 0
0.79793248000000006 0.087089139999999995 0
0.79797720999999999 0 0
0.79804359000000002 0.042301850000000002 0
0.79805890000000002 0.26036979999999998 0
0.79807733999999997 0.12549912999999999 0
0.79822152000000002 0.81054998 0
0.79823858999999997 0.02927101 0
0.79829753000000003 0.76429491000000005 0
0.79831700999999999 0.99254863000000004 0
0.79834117999999998 0.90168764999999995 0
0.79844572999999996 0.17224017999999999 0
0.79847752999999999 0.95971355000000003 0
0.98079212999999998 0.95956286999999996 0
0.79863835000000005 0.68139249000000002 0
0.79865220000000003 0.11139031000000001 0
0.79866287999999996 0.20266160999999999 0
0.79876128000000002 0.45768557999999998 0
0.79879849000000003 0.19951334000000001 0
0.79879913999999996 0.87362366000000002 0
0.79880121000000004 0.1119569 0
0.79881384 0.92972938000000005 0
0.79908931000000005 0.68020990999999997 0
0.79909154999999998 0.43796043000000001 0
0.79911969000000005 0.80263158000000001 0
0.79928491999999995 0.32284058999999998 0
0.79947458999999998 0.39908243999999998 0
0.79955841999999999 0.68861338999999999 0
0.79968488000000004 0.53200364 0
0.79974915000000002 0.56086237999999999 0
0.79977982999999997 0.12295803 0
0.79980642000000002 0.05448538 0
0.79988128999999997 0.86348367000000004 0
0.79992171999999995 0.72632664000000002 0
0.79994125000000005 0.92942119000000001 0
0.80002302000000003 0.95428707999999995 0
0.80003049999999998 0.36606435999999998 0
0.80004264000000003 0.05392131 0
0.80013593000000005 0.94331695000000004 0
0.98300874000000005 0.69217620999999996 0
0.80018973999999998 0.044219689999999999 0
0.80021677999999996 0.048479800000000003 0
0.80058041000000002 0.34248749000000001 0
0.80064133000000004 0.90791299000000003 0
0.80074712999999997 0.51352226999999995 0
0.80082766999999999 0.40377496000000002 0
0.80095404999999997 0.99907230000000002 0
0.80107958000000001 0.23951848000000001 0
0.80111398 0.31701277 0
0.80114598999999997 0.16948389999999999 0
0.80115296000000003 0.62631499000000002 0
0.80117150999999998 0.76470764999999996 0
0.80117989999999994 0.98490917 0
0.80118761999999999 0.083220130000000003 0
0.80121907000000003 0.86097360000000001 0
0.80128756000000001 0.79504045000000001 0
0.80136304000000003 0.43791475000000002 0
0.80136390999999996 0.39483787999999997 0
0.80140009000000001 0.12596346999999999 0
0.80148145999999998 0.0093421000000000008 0
0.80149073000000004 1 0
0.80151784999999998 0.49292795 0
0.80157893999999996 0.95725132999999996 0
0.80166864000000004 0.39086478000000002 0
0.80167217000000002 0.92157359000000005 0
0.80170474000000003 0.33653650000000002 0
0.80172726000000005 0.83032399000000001 0
0.80180821999999996 0.086497329999999997 0
0.80182938999999998 0.43343570999999997 0
0.80197821999999996 0.021228779999999999 0
0.80200468999999996 0.045826690000000003 0
1 0.19697856999999999 0
0.80203407999999998 0.88704073999999999 0
0.80203511999999999 0.92948123000000005 0
0.80214328000000001 0.42883605000000002 0
0.80217711000000003 0.15021894999999999 0
0.80221717000000003 0.46565239000000003 0
0.80223458999999997 0.42193493999999998 0
0.80240131000000003 0.65985136 0
0.80244013000000003 0.52715493999999996 0
0.80247564000000005 0.63647173000000001 0
0.80255865000000004 0.8053709 0
0.80257049000000003 0.37775163 0
0.80259720999999995 0.20870986 0
0.80262454999999999 0.01458811 0
0.80262661999999996 0.61962211 0
0.80270607999999999 0.12572725000000001 0
0.80274093999999996 0.63717164000000004 0
0.80276365000000005 0.30441038999999998 0
0.80281564000000005 0.32263292999999998 0
0.80293683000000005 0.10640445 0
0.80307399999999995 0.39617882999999998 0
0.80314832000000003 0.62374874999999996 0
0.80317656000000004 0.080723900000000001 0
0.80325259999999998 0.25565847000000003 0
0.80328677000000004 0.18614136000000001 0
0.80330626999999999 0.70521266000000005 0
0.80337389000000003 0.77456818999999999 0
0.80337946000000005 0.64495902000000005 0
0.80352860000000004 0.23704243 0
0.80353894000000003 0.80621750000000003 0
0.80362332000000003 0.27598865 0
0.80368446999999998 0.80350334999999995 0
0.80384029000000001 0.076919570000000007 0
0.80392520999999995 0.092282249999999996 0
0.80397030000000003 0.29833834999999997 0
0.80406264999999999 0.21007793 0
0.80412810999999995 0.071997359999999996 0
0.80431947999999998 0.96613183999999996 0
0.80432176 0.94976340999999997 0
0.80436746999999997 0.60282329000000001 0
0.80440056000000004 0.28821707000000002 0
0.80444243000000004 0.95945968999999998 0
0.80453940000000002 0.56549709000000004 0
0.80458163000000005 0.70491294000000004 0
0.80470830999999998 0.031224930000000001 0
0.80471451999999999 0.69653410999999998 0
0.80476488999999995 0.75860413000000004 0
0.80476627999999995 0.095198560000000002 0
0.80479480000000003 0.29499354999999999 0
0.80486111000000005 0.0089278399999999994 0
0.80490032 0.78029674000000004 0
0.80493053999999997 0.64401083999999997 0
0.80500059999999996 0.90028156000000004 0
0.80500685999999999 0.42072659000000001 0
0.80517934000000002 0.85366812000000003 0
0.80529070999999997 0.69456846999999999 0
0.80537186999999999 0.0021804099999999998 0
0.80547236 0.74408057999999999 0
0.80572049999999995 0.47791349999999999 0
0.80582540999999996 0.99257788999999996 0
0.80597585999999999 0.70759221999999999 0
0.80598544000000005 0.51829676999999996 0
0.80600205000000003 0.58997021999999999 0
0.80608093999999997 0.14020068999999999 0
0.80609653000000003 0.36330806999999998 0
0.80617114000000001 0.20780178999999999 0
0.80618171999999999 0.22295992000000001 0
0.80628911000000003 0.57959453999999999 0
0.80632915000000005 0.59276083000000002 0
0.80648001000000002 0.57273746999999997 0
0.80649000999999998 0.37968519000000001 0
0.80649733999999995 0.60633599999999999 0
0.80650558000000006 0.90801673000000005 0
0.80652557000000002 0.83202942999999996 0
0.80655480000000002 0.87139507000000005 0
0.80656251000000001 0.40665575999999998 0
0.80663298000000005 0.30250041 0
0.80681402999999996 0.47708282000000002 0
0.80687832999999998 0.36316726999999999 0
0.80697646000000001 0.96215541000000004 0
0.80706381999999999 0.01085593 0
0.80718162999999998 0.78048141999999998 0
1 0.25883957000000002 0
0.80735807000000004 0.81710273 0
0.80739733000000002 0.31671304 0
0.80747458000000005 0.65475949 0
0.80758273999999997 0.20804341000000001 0
0.80760171000000003 0.90503233999999999 0
0.80769115000000002 0.83264875000000005 0
0.80774942999999999 0.049076929999999998 0
0.80775808000000004 0.038567829999999997 0
0.80780739999999995 0.08308227 0
0.80785806000000004 0.28912303 0
0.80790211000000001 0.67230564999999998 0
0.80791113999999997 0.68383603999999998 0
0.80801000999999995 0.13570512000000001 0
0.80802328999999995 0.43186961000000001 0
0.80811087999999998 0.47534539999999997 0
0.80817812 0.48488256000000002 0
0.80824119999999999 0.92126730000000001 0
0.80835208999999997 0 0
0.80839342000000003 0.74993058000000001 0
0.80848660000000006 0.073171189999999997 0
0.80850405999999997 0.33716383 0
0.80850476999999998 0.84807611000000005 0
0.80861497999999998 0.51391483000000004 0
0.80864860000000005 0.64321244 0
0.80865622999999998 0.41239305999999998 0
0.80876603000000002 0.82973618999999998 0
0.80883424000000004 0.69499767999999995 0
0.80887931000000002 0.38070373000000002 0
0.80901308000000005 0.46107527999999998 0
0.80902578999999997 0.68847404000000001 0
0.80912596000000003 0.56369042000000003 0
0.80915504000000005 0.80679878999999999 0
0.80928922000000003 0.05551611 0
0.80937915000000005 0.81812797999999998 0
0.80938768000000005 0.68236931000000001 0
0.80939287000000004 0.67906767999999995 0
0.80947765999999999 0.92633403999999997 0
0.80948207999999999 0.44017924000000003 0
0.80955312999999995 0.93324585000000004 0
0.80958722999999999 0.95999685000000001 0
0.80966168000000005 0.58102043000000003 0
0.80967012999999999 0.16964559000000001 0
0.80972960999999999 0.22952175 0
0.80982462 0.63308348000000003 0
0.80982467000000002 0.47769483000000001 0
0.80989758000000001 0.67944937000000005 0
0.81001535999999996 0.79690351000000004 0
0.81004204999999996 0.34385995000000003 0
0.81006438000000003 0.39385757999999998 0
0.81013056000000006 0.99790029000000002 0
0.81019452999999997 0.92457173000000004 0
0.81030519999999995 0.01481029 0
0.81034176000000002 0.97785478000000003 0
0.81041881000000004 0.11180353 0
0.81042311 0.15909967999999999 0
0.81049605000000002 0.73968462999999995 0
0.81057984000000005 0.10168091999999999 0
0.81076168999999998 0.38622019000000002 0
0.81088406000000002 0.44987497999999998 0
0.81096212000000001 0.69835725000000004 0
0.81097470999999999 1 0
0.81107969000000002 0.40335211999999998 0
0.81112097000000005 0.29371026 0
0.81114332 0.58733362 0
0.81117289000000004 0.82355356999999996 0
0.81123997000000003 0.02079756 0
0.81136153 0.92997222000000002 0
0.8113648 0.59512602000000003 0
0.81141490000000005 0.089220930000000004 0
0.81152159000000001 0.78622338999999997 0
0.81169075000000002 0.52627369999999996 0
0.81183570000000005 0.66977083000000004 0
0.81193687999999997 0.27478914999999998 0
0.81202105999999996 0.29275162999999998 0
0.81204266999999997 0.094465569999999999 0
0.81212366999999996 0.86937134000000005 0
0.81215329000000003 0.45266236999999998 0
0.81219598000000004 0.99569061000000003 0
0.81221288000000003 0.051424839999999999 0
0.81243359999999998 0.96661472000000004 0
0.81257767999999997 0.11608941 0
0.81261379 0.044154869999999999 0
0.81265229999999999 0.74570110000000001 0
0.81273768999999996 0.16652212 0
0.81274555000000004 0.16041848 0
0.81274683000000003 0.71501355 0
1 0.77475205000000003 0
0.81285035000000005 0.62207707999999995 0
0.81292692 0.36899278000000002 0
0.81293800000000005 0.77015721000000004 0
0.81301780999999995 0.54449351000000001 0
0.81302147000000002 0.40111541000000001 0
0.81313062000000003 0.21399815 0
0.81319819999999998 0.16772740999999999 0
0.81320395999999995 0.61214035 0
0.81326834000000003 0.70389153000000004 0
0.81343637000000002 0.74001417999999997 0
0.81345688000000005 0.84683582000000002 0
0.81347285999999996 0.95802474000000004 0
0.81351825 0.21325421999999999 0
0.81356874999999995 0.65026514000000002 0
0.81360547999999999 0.30149963000000002 0
0.81362358999999995 0.50672075000000005 0
0.81378245999999999 0.95953754000000002 0
0.81378518 0.79540027999999996 0
0.81383883999999995 0.21177702000000001 0
0.81385384000000005 0.35285554000000002 0
1 0.94466190000000005 0
0.81415504999999999 0.93947515000000004 0
0.81423005000000004 0.71881096 0
0.8142741 0.45160929999999999 0
0.81433144000000002 0.42800175000000001 0
0.81433169000000005 0.20113017999999999 0
0.81442123 0.20705084000000001 0
0.81443273000000005 0.18696509 0
0.81450758999999995 0.70218354000000005 0
0.81453050999999999 0.51868331000000001 0
0.81464592999999996 0.37498414000000002 0
0.81479864999999996 0.73933404000000003 0
0.81485447 0.37431010999999997 0
0.81503572999999996 0.99433585000000002 0
0.81509463999999998 0.46837368000000001 0
0.81510393000000003 0.74780939999999996 0
0.81525590999999997 0.43227454999999998 0
0.81529251999999997 0.75515304000000005 0
0.81530404999999995 0.34615507000000001 0
0.81542791000000003 0.48693678000000001 0
0.81553127000000003 0.16474785 0
0.81567034000000005 0.89663799 0
0.81571627000000002 0.0027458500000000002 0
0.81574970999999996 0.94664510999999996 0
0.81575447999999995 0.36437591000000003 0
0.81576760999999998 0.93351768000000002 0
0.81580761999999996 0.065283190000000005 0
0.81580775000000005 0.69752590999999997 0
0.81589761000000005 0.63275687999999997 0
0.81597348999999997 0.67128186999999995 0
0.81601681999999998 0.64690871000000005 0
0.81609922999999995 0.036015779999999997 0
0.81614684000000004 0.52532562000000005 0
0.81617759999999995 0.071027380000000001 0
0.81626564000000001 0.097685820000000007 0
0.81628822000000001 0.85878487999999997 0
0.81635824999999995 0.96308340999999997 0
0.81642086000000003 0.34978930000000003 0
0.81649066999999997 0.95332402999999999 0
0.81658169999999997 0.14638200000000001 0
0.81660257000000003 0.79096047000000003 0
0.81665905999999999 0.25462074000000001 0
0.81667612000000001 0.58779294000000004 0
0.81671229000000001 0.28422227 0
0.81672465999999999 0.23810629 0
0.81677542999999997 0.32495492999999998 0
0.81683413000000005 0.11607735 0
0.81689104000000001 0.50803598000000005 0
0.81694376000000002 0.49829867 0
1 0.26378652000000002 0
0.81727136 0.85186152999999998 0
0.81728202999999999 0.10900132 0
0.81742736999999999 0.28923969999999999 0
0.81749035999999997 0.28227150000000001 0
0.81749852000000001 0.01466663 0
0.81753851 0.76539363999999999 0
0.81756662999999996 0.40793694000000003 0
0.81761846000000005 0.21941087000000001 0
0.81769148999999997 0.12943571000000001 0
0.81770719000000003 0.46768352000000002 0
0.81779367999999997 0.70137746999999995 0
0.81782328999999998 0.67377938999999998 0
0.81782462 0.15039079 0
0.81825652999999998 0.054188710000000001 0
0.81832344000000001 0.27011842000000003 0
0.81833400999999995 0.22109983 0
0.81838853 0.74401857000000005 0
0.81840329999999994 0.93097328000000001 0
0.81842504000000005 0.88910162999999998 0
0.81842641000000005 0.091006530000000002 0
0.81846885999999996 0.56155975999999996 0
0.81847625999999996 0.27760737000000002 0
0.81847851999999999 0.095801849999999994 0
0.81850982999999999 0.50508423000000002 0
0.81856870999999998 0.73550114 0
0.81860451999999995 0.85123497000000004 0
0.81864998 0.59219414999999997 0
0.81871556999999995 0.85527936999999998 0
0.81877685 0.022255150000000001 0
0.81878346999999996 0.68414575 0
0.81879296999999995 0.63045899999999999 0
0.81904924999999995 0.10460714 0
0.81912567000000003 0.81815795999999996 0
0.98361951999999997 0.84413892000000001 0
0.81914248999999995 0.91745741999999997 0
0.81924417000000005 0.77973760000000003 0
0.81925508999999996 0.1961832 0
0.81925802999999997 0.23576952000000001 0
0.81931138999999997 0.36084881000000002 0
0.81946015000000005 0.81224355000000004 0
0.81949629000000002 0.98036250000000003 0
0.81965383000000003 0.80548525000000004 0
0.81966846000000004 0.31745107 0
0.81968392000000001 0.20661383999999999 0
0.81971280999999996 0.25523820000000003 0
0.81981132999999995 0.89807095999999997 0
0.81987167000000005 0.23473833999999999 0
0.81995284999999996 0.94108829999999999 0
0.81995819999999997 0.96451953999999995 0
0.82000910999999999 0.62528377999999996 0
0.82004765999999996 0.33041893999999999 0
0.82019889999999995 0.81758021000000003 0
0.82039229999999996 0.48400399999999999 0
0.82040433999999995 0.018254639999999999 0
0.82048171000000003 0.58162528999999996 0
0.82057853999999997 0.72321729999999995 0
0.82063028000000005 0.26751060999999998 0
0.82064552999999996 0.87115251000000005 0
0.82065041999999999 0.38103114999999999 0
0.82065144000000001 0.071014519999999998 0
0.82074232999999996 0.96223566000000005 0
0.82078616999999998 0.51566575999999997 0
0.82085642999999997 0.96570497 0
0.82100888999999999 0.40846854999999999 0
0.82104370999999998 0.10759384 0
0.82105525000000001 0.50276471 0
0.82107525000000003 0.84494175999999999 0
0.82113983999999995 0.24354007999999999 0
0.82115031000000005 0.17839543999999999 0
0.82116646999999998 0.37308555999999998 0
0.82121105999999999 0.93600872999999996 0
0.82132247000000003 0.51283067000000004 0
0.82136081000000005 0.1310122 0
0.82152676999999996 0.33775970999999999 0
0.82168646000000001 0.24666879 0
0.82169574000000001 0.14532329999999999 0
0.82172093999999996 0.28521635000000001 0
0.82172217000000003 0.69752667000000002 0
0.82187577999999994 0.32883236999999998 0
0.82188388000000001 0.36499337999999998 0
0.82189557000000002 0.33344484000000002 0
0.82191565 0.36597960000000002 0
0.82196860999999999 0.01243847 0
0.82204083999999999 0.47398151999999999 0
0.82211665 0.27722908000000002 0
0.82227622 0.58969419999999995 0
0.82230137000000003 0.66271338999999996 0
0.82233666999999999 0.27765570000000001 0
0.82236604999999996 0.23050992000000001 0
0.82240871999999998 0.85828108999999997 0
0.82254821 0 0
0.82255849000000003 0.88361745000000003 0
1 0.29587729000000002 0
0.82263620000000004 0.88935101000000005 0
0.82282100999999996 0.090817679999999998 0
0.82283384999999998 0.17609857000000001 0
0.82286380999999997 0.081519179999999997 0
0.82290200000000002 0.36096397000000002 0
0.82290728999999996 0.25791512 0
0.98079349999999998 0.36797053000000002 0
0.82301146000000003 0.29457673000000001 0
0.82307158000000002 0.85101422000000004 0
0.82311522999999998 0.15322874 0
0.82316040000000001 0.86046038000000002 0
0.82319540000000002 0.36432818 0
0.82322660000000003 0.63902981000000003 0
0.82328221000000001 0.43240115000000001 0
0.82339527999999995 0.91578212000000003 0
0.82342409999999999 0.54338967999999999 0
0.82343935000000001 0.11098972999999999 0
0.82371651000000001 0.21147647 0
0.82371695 0.92129585999999997 0
0.82378666 0.058450589999999997 0
0.82379234999999995 0.84672048 0
0.82383998999999997 0.58932638999999998 0
0.82387710999999997 0.58666801999999996 0
0.82392279999999996 0.045587759999999998 0
0.82395461000000003 0.66257105999999999 0
0.82397544 0.47335876999999998 0
0.82403941000000003 0.39567310999999999 0
0.82418210000000003 0.25583549 0
0.82425415999999996 0.72109687 0
0.82427450000000002 0.90576495000000001 0
0.82450199999999996 0.057459440000000001 0
0.82455931000000005 0.47915795 0
0.82463553000000001 0.60795014000000003 0
0.82465902000000002 0.59805240999999998 0
0.82469031000000004 0.48115316000000002 0
0.82480812000000003 0.62595480999999997 0
0.82497450000000005 0.57639156999999996 0
0.82500216999999998 0.030121370000000001 0
0.82512308999999995 0.68237126999999997 0
0.82512441000000003 0.19095374000000001 0
0.82526374999999996 0.87444599000000001 0
0.82531146 0.88595942000000005 0
0.82536872999999999 0.69168059000000004 0
0.82539728000000001 0.52960914999999997 0
0.82551878999999995 0.88471997000000002 0
0.82553498999999997 0.061966779999999999 0
0.82554517000000005 0.24070253 0
0.82559687999999998 0.080797350000000004 0
0.82563587999999999 0.74359450999999999 0
0.82567822000000002 0.026417929999999999 0
0.82577681999999997 0.81780078 0
0.82580052999999998 0.96493079000000004 0
0.82581543000000002 0.23757782 0
0.82582951000000004 0.37373193999999998 0
0.82585496000000003 0.71898510000000004 0
0.82586504999999999 0.68056791999999999 0
0.82590355999999998 0.34653267999999998 0
0.82592253000000004 0.72926915999999997 0
0.82603543999999995 0.73896735999999996 0
0.82607008999999998 0.22617498 0
0.82608104000000004 0.069152930000000001 0
0.82614045999999997 0.31513641999999997 0
0.82624074999999997 0.087675799999999998 0
0.82632969000000001 0.58218080999999999 0
0.82634083999999997 0.79085724999999996 0
0.82648547000000006 0.22777659 0
0.82650952 0.15719427 0
0.82654978999999995 0.40956247000000001 0
0.82662769000000003 0.87142220000000004 0
0.82665208999999995 0.71544037999999999 0
0.82668408999999998 0.62080270999999998 0
0.82681170999999998 0.44909399 0
0.82685600999999997 0.66935997000000003 0
1 0.87929365999999998 0
0.82693499999999998 0.28899749000000002 0
0.82695704999999997 0.96880697999999998 0
0.82699195999999997 0.43588784000000003 0
0.82701458999999999 0.85379614999999998 0
0.82719869000000001 0.83572097999999995 0
0.82732318000000005 0.47562235000000003 0
0.82734226 0.89829322 0
0.82736072000000005 0.063662330000000003 0
0.82745522999999999 0.89943583999999999 0
0.98286187999999997 0.70305914999999997 0
0.82756423000000001 0.91956141000000002 0
0.82763160999999996 0.080846860000000006 0
0.82774859999999995 0.81673649999999998 0
0.82778446000000006 0.19437621999999999 0
0.82782743999999997 0.90087373999999998 0
0.82787012999999998 0.36043292999999998 0
0.82790171999999995 0.20059557 0
0.82796135000000004 0.071673570000000006 0
0.82797745 0.71433846000000001 0
0.82800026000000004 0.087615499999999999 0
0.82804319999999998 0.38685956999999999 0
0.82815620000000001 0.12815951 0
0.82816285999999995 0.44338049000000002 0
0.82818893999999998 0.59003247000000003 0
0.82826339000000004 0.42159090999999999 0
0.82833093999999996 0.90717705999999998 0
0.82834669999999999 0.82729395999999999 0
0.82841975999999995 0.25805549 0
0.82842389999999999 0.17536520999999999 0
0.82848465000000004 0.68034914999999996 0
0.82861046999999999 0.21415577999999999 0
0.82863748999999998 0.49198649 0
0.82870200999999999 0.63130993999999996 0
0.82872831000000002 0.82443255999999998 0
0.82877243 0.31051972999999999 0
0.82877325999999996 0.26727722999999998 0
0.82901913000000005 0.34566183 0
0.82908594000000002 0.72431725000000002 0
0.82913000999999997 0.96526743000000004 0
0.82922171 0.58198097999999998 0
0.82926111000000002 0.62920414999999996 0
0.82926906 0.62440319 0
0.82930276000000003 0.64753095999999999 0
0.82938188999999995 0.34281397000000002 0
0.82938372999999999 0.013855849999999999 0
0.82952254000000003 0.058596090000000003 0
0.82954936000000001 0.56735128999999995 0
0.82958019000000005 0.95834651999999998 0
0.82968441000000004 0.25163955999999998 0
0.82970321999999996 0.98499398000000005 0
0.82972809000000003 0.71830185000000002 0
0.82978684000000003 0.30358147000000002 0
0.82983852999999996 0.69494138999999999 0
0.82984400000000003 0.34384798999999999 0
0.82987829000000002 0.23140335000000001 0
0.82987911999999997 0.44597061999999998 0
0.83000607999999998 0.86398299000000001 0
0.83014823000000004 0.091523270000000004 0
0.83016354000000003 0.39124657000000002 0
0.83017037000000005 0.86383151999999996 0
0.83018866000000002 0.60585738 0
0.83029399999999998 0.19514971 0
0.98230702000000003 0.088320099999999999 0
0.83032757000000001 0.66978207999999995 0
0.83038162000000004 0.99687387000000005 0
0.83040678000000001 0.00049242000000000003 0
0.83046423000000003 0.04231439 0
0.83050122999999998 0.13987978000000001 0
0.83063606000000001 0.13020142000000001 0
0.83066472000000002 0.76715566999999996 0
0.83071662000000002 0.56606089999999998 0
0.83078014 0.15202604 0
0.83078510999999999 0.73888100999999995 0
0.83081605999999997 0.098011260000000003 0
0.83087047000000003 0.30567535000000001 0
0.83090047 0.70287213000000004 0
0.83115055000000004 0.32731908999999998 0
0.83117936000000003 0.74720299999999995 0
0.83121239999999996 0.66850127000000004 0
0.83125954000000002 0.10664317 0
0.83131295000000005 0.12413029 0
0.83145042999999996 0.66155679999999994 0
0.83148374000000003 0.60782685000000003 0
0.83152532999999995 0.22420867 0
0.83154954000000003 0.84461668000000001 0
0.83167508999999995 0.85145587 0
0.83167548999999996 0.33980630000000001 0
0.83172263999999996 0.84224604000000003 0
0.83185425999999996 0.018059720000000001 0
0.83190072000000004 0.66476919000000001 0
0.83193766999999996 0.73338418000000005 0
0.83203369999999999 0.55248408000000004 0
0.83204186999999996 0.90327299000000005 0
0.98202409999999996 0.90996790000000005 0
0.83241458000000002 0.068893839999999998 0
0.83245966999999998 0.43004895999999998 0
0.83251677000000002 0.14699287999999999 0
0.83251721999999995 0.58784899999999995 0
0.83260230000000002 0.75913259 0
0.83275631000000006 0.22865472000000001 0
0.83276309999999998 0.63939265000000001 0
0.83284137999999996 0.19547065999999999 0
0.83298406999999997 0.75684830999999997 0
0.83301329999999996 0.83329328000000003 0
0.83308466000000003 0.60306433000000004 0
0.83312918999999996 0.50785172000000001 0
0.83324514000000005 0.36291317000000001 0
0.83326389000000001 0.67441797999999997 0
0.83329184000000001 0.01082112 0
0.83330382999999997 0.080203189999999994 0
0.83330616000000002 0.42032730000000001 0
0.83352203000000002 0.33609376000000002 0
0.83362740999999996 0.33945613000000002 0
0.83364828000000002 0.018374950000000001 0
0.83365350999999999 0.59003813999999999 0
0.83371806000000004 0.90254292999999997 0
0.83384575000000005 0.73447878 0
0.83390089000000001 0.27360320999999999 0
0.83391777 0.74907941 0
0.83395719000000001 0.04032989 0
0.98168734999999996 0.49372192999999998 0
0.83399791999999995 0.97739162999999996 0
0.83401486000000002 0.15561720000000001 0
0.83405059000000004 0.60819889999999999 0
0.83409177999999995 0.3395186 0
0.83411606000000005 0.18369369999999999 0
0.83428027000000005 0.56606590999999995 0
0.83432956000000003 0.37842572000000002 0
0.83435009999999998 0.42689097999999998 0
0.83437709999999998 0.24614902999999999 0
0.83439525999999997 0.29417515 0
0.83446975000000001 0.57787323000000002 0
0.83456973999999995 0.40269284 0
0.83469890999999996 0.62192358999999997 0
0.83470285 0.25952677000000002 0
0.83471530999999999 0.85681576000000004 0
0.83473781999999996 0.17777619 0
0.83478511 0.59263244000000004 0
0.83478560999999996 0.61869463999999996 0
0.83485244000000003 0.56237950000000003 0
0.83490193999999995 0.053940080000000001 0
0.98279181999999998 0.29414404 0
0.8349413 0.48674669999999998 0
0.83496689999999996 0.96411555999999998 0
0.83503064000000005 0.36870654000000003 0
0.83508742000000002 0.76872825 0
0.83509414999999998 0.37969553 0
0.83521175999999997 0.73544299999999996 0
0.83522954000000005 0.48446804999999998 0
0.83526157000000001 0.86296846999999999 0
0.83526334000000002 0.66012000999999998 0
0.83539688000000001 0.40863314000000001 0
0.83541513999999994 0.62721923000000002 0
0.83545084999999997 0.53811893 0
0.83551567999999998 0.20675024 0
0.83577992999999995 0.45639054000000001 0
0.83584954 0.93569601999999996 0
0.83589433000000002 0.95815950000000005 0
0.83591411000000004 0.75782004999999997 0
0.83591746 0.19949099000000001 0
0.83596166000000005 0.66952909000000005 0
0.83598225000000004 0.75579136999999996 0
0.83605883000000003 0.87325341000000001 0
0.83607900000000002 0.26909845999999998 0
0.83611948999999997 1 0
0.83615391999999999 0.97499265000000002 0
0.83624626000000002 0.60507255000000004 0
0.83624719999999997 0.35535930999999998 0
0.83628192999999995 0.02566773 0
0.83634078999999995 0.99221870999999995 0
0.83639037999999999 0.73408304999999996 0
0.83641259000000001 0.66640695999999999 0
0.83645349000000002 0.47580864 0
0.83650851999999998 0.95318698999999996 0
0.83657879999999996 0.16035888000000001 0
0.83661419000000004 0.77577611000000002 0
0.83667791999999996 0.29758635 0
0.83669064000000004 0 0
0.83680418999999995 0.14441838000000001 0
0.83685774999999996 0.01769314 0
0.83688538999999995 0.92475315000000002 0
0.83689356000000004 0.24304460999999999 0
0.83690191999999997 0.81560591999999998 0
0.83690575 0.39658102000000001 0
0.83691773999999997 0.72015978999999997 0
0.83699343999999998 0.65235518999999997 0
0.83701795999999995 0.98568909000000005 0
0.83712228 0.13129307000000001 0
0.83723890000000001 0.46781930999999999 0
0.83730937000000005 0.17122098999999999 0
0.83745928000000003 0.044007280000000003 0
0.83748549000000005 0.29990308999999998 0
0.83754945000000003 0.91677125000000004 0
0.83761028000000004 0.92745613999999998 0
0.83771777999999997 0.21087106 0
0.83772078000000005 0.61906985999999997 0
0.83774451000000005 0.0056966100000000004 0
0.83781583999999998 0.13338927 0
0.83795830999999998 0.62476217999999994 0
0.83814577999999995 0.32648443999999999 0
0.83818588000000005 0.12935748999999999 0
0.83820106000000005 0.19216391999999999 0
0.83821782 0.82555946000000002 0
0.83832764000000004 0.83596442000000004 0
0.83843528 0.25643073999999999 0
0.83847289000000003 0.60774236000000004 0
0.83862866999999996 0.26505710999999998 0
0.83864106000000005 0.62086487999999995 0
0.83875516000000006 0.78020818999999997 0
0.83876636000000004 0.05230402 0
0.83877336000000002 0.52062151999999995 0
0.83880836000000003 0.65108891000000002 0
0.83889016000000005 0.95946021000000004 0
0.83889703999999998 0.21831843000000001 0
0.83889764 0.60173553000000002 0
0.83890281 0.37557793 0
0.8389875 0.86418134999999996 0
0.83899802999999995 0.69836788000000005 0
0.83908861999999995 0.0076489699999999997 0
0.83914365999999996 0.10544096999999999 0
0.83917403999999995 0.38138202999999998 0
0.83923716999999998 1 0
0.83930046000000003 0.84231102000000002 0
0.83932209000000002 0.25039275999999999 0
0.83951372999999996 0.44508836000000002 0
0.83955345000000003 0.56850259999999997 0
0.83960824000000001 0.26640655000000002 0
0.83971629999999997 0.50111731999999998 0
0.83971744999999998 0.24720598999999999 0
0.83986041 0.10796034 0
0.8398622 0.15492655 0
0.83989689999999995 0.82045679999999999 0
1 0.82618491999999999 0
0.83999562000000005 0.82141489000000001 0
0.84000448999999999 0.47828129000000003 0
0.84005136999999996 0.13208797999999999 0
0.84010790000000002 0.75518123999999998 0
0.84018276000000003 0.8088997 0
0.84026529000000005 0.70005260000000002 0
0.84040661999999999 0.67178989 0
0.84054910000000005 0.65886427999999997 0
0.84065431000000002 0.48374499999999998 0
0.84065551000000005 0.15881418999999999 0
0.84066070000000004 0.71882866999999995 0
0.84078967999999998 0.12637693999999999 0
0.84082064999999995 0.98611519000000003 0
0.84082321000000004 0.03142056 0
0.84085063000000004 0.47579595000000002 0
0.84087405999999998 0.54643721999999995 0
0.84088562 0.22302278 0
0.84094946000000004 0.9183095 0
1 0.21203838 0
0.84106356000000004 0.60734756999999995 0
0.84108070000000001 0.0028588300000000001 0
0.84108499000000003 0.54899533 0
0.84112144 0.0053056500000000003 0
0.84117929999999996 0.97394082000000004 0
0.84122454000000002 0.67434201999999999 0
0.84128829000000005 0.49330785999999999 0
0.84131124999999995 0.68324280000000004 0
0.84133681000000005 0.46755183 0
0.84137874999999995 0.7554457 0
0.84141949999999999 0.292626 0
0.84142433000000005 0.29575118 0
0.84146799999999999 0.19362324 0
0.84146834000000004 0.89058532000000001 0
0.84151748000000004 0.53311385 0
0.84164364999999997 0.82913267999999996 0
0.84175820000000001 0.63741172999999995 0
0.84177725999999997 0.28182162999999999 0
0.84178887000000002 0.12282460000000001 0
0.84182592999999994 0.75757532999999999 0
0.84185231000000005 0.42821273999999998 0
0.84188246 0.36262617000000003 0
0.84194374999999999 0.18123233999999999 0
0.84201126999999998 0.86298039000000004 0
0.84205903999999998 0.96287732999999998 0
0.84222132000000005 0.57960144999999996 0
0.84229213000000003 0.14501117999999999 0
0.84236418999999996 0.40032021000000001 0
0.84239896999999997 0.75120070999999999 0
0.84247466999999998 0.97477484000000003 0
0.84253966000000002 0.64063908999999997 0
0.84256032000000003 0.38041008999999998 0
0.84256481000000005 0.029663309999999998 0
0.84262901000000001 0.35311451999999999 0
0.84268248999999995 0.38580466000000002 0
0.84274932000000002 0.1142172 0
0.84278726999999998 0.069876839999999996 0
0.84282628000000004 0.32348342000000002 0
0.84291574999999996 0.20377095000000001 0
0.84292842000000001 0.089268810000000004 0
0.84295003999999996 0.47085199999999999 0
0.84297597999999996 0.22478323 0
0.84300118999999996 0.26093897999999999 0
0.84300786999999999 0.98236922999999998 0
0.84303877000000005 0.13835855999999999 0
0.84329723999999995 0.032670610000000003 0
0.84340996999999995 0.51888449999999997 0
0.84353014000000004 0.036522230000000003 0
0.84357928000000004 0.32615937 0
0.84359993 0.27162364999999999 0
0.84363933000000002 0.90659449000000003 0
0.84372358999999997 0.48369884000000002 0
0.84390763999999996 0.12746523000000001 0
0.84394891999999999 0.29667012999999998 0
0.84395666000000003 0.86983131000000002 0
0.84404933999999998 0.70500591999999995 0
0.84406477999999996 0.20965084 0
0.84426557000000002 0.71183688000000001 0
0.84431447999999998 0.58991649999999995 0
0.84433216 0.13445119999999999 0
0.84438179999999996 0.87513730000000001 0
0.84449015000000005 0 0
0.84451058000000001 0.32347112 0
0.84456785000000001 0.20773821000000001 0
0.84469691000000002 0.051904489999999998 0
0.84472605999999995 0.35163545000000002 0
0.84476708 0.19145630999999999 0
0.84487920000000005 0.86556407000000002 0
0.84496444000000004 0.69168600999999996 0
0.84496853000000005 0.92823127000000005 0
0.84501618000000001 0.79601622000000005 0
0.84506714000000005 0.93622992999999999 0
0.84549914999999998 0.44778963999999999 0
0.84551812999999998 0.65583828 0
0.84569665999999999 0.53989697999999997 0
0.845723 0.14938467999999999 0
0.84573619 0.73999848000000001 0
0.84575902999999997 0.089251349999999993 0
0.84589471999999999 0.26005802 0
0.84592235999999998 0.56358251999999998 0
0.84592666000000005 0.67512711999999997 0
0.84596232999999998 0.77924720000000003 0
0.84597548 0.044390319999999997 0
0.84600558999999997 0.52970097999999999 0
0.84601093000000005 0.13088176000000001 0
0.84603337999999995 0.38845418999999998 0
0.84611597999999999 0.96752472 0
0.84621891000000005 0.57675021000000004 0
0.84634854999999998 0.87021285999999998 0
0.84665031999999996 0.63519724 0
0.84669497000000005 0.24788030999999999 0
0.84677199000000003 0.19243890999999999 0
0.84682294000000002 0.51705449000000003 0
0.84688498000000001 0.23154234000000001 0
0.84700635999999996 0.83203892000000002 0
0.84702986000000002 0.56570257999999995 0
0.84706565 0.33341395000000001 0
0.84711011000000003 0.45198138999999998 0
0.84713601999999999 0.26781463999999999 0
0.84725309999999998 0.24900985 0
0.84731047000000004 0.15627051 0
0.84736180999999999 0.32072527000000001 0
0.84738566000000004 0.29866206000000001 0
0.84738857999999995 0.81958061000000004 0
0.84741268999999997 0.68559654000000003 0
0.84749213999999995 0.86038513999999999 0
0.84750422999999997 0.25767968000000002 0
0.84770957000000002 0.64215032999999999 0
0.84782979000000003 0.93739276999999999 0
0.84787608999999997 0.84958500999999997 0
0.84788401000000002 0.28052684999999999 0
0.84789817999999995 0.21010888 0
0.84791039000000001 0.54202737999999995 0
0.84793476999999995 0.75200648000000003 0
0.84796733000000002 0.15307239 0
0.84815158999999996 0.27477874000000002 0
0.84815202999999995 0.48174464 0
0.84821972999999995 0.96846935999999995 0
0.84833480999999999 0.38272823 0
0.84838460000000004 0.81489582999999999 0
0.84844858999999995 0.40858231 0
0.84847766999999996 0.17473857000000001 0
0.84865312000000004 0.92496491999999997 0
0.8486882 0.77689039000000004 0
0.84875018000000002 0.68821796000000002 0
0.84876202999999995 0.68590074000000001 0
0.84881459000000004 0.95980633999999998 0
0.84887000999999995 0.15816079 0
0.84908507 0.60529869000000003 0
0.84920574999999998 0.42545717 0
0.84921868 0.40591147 0
0.84935399 0.14581678000000001 0
0.84938522999999999 0.22040075000000001 0
0.84956916000000005 0.71116268999999999 0
0.84960016000000005 0.96293645000000005 0
0.84960122000000005 0.83610242000000001 0
0.84969351999999998 0.85512977000000001 0
0.84978500000000001 0.46309527 0
0.84980264000000005 0.46776944999999998 0
0.84983945000000005 0.87633952999999998 0
0.84997208000000002 0.88567892000000004 0
0.84998509 0.58618029999999999 0
0.85001464999999998 0.31631966 0
0.85003812000000001 0.35576532 0
0.85005589999999998 0.13435040000000001 0
0.85006197999999999 0.30799538999999998 0
0.85018682000000001 0.23231278999999999 0
0.85021968999999997 0.22952449999999999 0
0.85026173999999999 0.42873016000000003 0
0.85040698000000003 0.28241268000000003 0
0.85042878 0.97087445999999999 0
0.85051858000000002 0.53113239999999995 0
0.85058405000000004 0.20570631 0
0.85060860999999999 0.25395593999999999 0
0.85061893 0.31805555000000002 0
0.85067404000000002 0.15626356 0
0.85069300999999997 0.79854522999999999 0
0.85073076999999997 0.15417637000000001 0
0.85074616999999997 0.98207646999999998 0
0.85089550000000003 0.86234493000000001 0
1 0.69687043000000004 0
0.85106435999999996 0.77055507000000001 0
0.85116455999999996 0.96044823999999995 0
0.85117348999999998 0.46265958000000001 0
0.85130285999999999 0.61132120000000001 0
0.85134876999999998 0.18311031 0
0.85151231999999999 0.085534260000000001 0
0.85155338000000003 0.71033663999999996 0
0.85159379000000002 0.041981369999999997 0
0.85172393999999996 0.50823467 0
0.85174722999999997 0.80879546000000002 0
0.85176004000000005 0.2925315 0
0.85183297999999996 0.27891903000000001 0
0.85189345000000005 0.11665101999999999 0
0.85195887999999997 0.69670553999999996 0
0.8519698 0.67849504999999999 0
0.85196981999999999 0.32073689999999999 0
0.85204488 0.64200869000000005 0
0.85206064000000004 0.10018324000000001 0
0.85208541000000004 0.94800087 0
0.85211658000000001 0.16589551999999999 0
0.85228660000000001 0.97240888000000003 0
0.85235282000000001 0.16199899000000001 0
0.85245983999999997 0.71668264000000004 0
0.85246403000000004 0.40024629 0
0.85250188999999998 0.79512245999999998 0
0.85252731000000004 0.11241608 0
0.85258637999999998 0.70433100999999998 0
0.85259468000000005 0.25957088 0
0.85265062000000003 0.31110184000000002 0
0.85271554999999999 0.29107695 0
0.85272353000000001 0.86899769000000004 0
0.85273527000000005 0.70540082000000004 0
0.85282221999999996 0.76654186000000002 0
0.85284804999999997 0.74364386999999998 0
0.85289300999999995 0.98900365000000001 0
0.85291136999999995 0.15325596 0
0.85297922999999998 0.061086210000000002 0
0.85309177000000003 0.42423941999999998 0
0.85310478000000001 0.70356079999999999 0
0.85326698000000001 0.81012448999999997 0
0.85328700999999996 0.047075020000000002 0
0.85330969999999995 0.62450092999999995 0
0.85332969999999997 0.039383479999999998 0
0.85337101000000004 0.070738220000000004 0
0.85339710000000002 0.38289466999999999 0
0.85344547000000004 0.92993753999999995 0
0.85347143999999997 0.66324634999999998 0
0.85351927000000005 0.28805391000000002 0
0.85352888999999998 0.61459536000000003 0
0.85362028999999995 0.14830714 0
0.85365029999999997 0.28594341000000001 0
0.85365051000000003 0.26615191999999999 0
0.85375456000000005 0.043877920000000001 0
0.85378564000000001 0.59240881999999995 0
0.85379853999999999 0.42967021 0
0.85381563000000005 0.78875169999999994 0
0.85381574000000005 0.43557804 0
0.85389530999999996 0.07244167 0
0.85403498 0.55009395000000005 0
0.85417472000000005 0.53788413999999996 0
0.85438354000000005 0.29118885 0
0.85438961999999996 0.68584080999999997 0
0.85443546000000004 0.46226890999999998 0
1 0.90563910000000003 0
0.85464476 0.69053991000000003 0
0.85475774000000004 0.82629995000000001 0
0.85481289000000005 0.26773978999999998 0
0.85482000999999996 0.94009061999999999 0
0.85484395999999996 0.51857520000000001 0
0.85489884999999999 0.54984082000000001 0
0.85490058000000002 0.96948361999999999 0
0.85496002999999998 0.4775161 0
0.85500860000000001 0.92334028999999995 0
0.85506506000000004 0.53555744999999999 0
0.85508695000000001 0.65386599999999995 0
0.85527565000000005 0.64180501000000001 0
0.85531535999999997 0.25286872999999999 0
0.85535357000000001 0.93964808 0
0.85536988999999997 0.55727826999999996 0
0.85537074000000002 0.36878515000000001 0
0.85539275999999997 0.12535722999999999 0
0.85539898999999997 0.85696185000000002 0
0.85549193000000001 0.85140735000000001 0
0.85558007000000003 0.18275884000000001 0
0.85561620999999999 0.68033641 0
0.85577265999999996 0.46883184 0
0.85582455999999996 0.92970165000000005 0
0.85590619000000001 0.19137726999999999 0
0.85611108999999996 0.073828909999999998 0
0.85621974000000001 0.37206537000000001 0
0.85623037999999996 0.55748502 0
0.85625768999999996 0.93692456999999996 0
0.85630244 0.21129658000000001 0
0.85633959999999998 0.21760584999999999 0
0.85637112999999998 0.25573526000000002 0
0.85641444 0.91625935000000003 0
0.85648990999999997 0.76769050999999999 0
0.85650870000000001 0.45629908000000002 0
0.85654492999999998 0.77829895000000004 0
0.85656854999999998 0.22466109000000001 0
0.85657441000000001 0.072246640000000001 0
0.85659293999999997 0.28998608999999997 0
0.85671209000000004 0.17705096000000001 0
0.85674117000000005 0.03943667 0
0.85684026000000002 0.26029641999999997 0
0.85687557999999997 0.89558384000000002 0
0.85690182000000004 0.48367777000000001 0
0.85696366999999996 0.90014885 0
0.85698138999999995 0.20275298 0
0.85699170999999996 0.99322920000000003 0
0.85699451000000004 0.26686950999999998 0
0.85705909000000002 0.51243181000000004 0
1 0.66921027 0
0.85715916999999997 0.42782846000000002 0
0.85745707999999998 0.56887991000000004 0
0.85749651999999998 0.20618821000000001 0
0.85754971999999996 0.82143948 0
0.85761896999999998 0.13852162000000001 0
0.85768323999999996 0.53839968999999999 0
0.85772868000000002 0.58859333999999996 0
0.85776459000000005 0.82777544000000003 0
0.85776547000000003 0.85186196000000003 0
0.85783622000000004 0.83046991999999997 0
0.85797277999999999 0.76982441999999995 0
0.85798236000000005 0.71687708000000006 0
0.85801627000000003 0.25249319999999997 0
0.85802697000000006 0.066392290000000007 0
0.85805014000000002 1 0
0.85805724999999999 0.77991286000000004 0
0.85810248 0.77894461999999998 0
0.85815260000000004 0.059625789999999998 0
0.85817827000000002 0.93398471000000005 0
0.85826144999999998 0.61731185 0
0.85826369000000002 0.95751909999999996 0
0.85828685999999998 0.63743512999999996 0
0.85833718999999997 0.11716722 0
0.85852012 0.11809302000000001 0
0.85862581999999998 0.44634573 0
0.85887124000000004 0.62856738999999995 0
0.85892966999999998 0.75837231000000005 0
0.85894068000000001 0.40077359000000001 0
0.85899342999999995 0.24326226000000001 0
0.85907602999999999 0.63284426000000005 0
0.85911842999999999 0.80560717000000004 0
0.85925600000000002 0.57900868000000005 0
0.85928130000000003 0.88895113000000003 0
0.98181722999999999 0.86721298999999996 0
0.85929739000000005 0.80378483999999994 0
0.85951111000000002 0.24828922 0
0.85954982999999996 0.52469323999999995 0
0.85966098000000002 0.68318548000000001 0
0.85968990999999995 0.29947807999999998 0
0.85978842 0.41655431999999998 0
1 0.81352376999999998 0
0.85982992999999996 0.035733220000000003 0
0.85989307000000004 0.68923471999999997 0
0.85992115999999996 0.099403279999999997 0
0.85992676999999995 0.46994667000000001 0
0.85998596000000005 0.63163183000000001 0
0.85999873000000004 0.46559352999999998 0
0.86010785999999995 0.087629509999999994 0
0.86013969000000001 0.65451819 0
0.86015701 0.86023755999999996 0
0.86021532000000001 0.11510065999999999 0
0.86052300999999998 0.50713087000000001 0
0.86055881999999995 0.29178395000000001 0
0.98183087999999996 0.82292182999999997 0
0.86070469000000005 0.25194253 0
0.86071697000000003 0.73282303999999998 0
0.86078615999999997 0.91534837999999996 0
0.86087718000000002 0.78148446000000005 0
0.86090427000000003 0.11483612 0
0.86090601 0.69303402000000003 0
0.86098774 0.31809598 0
0.86100498000000003 0.42120234000000001 0
0.86110949000000003 0.37863836000000001 0
0.86112104 0.26033833000000001 0
0.86119825000000005 0.99881918000000003 0
1 0.19045732000000001 0
0.86124566999999996 0.62736893999999999 0
0.86128373000000003 0.72554821999999997 0
0.86139250999999994 0.3248915 0
0.86155780000000004 0.33723269 0
0.86155820999999999 0.068101220000000004 0
1 0.30233963000000003 0
0.86167207999999995 0 0
0.86180215000000004 0.95302441999999998 0
0.86186795000000005 0.68659550999999996 0
0.86206497000000004 0.2774991 0
0.86208266 0.37493409 0
0.86209502000000005 0.77429658999999995 0
0.86210445000000002 0.0057888899999999997 0
0.86234301000000002 0.62554922000000002 0
0.86250981999999998 0.93854020999999999 0
0.86251177999999995 0.17808045 0
0.86264333000000004 0.07274361 0
0.86292648000000005 0.39245006999999998 0
0.86293688999999996 0.51283241999999996 0
0.86294676999999997 0.64384766000000004 0
0.86296572000000005 0.54277439999999999 0
0.86298196999999999 0.89192965999999996 0
0.86305423000000003 0.34420937000000001 0
0.86306227000000002 0.59890474000000005 0
0.86306609999999995 0.078039289999999997 0
0.86306643000000005 0.69012298000000005 0
0.86307142999999997 0.81546951000000001 0
0.86319528000000001 0.25194323000000002 0
0.86319617000000004 0.63993533000000002 0
0.98281998000000004 0 0
0.86336639000000004 0.68427612000000004 0
0.86349041000000004 0.97734368000000005 0
0.86352790999999995 0.65664465000000005 0
0.86356264000000005 0.79730487999999999 0
0.86362943000000003 0.44047182000000001 0
0.86378752000000003 0.80812821999999995 0
0.86379117000000005 0.4711573 0
0.86380318 0.67867010000000005 0
0.86389570999999998 0.27381375000000002 0
0.86391302999999997 0.15652321 0
1 0.79094324999999999 0
0.86394802999999998 0.13936518000000001 0
0.86405816999999996 0.44998690000000002 0
0.86406558 0.71993039999999997 0
0.86445558 0.31000109999999997 0
0.86450101000000001 0.25350473000000001 0
0.86454509999999996 0.0068461099999999999 0
0.86455009999999999 0.70362749999999996 0
0.86459229000000004 0.39493773999999998 0
0.86465336999999998 0.1467011 0
0.86472011999999998 0.22853522000000001 0
0.86472760999999998 0.38829946999999998 0
0.86472943000000002 0.91089087999999996 0
0.86480025000000005 0.27307599999999999 0
0.86483222000000004 0.52083959000000002 0
0.86489634000000004 0.92259963 0
0.86495829000000002 0.28657959 0
0.86504435999999996 0.36149934 0
0.86519433000000001 0.091606580000000007 0
0.86531749000000002 0.66282392000000001 0
0.86534654 0.22202733999999999 0
0.86534915000000001 0.084377279999999999 0
0.86540463000000001 0.50586156999999998 0
0.86543075000000003 0.86942302000000005 0
0.86543904999999999 0.10671992 0
0.86543990000000004 0.75382629000000001 0
0.86545311000000003 0.83646746999999999 0
0.86550141000000003 0.56933756999999996 0
0.86550574000000002 0.66669891999999997 0
0.86551292000000002 0.1246337 0
0.86554863999999998 0.51909031999999999 0
0.8655581 0.13977160999999999 0
1 0.91698853999999996 0
0.86581348999999996 0.95468094999999997 0
0.86583946000000001 0.01529397 0
0.86585069000000003 0.90803283999999995 0
0.86587950999999996 0.22418331999999999 0
0.86592590000000003 0.65264164000000002 0
0.86593947999999998 0.074668670000000006 0
0.86610005999999995 0.24243650999999999 0
0.86612593000000004 0.47366413000000002 0
0.86617244999999998 0.35626279999999999 0
0.86638744000000001 0.049537480000000002 0
0.86639487000000004 0.65605230999999997 0
0.86641318 0.77495541999999995 0
0.86644213000000003 0.82160946999999995 0
0.86649821999999999 0.40099952 0
0.86650057999999996 0.90992762000000005 0
0.86653106999999996 0.85751597999999996 0
0.86667064000000005 0.41337742 0
0.86671509000000002 0.76246513000000005 0
0.86681598000000004 0.22298951 0
0.86689196999999996 0.75031479000000001 0
0.86690663000000001 0.39897199 0
0.86693443000000003 0.85322454999999997 0
0.86695142999999997 0.79567494999999999 0
0.86707652000000002 0.0064464800000000001 0
0.86712959999999994 0.46435206000000001 0
0.86715598000000005 0.91849840999999999 0
0.86723154999999996 0.39827787999999997 0
0.86726117999999996 0.94700578000000002 0
0.86740379999999995 0.29093608999999998 0
0.86752231000000002 0.37489391 0
0.86771560999999997 0.59883410000000004 0
0.98085312000000002 0.64015606999999997 0
0.86776063999999997 0.51390906999999997 0
0.86783125000000005 0.43564006999999999 0
0.86784161000000004 0.62022542999999997 0
0.86789576999999996 0.98959843000000003 0
0.86789963999999997 0.94502045000000001 0
0.86820030000000004 0.49883649000000002 0
0.86827613000000003 0.010548689999999999 0
0.86839155000000001 0.67439983000000003 0
0.86841409999999997 0.84524710000000003 0
0.86848128999999996 0.63369982000000002 0
0.86850167 0.15179762999999999 0
0.86853104999999997 0.39191008999999999 0
0.86853142000000005 0.01222238 0
0.86873613999999999 0.68159923 0
0.86878531000000003 0.22892314 0
0.86889850999999996 0.66942115000000002 0
0.86892371999999996 0.33944257999999999 0
0.86908257 0.95405172999999999 0
0.86915363000000001 0.38792744000000001 0
0.86916338000000004 0.067561430000000006 0
0.86919367999999997 0.78861037 0
0.86920900000000001 0.42680262000000002 0
0.86925633999999996 0.63994450999999997 0
0.86927787000000001 0.77705924999999998 0
0.86931778999999998 0.68510462000000005 0
0.86939727 0.049637750000000001 0
0.86943168999999998 0.66905331000000001 0
0.8694364 0.26762180000000002 0
0.86946752000000005 0.91284555999999994 0
0.86951725000000002 0.84948701000000004 0
0.86954507999999997 0.80737000999999997 0
0.86962265999999999 0.11204802 0
0.86977395999999996 0.52229705000000004 0
0.86981617 0.63697468000000002 0
0.8698572 0.34103687999999999 0
0.86993010999999998 0.99477117999999998 0
0.87003039000000004 0.67625835999999995 0
0.98074956000000002 0.56174548000000002 0
0.87016066999999997 0.90149256 0
0.87020196000000005 0.82390476000000001 0
0.87024162999999999 0.57960566999999996 0
0.87027564000000002 0.060979800000000001 0
0.87031868000000001 0.91295316999999998 0
0.87056367999999995 0.81729235 0
0.87068612999999995 0.010338 0
0.87071732999999996 0.23309793000000001 0
0.87075535000000004 0.86343753999999995 0
0.87088208 0.46993865000000001 0
0.87088217999999995 0.69889398000000003 0
0.87097378000000003 0.84025844000000005 0
0.87102809999999997 0.29825518000000001 0
0.87109681999999999 0.84797741999999998 0
0.87110228000000001 0.29901989000000001 0
0.87130693000000004 0.33817565999999999 0
0.87134977999999996 0.63282991 0
0.87137074999999997 0.63895805000000006 0
0.87140941000000005 0.23246758000000001 0
0.87144197999999995 0 0
0.87151140999999999 0.92991893999999997 0
0.87152943999999999 0.95612171000000001 0
0.87153389999999997 0.13018996999999999 0
0.87155537000000005 0.67773329999999998 0
0.87160053999999998 0.89605539999999995 0
0.87182086000000003 0.72145709999999996 0
0.87189375999999996 0 0
0.87197811000000003 0.74568292999999997 0
0.87205615999999997 0.90661115999999997 0
0.87206711000000003 0.71059021 0
0.87210266000000003 0.64644758999999996 0
0.87216417999999996 0.33441177 0
0.87217699999999998 0.94865993000000004 0
0.87223172999999998 0.24215941999999999 0
0.87225898000000002 0.62443439000000001 0
0.87231099000000001 0.29357866999999999 0
0.87232662000000005 0.22541359999999999 0
0.87242211999999997 0.61445669999999997 0
0.87248316000000004 0.21336689 0
0.87254533999999995 0.32058898000000002 0
0.87260159000000004 0.60831718000000001 0
0.87271926 0.84459976999999997 0
0.87281803000000002 0.27307680000000001 0
0.87290862999999996 0.46685978 0
0.87292820999999998 0.96510425 0
0.87294892000000002 0.24868307000000001 0
0.87304755999999994 0.39714410999999999 0
0.87323269999999997 0.12129647 0
0.87332054999999997 0.56364742999999995 0
0.87333298999999998 0.08162925 0
0.87336347999999997 0.15582567 0
0.87341676000000001 0.71872944999999999 0
0.87381505999999998 0.40720118999999999 0
0.87383504999999995 0.71508260999999995 0
0.87385438000000004 0.83848915999999996 0
0.87391213000000001 0.67055107999999997 0
0.87394216999999996 0.93311586999999996 0
0.87398439999999999 0.67128655000000004 0
0.87400082000000001 0.59370575000000003 0
0.87400188999999995 0.10897745 0
0.87402787999999998 0.055909069999999998 0
0.87404400999999998 0.73663544999999997 0
0.87423426999999998 0.61245556999999995 0
0.87425648 0.65023626999999995 0
0.87433017000000002 0.60779779 0
0.87448945 0.87709773000000002 0
0.87452909000000001 0.40039078 0
0.87456259000000003 0.94977075 0
0.87457921999999999 0.083779199999999998 0
0.87469202000000001 0.69386517999999997 0
0.87470767000000005 0.35552489999999998 0
0.87471984000000003 0.77027000000000001 0
0.87473582999999999 0.89131892999999995 0
0.87477090000000002 0.27725548 0
0.87481483999999998 0.59609237999999998 0
0.87482729999999997 0.46292928 0
0.87484839999999997 0.59158007000000001 0
0.87490822999999995 0.40899849999999999 0
0.87491417000000005 0.063812919999999995 0
0.87494651000000001 0.66552707 0
0.87509186999999999 0.28682657 0
0.87513713000000004 0.22732280999999999 0
0.87522158999999999 0.72400622999999997 0
0.87542518999999996 0.81575896999999997 0
0.87543992999999998 0.071589959999999994 0
0.87560506000000005 0.61343881 0
0.87563411000000002 0.28228086000000002 0
0.87564428000000005 0.83610549999999995 0
0.87564878000000002 0.48767935000000001 0
0.87575365000000005 0.43777066999999997 0
0.87579823000000001 0.18092337999999999 0
0.87581385 0.73074382000000004 0
0.87583635000000004 0.49326598999999999 0
0.87584965999999997 0.69426803000000004 0
0.87587563999999996 0.87433055999999998 0
0.87611914999999996 0.10541855 0
0.87613668 0.81801155000000003 0
0.87617027000000003 0.13167511000000001 0
0.87622856999999998 0.3481167 0
0.87623868000000005 0.75110957 0
0.87640423999999995 0.59282816000000005 0
0.87660570999999998 0.66628449999999995 0
0.87663508000000001 0.84190692 0
0.87665572999999997 0.86710951999999997 0
0.87671116000000004 0.25723973 0
0.87674593000000001 0.83463114000000005 0
0.87675937000000004 0.88046935999999998 0
0.87678560000000005 0.81832260999999995 0
0.87686545000000005 0.18535668999999999 0
0.98310129000000002 0.18113477 0
0.87709669999999995 0.24554632000000001 0
0.87711514999999995 0.13714949000000001 0
0.87712822999999995 0.32982888999999999 0
0.87715297999999997 0.18451542000000001 0
0.87715354000000001 0.32406642000000002 0
0.87716262 0.99917971999999999 0
0.87731221000000004 0.53846106000000005 0
0.87735224000000001 0.59694343999999999 0
0.87736261000000004 0.82327826999999998 0
1 0.66055039999999998 0
0.87744146000000001 0.50156592 0
0.87751358999999995 0.49632957 0
0.87771655000000004 0.61138643999999998 0
0.877749 0.59959883999999997 0
0.87775283000000004 0.85143139999999995 0
0.87781372000000002 0.18139767000000001 0
0.87797248000000006 0.53107123000000001 0
0.87806225999999998 0.85143557000000003 0
0.87808681 0.74527622999999998 0
0.87809115000000004 0.43035384999999998 0
0.87816033999999998 0.22166246000000001 0
0.87817909999999999 0.43123661000000002 0
0.87840351000000005 0.26837936000000001 0
0.87843327999999998 0.58874451999999999 0
0.87851073999999996 0.62672735000000002 0
0.87858159000000002 0.14712712 0
0.87865612000000004 0.13505001 0
0.87867799000000002 0.042670689999999997 0
0.87869399000000004 0.35378398999999999 0
0.87877925999999995 0.98875760999999995 0
0.87904842999999999 0.22641374 0
0.87908902 0.75362545000000003 0
0.87910085000000004 0.16672580000000001 0
0.87924555999999998 0.35466209999999998 0
0.87925553999999995 1 0
0.87931928000000004 0.65075055000000004 0
0.87932102000000001 0.36558381000000001 0
0.87941312999999999 0.087488899999999994 0
0.87946780000000002 0.97800911999999995 0
0.87957671000000004 0.24993671000000001 0
0.87969953000000001 0.17114831999999999 0
0.87976825000000003 0.15703476999999999 0
0.87977147 0.26200399000000002 0
0.87993076000000003 0.02835911 0
0.87993403000000003 0.16516337 0
0.87993725 0.2051557 0
0.87998535 0.19566500000000001 0
0.88013715999999997 0.01532468 0
0.88018352 0.97073980999999998 0
0.88026435000000003 0.25171262 0
0.88030381000000002 0.186033 0
0.88036088999999995 0.49682123 0
0.88040355000000003 0.37380481999999998 0
0.88051517000000001 0.3606511 0
0.88052732 0.69601614000000001 0
0.88053543000000001 0.78948430000000003 0
0.88057019999999997 0.18197995 0
0.88058051999999998 0.89681966000000002 0
0.88061973000000004 0.59840610999999999 0
0.88065934999999995 0.88275176 0
0.88067543999999998 0.38347133999999999 0
0.88070066000000002 0.24159219000000001 0
0.88072203000000004 0 0
0.88088907999999999 0.40071294000000002 0
0.88089154000000003 0.36704269 0
0.88095078999999998 0.087437039999999994 0
0.88100811000000001 0.83320234000000004 0
0.88106262999999996 0.74041040000000002 0
0.88117886000000001 0.55651043 0
0.88118688999999994 0.92292646 0
0.88122493000000002 0.55660036000000002 0
0.88126691999999995 0.29972449000000001 0
0.88131417999999995 0.68253408000000004 0
0.88139487999999999 0.71939995999999995 0
0.88140689000000005 0.57482003999999998 0
0.88141689999999995 0.50042277000000002 0
0.88143857999999997 0.032447810000000001 0
0.88157653000000002 0.10414124 0
0.88162209000000002 0.85980287 0
0.88166977999999996 0.79366296000000003 0
0.88175044000000002 0.69987538999999999 0
0.88179622000000002 0.69018829999999998 0
0.88190592999999995 0.64054802 0
0.88194318999999999 0.16159206000000001 0
0.88208487000000002 0.88315690999999996 0
0.88208770999999997 0.74509650000000005 0
0.88212975000000005 0.066572370000000006 0
0.88217175999999997 0.12404258 0
0.88221945000000002 0.72537399999999996 0
0.88223538000000001 0.1236249 0
0.88225193999999996 0.029475020000000001 0
0.88226329999999997 0.47763276999999998 0
0.88237555000000001 0.99447684999999997 0
0.88237586000000001 0.32174479 0
0.88243523999999995 0.54982319000000002 0
0.88245295000000001 0.28308650000000002 0
0.88249721000000003 0.71898594999999998 0
0.88258910000000002 0.52121719 0
0.88260380999999999 0.97422483000000004 0
0.88266829000000002 0.22386818 0
0.88267932000000004 0.12440205999999999 0
0.88273639999999998 0.15566889 0
0.88278245 0.38768227 0
0.88286931999999996 0.33569399999999999 0
0.88298964000000002 0.46181942999999998 0
0.88301379000000002 0.11934196 0
0.88318461000000004 0.19047665 0
0.88332471000000001 0.23649447000000001 0
0.88337960999999998 0.47788381000000002 0
0.88338315000000001 0.18743890999999999 0
0.88340319 0.65110718000000001 0
0.88352269000000005 0.66007327999999998 0
0.88357240999999997 0.16474809000000001 0
0.88359730999999997 0.79595698999999998 0
0.88363208000000004 0.36858466000000001 0
0.88366272000000001 0.36957753999999998 0
0.88366831999999995 0.47307397000000001 0
0.88379976000000005 0.78576051999999996 0
0.88380329999999996 0.027035469999999999 0
0.88398304999999999 0.68441870999999999 0
0.88418112000000004 0.50008216000000005 0
0.88420029 0.47921746999999998 0
0.88422405000000004 0.76633505000000002 0
0.88425598000000005 0.21526290000000001 0
0.88429345000000004 0.77020820000000001 0
0.88434078999999999 0.23972143000000001 0
0.88436322999999994 0.0064736300000000002 0
0.88436835000000003 0.73970468 0
0.88440001999999995 0.073816329999999999 0
0.88440761000000001 0.56590647999999999 0
0.88443737 0.62437986000000001 0
0.88447239 0.78393499 0
0.88452553 0.63763208000000005 0
0.88460083 0.062685870000000005 0
0.88462375999999998 0.39637646999999998 0
0.88469604000000002 0.057549280000000001 0
0.88473108 0.58204551999999998 0
0.88481854999999998 0.59779157999999999 0
0.88482746000000001 0.73014526999999996 0
0.88494695999999995 0.46124203000000003 0
0.88502365999999999 0.21949985999999999 0
0.88509989 0.51516041999999995 0
0.88514183999999996 0.76579244999999996 0
0.88517931999999999 0.36599441999999999 0
0.88518697999999996 0.22808526000000001 0
0.88520410000000005 0.95562791000000002 0
0.88525551000000002 0.58632799000000002 0
0.88530527000000003 0.69681103 0
0.88534394999999999 0.054728300000000001 0
0.88542144 0.78913911999999997 0
0.88543528999999999 0.52520053 0
0.88545684999999996 0.36975677000000001 0
0.88553493999999999 0.63049120000000003 0
0.88555623000000006 0.0211919 0
0.88560720999999998 0.71981068999999998 0
0.88564271999999999 0.23989474999999999 0
0.88571235000000004 0.76952752999999996 0
0.88578844000000001 0.98084309000000003 0
0.88581445000000003 0.81425044000000002 0
0.88581520999999996 0.64285157000000004 0
0.88593113999999995 0.81896181999999995 0
0.88596136999999997 0.13315162 0
0.88599972999999999 0.12161798 0
0.88611055000000005 0.92800930999999998 0
0.88618395000000005 0.97633961999999996 0
0.88636433999999997 0.92261707000000004 0
0.88636486999999997 0.14619220999999999 0
0.88655333999999997 0.70975734000000001 0
0.88657090999999999 0.40039082999999998 0
0.88657967999999998 0.91857761000000004 0
0.88659348999999998 0.044423400000000002 0
0.88664986999999995 0.64993898000000005 0
0.88668102999999998 0.27125116999999999 0
0.88674081000000005 0.64394021999999995 0
0.88700235999999999 0.43299121000000002 0
0.88702345999999999 0.85079768 0
0.88704468000000003 0.89704273999999995 0
0.88706096000000001 0.05365984 0
0.88717606999999998 0.66151726 0
0.88733249999999997 0.86212306000000005 0
0.88734548000000002 0.01284941 0
0.88742723000000001 0.79774891999999997 0
0.88743214999999998 0.83620645000000005 0
0.88748497000000004 0.94764336999999998 0
0.88755766999999997 0.16446640000000001 0
0.88765833999999999 0.92103760000000001 0
0.88770227000000002 0.88784054999999995 0
0.88771180000000005 0.17017742999999999 0
1 0.73054273000000003 0
0.88780904000000005 0.55841848999999999 0
0.88781880999999996 0.71357479999999995 0
0.88789172000000005 0.96764386000000002 0
0.88799048000000003 0.45598201999999999 0
0.88807444999999996 0.31002691999999998 0
0.88810542000000003 0.78495906999999998 0
0.88810725999999995 0.58735912999999995 0
0.88818238999999999 0.27656378999999998 0
0.88819249 0.94954755000000002 0
0.88827577000000002 0.90122248999999999 0
0.88831861999999995 0.62372824000000004 0
0.88835154000000005 0.57115895000000005 0
0.88836641999999999 0.41086515000000001 0
0.88841473999999998 0.089336239999999997 0
0.88845545000000004 0.75332927000000005 0
0.88845649999999998 0.62170402000000002 0
0.88859628000000002 0.24380972000000001 0
0.88863974999999995 0.80339640999999995 0
0.88870972999999998 0.48742496000000002 0
0.88871511000000003 0.71426283000000002 0
0.88872066999999999 0.10953845 0
0.88872242000000001 0.91637420999999997 0
0.88881721000000002 0.30795961999999999 0
0.88882724999999996 0.43801813000000001 0
0.88893635999999998 0.15322875999999999 0
0.88915776999999996 0.31239402999999999 0
0.88918052999999997 0.24603206999999999 0
0.88920089999999996 0.34097641000000001 0
0.88920410000000005 0.92989082999999995 0
0.88929864999999997 0.50328227000000003 0
0.88948802999999999 0.21109058 0
0.88951102000000004 0.55624127000000001 0
0.88951762000000001 0.39682242000000001 0
0.88955550000000005 0.48696466999999999 0
0.88956234000000001 0.88762004999999999 0
0.88956727999999996 0.82803245999999997 0
0.88959416000000002 0.96216643000000002 0
0.88960077000000004 0.72941049000000002 0
0.88973804999999995 0.48103117000000001 0
0.88984529000000001 0.49133265999999998 0
0.88989339000000001 0.42103466000000001 0
0.88990400000000003 0.27744869999999999 0
0.88991575999999994 0.33632245999999999 0
0.89020571999999998 0.88198644999999998 0
0.89030933000000001 0.84863604000000004 0
0.89039984999999999 0.48510883999999999 0
0.89045569999999996 0.68878678000000004 0
0.89045936000000003 0.13368244000000001 0
0.89050216999999998 0.71236876000000005 0
0.89053207999999995 0.022700939999999999 0
0.89071639000000002 0.29791683000000002 0
0.89073122999999998 0.88922663999999996 0
0.89077994000000005 0.47291407000000002 0
0.89078592000000001 0.053820890000000003 0
0.89078957000000003 0.091494350000000002 0
0.89084715000000003 0.037710920000000002 0
0.89084768000000003 0.49101054 0
0.89088548000000001 0.90537891999999998 0
0.89090647999999995 0.22661039999999999 0
0.89118987999999999 0.97869890000000004 0
0.89130434000000003 0.26174766999999999 0
0.89135699000000002 0.25270765000000001 0
0.89162896999999997 0.23456708000000001 0
0.89170221999999999 0.81020798999999999 0
0.89172885000000002 0.017270810000000001 0
0.89174209999999998 0.96449302999999997 0
0.89175167 0.42217563000000002 0
0.89180568000000005 0.56757380000000002 0
0.89183133999999997 0.57965226999999997 0
0.89186664999999998 0.46165767000000002 0
0.89200736999999997 0.60751261000000001 0
0.89201947000000004 0.10536205999999999 0
0.89202809000000005 0.24123202999999999 0
0.89213622999999997 0.14560372999999999 0
0.89224241999999998 0.68492445999999996 0
0.89229795000000001 0.073655529999999997 0
0.89238103000000002 0.037567290000000003 0
0.89238903000000003 0.39376723000000002 0
0.89241658999999995 0.38127580999999999 0
0.89245275000000002 0.86364982000000001 0
0.89252293000000005 0.54072039000000005 0
0.89253886999999998 0.62501549999999995 0
0.89255185000000004 0.23973574 0
0.89258340999999997 0.37561749 0
1 0.94795722000000004 0
0.89259094000000005 0.54770998999999998 0
0.89271716000000001 0.40063545 0
0.89272987999999998 0.52128260000000004 0
0.89274195000000001 0.62965422000000004 0
0.89279385 0.27590420999999998 0
0.89279942000000001 0.22478948000000001 0
0.89281882000000001 0.47012672999999999 0
0.89282768000000001 0.94088057999999997 0
0.89287479000000003 0.70590123999999999 0
0.89295557999999997 0.9329847 0
0.89305593000000005 0.92286500000000005 0
0.89305858000000005 0.058255330000000001 0
0.89308942000000002 0.23487584 0
0.89314766999999995 0.55598283999999998 0
0.89328087 0.098183480000000004 0
0.89349047999999998 0.53174637000000002 0
0.89358678999999996 0.40288627999999999 0
0.89360748000000001 0.10064608999999999 0
0.89364893999999995 0.68108382999999995 0
0.89375939999999998 0.63703012999999997 0
0.89388610999999996 0.84424284000000005 0
0.89400179000000002 0.71695288999999995 0
0.89400422999999996 0.44668063000000002 0
0.89408975000000002 0.94344205000000003 0
0.89410471999999996 0.1000269 0
0.89411035000000005 0.93021489999999996 0
0.89416499999999999 0.24322922999999999 0
0.89418361999999996 0.19824919999999999 0
0.89419428999999995 0.0074752200000000003 0
0.89431068999999996 0.11404367 0
0.89437290000000003 0.88836548000000004 0
0.89447558000000005 0.093822320000000001 0
0.89448872999999995 0.12979331999999999 0
0.89455541999999999 0.98378434999999997 0
0.89457355000000005 0.034826549999999998 0
0.89471756000000002 0.96154605000000004 0
0.89486785999999996 0.74938877999999998 0
0.89487017000000002 0.11455985 0
0.89490729999999996 0.12039909 0
0.89493697999999999 0.65971983999999995 0
0.89496761000000002 0.34393209000000002 0
0.8949762 0.48693543 0
0.89498286999999999 0.21000382000000001 0
0.89504786999999997 0.21828760999999999 0
0.89508443000000004 0.36042669999999999 0
0.89511686000000001 0.69080492000000004 0
0.89518038 0.84979453000000005 0
0.89526198999999995 0.43856933999999997 0
0.89526629000000002 0.73810025999999995 0
0.89527679999999998 0.32045109999999999 0
0.89545056000000001 0.13240019 0
0.89549761999999999 0.10117874 0
0.89560704000000002 0.34761343 0
0.89575861000000001 0.64051192999999995 0
0.89578265999999995 0.1008211 0
0.89579228 0.83560424 0
0.89583051000000002 0.41541887999999999 0
0.89590084000000003 0.19532093 0
0.89591065999999997 0.46858630000000001 0
0.89596259 0.89079386999999999 0
0.89600729999999995 0.31280731000000001 0
0.89609280000000002 0.29849741000000002 0
0.89621359 0.42974187000000003 0
0.89626117999999999 0.20172466 0
0.89629387999999999 0.24840519 0
0.89658013999999997 0.60238347999999997 0
0.89677468999999999 0.86880334000000004 0
0.89695910999999995 0.87747651000000004 0
0.89696372999999996 0.014599040000000001 0
0.89719285999999998 0.90181153999999997 0
0.89722798000000004 0.68152754000000004 0
0.89725588999999994 0.79365129000000001 0
0.89738735000000003 0.17668016 0
0.89750110999999999 0.022851659999999999 0
0.89755346999999996 0.26022878999999999 0
0.89764421000000005 0.60359472999999997 0
0.89765742999999998 0.94943812000000005 0
0.89783579999999996 0.24444277 0
0.89791949000000004 0.93893278999999996 0
0.89794927000000002 0.84840287000000003 0
0.89803818999999996 0.69991093000000004 0
0.89803988000000001 0.22565431999999999 0
0.89828264999999996 0.23030191999999999 0
0.89832076999999999 0.93237948000000004 0
0.89842725999999995 0.88503690000000002 0
0.89847558000000005 0.34889878000000002 0
0.89850664999999996 0.47468479000000002 0
0.89868652999999998 0.87123536000000001 0
0.89875139999999998 0.16139965000000001 0
0.89879326000000004 0.38862362 0
0.89885243999999997 0.19507348999999999 0
0.98089265999999997 0.53537855000000001 0
0.89886555000000001 0.71180376000000001 0
0.89890961000000003 0.52408334999999995 0
0.89893884000000002 0.92063382000000005 0
0.89901222000000003 0.14949894999999999 0
0.89914576999999996 0.33535552000000002 0
0.89917943 0.15757083999999999 0
0.89922192000000001 0.60242722999999998 0
0.89926238000000003 0.90323492999999999 0
0.89926841000000002 0.97414476999999999 0
0.89929910000000002 0.61351244000000005 0
0.89939082999999997 0.73650985000000002 0
0.89943647000000004 0.49986234000000002 0
0.89956239000000005 0.065387520000000005 0
0.89958967999999995 0.19762088999999999 0
0.89960558999999995 0.45194225999999998 0
0.89971608000000003 0.83991035000000003 0
0.89973462000000004 0.71421087999999999 0
0.89979195000000001 0.077511930000000007 0
0.89979461000000005 0.63536844999999997 0
0.89984836999999995 0.30549641 0
0.90002291999999995 0.99906280000000003 0
0.90010042999999995 0.79332776999999999 0
0.90046196999999994 0.37074804 0
0.90056959000000003 0.0097210600000000001 0
0.90060395000000004 0.99964297000000002 0
0.90061488999999995 0.49958529000000002 0
0.90076381000000005 0.76438253 0
0.90080687000000004 0.60355488999999996 0
0.90084220000000004 0.10884626999999999 0
0.90092353999999997 0.44407352 0
0.90105822999999996 0.81261380000000005 0
0.90107360000000003 0.29697209000000002 0
0.90108010999999999 0.03927141 0
0.90115330000000005 0.45649445999999999 0
0.90117621000000003 0.78275114999999995 0
0.90125588999999995 0.50692274000000004 0
0.90133903999999998 0.26164552000000002 0
0.90139577999999998 0.21365943000000001 0
0.90146002000000003 0.64048616000000003 0
0.90149807999999998 0.80346640000000003 0
0.90150056999999995 0.17717263999999999 0
0.90157938999999998 0.71160219000000002 0
0.98052333999999997 0.53190689999999996 0
0.90184059999999999 0.33937898999999999 0
0.90185733000000001 0.04571998 0
0.90187386000000003 0.38308165 0
0.90189372000000001 0.64007373000000001 0
0.90193754999999998 0.87564609000000004 0
0.90197490000000002 0.47431764999999998 0
0.90202985000000002 0.34831674000000001 0
0.90215157000000001 0.27371441000000002 0
0.90218768999999999 0.97552854 0
0.90226308 0.18415770000000001 0
0.90226713000000003 0.81193187 0
0.90231923000000003 0.90982706999999996 0
0.90237445999999999 0.40980076999999998 0
0.90241607000000001 0.23739806999999999 0
0.90241760000000004 0.049852050000000002 0
0.90247526 0.96389360999999996 0
0.90251654999999997 0.12544031999999999 0
0.90255116000000002 0.52730147000000005 0
0.90255611000000002 0.42517576000000001 0
0.90263190999999998 0.77116470000000004 0
0.90263254000000004 0.72536595000000004 0
0.90264253000000005 0.12144813 0
0.90265545000000003 0.076783580000000004 0
0.90266763000000005 0.44649325000000001 0
0.90287914999999996 0.30931218999999999 0
0.90300084999999997 0.60522368999999998 0
0.90301065000000003 0.095406400000000002 0
0.90301299000000002 0.19477848 0
0.90305289 0.60821451000000004 0
0.90315031000000001 0.60723625000000003 0
0.90318693999999999 0.29092498 0
0.90320900999999998 0.50203443999999997 0
0.90321677 0.12680258999999999 0
0.9032519 0.77677057999999999 0
0.90332601000000001 0.26378188000000002 0
0.90350284000000003 0.84512248000000001 0
0.90366816000000005 0.94380881000000005 0
0.90383416999999999 0.83960239000000003 0
0.90405813999999995 0.51524185 0
0.90408244999999998 0.82554647999999997 0
0.90415975000000004 1 0
0.90421088999999999 0.43501685000000001 0
0.90427135999999997 0.45339793 0
0.90448428999999997 0.48708431000000002 0
0.90451046000000002 0.059953020000000003 0
0.90468468999999996 0.59724356000000001 0
0.90482536000000002 0.95210384999999997 0
0.90490868999999996 0.20670051 0
0.90490881000000001 0.25062230000000002 0
0.90498544999999997 0.79944026999999995 0
0.90513284000000005 0.83372117000000001 0
0.90515356000000002 0.30431582000000001 0
0.90533770000000002 0.35471724999999998 0
0.90543874999999996 0.48865502 0
0.90545896999999997 0.36329309999999998 0
0.90548624 0.31402005999999999 0
0.90548823000000001 0.57955111000000004 0
0.90548903999999997 0.38588620000000001 0
0.90554765999999998 0.98628097999999997 0
0.90557529999999997 0.81728654999999995 0
0.90564191000000005 0.91300643000000004 0
1 0.32419846000000002 0
0.90589447000000001 0.72720472999999997 0
0.90591915000000001 0.0076429799999999997 0
0.90600985999999994 0.38764025000000002 0
0.90604625000000005 0.28483247 0
0.90607497999999997 0.20887249999999999 0
0.90616468999999999 0.93425320000000001 0
0.90617674999999998 0.75381670000000001 0
0.90621967999999997 0.261847 0
0.90625356999999995 0.39133602000000001 0
0.90643478 0.77763789999999999 0
0.90645933000000001 0.29629728 0
0.90646183000000002 0.73014181 0
0.90655372000000001 0.37771020999999999 0
0.90657237999999996 0.91729470000000002 0
0.90669263 0.43798157999999998 0
0.90681248000000003 0.66966165 0
0.90683961000000002 0.0097829400000000004 0
0.90689348999999997 0.088476970000000002 0
0.90692556999999996 0.65403654 0
0.90695013000000002 0.10115874 0
0.90699417999999998 0.88978188000000002 0
0.90712269000000001 0.59453624999999999 0
0.90712773999999996 0.32976541999999998 0
0.90719377999999995 0.74196386000000003 0
0.90721731000000005 0.87226406999999995 0
0.90729393000000003 0.079597829999999994 0
0.90731510999999998 0.40775914000000002 0
0.90732889999999999 0.60059655000000001 0
0.90736675 0.55143492999999999 0
0.90740889999999996 0.34185426000000002 0
0.90746534000000001 0.54610835999999996 0
0.90753097999999999 0.99621784999999996 0
0.90757226000000002 0.24070543 0
0.90784659000000001 0.93790750000000001 0
0.90786111999999997 0.79924751999999999 0
0.90798842000000002 0.16436421000000001 0
0.90807771999999998 0.98180924999999997 0
0.90822411999999997 0.14709261000000001 0
0.90825369 0.15161942 0
0.90842455 0.10827183 0
0.90863161999999997 0.74287439 0
0.90863936000000001 0.64723189000000003 0
1 0.31235612000000001 0
0.90868766999999995 0.68603892 0
0.90878791999999997 0.76288754999999997 0
0.90882704999999997 0.25948168999999999 0
0.90885554999999996 0.061109459999999997 0
0.90893383000000005 0.29112244999999998 0
0.90902837999999997 0 0
0.90907802000000004 0.84856728999999997 0
0.90916264999999996 0.13401853 0
0.90930266000000004 0.25850188000000002 0
0.90932769999999996 0.38260402999999998 0
0.90934870000000001 0.82770642000000005 0
0.90941875999999999 0.64132798000000002 0
0.90946537999999999 0.19963749 0
0.90962613000000003 0.56950076999999999 0
0.90965541999999999 0.91671016999999999 0
0.90968912999999996 0.26259622999999999 0
0.90973663999999999 0.60743862999999998 0
0.90983018999999998 0.29705878000000002 0
0.90985969 0.73844436000000002 0
0.90986652999999995 0.39064190999999998 0
0.90993352999999999 0.633745 0
0.91033686999999996 0.58297494999999999 0
0.91036207000000002 0.72730311999999997 0
0.91036665000000005 0.91392267000000005 0
0.91046804000000003 0.97172080999999999 0
0.91053638000000003 0.91986590999999995 0
0.91058514000000002 0.042764539999999997 0
0.91065019999999997 0.11056957000000001 0
0.91066172000000001 0.32890227999999999 0
0.91073159000000004 0.19792835 0
0.91075393000000004 0.81148551999999996 0
0.91081617999999998 0.60710036000000001 0
0.91082848999999999 0.90092669999999997 0
0.91084589000000005 0.42406721000000003 0
0.91085006999999996 0.082440020000000003 0
0.91093972000000001 0.65307241000000005 0
0.91098113999999997 0.92700512999999996 0
0.91101399000000005 0.77647432999999999 0
0.91105113999999998 0.44791025000000001 0
0.91109837000000005 0.71723002999999996 0
0.91123988 1 0
0.91125389999999995 0.89731828000000002 0
0.91126046999999999 0.95103599000000005 0
0.91127754000000005 0.87905628000000002 0
0.91141461000000001 0.29662644999999999 0
0.91145253999999998 0.46733528000000002 0
0.91147036999999997 0.79338112000000005 0
0.91147336000000001 0.02322397 0
0.98273588999999995 0.46208637000000002 0
0.91152078000000003 0.94043918999999998 0
0.91162109999999996 0.58773704000000004 0
0.91166913999999999 0.73452675000000001 0
0.91170958000000002 0.33073152 0
0.91173930000000003 0.95451436999999995 0
0.91175605999999998 0.75506991000000001 0
0.91182046000000005 0.57867564999999999 0
0.91182278000000005 0.53214465 0
0.91185366999999995 0.054598380000000002 0
0.91187331999999999 0.14870359 0
0.91188504000000004 0.19501229 0
0.91204669000000005 0.11532567000000001 0
0.91219691999999997 0.23984415000000001 0
0.91219802000000005 0.019554160000000001 0
0.91235741000000004 0.62124208999999997 0
0.91249477000000001 0.0020150799999999998 0
0.91254712999999998 0.041804170000000002 0
0.91257027999999996 0.12787138000000001 0
0.91273017000000001 0.98220837999999999 0
0.91273132000000001 0.79796486 0
0.91275145000000002 0.80528202000000004 0
0.91279522000000002 0.035611440000000001 0
0.91283104000000004 0.74680849000000005 0
0.91307612000000005 0.89414125 0
0.91310639000000005 0.24612213999999999 0
0.91311463999999998 0.86071056000000001 0
0.91315568999999996 0.93164842999999997 0
0.91320018000000003 0.48048331999999999 0
0.91325345999999996 0.74988054999999998 0
0.91333127000000003 0.74014082000000003 0
0.91346579999999999 0.20387939999999999 0
0.91351123999999995 0.69220793000000003 0
0.91351236999999996 0.84571673999999997 0
0.91355783000000002 0.45037450000000001 0
0.91356254999999997 0.55334826999999998 0
0.91359056000000005 0.92898135999999998 0
0.91364009000000002 0.30432483999999999 0
0.91370141999999999 0.21369595 0
0.98276048000000005 0.10498301 0
0.91371983000000001 0.059288689999999998 0
0.91373585999999996 0.49117664999999999 0
0.91377465000000002 0.99651394000000004 0
0.91377832999999997 0.42550208 0
0.91381040999999996 0.44251251000000003 0
0.91385338000000005 1 0
0.91386592 0.88761950999999994 0
0.91390616000000002 0.051550279999999997 0
0.91390786000000002 0.80401882999999996 0
0.91396365999999996 0.27572025999999999 0
0.91412033000000004 0.30671018999999999 0
0.91424216000000003 0.81315280999999995 0
0.91431006000000004 0.39492447000000003 0
0.91442049999999997 0.30178189 0
0.98035335000000001 0.93542046999999995 0
0.91450516000000004 0.25218085000000001 0
0.91469739000000005 0.63111669000000004 0
0.91471685000000003 0.52864314000000001 0
0.91478742999999996 0.24198333 0
0.91481840999999997 0.18195637000000001 0
0.91489290000000001 0.42386868999999999 0
0.91494834999999997 0.61001483999999995 0
0.91496838000000003 0.45898962999999998 0
0.91530674999999995 0.68854864999999998 0
0.91544256999999996 0.18988608000000001 0
0.91546746000000001 0.46266262000000002 0
0.91548569999999996 0.64297592999999997 0
0.91553227999999998 0.60370197999999997 0
0.91554064999999996 0.072394340000000001 0
0.91560153 0.48661742000000002 0
0.91560156999999998 0.39887344000000002 0
0.91571875000000003 0.62005944000000002 0
0.91578773999999996 0.15156425000000001 0
0.91582576999999998 0.23023165000000001 0
0.91582629999999998 0.54494027 0
0.91589829 0.61690612 0
0.91592123999999997 0.17128888 0
0.9159429 0.49929771000000001 0
0.91597337000000001 0.12057329999999999 0
0.9160237 0.28264926000000001 0
0.91610484000000003 0.98270811999999996 0
0.91613738 0.38251981000000002 0
0.91617669000000002 0.72417993000000003 0
0.91624539000000005 0.080102950000000006 0
0.91658483000000002 0.10403622999999999 0
0.91662204999999997 0.62705447999999997 0
0.91664146000000002 0.98058482000000002 0
0.91664305999999995 0.14902072 0
0.91671121 0.97208192999999998 0
0.91673523999999995 0.53035973000000003 0
0.91674226000000003 0.62993231999999999 0
0.91682050000000004 0.67440264000000005 0
0.91685914000000002 0.25357374999999999 0
0.91687187000000003 0.94152952999999995 0
0.91691602999999999 0.17434704000000001 0
0.91693827000000006 0.23840662000000001 0
0.91730175999999997 0.93818718999999995 0
0.91730504999999996 0.26411900999999999 0
0.91733560999999997 0.27833772000000001 0
0.91734139999999997 0.10669713 0
0.91735285 0.61491865999999995 0
0.91737791999999996 0.01667246 0
0.91739241999999999 0.88620388999999999 0
0.91745144000000001 0.037572559999999998 0
0.91747928000000001 0.84105017999999998 0
0.91751746000000001 0.54561899999999997 0
0.91752977999999996 0.4310292 0
0.91765048000000005 0.35899697000000003 0
0.91769237000000004 0.73412937 0
0.91769453999999995 0.91526174000000005 0
0.91772339000000003 0.64577035000000005 0
0.91782067000000001 0.20264098999999999 0
0.91791792000000005 0.22558244999999999 0
0.91794184000000001 0.63755852999999996 0
0.91800965000000001 0.032036099999999998 0
0.91805957000000005 0.23755494999999999 0
0.91812327999999999 0.29318136 0
0.91819309999999998 0.41265963999999999 0
0.91821162000000001 0.12974628999999999 0
0.91822736999999999 0.19463106999999999 0
0.91826476999999995 0.83700616999999999 0
0.91837674999999996 0.6877643 0
0.9185179 0.28505216999999999 0
0.91867944999999995 0.097219819999999998 0
0.91877648000000001 0.19734346 0
0.91893780999999997 0.90257315000000005 0
0.91906414999999997 0.24157264000000001 0
0.91906933999999996 0.59789658000000001 0
0.91912229000000001 0.73537671999999998 0
0.91917426999999996 0.13812236 0
0.91929959999999999 0.3718978 0
0.91932813999999996 0.56789365000000003 0
0.91939353000000001 0.36711273999999999 0
0.91971172999999995 0.03588061 0
0.91972436999999996 0.19537788 0
0.91978863 0.87024928999999995 0
0.91983632999999998 0.78887050000000003 0
0.91986588999999996 0.84088850999999998 0
0.91986619000000003 0.78920139 0
0.91989995999999996 0.98578149000000004 0
0.91994136000000004 0.93216896999999999 0
0.91999041000000004 0.21958760999999999 0
0.92001387999999995 0.67812640000000002 0
0.92006599 0.36081755999999998 0
0.92022676999999997 0.39677456999999999 0
0.92022932999999996 0.68439070999999996 0
0.92026896999999996 0.38273922999999999 0
0.92036614000000005 0.99394941000000003 0
0.92038264999999997 0.68884880999999998 0
0.92039278999999996 0.087283910000000006 0
0.92042373 0.99097552 0
0.92049592999999996 0.54454515000000003 0
0.92049802999999997 0.66188113999999998 0
0.92057142999999997 0.59543014999999999 0
0.98232536999999998 0.22322443 0
0.92077872000000005 0.33640661999999999 0
0.92078671000000001 0.050642270000000003 0
0.92084630999999995 0.71226091999999996 0
0.92098075999999995 0.48953307000000001 0
0.92105965000000001 0.76016839000000003 0
0.92113889000000004 0.51459549000000004 0
0.92116525000000005 0.66334736000000005 0
0.92117784999999996 0.58685016999999995 0
0.92124618000000003 0.21796531999999999 0
0.92125131000000005 0.038856880000000003 0
0.92126072999999997 0.061094549999999997 0
0.92139921000000002 0.87556427000000003 0
0.92148523999999998 0.80347637999999999 0
0.92152772000000005 0.51475923000000001 0
0.92152794999999998 0.083178740000000001 0
0.92160982999999996 0.31853578999999999 0
0.92164376000000003 0.48829059000000002 0
0.92170680000000005 0.20839479999999999 0
0.92179226999999997 0.52283643000000002 0
0.92186098999999999 0.101911 0
0.92186493000000003 0.39616831000000002 0
0.92198829999999998 0.77253846000000004 0
0.92202848000000004 0.54273678999999997 0
0.92213480999999997 0.22827175999999999 0
0.92219781999999995 0.39744913999999998 0
0.92223259000000002 0.2377947 0
0.92234391999999998 0.22570412000000001 0
0.92244771999999997 0.60398894000000003 0
0.92246921999999998 0.91361380000000003 0
0.92248894000000004 0.87723437999999998 0
0.92253633000000002 0.73148329999999995 0
0.92256068999999996 0.55498018999999998 0
0.92263786000000003 0.22742752999999999 0
0.92265132999999999 0.90362949999999997 0
0.92272637000000002 0.040520430000000003 0
0.92273150000000004 0.99377961999999997 0
0.92277469000000001 0.33503086999999998 0
0.92279573000000004 0.58390673000000004 0
0.92285649000000003 0.035538760000000003 0
0.92286855999999995 0.51279642999999997 0
0.92287638999999999 0.43276980999999998 0
0.92289460000000001 0.66554548000000002 0
0.92303365000000004 0.12788932 0
0.92307028000000002 0.38848786000000002 0
0.92317859000000002 0.07292796 0
0.92318383000000004 0.87034520999999998 0
0.92326543999999999 0.89691905000000005 0
0.92330175999999997 0.79070536999999996 0
0.92334322000000002 0.88731936 0
0.92339068999999996 0.43739170999999999 0
0.92346339 0.86013041000000001 0
0.92346676999999999 0.91028686999999997 0
0.92352966999999997 0.38933890999999998 0
0.92356519999999998 0.33836749999999999 0
0.92357376999999996 0.46817172000000001 0
0.92362232 0.78466908999999996 0
0.92364657999999999 0.74475595999999999 0
0.92367756000000001 0.39954592999999999 0
0.92369957000000003 0.97282341000000006 0
0.92372290000000001 0.13996348 0
0.92375499000000005 0.35238709000000001 0
0.92378194000000002 0.90639764 0
0.92382852000000004 0.93304869999999995 0
0.92386762 0.046441919999999998 0
0.92399469999999995 1 0
0.92413129000000005 0.72187223 0
0.92422349999999998 0.029200259999999999 0
0.92432994000000002 0.73874304999999996 0
0.92436952999999999 0.39498558 0
0.92442177999999997 0.13859787000000001 0
0.92464639999999998 0.55430645000000001 0
0.92470732 0.39344736000000002 0
0.92471205000000001 0.055904250000000003 0
0.92474813 0.16889229 0
0.92477326999999998 0.58625068999999996 0
0.92484327 0.92996016000000004 0
0.92492059000000004 0.64158062000000005 0
0.92502068000000004 0.89920741000000004 0
0.92504226000000001 0.55599845999999997 0
0.92512514999999995 0.91987184 0
0.92518601 0.95586552999999996 0
0.92524669999999998 0.73151955999999996 0
0.9253844 0.33697226000000002 0
0.92539952000000003 0.59779819000000001 0
0.92542732000000005 0.38158874999999998 0
0.92544826000000002 0.83802933000000002 0
0.92549488000000002 0.72546056999999997 0
0.92570476000000002 0.71419867999999997 0
0.92574725000000002 0.017052810000000002 0
0.92579551000000004 0 0
0.92587975 0.26754549 0
0.92596845999999999 0.50016565999999996 0
0.92620431999999997 0.80137353 0
0.92620458000000006 0.60253097 0
0.92640546999999995 0.46806406 0
0.92646600000000001 0.50233295 0
0.92660467000000002 0.17358190000000001 0
0.92665019999999998 0.079578670000000004 0
0.92672303 0.63085422999999996 0
0.92673053999999999 0.77513262999999999 0
0.92688391000000003 0.29217638000000001 0
0.92688532999999995 0.94491625999999995 0
0.92692821000000003 0.43648639 0
0.92699229999999999 0.7612525 0
0.92701718 0.13733032000000001 0
0.92701765000000003 0.49290528 0
0.92716736 0.43071599999999999 0
0.92732555999999999 0.61339423999999998 0
0.92737840000000005 0.63856957999999997 0
0.92746284999999995 0 0
0.92746408999999996 0.82311666000000006 0
0.92747022000000001 0.83240917000000003 0
0.92751172000000004 0.19263706999999999 0
0.92752946999999997 0.18140001 0
0.92754230000000004 0.93949329999999998 0
0.92755491999999995 0.74890453000000001 0
0.92768843000000001 0.58936429000000001 0
0.92769444999999995 0.39232553999999997 0
0.92778784000000003 0.80367666999999998 0
0.92788411999999998 0.18000682000000001 0
0.92793650000000005 0.90671193999999999 0
0.92796690999999998 0.85866102 0
0.92797366000000003 0.95502578000000005 0
0.92797764999999999 0.05075089 0
0.92820972000000002 0.75746278 0
0.92824302000000003 0.75225637000000001 0
0.92825046 0.91991692999999997 0
0.92826138000000002 0.70763116000000004 0
0.92832291 0.84713442999999999 0
0.92851479000000003 0.47131571 0
0.92860757999999999 0.12854423000000001 0
0.92865359999999997 0.24197278 0
0.92869075999999995 0.31838115 0
0.92869351 0.21762546999999999 0
0.92876881 0.03659221 0
0.92878421 0.73120582999999995 0
0.98151719999999998 0.29237971000000001 0
0.92893780000000004 0.41328840999999999 0
0.92894259000000001 0.087806490000000001 0
0.92895545999999996 0.26133061000000002 0
0.92895830999999995 0.95928385999999999 0
0.92898886000000003 0.60068600000000005 0
0.92901456000000004 0.47411172000000001 0
0.92904863999999998 0.15502347 0
0.92907985000000004 0.90622683000000004 0
0.92908864999999996 0.88841375 0
0.92911677000000004 0.31880728000000003 0
0.92912941000000004 0.035496470000000002 0
0.92916487999999997 0.95663445999999996 0
0.92934746999999995 0.50492376000000005 0
0.92935287 0.039463709999999999 0
0.92959166000000004 0.73881377999999998 0
0.92970081000000004 0.29501462000000001 0
0.92992498999999995 0.11814029 0
0.93004964000000001 0.68822797999999996 0
0.93005895000000005 0.24612727000000001 0
0.93007492999999997 0.39059025000000003 0
0.93011259000000002 0.80957203 0
0.93017114999999995 0.38780508000000002 0
0.93019043000000001 0.14641582 0
0.93027910999999996 0.23279032 0
0.93029477999999999 0.87213152000000005 0
0.93056704000000001 0.99725896999999997 0
0.93059407999999999 0.41928158999999998 0
0.93060208 0.13031111000000001 0
0.98156927000000005 0.23744751 0
0.93062433 0.087343569999999995 0
0.93063145000000003 0.32997894999999999 0
0.93075322999999999 0.026225620000000002 0
0.93076968999999998 0.25817962 0
0.93078733999999996 0.11495651 0
0.93087461999999999 0.98946058000000003 0
0.93090843000000001 0.05662441 0
0.93096656 0.035126030000000003 0
0.93096973000000005 0.67661249000000001 0
0.93097127000000002 0.91953377999999997 0
0.93107949000000001 0.24258988000000001 0
0.93122654999999999 0.75868524000000004 0
0.93124496999999995 0.77202636000000002 0
0.93142493000000004 0.58538573999999999 0
0.93144006999999995 0.26728202000000001 0
0.93144618000000001 0.68131832000000003 0
0.93168841000000002 0.50847010999999998 0
0.93169378999999997 0.35565075000000002 0
0.93170991000000003 0.82788786000000003 0
0.93172951999999998 0 0
0.93174117000000001 0.0041514100000000003 0
0.93174880000000004 0.70253916000000005 0
0.93184476000000005 0.85591183999999998 0
0.93185375999999998 0.6687246 0
0.93190605000000004 0.80700987999999996 0
0.93191011999999995 0.91524538 0
0.93191387999999997 0.77325518000000004 0
0.93193950000000003 0.60830185000000003 0
0.93196294000000002 0.071228260000000002 0
0.93196564000000004 0.085911970000000004 0
0.93205906999999999 0.78786294999999995 0
0.93209158000000003 0.12666331 0
0.93211124000000001 0.60036864999999995 0
0.93213376000000003 0.59106287999999996 0
0.93216920000000003 0.85563814000000005 0
0.93219251000000003 0.80064614000000001 0
0.93220336999999998 0.12701907000000001 0
0.93228390000000005 0.086487229999999998 0
0.93232983000000003 0.15331875 0
0.93250420000000001 0.62257393000000005 0
0.93256695999999994 0.64096034000000002 0
0.93258863000000003 0.96491598000000001 0
0.93259040000000004 0.86461018999999995 0
0.93261004000000003 0.10010072 0
0.93261271999999995 0.53967072000000005 0
0.93266919999999998 0.98631356999999997 0
0.93270403000000002 0.65066250000000003 0
0.93271574999999995 0.57069791000000003 0
0.93275036 0.49336356999999997 0
0.93281075999999996 0.36515694999999998 0
1 0.95761353000000005 0
0.93294096000000004 0.75686589999999998 0
0.93297052000000003 0.50219636000000001 0
0.93303272000000004 0.29996481000000003 0
0.93311142999999996 0.86758718000000001 0
0.93324658000000005 0.34112087000000002 0
0.93337057000000001 0.89012221999999996 0
0.93352707999999995 0.76405895000000001 0
0.93370944 0.43487710000000002 0
0.93375845000000002 0.16582135000000001 0
0.93383742999999997 0.38675213000000003 0
0.93387945000000006 0.67529908000000005 0
0.93389286000000005 0.96087568000000001 0
0.93391188999999997 0.87624937000000003 0
0.93405811999999999 0.43691022000000002 0
0.93408500000000005 0.83878063999999997 0
0.93418299999999999 0.22687278 0
0.93419151 0.50357379999999996 0
0.93423599000000002 0.36293405000000001 0
0.93440392999999999 0.55219923999999998 0
0.93446501999999998 1 0
0.93449347000000005 0.26034359000000001 0
0.93454146999999999 0.84142444999999999 0
0.93455684000000006 0.71851187999999999 0
0.93468636000000005 0.16512320999999999 0
0.93474060000000003 0.70075054000000003 0
0.93475375999999999 0.52214326 0
0.93479453999999995 0.49904113999999999 0
0.93481144999999999 0.099140160000000005 0
0.93486517000000002 0.58589833999999996 0
0.93494580000000005 0.39509865999999999 0
0.93502889 0.30268398000000002 0
0.93503650999999999 0.42894093999999999 0
0.93503782000000002 0.52026260000000002 0
0.93511801999999999 0.95115291000000002 0
0.93523040999999996 0.61066142999999995 0
0.93523606999999997 0.60905553999999995 0
0.93531196000000005 0.22898351 0
0.93538211999999998 0.42549136999999998 0
0.93539055999999998 0.40650299000000001 0
0.93543792000000003 0.33373979999999998 0
0.93550226000000003 0.42166160000000003 0
0.93553070000000005 0.91604348999999996 0
0.93558152999999999 0.038967979999999999 0
0.93559448999999995 0.52218030999999998 0
0.93564099000000001 0.28321053000000002 0
0.93565469000000001 0.71793079999999998 0
0.93567120999999998 0.62205575000000002 0
0.93571154000000001 0.58156162 0
0.93573574000000004 0.70054720000000004 0
0.93580967000000004 0.14470773000000001 0
0.93596636 0.24870419999999999 0
0.93597927999999997 0.48012751999999997 0
0.93598060000000005 0.76593011 0
0.93600506000000006 0.29078344 0
0.93601831999999996 0.85311397 0
0.93608595999999999 0.33330390999999998 0
0.93610229 0.29185623999999999 0
0.93614626999999995 0.13499667000000001 0
0.93614925000000004 0.14679782999999999 0
0.93621273999999999 0.10051968 0
0.93624308000000001 0.26678733999999998 0
0.93627488999999997 0.35490730999999998 0
0.93629839999999998 0.046122469999999999 0
0.93635195000000004 0.77972507000000002 0
0.93652086999999995 0.94066263999999999 0
0.93668457999999999 0.35868695 0
0.93680333000000005 0.10867523 0
0.93681926999999998 0.15540053000000001 0
0.93694794000000003 0.39290488000000001 0
0.93700865 0.89627933999999998 0
0.93723471999999997 0.49077947 0
0.93729958999999996 0.62592879000000001 0
0.93731337999999997 0.9052538 0
0.93731856000000002 0.89016854999999995 0
0.93737289000000001 0.77653784000000003 0
0.93747572999999995 0.15012228999999999 0
0.93766987999999996 0.54261324 0
0.93790273999999996 0.58566651999999997 0
0.93790764000000004 0.70856129999999995 0
0.93792737000000004 0.94075193999999995 0
1 0.22337493999999999 0
0.93813400999999996 0.25537895999999999 0
0.93818723000000004 0.51735483999999998 0
0.93819744999999999 0.047347300000000002 0
0.93820313 0.77395683999999998 0
0.93823129999999999 0.98689258999999996 0
0.93829182 0.93019598999999997 0
0.93831447999999995 0.082823099999999997 0
0.93839908999999999 0.19673624000000001 0
0.93843061000000005 0.58393320000000004 0
0.93863381000000001 0.95364073000000005 0
0.93863693000000004 0.96251125000000004 0
0.93864440000000005 0.66621942000000001 0
0.93865012000000003 0.51265947999999995 0
0.93872630000000001 0.96803916999999995 0
0.93881044000000002 0.67059005000000005 0
0.93891150999999995 0.10725066 0
0.93891585 0.85462291000000001 0
0.93900828999999997 0.93606263000000001 0
0.93910457000000003 0.42783959999999999 0
0.93912039999999997 0.11092779999999999 0
0.93920408 0.074374060000000006 0
0.93931489000000001 0.68238723000000001 0
0.98167848000000002 0.47320994999999999 0
0.93949914000000001 0.73649416999999995 0
0.93955456000000004 0.77445445999999996 0
0.93961667999999998 0.49196953999999998 0
0.93962858000000005 0.58417034000000001 0
0.93966722999999996 0.39698960999999999 0
0.93967663999999995 0.36234717 0
0.93968399000000002 0.85422788000000005 0
0.93970489000000001 0.57189919 0
0.93982743000000002 0.57558498000000002 0
0.93988313000000001 0.75744621999999995 0
0.93989515999999995 0.85120722999999998 0
0.93992235000000002 0.47262936999999999 0
0.94014145000000005 0.50387576000000001 0
0.94021319999999997 0.54228927999999998 0
0.94030230999999997 0.11470357 0
0.94039141000000004 0.14171415000000001 0
0.94041428000000005 0.65409987000000003 0
0.94046932000000005 0.62063047000000005 0
0.94047811999999997 0.81395667000000005 0
0.94050628000000003 0.66353050999999996 0
0.94054484999999999 0.15617116 0
0.94064492 0.41279029 0
0.94068278999999999 0.040427989999999997 0
0.94074601999999996 0.16385893000000001 0
0.94075401999999997 0.41187212000000001 0
0.94093488999999997 0.54989326999999999 0
0.94104319000000003 0.15488335 0
0.94116774000000003 0.11422369 0
0.94119054999999996 0.26763352000000001 0
0.94122165000000002 0.31258910000000001 0
0.94123933999999998 0.62766111999999996 0
0.94131189999999998 0.71132220999999995 0
0.94133988000000002 0.42357686999999999 0
0.94148050999999999 0.92990112000000003 0
0.94149285000000005 0.9945562 0
0.94159188999999999 0.65225997999999996 0
0.94168872000000003 0.29763741999999999 0
0.94170617999999995 0.70811922000000005 0
0.94175604000000002 0.44909896999999999 0
0.94178589000000001 0.18729223 0
0.94179891999999998 0.24392261000000001 0
0.94184272999999996 0.73554127000000002 0
0.94193397999999995 0.78582129000000001 0
0.94195220999999996 0.07344668 0
0.94197355000000005 0.11948019999999999 0
0.94199695999999999 0.94635526000000003 0
0.94204208 0.13537962000000001 0
0.94211993999999999 0.47682190000000002 0
0.94235252999999997 0.17422836 0
0.94238343000000002 0.61177899000000002 0
0.94242926000000005 0.34020646999999998 0
0.94252970000000003 0.40878286000000003 0
0.94254866999999998 0.18844848 0
0.94255518999999999 0.53943472999999997 0
0.94256702999999997 0.070118269999999996 0
0.94262904000000003 0 0
0.94263043999999996 0.95980575999999995 0
0.94275485000000003 0.27530384000000002 0
0.94277701000000003 0.96665204000000005 0
0.94280269000000005 0.24329486 0
0.94282527000000005 0.84426067999999999 0
0.94283989000000001 0.75197703999999999 0
0.94302717000000003 0.81072988999999995 0
0.94306201000000001 0.28297133000000002 0
0.9430887 0.84994400999999997 0
0.94313811000000003 0.90631145000000002 0
1 0.34298888 0
0.94324224000000001 0.85862402999999998 0
0.94326127000000004 0.091996499999999995 0
0.94332782999999998 0.18685292000000001 0
0.94333405999999997 0.78999951000000002 0
0.94335228999999998 0.29613420000000001 0
0.94336871 0.59519292000000001 0
0.94340767000000003 0.54993745999999999 0
0.98103373999999999 0.16154444000000001 0
0.94353231000000004 0.49040531999999998 0
0.94353788000000005 0.16458324999999999 0
0.94353922000000001 0.69355747000000001 0
0.94363423000000002 0.53049000999999996 0
0.94371802000000005 0.71786541999999998 0
0.94373934999999998 0.45833813000000001 0
0.94388411999999999 0.037609789999999997 0
0.94410017000000002 0.1462849 0
0.94440394999999999 0.37279152999999998 0
0.94453575000000001 0.63185097000000001 0
0.94456699 0.05725235 0
0.94457449999999998 0.33621617999999998 0
0.94464212999999997 0.62124422999999995 0
0.94470883000000005 0.43217517 0
0.94471709000000004 0.31596382000000001 0
0.94485390999999996 0.12151642999999999 0
0.94487686000000004 0.065518649999999998 0
0.94492558000000004 0.47816976 0
0.94497863999999998 0.41083973000000001 0
0.94506429999999997 0.47051252999999998 0
0.94507405 0.92127177999999998 0
0.94509003000000003 0.85951465999999999 0
0.94513276000000002 0.99345886000000005 0
0.94522402000000005 0.34301607000000001 0
0.94532463 0.28562653999999998 0
0.94550529000000005 0.64432484000000001 0
0.94557407000000004 0.53063470999999995 0
0.94558107999999996 0.92632484999999998 0
0.94559453000000004 0.39597156999999999 0
0.94562276999999995 0.0084886900000000001 0
0.94569802000000003 0.41441812 0
0.94579506999999996 0.93131562000000001 0
0.94580045999999995 0.29056052999999998 0
0.94587279999999996 0.68907854999999996 0
0.94587350000000003 0.73506804000000003 0
0.94595552000000005 0.34664941999999999 0
0.94598260000000001 0.91196761000000004 0
0.94611942999999998 0.99830817999999999 0
0.94616526000000001 0.95980337999999998 0
0.9462469 0.64920858999999997 0
0.94625084000000004 0.75435352 0
0.94625974999999996 0.24832604999999999 0
0.94643732000000003 0.67203944000000004 0
0.94643816999999997 0.43320415000000001 0
0.94644167999999995 0.82908868000000002 0
0.94647373000000001 0.25229600000000002 0
0.94657449999999999 0.47588837 0
0.94658324000000005 0.044141760000000002 0
0.94658726000000004 0.071855130000000003 0
0.94678929999999994 0.52694036 0
0.94678952999999999 0.75681096999999997 0
0.94685562000000001 0.70969514 0
0.94687783999999997 0.20861837999999999 0
0.94691561999999996 0.95771790999999995 0
0.94704902999999996 0.70263423999999997 0
0.94705357999999995 0.72244648 0
0.94707392000000001 0.30584439000000002 0
0.94708550000000002 0.23043577000000001 0
0.94720707000000004 0.83511937000000003 0
0.94724560999999996 0.39579072999999998 0
0.94729419000000004 0.91832444000000002 0
0.94741253999999997 0.10235441000000001 0
0.94758383999999996 0.76778692000000004 0
0.94758922000000001 0.38513354999999999 0
0.94775189999999998 0.22337784999999999 0
0.94788567000000001 0.88913960000000003 0
0.94804029999999995 0.19918343999999999 0
0.94812277 0.39201079 0
0.94815064000000004 0.01508749 0
0.94822788000000002 0.58017426000000005 0
0.94836644999999997 0.0027918600000000002 0
0.94839479000000004 0.57466187000000002 0
0.94840373 0.12626951 0
0.94862139000000001 0.22460561000000001 0
0.94863368000000003 0.27013059 0
0.94864771999999997 0.93390991000000001 0
0.94868788999999998 0.38779942000000001 0
0.94872652999999996 0.73994002999999997 0
0.94888322000000003 0.10500182 0
0.94889656 0.056660130000000003 0
0.94908031999999998 0.20309989000000001 0
0.94910402000000005 0.70089219999999997 0
0.94911926999999996 0.067139649999999995 0
0.94914010000000004 0.48816145 0
0.94915662999999995 0.98472325000000005 0
0.94918416999999999 0.26361269999999998 0
0.94937066999999997 0.031974620000000002 0
0.94942519000000003 0.4638215 0
0.94951582000000001 0.024323170000000002 0
0.94956925000000003 0.093318399999999996 0
0.94963785999999994 0.76817864000000002 0
0.94964249999999995 0.20771427000000001 0
0.94965783999999998 0.01050073 0
0.94975030999999999 0.073197890000000002 0
0.94981062999999999 0.57118053999999996 0
0.94981481999999995 0.37343873999999999 0
0.94984513000000004 0.67688895999999998 0
0.94985933 0.37101214999999999 0
0.94986716000000004 0.98269006000000003 0
0.94993494000000001 0.0020781100000000002 0
0.95007803999999996 0.50644844 0
0.95020983000000003 0.61742560999999996 0
0.95021224000000004 0.078960450000000001 0
0.95024783999999995 0.057999059999999998 0
0.95032868000000004 0.20142977000000001 0
0.95033506999999995 0.74674682999999997 0
0.95034269000000005 0.14388221000000001 0
0.95039552999999999 0.20376037 0
0.95039958000000002 0.94629901999999999 0
0.95042095999999998 0.11802232 0
0.95045831000000003 0.58864897999999999 0
0.95068478999999995 0.55896239000000003 0
0.95068869 0.68782505000000005 0
0.95069585999999995 0.92371632999999997 0
0.95069713 0.29562209 0
0.95077783000000005 0.50926258999999996 0
0.95078907999999995 0.17122983 0
0.95080602000000003 0.089577149999999994 0
0.95084679000000005 0.90134510999999995 0
1 0.70346365 0
0.95090810000000003 0.32939696000000002 0
0.95093326 0.70072062999999996 0
0.95097047000000001 0.74322463999999999 0
0.95097688000000002 0.027094770000000001 0
0.95100715999999996 0.68709056999999996 0
0.95104776999999996 0.35207211999999999 0
0.95105795000000004 0.69163123999999998 0
0.95106369999999996 0.39480432999999998 0
0.95111018999999997 0.40508508999999998 0
0.95112514000000004 0.92860476000000003 0
0.95127603000000005 0.46434457000000001 0
0.95138619000000002 0.73943932999999995 0
0.95141549999999997 0.54094591999999997 0
0.95143036000000003 0.30907096000000001 0
0.95146578999999998 0.62201485999999995 0
0.95146591999999997 0.40709085 0
1 0.24444414 0
0.95150678 0.62898524 0
0.95165379000000005 0.45324578999999998 0
0.95168233999999996 0.81237212000000003 0
0.95169733999999995 0.18289116 0
0.95184329000000001 0.79239881999999995 0
0.95188033999999999 0.48364077999999999 0
0.95192416000000002 0.37974334999999998 0
0.95199277999999998 0.68252268000000005 0
0.95205594000000004 0.67004980999999997 0
0.95205737999999995 0.80954727000000004 0
0.95211151000000005 0.75280146000000003 0
0.95214988 0.40962228000000001 0
0.95218990999999997 0.77345620999999998 0
0.95225441 0.10543748 0
0.95232874000000001 0.20169233 0
0.95239594999999999 0.97507268999999996 0
0.95245716000000002 0.86087647 0
0.95252270999999999 0.83509230000000001 0
0.95261618000000003 0.54021998999999998 0
0.95280726999999998 0.060530710000000001 0
0.95303464999999998 0.054643919999999999 0
0.95311692000000003 0.39044484000000002 0
0.95312408999999998 0.26496976999999999 0
0.95312470000000005 0.29985933999999997 0
0.95312867999999995 0.69262838999999998 0
0.95315267999999997 0.36596229000000002 0
0.95322883999999997 0.72259129 0
0.95323831000000003 0.7189354 0
0.95326191999999998 0.70381554000000002 0
0.95326754000000002 0.22053890000000001 0
0.95333254000000001 0.17706 0
0.95338343000000003 0.19330214000000001 0
0.95354543000000003 0.89119424999999997 0
0.95354992999999999 0.027642460000000001 0
0.95362921 0.10661851 0
0.95377959000000001 0.32511055 0
0.9538451 0.78693862999999997 0
0.95386503 0.26445900999999999 0
0.9539263 0.26888518 0
0.95394208000000003 0.55212271000000002 0
0.95398505 0.032466000000000002 0
0.95402050999999999 0.88587716000000005 0
0.95403605000000002 0.22516430000000001 0
0.95411427000000004 0.22878633000000001 0
0.95420528000000004 0.17817775 0
0.95423340000000001 0.25068786999999998 0
0.95424595999999995 0.49791594 0
0.95442455999999998 0.55791053000000002 0
0.95443060000000002 0.63991710999999996 0
0.95451934999999999 0.53528456999999996 0
0.95453642999999999 0.75505741000000004 0
0.95457314000000004 0.93947365000000005 0
0.95458573999999996 0.38572609000000002 0
0.95463503999999999 0.02529754 0
0.95469422999999998 0.50758395000000001 0
0.95471430999999995 0.069816690000000001 0
0.95472089999999998 0.0062664900000000004 0
0.95473131 0.64307999000000005 0
0.95477067999999998 0.093532530000000003 0
0.95477420000000002 0.98880301999999998 0
0.95480951999999997 0.53493095000000002 0
0.95482120999999998 0.50305348000000005 0
0.95494100999999998 0.099905179999999996 0
0.95495620999999997 0.62551303999999996 0
0.95500658999999999 0.073976029999999998 0
0.95503996000000002 0.38831628000000001 0
0.95505165000000003 0.36828810000000001 0
0.95509664000000005 0.81704237999999996 0
0.95536248000000001 0 0
0.95541164000000001 0.66653702000000004 0
0.95543409000000001 0.41051777 0
0.95553299999999997 0.33282349 0
0.95553948 0.66722541999999996 0
0.95554737000000001 0.43163701999999998 0
0.95556521999999999 0.65662925000000005 0
0.95574051999999998 0.15398339999999999 0
0.95577223 0.36220186999999998 0
0.95596756000000005 0.57257963000000001 0
1 0.73825914999999998 0
0.95627174999999998 0.95240007999999998 0
0.95631648999999996 0.41319529999999999 0
0.95664832 0.84183688000000001 0
0.95665613000000005 0.02746852 0
0.95685889000000002 0.73298355999999998 0
0.95694782 0.40630956000000001 0
0.95696219000000005 0.28365409000000003 0
0.95696745999999999 0.73827631999999999 0
0.95702158999999998 0.049666620000000002 0
0.95711639999999998 0.41808809000000002 0
0.95715569 0.77011646 0
0.95718471999999999 0.92208365000000003 0
0.95722604 0.18535154000000001 0
0.95728522000000005 0.67800989 0
0.95729604999999995 0.73589576999999995 0
0.95732342000000004 0.055661950000000002 0
0.95736597999999995 0.57344852000000002 0
0.95738177000000002 0.42967777000000001 0
0.95744673999999996 0.053738609999999999 0
0.95765705000000001 0.38993378000000001 0
0.95774435999999996 0.82454084000000005 0
0.95778792000000001 0.61445174000000002 0
0.95787900000000004 0.81114322000000005 0
0.95803039000000001 0.016816910000000001 0
0.95811009000000003 0.88334201000000001 0
0.95813974000000002 0.94581371000000003 0
0.95822017000000004 0.83621723999999997 0
0.95827938000000001 0.038746040000000002 0
0.95830861000000001 0.51917329999999995 0
0.95836226999999996 0.84446491999999995 0
0.95848962999999998 0.82422967000000003 0
0.95850502000000004 0.72508792 0
0.95874210999999998 0.77322619000000004 0
0.95879623999999997 0.64850147999999996 0
0.95883162 0.14390360999999999 0
0.95886678000000003 0.022433000000000002 0
0.95887686000000005 0.53198139 0
0.95888722000000004 0.44646570000000002 0
0.95895803999999996 0.16944670000000001 0
0.95914356000000001 0.78151413999999997 0
0.95914969999999999 0.40685907999999998 0
0.95923734999999999 0.68994991000000006 0
0.95926197000000002 0.55489093 0
0.95929427 0.68841123000000004 0
0.95933416999999999 0.14129596999999999 0
0.95936315999999999 0.87934760999999995 0
0.95937890000000003 0.38125151000000002 0
0.95942446999999997 0.89955803999999995 0
0.95963790999999998 0.47692326000000002 0
0.95966331000000005 0.12757911999999999 0
0.95979694000000004 0.81236352000000001 0
0.95981932000000003 0.27928456000000002 0
0.95984438000000005 0.73136663999999996 0
0.95997032999999998 0.94802887000000002 0
0.95998724000000002 0.95966812000000001 0
0.96000958999999997 0.61182661000000005 0
0.96001163 0.44716476999999999 0
0.96009168 0.95950703999999998 0
0.96012443999999997 0.1311185 0
0.96015603000000005 0.83695279 0
0.96017076999999995 0.68161139999999998 0
0.96026065000000005 0.37517650000000002 0
0.96032899999999999 0.45603192999999997 0
0.96040057000000001 0.17634760999999999 0
0.96041430999999999 0.16874253 0
0.96045206000000005 0.94341257999999995 0
0.96079599999999998 0.95753732999999996 0
0.96086852 0.89506896000000002 0
0.96097684000000005 0.91601266000000003 0
0.96100321 0.1664648 0
0.96107456000000002 0.20721531000000001 0
0.96114443000000005 0.57884848 0
0.96127766999999997 0.36698115999999997 0
0.96127784000000005 0.15062561999999999 0
0.96128820000000004 0.41056741000000002 0
0.96131540999999998 0.0100721 0
0.96131710000000004 0.88315628999999995 0
0.96132395999999998 0.81642735 0
0.96143928999999995 0.75292263000000004 0
0.96159671000000002 0.90956303999999999 0
0.96161247999999999 0.40537602 0
0.96173198999999998 0.51336888000000003 0
0.96176899999999999 0.61585383000000005 0
0.96177274000000001 0.034335739999999997 0
0.96188107 0.21034275 0
0.96195251000000004 0.82670392999999998 0
0.96197770999999999 0.54104198000000003 0
0.96204524999999996 0.65377368999999996 0
0.96206815000000001 0.27549961000000001 0
0.96210107 0.74299822000000004 0
0.96214677000000004 0.81094812999999999 0
0.96222726000000003 0.91475384999999998 0
0.96227143999999998 0.76285572999999995 0
0.962283 0.94710205000000003 0
0.96234691999999999 0.38115565000000001 0
0.96235647000000002 0.43149779999999999 0
0.96248986999999997 0.91675821000000002 0
0.96271335000000002 0.14415828999999999 0
0.96283836 0.96035773000000002 0
0.96288052000000002 0.83242941000000004 0
0.96291530999999997 0.67041890000000004 0
0.96293214999999999 0.68829286000000001 0
0.96294188000000003 0.78490300000000002 0
0.96296612999999998 0.86103671000000004 0
0.96303698000000004 0.42386141999999999 0
1 0.99247911 0
0.96321319999999999 0.43575825000000001 0
0.9632406 0.40220771 0
1 0.36717820000000001 0
0.96341695000000005 0.99768937000000002 0
0.96349633000000001 0.57581786000000001 0
0.96355944000000004 0.02586577 0
0.96356103000000004 0.41921517000000003 0
0.96357084999999998 0.34996303000000001 0
0.96369214000000003 0.32940456000000001 0
0.96385328999999997 0.62534458999999998 0
0.96398119000000004 0.018534370000000001 0
0.96403481999999996 0.19889109999999999 0
0.96405132000000004 0.79947831000000003 0
0.96411811000000003 0.32157383 0
0.96414951000000004 0.016804300000000001 0
0.96415092000000002 0.97931362 0
0.96415644 0.021560780000000002 0
0.96417317999999996 0.25402848 0
0.96424739999999998 0.26629398999999998 0
0.96433444000000001 0.39406024000000001 0
0.96435433000000004 0.46667199999999998 0
0.96446217000000001 0.31742368999999998 0
0.96452320000000002 0.2380437 0
0.96455055999999995 0.54951198999999995 0
0.98092473999999996 0.93516144000000001 0
0.96458266999999998 0.36463036999999998 0
0.96469572000000003 0.42301830000000001 0
0.96471516999999996 0.53694648 0
0.96474000000000004 0.35344199999999998 0
0.96474075999999997 0.91437115999999996 0
0.96475032000000005 0.1517975 0
0.96489278000000001 0.33588721999999999 0
0.96489738000000003 0.26056604999999999 0
0.96491232000000005 0.74926497000000003 0
0.96491678999999997 0.60867241999999999 0
0.96494091999999998 0.24299171999999999 0
0.96501658999999995 0.65975863999999995 0
0.96502109000000003 0.58095525999999997 0
0.96503808000000002 0.87228536999999995 0
0.96507242999999998 0.89767987999999999 0
0.96509263999999995 0.85768153000000003 0
0.96510194000000005 0.54954570999999997 0
0.96511164000000005 0.45444565999999997 0
0.96513272000000006 0.072075559999999997 0
0.96514007999999996 0.74326247999999995 0
0.96515499999999999 0.87620953000000001 0
0.96526407999999997 0.21365770000000001 0
0.96527010000000002 0.30257423 0
0.96533933999999999 0.16623436999999999 0
0.96535952000000003 0.16205739 0
0.96536643 0.081673120000000002 0
0.96542090999999997 0.74486638999999999 0
0.96544377999999997 0.87409183999999995 0
0.96549865000000001 0.41177059999999999 0
0.96552623999999998 0.70683755000000004 0
0.96554852999999996 0.017843049999999999 0
0.96556403999999996 0.043610740000000002 0
0.96565431000000002 0.10170434 0
0.96566295000000002 0.53867251999999999 0
0.96568116000000004 0.38530497000000002 0
0.96569722000000002 0.12431668 0
0.96570595999999997 0.78116814999999995 0
0.96573505999999998 0.67100627000000002 0
0.96576138 0.036062770000000001 0
0.9657772 0.87084433000000006 0
0.96586616999999997 0.98927306000000004 0
0.96600193000000001 0.99144321000000002 0
0.96601740999999997 0.82525439 0
0.96604367000000002 0.86831950999999996 0
0.96606146999999998 0.11966316 0
0.96638307999999995 0.61637375999999999 0
0.96649910999999999 0.25600476 0
0.96665086 0.6738054 0
0.96675542000000003 0.019989219999999999 0
0.96676541999999999 0.13431166 0
0.96682102000000003 0.23348767000000001 0
0.96689647999999995 0.92785709999999999 0
0.96697644000000005 0.83988394 0
0.96709769000000001 0.83314672000000001 0
0.96711121 0.65973466000000003 0
0.96719412000000005 0.53953439999999997 0
0.96730417000000002 0.92894558999999999 0
0.96730656000000004 0.98768800999999995 0
0.96741306999999999 0.33092308999999998 0
1 0.73947684000000002 0
0.96754660999999997 0.95329125999999997 0
0.96793821999999996 0.90735869000000002 0
0.96799168000000002 0.55633474000000005 0
0.96802301999999996 0.32833570000000001 0
0.96806459 0.85394705000000004 0
0.96826973000000005 1 0
0.96833630999999998 0.56731887999999997 0
0.96836781999999999 0.70152154 0
0.96850091000000005 0.29540791 0
0.96853427000000003 0.51052045000000001 0
0.96858831999999995 0.23836388999999999 0
0.96862780000000004 0.82268311000000005 0
0.96876492999999997 0.075761330000000002 0
0.96881510999999998 0.48281275000000001 0
0.96885509000000003 0.82543310999999997 0
0.96893720999999999 0.088611330000000002 0
0.96896351000000003 0.24493110000000001 0
0.96906199000000004 0.51594410999999996 0
0.96906700000000001 0.82134366999999997 0
0.96906908999999997 0.76812634000000002 0
0.96909279999999998 0.59821561999999995 0
0.96924219 0.61447865999999995 0
0.96925371999999999 0.17220261000000001 0
0.96929098000000002 0.36822858000000003 0
0.96932092999999997 0.17552514999999999 0
0.96934156999999999 0.88722931000000005 0
0.96936820999999995 0.24330457999999999 0
0.96938848 0.84814336000000001 0
0.96940983000000003 0.06319371 0
0.96957377 0.80736445000000001 0
0.96959490000000004 0.47191321000000003 0
0.96965177999999996 0.71214436000000003 0
0.96968003999999997 0.76510876000000005 0
0.96976428999999997 0.56257663999999996 0
0.96986077000000004 0.93930652000000003 0
0.96986114000000001 0.21851355 0
0.96999738999999996 1 0
0.97001356000000005 0.25312818999999998 0
0.97018853999999999 0.16455703999999999 0
0.97030240999999995 0.75301578999999996 0
0.97030813000000005 0.090906680000000004 0
0.97039280999999999 0.2321616 0
0.97050143 0.06502376 0
0.97055641999999998 0.65872096999999996 0
0.97062064999999997 0.71131845000000005 0
0.97063235000000003 0.47562444999999998 0
0.97067943999999995 0.077745889999999998 0
0.98052695000000001 0.024717079999999999 0
0.97091106000000005 0.35705969999999998 0
0.97098414 0.36446497 0
0.97099588000000003 0.044275799999999997 0
0.97100421000000003 0.034532420000000001 0
0.97117936000000005 0.38014226000000001 0
0.97121656000000001 0.59806791000000004 0
0.97122765 0.98424171000000005 0
0.97124690999999996 0.83177920999999999 0
0.97130709999999998 0.068678409999999995 0
0.97142530999999999 0.59475732000000003 0
0.97142589000000001 0.038809929999999999 0
0.97143283000000002 0.68331593999999996 0
0.97146951999999998 0.36125307000000001 0
0.97149914999999998 0.34715994999999999 0
0.97158425999999998 0.054224460000000002 0
0.97159152000000004 0.92134897999999998 0
0.97159158999999995 0.94003223999999996 0
0.97166501000000005 0.044842319999999998 0
0.97171295000000002 0.81753967000000005 0
0.97181421999999995 0.75993971999999999 0
0.97182517999999996 0.086841810000000005 0
0.97184000999999998 0.58296093000000004 0
0.97185264000000005 0.40280525 0
0.97188914000000004 0.51550428000000004 0
0.97189956 0.55489473 0
1 0.37382526999999999 0
0.97192524999999996 0.49425601000000002 0
0.97201656000000003 0.51907736000000004 0
0.97216066000000001 0.36658625 0
0.97225967000000002 0.62534352000000004 0
0.97240961000000004 0.12693224 0
0.97255543 0.15112487999999999 0
0.97258018999999996 0.54454362000000001 0
0.97258332999999997 0.96842185999999997 0
0.97271691000000005 0.0043343499999999998 0
0.97276929000000001 0.34598635 0
0.97286408999999996 0.42239434999999997 0
0.97297414999999998 0.56791442000000003 0
0.97300821000000004 0.27862443999999997 0
0.97301225999999996 0.34693452000000002 0
0.97308245999999998 0.48517367 0
0.97312704000000005 0.59388390999999996 0
0.97317662999999999 0.89119183999999996 0
0.97320876000000001 0.73067196999999995 0
0.97328044000000002 0.87591209999999997 0
0.97329518000000004 0.51903971999999998 0
0.97330384000000003 0.13851793000000001 0
0.97333194000000001 0.55683868000000003 0
0.97335201000000005 0.66412813999999998 0
0.97338835000000001 0.86401322000000003 0
0.97339133 0.34387087 0
0.97342046999999998 0.46775413999999998 0
0.97347830000000002 0.78270242000000001 0
0.97349741000000001 0.19695850000000001 0
0.97351213999999997 0.57443834000000005 0
0.97351452999999999 0.20892909000000001 0
0.97356598000000005 0.16807720000000001 0
0.97361834000000003 0.0298877 0
0.97362733000000001 0.87297237000000005 0
0.97365285999999995 0.46124939999999998 0
0.97368871000000001 0.94194575000000003 0
0.97372833000000003 0.86793668000000002 0
0.97374788999999995 0.69559278999999996 0
0.98317317000000004 0.30107094000000001 0
0.97398373999999999 0.87584881000000003 0
0.97401727999999999 0.42683885999999999 0
0.97404873000000003 0.59161487000000001 0
0.97413397000000002 0.80272677000000003 0
0.97423820000000005 1 0
0.97442076 0.53409271000000003 0
0.97452850999999996 0.38554138999999998 0
0.97454706000000002 0.27324980999999998 0
0.97461741000000002 0.47337773999999999 0
0.97469497999999999 0.71577223999999995 0
0.97476114000000003 0.40700564 0
0.97478765000000001 0.79316224000000002 0
0.97479585000000002 0.87701116000000001 0
0.97479684 0.15242898999999999 0
0.97480794999999998 0.24345321 0
0.97486782999999999 0.30377885999999998 0
0.97490288999999997 0.62384315000000001 0
0.97503903000000003 0.49174443000000001 0
0.97505944 0.63757602999999996 0
0.97509732000000005 0.76760649999999997 0
0.97519487000000005 0.064946130000000005 0
0.97535327000000005 0.36183632999999998 0
0.97559032999999995 0.42135890999999998 0
0.97562868000000003 0.77689076999999995 0
0.97567994999999996 0.76195953000000005 0
0.97572906000000004 0.019420719999999999 0
0.97574550000000004 0.41907124000000001 0
0.97576901000000005 0.073193850000000005 0
0.97578008999999999 0.23382555999999999 0
0.98114232000000001 0.35894076000000003 0
0.97579134999999995 0.17838569000000001 0
0.97582332999999999 0.34065800000000002 0
0.97604932 0.064826620000000001 0
0.97611698000000002 0.94164270000000005 0
0.97614528 0.67037901 0
0.97622933999999995 0.51417626000000005 0
0.97641681000000002 0.32216692000000002 0
0.97656799000000005 0.92326622000000003 0
0.97666368000000003 0.140657 0
0.97681403 0.57148248000000001 0
0.97694723000000006 0.39090702999999999 0
0.97706037000000001 0.81476095000000004 0
0.97708912999999997 0.84421133000000004 0
0.97712456000000003 0.12424966 0
0.97714849999999998 0.48700928999999998 0
0.97716135999999998 0.36818264000000001 0
0.97716331999999995 0.34390627000000001 0
0.97723607999999995 0.41613918 0
0.97740592000000004 0.59356481000000005 0
0.97740844999999998 0.43364079 0
0.97742061000000002 0.74795862000000002 0
0.97767983999999997 0.87401331000000004 0
0.97786550000000005 0.25659200999999998 0
0.97797736999999996 0.01246718 0
0.97800604000000002 0.32387966000000001 0
0.97805989999999998 0.02220888 0
0.97806877000000003 0.30898548999999997 0
0.97808390000000001 0.10179676999999999 0
0.97809411000000002 0.76615440000000001 0
0.97814818999999997 0.75764313999999999 0
0.97816910000000001 0.84219244000000004 0
0.97827063999999997 0.82636827000000002 0
0.97831736000000002 0.018283529999999999 0
0.97836427999999998 0.77092959000000005 0
0.97845775999999995 0.29155159000000003 0
0.97853787000000003 0.59601168000000004 0
0.97861109999999996 0.96999661000000004 0
0.97864561000000005 0.48466217 0
0.97870011000000001 0.39038677999999999 0
1 0.721248 0
5 5343 5393 5473 5260 5216 
4 5357 5260 5370 5522 
5 5260 5473 5685 5522 5370 
5 5522 5685 5532 5389 5357 
5 5377 5389 5532 5552 5626 
5 5552 5532 5671 5847 5626 
4 3867 3741 3911 3968 
4 3867 3968 3950 3874 
4 3741 3867 3874 3691 
5 3980 4105 4120 4102 3965 
5 3874 3950 4105 3980 3965 
5 3950 3968 4088 4245 4105 
3 4126 4202 4141 
4 4245 4088 4126 4141 
5 4310 4245 4141 4202 4386 
5 3968 3911 4005 4094 4070 
4 3968 4070 4126 4088 
4 4094 4202 4126 4070 
5 4094 4136 4222 4386 4202 
4 3476 3420 3515 3615 
5 3425 3622 3515 3420 3479 
5 3425 3479 3420 3476 3386 
4 3615 3515 3594 3720 
5 3594 3829 3967 3795 3720 
4 3594 3515 3622 3829 
5 4005 3744 3795 3967 4094 
5 3577 3720 3795 3744 3647 
4 3476 3615 3720 3577 
4 3637 3538 3647 3741 
4 3538 3476 3577 3647 
5 3741 3647 3744 4005 3911 
5 4310 4406 4385 4293 4245 
5 4245 4293 4385 4350 4105 
4 4590 4350 4385 4406 
5 4424 4406 4310 4386 4467 
5 4694 4590 4406 4424 4467 
5 4793 4694 4529 4692 4776 
5 4626 4692 4597 4407 4471 
5 4469 4407 4597 4692 4529 
4 4222 4407 4397 4334 
5 4469 4415 4334 4397 4407 
5 4386 4222 4334 4415 4467 
5 4467 4415 4469 4529 4694 
5 4280 4395 4321 4358 4210 
4 4305 4395 4280 4120 
5 4395 4305 4472 4537 4446 
5 4439 4358 4321 4395 4446 
4 4446 4537 4532 4439 
4 4120 4105 4350 4305 
4 4350 4590 4544 4305 
5 4544 4677 4916 4628 4606 
6 4628 4916 4759 4649 4613 4606 
5 4537 4606 4613 4649 4532 
5 4537 4472 4305 4544 4606 
5 5082 5245 5359 5152 5062 
4 5169 5062 5152 5426 
4 5187 5245 5082 5097 
4 4866 4817 4985 4998 
5 4998 4985 5097 5082 5062 
4 4866 4998 5009 4789 
5 4789 5009 4916 4677 4697 
4 5106 4916 5009 5064 
4 5113 5142 5064 5009 
5 5009 4998 5062 5169 5113 
5 5142 5228 5155 5106 5064 
4 5142 5113 5169 5228 
4 5734 5861 5778 5447 
4 5447 5228 5503 5734 
5 5396 5155 5228 5447 5778 
5 5426 5152 5359 5544 5591 
5 5228 5169 5426 5567 5503 
5 5567 5426 5591 5734 5503 
5 5435 5540 5544 5418 5327 
3 5435 5467 5540 
5 5327 5271 5269 5467 5435 
5 5245 5187 5320 5365 5359 
5 5365 5320 5418 5544 5359 
4 5320 5187 5327 5418 
4 5271 5327 5187 5205 
4 4851 4817 4694 4793 
4 4920 4851 4793 4776 
5 4972 5011 5094 5097 4985 
4 4972 4851 4920 4978 
4 4817 4851 4972 4985 
5 4817 4866 4789 4734 4750 
5 4681 4690 4731 4750 4734 
5 4690 4694 4817 4750 4731 
4 4690 4681 4590 4694 
6 4590 4681 4724 4697 4677 4544 
5 4697 4724 4681 4734 4789 
5 4833 4776 4692 4626 4927 
4 4776 4833 4990 4920 
4 4978 4920 4990 5061 
4 4990 4833 4927 5060 
4 5060 5073 5061 4990 
5 5205 5223 5214 5269 5271 
5 5073 5060 5103 5223 5061 
5 5214 5223 5103 5060 5088 
5 5085 5061 5223 5205 5125 
5 4972 4978 5061 5085 5011 
4 5085 5125 5094 5011 
5 5094 5125 5205 5187 5097 
5 3310 3569 3627 3507 3332 
4 3444 3504 3569 3310 
5 3504 3444 3583 3627 3569 
5 3385 3213 3332 3507 3536 
4 3850 3627 3583 3899 
4 3627 3850 3752 3703 
5 3703 3752 3674 3650 3627 
5 3536 3674 3730 3684 3654 
4 3590 3507 3627 3650 
5 3536 3507 3590 3650 3674 
4 3459 3385 3536 3545 
4 3545 3618 3684 3559 
5 3684 3618 3545 3536 3654 
4 3459 3545 3559 3403 
4 3664 3600 3559 3684 
5 3551 3403 3559 3600 3664 
4 3192 3213 3264 3251 
5 3251 3264 3324 3403 3354 
4 3551 3622 3354 3403 
4 3322 3324 3264 3213 
5 3385 3459 3360 3322 3213 
5 3368 3324 3322 3360 3459 
4 3403 3324 3368 3459 
6 3966 3978 4002 4036 3936 3960 
5 3730 3674 3752 3936 3865 
4 3936 3752 3850 3960 
4 4036 3976 3865 3936 
5 3976 4036 4065 4049 4046 
5 3976 4046 4049 3985 3865 
4 4047 4130 4132 3978 
6 3850 3899 4119 4130 4047 3914 
6 3914 4047 3978 3966 3960 3850 
4 4108 4193 4065 4036 
5 4108 3978 4132 4195 4203 
4 4036 4002 3978 4108 
4 3821 3861 4087 4001 
5 3821 4001 3864 3829 3622 
4 3829 3864 4001 3967 
5 4001 4222 4136 4094 3967 
5 4179 4087 4234 4232 4222 
4 4087 4179 4222 4001 
5 3551 3664 3684 3790 3699 
4 3622 3551 3699 3821 
4 3821 3699 3790 3861 
5 3861 3790 3866 4009 4087 
5 3866 3985 4049 4087 4009 
5 3866 3790 3855 3865 3985 
5 3865 3855 3790 3684 3730 
4 4270 4374 4441 4390 
4 4458 4636 4441 4374 
4 4441 4636 4575 4390 
5 4575 4636 4656 4896 4718 
4 4515 4705 4636 4458 
4 4656 4636 4705 4896 
4 4243 4264 4374 4270 
4 4374 4264 4384 4458 
5 4515 4458 4384 4264 4324 
4 4264 4130 4186 4324 
5 4186 4130 4119 4208 4324 
5 4264 4243 4203 4195 4223 
5 4132 4130 4264 4223 4195 
5 4381 4390 4432 4416 4193 
4 4108 4203 4381 4193 
5 4381 4203 4243 4270 4390 
4 4698 4598 4575 4718 
4 4575 4598 4432 4390 
4 4432 4598 4464 4416 
7 4903 4810 4726 4701 4800 4837 4896 
4 4903 4896 5102 5079 
4 5079 4983 4810 4903 
4 4837 4698 4718 4896 
5 4698 4837 4800 4708 4725 
5 4708 4800 4701 4486 4464 
5 4725 4708 4464 4598 4698 
4 4626 4728 4904 4927 
5 4909 4904 4728 4859 4810 
4 4728 4726 4810 4859 
5 4486 4701 4726 4728 4539 
4 4471 4539 4728 4626 
4 5000 4927 4904 4969 
3 5250 5214 5088 
5 4927 5000 5250 5088 5060 
4 4810 4983 5022 4909 
4 5018 4904 4909 5022 
4 4904 5018 5000 4969 
5 5000 5018 5022 5201 5250 
4 4330 4471 4370 4232 
5 4232 4370 4471 4407 4222 
6 4360 4234 4355 4387 4486 4539 
4 4471 4330 4360 4539 
4 4330 4232 4234 4360 
5 4065 4193 4416 4242 4197 
5 4242 4416 4464 4486 4387 
5 4175 4242 4387 4355 4234 
4 4087 4049 4175 4234 
5 4175 4049 4065 4197 4242 
5 6345 6162 6369 6419 6393 
4 6419 6599 6474 6450 
5 6345 6393 6419 6450 6474 
4 6219 6277 6419 6369 
4 6239 6277 6219 6120 
5 6167 6120 6219 6369 6162 
4 6162 6060 6097 6167 
4 6057 6060 6253 6199 
5 6345 6254 6253 6060 6162 
7 6000 5978 6001 5988 5819 5945 5970 
4 6057 5988 6001 6060 
5 5978 6000 6120 6167 6097 
4 6060 6001 5978 6097 
5 5489 5482 5381 5519 5764 
4 5334 5381 5482 5442 
5 5395 5334 5442 5482 5489 
4 5489 5764 5733 5549 
4 5455 5395 5489 5549 
5 5549 5717 5564 5548 5455 
4 6190 6274 6277 6239 
5 5946 6085 6120 6000 5944 
4 6120 6085 6190 6239 
5 5733 5764 5934 5946 5944 
5 6085 5946 5934 6107 6190 
6 5717 5549 5733 5944 5755 5757 
6 5757 5755 5944 6000 5970 5717 
4 5712 5564 5717 5970 
5 5819 5780 5761 5970 5945 
4 5761 5561 5712 5970 
4 5465 5509 5367 5452 
4 5432 5509 5465 5561 
5 5465 5452 5564 5712 5561 
4 5432 5710 5776 5724 
5 5710 5432 5561 5761 5780 
4 5809 5829 5724 5776 
5 5780 5819 5809 5776 5710 
5 5877 5948 5829 5809 5819 
5 5877 5819 5988 6057 5948 
4 5257 5022 5210 5282 
4 5282 5210 5268 5367 
5 5282 5367 5509 5405 5257 
5 5383 5405 5509 5432 5446 
5 5383 5201 5022 5257 5405 
4 5250 5201 5383 5446 
5 5307 5455 5548 5564 5452 
5 5079 5102 5307 5452 5290 
5 5334 5395 5455 5307 5102 
4 5022 4983 5127 5210 
4 5079 5290 5127 4983 
4 5290 5452 5367 5268 
4 5290 5268 5210 5127 
5 6002 5893 6029 6046 6044 
5 5721 5736 5893 6002 5966 
5 5966 6002 6044 6143 5955 
5 5829 5948 6061 6029 5893 
4 6061 6199 6046 6029 
4 5948 6057 6199 6061 
5 6046 6199 6362 6250 6044 
4 6143 6044 6250 6392 
4 6250 6362 6462 6392 
6 6253 6254 6345 6474 6421 6382 
5 6199 6253 6382 6421 6362 
5 6474 6560 6536 6469 6421 
5 6362 6421 6469 6536 6462 
5 6430 6368 6392 6454 6455 
5 6405 6430 6455 6454 6480 
5 6392 6368 6214 6180 6143 
5 6336 6214 6368 6430 6405 
4 6214 6336 6156 6180 
3 6690 6777 6672 
4 6601 6531 6672 6777 
5 6560 6690 6672 6531 6536 
5 6498 6392 6462 6536 6531 
5 6454 6392 6498 6531 6515 
4 6544 6515 6531 6601 
4 6515 6544 6480 6454 
4 5591 5544 5663 5637 
5 5848 5734 5591 5637 5663 
4 5540 5698 5663 5544 
4 5540 5467 5594 5698 
4 5678 5782 5698 5594 
5 5663 5698 5782 5961 5848 
3 5734 5848 5861 
4 5861 5848 5961 6079 
5 5955 6143 6180 6043 5982 
5 5782 5955 5982 6043 5961 
4 5961 6043 6180 6099 
5 5961 6099 6180 6156 6079 
4 5594 5582 5721 5678 
5 5782 5678 5721 5966 5955 
4 5214 5250 5446 5399 
4 5399 5582 5594 5467 
4 5269 5214 5399 5467 
5 5432 5724 5675 5554 5446 
4 5636 5582 5554 5675 
4 5399 5446 5554 5582 
4 5636 5736 5721 5582 
5 5675 5724 5731 5736 5636 
5 5724 5829 5893 5736 5731 
5 7267 7248 7226 7169 7317 
5 7267 7317 7344 7282 7248 
4 7226 7248 7282 7344 
5 7169 7128 7147 7370 7317 
5 7344 7317 7370 7383 7465 
4 7226 7344 7465 7369 
4 6929 7100 7115 7036 
5 6690 6560 6739 6900 6929 
4 7036 6777 6690 6929 
5 7088 7128 7169 7100 6929 
4 7169 7226 7115 7100 
4 7046 7128 7088 6994 
4 6900 6994 7088 6929 
6 6814 6773 6853 6920 6994 6900 
5 6853 6908 7012 6994 6920 
5 6842 6854 6908 6853 6773 
5 7037 7046 6994 7012 6908 
5 6854 6842 6917 7037 6908 
4 6773 6792 6917 6842 
4 6599 6419 6496 6619 
5 6719 6599 6619 6792 6773 
5 6739 6743 6773 6814 6900 
5 6599 6719 6773 6743 6474 
4 6560 6474 6743 6739 
4 6785 6738 6825 6803 
5 6838 6825 6941 6913 6858 
5 6785 6803 6825 6838 6858 
4 6858 6913 6937 6942 
4 6619 6738 6785 6792 
5 6917 6792 6785 6858 6942 
5 7205 7001 7150 7286 7201 
4 6921 7097 7150 7001 
5 6921 7111 7167 7150 7097 
4 6846 6941 6825 6738 
4 6846 6921 7001 6941 
5 6496 6521 6610 6738 6619 
5 6610 6521 6570 6846 6738 
4 7402 7461 7468 7370 
5 7257 7286 7405 7609 7463 
4 7402 7185 7257 7463 
4 7205 7201 7286 7257 
5 6913 6941 7001 7205 6937 
5 7205 7257 7185 6942 6937 
5 7370 7299 7321 7185 7402 
5 7185 7321 7299 7218 7091 
5 7218 7299 7370 7147 7091 
4 7063 7185 7091 7037 
5 7063 7037 6917 6942 7185 
5 7046 7057 7091 7147 7128 
4 7091 7057 7046 7037 
4 5941 6033 6169 6137 
5 6169 6033 5924 6104 6213 
4 5941 6137 6152 6014 
5 6243 6284 6152 6137 6169 
5 6169 6213 6351 6295 6243 
5 6287 6464 6351 6213 6104 
5 6428 6346 6295 6351 6571 
5 6428 6571 6635 6481 6346 
4 6346 6284 6243 6295 
4 6372 6284 6346 6481 
4 6790 6742 6629 6654 
4 6629 6568 6574 6654 
4 6568 6478 6487 6574 
4 6742 6790 6921 6846 
6 6790 6807 6789 6809 6816 6921 
5 6789 6807 6790 6654 6809 
5 6481 6635 6510 6400 6372 
4 6574 6487 6510 6654 
4 6414 6400 6510 6487 
5 6635 6571 6681 6808 6718 
5 6654 6510 6635 6637 6809 
5 6637 6635 6718 6776 6809 
5 6570 6509 6459 6478 6568 
5 6742 6846 6570 6568 6629 
4 6277 6274 6496 6419 
5 6396 6459 6509 6570 6521 
4 6274 6396 6521 6496 
4 5871 6054 6107 5934 
4 6190 6107 6226 6274 
5 6107 6054 6198 6218 6226 
5 6459 6318 6310 6338 6478 
5 6218 6198 6310 6318 6226 
5 6396 6274 6226 6318 6459 
5 6014 6054 5871 5947 5941 
4 5947 5871 5759 5941 
4 5764 5519 5617 5716 
4 5934 5764 5791 5871 
5 5764 5716 5759 5871 5791 
5 6014 6152 6310 6140 6054 
5 6284 6372 6357 6367 6152 
4 6054 6140 6310 6198 
5 6338 6310 6152 6367 6398 
5 6414 6367 6357 6372 6400 
4 6414 6487 6398 6367 
4 6487 6478 6338 6398 
5 5502 5227 5495 5621 5556 
5 5621 5495 5669 5783 5789 
5 5619 5556 5621 5824 5859 
5 6004 5906 6026 6070 6119 
5 5824 5621 5789 5906 5859 
4 5859 5906 6004 5987 
5 5860 6038 6062 6130 5927 
4 5781 5709 5860 5927 
4 5652 5677 5709 5781 
5 6004 6119 6062 6038 5987 
5 5860 5709 5920 5987 6038 
5 5709 5619 5859 5987 5920 
5 5458 5444 5589 5565 5652 
4 5565 5589 5677 5652 
5 5551 5619 5709 5677 5605 
5 5272 5262 5375 5589 5444 
5 5375 5551 5605 5677 5589 
4 5556 5619 5551 5479 
5 5440 5358 5502 5556 5479 
5 5551 5375 5358 5440 5479 
4 5192 5262 5272 5084 
4 5262 5192 5358 5375 
4 5358 5192 5227 5502 
4 5943 5770 5744 5797 
5 5618 5634 5715 5797 5744 
4 5539 5560 5618 5641 
4 5641 5618 5744 5770 
4 5539 5641 5770 5669 
4 5789 5839 5926 5906 
5 5783 5669 5770 5839 5789 
4 5839 5770 5857 5926 
5 5857 6035 6058 5956 5926 
4 5770 5943 6035 5857 
5 5956 5998 6026 5906 5926 
5 5998 5956 6058 6070 6026 
5 5588 5634 5618 5603 5419 
4 5401 5419 5603 5536 
4 5536 5603 5618 5560 
4 5560 5429 5401 5536 
4 5328 5401 5429 5325 
5 5328 5325 5429 5339 5279 
6 5533 5560 5539 5669 5495 5511 
5 5511 5490 5429 5560 5533 
4 5339 5429 5490 5511 
5 5209 5274 5227 5192 5040 
5 5495 5227 5274 5209 5330 
4 5209 5279 5339 5330 
4 5495 5330 5339 5511 
5 4825 4790 4711 4884 4876 
5 4977 5093 4825 4876 4884 
5 4913 4805 4820 5093 5151 
5 5093 4977 5139 5140 5098 
5 5098 5140 5154 5151 5093 
5 4379 4396 4641 4421 4637 
4 4650 4637 4421 4641 
5 4790 4712 4637 4650 4641 
4 4712 4805 4653 4637 
4 4653 4805 4913 4738 
5 4790 4825 4787 4805 4712 
5 4805 4787 4825 5093 4820 
5 5040 5192 4918 4996 4988 
5 5328 5279 5209 5151 5266 
5 5040 4988 4913 5151 5209 
4 4739 4738 4913 4890 
5 4918 4950 4913 4988 4996 
5 4890 4913 4950 4918 4819 
4 5366 5234 5140 5188 
5 5380 5588 5419 5294 5234 
5 5588 5380 5234 5366 5534 
5 5387 5347 5294 5419 5401 
5 5328 5266 5347 5387 5401 
4 5266 5234 5294 5347 
5 5154 5140 5234 5266 5151 
5 4139 4067 4240 4302 4342 
4 4139 4194 4090 4067 
4 4139 4342 4378 4194 
4 4240 4176 4379 4302 
4 4342 4653 4491 4378 
5 4379 4637 4653 4342 4302 
4 4436 4616 4470 4299 
5 4436 4491 4653 4531 4616 
5 4299 4194 4378 4491 4436 
4 4531 4653 4663 4659 
4 4616 4531 4659 4719 
4 4738 4739 4663 4653 
4 4739 4719 4659 4663 
4 5084 5272 5019 4885 
4 4828 4846 4885 5019 
5 4675 4784 4885 4846 4828 
4 5192 5084 4885 4918 
4 4784 4774 4832 4885 
5 4832 4774 4819 4918 4885 
4 4643 4784 4675 4554 
5 4604 4643 4554 4505 4470 
4 4604 4774 4784 4643 
5 4748 4719 4739 4890 4819 
4 4774 4604 4748 4819 
5 4616 4719 4748 4604 4470 
5 5538 5639 5715 5634 5588 
4 5431 5538 5505 5346 
5 5505 5538 5588 5534 5366 
4 5366 5317 5386 5505 
4 5317 5293 5348 5386 
5 5293 5346 5505 5386 5348 
4 5322 5281 5293 5195 
4 5346 5293 5316 5431 
5 5322 5431 5316 5293 5281 
4 5317 5190 5206 5293 
5 5206 5190 5139 5195 5293 
4 5366 5188 5190 5317 
4 5190 5188 5140 5139 
5 5289 5319 5388 5576 5464 
5 5464 5601 5514 5284 5289 
4 5322 5284 5514 5431 
4 5431 5514 5601 5579 
4 5639 5538 5580 5579 
4 5431 5579 5580 5538 
5 4932 4987 5050 4730 4735 
6 4723 4850 4981 4878 4932 4735 
4 4878 4981 5138 4932 
4 5322 5195 5050 5284 
5 4932 5021 5284 5050 4987 
5 5160 4932 5138 5319 5289 
5 5021 4932 5160 5289 5284 
4 4543 4331 4268 4492 
4 4652 4543 4492 4723 
4 4723 4492 4617 4850 
5 4652 4723 4735 4730 4804 
4 4543 4652 4620 4563 
5 4563 4620 4652 4804 4785 
4 4711 4634 4785 4884 
4 4524 4563 4785 4634 
5 4641 4524 4634 4711 4790 
4 4804 4730 5050 4911 
4 5050 5195 5139 4911 
5 4900 4785 4804 4911 5139 
5 4785 4900 5139 4977 4884 
4 4331 4543 4563 4354 
4 4418 4490 4524 4404 
5 4490 4418 4354 4563 4524 
5 4279 4253 4079 4331 4354 
5 4253 4279 4354 4418 4335 
4 4253 4335 4418 4404 
4 4404 4524 4641 4396 
5 4253 4404 4396 4379 4343 
5 4176 3991 4253 4343 4379 
5 4240 4067 3957 4148 4176 
7 3998 3991 4176 4148 3957 3972 3992 
5 3992 4079 4253 3991 3998 
4 5110 5078 5253 5491 
5 5052 5078 5110 4973 5014 
5 5052 5014 4973 4949 4937 
4 4937 5034 5078 5052 
5 5078 5034 5106 5155 5253 
4 4916 5106 5034 4937 
4 4898 4826 4917 4984 
5 4826 4898 4981 4850 4829 
4 4981 4898 4984 5138 
4 5138 5110 5491 5277 
4 5319 5138 5277 5388 
4 4917 4949 4973 4984 
4 4984 4973 5110 5138 
4 4821 4759 4916 4855 
5 4535 4532 4649 4759 4821 
4 4826 4821 4949 4917 
4 4821 4855 4902 4949 
5 4937 4949 4902 4855 4916 
4 4313 4210 4358 4439 
4 4439 4532 4535 4313 
6 4443 4313 4535 4821 4525 4426 
4 4624 4525 4821 4826 
5 4435 4426 4525 4624 4420 
5 4617 4624 4826 4829 4850 
4 4624 4617 4492 4420 
4 4295 4323 4426 4435 
4 4309 4210 4313 4443 
4 4323 4309 4443 4426 
5 3951 4210 4309 4323 4154 
5 4323 4295 4161 4181 4154 
5 4154 4181 4161 3901 3951 
4 4227 4124 4236 4303 
4 3800 3901 4161 3981 
5 4124 3981 4161 4205 4236 
5 4375 4281 4295 4435 4420 
5 4303 4281 4375 4420 4492 
4 4295 4281 4205 4161 
4 4236 4205 4281 4303 
5 4079 4043 4254 4267 4331 
5 4254 4492 4268 4331 4267 
4 4492 4254 4227 4303 
4 4124 4227 4160 4128 
5 4254 4043 4125 4163 4227 
5 4128 4160 4227 4163 4125 
4 3981 4124 4128 4041 
4 3907 3981 4041 3878 
5 3828 3800 3981 3907 3878 
5 4027 3915 3880 4019 4043 
5 3878 4041 4043 4019 3880 
4 4125 4043 4041 4128 
5 3915 4027 4043 4079 3992 
4 4861 4839 4899 4957 
5 4751 4666 4839 4861 4957 
4 4897 4951 4899 4882 
5 4957 4899 4951 5112 4993 
4 4951 4897 5115 5112 
5 4666 4609 4786 4791 4839 
4 4839 4791 4882 4899 
5 4791 4786 4811 4897 4882 
5 4770 4925 4964 5053 4924 
5 4770 4924 4897 4811 4786 
5 4560 4646 4770 4786 4609 
4 4691 4925 4770 4646 
5 4924 5053 5299 5115 4897 
4 5264 5115 5299 5459 
5 5112 5115 5264 5172 5181 
4 5518 5523 5798 5659 
5 5299 5523 5518 5659 5459 
5 5166 5299 5053 5118 5095 
5 5053 4964 5071 5095 5118 
4 4964 4925 5095 5071 
5 5166 5095 5342 5557 5350 
4 5166 5350 5523 5299 
5 5557 5612 5587 5523 5350 
4 5095 4925 5051 5086 
5 4691 4581 4716 4772 4905 
5 4925 4691 4905 5086 5051 
4 4716 4581 4565 4693 
5 4693 4828 4863 4772 4716 
5 4565 4554 4675 4828 4693 
4 5145 5015 5019 5087 
4 5019 5272 5259 5087 
5 5145 5087 5259 5255 5204 
4 4828 5019 4915 4863 
5 5015 4908 4863 4915 5019 
5 4908 5015 5145 5086 4905 
4 4908 4905 4772 4863 
5 5880 5611 5607 5427 5695 
5 5695 5427 5458 5680 5781 
4 5652 5781 5680 5458 
4 5301 5272 5444 5458 
5 5259 5272 5301 5458 5255 
4 5342 5394 5611 5557 
5 5314 5292 5412 5611 5394 
5 5095 5292 5314 5394 5342 
5 5204 5292 5095 5086 5145 
5 5204 5255 5458 5427 5292 
5 5427 5607 5611 5412 5292 
4 5798 5774 5729 5659 
4 5501 5459 5659 5682 
4 5682 5659 5729 5774 
5 5273 5181 5172 5264 5459 
5 5378 5501 5543 5506 5480 
4 5501 5378 5273 5459 
5 5501 5682 5774 5751 5543 
4 5774 5798 6024 6091 
4 5774 6091 5838 5751 
5 5737 5543 5751 5838 5753 
5 5543 5737 5753 5708 5640 
4 5838 5785 5777 5753 
4 5753 5777 5785 5708 
4 5566 5526 5640 5633 
4 5566 5633 5752 5528 
4 5747 5752 5633 5640 
4 5808 5752 5747 5785 
4 5640 5708 5785 5747 
4 5506 5543 5640 5526 
4 5506 5423 5349 5480 
4 5566 5470 5397 5526 
4 5397 5423 5506 5526 
4 5222 5297 5379 5397 
5 5297 5349 5423 5397 5379 
4 5470 5430 5222 5397 
4 5349 5297 5222 5176 
4 4868 4795 4740 4794 
4 5010 5049 4941 4953 
5 4795 4868 4953 4941 5049 
4 4953 4868 4893 5010 
5 4741 4751 4893 4868 4794 
4 4893 4751 4957 5010 
5 5273 5378 5221 5112 5181 
4 4993 5112 5221 5036 
4 5283 5036 5221 5378 
4 5283 5378 5480 5280 
4 5480 5349 5176 5280 
5 5176 5146 5049 5010 5280 
6 4957 4993 5036 5283 5280 5010 
5 4794 4571 4608 4676 4741 
4 4571 4794 4740 4655 
5 4608 4635 4668 4741 4676 
5 4668 4635 4707 4751 4741 
5 4635 4608 4666 4751 4707 
5 5176 5222 5016 5049 5146 
5 4894 4961 5016 5024 5083 
4 5083 5024 5016 5222 
5 4762 4795 5049 5016 4879 
4 4879 5016 4961 4894 
4 4795 4762 4655 4740 
5 4570 4655 4762 4879 4894 
5 5823 5909 5856 6024 5798 
5 5935 5958 5909 5823 5895 
4 5958 5935 6007 6047 
4 6024 5856 5909 5950 
4 5958 5962 5950 5909 
5 5962 5958 6047 6063 5950 
5 6047 6139 6147 6090 6063 
5 5950 6063 6114 6066 6024 
6 6063 6090 6147 6233 6066 6114 
5 6024 6066 6233 6343 6091 
5 6313 6329 6431 6343 6233 
4 6233 6147 6139 6313 
5 5935 5895 5937 6047 6007 
4 6168 6205 6139 6047 
4 6168 6047 5937 6042 
4 5807 5881 5895 5823 
5 5881 5807 5910 5937 5895 
5 5910 5807 5885 5931 5937 
5 5850 5931 5885 5807 5703 
4 5823 5612 5703 5807 
5 5587 5612 5823 5798 5523 
5 5931 5850 5880 6042 5937 
5 5611 5880 5850 5703 5681 
4 5681 5703 5612 5655 
5 5655 5612 5557 5611 5681 
7 6881 6907 7020 6979 6927 6855 6931 
5 6820 7027 6960 6907 6881 
4 6960 7027 7020 6907 
4 6623 6611 6762 6704 
5 6931 6855 6704 6762 6881 
5 6820 6881 6762 6611 6591 
4 6475 6390 6591 6611 
4 6329 6313 6390 6475 
4 6475 6611 6431 6329 
4 6313 6139 6309 6390 
5 6309 6139 6205 6266 6390 
4 6266 6205 6352 6470 
4 6266 6470 6591 6390 
5 6205 6168 6042 6281 6352 
4 6281 6559 6470 6352 
4 6281 6042 6397 6559 
5 6559 6503 6656 6602 6675 
4 6591 6470 6662 6820 
5 6662 6470 6559 6675 6815 
4 6656 6717 6724 6602 
4 6815 6849 6820 6662 
5 6675 6602 6724 6849 6815 
5 6912 6849 6724 6977 7002 
5 6820 6849 6912 7002 7027 
5 7022 7002 6977 6902 7077 
5 6871 6902 6977 6724 6717 
4 6267 6446 6303 6216 
5 5980 5927 6196 6216 6303 
5 6130 6267 6216 6196 5927 
4 5880 5695 5932 6042 
4 5932 5695 5781 5927 
5 5932 5927 5980 6303 6042 
4 6699 6837 6871 6717 
5 6656 6542 6636 6699 6717 
5 7085 7027 7261 7265 7060 
5 7027 7085 7060 6979 7020 
5 6503 6559 6397 6542 6656 
5 6397 6042 6303 6446 6542 
4 6542 6446 6525 6636 
5 6525 6479 6468 6548 6684 
5 6466 6468 6479 6525 6446 
5 6684 6837 6699 6636 6525 
4 6548 6572 6722 6684 
4 6821 6837 6684 6722 
4 6460 6548 6468 6332 
5 6119 6312 6460 6332 6268 
4 6312 6572 6548 6460 
4 6446 6267 6306 6466 
4 6466 6306 6332 6468 
5 6119 6268 6332 6306 6062 
4 6267 6130 6062 6306 
5 7452 7255 7491 7745 7628 
4 7745 7826 7986 7832 
4 7724 7628 7745 7832 
4 7754 7628 7724 7832 
5 7997 7890 7986 8026 8056 
4 7832 7986 7890 7754 
5 7027 7346 7367 7265 7261 
5 7002 7022 7255 7346 7027 
5 7367 7454 7628 7565 7568 
5 7265 7367 7568 7329 7315 
6 7346 7255 7452 7628 7454 7455 
4 7367 7346 7455 7454 
5 7156 7189 7288 7214 7311 
4 7060 7189 7156 6979 
4 7060 7265 7315 7189 
4 7214 7288 7379 7311 
7 7379 7315 7329 7545 7635 7600 7546 
4 7315 7379 7288 7189 
4 7600 7635 7793 7912 
4 7754 7890 7793 7635 
5 7890 7997 7985 7912 7793 
4 7545 7329 7568 7635 
5 7565 7628 7754 7635 7568 
5 7379 7546 7600 7516 7311 
5 6335 6225 6237 6356 6425 
4 6335 6425 6565 6495 
5 6356 6286 6426 6565 6425 
5 6210 6217 6373 6426 6286 
4 6356 6237 6234 6286 
4 6286 6234 6035 6210 
4 6058 6035 6200 6225 
5 6035 6234 6237 6225 6200 
4 6119 6070 6255 6312 
4 6070 6058 6225 6255 
5 6225 6335 6495 6395 6255 
4 6312 6255 6395 6572 
4 6671 6761 6829 6759 
4 6759 6829 6844 6725 
5 6596 6565 6671 6759 6725 
6 6495 6565 6596 6518 6486 6395 
4 6518 6596 6725 6586 
5 6395 6486 6518 6586 6572 
4 6426 6373 6471 6643 
4 6471 6644 6721 6643 
5 6644 6756 6782 6643 6721 
4 6674 6643 6782 6763 
5 6565 6426 6643 6674 6671 
5 6763 6782 6760 6715 6674 
5 6761 6671 6674 6715 6760 
4 5953 6145 6113 5969 
5 6299 6314 6145 6194 6170 
4 6113 6145 6249 6127 
6 6447 6302 6249 6297 6314 6341 
4 6145 6314 6297 6249 
5 6217 6188 6452 6471 6373 
5 6263 6127 6249 6288 6452 
4 6127 6263 6452 6188 
5 6339 6302 6447 6497 6363 
5 6549 6644 6471 6497 6447 
5 6288 6249 6302 6339 6363 
5 6452 6288 6363 6497 6471 
5 6127 6084 6020 6111 6113 
6 6129 6084 6188 6217 6210 6103 
3 6084 6127 6188 
4 6103 6210 6035 5943 
5 5971 5973 6103 5943 5797 
6 5971 6020 6084 6129 6103 5973 
5 5971 5876 5873 5936 6020 
4 5715 5639 5873 5876 
4 5715 5876 5971 5797 
5 6020 5907 5969 6113 6111 
4 5936 5873 5907 6020 
4 5786 5849 5953 5969 
5 5639 5786 5969 5907 5873 
5 7287 7094 7188 7234 7390 
4 7196 7203 7234 7188 
5 7094 7050 7203 7196 7188 
4 7094 6991 6925 7050 
5 6837 6821 6722 6925 6971 
5 6971 6925 6991 7094 7071 
4 6837 6949 6902 6871 
4 6949 6837 6971 7071 
5 7071 7094 7287 7222 7137 
4 7191 7118 7137 7222 
4 6949 7071 7137 7118 
5 7077 6902 6949 7118 7191 
5 7264 7353 7390 7234 7246 
6 7162 7353 7264 7246 7234 7203 
4 7028 7162 7203 7050 
4 7096 6935 7073 7162 
5 6935 7028 7050 6925 6722 
4 7028 6935 7096 7162 
5 6678 6586 6725 6832 6823 
3 6572 6586 6678 
5 6572 6678 6823 6705 6722 
4 6935 6722 6705 6823 
5 6823 6832 6947 7073 6935 
4 6844 6947 6832 6725 
4 6844 6829 6884 6947 
4 7142 6966 6938 7052 
5 7142 7052 7177 7285 7308 
5 7245 7104 6959 7142 7308 
5 6884 6829 6966 7142 6959 
5 6966 6829 6761 6903 6938 
4 6903 6761 6760 6782 
4 7058 6959 7104 7245 
4 7058 7245 7073 6947 
4 6959 7058 6947 6884 
4 7162 7273 7426 7353 
4 7245 7273 7162 7073 
4 7426 7273 7245 7444 
5 7011 6903 6897 7006 7031 
5 6756 6905 6897 6903 6782 
4 7121 6999 7260 7433 
5 6897 6905 6999 7121 7015 
5 6897 7015 7121 7031 7006 
4 7175 7318 7285 7170 
5 7121 7433 7318 7175 7031 
5 7087 7011 7031 7175 7170 
6 7052 6938 6903 7011 7087 7016 
4 7087 7170 7052 7016 
4 7177 7052 7170 7285 
4 7647 7794 7709 7586 
4 7599 7670 7676 7673 
5 7647 7487 7599 7673 7794 
5 7390 7353 7426 7428 7487 
5 7390 7487 7647 7586 7576 
5 7308 7285 7318 7477 7475 
4 7521 7475 7477 7548 
5 7444 7245 7308 7475 7521 
5 7505 7444 7521 7670 7599 
4 7428 7505 7599 7487 
4 7505 7428 7426 7444 
5 7491 7482 7406 7525 7640 
5 7491 7640 7809 7826 7745 
5 7903 8100 8016 7826 7809 
5 7583 7576 7586 7709 7728 
5 7880 7903 7728 7709 7794 
5 7640 7525 7728 7903 7809 
5 7507 7287 7390 7576 7583 
5 7728 7525 7406 7507 7583 
4 7406 7222 7287 7507 
5 7022 7077 7183 7292 7255 
5 7183 7077 7191 7271 7292 
5 7191 7222 7406 7292 7271 
5 7255 7292 7406 7482 7491 
4 7955 8052 8067 7956 
4 7923 7955 7880 7794 
4 7956 7903 7880 7955 
5 8100 7903 8054 8096 8303 
5 8096 8054 7903 8044 8067 
4 7903 7956 8067 8044 
5 7955 8032 8160 8130 8052 
5 8242 8160 8032 8161 8239 
4 7923 8161 8032 7955 
4 8052 8130 8119 8067 
5 8096 8067 8119 8178 8303 
4 8119 8130 8160 8178 
5 8178 8160 8242 8245 8303 
4 7909 7847 8035 8129 
5 7885 7770 7909 8129 7916 
5 7923 7885 7916 8125 8161 
4 7916 8129 8209 8125 
4 8239 8161 8125 8209 
5 8239 8209 8270 8296 8242 
5 7673 7676 7670 7702 7794 
4 7862 7885 7923 7794 
5 7670 7885 7862 7794 7702 
4 7730 7613 7521 7548 
4 7613 7730 7770 7521 
4 7670 7521 7770 7885 
4 7770 7730 7847 7909 
5 7847 7730 7619 7774 8020 
5 8050 8035 7847 8020 7983 
5 8050 8281 8194 8112 8035 
4 8020 7774 7869 7983 
5 7869 7805 7887 7979 7983 
4 7788 7805 7869 7774 
4 8281 8480 8331 8194 
7 8035 8112 8194 8331 8339 8211 8121 
6 8035 8121 8211 8270 8209 8129 
5 8211 8339 8341 8471 8270 
4 8341 8339 8331 8382 
5 8444 8382 8331 8480 8483 
5 8341 8382 8444 8483 8471 
4 7477 7619 7730 7548 
4 7788 7774 7619 7699 
4 7699 7619 7526 7553 
4 7526 7619 7477 7318 
4 7318 7433 7553 7526 
5 7433 7260 7373 7605 7467 
4 7578 7605 7652 7553 
5 7553 7433 7467 7605 7578 
4 7902 7799 7652 7605 
4 7652 7799 7699 7553 
5 7699 7772 7887 7805 7788 
5 7799 7902 7887 7772 7699 
5 7902 7605 7721 7771 7872 
5 7902 7872 7827 7894 7922 
5 7771 7721 7894 7827 7872 
5 7982 7978 7902 7922 7894 
5 7982 8075 8213 8154 7978 
4 7982 7894 7962 8075 
4 7962 7950 8107 8075 
4 7894 7841 7950 7962 
4 8304 8221 8213 8399 
4 8213 8221 8304 8154 
5 8107 8326 8139 8213 8075 
4 8139 8329 8399 8213 
5 8136 7902 7978 8154 8327 
5 8360 8281 8182 8289 8327 
4 8289 8182 8136 8327 
4 7887 7902 8136 7979 
4 8281 8050 7983 8182 
4 7979 8136 8182 7983 
4 8480 8281 8360 8466 
5 8551 8611 8621 8480 8466 
5 8466 8360 8327 8420 8551 
5 8420 8327 8618 8588 8551 
5 8611 8551 8588 8618 8727 
4 8154 8304 8364 8327 
5 8618 8327 8364 8304 8399 
4 5866 5778 5861 5959 
5 6159 6079 6228 6240 6197 
4 6159 5959 5861 6079 
5 6028 6023 6050 6201 6323 
4 6023 5866 5959 6050 
5 5959 6159 6197 6201 6050 
4 6156 6336 6401 6354 
5 6401 6472 6665 6449 6354 
4 6336 6405 6472 6401 
4 6079 6156 6231 6228 
5 6228 6231 6359 6412 6240 
4 6231 6156 6354 6359 
4 6412 6359 6354 6449 
4 6240 6324 6260 6197 
4 6260 6324 6491 6323 
4 6260 6323 6201 6197 
4 6491 6324 6445 6595 
6 6324 6240 6412 6449 6416 6445 
5 6445 6416 6449 6665 6595 
5 6529 6585 6652 6567 6562 
4 6529 6491 6631 6585 
4 6562 6323 6491 6529 
4 6595 6665 6631 6491 
5 6631 6665 6904 6828 6709 
4 6585 6631 6709 6652 
4 6709 6828 6797 6652 
5 6504 6443 6323 6562 6513 
4 6513 6562 6567 6652 
4 6513 6652 6621 6504 
4 6621 6652 6797 6836 
5 6621 6836 6865 6710 6714 
5 6696 6646 6504 6621 6714 
4 6575 6504 6646 6689 
5 6501 6504 6575 6404 6420 
5 6342 6443 6504 6501 6420 
4 6342 6420 6404 6271 
4 6342 6271 6164 6443 
4 6164 6028 6323 6443 
4 6646 6696 6765 6689 
5 6710 6874 6765 6696 6714 
4 6852 6839 6689 6765 
5 6865 7114 7090 6874 6710 
5 6954 6852 6765 6874 7090 
6 6954 7072 7126 7080 6839 6852 
5 6822 6826 6986 6836 6797 
4 6826 6822 6797 6828 
4 6828 6964 6986 6826 
4 7114 6865 6836 7010 
5 7010 6836 6986 7124 7114 
5 6989 6964 6828 6904 7043 
5 6964 6989 7043 7124 6986 
5 6644 6549 6606 6735 6707 
5 6830 6707 6735 6788 6848 
5 6644 6707 6830 6905 6756 
4 6447 6500 6606 6549 
4 6341 6314 6500 6447 
6 6500 6314 6299 6404 6517 6606 
5 6049 6170 6194 6145 5953 
4 6271 6404 6299 6170 
4 6075 6271 6170 6049 
4 6037 6064 6075 6049 
5 5994 6064 6037 6049 5996 
4 5994 6036 6164 6064 
4 6075 6064 6164 6271 
5 6800 6751 6872 6951 6870 
4 6872 6751 6839 7080 
4 6848 6788 6870 6951 
4 6735 6800 6870 6788 
4 6404 6575 6614 6517 
4 6606 6517 6614 6673 
5 6673 6751 6800 6735 6606 
4 6668 6689 6839 6751 
5 6614 6645 6668 6751 6673 
5 6645 6614 6575 6689 6668 
5 5801 5684 5658 5725 5790 
4 5790 5828 5849 5801 
4 5684 5801 5849 5786 
4 5725 5672 5810 5790 
4 5790 5810 5996 5828 
5 5828 5996 6049 5953 5849 
5 5464 5576 5593 5645 5601 
5 5576 5388 5277 5491 5524 
5 5579 5601 5661 5786 5639 
4 5684 5786 5661 5658 
6 5593 5725 5658 5661 5601 5645 
5 5672 5725 5593 5576 5524 
5 5575 5583 5615 5766 5673 
4 5673 5766 5672 5524 
5 5583 5575 5673 5524 5491 
4 5155 5396 5406 5253 
5 5583 5491 5253 5406 5615 
5 5406 5396 5778 5766 5615 
4 5899 5821 5921 6028 
4 5921 5821 5778 5866 
4 6023 6028 5921 5866 
4 5899 5994 5996 5810 
5 5994 5899 6028 6164 6036 
4 5778 5821 5899 5766 
4 5766 5899 5810 5672 
4 7559 7643 7497 7442 
4 7442 7499 7638 7559 
4 7638 7715 7643 7559 
4 7715 7848 7818 7643 
5 7818 7864 7917 7768 7762 
5 7643 7818 7762 7633 7497 
4 7760 7830 7848 7781 
4 7781 7848 7715 7713 
5 7713 7715 7638 7760 7781 
4 7589 7662 7808 7677 
4 7499 7589 7677 7638 
5 7677 7808 7763 7760 7638 
4 7760 7763 7808 7830 
4 7538 7431 7497 7594 
5 7538 7594 7762 7768 7725 
4 7497 7633 7762 7594 
4 7352 7298 7410 7538 
5 7422 7442 7497 7431 7302 
5 7410 7298 7302 7431 7538 
5 7302 7223 7114 7198 7422 
5 7302 7298 7254 7272 7223 
4 7254 7114 7223 7272 
5 7225 7090 7247 7241 7279 
4 6954 7090 7225 7072 
5 7254 7298 7352 7241 7247 
4 7114 7254 7247 7090 
5 7080 7126 7129 7079 6872 
5 7280 7141 7240 7225 7279 
6 7129 7126 7072 7225 7240 7141 
5 7129 7141 7280 7180 7079 
5 7180 7280 7420 7605 7373 
5 7721 7605 7420 7608 7679 
5 6992 6951 6872 7079 7083 
5 6905 6830 6848 7078 6999 
5 6848 6951 6992 7083 7078 
4 7260 7173 7180 7373 
4 7083 7079 7180 7173 
5 7260 6999 7078 7106 7173 
4 7083 7173 7106 7078 
4 7661 7679 7498 7352 
5 7280 7279 7241 7352 7498 
4 7538 7725 7661 7352 
4 7540 7498 7679 7608 
5 7498 7540 7608 7420 7506 
4 7280 7498 7506 7420 
5 7950 7841 7900 7987 8049 
4 7900 7841 7679 7712 
4 7679 7841 7894 7721 
5 7679 7661 7784 7900 7712 
5 7725 7798 7900 7784 7661 
4 7900 7798 7917 7987 
4 7798 7725 7768 7917 
4 6950 7193 7043 6904 
4 7024 6926 7122 7193 
4 6950 6926 7024 7193 
5 7158 7233 7396 7193 7122 
5 6926 7095 7155 7158 7122 
6 7131 7233 7158 7155 7095 7074 
4 7124 7043 7193 7268 
4 7114 7124 7268 7198 
4 7422 7198 7268 7442 
5 7268 7334 7427 7392 7442 
5 7193 7396 7427 7334 7268 
5 7396 7589 7499 7460 7427 
5 7442 7392 7427 7460 7499 
4 6665 6472 6626 6740 
5 6660 6648 6835 6740 6626 
5 6626 6472 6582 6648 6660 
5 6480 6544 6582 6472 6405 
4 6544 6601 6648 6582 
4 6601 6777 6835 6648 
4 6665 6869 6950 6904 
4 6869 6860 6926 6950 
4 6665 6740 6860 6869 
3 6890 6835 6952 
4 6835 6777 6887 6952 
5 6890 6895 6860 6740 6835 
5 6860 6895 7074 7095 6926 
4 7182 7174 7192 7231 
4 7074 7174 7182 7131 
5 7042 7192 7174 7074 7082 
5 6890 6952 7082 7074 6895 
4 7231 7192 7207 7335 
4 7115 7226 7369 7209 
5 7207 7209 7369 7363 7335 
4 7192 7042 7066 7207 
5 7066 7036 7115 7209 7207 
4 6777 7036 7066 6887 
5 6952 6887 7066 7042 7082 
5 7579 7630 7591 7552 7551 
6 7630 7579 7720 7734 7718 7743 
5 7579 7551 7718 7734 7720 
4 7590 7636 7662 7589 
4 7590 7591 7630 7636 
5 7743 7751 7662 7636 7630 
4 7233 7131 7182 7360 
4 7396 7233 7360 7457 
5 7591 7590 7589 7396 7457 
4 7231 7335 7439 7414 
4 7439 7551 7552 7414 
4 7182 7231 7414 7360 
5 7414 7552 7591 7457 7360 
4 671 729 892 786 
5 557 650 729 671 708 
4 671 599 557 708 
5 559 470 599 602 381 
4 690 656 602 599 
5 599 671 786 656 690 
5 187 305 134 45 44 
5 187 44 360 343 305 
4 360 441 494 444 
6 444 494 557 449 343 360 
5 599 470 437 449 557 
4 305 343 449 437 
4 569 641 720 650 
5 720 641 644 742 803 
6 489 701 628 644 641 588 
5 441 522 588 641 569 
5 557 494 441 569 650 
3 489 422 363 
4 269 363 422 441 
5 422 489 588 522 441 
4 39 363 269 41 
5 266 42 41 269 441 
3 266 441 360 
4 360 44 42 266 
6 50 49 150 257 277 259 
5 50 259 149 389 51 
5 259 277 468 389 149 
5 353 466 277 257 290 
6 48 175 290 257 150 49 
5 175 48 179 337 290 
6 466 353 475 505 468 277 
5 562 389 468 505 614 
5 615 555 475 426 440 
4 290 426 475 353 
5 555 615 632 505 475 
5 134 180 285 46 45 
5 212 47 46 285 334 
4 180 134 294 285 
5 559 381 285 294 470 
5 437 470 294 134 305 
5 440 381 593 613 622 
5 381 602 656 613 593 
6 381 440 337 212 334 285 
4 290 337 440 426 
5 179 48 47 212 337 
5 776 900 887 846 807 
5 807 846 887 808 739 
6 717 776 807 739 632 738 
5 613 656 900 776 717 
5 717 615 440 622 613 
4 717 738 632 615 
4 653 562 614 682 
4 614 666 737 682 
5 653 682 737 824 796 
5 808 961 850 768 739 
5 737 666 739 768 850 
5 666 614 505 632 739 
4 920 850 961 1061 
5 824 737 850 920 796 
5 376 389 562 653 630 
5 630 653 796 845 753 
4 845 990 911 753 
5 1111 1138 1300 1070 1043 
5 920 1111 1043 948 962 
5 1138 1111 920 1061 1227 
5 845 948 1043 1070 990 
4 920 962 849 796 
5 845 796 849 962 948 
5 1069 1068 1141 1203 961 
5 887 1028 1069 961 808 
5 887 900 966 1024 1028 
4 1068 966 1080 1115 
5 1028 1024 966 1068 1069 
4 1314 1141 1068 1115 
4 972 1089 1080 966 
5 1115 1080 1089 1133 1314 
4 1089 972 1037 1133 
4 972 966 900 656 
5 972 656 786 1016 1037 
5 1133 1037 1016 1103 1171 
5 1016 786 892 917 1103 
4 1407 1304 1406 1493 
5 1229 1141 1314 1406 1304 
4 1666 1904 1825 1493 
5 1501 1444 1688 1904 1666 
5 1501 1666 1493 1406 1444 
5 1138 1227 1365 1347 1300 
4 1203 1227 1061 961 
5 1246 1203 1141 1229 1304 
4 1203 1246 1267 1227 
5 1365 1227 1267 1328 1407 
5 1267 1246 1304 1407 1328 
4 936 992 897 779 
5 1053 936 912 990 1070 
6 779 753 911 990 912 936 
4 1070 1142 1106 1053 
4 1106 996 897 992 
4 936 1053 1106 992 
5 996 1106 1293 1191 1023 
5 1023 1191 1206 1088 915 
5 1293 1349 1315 1206 1191 
5 865 897 996 1023 915 
5 905 915 1088 1030 751 
5 915 905 751 713 865 
4 716 637 700 779 
4 716 779 897 865 
5 597 637 716 865 713 
4 678 637 495 616 
4 616 630 753 678 
5 678 753 779 700 637 
4 51 278 249 53 
4 188 249 278 242 
4 53 249 188 55 
5 312 376 630 616 495 
4 278 51 389 376 
5 376 312 273 242 278 
5 463 637 597 571 519 
5 273 312 495 453 463 
4 463 453 495 637 
6 454 386 410 273 463 442 
5 386 454 571 531 458 
5 454 442 463 519 571 
5 258 245 273 410 386 
4 62 60 245 258 
3 55 188 58 
4 242 59 58 188 
4 60 59 242 206 
5 206 242 273 245 60 
5 626 531 620 759 756 
5 531 571 597 713 620 
5 620 713 751 1030 759 
4 527 458 531 626 
4 549 527 626 756 
5 375 378 418 527 549 
4 331 458 527 418 
4 458 331 258 386 
5 62 258 331 145 63 
4 378 375 177 263 
5 378 263 145 331 418 
5 1620 1685 1834 1768 1699 
5 1568 1428 1471 1620 1699 
4 1106 1142 1370 1293 
5 1428 1349 1293 1370 1462 
6 1478 1620 1471 1428 1462 1370 
5 1724 1699 1768 1834 1854 
4 1834 2128 1898 1854 
5 2128 1917 1876 1854 1898 
5 1827 1914 1834 1685 1620 
4 2128 1834 1914 2191 
5 2128 2191 2335 2354 2216 
4 1142 1070 1300 1417 
4 1377 1417 1300 1347 
5 1377 1347 1400 1492 1417 
5 1142 1417 1492 1478 1370 
5 1478 1492 1614 1827 1620 
4 1493 1665 1531 1407 
5 1431 1365 1407 1531 1494 
5 1531 1665 1755 1741 1494 
4 1576 1494 1741 1615 
5 1492 1400 1576 1615 1614 
4 1576 1400 1431 1494 
4 1347 1365 1431 1400 
5 2033 1995 2029 2058 1914 
5 1875 1910 2033 1914 1827 
4 1875 1995 2033 1910 
6 1827 1614 1615 1847 1995 1875 
4 1847 1942 2029 1995 
4 1741 1942 1847 1615 
4 2052 2135 2177 2106 
5 2106 2114 2058 2029 2052 
5 2191 1914 2058 2183 2142 
5 2177 2183 2058 2114 2106 
5 2355 2335 2191 2142 2183 
6 2112 2176 2087 2050 1957 2077 
4 1964 1957 2050 2052 
5 2050 2232 2177 2135 2052 
4 1825 1904 1940 1957 
4 2077 1957 1940 2112 
5 1940 1904 2076 2176 2112 
4 1757 1665 1493 1825 
4 1957 1855 1757 1825 
4 1665 1757 1855 1760 
6 1755 1665 1760 1855 1767 1741 
5 1929 1942 1741 1767 1855 
5 1957 1964 2052 1929 1855 
4 2052 2029 1942 1929 
5 596 680 711 771 564 
5 771 711 680 837 1101 
4 411 323 596 564 
4 411 564 771 638 
5 638 771 1101 1097 853 
4 72 71 218 169 
4 72 169 232 74 
5 169 218 383 291 232 
5 181 75 74 232 291 
5 291 323 411 304 181 
4 291 383 596 323 
4 665 680 596 383 
4 70 309 218 71 
4 218 309 368 383 
4 383 368 309 430 
4 68 268 309 70 
4 486 268 367 510 
4 309 268 486 430 
4 486 510 582 528 
5 578 528 582 705 692 
4 578 430 486 528 
5 724 731 825 815 837 
5 692 825 731 724 578 
5 665 383 430 578 724 
4 665 724 837 680 
5 825 692 705 857 908 
5 857 893 960 1009 908 
4 893 1060 1084 960 
5 825 908 1009 1197 1003 
5 960 1084 1202 1197 1009 
6 1060 748 997 1054 1166 1118 
5 1084 1060 1118 1194 1202 
5 1194 1118 1166 1408 1504 
5 1197 1202 1374 1344 1278 
4 1344 1311 1197 1278 
5 1483 1396 1344 1374 1504 
4 1194 1504 1374 1202 
5 1003 1197 1192 1105 1025 
5 837 815 825 1003 1025 
4 1211 1134 1105 1192 
5 1134 1101 837 1025 1105 
5 1169 1097 1101 1134 1211 
4 1334 1192 1197 1311 
4 1311 1344 1396 1539 
4 1334 1311 1539 1570 
4 1249 1281 1373 1410 
4 1281 1249 1097 1169 
5 1211 1192 1334 1281 1169 
5 1410 1373 1281 1334 1570 
5 1065 1031 1162 1337 1186 
4 1066 1193 1162 1031 
5 1240 1337 1310 1262 1173 
5 1065 1186 1337 1240 1226 
5 1065 1226 1240 1173 1057 
5 1066 1030 1088 1206 1193 
5 748 763 1012 1057 997 
4 1031 1065 1057 1012 
5 879 842 899 1031 1012 
5 899 842 1030 1066 1031 
5 756 879 1012 763 549 
5 759 1030 842 879 756 
5 1426 1315 1420 1588 1509 
5 1557 1530 1426 1509 1682 
5 1497 1426 1530 1557 1613 
5 1724 1588 1420 1568 1699 
5 1193 1206 1315 1337 1162 
5 1349 1428 1568 1420 1315 
5 1310 1409 1460 1438 1408 
4 1409 1426 1497 1460 
5 1426 1409 1310 1337 1315 
5 1460 1497 1613 1596 1532 
5 1408 1438 1460 1532 1456 
5 1466 1408 1456 1532 1596 
4 583 549 712 655 
4 583 655 582 408 
5 705 582 655 893 857 
4 893 655 748 1060 
5 655 712 549 763 748 
5 260 374 366 326 247 
5 260 177 375 549 374 
5 374 549 583 450 502 
5 450 307 365 432 502 
4 408 307 450 583 
5 365 307 326 366 412 
6 412 366 374 502 432 365 
6 63 145 263 177 137 65 
4 66 65 137 247 
4 247 137 177 260 
7 274 247 326 307 408 296 217 
4 66 247 189 67 
6 67 189 247 274 217 207 
5 207 217 211 68 67 
4 268 68 211 367 
5 1262 1310 1408 1166 1173 
5 1166 1054 997 1057 1173 
5 367 296 408 582 510 
4 296 367 211 217 
4 1703 1625 1667 1926 
4 1846 1889 2021 2007 
4 1846 2007 1926 1667 
4 2007 2021 2315 2240 
4 2240 1977 1926 2007 
4 1977 2240 2325 2109 
4 2306 2448 2381 2373 
5 2172 2197 2306 2373 2160 
5 2130 2160 2373 2372 2353 
5 2353 2372 2373 2381 2315 
5 2130 2021 1889 2172 2160 
4 2130 2353 2315 2021 
5 1566 1603 1505 1483 1504 
5 1652 1814 1916 1889 1846 
4 1652 1505 1603 1814 
5 1667 1625 1634 1652 1846 
5 1483 1505 1652 1634 1396 
4 1625 1539 1396 1634 
5 1535 1566 1504 1408 1466 
4 1566 1535 1624 1603 
4 1466 1596 1624 1535 
5 1916 1882 2197 2172 1889 
5 1882 1766 1730 1931 2197 
5 1916 1624 1596 1766 1882 
4 1603 1624 1916 1814 
5 1763 1936 1776 1710 1682 
5 1613 1710 1776 1931 1730 
4 1613 1730 1766 1596 
4 1971 1986 2155 2116 
5 1986 1971 1776 1936 2054 
4 2116 1931 1776 1971 
4 1724 1682 1509 1588 
4 1557 1682 1710 1613 
4 1724 1854 1876 1839 
5 1839 1876 1917 2054 1936 
4 1724 1839 1812 1682 
5 1812 1839 1936 1763 1682 
5 2282 2195 2447 2552 2433 
5 2197 2265 2433 2502 2306 
6 2250 2195 2282 2433 2265 2197 
4 2250 2197 1931 2116 
5 2116 2155 2447 2195 2250 
4 2438 2447 2155 2261 
4 2269 2290 2343 2438 
4 2154 2216 2343 2290 
4 2210 2155 1986 2054 
6 2438 2261 2155 2210 2290 2269 
5 2128 2216 2154 2054 1917 
4 2154 2290 2210 2054 
4 1583 1476 1486 1668 
5 1430 1457 1486 1476 1551 
4 1476 1583 1651 1551 
4 1661 1651 1583 1668 
5 1661 1668 1745 1784 1728 
4 1661 1728 1784 1651 
5 1144 1204 1216 1338 1272 
4 1338 1216 1401 1464 
5 1464 1401 1216 1430 1551 
5 1119 1114 1215 1204 1144 
6 1215 1114 1119 853 1097 1224 
7 1215 1224 1242 1457 1430 1216 1204 
6 1249 1486 1457 1242 1224 1097 
5 1364 1338 1464 1713 1441 
4 1551 1607 1713 1464 
5 1607 1551 1651 1729 1713 
4 1441 1713 1740 1721 
5 1803 1749 1721 1740 1830 
5 1713 1729 1857 1830 1740 
4 2003 2011 1963 1857 
4 1729 1651 1785 1857 
5 1857 1785 1651 1784 2003 
5 1830 1857 1963 2025 1803 
4 2095 1963 2011 2123 
6 1672 1570 1633 1802 1815 1715 
4 1815 1802 1926 1977 
4 2008 1815 1977 2109 
4 1570 1539 1655 1633 
5 1703 1926 1802 1633 1655 
4 1655 1539 1625 1703 
5 1486 1479 1698 1745 1668 
5 1479 1570 1672 1715 1698 
5 1249 1410 1570 1479 1486 
4 1715 1764 1745 1698 
4 1715 1815 2008 1913 
4 1764 1715 1913 1924 
5 2139 2109 2325 2185 2082 
5 2107 2082 2185 2127 2252 
4 2185 2322 2252 2127 
5 1941 1973 2082 2107 2016 
5 1924 1913 2008 2082 1973 
4 2082 2008 2109 2139 
4 1973 1941 1764 1924 
4 1941 1784 1745 1764 
4 1941 2016 2003 1784 
4 2016 2107 2252 2088 
4 2003 2016 2088 2011 
4 2011 2088 2198 2123 
4 2198 2088 2252 2305 
5 3977 4247 4312 3953 3870 
5 4123 3856 3839 3870 3953 
4 3953 4312 4272 4123 
4 3711 3870 3839 3635 
5 3711 3725 3888 3977 3870 
5 4466 4510 4526 4838 4619 
5 4510 4272 4312 4349 4526 
5 4510 4466 4394 4123 4272 
4 4526 4570 4894 4838 
4 4526 4349 4442 4570 
4 4442 4352 4481 4570 
5 4352 4442 4349 4312 4247 
5 3724 3446 3489 3609 3809 
5 3489 3561 3635 3633 3609 
4 3809 3768 3856 3892 
5 3633 3635 3839 3856 3768 
4 3809 3609 3633 3768 
5 3290 3489 3446 3370 3395 
6 3129 3107 3112 3370 3446 3187 
5 3370 3112 3150 3290 3395 
5 3112 3107 3129 3014 3021 
4 2880 2989 3021 3014 
5 3112 3021 2989 3075 3150 
5 2989 2887 3115 3150 3075 
7 3087 3241 3151 3136 3133 3059 3051 
4 3059 2954 2953 3051 
4 3133 2982 2954 3059 
5 2901 2954 2982 3133 2987 
4 2953 2925 2901 2872 
4 2925 2953 2954 2901 
5 3418 3447 3561 3304 3362 
4 3304 3290 3150 3147 
4 3489 3290 3304 3561 
6 3115 3151 3241 3181 3147 3150 
5 3181 3241 3362 3304 3147 
4 2998 3115 2887 2987 
6 3151 3115 2998 2987 3133 3136 
4 3362 3355 3447 3418 
4 3373 3531 3447 3355 
4 3635 3561 3447 3531 
5 3373 3306 3384 3441 3531 
5 3585 3576 3635 3531 3441 
5 3576 3585 3725 3711 3635 
4 3294 3241 3087 3284 
5 3257 3373 3355 3294 3284 
4 3362 3241 3294 3355 
4 3087 3171 3257 3284 
5 3171 3287 3384 3306 3265 
5 3265 3306 3373 3257 3171 
4 2279 2441 2493 2393 
4 2270 2253 2279 2393 
5 2253 2270 2393 2326 2206 
4 2530 2675 2880 2790 
4 2493 2675 2530 2449 
5 2393 2493 2449 2530 2326 
5 2025 1963 2095 2134 2206 
4 2206 2134 2095 2253 
5 2279 2253 2095 2123 2203 
4 2188 2203 2123 2198 
5 2203 2188 2198 2380 2279 
4 2279 2380 2458 2441 
4 2305 2458 2380 2198 
4 2284 2252 2322 2336 
5 2322 2185 2325 2360 2336 
5 2378 2284 2336 2360 2379 
4 2252 2284 2378 2305 
4 2508 2458 2305 2378 
4 2458 2508 2796 2608 
4 2458 2608 2726 2441 
4 2608 2796 2872 2901 
5 2608 2901 2987 2887 2755 
4 2493 2441 2726 2675 
4 2675 2726 2835 2880 
6 2844 2835 2726 2608 2755 2887 
5 2844 2887 2989 2880 2835 
4 2516 2409 2566 2593 
4 2325 2240 2315 2409 
5 2325 2409 2516 2459 2360 
4 2409 2465 2572 2566 
4 2465 2409 2315 2381 
6 2572 2680 2448 2696 2849 2763 
4 2465 2381 2476 2572 
5 2476 2381 2448 2680 2572 
5 2593 2677 2763 2804 2505 
5 3003 2804 2763 2849 3056 
5 2572 2763 2677 2674 2566 
4 2677 2593 2566 2674 
5 2459 2516 2593 2488 2360 
6 2443 2488 2593 2505 2461 2379 
4 2488 2443 2379 2360 
5 2461 2505 2508 2378 2379 
4 2508 2505 2804 2796 
6 2804 3003 2863 2999 2872 2796 
5 3051 3045 3104 3171 3087 
5 2953 2872 2999 3045 3051 
4 3045 2999 2863 3048 
5 3104 3045 3048 3121 3171 
5 3121 3048 3161 3287 3171 
5 3003 3056 3161 3048 2863 
5 2832 2976 2838 2735 2762 
5 2795 2735 2838 2958 2789 
4 2979 2840 2968 3114 
4 2762 2840 2979 2832 
4 2979 3114 2976 2832 
6 2438 2484 2639 2579 2460 2447 
4 2669 2715 2639 2484 
4 2840 2715 2669 2751 
5 2541 2460 2579 2639 2640 
7 2552 2447 2460 2541 2640 2639 2642 
5 2639 2715 2840 2762 2642 
4 2642 2762 2735 2552 
4 2578 2624 2502 2433 
5 2735 2606 2578 2580 2552 
4 2433 2552 2580 2578 
5 2749 2789 2958 3042 2927 
5 2606 2735 2795 2789 2749 
4 2749 2624 2578 2606 
4 2448 2306 2502 2624 
4 2448 2661 2710 2696 
4 2935 2849 2696 2710 
5 2862 2710 2802 2927 2916 
4 2710 2862 2916 2935 
5 2448 2624 2802 2710 2661 
4 2802 2624 2749 2927 
5 3516 3358 3450 3421 3525 
5 3169 3392 3450 3358 3351 
5 3140 3421 3450 3392 3169 
5 3106 3169 3351 3358 3282 
4 3282 3471 3516 3520 
4 3358 3516 3471 3282 
5 3114 2968 3029 3220 3214 
5 3114 3214 3140 3089 2976 
5 3214 3220 3375 3421 3140 
4 3074 2916 2927 3042 
5 3042 2958 2838 2976 3089 
5 3089 3140 3169 3106 3042 
4 3092 3146 3212 3278 
5 3295 3266 3278 3212 3330 
4 3330 3212 3282 3520 
4 3146 3183 3282 3212 
6 3074 3042 3106 3282 3183 3146 
5 3074 3146 3092 2935 2916 
4 3191 3244 3225 3056 
5 3225 3244 3266 3269 3211 
5 3056 3225 3211 3287 3161 
4 2849 2935 3092 3041 
4 3041 3191 3056 2849 
5 3041 3092 3236 3244 3191 
5 3266 3244 3236 3092 3278 
5 3906 3854 4032 4048 3970 
5 3854 3906 3824 3725 3810 
5 3906 3970 3888 3725 3824 
4 4196 4219 4048 4032 
5 4048 4030 4069 4053 3970 
4 4069 4030 4048 4219 
4 3888 3970 4053 4169 
5 4147 3888 4169 4226 4247 
4 3888 4147 4247 3977 
5 4146 4219 4297 4340 4157 
5 4053 4069 4219 4146 4157 
5 4229 4157 4340 4284 4226 
5 4169 4053 4157 4229 4226 
4 4297 4219 4408 4340 
4 4430 4475 4340 4408 
5 4430 4408 4608 4571 4475 
4 4666 4608 4497 4609 
4 4408 4282 4497 4608 
5 4219 4196 4257 4282 4408 
5 4517 4655 4570 4481 4431 
5 4352 4247 4226 4431 4481 
4 4340 4475 4463 4284 
5 4428 4284 4463 4475 4571 
5 4284 4428 4517 4431 4226 
4 4655 4517 4428 4571 
5 3766 3733 3895 4032 3854 
4 3810 3690 3763 3854 
5 3690 3733 3766 3854 3763 
5 3567 3544 3441 3384 3429 
4 3810 3544 3567 3690 
5 3544 3810 3725 3585 3441 
4 3269 3266 3511 3470 
5 3287 3211 3452 3429 3384 
4 3269 3470 3452 3211 
4 3429 3452 3631 3567 
4 3567 3631 3733 3690 
5 3470 3511 3533 3631 3452 
5 3631 3533 3511 3679 3733 
5 3895 3813 3909 4012 3995 
5 4196 4004 3995 4012 4257 
5 3995 4004 4196 4032 3895 
5 3679 3652 3661 3813 3751 
3 3895 3751 3813 
4 3679 3751 3895 3733 
5 3520 3661 3652 3530 3595 
4 3520 3516 3693 3661 
4 3909 3813 3661 3693 
4 3530 3330 3520 3595 
4 3511 3530 3652 3679 
5 3266 3295 3330 3530 3511 
5 4020 3962 3983 4026 4040 
4 4107 4026 4121 4255 
5 4020 4040 4026 4107 4080 
4 3902 3962 4020 3982 
5 3894 3958 3853 3902 3982 
6 4020 4080 4011 3958 3894 3982 
4 4401 4410 4565 4581 
4 4213 4274 4410 4401 
5 4274 4213 4107 4255 4410 
4 4275 4269 4109 4213 
5 4213 4109 4011 4080 4107 
5 4213 4401 4316 4269 4275 
5 4392 4269 4316 4401 4581 
5 4351 4255 4121 4319 4363 
4 4026 3983 4034 4121 
5 4121 4034 4241 4363 4319 
5 4351 4554 4565 4410 4255 
5 4388 4505 4554 4351 4363 
4 4194 4159 4063 4068 
4 4265 4159 4194 4299 
4 4191 4063 4159 4265 
5 4241 4191 4265 4296 4363 
4 4034 4063 4191 4241 
5 4265 4299 4470 4505 4388 
4 4265 4388 4363 4296 
4 4257 4122 4306 4282 
4 3910 3958 4016 3909 
5 4016 4122 4257 4012 3909 
5 4097 4011 4109 4269 4178 
4 4097 4178 4122 4016 
4 3958 4011 4097 4016 
4 3728 3853 3797 3693 
6 3693 3797 3896 3958 3910 3909 
4 3958 3896 3797 3853 
5 3728 3613 3714 3902 3853 
5 3525 3639 3728 3693 3516 
5 3613 3728 3639 3525 3421 
5 4579 4691 4646 4572 4494 
4 4494 4269 4392 4579 
4 4581 4691 4579 4392 
4 4560 4493 4591 4646 
5 4547 4483 4494 4572 4646 
5 4483 4547 4646 4591 4493 
5 4444 4497 4282 4306 4333 
4 4560 4567 4444 4493 
5 4609 4497 4444 4567 4560 
5 4262 4269 4494 4483 4333 
4 4178 4269 4262 4333 
4 4122 4178 4333 4306 
4 4333 4483 4493 4444 
4 3760 3713 3822 3862 
4 3927 4090 4194 4068 
5 3846 3832 3935 4090 3927 
4 3634 3762 3822 3713 
4 3846 3927 3898 3872 
5 3762 3634 3832 3846 3872 
5 3898 3927 4068 3932 3912 
4 4068 4063 3994 3932 
4 3912 3932 3994 3920 
4 3898 3912 3920 3873 
5 3822 3762 3872 3898 3873 
4 3920 3994 4063 4034 
5 3822 3873 3920 4034 3862 
4 3686 3671 3592 3713 
4 3671 3760 3862 3885 
4 3760 3671 3686 3713 
4 3885 3862 4034 3983 
5 3962 3848 3671 3885 3983 
4 3902 3714 3848 3962 
4 3099 3344 3220 3199 
4 3524 3375 3220 3344 
5 3524 3344 3634 3713 3592 
4 3524 3592 3671 3575 
5 3714 3613 3575 3671 3848 
5 3575 3613 3517 3375 3524 
4 3517 3613 3421 3375 
5 3611 3502 3400 3329 3319 
6 3296 3329 3400 3502 3338 3464 
4 3534 3464 3338 3502 
6 3254 3319 3329 3296 3235 3302 
4 3023 3072 3302 3235 
5 3534 3832 3634 3483 3464 
5 3469 3483 3634 3344 3417 
4 3417 3464 3483 3469 
4 3176 3344 3099 3004 
5 3176 3004 3023 3235 3296 
4 3344 3176 3307 3417 
5 3296 3464 3417 3307 3176 
5 3582 3596 3732 3812 3534 
5 3601 3502 3611 3732 3596 
5 3534 3502 3601 3596 3582 
5 3792 3815 3868 3812 3732 
5 3868 3935 3876 3816 3812 
6 3876 3935 3832 3534 3812 3816 
5 3611 3319 3619 3778 3745 
4 3732 3611 3745 3792 
5 3792 3745 3778 3851 3815 
5 3851 3778 3957 4067 3939 
4 4090 3935 3939 4067 
5 3815 3851 3939 3935 3868 
4 2957 3057 3149 3119 
4 3141 3288 3149 3057 
4 3141 3259 3377 3288 
4 3149 3288 3219 3119 
5 3119 3219 3127 3116 2957 
5 3219 3288 3254 3302 3127 
5 3057 2859 3200 3259 3141 
5 3200 2859 2932 3137 3190 
4 3190 3406 3259 3200 
4 3377 3259 3406 3490 
4 3406 3190 3409 3549 
5 2709 2723 2818 2773 2718 
4 2704 2723 2709 2526 
4 2773 2818 2776 2718 
4 2776 2818 3057 2957 
5 3057 2818 2723 2837 2859 
4 2704 2859 2837 2723 
4 2671 2682 2752 2688 
5 2682 2494 2526 2709 2718 
4 2494 2682 2671 2688 
5 2682 2718 2776 2778 2752 
5 2776 2957 2851 2752 2778 
5 2809 2851 2957 3116 3127 
4 2809 2688 2752 2851 
4 3755 3636 3665 3833 
4 3833 3972 3957 3877 
5 3778 3755 3833 3877 3957 
5 3580 3643 3833 3665 3636 
4 3833 3643 3814 3972 
4 3580 3624 3814 3643 
5 3254 3508 3636 3619 3319 
4 3382 3288 3377 3468 
5 3254 3288 3382 3468 3508 
5 3497 3580 3468 3377 3490 
5 3490 3540 3624 3580 3497 
4 3468 3580 3636 3508 
4 3619 3636 3755 3778 
4 3789 3794 3814 3624 
4 3540 3630 3789 3624 
5 3406 3539 3630 3540 3490 
4 3814 3915 3992 3972 
4 3843 3915 3814 3794 
5 3789 3880 3915 3843 3794 
4 3800 3828 3818 3764 
5 3818 3852 3880 3789 3783 
5 3880 3852 3818 3828 3878 
5 3406 3549 3606 3630 3539 
5 3688 3783 3789 3630 3606 
5 3688 3606 3764 3818 3783 
4 2940 2895 3023 3004 
4 3004 3099 2948 2931 
4 2850 2831 2948 2902 
6 3029 2902 3053 3099 3199 3220 
4 2902 2948 3099 3053 
4 2784 2567 2571 2681 
4 2527 2729 2681 2571 
5 2681 2729 2768 2826 2784 
5 2826 2854 2940 3004 2931 
4 2948 2831 2826 2931 
5 2848 2768 2729 2895 2940 
5 2768 2848 2940 2854 2826 
5 2612 2592 2720 2657 2649 
4 2649 2657 2721 2751 
5 2720 2791 2751 2721 2657 
4 2649 2751 2669 2590 
5 2484 2438 2514 2590 2669 
4 2590 2514 2612 2649 
4 2720 2831 2850 2791 
5 2720 2592 2567 2784 2772 
5 2831 2720 2772 2784 2826 
4 2883 2968 2840 2751 
5 2791 2850 2902 2883 2751 
4 2883 2902 3029 2968 
5 2232 2050 2087 2419 2370 
5 2504 2232 2370 2466 2547 
4 2466 2370 2419 2494 
4 2547 2466 2494 2688 
4 2809 2634 2547 2688 
4 2634 2527 2504 2547 
5 3023 2895 2820 3008 3072 
4 2729 2527 2634 2660 
5 2660 2634 2820 2895 2729 
6 3008 3081 2915 3127 3302 3072 
4 2820 2915 3081 3008 
5 2915 2820 2634 2809 3127 
6 2501 2527 2571 2567 2592 2538 
4 2355 2527 2501 2335 
5 2386 2354 2335 2501 2538 
5 2504 2527 2417 2177 2232 
5 2396 2494 2419 2087 2176 
5 2183 2177 2417 2527 2355 
4 2436 2418 2469 2514 
4 2438 2343 2436 2514 
5 2374 2418 2436 2343 2216 
5 2216 2354 2455 2418 2374 
5 2354 2386 2538 2592 2455 
4 2592 2612 2514 2469 
4 2455 2592 2469 2418 
4 8485 8612 8775 8637 
5 8285 8446 8510 8461 8485 
4 8285 8219 8317 8446 
5 8461 8510 8581 8612 8485 
5 8219 8285 8234 7994 8064 
4 8193 7994 8192 8264 
5 7994 8234 8285 8264 8192 
4 8264 8359 8208 8193 
4 8415 8208 8359 8524 
4 8485 8637 8524 8359 
4 8485 8359 8264 8285 
4 8552 8691 8866 8738 
4 8691 8552 8424 8613 
4 8552 8446 8317 8424 
5 8775 8612 8663 8798 8900 
4 8581 8738 8663 8612 
5 8581 8510 8446 8552 8738 
4 9062 8866 9033 9125 
5 8866 9062 9137 8912 8888 
5 9137 9062 9125 9266 9389 
5 8898 8738 8866 8888 8912 
5 8900 8898 8912 9137 8985 
5 8738 8898 8824 8798 8663 
4 8798 8824 8898 8900 
5 9489 9250 9364 9177 9399 
6 9083 9075 9020 9399 9177 9215 
5 9250 9083 9215 9177 9364 
6 9020 9680 9643 9627 9489 9399 
5 9743 9643 9680 9731 9821 
5 9731 9680 9904 9926 9821 
5 9489 9567 9729 9564 9476 
4 9567 9489 9627 9729 
4 9627 9643 9743 9729 
4 9288 9250 9489 9476 
5 9394 9288 9476 9564 9528 
5 9125 9250 9288 9394 9263 
4 9266 9125 9263 9394 
5 8808 8817 9083 9066 8943 
4 8817 8808 8691 8751 
5 8866 8691 8808 8943 8860 
5 9125 9033 8981 8943 9066 
4 8943 8981 8938 8860 
5 8866 8860 8938 8981 9033 
4 8751 8777 8863 8817 
5 8574 8602 8751 8691 8613 
4 8751 8602 8682 8777 
5 9020 8894 8817 8863 8777 
5 9083 8817 8894 9020 9075 
4 9066 9083 9250 9125 
4 9944 10075 9989 9917 
5 9940 9917 9989 10075 9984 
5 10078 9968 9984 10075 10198 
4 9729 9743 9821 9926 
5 9955 9944 9564 9729 9926 
4 9944 9917 9841 9564 
5 9594 9716 9769 9832 9603 
5 9769 9716 9841 9834 9879 
5 9834 9841 9917 9940 9879 
4 9866 9968 9877 9832 
4 9769 9879 9866 9832 
4 9879 9946 9968 9866 
5 9879 9940 9984 9968 9946 
5 10048 10040 9864 9877 9968 
4 10040 10048 10131 10119 
4 10119 10219 10135 10040 
5 10119 10131 10198 10179 10219 
5 10048 9968 10078 10198 10131 
4 10027 10040 10135 10049 
5 10112 10022 10027 10049 10135 
5 9603 9832 9877 9864 9592 
5 9709 9864 10040 10027 9898 
5 9966 9709 9898 10027 10022 
5 9506 9463 9541 9716 9594 
4 9389 9266 9463 9506 
5 9541 9463 9537 9841 9716 
5 9463 9266 9394 9516 9537 
6 9394 9528 9564 9841 9537 9516 
5 8985 9137 9389 9335 9296 
4 9518 9361 9368 9393 
4 9296 9335 9393 9368 
4 9430 9427 9335 9389 
5 9427 9453 9518 9393 9335 
5 9427 9430 9464 9594 9453 
5 9430 9389 9506 9594 9464 
4 9495 9390 9361 9518 
4 9323 9390 9405 9372 
5 9405 9390 9495 9608 9372 
5 9495 9592 9864 9709 9608 
4 9518 9453 9594 9603 
4 9592 9495 9518 9603 
4 9074 9238 9287 9128 
4 9256 9239 9128 9287 
5 9323 9372 9239 9256 9287 
5 9323 9287 9238 9304 9390 
6 9238 9296 9248 9361 9390 9304 
5 8985 9296 9238 9074 8900 
4 9368 9361 9248 9296 
4 8778 8807 8878 8728 
4 8707 8616 8698 8728 
5 8681 8778 8728 8698 8616 
5 8807 8778 8681 8674 8781 
5 8688 8733 8781 8674 8586 
4 8586 8674 8681 8616 
5 8555 8688 8586 8616 8513 
5 8451 8415 8555 8513 8478 
4 8524 8688 8555 8415 
5 8278 8110 8419 8434 8404 
5 8110 8177 8208 8415 8419 
5 8434 8419 8513 8616 8534 
5 8419 8415 8451 8478 8513 
5 8428 8388 8527 8491 8569 
5 8569 8491 8739 8726 8646 
5 8646 8726 8780 8636 8569 
4 8627 8616 8707 8739 
5 8534 8616 8627 8589 8527 
5 8589 8627 8739 8491 8527 
4 8388 8428 8207 8145 
5 8244 8201 8110 8278 8280 
5 8244 8280 8388 8145 8201 
4 8457 8434 8534 8527 
5 8388 8404 8434 8457 8527 
4 8280 8278 8404 8388 
5 8922 8739 8707 8928 9079 
4 8928 9029 9109 9079 
4 9035 8922 9079 9127 
4 8739 8879 8910 8726 
5 8739 8871 9035 9023 8879 
4 8871 8739 8922 9035 
4 9029 8928 8875 8917 
4 8728 8878 8917 8875 
4 8707 8728 8875 8928 
6 9165 9115 9239 9189 9243 9109 
5 9109 9029 8917 9115 9165 
5 9032 9128 9239 9115 9060 
5 8917 8878 9032 9060 9115 
4 8993 8845 8811 8944 
4 8900 9074 9012 8944 
4 8775 8900 8944 8785 
4 9032 8878 8845 8993 
5 9015 8993 8944 9012 9074 
5 8993 9015 9074 9128 9032 
5 8688 8524 8637 8712 8722 
4 8637 8775 8734 8712 
5 8775 8785 8722 8712 8734 
6 8807 8781 8733 8827 8845 8878 
4 8733 8811 8845 8827 
5 8811 8724 8722 8785 8944 
5 8688 8722 8724 8811 8733 
5 9417 9367 9372 9608 9598 
4 9492 9349 9569 9596 
5 9569 9349 9392 9417 9598 
5 9243 9367 9417 9392 9349 
5 9239 9372 9367 9243 9189 
4 9805 9942 9887 9846 
5 9598 9608 9709 9966 9805 
5 9805 9966 10022 10066 9942 
4 9805 9719 9610 9598 
5 9569 9598 9610 9719 9596 
5 9771 9719 9805 9846 9887 
4 9695 9596 9719 9771 
5 9920 9830 9766 9801 9822 
5 9920 10031 10141 9991 9830 
5 9695 9771 9887 10012 10069 
5 9695 10069 10065 9918 9683 
5 9920 9822 9918 10065 10031 
4 9683 9492 9596 9695 
5 9411 9492 9683 9602 9436 
4 9582 9602 9683 9657 
5 9657 9683 9918 9822 9801 
5 9582 9657 9801 9766 9580 
4 9582 9485 9436 9602 
4 9322 9436 9485 9278 
5 9281 9278 9485 9384 9174 
5 9580 9498 9384 9485 9582 
4 9139 9322 9278 9167 
5 9206 9171 9163 9167 9278 
5 9206 9278 9281 9174 9171 
4 9242 9127 9079 9109 
4 9243 9349 9242 9109 
5 9139 9127 9242 9310 9322 
5 9411 9310 9242 9349 9492 
4 9310 9411 9436 9322 
5 8879 9023 9025 8979 8910 
5 9025 9023 9037 9081 9064 
4 9055 8979 9025 9064 
4 9139 9064 9081 9127 
5 9035 9127 9081 9037 9023 
5 9058 9163 9171 9174 8892 
5 8850 8892 8780 8726 8910 
4 8892 8850 8910 9058 
5 9058 8910 9042 9167 9163 
5 9055 9064 9139 9167 9042 
4 9042 8910 8979 9055 
5 6296 6273 6427 6360 6315 
5 6316 6360 6427 6612 6537 
4 6507 6439 6632 6612 
5 6612 6427 6273 6488 6507 
5 6366 6439 6507 6488 6273 
4 6664 6622 6528 6733 
5 6622 6664 6649 6667 6632 
5 6664 6733 6768 6667 6649 
5 6439 6490 6528 6622 6632 
4 6444 6506 6528 6490 
5 6222 6444 6490 6439 6413 
5 6222 6413 6439 6366 6273 
5 6983 7040 7135 6997 6973 
4 7045 7145 7135 7040 
5 6983 6930 7145 7045 7040 
5 7154 7151 6997 7135 7145 
5 6973 6997 7151 7224 7092 
5 7048 7092 7224 7132 7064 
4 6612 6632 6667 6781 
4 6781 6667 6768 6983 
4 6768 6733 6930 6983 
5 6767 6754 6973 7092 7048 
5 6687 6600 6771 6973 6754 
4 6600 6537 6612 6771 
5 6973 6771 6612 6781 6983 
5 6741 6898 6861 6961 6810 
4 6886 6817 6922 7199 
5 6922 6817 6810 6961 7199 
5 7064 7051 6861 6898 7048 
5 7064 7171 7312 7199 7051 
4 7051 7199 6961 6861 
4 7132 7224 7434 7316 
5 7171 7064 7132 7316 7312 
4 6550 6537 6600 6687 
5 6687 6754 6767 6741 6550 
4 6898 6741 6767 7048 
4 6843 6809 6776 6886 
5 6808 6817 6886 6776 6718 
4 6808 6681 6810 6817 
4 6571 6351 6464 6624 
4 6571 6624 6810 6681 
6 6315 6360 6316 6235 6264 6296 
4 6437 6550 6741 6519 
5 6235 6316 6537 6550 6437 
5 6464 6519 6741 6810 6624 
5 6328 6235 6437 6402 6287 
5 6402 6437 6519 6464 6287 
5 7486 7450 7529 7518 7645 
5 7462 7432 7345 7450 7486 
4 7462 7486 7645 7571 
4 7432 7509 7405 7286 
4 7571 7609 7405 7509 
4 7432 7462 7571 7509 
4 7518 7529 7691 7645 
5 7691 7865 7918 7773 7645 
4 7773 7764 7571 7645 
4 7609 7571 7764 7756 
4 7918 7897 7764 7773 
4 7933 7825 7764 7897 
5 7221 7368 7450 7345 7178 
4 7221 7386 7450 7368 
4 6843 6886 7199 7221 
4 7386 7221 7199 7494 
5 7386 7494 7562 7529 7450 
5 7221 7178 7068 6984 6843 
4 6809 6843 6984 6816 
4 6921 6816 6984 7068 
4 7178 7345 7432 7195 
5 7286 7150 7167 7195 7432 
6 7111 6921 7068 7112 7195 7167 
4 7195 7112 7068 7178 
5 7542 7391 7472 7569 7558 
5 7312 7316 7391 7416 7399 
4 7434 7472 7391 7316 
5 7391 7542 7534 7400 7416 
5 7312 7399 7416 7400 7199 
4 7494 7199 7400 7534 
4 7653 7707 7910 7874 
4 7874 7910 8110 8201 
4 7585 7529 7562 7655 
4 7562 7494 7653 7655 
5 7534 7611 7707 7653 7494 
5 7534 7542 7558 7707 7611 
5 7976 7865 8055 8145 8207 
5 7933 7897 7918 7947 8043 
5 8043 7947 7918 7865 7976 
5 7865 7970 8114 8145 8055 
4 8030 8104 8114 7970 
5 8104 8030 8201 8145 8114 
4 7889 7874 8201 8030 
5 7970 7769 7779 7889 8030 
5 7779 7655 7653 7874 7889 
5 7675 7585 7655 7779 7769 
4 7529 7585 7675 7691 
4 7691 7675 7786 7865 
5 7769 7970 7865 7786 7675 
4 7740 7689 7621 7753 
4 7740 7753 8010 7949 
4 8010 7753 7952 8172 
4 8196 8051 7949 8010 
5 8251 8051 8196 8197 8274 
5 8196 8010 8172 8274 8197 
5 8367 8379 8344 8251 8274 
5 8396 8411 8345 8274 8172 
5 8274 8345 8411 8379 8367 
5 8396 8172 7952 8659 8585 
6 8585 8659 8682 8602 8574 8396 
4 8424 8379 8411 8613 
4 8411 8396 8574 8613 
4 8006 7866 8047 8229 
5 7783 7735 7949 7866 7807 
5 7949 8051 8251 8047 7866 
4 8047 8251 8344 8229 
5 8317 8229 8344 8379 8424 
4 8217 8229 8317 8219 
4 8229 8217 8219 8141 
5 8141 8219 8064 8122 8113 
5 8006 8008 7960 7943 7866 
5 8008 8006 8229 8141 8113 
5 8113 8122 8064 7960 8008 
5 7960 8064 7935 7816 7943 
4 7935 8064 7994 7893 
4 7839 7816 7935 7893 
5 7741 7787 7816 7839 7789 
4 7839 7893 7837 7811 
6 7741 7789 7839 7811 7837 7767 
5 7678 7766 7816 7708 7649 
5 7601 7504 7649 7708 7624 
5 7624 7708 7816 7787 7741 
4 7816 7766 7866 7943 
4 7807 7866 7766 7783 
4 7678 7649 7665 7735 
4 7783 7766 7678 7735 
5 7625 7601 7624 7741 7767 
4 7541 7601 7625 7657 
5 7767 7837 7795 7657 7625 
5 7569 7749 7710 7707 7558 
5 7472 7459 7541 7495 7569 
4 7495 7541 7657 7569 
4 7749 7569 7657 7795 
4 7910 7707 7710 7810 
5 7749 7795 7910 7810 7710 
5 7878 7795 7837 7893 7895 
4 7994 7878 7895 7893 
5 8110 7910 7795 7878 8177 
5 8177 7878 7994 8193 8208 
5 6528 6506 6508 6658 6733 
5 6222 6311 6508 6484 6444 
4 6444 6484 6508 6506 
4 6563 6514 6641 6607 
4 6551 6514 6563 6607 
5 6508 6311 6514 6551 6607 
4 6891 6711 6641 6967 
5 6711 6891 6968 6804 6798 
5 7105 6968 6891 6967 7125 
5 6607 6641 6711 6658 6508 
5 6798 6804 6733 6658 6711 
4 6733 6804 6968 6969 
3 7384 7343 7176 
4 7125 7176 7230 7105 
4 7176 7343 7323 7230 
4 7384 7430 7438 7389 
4 7323 7343 7384 7389 
5 7323 7389 7438 7376 7186 
5 6995 6996 6733 6969 7069 
4 6996 7099 7186 7275 
5 6995 7069 7186 7099 6996 
4 7089 6968 7105 7230 
5 6968 7089 7230 7107 6969 
5 7165 7107 7230 7323 7186 
5 7069 6969 7107 7165 7186 
5 7504 7601 7511 7437 7421 
4 7434 7437 7459 7472 
5 7459 7437 7511 7601 7541 
5 7151 7154 7289 7356 7351 
4 7356 7421 7437 7351 
5 7151 7351 7437 7434 7224 
4 6930 6733 6996 7145 
5 7145 6996 7275 7307 7216 
5 7154 7145 7216 7356 7289 
4 7504 7421 7398 7649 
4 7398 7301 7451 7649 
4 7398 7421 7356 7216 
5 7307 7275 7301 7398 7216 
5 7727 7731 7740 7949 7735 
5 7663 7727 7735 7665 7620 
4 7649 7451 7620 7665 
4 7615 7621 7689 7740 
5 7620 7615 7740 7714 7663 
5 7727 7663 7714 7740 7731 
4 7535 7430 7530 7615 
4 7384 7519 7530 7430 
4 7530 7519 7621 7615 
5 7186 7376 7438 7484 7451 
4 7451 7301 7275 7186 
5 7484 7535 7615 7620 7451 
4 7484 7438 7430 7535 
5 10520 10632 10545 10448 10537 
4 10308 10444 10537 10448 
3 10444 10520 10537 
4 10632 10732 10735 10545 
4 10521 10409 10448 10545 
4 10753 10521 10545 10735 
5 9955 9926 10029 10120 10086 
4 10184 10288 10120 10029 
5 10184 10029 9926 10038 10095 
4 10095 10038 9943 10101 
4 9926 9904 9943 10038 
5 10184 10095 10101 10308 10448 
4 10184 10448 10409 10288 
5 10086 10120 10288 10284 10260 
4 10260 10318 10295 10075 
4 10284 10341 10318 10260 
4 10075 10042 10086 10260 
5 10075 9944 9955 9993 10042 
4 9993 9955 10086 10042 
4 10295 10318 10454 10503 
4 10454 10318 10405 10554 
4 10589 10503 10454 10554 
4 10554 10405 10521 10680 
6 10554 10680 10521 10752 10714 10589 
5 10521 10405 10318 10341 10409 
4 10409 10341 10284 10288 
4 10906 10949 11025 11059 
6 10735 10949 10906 10752 10521 10753 
5 10949 10735 10732 10947 11025 
5 10714 10752 10906 10990 11042 
5 10906 11059 11065 11007 10990 
5 11115 11042 10990 11007 11065 
5 11369 11127 11153 11610 11502 
5 10947 11153 11127 11052 11025 
5 11059 11025 11052 11127 11369 
5 11519 11306 11391 11545 11558 
4 11545 11391 11369 11502 
5 11065 11059 11248 11247 11115 
5 11059 11369 11391 11306 11248 
4 11121 11042 11115 11247 
4 11247 11248 11306 11348 
4 11249 11121 11247 11348 
5 11377 11638 11390 11198 11187 
5 11380 11348 11306 11519 11568 
5 10967 11042 11121 11145 11069 
5 10791 10589 10714 11042 10967 
4 10984 10967 11069 11060 
6 11060 11069 11145 11264 11187 11152 
4 11060 11152 11187 11123 
7 11264 11249 11348 11380 11568 11377 11187 
4 11264 11145 11121 11249 
4 10663 10747 10734 10872 
4 10734 10806 10880 10872 
4 10747 10844 10806 10734 
5 10844 10747 10579 10796 10915 
5 10891 10915 11035 11057 10909 
5 10844 10915 10891 10909 10806 
4 10909 10901 10880 10806 
4 10901 10933 10979 10880 
6 10933 10901 10909 11057 11012 10979 
5 10872 10926 10978 11030 10942 
5 10978 10926 10872 10880 10979 
5 11030 10978 11050 11107 10942 
5 10979 11012 11107 11050 10978 
4 10252 10289 10377 10230 
4 10230 10377 10360 10244 
5 10222 10169 10230 10244 10360 
5 10135 10219 10233 10289 10252 
4 10252 10230 10157 10135 
5 10112 10135 10157 10230 10169 
4 10289 10233 10219 10374 
6 10495 10374 10483 10579 10532 10398 
4 10289 10374 10495 10398 
4 10663 10532 10579 10747 
4 10398 10532 10663 10510 
5 10360 10510 10663 10872 10486 
5 10398 10510 10360 10377 10289 
4 10984 10922 10791 10967 
5 10922 10984 11060 11123 10966 
4 10922 10782 10770 10791 
4 11123 11089 10977 10966 
4 10782 10922 10966 10977 
5 11089 11123 11177 11225 11133 
5 11177 11123 11187 11198 11185 
6 11177 11185 11198 11390 11337 11225 
4 11225 11188 11057 11133 
4 11133 11057 11035 11089 
4 11035 10915 10977 11089 
4 10578 10469 10503 10589 
4 10791 10770 10578 10589 
4 10578 10770 10673 10469 
5 10673 10770 10782 10725 10579 
4 10579 10725 10915 10796 
4 10977 10915 10725 10782 
4 10541 10673 10579 10483 
4 10340 10469 10673 10541 
4 10374 10340 10541 10483 
4 10198 10075 10295 10340 
5 10198 10340 10374 10219 10179 
4 10340 10295 10378 10469 
4 10503 10469 10378 10295 
4 9942 10066 10012 9887 
5 10139 10012 10066 10091 10138 
5 10169 10222 10139 10138 10091 
4 10402 10266 10139 10282 
4 10222 10360 10282 10139 
4 10282 10360 10486 10422 
4 10486 10872 10802 10574 
4 10402 10468 10574 10498 
4 10574 10802 10651 10498 
4 10437 10402 10282 10422 
4 10449 10468 10402 10437 
5 10437 10422 10486 10479 10449 
5 10479 10486 10574 10468 10449 
5 10266 10402 10498 10338 10269 
4 10069 10012 10139 10266 
5 10266 10269 10123 10065 10069 
5 10066 10022 10112 10169 10091 
5 10236 10065 10123 10269 10338 
4 10329 10174 10141 10236 
4 10031 10065 10236 10141 
4 10236 10338 10390 10329 
4 10514 10390 10338 10498 
4 10430 10390 10514 10531 
5 10531 10773 10910 10940 10730 
6 10913 10972 11053 10910 10773 10886 
3 10886 10972 10913 
6 10842 10807 10855 10896 10972 10886 
5 11124 11053 10972 10896 11156 
4 11156 10896 10855 11041 
5 10802 10807 10842 10709 10651 
4 10728 10842 10886 10656 
5 10651 10709 10842 10728 10656 
4 10514 10498 10651 10656 
5 10531 10514 10656 10622 10773 
4 10622 10656 10886 10773 
5 10857 11006 10855 10807 10802 
4 11135 10940 10910 11053 
4 11053 11124 11149 11135 
4 11041 10855 11006 11136 
4 11006 10942 11107 11136 
5 10857 10802 10872 10942 11006 
5 11500 11589 11612 11425 11481 
5 11436 11589 11500 11481 11413 
5 11425 11312 11229 11413 11481 
4 10940 11135 11413 11229 
4 11413 11135 11381 11436 
4 11149 11259 11381 11135 
5 11392 11589 11436 11381 11259 
4 11314 11375 11392 11259 
5 11255 11243 11256 11314 11259 
5 11214 11375 11314 11256 11243 
4 11214 11240 11417 11375 
4 11589 11392 11375 11639 
5 11375 11498 11627 11673 11639 
5 11189 11243 11255 11259 11149 
3 11124 11189 11149 
5 11189 11124 11156 11214 11243 
4 11181 11175 11250 11240 
5 11175 11181 11240 11214 11156 
4 11175 11156 11041 11136 
4 11175 11136 11159 11250 
4 11418 11417 11240 11345 
4 11273 11250 11159 11277 
5 11240 11250 11273 11277 11345 
5 11345 11277 11298 11449 11418 
5 11159 11136 11107 11298 11277 
4 11107 11353 11449 11298 
5 11574 11449 11597 11738 11627 
4 11417 11418 11498 11375 
5 11449 11574 11627 11498 11418 
5 11458 11676 11738 11597 11449 
4 11676 11706 11725 11738 
5 11458 11490 11649 11706 11676 
5 11353 11386 11490 11458 11449 
4 11770 11613 11660 11762 
4 11649 11613 11770 11833 
5 11706 11649 11833 11888 11725 
4 11930 11770 11762 11838 
4 11888 11873 11930 11947 
5 11770 11930 11873 11888 11833 
5 11660 11650 11493 11672 11762 
5 11672 11752 11804 11838 11762 
5 11892 11838 11804 11752 11845 
4 11493 11623 11752 11672 
4 11752 11623 11705 11845 
5 11705 11623 11493 11390 11638 
5 11347 11493 11388 11384 11188 
4 11107 11012 11326 11353 
5 11326 11012 11057 11188 11384 
5 11337 11390 11493 11347 11336 
3 11225 11337 11336 
4 11225 11336 11347 11188 
4 11388 11493 11501 11506 
5 11581 11650 11660 11613 11506 
5 11501 11493 11650 11581 11506 
4 11326 11384 11386 11353 
5 11386 11384 11388 11506 11490 
4 11490 11506 11613 11649 
4 12393 12305 12295 12429 
5 12312 12322 12388 12429 12295 
5 12241 12297 12312 12295 12232 
5 12116 11892 12135 12241 12232 
4 12241 12135 12253 12297 
4 11892 12003 12253 12135 
5 12367 12404 12486 12425 12318 
5 12562 12441 12425 12486 12673 
6 12673 12486 12404 12393 12429 12650 
5 12393 12404 12367 12318 12305 
5 12189 12232 12234 12305 12318 
4 12295 12305 12234 12232 
5 12322 12312 12297 12351 12388 
4 12388 12351 12403 12539 
4 12650 12429 12388 12539 
5 12349 12253 12310 12412 12403 
5 12297 12253 12349 12309 12351 
4 12351 12309 12349 12403 
5 12403 12600 12788 12625 12668 
5 12403 12668 12625 12584 12539 
4 12412 12499 12600 12403 
4 12625 12788 12896 12826 
5 12826 12896 12921 12958 12836 
5 12836 12673 12682 12625 12826 
6 12650 12539 12584 12625 12682 12673 
5 13133 13168 13141 13096 13098 
5 13157 13096 13141 13168 13371 
4 13133 13311 13371 13168 
5 13017 13096 13157 13011 12995 
5 13017 12995 12894 13043 13096 
4 12780 12894 12995 12882 
4 12751 12569 12780 12882 
4 13046 13011 13157 13209 
6 12882 12995 13011 13046 13007 13001 
5 13001 13007 13046 13209 12944 
5 12831 12751 12882 13001 12944 
5 13048 13063 13171 13311 13133 
5 12978 12958 13171 13063 13048 
5 13043 12978 13048 13133 13052 
5 13052 13133 13098 13096 13043 
5 12441 12562 12714 12762 12665 
5 12687 12665 12762 12894 12780 
4 12762 12978 13043 12894 
5 12762 12749 12827 12958 12978 
5 12749 12790 12836 12958 12827 
4 12673 12836 12790 12562 
5 12562 12790 12749 12762 12714 
5 12569 12595 12594 12687 12780 
5 12523 12665 12687 12594 12595 
5 12569 12434 12426 12527 12595 
5 12426 12411 12523 12595 12527 
5 12181 12436 12523 12411 12301 
5 12301 12411 12426 12434 12361 
4 12361 12434 12325 12301 
4 12181 12301 12169 12064 
4 12073 12064 12169 12146 
5 12146 12169 12301 12190 12222 
4 12190 12301 12325 12222 
5 11831 11920 11941 12064 11939 
4 11920 11831 11842 11860 
5 11673 11627 11860 11842 11831 
5 12031 11939 12064 12073 12146 
4 12118 12031 12146 12222 
4 11958 11939 12031 12118 
4 11887 11958 11850 11818 
5 11887 11910 11831 11939 11958 
5 11818 11849 11831 11910 11887 
5 11831 11849 11765 11749 11673 
5 11673 11749 11765 11589 11639 
4 11612 11589 11765 11850 
4 11818 11850 11765 11849 
4 11725 11888 11854 11816 
5 11816 11854 11888 11926 11937 
5 11888 11947 12037 11937 11926 
4 11920 11860 11928 11944 
5 11738 11725 11816 11860 11627 
4 11816 11937 11928 11860 
5 12105 11944 11928 12092 12147 
5 11944 12105 12064 11941 11920 
5 12105 12167 12248 12181 12064 
4 12037 12170 12147 12092 
4 12037 12092 11928 11937 
5 12037 12208 12302 12195 12170 
5 12147 12170 12195 12167 12105 
4 12189 12318 12208 12037 
4 12089 12189 12037 11969 
5 12100 12116 12232 12189 12089 
6 11892 12116 12100 11980 11930 11838 
5 11930 11980 11969 12037 11947 
4 12100 12089 11969 11980 
4 12433 12441 12665 12523 
5 12433 12248 12167 12247 12302 
5 12436 12181 12248 12433 12523 
4 12425 12441 12433 12302 
4 12208 12318 12425 12302 
4 12195 12302 12247 12167 
5 11637 11690 11753 11809 11732 
5 11558 11545 11636 11690 11519 
5 11690 11636 11851 11809 11753 
4 11568 11519 11690 11637 
5 11638 11377 11568 11637 11732 
5 12029 11845 11783 12010 12084 
4 12029 12084 12253 12003 
4 11845 12029 12003 11892 
4 11983 12022 11973 11917 
5 11917 11973 12022 11809 11851 
5 11705 11638 11732 11783 11845 
5 12010 11783 11732 11809 12022 
5 11668 11750 11802 11691 11610 
5 11636 11545 11502 11610 11691 
4 11691 11802 11851 11636 
4 11901 11917 11851 11802 
5 11668 12047 11959 11802 11750 
4 11901 11802 11959 11986 
4 11917 11901 11986 12040 
4 11917 12040 11994 11983 
5 12165 12022 11983 11994 12040 
4 12080 12286 12149 12076 
4 12149 12286 12265 12040 
4 12076 11959 12047 12080 
5 12076 12149 12040 11986 11959 
5 12084 12010 12131 12285 12253 
5 12285 12127 12178 12277 12319 
5 12010 12022 12127 12285 12131 
5 12178 12127 12179 12262 12277 
5 12179 12127 12022 12165 12262 
4 12666 12600 12499 12534 
5 12458 12534 12499 12398 12371 
4 12319 12277 12451 12371 
4 12359 12398 12499 12412 
5 12285 12359 12412 12310 12253 
5 12398 12359 12285 12319 12371 
4 12506 12637 12702 12759 
5 12466 12506 12759 12660 12483 
5 12466 12483 12660 12629 12451 
4 12277 12262 12466 12451 
5 12371 12451 12629 12534 12458 
4 12506 12466 12262 12283 
5 12226 12040 12265 12283 12262 
4 12226 12262 12165 12040 
5 12283 12478 12524 12498 12506 
5 12637 12506 12498 12524 12571 
5 12265 12286 12492 12478 12283 
4 12492 12571 12524 12478 
3 13364 13410 13408 
4 13408 13467 13365 13319 
4 13313 13364 13408 13319 
4 13319 13365 13309 13231 
4 13389 13467 13492 13477 
4 13467 13389 13309 13365 
4 13238 13182 13021 13199 
4 13291 13182 13238 13411 
4 13346 13411 13238 13199 
4 13247 13381 13346 13199 
5 13346 13381 13477 13415 13523 
5 13247 13309 13389 13477 13381 
5 13200 13216 13231 13309 13247 
4 13061 12866 13009 13104 
5 12903 12838 13074 12961 12866 
5 12961 13074 13104 13009 12866 
4 12759 12866 13061 12869 
5 12759 12702 12838 12733 12866 
4 12733 12838 12903 12866 
4 12869 13061 13044 12951 
4 13044 13061 13216 13200 
4 13044 13200 13069 12951 
4 13233 13313 13319 13264 
5 13231 13224 13233 13264 13319 
5 13216 13061 13104 13224 13231 
4 13224 13104 13074 13233 
5 12629 12660 12724 12792 12741 
4 12629 12741 12680 12534 
5 12741 12792 12807 12920 12794 
6 12815 12666 12534 12680 12806 12920 
5 12741 12794 12920 12806 12680 
4 12759 12869 12951 12723 
5 12724 12723 12951 12867 12792 
4 12759 12723 12724 12660 
5 12792 12867 12969 12920 12807 
4 12867 12951 13069 12969 
5 13069 13119 13199 13021 12969 
5 13199 13119 13069 13200 13247 
4 13182 13291 13164 13117 
5 13057 13083 13134 12987 12913 
5 13083 13057 13117 13164 13134 
4 12969 13021 13182 13091 
5 12920 12969 13091 13057 12913 
4 13091 13182 13117 13057 
4 12788 12600 12666 12815 
5 12815 12920 12913 12822 12788 
4 12913 12896 12788 12822 
4 12970 13037 12921 12896 
5 12987 13037 12970 12896 12913 
5 13037 12987 13134 13164 13213 
5 12958 12921 13037 13110 13171 
4 12634 12619 12771 12684 
6 12648 12634 12684 12771 12809 12746 
5 12746 12781 12821 12694 12648 
5 12440 12448 12648 12694 12432 
4 12648 12448 12497 12634 
4 12497 12573 12619 12634 
5 12193 12274 12432 12463 12323 
4 12440 12432 12274 12303 
4 12274 12193 12180 12303 
5 12463 12432 12694 12700 12708 
5 12491 12463 12708 12528 12330 
4 12323 12463 12491 12330 
4 12256 12275 12497 12448 
5 12275 12218 12337 12573 12497 
4 12186 12218 12275 12256 
4 12440 12303 12256 12448 
5 12098 11945 12124 12186 12133 
5 12180 12133 12186 12256 12303 
5 11827 11850 11958 12118 11927 
5 11927 12118 12130 12074 11997 
5 11827 11927 11997 12074 11945 
5 12124 11945 12074 12218 12186 
4 12074 12130 12200 12218 
6 12563 12627 12655 12670 12803 12580 
4 12803 12670 12655 12813 
4 12957 12803 12813 12944 
4 12751 12831 12818 12655 
5 12813 12655 12818 12831 12944 
6 12771 12699 12580 12745 12908 12768 
4 12745 12580 12803 12908 
5 12573 12337 12633 12608 12619 
5 12619 12608 12633 12699 12771 
5 12580 12699 12633 12337 12610 
5 12427 12563 12580 12610 12337 
5 12569 12751 12655 12514 12434 
4 12514 12365 12325 12434 
4 12514 12655 12540 12365 
4 12655 12627 12588 12540 
5 12588 12627 12563 12541 12540 
5 12130 12118 12222 12257 12200 
4 12200 12257 12238 12218 
5 12238 12257 12427 12337 12218 
4 12222 12325 12365 12332 
5 12445 12257 12222 12332 12365 
4 12445 12365 12540 12541 
5 12257 12445 12541 12563 12427 
5 12069 12144 12279 12101 11970 
4 12156 11989 12101 12279 
5 12081 11989 12156 12242 12121 
5 12156 12279 12300 12431 12242 
5 12330 12528 12431 12300 12279 
5 12069 12106 12153 12281 12144 
5 12106 12193 12323 12281 12153 
5 12330 12279 12144 12281 12323 
4 12106 12014 12180 12193 
4 11970 12014 12106 12069 
5 11744 11835 11915 11794 11759 
5 11915 12180 12014 11970 11794 
5 11970 11755 11635 11658 11742 
4 11755 11970 12101 11989 
5 11635 11755 11989 11798 11743 
4 11970 11742 11756 11794 
5 11744 11759 11794 11756 11563 
4 11658 11563 11756 11742 
4 11658 11487 11489 11563 
4 11541 11494 11487 11658 
6 11541 11658 11635 11743 11600 11494 
5 11489 11434 11516 11374 11563 
5 11261 11374 11516 11434 11410 
5 11494 11362 11261 11410 11487 
4 11434 11489 11487 11410 
4 10960 10975 11319 11295 
5 11295 11361 11374 11261 10960 
4 11319 11351 11361 11295 
4 11374 11361 11456 11563 
4 11319 11456 11361 11351 
5 11319 11338 11430 11488 11456 
5 11319 11289 11313 11430 11338 
5 11313 11318 11312 11354 11430 
5 11318 11313 11289 11286 11312 
5 11354 11312 11441 11554 11461 
5 11430 11354 11461 11554 11488 
4 11827 11554 11612 11850 
5 11441 11312 11425 11612 11554 
5 11835 11744 11820 11862 11915 
4 11726 11744 11681 11733 
4 11820 11744 11726 11733 
5 11955 12098 12133 12180 11915 
5 11820 11733 11955 11915 11862 
4 11945 12098 11955 11733 
4 11662 11488 11554 11827 
5 11719 11733 11702 11662 11827 
4 11945 11733 11719 11827 
5 11662 11702 11733 11657 11595 
5 11456 11488 11662 11595 11657 
4 11563 11456 11681 11744 
4 11657 11733 11681 11456 
4 11045 10865 10712 10925 
4 10879 10814 10712 10865 
5 10879 10865 11045 10840 10814 
5 10621 10655 10814 10840 10854 
4 10925 10712 10754 11058 
5 10968 10960 11261 11058 10754 
5 11269 11067 11058 11261 11362 
4 10925 11079 11191 11045 
6 11058 11067 11269 11191 11079 10925 
5 11254 11238 11191 11269 11368 
5 11389 11238 11254 11368 11459 
4 11459 11368 11494 11600 
4 11362 11494 11368 11269 
4 11419 11302 11357 11432 
4 11302 11158 11279 11357 
5 11162 11276 11432 11357 11279 
4 11023 11099 11279 11158 
5 10929 10995 11016 11099 11023 
5 10995 11162 11279 11099 11016 
4 11154 11045 11191 11238 
5 10840 10995 10929 10887 10854 
4 10840 11045 11154 10995 
4 11350 11365 11432 11276 
5 11350 11276 11162 11179 11365 
4 11179 11162 10995 11154 
5 11179 11154 11238 11389 11365 
5 11622 11810 11780 11900 11786 
5 11832 12041 11900 11780 11810 
5 11786 11900 12041 11956 12019 
5 11622 11786 11728 11730 11651 
5 11730 11728 11786 12019 11961 
5 11654 11651 11730 11961 11841 
4 11432 11571 11517 11419 
4 11432 11665 11832 11571 
4 11622 11571 11832 11810 
4 12041 11832 11999 12201 
5 11665 11791 11875 11999 11832 
5 11999 12083 12121 12242 12201 
6 11797 11867 12083 11999 11875 11791 
6 11791 11665 11713 11729 11867 11797 
5 11867 11729 11713 11856 12083 
5 11989 12081 12121 12083 11913 
5 12083 11856 11798 11989 11913 
5 11569 11644 11713 11665 11591 
4 11569 11591 11389 11459 
5 11432 11365 11389 11591 11665 
5 11569 11459 11600 11743 11701 
5 11701 11743 11798 11856 11713 
4 11644 11569 11701 11713 
4 10505 10529 10515 10375 
5 10515 10529 10660 10705 10647 
4 10529 10505 10559 10660 
5 10705 10750 10765 10691 10647 
5 10838 10875 10801 10765 10750 
4 10838 10750 10705 10660 
4 10875 10838 10888 11072 
4 10657 10888 10838 10660 
4 10641 10657 10660 10559 
4 10664 10414 10621 10854 
6 10559 10505 10414 10664 10657 10641 
6 10887 10929 10888 10657 10859 10854 
4 10657 10664 10854 10859 
5 11200 11182 11158 11302 11296 
4 11023 11158 11182 11072 
4 10888 10929 11023 11072 
6 11072 11144 11231 11157 11178 11128 
5 11296 11178 11157 11231 11200 
5 11144 11072 11182 11200 11231 
5 10751 10647 10691 10765 10881 
5 10881 10883 10875 11072 11128 
5 10875 10883 10881 10765 10801 
6 11040 10982 10881 11128 11178 11122 
5 11040 11122 11178 11168 11160 
5 10982 11040 11160 11043 11021 
4 11021 10751 10881 10982 
4 11221 11174 11043 11160 
5 11166 11174 11192 11161 11055 
5 11043 11174 11166 11055 11021 
4 11343 11192 11174 11221 
6 11192 11343 11440 11454 11533 11428 
5 11533 11454 11596 11607 11511 
5 11427 11523 11454 11440 11343 
6 11564 11454 11523 11651 11654 11585 
5 11564 11585 11654 11596 11454 
5 11596 11654 11841 11714 11607 
4 11607 11714 11736 11692 
4 11160 11168 11282 11221 
5 11168 11178 11296 11340 11282 
5 11282 11340 11505 11523 11427 
4 11221 11282 11427 11343 
5 11517 11571 11622 11551 11537 
4 11601 11551 11622 11651 
5 11651 11523 11505 11551 11601 
4 11296 11382 11466 11340 
5 11466 11382 11551 11505 11340 
5 11419 11517 11537 11551 11382 
4 11296 11302 11419 11382 
5 10388 10383 10473 10507 10502 
4 10267 10239 10388 10502 
4 10383 10388 10239 10277 
4 10170 10277 10239 10137 
4 10188 10407 10384 10275 
5 10170 10188 10275 10384 10277 
4 10686 10685 10746 10762 
5 10686 10508 10384 10490 10685 
5 10407 10477 10685 10490 10384 
4 10473 10508 10561 10544 
5 10561 10508 10686 10762 10544 
5 10384 10508 10473 10383 10277 
5 10473 10544 10543 10502 10507 
5 10687 10684 10864 11011 10893 
4 10343 10314 10543 10599 
4 10684 10687 10599 10543 
4 10874 10864 10722 10788 
4 10684 10543 10722 10864 
5 10543 10544 10762 10788 10722 
5 10239 10267 10234 10207 10137 
5 10502 10543 10314 10234 10267 
5 10283 10207 10234 10314 10343 
4 10196 10190 10132 10207 
5 10206 10115 10132 10190 10196 
4 10196 10207 10283 10303 
5 10206 10196 10303 10283 10343 
4 11283 11290 11359 11367 
5 11395 11465 11567 11359 11316 
6 11468 11367 11359 11567 11491 11671 
5 11260 11283 11011 10864 11097 
5 11290 11283 11260 11316 11359 
4 11131 11316 11260 11097 
4 10912 11087 11017 11027 
5 10864 10874 11017 11026 11097 
5 11087 11131 11097 11026 11017 
4 10810 10912 11027 10954 
5 10762 10746 10912 10810 10788 
5 11017 10895 10810 10954 11027 
5 10788 10810 10895 11017 10874 
5 11087 10912 11194 11234 11131 
4 11234 11194 11352 11395 
4 11234 11395 11316 11131 
4 11556 11686 11567 11465 
5 11395 11352 11403 11556 11465 
5 11607 11692 11868 11645 11524 
4 11556 11403 11524 11583 
5 11645 11686 11556 11583 11524 
5 11428 11533 11511 11607 11451 
4 11352 11194 11428 11451 
5 11352 11451 11607 11484 11403 
4 11607 11524 11403 11484 
4 11095 11083 11005 11038 
4 10973 10961 11038 11005 
5 11038 10961 11018 11081 11095 
5 11018 11021 11055 11161 11081 
5 11428 11194 11083 11095 11192 
4 11081 11161 11192 11095 
4 10477 10700 10749 10685 
4 10749 10700 10811 10793 
4 10749 10793 10746 10685 
4 10793 10973 11005 10992 
4 10793 10811 10961 10973 
5 10992 11005 11083 11194 10912 
4 10912 10746 10793 10992 
5 10482 10375 10515 10647 10573 
6 10393 10475 10278 10274 10316 10187 
5 10482 10573 10475 10393 10375 
5 10640 10573 10647 10751 10758 
5 10461 10475 10573 10640 10590 
6 10811 10700 10535 10546 10679 10689 
5 10546 10590 10677 10689 10679 
5 10535 10464 10461 10590 10546 
5 10677 10590 10640 10758 10689 
5 10961 10811 10689 10758 11018 
4 11021 11018 10758 10751 
4 9930 9953 10087 9986 
5 9888 9819 9953 9930 9986 
4 9928 9997 9953 9819 
4 9997 9928 9994 10124 
5 9997 10124 10278 10087 9953 
4 10187 10106 10375 10393 
5 10004 10106 10187 10133 10168 
5 10168 10133 10187 10316 10265 
6 10200 10265 10316 10274 10278 10124 
4 10168 9994 9928 10004 
5 10200 10124 9994 10168 10265 
4 9893 9986 10110 10054 
4 9888 9986 9893 9902 
4 9902 9893 9861 9888 
5 10278 10475 10461 10464 10408 
4 10248 10087 10278 10408 
4 10087 10248 10110 9986 
4 10188 10202 10373 10407 
4 10110 10279 10373 10202 
4 10188 10054 10110 10202 
5 10477 10407 10373 10535 10700 
4 10373 10279 10415 10535 
4 10279 10110 10248 10415 
5 10408 10464 10535 10415 10248 
5 9449 9409 9566 9587 9641 
5 9650 9566 9409 9488 9593 
4 9650 9738 9677 9566 
4 9907 9780 9677 9738 
4 9566 9677 9780 9587 
4 9641 9587 9780 9754 
4 9959 9907 10054 10188 
4 9738 9788 9893 9865 
5 9865 9893 10054 9907 9738 
4 9907 9959 9960 9780 
5 9780 9960 9959 10188 10008 
4 9780 10008 10020 9754 
4 10020 10008 10188 10085 
5 9441 9391 9701 9651 9559 
5 10004 9928 9701 9746 9833 
4 9667 9701 9928 9819 
5 9441 9365 9319 9292 9391 
4 9456 9469 9319 9365 
4 9365 9441 9559 9456 
4 9788 9732 9861 9893 
4 9589 9667 9776 9732 
6 9667 9819 9888 9861 9732 9776 
7 9651 9701 9667 9589 9732 9572 9559 
4 9572 9469 9456 9559 
5 9593 9732 9788 9738 9650 
4 9469 9572 9732 9593 
4 9473 9400 9449 9641 
4 9400 9337 9409 9449 
5 9337 9400 9473 9380 9331 
5 9305 9331 9380 9420 9407 
5 9380 9473 9458 9497 9420 
4 9473 9641 9497 9458 
4 9923 9752 10020 10007 
4 9752 9641 9754 10020 
5 9617 9497 9641 9752 9689 
4 9407 9420 9497 9503 
6 9435 9503 9497 9617 9447 9398 
5 9407 9503 9435 9398 9305 
6 9734 9839 9923 10132 10115 9789 
5 9923 9839 9734 9689 9752 
4 10170 10020 10085 10188 
4 10020 10170 10137 10007 
5 10007 10137 10207 10132 9923 
6 9553 9697 9758 9770 10115 9757 
5 9758 9760 9789 10115 9770 
5 9697 9734 9789 9760 9758 
4 9398 9554 9553 9311 
5 9447 9617 9689 9554 9398 
5 9697 9553 9554 9689 9734 
5 9082 9088 8942 9022 9161 
4 9161 9104 9331 9305 
5 8903 9104 9161 9022 8942 
4 9262 9161 9305 9398 
6 9198 9088 9212 9262 9398 9311 
5 9082 9161 9262 9212 9088 
4 8762 8903 8727 8618 
5 8839 8621 8611 8727 8843 
5 8903 8942 8839 8843 8727 
4 8839 8942 9088 8982 
5 8621 8839 8982 9013 8791 
5 9198 9138 9013 8982 9088 
4 9233 9409 9337 9279 
4 9233 9101 9237 9409 
5 9101 9233 9279 9178 9213 
5 9104 9116 9213 9178 9331 
4 9178 9279 9337 9331 
4 9116 8971 9101 9213 
5 8762 8787 8908 8893 8903 
5 8893 8971 9116 9104 8903 
5 9044 9080 9237 9101 9049 
5 8945 9031 9080 9044 9049 
5 8908 8787 8935 8971 8893 
6 8935 8787 8945 9049 9101 8971 
4 8502 8618 8399 8452 
5 8549 8694 8945 8787 8502 
4 8618 8502 8787 8762 
5 8460 8326 8522 8532 8549 
6 8399 8329 8139 8326 8460 8452 
4 8452 8460 8549 8502 
5 8690 8522 8566 8701 8795 
5 8854 8967 8883 9031 8795 
5 8701 8841 8967 8854 8795 
5 8795 9031 8945 8694 8700 
6 8522 8690 8660 8694 8549 8532 
5 8694 8660 8690 8795 8700 
3 8956 8967 8841 
5 8956 9123 9011 8883 8967 
5 9122 9011 9123 9148 9253 
4 9080 9122 9253 9237 
4 8883 9011 9122 9047 
5 9031 8883 9047 9122 9080 
4 9319 9253 9148 9123 
4 9253 9319 9469 9353 
5 9253 9353 9459 9347 9237 
4 9409 9237 9347 9488 
4 9488 9347 9459 9593 
4 9459 9353 9469 9593 
5 7966 7907 8031 8186 8097 
4 7830 7808 7907 7966 
4 7830 7966 8086 7848 
4 7966 8097 8231 8086 
5 8253 8059 7848 8086 8231 
5 8330 8273 8389 8374 8365 
4 8253 8231 8330 8365 
5 8097 8186 8273 8330 8231 
5 8429 8365 8554 8641 8477 
5 8554 8365 8374 8609 8686 
5 8034 7848 8059 8253 8224 
4 8224 8253 8365 8312 
5 8503 8268 8205 8235 8477 
4 8049 8268 8107 7950 
5 7987 7917 8022 8116 8049 
4 8049 8116 8205 8268 
5 8116 8022 8220 8235 8205 
4 7864 7818 7924 7917 
4 7818 7848 8034 7924 
4 7924 8034 8022 7917 
5 8365 8429 8373 8284 8312 
5 8284 8373 8429 8477 8235 
6 8275 8220 8022 8034 8224 8312 
5 8275 8312 8284 8235 8220 
4 8609 8746 8754 8686 
5 8554 8686 8766 8755 8641 
5 8755 8766 8919 8976 8750 
4 8755 8750 8633 8641 
4 8633 8750 8956 8841 
4 8346 8326 8107 8268 
4 8522 8326 8346 8516 
4 8346 8268 8503 8516 
4 8523 8503 8477 8641 
4 8503 8523 8641 8633 
5 8516 8503 8633 8566 8522 
4 8701 8566 8633 8841 
6 8956 8750 8976 9000 9046 8994 
5 8994 9046 9292 9065 8956 
5 9123 8956 9065 9292 9319 
5 9000 8976 8919 8766 8951 
4 8951 9089 9046 9000 
5 9046 9089 9197 9246 9292 
4 8766 8686 8754 8864 
5 8864 8980 9089 8932 8766 
4 8951 8766 8932 9089 
4 9089 9126 9170 9197 
5 8864 8986 9126 9089 8980 
4 8986 8864 8833 8966 
5 8986 8966 9038 9008 9126 
4 7465 7561 7480 7369 
4 7551 7439 7480 7637 
5 7363 7369 7480 7439 7335 
4 7480 7561 7668 7639 
4 7698 7684 7639 7668 
5 7639 7684 7737 7637 7480 
4 7981 7867 7963 8095 
5 7743 7718 7842 7963 7867 
5 8018 7751 7743 7867 7981 
4 7842 7718 7737 7840 
4 7684 7698 7840 7737 
4 7718 7551 7637 7737 
4 7907 7808 7829 8071 
4 7808 7662 7814 7829 
5 7829 7814 7662 7751 8018 
4 8018 8128 8071 7829 
5 8018 7981 8070 8156 8128 
5 8156 8070 7981 8095 8294 
5 8031 8159 8203 8260 8186 
5 8159 8071 8128 8240 8203 
4 7907 8071 8159 8031 
4 8240 8319 8348 8203 
4 8240 8128 8156 8319 
4 8387 8260 8203 8348 
5 8186 8260 8387 8389 8273 
4 8441 8638 8723 8632 
4 9001 8804 8632 8793 
5 8723 8831 9001 8793 8632 
5 8638 8757 8899 8831 8723 
4 8790 8899 8757 8638 
5 8638 8572 8909 8899 8790 
4 8572 8638 8426 8455 
4 8355 8426 8638 8441 
4 8319 8156 8355 8441 
5 8294 8328 8426 8355 8156 
5 8385 8455 8426 8328 8294 
5 8095 8291 8455 8385 8294 
4 8746 8833 8864 8754 
4 8833 8743 8804 8905 
4 8905 8804 9001 9038 
4 8833 8905 9038 8966 
6 8368 8578 8597 8387 8348 8319 
4 8578 8453 8441 8632 
5 8368 8319 8441 8453 8578 
6 8389 8387 8672 8746 8609 8374 
4 8746 8672 8743 8833 
5 8387 8597 8630 8743 8672 
6 8743 8630 8597 8578 8632 8804 
4 7812 7833 8015 7852 
5 7840 7911 8023 7963 7842 
4 7911 7852 8015 8023 
5 7682 7704 7833 7812 7668 
5 7851 7812 7852 7911 7840 
5 7812 7851 7840 7698 7668 
4 7570 7602 7682 7668 
4 7682 7602 7671 7704 
5 7629 7834 7704 7671 7602 
5 7561 7536 7602 7570 7668 
4 7383 7536 7561 7465 
4 7595 7383 7370 7622 
6 7602 7536 7383 7595 7622 7629 
5 8417 8425 8658 8459 8390 
4 8417 8390 8302 8255 
4 8413 8302 8390 8459 
5 8459 8658 8656 8643 8413 
4 8572 8455 8413 8643 
5 8325 8302 8413 8455 8291 
4 7946 8108 8255 8230 
5 8015 7846 7834 7946 8230 
5 7833 7704 7834 7846 8015 
5 8023 8015 8045 8095 7963 
5 8045 8015 8225 8291 8095 
5 8230 8325 8291 8225 8015 
4 8230 8255 8302 8325 
5 7756 7764 7825 7729 7609 
4 7891 7785 7819 7825 
5 7785 7680 7729 7825 7819 
4 7891 7825 7933 7977 
4 7785 7891 8042 7936 
4 8184 8042 7891 7977 
4 7588 7463 7609 7729 
5 7402 7463 7588 7468 7461 
5 7468 7588 7729 7680 7543 
5 7622 7543 7747 7736 7629 
4 7468 7543 7622 7370 
5 7747 7785 7936 7904 7736 
4 7747 7543 7680 7785 
4 8277 8395 8430 8400 
5 8658 8425 8417 8469 8561 
5 8469 8417 8400 8430 8561 
5 8074 8131 8277 8400 8210 
4 8108 8074 8210 8255 
4 8400 8417 8255 8210 
5 7946 7904 7936 8074 8108 
5 7736 7904 7946 7834 7629 
5 8277 8131 8057 8138 8163 
5 8042 8057 8131 8074 7936 
4 8105 8042 8184 8163 
5 8138 8057 8042 8105 8163 
4 8430 8395 8474 8561 
5 8561 8474 8634 8644 8671 
5 8671 8644 8719 8857 8561 
4 8987 8890 8861 8855 
4 8634 8855 8719 8644 
4 8719 8855 8861 8857 
4 8996 8948 8997 9027 
5 8857 8861 8890 8948 8996 
5 8997 8987 9136 9087 9027 
4 8987 8997 8948 8890 
4 9087 9136 9193 9182 
5 9087 9182 9183 8996 9027 
5 8742 8753 8708 8658 8561 
4 8916 8753 8742 8851 
4 8561 8857 8851 8742 
5 8916 8851 8925 9183 9070 
4 8996 8947 8851 8857 
5 8851 8947 8996 9183 8925 
4 8914 8889 8968 9024 
4 8968 8916 9070 9024 
4 8753 8916 8968 8889 
5 8643 8736 8914 8909 8572 
5 8889 8914 8736 8776 8753 
4 8736 8708 8753 8776 
5 8643 8656 8658 8708 8736 
6 8215 8246 8173 8149 8185 8247 
4 8212 8149 8173 8258 
4 8246 8352 8258 8173 
6 8212 8258 8163 8184 7977 8002 
4 8149 7933 8043 8185 
5 8212 8002 7977 7933 8149 
4 8247 8207 8428 8366 
5 7976 8207 8247 8185 8142 
4 8142 8185 8043 7976 
4 8347 8247 8366 8454 
4 8454 8366 8428 8569 
5 8347 8454 8442 8408 8352 
5 8247 8347 8352 8246 8215 
5 8418 8408 8546 8474 8395 
4 8418 8258 8352 8408 
5 8418 8395 8277 8163 8258 
4 8546 8408 8442 8676 
5 8676 8442 8454 8569 8636 
5 8636 8780 8892 8836 8676 
5 8836 8892 9050 9026 8904 
5 8836 8904 9026 8882 8677 
4 8882 9026 8987 8855 
6 8634 8474 8546 8676 8836 8677 
4 8634 8677 8882 8855 
4 8914 9024 9143 9039 
6 8909 8914 9039 9143 9043 8899 
4 9225 9043 9143 9280 
5 9143 9024 9131 9223 9280 
5 9131 9175 9245 9280 9223 
4 9183 9328 9210 9070 
4 9131 9024 9070 9210 
4 9245 9175 9131 9210 
4 9210 9328 9359 9342 
5 9342 9359 9328 9445 9362 
4 9280 9245 9314 9362 
5 9362 9314 9245 9210 9342 
4 9644 9884 9756 9664 
5 9884 9897 9935 9916 9756 
6 9644 9656 9915 9935 9897 9884 
4 9468 9496 9316 9329 
5 9329 9362 9445 9644 9468 
4 9468 9644 9664 9496 
5 9226 9181 9091 9071 9225 
4 9071 8899 9043 9225 
4 8831 8899 9071 9091 
5 9267 9316 9496 9563 9386 
5 9226 9267 9386 9224 9181 
4 9226 9225 9316 9267 
5 9362 9329 9316 9225 9280 
4 9746 9701 9639 9747 
4 9391 9332 9595 9701 
5 9481 9534 9612 9620 9595 
5 9595 9620 9747 9639 9701 
4 9762 9747 9620 9612 
3 9481 9462 9534 
5 9325 9481 9595 9332 9275 
5 9325 9275 9343 9462 9481 
5 9330 9386 9484 9462 9343 
4 9484 9612 9534 9462 
4 9563 9708 9612 9514 
5 9514 9612 9484 9386 9563 
4 9292 9246 9332 9391 
4 9197 9170 9251 9246 
4 9246 9251 9275 9332 
4 9126 9275 9251 9170 
4 9275 9229 9330 9343 
5 9126 9008 9038 9229 9275 
5 9038 9001 9105 9118 9229 
4 9118 9204 9330 9229 
5 9105 9209 9330 9204 9118 
4 9105 9001 9103 9209 
5 9330 9209 9103 9224 9386 
6 8831 9091 9108 9224 9103 9001 
4 9108 9091 9181 9224 
4 9798 9909 9980 9875 
6 10021 10090 10103 10062 9875 9980 
5 9909 9995 10090 10021 9980 
4 9721 9679 9909 9798 
5 9563 9496 9647 9679 9721 
5 9664 9690 9679 9647 9496 
5 10375 10057 10062 10185 10214 
5 10062 10103 10218 10214 10185 
4 10375 10263 10414 10505 
5 10214 10218 10286 10263 10375 
5 10286 10218 10103 10090 10315 
5 10286 10315 10353 10414 10263 
5 10106 10016 10062 10057 10375 
4 9806 9878 9831 9762 
5 10016 9833 9762 9831 9878 
4 9746 9747 9762 9833 
4 9833 10016 10106 10004 
5 9878 9860 9875 10062 10016 
4 9860 9878 9806 9750 
5 9750 9806 9762 9612 9708 
6 9791 9798 9875 9860 9849 9787 
6 9708 9791 9787 9849 9860 9750 
5 9708 9563 9721 9798 9791 
5 10337 10406 10411 10457 10396 
5 10457 10411 10406 10549 10553 
5 10512 10410 10298 10457 10553 
4 10712 10814 10655 10512 
4 10712 10512 10553 10635 
5 10553 10549 10754 10712 10635 
4 10512 10443 10404 10410 
4 10298 10410 10404 10351 
5 10259 10298 10351 10404 10399 
4 10550 10443 10512 10655 
4 10550 10655 10621 10414 
4 10414 10353 10443 10550 
6 10404 10443 10353 10315 10259 10399 
3 9690 9664 9756 
5 9690 9756 9799 9826 9679 
5 9909 9679 9826 9921 9995 
5 9840 9756 9916 9992 9921 
5 9756 9840 9921 9826 9799 
4 10070 10259 10315 10090 
4 9995 9921 10070 10090 
5 10199 10070 9921 9992 10164 
6 10199 10337 10396 10457 10298 10204 
5 10070 10199 10204 10298 10259 
4 9919 9869 9829 10005 
4 10068 10093 9919 10005 
5 10271 10093 10068 10098 10186 
5 10082 10174 10229 10271 10186 
5 10068 10005 10082 10186 10098 
5 9991 10141 10174 10082 10005 
4 9561 9544 9696 9642 
5 9869 9919 9872 9696 9829 
4 9872 9681 9642 9696 
5 10093 10271 10328 10145 10079 
4 9872 9919 10093 10079 
6 10079 10145 10159 10142 9914 10154 
4 9914 9872 10079 10154 
4 9533 9352 9561 9590 
5 9328 9183 9277 9352 9533 
4 9445 9328 9533 9633 
5 9533 9669 9681 9723 9633 
5 9626 9642 9681 9669 9533 
5 9561 9642 9626 9533 9590 
5 9713 9810 9945 9915 9656 
5 9656 9644 9445 9633 9713 
4 9723 9810 9713 9633 
4 9782 9810 9723 9681 
6 9872 9914 10142 9913 9782 9681 
6 9810 9782 9913 9863 9896 9945 
5 9945 9896 9863 9913 10142 
4 9726 9605 9580 9766 
5 9605 9483 9477 9498 9580 
5 9384 9498 9477 9483 9356 
5 9050 8892 9174 9219 9112 
5 9284 9112 9219 9264 9356 
5 9174 9384 9356 9264 9219 
5 10005 9829 9825 9726 9779 
4 9726 9766 9830 9779 
4 9830 9991 10005 9779 
4 9605 9726 9699 9676 
5 9699 9726 9825 9829 9676 
4 9696 9544 9676 9829 
4 9483 9605 9676 9544 
5 9193 9136 8987 9155 9200 
4 9200 9155 9294 9352 
5 9294 9360 9544 9561 9352 
6 9182 9193 9200 9352 9218 9183 
4 9218 9352 9277 9183 
4 9442 9356 9483 9544 
4 9295 9284 9356 9442 
5 9544 9360 9351 9295 9442 
6 9155 8987 9153 9295 9351 9301 
5 9155 9301 9351 9360 9294 
4 9153 9112 9284 9295 
5 8987 9026 9050 9112 9153 
4 10387 10329 10390 10430 
4 10174 10329 10387 10229 
5 10352 10328 10271 10229 10387 
6 10620 10617 10500 10557 10531 10730 
4 10387 10430 10531 10557 
5 10352 10387 10557 10500 10328 
4 10380 10676 10513 10291 
4 10620 10908 10799 10617 
5 10380 10500 10617 10799 10676 
5 10159 10322 10247 10291 10216 
4 10322 10380 10291 10247 
4 10322 10159 10145 10332 
6 10145 10328 10500 10380 10322 10332 
5 11092 11036 11120 11286 11289 
5 11120 11036 11229 11186 11286 
4 11186 11229 11312 11286 
5 10983 11048 11092 11289 11319 
5 10829 10970 10983 11319 10975 
5 11036 11092 11048 10983 10970 
4 10970 10829 10800 10799 
4 10777 10800 10829 10739 
5 10739 10676 10799 10800 10777 
4 11036 10970 10799 10908 
4 10908 10940 11229 11036 
4 10908 10620 10730 10940 
5 10164 10122 10256 10337 10199 
5 10044 10122 10164 9992 10088 
5 9916 9935 10044 10088 9992 
4 10167 10256 10122 10044 
4 10044 9935 10017 10167 
5 9915 9945 10167 10017 9935 
5 10167 10357 10406 10337 10256 
5 10342 10291 10513 10452 10367 
4 10342 10367 10452 10357 
5 10175 10142 10159 10216 10291 
4 10142 10175 10167 9945 
4 10237 10175 10291 10342 
5 10237 10342 10357 10167 10175 
4 10723 10721 10830 10727 
6 10523 10452 10513 10676 10721 10723 
4 10523 10723 10618 10452 
4 10739 10829 10975 10845 
5 10721 10676 10739 10845 10830 
4 10830 10845 10975 10960 
4 10960 10968 10868 10830 
5 10727 10830 10868 10818 10694 
5 10754 10694 10818 10868 10968 
5 10618 10552 10754 10549 10452 
4 10406 10357 10452 10549 
4 10552 10650 10694 10754 
6 10618 10723 10727 10694 10650 10552 
4 13433 13497 13407 13304 
4 13456 13563 13497 13433 
4 13714 13582 13497 13563 
4 13407 13497 13582 13473 
5 13360 13252 13473 13582 13450 
5 13252 13239 13304 13407 13473 
5 13066 13060 13239 13252 13203 
4 13239 13060 13042 13166 
4 12722 12683 12847 12842 
4 12842 12847 13042 13060 
4 12801 12996 12847 12683 
5 12996 13062 13115 13042 12847 
5 13062 13129 13166 13042 13115 
5 13201 13395 13225 13166 13129 
5 13166 13225 13433 13304 13239 
5 13456 13395 13373 13496 13563 
4 13395 13456 13433 13225 
4 13099 13094 13201 13129 
5 12996 13053 13094 13099 13080 
5 12996 13080 13099 13129 13062 
5 13179 13324 13373 13194 13127 
4 13055 13179 13127 13053 
4 13201 13194 13373 13395 
5 13194 13201 13094 13053 13127 
4 13372 13509 13571 13519 
4 13324 13179 13372 13519 
4 13232 13372 13179 13184 
4 13240 13244 13378 13368 
5 13232 13240 13368 13509 13372 
5 13378 13412 13634 13509 13368 
5 13733 13775 13803 13740 13634 
5 13502 13455 13710 13775 13733 
4 13634 13412 13502 13733 
4 13502 13337 13384 13455 
5 13337 13502 13412 13378 13244 
5 13336 13333 13400 13455 13384 
5 13244 13333 13336 13384 13337 
4 13513 13373 13527 13624 
4 13373 13324 13519 13527 
4 13519 13571 13624 13527 
4 13563 13496 13555 13663 
4 13496 13373 13513 13555 
5 13555 13513 13624 13635 13663 
5 13634 13740 13722 13795 13712 
5 13795 13806 14003 13886 13819 
5 13722 13740 13803 13806 13795 
4 13509 13634 13712 13571 
5 13635 13624 13571 13712 13721 
4 13712 13795 13819 13721 
4 13819 13663 13635 13721 
5 12362 12606 12630 12511 12418 
7 12748 12606 12613 12791 12766 12729 12707 
4 12630 12606 12748 12707 
5 12511 12630 12707 12729 12703 
7 12703 12729 13053 12996 12801 12683 12795 
4 12766 13055 13053 12729 
5 12791 12859 12973 13055 12766 
5 13184 13179 13148 13131 12973 
5 12973 13131 13148 13179 13055 
5 12844 12897 13184 12973 12947 
4 12859 12844 12947 12973 
4 12844 12778 12870 12897 
4 12778 12844 12859 12791 
4 12201 12242 12444 12402 
4 12201 12402 12484 12278 
5 11956 12041 12251 12258 12019 
5 12251 12235 12278 12484 12517 
5 12251 12041 12201 12278 12235 
5 12402 12518 12543 12538 12484 
5 12538 12543 12567 12731 12778 
6 12517 12484 12521 12609 12613 12606 
5 12521 12778 12791 12613 12609 
5 12251 12517 12606 12362 12258 
4 12521 12484 12538 12778 
4 13333 13348 13455 13400 
5 13111 13206 13348 13163 13049 
4 13163 13348 13333 13049 
5 12997 13003 13040 13206 13111 
4 13049 12928 12997 13111 
4 12785 12928 13049 12942 
4 12886 12874 12716 12816 
5 12874 12886 12929 12927 12997 
5 12874 12997 12928 12785 12716 
5 12927 12929 13040 13003 12997 
6 12825 12865 12936 12887 12886 12816 
5 12929 12886 12887 12936 13040 
5 12444 12567 12543 12518 12402 
7 12528 12716 12549 12567 12444 12242 12431 
4 12549 12716 12731 12567 
5 12731 12716 12785 12942 12835 
5 12816 12716 12528 12708 12825 
6 13143 13049 13333 13244 13181 13118 
5 13232 13118 13181 13244 13240 
5 12950 13118 13232 13184 12897 
4 12942 13049 12955 12835 
4 13143 13118 12955 13049 
5 12731 12835 12955 12870 12778 
5 12897 12870 12955 13118 12950 
4 11491 11567 11704 11720 
4 11789 11793 11720 11704 
5 11793 11789 11880 11946 11720 
5 11800 11700 11720 11946 11998 
4 12086 12221 11998 11946 
4 11880 12063 12086 11946 
5 12160 12002 11967 12068 12091 
5 11942 11967 12002 12063 11880 
5 11704 11711 11942 11880 11789 
5 11686 11778 11711 11704 11567 
5 11967 11942 11711 11785 11799 
6 11799 11785 11711 11778 11872 11967 
4 11779 11846 11975 11819 
5 11736 11714 11844 11846 11779 
7 11844 11714 11841 11974 12032 11975 11846 
5 11819 11975 11978 11912 11879 
4 11978 11975 12032 12139 
4 12068 11868 11978 12139 
5 11686 11645 11868 11872 11778 
4 11872 11868 12068 11967 
5 11879 11784 11736 11779 11819 
4 11868 11879 11912 11978 
4 11736 11784 11746 11692 
5 11868 11692 11746 11784 11879 
5 12063 12176 12117 12227 12086 
4 12472 12227 12320 12525 
4 12227 12117 12176 12320 
4 12002 12160 12152 12063 
4 12320 12176 12198 12160 
5 12063 12152 12160 12198 12176 
5 12268 12068 12289 12455 12335 
5 12160 12254 12268 12335 12320 
5 12068 12268 12254 12160 12091 
5 12320 12335 12455 12383 12450 
4 12450 12383 12455 12568 
4 12596 12450 12568 12750 
4 12596 12525 12320 12450 
4 12579 12482 12558 12695 
4 12456 12482 12579 12561 
5 12227 12472 12482 12456 12420 
5 12695 12532 12596 12750 12834 
5 12513 12532 12695 12558 12482 
6 12513 12482 12472 12525 12596 12532 
4 12395 12456 12561 12449 
4 12202 11998 12221 12284 
5 12284 12276 12395 12449 12202 
4 12227 12420 12261 12086 
4 12261 12420 12456 12395 
5 12221 12261 12395 12276 12284 
3 12086 12261 12221 
5 12354 12329 12512 12264 12217 
6 12329 12354 12356 12418 12511 12397 
5 12511 12703 12512 12329 12397 
5 12565 12512 12703 12795 12683 
5 12046 12034 12043 12217 12175 
5 11961 12034 12046 11974 11841 
4 12043 12034 11961 12019 
4 12258 12362 12199 12019 
5 12043 12019 12199 12362 12237 
5 12237 12362 12418 12356 12354 
4 12217 12043 12237 12354 
5 12223 12264 12219 12214 12184 
5 12216 12175 12217 12264 12223 
4 12184 12175 12216 12223 
5 12139 12032 12184 12214 12311 
4 12099 12184 12032 11974 
5 12099 11974 12046 12175 12184 
5 12565 12437 12288 12264 12512 
5 12214 12219 12264 12288 12311 
5 12311 12288 12437 12355 12289 
4 12289 12355 12477 12455 
4 12311 12289 12068 12139 
5 12695 12834 12872 12956 12877 
4 12695 12877 13029 12858 
5 13146 13029 12877 12956 13084 
5 12906 13086 13084 12956 12872 
4 13032 13086 12906 12868 
5 13124 13084 13086 13032 13156 
4 13444 13146 13084 13124 
6 13124 13156 13245 13299 13360 13444 
5 13032 13066 13203 13245 13156 
5 13252 13360 13299 13245 13203 
4 12477 12615 12568 12455 
4 12722 12842 12868 12750 
4 12568 12615 12722 12750 
5 13066 13032 12868 12842 13060 
5 12750 12868 12906 12872 12834 
5 12437 12481 12515 12477 12355 
4 12477 12515 12614 12615 
4 12722 12615 12614 12683 
4 12437 12565 12505 12481 
5 12505 12565 12683 12614 12589 
4 12589 12614 12536 12505 
5 12515 12481 12505 12536 12614 
6 13683 13484 13590 13728 13802 13606 
4 13379 13484 13683 13576 
5 13728 13590 13672 13883 14041 
5 13425 13638 13672 13590 13484 
5 13431 13464 13620 13638 13425 
4 14110 13888 13825 13981 
4 13908 13888 14110 13941 
5 13941 14110 14041 13883 13908 
4 13599 13908 13883 13672 
5 13464 13599 13672 13638 13620 
4 13599 13575 13673 13685 
5 13599 13685 13825 13888 13908 
4 13307 13123 13220 13251 
5 13123 13130 13189 13251 13220 
5 13014 13064 13137 13211 13105 
5 13130 13105 13211 13251 13189 
4 12905 12945 13105 13130 
6 13123 13307 13277 13126 12905 13130 
4 12905 13126 13195 12986 
4 13277 13379 13195 13126 
5 13401 13379 13576 13556 13537 
5 13556 13576 13683 13606 13537 
5 13307 13251 13425 13383 13277 
5 13383 13425 13484 13379 13277 
5 13453 13434 13465 13499 13554 
5 13228 13222 13295 13363 13350 
4 13295 13434 13453 13363 
4 13453 13554 13586 13363 
5 13363 13586 13673 13532 13485 
5 13532 13673 13575 13482 13485 
5 13465 13138 13471 13610 13499 
5 13471 13490 13549 13619 13610 
5 13653 13623 13610 13619 13838 
5 13586 13554 13499 13610 13623 
5 13653 13838 13782 13673 13725 
5 13725 13673 13586 13623 13653 
4 13370 13274 13323 13367 
4 13367 13323 13334 13350 
5 13334 13323 13274 13228 13350 
5 13350 13363 13485 13405 13367 
6 13405 13485 13482 13406 13370 13367 
4 13476 13370 13406 13482 
4 13251 13211 13431 13425 
5 13431 13294 13370 13476 13464 
5 13464 13476 13482 13575 13599 
4 13064 13228 13274 13137 
4 13137 13274 13370 13294 
4 13431 13211 13137 13294 
4 13289 13146 13444 13490 
4 13289 13138 13071 13146 
4 13471 13138 13289 13490 
4 13071 13138 13077 12915 
4 12889 12915 12917 12799 
6 12889 12858 13029 13146 13071 12915 
5 13138 13465 13434 13237 13145 
4 13041 13077 13138 13145 
4 13039 13041 13145 13237 
5 12876 12832 12758 12799 12917 
5 13039 12876 12917 12930 13041 
5 13077 13041 12930 12917 12915 
5 12858 12889 12799 12719 12695 
4 12695 12719 12664 12579 
5 12758 12653 12664 12719 12799 
4 12664 12653 12561 12579 
4 12597 12561 12653 12713 
5 12758 12832 12597 12713 12653 
5 12368 12202 12449 12454 12446 
5 12494 12454 12449 12561 12597 
4 12454 12494 12597 12554 
4 12832 12556 12554 12597 
4 12554 12556 12446 12454 
5 12879 13039 12898 12556 12832 
4 12879 12832 12876 13039 
5 13996 14014 13981 13910 13879 
5 13685 13673 13910 13981 13825 
4 13782 13879 13910 13673 
4 13838 14018 13879 13782 
4 14018 14165 14037 13879 
5 14258 13996 13879 14037 14165 
5 14268 14451 14336 14258 14165 
5 14336 14286 14158 14267 14258 
5 14158 14014 13996 14258 14267 
4 14353 14355 14286 14336 
4 14355 14353 14336 14412 
4 14110 13981 14014 14158 
4 14110 14158 14286 14355 
4 13014 12899 13031 13064 
5 13031 13054 13095 13228 13064 
5 12899 12898 12948 13054 13031 
4 14451 14473 14412 14336 
4 14473 14604 14584 14412 
5 14473 14451 14567 14698 14604 
4 12977 13054 12948 12898 
5 12977 12898 13039 13237 13056 
5 13056 13237 13088 13054 12977 
4 13054 13088 13109 13095 
5 13136 13228 13095 13109 13088 
4 13136 13088 13222 13228 
5 13222 13088 13237 13434 13295 
4 14292 14472 14480 14314 
4 14522 14660 14480 14472 
4 14472 14292 14327 14522 
5 14283 14450 14327 14292 14280 
4 14522 14327 14450 14635 
5 14633 14802 14660 14522 14635 
5 13920 14280 14175 14186 14085 
5 14175 14280 14292 14314 14239 
5 14186 14175 14239 14314 14200 
4 14234 14186 14200 14314 
4 14234 14314 14480 14481 
4 14652 14481 14480 14660 
5 14234 14481 14652 14599 14500 
5 14281 14500 14559 14691 14535 
6 14171 13939 13998 14010 14234 14203 
5 14281 14171 14203 14234 14500 
4 14234 13997 14085 14186 
4 13972 13792 13799 13997 
6 13998 13939 13972 13997 14234 14010 
4 13997 13799 13962 14085 
5 13920 14085 13962 13873 13761 
5 13797 13761 13873 13962 13799 
4 13563 13761 13797 13714 
4 13663 13920 13761 13563 
4 13582 13714 13769 13792 
5 13797 13799 13792 13769 13714 
4 13886 14003 14187 14155 
5 14248 14155 14187 14253 14310 
4 14149 14148 14309 14191 
5 13886 14155 14148 14016 13819 
5 14148 14155 14248 14287 14309 
5 14280 13920 13960 14077 14283 
5 14077 14191 14309 14240 14283 
4 14283 14240 14309 14450 
5 13960 13920 13663 13937 14077 
4 13819 14016 13937 13663 
5 14062 14149 14191 14077 13937 
5 13937 14016 14148 14149 14062 
5 14464 14579 14633 14635 14450 
4 14579 14701 14656 14633 
5 14656 14701 14826 14802 14633 
4 14534 14701 14579 14464 
5 14707 14701 14534 14487 14694 
4 14707 14694 14826 14701 
4 14287 14248 14310 14349 
4 14349 14310 14487 14534 
4 14346 14400 14359 14328 
6 14287 14349 14400 14346 14328 14309 
5 14400 14349 14534 14464 14359 
5 14328 14359 14464 14450 14309 
5 14698 14673 14687 14794 14932 
6 14571 14577 14687 14673 14564 14439 
5 14567 14439 14564 14673 14698 
4 14439 14495 14526 14571 
5 14526 14495 14594 14577 14571 
5 14594 14601 14667 14687 14577 
5 14388 14378 14535 14580 14488 
4 14159 14281 14535 14378 
5 14488 14580 14474 14343 14388 
4 14791 14601 14474 14580 
4 14594 14495 14529 14601 
5 14343 14474 14601 14529 14495 
5 13838 13906 14032 13944 14018 
5 14165 14069 14172 14223 14322 
4 13944 14069 14165 14018 
5 14223 14343 14495 14439 14322 
4 14451 14268 14439 14567 
4 14322 14439 14268 14165 
5 14388 14169 14172 14106 14101 
5 14172 14069 13944 14032 14106 
4 14032 14013 14101 14106 
5 14256 14169 14388 14343 14223 
5 14030 14159 14378 14388 14101 
4 14223 14172 14169 14256 
4 13792 13868 13706 13687 
4 13939 13922 13929 13972 
5 13972 13929 13922 13868 13792 
5 13609 13792 13687 13706 13668 
4 13668 13360 13450 13609 
4 13609 13450 13582 13792 
4 14053 14159 14030 13992 
4 14030 13865 13823 13992 
4 13865 14030 14101 14013 
5 13922 13939 14171 14053 13868 
4 14281 14159 14053 14171 
5 13901 14053 13992 13823 13816 
5 13706 13868 14053 13901 13816 
5 13800 13693 13798 13816 13823 
5 13706 13816 13757 13693 13668 
4 13757 13816 13798 13693 
5 13360 13668 13557 13543 13444 
5 13557 13650 13490 13444 13543 
4 13557 13668 13693 13650 
4 13619 13549 13589 13777 
5 13865 14013 14032 13906 13777 
4 13838 13619 13777 13906 
5 13865 13777 13788 13800 13823 
5 13650 13693 13800 13788 13681 
6 13549 13490 13650 13681 13679 13589 
5 13679 13681 13788 13777 13589 
4 16399 16187 16419 4815 
4 16362 16378 16259 16427 
5 16213 16378 16362 16419 16187 
4 372 14483 15244 1359 
5 16419 16362 372 1359 6109 
5 6109 1359 15244 4815 16419 
4 15584 16427 16337 3 
4 15584 3 372 14027 
5 16427 15584 14027 372 16362 
3 12848 13811 154 
5 16337 2871 12848 154 3 
4 372 7717 13811 14483 
5 13811 7717 372 3 154 
5 15224 15195 15463 15273 15297 
4 15231 15224 15297 15448 
5 15297 15273 15463 15484 15448 
4 15501 15448 15484 15530 
4 15484 15463 15615 15530 
5 15530 15615 15704 15669 15501 
4 16337 16427 16259 16111 
4 15964 15858 16016 16052 
5 15615 15858 15964 15720 15704 
5 15704 15720 15964 15855 15819 
4 15879 15669 15704 15819 
4 15855 15867 15879 15819 
5 15964 16052 15879 15867 15855 
5 16197 16349 16312 16173 16052 
5 16349 16197 16249 16394 16409 
5 16312 16349 16409 16334 16338 
4 16312 16338 16392 16299 
4 16057 15969 16194 16191 
5 16312 16299 16191 16194 16173 
5 16399 16254 16179 16016 16187 
4 16052 16016 16179 16174 
4 16174 16179 16254 16249 
4 16249 16197 16052 16174 
5 15879 16052 16173 16194 15969 
4 15669 15879 15969 15726 
4 7508 9670 16417 4815 
6 16249 16254 16399 4815 16417 16394 
5 16417 9670 140 1629 16394 
4 140 9670 7508 7238 
4 7508 15201 61 7238 
4 15244 15201 7508 4815 
5 16394 1629 37 64 16409 
4 16392 64 37 819 
5 16338 16334 16409 64 16392 
4 819 37 2846 5683 
5 1629 140 5683 2846 37 
4 819 5683 15835 8874 
5 5683 140 7238 61 15835 
4 15065 14945 14942 15116 
4 14924 14942 14945 14824 
4 15054 14824 14945 15065 
5 15116 15164 15195 15054 15065 
4 15195 15164 15343 15463 
4 15164 15116 15191 15343 
5 14636 14652 14733 14834 14719 
4 14500 14599 14617 14719 
5 14617 14599 14652 14636 14719 
5 14660 14824 14735 14733 14652 
5 14733 14735 14824 14962 14834 
4 14962 14824 15054 15101 
4 15224 15101 15054 15195 
4 15249 15170 15205 15372 
4 15205 15147 15342 15372 
4 15009 15147 15205 15170 
5 15330 15343 15191 15212 15262 
4 15249 15212 15128 15170 
5 15170 15128 15116 15066 14970 
4 14942 14970 15066 15116 
4 15128 15212 15191 15116 
5 14961 14826 14694 14927 15009 
5 14961 15009 15170 14970 14826 
5 14924 14824 14660 14802 14942 
4 14970 14942 14802 14826 
4 15628 15826 15709 15538 
5 15600 15548 15709 15718 15721 
5 15718 15709 15826 15832 15868 
5 16066 15868 15832 15826 15918 
5 15876 15718 15868 16066 15958 
5 15958 16066 15918 16111 16259 
7 15343 15330 15346 15600 15667 15805 15695 
6 15262 15212 15249 15289 15346 15330 
5 15249 15409 15600 15346 15289 
4 15342 15391 15415 15372 
5 15415 15391 15342 15538 15709 
5 15409 15415 15709 15548 15600 
4 15372 15415 15409 15249 
4 16004 16213 16187 15977 
5 15958 16259 16378 16213 16004 
5 16004 15977 15858 15900 15958 
4 16016 15858 15977 16187 
5 15594 15798 15900 15858 15615 
6 15463 15343 15580 15798 15594 15615 
4 15580 15343 15695 15798 
4 15600 15721 15805 15667 
6 15805 15721 15718 15876 15840 15900 
4 15900 15798 15695 15805 
4 15900 15840 15876 15958 
5 8570 1804 2506 5361 7961 
4 3185 7888 16324 7961 
5 1550 3185 7961 5361 2506 
5 7337 13818 563 3185 1550 
4 2506 16369 7337 1550 
4 16369 2506 1804 3510 
5 16403 16185 16225 16369 16431 
3 16369 16225 16303 
4 16154 16121 16303 16225 
4 1804 8570 7004 2761 
6 2761 7004 8570 10597 1200 16403 
5 16431 16369 3510 1804 122 
5 16431 122 1804 2761 16403 
6 5922 16392 819 6639 563 13 
4 16384 16299 16392 13818 
5 16392 5922 13 563 13818 
4 8874 16168 6639 819 
4 563 6639 7888 3185 
4 6639 16168 16324 7888 
4 16311 16191 16299 16384 
5 16274 16132 16191 16311 16300 
5 16274 16300 16311 16384 16327 
5 16408 13818 7337 16369 16303 
4 16327 16384 13818 16408 
4 16132 16274 16303 16121 
4 16274 16327 16408 16303 
5 16002 16046 16079 16185 15971 
4 16033 16106 16079 16046 
4 16079 16106 16225 16185 
5 15920 15911 15733 15907 16033 
4 15911 15920 16002 15971 
4 16046 16002 15920 16033 
5 16006 16047 15939 15941 15774 
5 16057 16191 16132 16047 16006 
4 16132 16121 15939 16047 
4 15987 15939 16121 16106 
4 16121 16154 16225 16106 
4 16033 15907 15987 16106 
4 15987 15907 15852 15939 
5 15631 15669 15726 15774 15730 
4 15663 15631 15730 15682 
4 15682 15730 15774 15663 
5 15852 15663 15774 15941 15939 
5 15774 15726 15969 16057 16006 
4 15423 15663 15852 15532 
4 15423 15532 15439 15374 
4 15491 15374 15439 15532 
5 15733 15674 15532 15852 15907 
5 15565 15500 15606 15674 15604 
5 15606 15500 15491 15532 15674 
4 15045 14947 14962 15101 
5 15057 14947 15045 15146 15090 
5 15057 15090 15146 15192 15049 
4 15101 15224 15231 15140 
4 15140 15146 15045 15101 
4 15192 15146 15140 15231 
4 15194 15049 15192 15400 
5 15194 15400 15436 15425 15423 
4 15425 15436 15663 15423 
4 15231 15448 15501 15508 
5 15508 15436 15400 15192 15231 
4 15436 15508 15631 15663 
4 15501 15669 15631 15508 
5 14783 14882 15003 14998 14791 
5 14580 14767 14795 14783 14791 
5 14874 15049 15003 14882 14845 
5 14795 14767 14874 14845 14846 
5 14846 14845 14882 14783 14795 
5 14764 14759 14947 15057 15049 
4 14784 14764 15049 14874 
5 14764 14784 14874 14767 14691 
5 14691 14719 14947 14759 14764 
4 14559 14500 14719 14691 
4 14947 14719 14834 14962 
4 14535 14691 14767 14580 
4 15500 15565 15519 15468 
4 15519 15565 15516 15468 
5 15472 15468 15516 15565 15505 
5 15468 15472 15505 15437 15500 
4 15437 15505 15410 15363 
5 15437 15363 15210 15345 15500 
4 14865 14833 14998 14997 
5 14667 14601 14791 14998 14833 
5 14794 14687 14667 14833 14865 
5 14932 14794 14899 15006 15021 
5 14952 14865 14997 15006 14899 
4 14794 14865 14952 14899 
5 14997 15094 15210 15021 15006 
4 15228 15152 15021 15210 
4 15410 15228 15210 15363 
5 15345 15264 15374 15491 15500 
5 15197 15254 15374 15264 15204 
5 15210 15094 15204 15264 15345 
5 15094 15142 15254 15197 15204 
4 14998 15142 15094 14997 
4 15254 15142 15214 15374 
4 15423 15374 15214 15194 
5 15142 14998 15003 15119 15214 
5 15049 15194 15214 15119 15003 
5 15216 15163 15111 15126 15181 
4 15182 15163 15216 15283 
4 15182 15130 15111 15163 
4 15283 15216 15337 15327 
6 15327 15337 15497 15550 15678 15807 
4 15337 15216 15399 15497 
6 15502 15358 15355 15327 15807 15542 
5 15290 15130 15355 15358 15502 
4 15321 15145 15290 15502 
5 15355 15130 15182 15283 15327 
4 15063 15290 15145 15091 
4 14989 15130 15290 15063 
4 15126 15052 15067 15181 
4 14905 14986 15067 15052 
6 15502 15542 15577 15780 15716 15590 
5 15464 15321 15502 15590 15716 
4 15067 14986 15061 15158 
5 14960 14698 14932 15061 14986 
5 15061 14932 15021 15152 15158 
5 15410 15278 15158 15152 15228 
4 15181 15067 15158 15278 
4 15353 15336 15278 15410 
6 15336 15353 15399 15216 15181 15278 
4 15171 15193 15334 15370 
5 15370 15334 15362 15464 15451 
5 15362 15334 15193 15321 15464 
6 15046 15183 15193 15171 15122 15108 
5 15091 15145 15321 15193 15183 
4 15046 14958 15091 15183 
5 15464 15553 15539 15370 15451 
5 15553 15464 15716 15735 15662 
5 15662 15691 15666 15539 15553 
4 15681 15666 15691 15781 
5 15735 15716 15844 15771 15662 
5 15771 15844 15781 15691 15662 
5 14959 14938 14953 15046 14976 
4 15046 14953 14965 14958 
5 14965 14953 14938 14852 14958 
4 14852 14938 14782 14709 
5 14588 14742 14713 14782 14741 
5 14713 14742 14588 14709 14782 
5 14782 14938 14959 14949 14851 
4 14806 14741 14782 14851 
5 14872 14741 14806 14851 14949 
4 15007 14872 14949 15132 
5 15178 15007 15132 15171 15370 
5 14976 15046 15108 14949 14959 
5 15132 14949 15108 15122 15171 
4 14575 14396 14520 14696 
4 14436 14512 14520 14396 
4 14235 14210 14436 14396 
4 14110 14210 14235 14041 
4 14110 14355 14436 14210 
5 14412 14584 14512 14436 14355 
5 14584 14752 14710 14520 14512 
5 14710 14752 14905 15052 14943 
5 14520 14710 14943 14923 14696 
5 14698 14960 14986 14905 14750 
6 14604 14698 14750 14905 14752 14584 
5 14822 14558 14630 14847 14839 
5 14709 14558 14822 14839 14852 
4 14405 14558 14709 14588 
5 14972 14852 14839 14847 15011 
5 15011 14989 15063 15091 14972 
4 14958 14852 14972 15091 
5 14989 14923 15027 15111 15130 
4 15126 15111 15027 15052 
4 15027 14923 14943 15052 
5 14696 14923 14989 14870 14835 
4 14989 15011 14847 14870 
5 14847 14664 14696 14835 14870 
5 14847 14630 14575 14696 14664 
4 14120 14133 14254 14189 
4 14058 14133 14120 14034 
5 14074 14133 14058 14034 13891 
5 14034 14120 14189 14127 14028 
4 14144 14189 14254 14405 
5 14144 13917 14028 14127 14189 
5 13837 13728 14041 14074 13891 
4 13843 13837 13891 13846 
6 13837 13843 13846 13771 13802 13728 
4 13537 13606 13688 13577 
4 13606 13802 13771 13688 
4 13891 14034 14028 13846 
5 13688 13771 13846 14028 13917 
4 14405 14254 14370 14558 
4 14178 14276 14370 14254 
5 14133 14074 14146 14178 14254 
4 14235 14396 14301 14275 
5 14275 14146 14074 14041 14235 
5 14276 14178 14146 14275 14301 
4 14370 14456 14514 14558 
4 14458 14575 14514 14456 
4 14630 14558 14514 14575 
5 14370 14276 14301 14384 14456 
5 14301 14361 14458 14456 14384 
5 14458 14361 14301 14396 14575 
5 16339 16325 16264 16296 16430 
4 16264 15986 16108 16296 
4 16027 15986 16264 16325 
5 43 16407 16339 16430 14006 
4 16339 16407 16380 16325 
5 16407 43 14006 16325 16380 
4 16398 16325 14006 1799 
4 16430 2946 4462 14006 
5 2946 4552 1799 14006 4462 
3 2229 10776 12059 
5 11616 10776 2229 2946 5075 
5 5535 1799 2229 12059 11889 
4 4552 2946 2229 1799 
4 16430 16296 16281 16371 
4 30 1694 15768 8797 
4 16371 15768 1694 16430 
5 16358 15293 8797 16350 16186 
4 16371 16350 8797 15768 
4 16281 16186 16350 16371 
5 400 11859 5075 5914 15293 
4 6148 5075 11859 11965 
4 5075 6148 11965 11616 
5 8797 15293 5914 3312 30 
5 30 3312 5914 6477 1694 
4 16430 1694 5075 2946 
4 1694 6477 5914 5075 
4 1567 2055 3376 10962 
4 400 2055 5090 11859 
5 1567 10962 11859 5090 2055 
4 2055 9270 6888 3376 
5 2705 9584 10962 3376 6888 
6 9270 496 9424 9584 2705 6888 
5 16122 15982 16116 16208 16186 
5 15974 15931 15982 16122 16186 
5 16166 16412 9270 16208 16116 
4 9270 2055 400 15293 
5 16208 9270 15293 16358 16186 
4 16108 16186 16281 16296 
4 15986 15861 15890 16108 
4 16108 15890 15974 16186 
5 15816 15890 15861 15716 15780 
5 15927 15986 16027 15781 15844 
5 15844 15716 15861 15986 15927 
5 15982 15849 15807 15887 16097 
6 15849 15863 15780 15577 15542 15807 
5 15816 15780 15863 15974 15890 
5 15931 15974 15863 15849 15982 
6 15672 15857 15887 15807 15678 15550 
4 15554 15550 15488 15399 
4 15488 15550 15497 15399 
6 15887 16054 16166 16116 15982 16097 
5 15696 15702 15764 15857 15672 
4 15554 15696 15672 15550 
4 15705 15611 15790 15801 
5 15554 15611 15705 15702 15696 
5 15702 15705 15801 15857 15764 
4 15410 15585 15611 15353 
4 15353 15611 15554 15399 
4 15585 15410 15505 15703 
5 15790 15611 15585 15703 15793 
4 15874 15790 15862 15992 
6 15857 15801 16069 16077 16054 15887 
4 15801 15790 15874 16069 
5 15979 15972 16065 16051 15992 
5 15862 15820 15972 15979 15992 
5 15703 15820 15862 15790 15793 
4 15972 15903 15971 16065 
4 15903 15872 15911 15971 
4 15872 15903 15972 15820 
4 15565 15694 15703 15505 
5 15565 15604 15674 15733 15694 
5 15694 15733 15911 15872 15773 
5 15820 15703 15694 15773 15872 
5 16364 16166 16054 16155 16192 
5 16164 16069 16172 16192 16155 
5 16077 16069 16164 16155 16054 
4 16364 16335 16389 16385 
5 16335 16172 16219 16410 16389 
4 16192 16172 16335 16364 
5 16412 12925 1214 496 9270 
5 16385 16389 1214 12925 16364 
4 12925 16412 16166 16364 
5 1214 3529 9410 9298 2129 
4 1214 16389 16410 3529 
4 1214 2129 8489 496 
5 9298 9424 496 8489 2129 
5 16069 16061 16051 16134 16172 
5 15874 15992 16051 16061 16069 
4 16134 16140 16219 16172 
4 16140 16100 16065 16167 
5 16051 16065 16100 16140 16134 
4 16321 16219 16140 16167 
4 16185 16167 16065 15971 
4 16167 16185 16403 16321 
5 3529 13398 1200 10597 9410 
5 16373 16321 16403 1200 13398 
4 16373 16410 16219 16321 
4 16373 13398 3529 16410 
5 14398 14554 14528 14284 14285 
4 14284 14528 14440 14228 
4 14284 14231 14179 14285 
4 14179 14231 14067 13985 
4 14284 14228 14067 14231 
5 13604 13545 13734 13871 13807 
5 13756 13765 13604 13807 13864 
4 13864 13807 13940 14067 
5 13734 13726 13916 13969 13871 
5 13940 13807 13877 13985 14067 
5 13871 13969 13985 13877 13807 
4 14398 14392 14538 14554 
4 14392 14398 14270 14249 
4 14270 14398 14285 14179 
4 14391 14659 14538 14392 
4 14249 14290 14391 14392 
5 14414 14659 14391 14290 14407 
4 14290 14176 14229 14407 
4 14201 14194 14080 14176 
5 14176 14290 14249 14194 14201 
5 14135 14099 14270 14179 13985 
4 14135 13985 13969 14099 
4 14099 13969 13916 14080 
5 14099 14080 14194 14249 14270 
4 13318 13514 13545 13348 
5 13318 13491 13424 13544 13514 
4 13397 13424 13491 13318 
4 13121 13226 13397 13318 
5 13243 13121 13318 13348 13214 
6 13040 13121 13243 13214 13348 13206 
5 13829 13661 13667 13762 13902 
4 13674 13762 13675 13565 
5 13675 13762 13667 13661 13565 
6 13565 13661 13829 13726 13654 13514 
5 13545 13514 13654 13726 13734 
4 13426 13503 13676 13674 
6 13424 13426 13674 13565 13514 13544 
4 13755 13674 13676 13851 
4 13755 13851 13899 13902 
4 13762 13674 13755 13902 
4 14040 14176 14080 13916 
5 13829 13902 14040 13916 13726 
4 14160 14204 14087 14011 
5 13851 13947 13987 13902 13899 
5 13947 13851 14011 14087 13987 
4 14087 14204 14229 14150 
5 14176 14045 14087 14150 14229 
4 13902 13987 14087 14045 
4 14045 14176 14040 13902 
5 13348 13545 13604 13507 13455 
5 13756 13713 13507 13604 13765 
4 13455 13507 13713 13710 
5 13858 13756 13864 14067 14015 
5 13713 13756 13858 13786 13710 
6 13763 13775 13710 13786 13858 13793 
5 13763 13793 13839 13913 13817 
4 13934 13839 13793 13858 
6 14109 14114 14228 14440 14237 14244 
5 14015 14067 14228 14114 14109 
5 13934 13858 14015 14109 14090 
5 14112 14180 14216 14350 14236 
4 14112 14236 14253 14187 
5 14049 14112 14187 14003 13921 
5 14253 14236 14350 14409 14365 
4 14365 14409 14516 14487 
4 14310 14253 14365 14487 
5 14180 14090 14109 14244 14216 
5 14020 14092 14180 14112 14049 
5 14020 13934 14090 14180 14092 
5 13775 13763 13817 13913 13921 
5 13803 13775 13921 14003 13806 
4 13913 13839 13934 14020 
4 13921 13913 14020 14049 
5 12821 12781 12936 12865 12825 
6 12891 12985 12809 12771 13028 13016 
5 12891 13016 12963 12936 12781 
5 12781 12746 12809 12985 12891 
5 13016 13223 13178 12936 12963 
4 13178 13121 13040 12936 
4 13121 13178 13223 13226 
4 13226 13223 13298 13397 
4 13424 13397 13298 13426 
4 13016 13028 13229 13223 
4 13426 13298 13223 13308 
5 14375 14291 14244 14237 14447 
4 14447 14466 14424 14375 
5 14375 14424 14466 14393 14291 
5 14475 14393 14466 14523 14610 
5 14557 14447 14237 14440 14528 
5 14447 14557 14505 14523 14466 
5 14216 14244 14326 14403 14350 
4 14409 14350 14403 14475 
4 14403 14326 14393 14475 
4 14326 14244 14291 14393 
6 12700 12694 12727 12712 12825 12708 
5 12712 12727 12694 12821 12825 
5 12771 12768 12908 12980 13028 
4 13169 13102 13028 12980 
4 12957 12944 13125 12965 
5 12908 12803 12957 12965 12980 
5 12965 13125 13183 13169 12980 
5 13380 13386 13483 13358 13329 
5 13125 12944 13209 13329 13358 
5 13183 13125 13358 13483 13457 
4 13270 13157 13371 13349 
4 13209 13157 13270 13329 
5 13270 13349 13386 13380 13329 
4 13386 13349 13542 13483 
4 13503 13603 13787 13676 
4 13419 13457 13603 13503 
5 13419 13503 13347 13305 13332 
6 13236 13169 13183 13457 13419 13332 
5 13305 13347 13254 13236 13332 
4 13254 13102 13169 13236 
4 13347 13503 13375 13322 
4 13308 13322 13396 13426 
5 13396 13322 13375 13503 13426 
5 13028 13102 13144 13322 13229 
5 13144 13102 13254 13347 13322 
4 13787 14011 13851 13676 
4 13229 13322 13308 13223 
5 13645 13616 13731 13821 13646 
4 13616 13457 13483 13731 
4 13616 13645 13603 13457 
4 13708 13794 13821 13731 
5 13708 13574 13727 13791 13794 
5 13483 13542 13574 13708 13731 
4 13413 13349 13371 13438 
5 13349 13413 13466 13574 13542 
5 13494 13466 13413 13438 13642 
4 13953 13794 13791 13954 
5 13954 13791 13907 13715 13966 
5 13466 13494 13642 13727 13574 
5 13727 13642 13715 13907 13791 
5 14116 14008 13982 13953 14064 
5 13821 13794 13953 13982 13957 
5 13953 13954 14083 14182 14064 
5 14008 13878 13821 13957 13982 
4 14128 14075 14060 14116 
4 13878 14008 14116 14060 
4 13914 13878 14060 14075 
5 13914 14075 14022 14011 13787 
4 14022 14075 14160 14011 
4 13646 13821 13689 13645 
4 13689 13821 13878 13914 
6 13603 13645 13689 13655 13814 13787 
5 13814 13655 13689 13914 13787 
3 14671 14517 14593 
6 14517 14671 14772 14814 14775 14763 
4 14593 14756 14772 14671 
4 14763 14493 14318 14517 
4 14259 14318 14493 14401 
4 14075 14318 14259 14160 
5 14659 14414 14407 14777 14776 
4 14729 14777 14386 14493 
4 14407 14229 14386 14777 
4 14303 14382 14386 14229 
5 14303 14401 14493 14386 14382 
4 14259 14401 14303 14160 
4 14303 14229 14204 14160 
5 14781 14729 14734 14787 14840 
6 14493 14763 14771 14711 14734 14729 
5 14734 14711 14771 14746 14787 
6 14777 14729 14781 14840 15062 14837 
4 14787 14746 14771 14918 
4 15093 15077 14787 14918 
5 14771 14763 14843 14915 14918 
5 14843 14763 14775 14814 14915 
4 14915 14944 15093 14918 
5 14832 14897 14944 14915 14814 
4 14756 14832 14814 14772 
4 14756 14732 14897 14832 
4 14293 14238 14295 14334 
5 14128 14116 14213 14252 14238 
4 14238 14252 14334 14295 
5 14320 14293 14334 14517 14318 
5 14318 14075 14128 14265 14320 
5 14238 14293 14320 14265 14128 
5 14269 14348 14334 14252 14213 
4 14348 14527 14517 14334 
4 14269 14416 14527 14348 
4 14732 14756 14549 14643 
4 14527 14756 14593 14517 
5 14519 14549 14756 14527 14416 
5 14416 14547 14643 14549 14519 
4 14222 14190 14379 14282 
4 14282 14379 14547 14416 
4 14282 14416 14269 14182 
5 14182 14121 14197 14222 14282 
4 14222 14197 14121 14190 
5 13954 13966 14130 14086 14073 
5 14073 14121 14182 14083 13954 
5 14073 14086 14130 14190 14121 
4 14116 14064 14164 14213 
5 14182 14269 14213 14164 14064 
6 15133 15079 15188 15253 15260 15247 
6 15174 15079 15133 15247 15209 15260 
3 15260 15209 15247 
5 14980 15079 15174 15260 15147 
5 14903 14980 15147 15009 14927 
4 15390 15260 15253 15385 
4 15253 15188 15348 15385 
5 15385 15348 15188 15318 15419 
4 15342 15147 15260 15390 
5 15390 15385 15587 15538 15342 
4 15617 15685 15587 15385 
4 15587 15685 15628 15538 
5 14981 15069 15188 15079 14980 
4 15069 14981 14946 15031 
4 15069 15031 15082 15188 
4 14903 14753 14773 14980 
5 14773 14780 14946 14981 14980 
4 14725 14666 14780 14773 
4 14523 14666 14725 14610 
4 14773 14753 14610 14725 
5 14610 14531 14516 14409 14475 
4 14610 14753 14663 14531 
5 14516 14531 14663 14694 14487 
5 14663 14753 14903 14927 14694 
4 14657 14569 14538 14659 
5 14597 14554 14538 14569 14657 
5 14628 14639 14654 14557 14528 
6 14628 14528 14554 14597 14702 14639 
5 14639 14702 14838 14792 14654 
5 14830 14871 14978 14875 14761 
4 14838 14702 14761 14875 
4 14838 14875 14978 14982 
5 14751 14702 14597 14657 14659 
4 14751 14659 14776 14854 
4 14871 14830 14751 14854 
4 14761 14702 14751 14830 
5 14886 14838 14982 15002 14992 
4 15087 15153 15002 15017 
5 14982 14978 15087 15017 15002 
4 14992 15002 15082 15031 
4 15082 15002 15153 15234 
4 15188 15082 15234 15318 
5 14992 15031 14946 14936 14886 
5 14936 14856 14792 14838 14886 
5 14936 14946 14770 14792 14856 
4 14666 14731 14792 14770 
4 14731 14666 14654 14792 
4 14770 14946 14780 14666 
5 14557 14654 14666 14523 14505 
4 15306 15351 15318 15234 
5 15087 15366 15306 15234 15153 
4 15366 15388 15351 15306 
5 15388 15366 15408 15473 15419 
4 15419 15318 15351 15388 
4 15385 15419 15603 15617 
4 15471 15408 15366 15405 
6 15474 15680 15701 15608 15471 15480 
5 15405 15434 15474 15480 15471 
4 15473 15408 15471 15608 
5 15419 15579 15608 15624 15603 
4 15473 15608 15579 15419 
5 15331 15434 15405 15366 15086 
4 15456 15331 15465 15581 
5 15434 15331 15456 15581 15474 
5 15331 15086 15048 15134 15206 
4 15331 15206 15324 15465 
4 14871 14854 14950 15048 
6 14978 14871 15010 15086 15366 15087 
4 15010 14871 15048 15086 
4 14950 15032 15068 15047 
4 14776 15032 14950 14854 
4 15047 15134 15048 14950 
5 15068 15187 15206 15134 15047 
5 15062 14840 14787 15077 15149 
5 15062 15149 15167 15110 15095 
5 15032 14837 15062 15095 15110 
4 14776 14777 14837 15032 
4 15187 15110 15167 15257 
4 15032 15110 15187 15068 
5 15206 15187 15257 15274 15324 
5 15465 15404 15417 15427 15560 
5 15324 15274 15417 15404 15465 
5 15167 15304 15417 15274 15257 
5 15167 15149 15352 15357 15304 
4 15357 15412 15417 15304 
5 15412 15357 15560 15427 15417 
5 15544 15673 15817 15808 15567 
5 15521 15673 15544 15567 15387 
5 15093 15237 15137 15149 15077 
5 15137 15237 15369 15521 15387 
5 15521 15369 15365 15591 15673 
4 15465 15560 15753 15581 
5 15680 15474 15581 15908 15701 
4 15753 15896 15908 15581 
6 15567 15808 15753 15560 15561 15387 
4 15149 15137 15387 15352 
5 15357 15352 15387 15561 15560 
5 15817 15845 15960 16011 15984 
5 16129 15960 15845 16056 16215 
5 16129 16124 16098 16011 15960 
5 16025 16123 16072 15984 16011 
5 16011 16098 16124 16123 16025 
5 16393 16273 16355 10542 10986 
4 16072 16123 16275 16393 
5 16123 16124 16273 16393 16275 
5 16355 16273 16289 15843 10542 
5 16330 16376 15843 16289 16215 
5 16124 16129 16214 16289 16273 
4 16214 16129 16215 16289 
5 16012 16072 16393 16352 16177 
4 16130 15995 16012 16177 
4 16130 16177 16352 16354 
5 16144 15935 16130 16354 16212 
5 15821 15838 15984 16072 16012 
5 15984 15838 15821 15808 15817 
5 15808 15821 16012 15910 15753 
5 15896 15753 15910 15924 15935 
5 15924 15910 16012 15995 15948 
5 15995 15951 15935 15924 15948 
4 15935 15951 15995 16130 
5 1094 7623 6676 4183 2403 
5 10672 12004 14477 6676 11142 
4 6676 7623 10672 11142 
5 2403 4183 6676 14477 4858 
4 13479 10920 4858 14477 
5 4858 10920 13479 6078 2403 
4 5722 7641 13479 14137 
4 4623 2911 7641 5722 
4 7641 2911 6078 13479 
5 16352 16393 10683 7350 12671 
5 10683 1094 2403 12671 7350 
5 16354 16352 12671 2911 4623 
4 2911 12671 2403 6078 
4 32 15843 16376 3836 
5 10542 15843 32 6193 10986 
5 32 5803 123 10986 6193 
4 5803 1828 12051 11689 
4 1000 12215 12051 1828 
5 3836 1000 1828 5803 32 
4 1094 14730 2814 7623 
4 14730 1094 10683 16393 
5 16393 10986 123 2814 14730 
4 554 123 5803 5504 
5 5803 11689 12004 554 5504 
5 4098 554 12004 10672 7623 
5 2814 123 554 4098 7623 
4 16286 16354 4623 57 
4 57 16391 16292 16286 
5 16261 16241 16286 16292 16391 
4 16241 16261 16201 16188 
4 16261 16391 16377 16277 
5 16267 16201 16261 16277 16377 
4 15745 6701 5722 14137 
5 611 15447 6701 15745 8361 
5 6701 15447 57 4623 5722 
4 16391 57 15447 10813 
5 4986 15613 16377 16391 10813 
4 15447 611 4986 10813 
4 4986 611 8361 15980 
4 2871 16415 5854 987 
4 13718 987 5854 13561 
4 12848 2871 987 13718 
4 16198 16415 2871 16370 
5 16198 16237 16183 16288 16415 
5 16288 16183 16267 16377 16415 
5 4798 5854 16415 128 2119 
4 4798 12849 13561 5854 
4 4798 2119 15980 12849 
4 2119 128 1628 15980 
4 15980 1628 15613 4986 
5 1628 6605 16415 16377 15613 
4 128 16415 6605 1628 
4 15901 15828 15701 15908 
5 15608 15701 15828 15809 15624 
4 15603 15624 15809 15715 
5 15603 15715 15746 15685 15617 
5 15885 15715 15809 15828 16026 
5 15746 15715 15885 16026 15889 
5 15901 16024 16188 16026 15828 
5 16241 16188 16024 16023 16286 
4 16024 15901 15917 16023 
5 15917 15901 15908 16010 16023 
5 15896 15935 16144 16010 15908 
6 16023 16010 16144 16212 16354 16286 
4 15685 15797 15725 15628 
4 15628 15725 15797 15826 
4 15918 15826 15797 15929 
5 16183 16026 16188 16201 16267 
4 15685 15746 15929 15797 
5 15889 16026 16018 15929 15746 
5 16148 16370 2871 16337 16111 
4 16184 16198 16370 16148 
5 16148 16111 15918 16019 16184 
5 15918 15929 16018 16003 16019 
5 16198 16018 16026 16183 16237 
5 16019 16003 16018 16198 16184 
5 14643 14668 14818 14718 14732 
5 14892 14757 14718 14818 14831 
5 14732 14718 14757 14892 14897 
5 14836 14808 14940 15034 14893 
6 14831 14818 14668 14820 14893 14892 
4 14836 14893 14820 14668 
6 15042 15125 15161 15043 14893 15034 
4 15037 14892 14893 15043 
4 14967 15055 15100 14993 
6 15055 14967 14892 15037 15156 15172 
4 14892 14967 14993 14897 
4 14944 14897 14993 15100 
5 15252 15422 15380 15303 15239 
5 15303 15380 15591 15365 15240 
4 15240 15100 15239 15303 
4 15102 15237 15093 14944 
4 15100 15240 15102 14944 
5 15240 15365 15369 15237 15102 
5 15371 15311 15252 15172 15161 
5 15252 15311 15371 15490 15411 
5 15422 15252 15411 15517 15507 
5 15055 15172 15252 15239 15100 
5 15043 15161 15172 15156 15037 
5 15059 15221 15241 15272 15125 
6 15272 15241 15377 15467 15618 15392 
5 15377 15241 15221 15416 15467 
5 15034 14940 14991 15125 15042 
5 15272 15392 15618 15371 15305 
5 15161 15125 15272 15305 15371 
5 15114 15219 15166 15036 14974 
5 15059 15036 15166 15219 15221 
5 14808 14974 15019 15029 15022 
5 15029 15019 14974 15036 15059 
5 15022 15056 14991 14940 14808 
6 15056 15022 15029 15059 15125 14991 
4 15219 15114 15227 15279 
4 15442 15219 15279 15376 
4 15376 15279 15227 15361 
6 15416 15586 15614 15692 15657 15467 
4 15221 15219 15442 15416 
5 15376 15462 15586 15416 15442 
4 15462 15376 15361 15492 
5 15492 15545 15643 15586 15462 
7 15752 15651 15692 15614 15586 15643 15545 
5 15651 15752 15961 15837 15692 
5 15692 15837 15905 15724 15657 
5 15618 15467 15657 15724 15731 
6 15765 15796 15813 15783 15618 15731 
4 15724 15761 15765 15731 
5 15922 15765 15761 15724 15905 
5 15578 15490 15601 15813 15645 
5 15411 15490 15578 15552 15517 
6 15612 15552 15578 15645 15813 15650 
5 15517 15552 15714 15607 15507 
5 15422 15507 15607 15591 15380 
6 15490 15371 15618 15783 15813 15601 
5 15652 15723 15740 15795 15732 
4 15845 15789 15795 16056 
4 15795 15740 15851 16056 
6 15732 15688 15817 15673 15591 15652 
5 15792 15732 15795 15789 15845 
5 15817 15688 15732 15792 15845 
4 15612 15650 15815 15722 
4 15722 15815 15784 15714 
4 15714 15552 15612 15722 
5 15723 15714 15784 15851 15740 
5 15784 15815 15950 16056 15851 
5 15652 15591 15607 15714 15723 
4 2869 52 10951 94 
4 52 2869 4052 13357 
5 3836 13357 4052 172 1000 
4 4052 2869 12020 1733 
4 172 4052 1733 8091 
6 1000 172 8091 1733 12020 12215 
4 16157 16240 16345 16330 
4 16345 13357 3836 16401 
5 16330 16345 16401 3836 16376 
5 16329 16226 16235 94 16406 
5 10951 52 16329 16406 94 
4 16345 16329 52 13357 
4 16240 16226 16329 16345 
4 16094 16157 16133 16056 
4 16133 16157 16330 16196 
5 16056 16133 16196 16330 16215 
5 16104 16094 16056 15950 16118 
4 16118 16226 16240 16104 
4 16094 16104 16240 16157 
5 15765 15922 16015 15953 15796 
4 16109 15953 16015 16235 
4 16118 16109 16235 16226 
5 15859 15650 15813 15796 15953 
4 15815 15650 15859 15916 
5 15916 15859 15953 16109 16118 
4 15950 15815 15916 16118 
4 15873 15936 15912 15536 
4 16083 15912 15936 16037 
4 15914 16037 15936 15873 
4 16037 16049 16135 16083 
4 15914 15943 16049 16037 
5 15824 16049 15943 15914 15873 
5 16388 16416 16425 16298 16418 
4 16388 16239 16221 16416 
4 16239 16182 16176 16221 
4 16083 16135 16333 16180 
5 16083 16180 16333 16221 16176 
5 16333 16135 16049 14507 73 
5 16333 73 14507 16416 16221 
4 16425 16416 14507 9308 
4 8933 9775 6987 14507 
5 6987 9775 9637 9308 14507 
4 4478 9637 11503 7102 
5 16425 9308 9637 3404 16298 
5 9637 4478 7102 16298 3404 
4 8518 16309 16229 16302 
5 16182 16239 16388 16356 16171 
5 16229 16143 16171 16356 16302 
5 16298 7102 11503 12347 6422 
5 11206 8518 54 16298 6422 
5 16388 16418 16298 54 16356 
4 16356 54 8518 16302 
4 16087 16021 16143 16229 
4 16222 16068 16087 16229 
4 16021 16087 16068 15891 
4 16063 16171 16143 16021 
5 16014 16063 16021 15891 15930 
4 16176 16182 16095 16083 
4 16034 16083 16095 16063 
4 16095 16182 16171 16063 
5 15967 16014 15930 15932 16034 
4 16014 15967 16034 16063 
5 15616 15536 15912 15932 15930 
4 15932 15912 16083 16034 
4 16001 16075 16000 15947 
4 15854 15923 16001 15947 
5 15891 16068 16001 15923 15854 
5 16313 16078 16222 16301 16316 
5 16001 16068 16222 16078 16075 
5 16075 16078 16313 16383 16279 
4 4112 1883 16395 40 
4 40 16316 11206 4112 
5 16316 40 16395 16383 16313 
4 12347 4112 11206 6422 
5 16309 8518 11206 16316 16301 
4 16222 16229 16309 16301 
5 16279 16209 16036 16000 16075 
4 16036 15937 15926 16000 
4 15937 16036 16045 15946 
6 15812 15892 15860 15926 15937 15946 
5 15854 15947 16000 15926 15860 
5 15837 15961 16039 16043 15933 
5 16045 16036 16209 16216 15946 
4 16216 16039 15961 15946 
5 15812 15946 15961 15752 15766 
5 15766 15823 15860 15892 15812 
5 15545 15642 15823 15766 15752 
5 16216 16263 16390 16297 16319 
4 16297 16390 10989 8826 
4 16395 13113 10989 16390 
5 16293 16209 16279 16383 16307 
5 16383 16395 16390 16263 16307 
5 16307 16263 16216 16209 16293 
5 11503 11745 2595 12188 12347 
3 11745 11029 2595 
5 8826 10989 1100 12188 2595 
5 1100 2731 4482 12347 12188 
5 4112 12347 4482 2731 1883 
5 5369 13113 16395 1883 2731 
5 10989 13113 5369 2731 1100 
4 8343 22 3209 4288 
3 11032 4288 11029 
4 4288 3209 2595 11029 
4 94 15332 4452 151 
4 16420 15332 94 16235 
4 16420 8343 4452 15332 
4 6779 8151 4288 11032 
4 4452 8343 4288 8151 
4 151 4452 8151 1599 
4 11684 12020 2869 1984 
5 94 151 1599 1984 2869 
5 1599 8151 6779 11032 11051 
4 1984 1599 11051 11684 
5 15922 15905 16043 15994 16015 
4 15905 15837 15933 16043 
5 16043 16039 16266 16291 16223 
4 16223 16291 16420 16235 
5 16015 15994 16043 16223 16235 
4 16266 16319 56 16291 
4 16266 16039 16216 16319 
4 16319 16297 8826 56 
4 16420 16291 56 8343 
6 13948 1873 81 22 8343 56 
5 56 8826 2595 3209 13948 
5 1873 13948 3209 22 81 
5 14539 14502 14556 14670 14689 
4 14859 14689 14670 14705 
5 14539 14689 14536 14459 14502 
5 14459 14536 14455 14324 14316 
5 14716 14536 14689 14768 14808 
4 14536 14716 14542 14455 
6 14796 14933 15114 14974 14808 14768 
5 14995 15114 14933 14859 14817 
5 14796 14768 14689 14859 14933 
4 14705 14699 14817 14859 
4 14556 14602 14705 14670 
4 14699 14705 14602 14624 
4 14342 14425 14482 14399 
5 14335 14425 14342 14174 14202 
5 14335 14339 14429 14482 14425 
4 14482 14429 14624 14602 
4 14560 14624 14429 14339 
4 14387 14494 14556 14502 
4 14494 14387 14399 14482 
4 14482 14602 14556 14494 
5 14177 14174 14356 14304 14215 
5 14356 14174 14342 14399 14387 
5 14316 14177 14215 14304 14459 
5 14304 14356 14387 14502 14459 
5 14879 14908 14973 14866 14681 
4 14608 14681 14624 14560 
4 14624 14681 14866 14699 
4 15016 15109 15114 14995 
5 14995 14817 14699 14866 14864 
5 14864 14866 14973 15016 14995 
5 15141 15271 15340 15154 14973 
5 14973 15154 15184 15109 15016 
4 15154 15340 15302 15184 
5 15162 15114 15109 15248 15361 
4 15162 15361 15227 15114 
5 15340 15333 15361 15248 15302 
4 15248 15109 15184 15302 
5 14879 14901 15141 14973 14908 
5 14901 14975 15039 14996 15141 
4 14975 14821 14849 15039 
4 14807 14758 14608 14453 
4 14681 14608 14758 14879 
5 14807 14975 14901 14879 14758 
6 14341 14185 14183 14170 14453 14402 
4 14552 14774 14453 14170 
5 14453 14774 14821 14975 14807 
6 14351 14402 14453 14608 14560 14339 
5 14351 14339 14306 14341 14402 
4 14202 14220 14339 14335 
5 14185 14341 14306 14339 14220 
4 14996 15039 15129 15141 
4 15141 15129 15315 15271 
5 15039 15078 15292 15315 15129 
4 15039 14849 14969 15078 
4 14984 14969 14884 14911 
5 14857 14793 15250 15033 14911 
4 15250 15309 15218 15203 
5 15203 15218 15120 15033 15250 
4 14911 15033 15073 14984 
3 15033 15120 15073 
4 15078 14969 14984 15073 
5 15218 15307 15078 15073 15120 
3 15634 15557 15633 
5 15536 15537 15557 15634 15873 
4 15873 15634 15633 15824 
5 14774 14884 14969 14849 14821 
5 15309 15250 15537 15536 15394 
4 15394 15307 15218 15309 
5 14627 14589 14574 14640 14647 
5 14552 14490 14524 14574 14589 
5 14524 14490 14484 14640 14574 
5 14774 14552 14595 14778 14884 
5 14778 14595 14552 14589 14627 
5 14627 14647 14793 14857 14778 
4 14778 14857 14911 14884 
4 15850 15930 15891 15791 
4 15621 15616 15930 15850 
5 15621 15850 15791 15707 15598 
4 15514 15616 15595 15486 
5 15616 15621 15598 15582 15595 
5 15582 15598 15482 15486 15595 
4 15536 15616 15514 15394 
5 15307 15394 15514 15292 15078 
5 15486 15407 15315 15292 15514 
4 15396 15457 15482 15310 
4 15396 15310 15315 15407 
4 15426 15457 15396 15407 
5 15482 15457 15426 15407 15486 
4 15511 15482 15598 15571 
5 15340 15271 15315 15310 15449 
5 15310 15482 15511 15571 15449 
4 15449 15571 15520 15458 
4 15361 15333 15458 15492 
4 15333 15340 15449 15458 
5 15823 15642 15620 15854 15860 
4 15492 15458 15642 15545 
5 15458 15520 15571 15620 15642 
5 15727 15791 15891 15748 15620 
4 15854 15620 15748 15891 
4 15598 15707 15791 15727 
4 15571 15598 15727 15620 
5 13903 13778 13872 13980 13995 
4 13778 13903 13859 13815 
6 13874 13815 13859 13903 13897 13905 
5 13905 13897 13903 13995 13943 
5 14095 14174 13995 13980 14026 
4 14174 14177 13943 13995 
4 13965 13783 13959 14105 
5 14177 14316 14115 13965 14105 
4 14177 14105 13959 13943 
5 13815 13874 13813 13741 13738 
4 13874 13905 13943 13813 
4 13813 13943 13959 13741 
5 13750 13703 13741 13959 13783 
4 14542 14716 14680 14614 
4 14716 14808 14836 14680 
4 14614 14680 14836 14668 
5 14324 14455 14542 14470 14462 
4 14470 14542 14614 14547 
4 14643 14547 14614 14668 
5 14470 14547 14379 14435 14462 
5 14311 14324 14462 14435 14434 
5 14434 14435 14379 14190 14311 
4 14190 14130 13966 14156 
5 14173 14311 14190 14156 13966 
5 14173 14115 14316 14324 14311 
5 13966 13828 13965 14115 14173 
5 13512 13409 13475 13570 13630 
4 13512 13630 13738 13636 
4 13695 13778 13815 13702 
5 13630 13570 13702 13815 13738 
5 13581 13515 13695 13702 13570 
5 13205 13110 13037 13213 13258 
5 13110 13205 13256 13409 13171 
5 13256 13205 13258 13461 13409 
5 13461 13501 13570 13475 13409 
6 13258 13213 13515 13511 13501 13461 
5 13501 13511 13515 13581 13570 
4 13636 13618 13526 13512 
5 13311 13171 13409 13512 13526 
4 13498 13526 13618 13615 
6 13423 13311 13526 13498 13615 13428 
6 13311 13423 13428 13615 13438 13371 
4 13720 13615 13618 13750 
4 13741 13703 13636 13738 
4 13618 13636 13703 13750 
5 13720 13750 13783 13965 13828 
4 13715 13720 13828 13966 
5 13715 13642 13438 13615 13720 
4 13467 13528 13559 13492 
5 13467 13535 13579 13559 13528 
5 13467 13408 13410 13579 13535 
5 13613 13559 13579 13691 13723 
5 13559 13613 13627 13477 13492 
4 13411 13346 13523 13569 
4 13415 13477 13627 13523 
4 13613 13723 13747 13627 
5 13700 13523 13627 13747 13849 
5 13974 13999 14054 13849 13861 
5 13772 13974 13861 13849 13747 
4 13974 13772 13930 13994 
4 13951 13809 14063 14082 
5 13930 13951 14082 14104 13994 
5 13772 13747 13723 13801 13930 
5 13801 13723 13691 13579 13809 
4 13809 13951 13930 13801 
4 14139 14082 14063 14199 
5 14104 14082 14139 14199 14141 
4 14199 14484 14490 14141 
5 13999 13974 13994 14104 14065 
5 14170 14054 13999 14065 14552 
5 14065 14104 14141 14490 14552 
5 13842 14026 13980 13931 13857 
4 13980 13893 13857 13931 
4 13872 13857 13893 13980 
4 13778 13695 13857 13872 
4 13831 13842 13857 13695 
5 13835 13849 14054 14005 13952 
4 14054 14132 14185 14005 
5 14132 14054 14170 14183 14185 
5 14005 14185 14076 14026 13952 
4 14026 13842 13835 13952 
5 14026 14076 14202 14174 14095 
4 14076 14185 14220 14202 
5 13291 13449 13568 13594 13445 
5 13478 13569 13643 13568 13449 
4 13449 13448 13569 13478 
5 13164 13291 13439 13515 13213 
6 13515 13439 13291 13445 13594 13695 
5 13732 13594 13640 13643 13835 
4 13831 13732 13835 13842 
4 13732 13831 13695 13594 
4 13569 13523 13700 13643 
4 13835 13643 13700 13849 
5 13291 13411 13569 13448 13449 
4 13643 13640 13594 13568 
5 14084 14093 14340 14227 14154 
4 14038 14019 14093 14084 
4 14019 14038 13926 13927 
4 14038 14084 14154 13986 
5 13926 14038 13986 13824 13918 
4 13649 13656 13882 13768 
5 13550 13518 13547 13629 13656 
4 13550 13656 13649 13493 
4 13768 13882 13847 13749 
4 13882 13927 13926 13847 
5 13649 13768 13749 13824 13697 
5 13824 13749 13847 13926 13918 
5 13882 13968 14024 14019 13927 
5 13968 13946 13990 14009 14024 
5 13845 13990 13946 13968 13844 
4 13844 13968 13882 13656 
5 13844 13656 13629 13745 13845 
5 14302 14093 14019 14024 14081 
4 14347 14431 14340 14093 
6 14347 14093 14302 14266 14501 14431 
5 14024 14091 14100 14138 14081 
5 14100 14266 14302 14081 14138 
5 13990 14023 14100 14052 14009 
5 14052 14100 14091 14024 14009 
4 14413 14443 14279 14225 
4 14225 14111 14233 14413 
4 14352 14196 14163 14279 
4 13983 14017 14163 14196 
5 14017 14111 14225 14279 14163 
4 14443 14418 14352 14279 
3 14501 14352 14418 
4 14196 14352 14501 14266 
5 14000 13909 13925 13983 14196 
4 14000 14196 14023 13909 
4 13845 13909 14023 13990 
4 14100 14023 14196 14266 
5 13848 13932 14017 13983 13925 
5 14017 13932 14012 14025 14111 
6 13739 13956 14012 13932 13848 13548 
4 13925 13909 13875 13848 
4 13773 13548 13848 13875 
4 13834 13773 13875 13909 
5 13833 13834 13909 13845 13804 
5 13834 13833 13804 13711 13773 
4 13804 13845 13745 13711 
4 13629 13625 13711 13745 
4 13547 13541 13625 13629 
5 13548 13602 13625 13541 13546 
5 13602 13548 13773 13711 13625 
5 13469 13288 13388 13577 13688 
4 13469 13688 13717 13664 
5 13452 13376 13469 13664 13584 
6 13286 13210 13288 13253 13376 13452 
4 13288 13469 13376 13253 
5 13584 13664 13717 13742 13716 
5 13780 13678 13716 13742 13790 
4 13584 13716 13678 13540 
5 13540 13678 13701 13632 13487 
5 13701 13678 13780 13855 13652 
5 13487 13312 13452 13584 13540 
4 14113 14144 14405 14307 
4 13991 13917 14144 14113 
5 14307 14230 14184 13991 14113 
4 13717 13688 13917 13784 
4 13784 13790 13742 13717 
4 13991 13790 13784 13917 
4 14496 14463 14540 14583 
5 14463 14588 14741 14583 14540 
4 14405 14588 14463 14307 
5 14230 14307 14410 14496 14367 
4 14463 14496 14410 14307 
5 14548 14496 14583 14828 14615 
5 14548 14615 14532 14367 14496 
5 13991 14184 14230 14221 14096 
5 14096 14221 14289 14212 14152 
4 14221 14230 14367 14289 
5 14448 14367 14532 14615 14417 
5 14358 14212 14289 14372 14417 
5 14372 14289 14367 14448 14417 
5 13790 13991 14096 13855 13780 
4 13855 14096 14152 14039 
4 14039 14152 14212 14134 
4 13827 13977 13739 13652 
4 13739 13548 13592 13652 
4 13977 13827 14039 14134 
4 13827 13652 13855 14039 
5 14413 14389 14669 14545 14443 
4 14545 14669 14623 14443 
7 14357 14250 14368 14389 14413 14233 14377 
5 14358 14417 14498 14368 14250 
4 14389 14368 14498 14669 
4 14025 13977 14140 14217 
6 14111 14025 14217 14357 14377 14233 
4 14217 14140 14250 14357 
6 14250 14140 13977 14134 14212 14358 
5 14012 13956 13739 13977 14025 
5 13351 13342 13547 13518 13550 
4 13493 13268 13351 13550 
4 13268 13159 13327 13351 
4 13159 13019 13219 13327 
6 13219 13279 13310 13342 13351 13327 
4 13219 13019 13180 13279 
4 13320 13303 13546 13541 
6 13314 13320 13541 13547 13342 13310 
5 13180 13320 13314 13310 13279 
5 13521 13592 13548 13361 13366 
4 13303 13361 13548 13546 
5 13361 13303 13320 13293 13287 
5 13287 13302 13249 13366 13361 
5 12779 12871 12949 13020 12843 
4 12798 12871 12779 12675 
4 12871 12798 12959 12949 
5 12675 12642 12623 12783 12798 
5 12811 12880 12959 12798 12783 
5 12623 12776 12880 12811 12783 
5 13198 13020 13302 13287 13293 
5 12949 12959 13249 13302 13020 
5 12843 13020 13198 13059 12991 
4 13059 13198 13180 12991 
4 13198 13293 13320 13180 
5 13173 13114 13082 13161 13207 
4 12902 12880 12776 12820 
5 12902 12820 12941 13082 13114 
4 13173 13249 13167 13114 
5 12880 12902 13067 13249 12959 
5 13067 12902 13114 13167 13249 
4 13012 13076 13101 13140 
5 13072 13191 13151 13090 13076 
5 13151 13140 13101 13076 13090 
5 13082 13140 13151 13191 13161 
4 12941 13035 13140 13082 
4 13012 13140 13035 12852 
4 12820 12852 13035 12941 
5 13191 13072 13286 13452 13312 
5 13436 13343 13312 13487 13632 
4 13207 13161 13267 13326 
4 13312 13267 13161 13191 
4 13326 13267 13312 13343 
6 13632 13701 13652 13356 13352 13436 
5 13207 13326 13343 13436 13352 
6 13207 13352 13356 13652 13341 13173 
4 13341 13437 13249 13173 
4 13249 13437 13521 13366 
5 13341 13652 13592 13521 13437 
4 12465 12331 12533 12623 
4 12620 12617 12776 12623 
5 12533 12439 12617 12620 12623 
5 12161 12328 12187 11995 12129 
5 12161 12439 12533 12334 12328 
5 12331 12187 12328 12334 12533 
4 12187 12331 12293 12211 
4 12333 12357 12211 12293 
5 12331 12465 12357 12333 12293 
5 12143 12078 12313 12357 12343 
4 12211 12357 12313 12078 
5 12623 12642 12675 12343 12587 
5 12587 12343 12357 12465 12623 
4 11871 11957 12078 11775 
4 11884 11957 11871 11824 
4 11674 11824 11871 11775 
4 11775 12078 12143 11982 
4 11572 11555 11606 11718 
5 11606 11674 11775 11982 11718 
4 11957 11984 12054 12078 
5 12054 12035 12026 12211 12078 
4 11984 12026 12035 12054 
4 11948 11995 12187 11987 
4 11987 12187 12211 12026 
6 11884 11824 11948 11987 11906 11957 
5 11906 11987 12026 11984 11957 
4 12786 12639 12622 12641 
4 12934 12954 12910 12786 
4 12786 12910 12828 12639 
5 12841 13025 12982 12900 12775 
5 12934 12857 12775 12900 12982 
5 12786 12641 12775 12857 12934 
4 12998 13072 13076 13012 
4 12828 12910 12998 13012 
5 12852 12767 12728 12828 13012 
5 12954 12934 12972 12971 12993 
5 12971 12972 12934 12982 12993 
5 13072 12993 12982 13210 13286 
5 12998 12910 12954 12993 13072 
4 12348 12377 12421 12191 
4 12377 12348 12622 12639 
5 12639 12509 12489 12421 12377 
5 12244 12266 12387 12439 12161 
4 12421 12387 12266 12191 
4 12421 12489 12439 12387 
5 12638 12681 12828 12728 12767 
4 12639 12828 12681 12509 
4 12638 12559 12509 12681 
5 12489 12509 12559 12638 12678 
4 12617 12439 12489 12678 
5 12678 12638 12767 12852 12820 
4 12617 12678 12820 12776 
5 11861 11951 12036 12024 12115 
4 12148 11982 12143 12343 
4 11951 11982 12148 12036 
5 11698 11656 11951 11861 11661 
4 11710 11656 11572 11718 
5 11710 11718 11982 11951 11656 
4 12027 11866 11861 12030 
5 12030 11861 12115 12126 12070 
6 12027 12030 12070 12126 12210 11996 
5 11836 11776 11866 12027 11996 
5 11776 11836 11996 11757 11664 
5 11664 11661 11861 11866 11776 
4 12363 12299 12510 12430 
4 12501 12430 12510 12677 
4 12501 12677 12603 12529 
5 12363 12430 12501 12384 12364 
5 12344 12315 12363 12364 12529 
4 12384 12501 12529 12364 
5 12024 12036 12148 12299 12159 
6 12115 12024 12159 12299 12166 12163 
4 12166 12299 12203 12163 
5 12115 12163 12203 12158 12126 
5 12158 12203 12315 12210 12126 
4 12315 12203 12299 12363 
5 12696 12343 12675 12779 12843 
5 12643 12409 12343 12696 12837 
4 12991 12837 12696 12843 
4 12409 12643 12493 12299 
4 12343 12409 12299 12148 
5 12677 12644 12737 12784 12808 
5 13019 12914 12837 12991 13180 
6 12737 12837 12914 12773 12808 12784 
4 12582 12644 12677 12510 
5 12582 12510 12299 12493 12643 
4 12644 12582 12628 12737 
5 12737 12628 12582 12643 12837 
4 13268 13149 13116 13159 
5 13116 13149 13002 13087 13159 
4 13159 13087 13034 13019 
5 13374 13246 13149 13268 13493 
4 13153 13002 13149 13246 
5 13246 13374 13265 13192 13153 
4 12808 12773 12914 12938 
5 13013 12923 12938 12999 13034 
5 12938 12914 13019 13034 12999 
4 13002 13013 13034 13087 
5 12846 12850 12923 13013 13002 
4 12938 12923 12850 12808 
5 12846 12649 12677 12808 12850 
5 12345 12294 12267 12342 12353 
5 12374 12496 12530 12353 12342 
5 12243 12132 12267 12294 12307 
5 12341 12243 12307 12294 12345 
5 11757 11996 12008 12005 11921 
5 12005 12008 11996 12210 12141 
4 12141 12267 12132 12061 
5 12342 12267 12141 12271 12374 
5 12005 12061 12132 11894 11921 
3 12005 12141 12061 
4 11826 11894 12009 11943 
4 12009 11894 12132 12168 
5 11943 12009 12168 12231 12174 
6 12243 12341 12345 12503 12435 12321 
6 12231 12168 12132 12243 12321 12174 
5 12174 12321 12435 12308 12157 
5 12503 12658 12679 12605 12435 
4 12308 12435 12605 12471 
4 12739 12471 12605 12679 
5 12658 12819 12875 12739 12679 
5 12819 12817 12964 12895 12875 
5 12817 12503 12345 12353 12530 
4 12658 12503 12817 12819 
4 13192 13005 12937 13153 
5 12833 12937 13005 12960 12824 
4 13192 13106 12960 13005 
4 12937 12830 13002 13153 
6 12550 12662 12647 12583 12607 12621 
4 12802 12583 12647 12824 
4 12824 12647 12662 12833 
5 13002 12830 12721 12649 12846 
5 12937 12833 12662 12721 12830 
5 12649 12721 12674 12603 12677 
5 12550 12603 12674 12721 12662 
5 12765 12884 13024 13089 12964 
5 12765 12802 12824 12960 12884 
4 13024 12884 12960 13106 
5 12817 12530 12631 12765 12964 
4 12631 12530 12496 12583 
4 12631 12583 12802 12765 
5 12315 12344 12316 12424 12210 
4 12141 12210 12424 12271 
4 12374 12271 12424 12496 
4 12424 12447 12583 12496 
5 12583 12447 12550 12621 12607 
5 12424 12316 12344 12375 12447 
6 12344 12529 12603 12550 12447 12375 
4 13938 13854 13915 14145 
5 14145 13915 13993 14143 14218 
5 14103 14206 14262 14312 14124 
5 14242 14262 14206 14145 14218 
4 14206 14103 13938 14145 
4 13591 13748 13854 13696 
5 13591 13573 13430 13597 13596 
5 13597 13607 13748 13591 13596 
5 13867 13884 13993 13915 13850 
5 13748 13867 13850 13915 13854 
5 13698 13884 13867 13730 13607 
4 13730 13867 13748 13607 
5 13881 13904 14070 13936 13866 
5 13729 13796 13961 13904 13881 
5 13904 13961 14195 14129 14070 
6 13647 13729 13881 13866 13840 13671 
5 13866 13936 14070 13923 13840 
4 13961 13938 14103 14124 
4 13854 13796 13729 13696 
4 13796 13854 13938 13961 
4 13961 14124 14193 14195 
4 14193 14124 14312 14325 
5 14195 14271 14305 14321 14129 
5 14195 14193 14330 14305 14271 
5 13331 13377 13647 13671 13441 
5 13399 13504 13522 13539 13377 
5 13539 13522 13657 13647 13377 
4 13657 13522 13621 13677 
4 13677 13621 13696 13729 
4 13677 13729 13647 13657 
4 13435 13422 13573 13591 
5 13430 13573 13422 13435 13262 
4 13262 13435 13399 13152 
4 13588 13524 13534 13591 
5 13621 13524 13588 13591 13696 
5 13524 13621 13522 13504 13399 
5 13524 13399 13435 13591 13534 
4 12739 12909 12856 12697 
5 12909 12932 12967 12864 12856 
5 12932 12909 12992 13152 12967 
5 12992 12989 13078 13177 13152 
5 12912 12989 12992 12909 12739 
5 12739 12875 13078 12989 12912 
5 12471 12739 12697 12698 12640 
5 12698 12697 12856 12864 12718 
4 13316 13399 13377 13331 
5 13170 13197 13316 13331 13441 
5 13152 13399 13316 13197 12967 
5 13506 13530 13662 13805 13564 
5 13391 13506 13564 13486 13339 
5 13597 13430 13572 13698 13607 
4 13633 13805 13698 13572 
5 13633 13572 13486 13564 13805 
5 13285 13272 13218 13192 13263 
5 13339 13218 13272 13285 13391 
5 13382 13297 13265 13340 13488 
5 13506 13391 13382 13495 13530 
4 13382 13391 13285 13297 
5 13285 13263 13192 13265 13297 
5 13262 13162 13188 13273 13385 
4 13385 13572 13430 13262 
5 13188 13158 13280 13385 13273 
4 13280 13158 13218 13339 
5 13486 13572 13385 13280 13339 
5 13106 13192 13218 13107 13024 
5 13135 13107 13218 13158 13188 
5 13089 13024 13107 13135 13188 
6 13165 13162 13262 13152 13177 13078 
5 12895 13162 13165 13078 12875 
5 12964 13089 13188 13162 12895 
4 13975 13884 13836 13967 
5 13928 14071 14036 13967 13836 
4 13975 13967 14036 14057 
4 14046 13993 13884 13949 
4 13964 13975 14057 14046 
5 13949 13884 13975 13964 14046 
5 14071 13928 14097 14211 14126 
4 14245 14373 14211 14097 
4 14126 14211 14373 14345 
4 14143 13993 14046 14125 
4 14143 14125 14345 14218 
5 14046 14057 14126 14345 14125 
4 14036 14071 14126 14057 
5 13374 13458 13488 13340 13265 
5 13458 13374 13493 13649 13500 
6 13458 13500 13605 13495 13382 13488 
4 13605 13500 13649 13697 
5 13605 13697 13585 13530 13495 
5 13884 13698 13805 13699 13836 
4 13697 13824 13699 13585 
5 13530 13585 13699 13805 13662 
4 14097 13986 14154 14168 
5 14227 14245 14097 14168 14154 
4 13836 13699 13824 13928 
4 13928 13824 13986 14097 
5 16146 16224 16246 16331 16207 
4 16096 16193 16224 16146 
5 16224 16193 16096 16368 16246 
4 16096 16088 16326 16368 
5 16041 15870 15893 16096 16146 
4 16020 16102 16028 15955 
5 15955 16028 16102 16257 16058 
7 16146 15999 16020 15976 16030 15870 16041 
5 16146 16189 16102 16020 15999 
4 15822 15870 16030 15976 
5 15955 15794 15842 15976 16020 
4 16323 16207 16331 399 
4 399 16331 10867 130 
4 16246 16368 10867 16331 
5 16189 16253 16284 16257 16102 
5 16253 16323 399 16346 16284 
5 16253 16189 16146 16207 16323 
5 4003 423 10432 3478 8003 
4 1750 3478 10432 10385 
6 8003 3478 1750 10385 10432 11477 
5 16284 16346 399 14620 12017 
5 423 4003 12017 14620 399 
4 12017 4003 8003 16402 
5 16257 16284 12017 16402 16336 
5 617 10669 3279 5784 130 
6 15096 15139 10669 617 130 10867 
5 10669 15139 15096 10867 16368 
5 6775 7056 3279 10669 10713 
4 16398 6775 10713 16344 
4 16368 16344 10713 10669 
4 5784 3279 8703 8771 
4 5784 8771 8974 6702 
5 3416 5784 6702 8974 9487 
5 423 3416 9487 10432 5815 
3 5815 10432 423 
5 399 130 5784 3416 423 
5 16322 16398 16344 16368 16326 
5 16322 16326 16088 16268 16260 
4 16398 16322 16260 16325 
4 16088 16141 16260 16268 
5 16325 16260 16141 16042 16027 
4 16035 16042 16141 16088 
5 15747 15708 15690 15697 15630 
4 16096 15893 15959 16088 
5 15959 15893 15847 15708 15747 
5 15781 16027 16042 16035 15944 
4 15944 16035 16088 15959 
5 15747 15758 15781 15944 15959 
5 15630 15681 15781 15758 15747 
4 16428 11813 16304 16340 
4 16411 98 11813 16428 
5 16365 98 16411 16428 16340 
4 16200 16304 11813 12140 
4 1871 11813 98 5951 
6 16200 16271 16308 16365 16340 16304 
5 16203 16320 16365 16308 16271 
5 16353 98 16365 16320 16203 
5 16076 16131 15954 15913 16058 
5 16076 16058 16257 16353 16170 
5 16203 16131 16076 16170 16353 
5 15954 16131 16203 16271 16200 
4 7056 9522 8703 3279 
4 11889 9522 7056 9693 
4 16398 5203 7056 6775 
4 16398 1799 5535 5203 
5 9693 7056 5203 5535 11889 
4 16257 16336 16402 16353 
4 16353 16402 8003 98 
6 98 8003 11477 11034 1573 6980 
4 3803 4503 11224 11242 
5 4503 3803 1573 11034 11224 
5 6980 1573 3803 5951 98 
5 5951 3803 11242 428 1871 
5 860 5902 11812 12415 7686 
4 8342 11670 11812 5902 
5 6353 5521 8342 5902 860 
5 8342 3026 4266 11297 11670 
4 8342 5521 345 3026 
4 345 6916 4266 3026 
4 6833 12306 398 7686 
5 5521 6353 860 7686 398 
5 12863 7441 6833 7686 12415 
4 5975 12863 14740 1383 
4 12863 5975 1383 7441 
4 3227 6833 7441 1383 
4 3227 1383 14740 14411 
5 1871 1 4127 12140 11813 
4 2857 1 6916 345 
5 6916 1 11084 11297 4266 
3 428 11242 11897 
4 1 1871 11086 11084 
4 11086 1871 428 11897 
5 8699 12140 4127 1 2857 
4 8699 2857 345 16379 
5 16200 12140 8699 16379 16272 
5 12306 16381 2051 14582 398 
4 5521 398 14582 2051 
4 16328 16379 2051 16381 
4 2051 16379 345 5521 
5 15945 15856 15818 16115 16081 
5 15978 15856 15945 16081 16044 
5 16081 16115 16142 16175 16044 
5 16029 15981 16044 16175 16381 
5 15856 15978 16044 15981 15799 
4 16029 15869 15853 15981 
5 15799 15981 15853 15869 15654 
4 15711 15699 15818 15786 
4 15786 15818 15856 15799 
5 15711 15786 15799 15654 15736 
5 15736 15654 15546 15653 15711 
4 16175 16236 16328 16381 
5 16236 16200 16272 16379 16328 
5 16142 16115 16200 16236 16175 
5 16115 15818 15841 15954 16200 
4 15954 15841 15772 15913 
4 15772 15754 15777 15913 
4 15627 15522 15485 15661 
4 15522 15564 15455 15485 
4 15564 15522 15627 15647 
5 15742 15772 15841 15647 15693 
4 15754 15772 15742 15693 
5 15712 15627 15661 15777 15754 
5 15627 15712 15754 15693 15647 
5 15196 15266 15295 15420 15223 
5 15295 15266 15455 15446 15420 
5 15455 15564 15647 15531 15446 
5 15531 15647 15589 15541 15475 
4 15475 15420 15446 15531 
5 15555 15641 15699 15711 15653 
4 15364 15555 15653 15378 
5 15700 15841 15818 15699 15641 
5 15646 15647 15841 15700 15641 
4 15475 15541 15641 15555 
5 15541 15589 15647 15646 15641 
5 15308 15261 15354 15368 15364 
5 15364 15368 15354 15393 15555 
4 15393 15354 15475 15555 
4 15475 15354 15360 15420 
4 15229 15223 15420 15360 
5 15360 15354 15261 15276 15229 
4 15185 15223 15229 15124 
5 15103 15124 15080 14990 15070 
6 15103 15070 14926 15223 15185 15124 
4 15106 14990 15080 15168 
5 15106 15168 15169 15261 15308 
5 15124 15229 15276 15261 15165 
6 15168 15080 15124 15165 15261 15169 
5 15266 15196 15300 15485 15455 
4 14926 14988 15196 15223 
4 14931 14987 15196 14988 
4 14860 14987 14931 14805 
4 14931 14988 14926 14867 
4 14498 14825 14799 14669 
4 14498 14737 15000 14825 
4 14825 15005 14951 14799 
4 14920 14987 14860 14801 
6 14799 14951 15018 14987 14920 14801 
4 14669 14860 14805 14623 
4 14860 14669 14799 14801 
4 15230 15018 14951 15005 
4 15157 15232 15000 15020 
5 14825 15000 15232 15230 15005 
4 14987 15018 15258 15196 
5 15230 15232 15328 15258 15018 
5 14737 14498 14417 14615 14747 
4 14747 14615 14828 14881 
5 14583 14741 14872 15007 14828 
5 15000 14737 14747 14881 15020 
4 14881 14828 15007 15020 
4 15020 15007 15098 15157 
4 15098 15007 15178 15157 
5 15543 15487 15370 15539 15666 
5 15543 15597 15630 15697 15487 
5 15597 15543 15666 15681 15630 
6 15453 15461 15697 15690 15466 15350 
6 15453 15178 15370 15487 15697 15461 
4 15157 15178 15453 15350 
5 15350 15466 15658 15470 15382 
5 15822 15658 15847 15893 15870 
5 15658 15466 15690 15708 15847 
5 15367 15444 15398 15328 15232 
4 15367 15382 15470 15444 
4 15157 15350 15382 15301 
5 15232 15157 15301 15382 15367 
4 15526 15683 15661 15424 
4 15300 15424 15661 15485 
5 15258 15328 15424 15300 15196 
5 15470 15658 15683 15518 15444 
6 15479 15444 15518 15683 15526 15424 
5 15328 15398 15444 15479 15424 
5 15683 15658 15822 15782 15741 
5 15842 15794 15782 15822 15976 
5 15741 15782 15794 15955 15683 
5 15777 15776 15938 15915 15913 
4 15913 15915 15938 16058 
4 15938 15776 15955 16058 
5 15683 15955 15776 15777 15661 
7 14678 14598 14609 14676 14700 14722 14803 
6 14690 14607 14803 14812 14714 14631 
5 14678 14803 14607 14596 14644 
5 14803 14722 14700 14842 14909 
5 15044 14909 14842 14902 15058 
4 15023 14803 14909 15044 
5 14609 14546 14537 14700 14676 
5 14345 14313 14263 14242 14218 
4 14546 14313 14345 14537 
4 14619 14596 14515 14590 
5 14644 14596 14619 14590 14678 
5 14383 14313 14546 14590 14515 
5 14590 14546 14609 14598 14678 
5 14454 14360 14449 14508 14486 
4 14508 14515 14596 14607 
4 14471 14454 14486 14503 
5 14607 14690 14631 14471 14503 
4 14508 14607 14503 14486 
4 14508 14449 14383 14515 
4 14313 14383 14449 14360 
5 14262 14242 14263 14313 14360 
5 14360 14454 14471 14363 14262 
5 14312 14262 14363 14471 14337 
4 14525 14337 14471 14631 
5 14674 14650 14898 14921 14827 
6 14804 14674 14827 14921 14885 14819 
4 14885 14957 14869 14819 
4 14646 14672 14703 14712 
4 14672 14804 14819 14703 
4 14712 14703 14819 14869 
6 14193 14325 14312 14337 14525 14330 
5 14305 14330 14525 14423 14321 
5 14479 14321 14423 14650 14521 
4 14525 14631 14650 14423 
4 14650 14631 14811 14898 
5 14672 14521 14650 14674 14804 
5 14479 14521 14672 14646 14712 
5 15013 14811 14878 15050 15085 
4 15013 15085 15097 14968 
5 14898 14811 15013 14968 14921 
5 14631 14714 14785 14878 14811 
4 14714 14812 14878 14785 
4 14968 15026 14939 14921 
4 14885 15026 15160 14957 
4 14921 14939 15026 14885 
5 15138 15450 15284 15113 15097 
5 15085 15325 15450 15138 15097 
4 15097 15113 15026 14968 
5 15026 15113 15284 15202 15160 
5 14460 14555 14510 14537 14345 
4 14460 14497 14651 14555 
4 14345 14373 14497 14460 
4 14537 14561 14684 14700 
4 14537 14510 14555 14561 
4 14684 14561 14555 14651 
5 14766 14684 14651 14813 14890 
5 14638 14637 14863 14813 14651 
6 14890 14904 14841 14902 14842 14766 
4 14700 14684 14766 14842 
5 14904 15024 15058 14902 14841 
5 14890 14813 14863 15024 14904 
4 14227 14340 14437 14441 
4 14592 14506 14457 14478 
6 14491 14478 14457 14506 14441 14437 
5 14592 14478 14491 14655 14637 
4 14491 14437 14340 14431 
4 14431 14585 14655 14491 
4 14497 14506 14605 14651 
5 14605 14506 14616 14638 14651 
5 14592 14637 14638 14616 14506 
4 14315 14227 14441 14433 
5 14374 14315 14433 14441 14506 
4 14227 14315 14373 14245 
5 14373 14315 14374 14506 14497 
5 15001 15106 15308 15265 15115 
5 14930 15001 15115 15008 14883 
5 14863 14883 15008 15115 15024 
4 14883 14861 14935 14930 
5 14935 14990 15106 15001 14930 
4 14743 14990 14935 14861 
5 14683 14743 14861 14706 14658 
5 14661 14685 14743 14683 14658 
5 14658 14585 14431 14501 14661 
5 14863 14637 14755 14861 14883 
4 14658 14706 14655 14585 
5 14655 14706 14861 14755 14637 
5 14867 14926 14868 14877 14754 
5 14418 14443 14623 14754 14697 
5 14623 14805 14931 14867 14754 
5 14721 14754 14877 14868 14789 
4 14868 14926 15070 14990 
4 14789 14868 14990 14743 
4 14744 14789 14743 14685 
5 14695 14738 14744 14685 14581 
5 14695 14721 14789 14744 14738 
5 14581 14418 14697 14679 14695 
5 14754 14721 14695 14679 14697 
5 14661 14501 14418 14581 14685 
5 15687 15575 15743 15710 15899 
5 15325 15575 15687 15535 15450 
5 15356 15414 15441 15575 15325 
4 15414 15438 15602 15441 
6 15575 15635 15689 15713 15806 15743 
6 15635 15575 15441 15602 15713 15689 
4 15898 16009 15895 15806 
4 15602 15767 15846 15713 
4 15898 15806 15713 15846 
5 15710 15848 16008 16007 15899 
4 15848 15800 15895 16008 
4 15895 15800 15743 15806 
4 15710 15743 15800 15848 
4 16029 16381 16093 16038 
4 15869 16029 16038 15883 
5 15883 16038 16093 16055 15804 
5 15785 15804 16055 15788 15660 
4 15660 15654 15804 15785 
4 15804 15654 15869 15883 
4 15435 15489 15622 15629 
5 15602 15438 15435 15629 15767 
4 15757 15760 15637 15788 
5 15788 15637 15622 15489 15660 
5 15629 15622 15637 15675 15767 
4 15760 15767 15675 15637 
5 15359 15256 15406 15403 15243 
4 15280 15220 15243 15403 
4 15445 15280 15403 15660 
4 15406 15546 15654 15556 
5 15556 15654 15660 15524 15406 
4 15403 15406 15524 15660 
5 15383 15378 15653 15546 15406 
5 15406 15265 15349 15378 15383 
5 15308 15364 15378 15349 15265 
5 15058 15135 15243 15220 15044 
4 15058 15024 15115 15135 
5 15265 15406 15256 15143 15115 
6 15243 15135 15115 15143 15256 15359 
6 15217 15220 15280 15445 15660 15454 
4 15044 15220 15217 15023 
5 15356 15245 15435 15438 15414 
4 15384 15245 15217 15454 
6 15384 15454 15660 15489 15435 15245 
5 15356 15325 15085 15050 15245 
5 15075 15023 15217 15245 15050 
4 14878 14812 14966 15050 
4 14803 14850 14966 14812 
5 15023 14994 14966 14850 14803 
5 15075 15050 14966 14994 15023 
4 15760 15757 15788 15886 
4 15940 15886 15788 15989 
5 15767 15760 15886 15940 15988 
4 16120 16310 16161 16103 
4 15988 15940 15989 16073 
4 15988 16073 16120 16103 
4 15965 16005 16101 16009 
5 15925 15965 16009 15898 15846 
5 15965 15925 15846 15970 16005 
5 16005 15968 16103 16161 16101 
6 15956 15877 15988 16103 15968 16005 
4 15846 15767 15988 15877 
5 15877 15956 16005 15970 15846 
5 16228 16238 16120 16073 16160 
4 16310 16120 16238 16397 
5 16160 16073 15989 16053 16050 
5 16055 16202 16228 16160 16050 
5 15788 16055 16050 16053 15989 
4 6589 12306 6833 1210 
4 16238 16228 16347 16397 
5 10499 16397 16347 6589 1210 
5 6589 16347 16294 16381 12306 
5 16228 16202 16245 16294 16347 
5 16147 16093 16381 16294 16245 
5 16055 16093 16147 16245 16202 
4 109 5773 801 16342 
5 16295 16372 16342 16091 16282 
4 109 16342 16372 13895 
5 14919 801 5773 10849 16432 
5 109 13895 2609 5135 4523 
5 5773 109 4523 16432 10849 
5 16295 16258 16361 13895 16372 
4 16161 16310 16361 16258 
4 16310 13447 13895 16361 
5 16009 16220 16282 16008 15895 
5 16008 16282 16091 16064 16007 
4 16220 16258 16295 16282 
5 16220 16009 16101 16161 16258 
4 3227 10499 1210 6833 
4 10499 3227 14411 5472 
5 13447 16310 16397 10499 5472 
4 791 4151 13447 5472 
5 5472 14411 12976 7822 791 
5 4151 791 7822 12976 14298 
4 15963 6561 6566 2554 
4 5135 2554 6566 4523 
4 16432 4523 6566 6561 
4 4151 14298 2554 5135 
3 2554 14298 15963 
4 13895 1099 5135 2609 
5 1099 13895 13447 4151 5135 
5 9577 9429 9413 9406 9334 
5 9334 9339 9379 9578 9577 
4 9433 9578 9379 9309 
5 9114 9192 9309 9379 9339 
4 9192 9138 9198 9311 
4 9309 9192 9311 9433 
4 9847 9759 9854 9927 
5 9704 9663 9759 9847 9927 
4 9759 9663 9666 9674 
4 9577 9578 9674 9666 
4 9577 9666 9601 9429 
4 9591 9601 9666 9663 
5 9678 9702 9578 9573 9662 
5 9662 9757 9948 9742 9678 
4 9751 9702 9678 9742 
5 9433 9524 9662 9573 9578 
4 9433 9311 9553 9524 
4 9662 9524 9553 9757 
4 9858 9974 9854 9759 
5 9730 9751 9858 9759 9674 
5 9730 9674 9578 9702 9751 
5 9742 9948 9795 9793 9751 
5 9757 10115 10206 10273 9948 
5 9858 9751 9793 9795 9948 
5 9974 9858 9948 10273 10071 
4 10583 10431 10465 10572 
5 10431 10583 10631 10504 10302 
4 10583 10572 10596 10644 
5 10596 10416 10593 10615 10644 
5 10465 10427 10416 10596 10572 
5 10362 10226 10358 10427 10465 
5 10302 10226 10362 10349 10431 
4 10349 10362 10465 10431 
4 10151 10117 10321 10270 
4 10270 10358 10226 10151 
4 10270 10321 10334 10358 
4 10358 10334 10416 10427 
5 9967 9981 9988 10039 9853 
4 10033 10039 9988 9981 
5 10033 9981 10177 10117 10039 
5 9704 9927 9967 9853 9652 
5 9967 9927 10063 10177 9981 
4 9927 9854 9974 10063 
5 10063 9974 10071 10273 10223 
4 10063 10223 10280 10177 
4 10280 10309 10299 10177 
4 10416 10395 10471 10593 
4 10299 10309 10471 10395 
4 10117 10177 10299 10321 
5 10321 10299 10395 10416 10334 
4 9663 9704 9652 9591 
5 9557 9413 9552 9591 9652 
5 9552 9413 9429 9601 9591 
4 9413 9135 9144 9406 
4 9144 9054 9334 9406 
5 9110 9114 9339 9334 9054 
5 9428 9557 9652 9558 9539 
4 9576 9412 9558 9811 
5 9652 9853 9855 9811 9558 
5 9135 9413 9557 9428 9231 
4 9231 9428 9539 9358 
7 9231 9315 9412 9408 9271 9220 9135 
6 9231 9358 9539 9558 9412 9315 
5 9811 9855 9720 9632 9576 
4 9530 9540 9632 9720 
4 9632 9540 9556 9576 
5 9408 9540 9530 9381 9333 
4 9408 9517 9556 9540 
5 9412 9576 9556 9517 9408 
4 9432 9478 9532 9581 
5 9205 9240 9299 9478 9432 
4 9299 9240 9357 9478 
5 9185 9271 9408 9333 9240 
6 9333 9381 9501 9478 9357 9240 
5 9501 9381 9530 9532 9478 
5 9855 9853 10039 10077 10043 
4 10051 10043 10077 10226 
5 10117 10151 10226 10077 10039 
4 9931 9922 10043 10051 
4 9820 9720 9922 9931 
4 9720 9855 10043 9922 
5 10028 10035 10193 10134 10096 
5 10006 9885 9936 9965 10028 
5 10006 10028 10096 9957 9885 
5 9931 10051 9965 9936 9820 
5 9820 9936 9885 9814 9745 
5 10035 10028 9965 10051 10193 
6 10051 10226 10302 10459 10285 10193 
4 9715 9581 9646 9745 
4 9623 9645 9745 9646 
5 9532 9645 9623 9646 9581 
4 9532 9530 9720 9645 
4 9720 9820 9745 9645 
5 9414 9432 9581 9715 9625 
5 9856 9905 9748 9625 9715 
4 10083 9996 9957 10096 
5 10083 10096 10134 10118 9996 
5 9856 9885 9957 9996 9905 
5 9715 9745 9814 9885 9856 
4 8876 8853 9006 9068 
4 8880 9054 9144 9006 
4 9068 9006 9144 9135 
5 9006 8853 8685 8789 8880 
5 8789 8809 8740 8978 8880 
4 8880 8978 9110 9054 
4 8761 8853 8876 8810 
4 8789 8685 8635 8809 
5 8590 8575 8685 8667 8584 
5 8521 8575 8590 8584 8436 
5 8662 8573 8436 8584 8667 
5 8667 8685 8853 8761 8662 
4 8791 8740 8599 8621 
5 8614 8599 8740 8809 8635 
4 8740 8791 9017 8978 
5 9013 9138 9192 9017 8791 
5 8978 9017 9192 9114 9110 
4 8471 8483 8536 8614 
4 8536 8530 8599 8614 
6 8483 8480 8621 8599 8530 8536 
4 8575 8521 8635 8685 
5 8296 8270 8467 8521 8436 
5 8471 8520 8521 8467 8270 
5 8520 8471 8614 8635 8521 
4 8991 9085 9205 9099 
4 8939 8988 9085 8991 
5 8988 8939 9096 9086 9085 
4 9185 9240 9180 9096 
5 9096 9180 9240 9097 9086 
5 9097 9240 9205 9085 9086 
5 8605 8577 8732 8721 8564 
4 9030 8732 8918 9134 
5 8732 9030 9096 8939 8721 
5 9068 9135 9220 9134 8918 
4 9134 9185 9096 9030 
4 9220 9271 9185 9134 
6 8765 8770 8810 8918 8732 8725 
6 8770 8765 8725 8506 8662 8769 
6 8577 8605 8541 8506 8725 8732 
4 8876 9068 8918 8810 
5 8662 8761 8810 8770 8769 
4 8473 8354 8541 8605 
4 8354 8353 8486 8541 
5 8486 8353 8440 8506 8541 
4 8303 8372 8440 8353 
5 8440 8372 8573 8662 8506 
5 8245 8436 8573 8372 8303 
4 8436 8245 8242 8296 
5 8100 8303 8353 8300 8158 
4 8157 8158 8300 8288 
4 8170 8157 8288 8335 
4 8115 8061 8016 8100 
4 8115 8100 8158 8157 
6 8061 8115 8157 8170 8132 8089 
5 7826 8016 8061 8041 7986 
4 8170 8056 8089 8132 
6 8056 8026 7986 8041 8061 8089 
4 8282 8180 8335 8431 
4 8180 8056 8170 8335 
4 8180 8098 7997 8056 
4 7985 7997 8098 8080 
4 8321 8422 8438 8370 
5 8564 8721 8823 8706 8665 
5 8438 8422 8473 8605 8564 
5 8321 8370 8335 8288 8300 
5 8422 8321 8300 8416 8473 
5 8354 8473 8416 8300 8353 
6 8438 8564 8665 8650 8596 8519 
5 8431 8335 8370 8438 8519 
5 8607 8519 8596 8657 8706 
5 8657 8596 8650 8665 8706 
4 8519 8607 8540 8431 
4 8607 8706 8594 8540 
6 8741 8783 8955 8992 8961 8870 
5 8783 8741 8649 8711 8955 
5 8706 8901 9154 8955 8711 
4 9072 9154 9414 9313 
4 8939 8991 8823 8721 
4 8901 8706 8823 8991 
5 8901 8991 9099 9113 9154 
5 9195 9205 9432 9414 9154 
5 9113 9099 9205 9195 9154 
6 8649 8562 8540 8594 8706 8711 
4 8356 8462 8557 8381 
5 8557 8462 8562 8649 8741 
4 8447 8431 8540 8562 
5 8282 8431 8447 8386 8356 
5 8386 8447 8562 8462 8356 
4 8631 8377 8557 8741 
4 8631 8741 8870 8629 
5 8629 8376 8371 8377 8631 
4 8218 8381 8557 8377 
4 8249 8356 8381 8218 
4 8180 8282 8144 8098 
5 8144 8282 8356 8249 8218 
4 11837 11787 11790 11848 
4 11837 11848 12011 12123 
5 11741 11865 12011 11848 11790 
5 11655 11580 11472 11529 11680 
4 11659 11580 11655 11790 
4 11790 11655 11680 11741 
4 11633 11605 11771 11699 
5 11633 11699 11731 11667 11514 
5 11771 11852 11885 11731 11699 
4 11514 11667 11731 11587 
4 11529 11514 11587 11680 
3 11587 11741 11680 
4 11587 11731 11885 11741 
5 11514 11529 11472 11422 11431 
5 11376 11486 11514 11431 11422 
5 11414 11474 11514 11486 11376 
4 11474 11398 11444 11469 
6 11444 11605 11633 11586 11474 11469 
4 11586 11633 11514 11474 
5 11137 11082 11094 11151 11170 
4 11080 11082 11137 11140 
5 11140 11137 11309 11165 11080 
5 11170 11151 11378 11398 11315 
4 11315 11398 11474 11414 
5 11170 11315 11414 11309 11137 
4 11165 11309 11414 11376 
4 10851 10843 10877 10907 
5 10803 10825 10959 10877 10843 
5 10702 10645 10825 10803 10780 
5 10631 10583 10644 10843 10851 
5 10593 10645 10702 10644 10615 
5 10843 10644 10702 10780 10803 
4 10789 10837 10825 10645 
4 10668 10789 10645 10616 
5 10616 10645 10593 10471 10668 
4 10877 10959 11071 11101 
4 11071 11003 11112 11208 
5 10837 11003 11071 10959 10825 
5 10877 11101 11130 11068 10907 
4 11062 11151 11094 11082 
5 11062 10907 11068 11130 11151 
4 11080 10952 10921 11082 
5 10659 10631 10851 10921 10952 
5 10907 11062 11082 10921 10851 
4 11333 11208 11426 11510 
5 11071 11147 11171 11130 11101 
5 11071 11208 11333 11171 11147 
5 11130 11171 11333 11378 11151 
5 11510 11624 11476 11378 11333 
4 11444 11398 11378 11476 
4 11358 11632 11626 11437 
4 11308 11358 11437 11452 
4 11626 11588 11452 11437 
4 11588 11626 11830 11723 
4 11626 11632 11700 11800 
4 11830 11626 11800 11998 
4 11208 11112 11332 11426 
4 11104 11308 11332 11112 
4 11308 11452 11445 11332 
4 11426 11332 11445 11513 
4 11426 11513 11536 11510 
4 11588 11723 11513 11492 
5 11445 11452 11588 11492 11513 
4 11104 11028 11148 11308 
4 10873 11022 11148 11028 
5 11028 11104 10869 10917 10873 
4 10985 11132 11148 11022 
5 10873 10826 10893 10985 11022 
4 10985 10893 11011 11132 
4 11308 11148 11223 11358 
5 11223 11305 11132 11323 11358 
4 11148 11132 11305 11223 
4 11323 11132 11011 11283 
5 11671 11323 11283 11367 11468 
4 11358 11323 11671 11632 
5 11700 11632 11671 11491 11720 
5 10869 11014 11003 10905 10790 
4 10869 11104 11112 11014 
3 11014 11112 11003 
4 10671 10599 10687 10893 
5 10737 10671 10893 10826 10873 
4 10905 11003 10837 10789 
4 10764 10789 10668 10790 
4 10905 10789 10764 10790 
5 10668 10423 10627 10869 10790 
5 10471 10309 10280 10423 10668 
5 10627 10737 10873 10917 10869 
5 10326 10331 10494 10627 10423 
5 10273 10379 10494 10331 10326 
5 10280 10223 10273 10326 10423 
4 10379 10516 10511 10494 
6 10494 10511 10516 10571 10737 10627 
4 10737 10571 10516 10671 
4 10516 10379 10480 10671 
4 10480 10343 10599 10671 
5 10273 10206 10361 10480 10379 
4 10361 10206 10343 10480 
5 12747 12734 12770 12841 12775 
4 12646 12591 12734 12747 
4 12475 12591 12646 12423 
5 12423 12646 12659 12641 12622 
4 12641 12659 12706 12775 
5 12646 12747 12775 12706 12659 
4 12213 12327 12348 12123 
4 12622 12348 12386 12423 
5 12327 12213 12423 12386 12348 
5 12173 12150 12212 12385 12213 
4 12475 12423 12213 12385 
5 12162 12109 12150 12173 12213 
5 12162 12213 12123 12011 12109 
5 12479 12612 12635 12487 12410 
4 12475 12487 12635 12591 
5 12385 12212 12410 12487 12475 
4 12635 12612 12777 12763 
4 12734 12591 12635 12770 
4 12901 12770 12635 12763 
4 13025 12986 13195 13175 
6 12901 12839 12953 13025 12841 12770 
5 12982 13025 13175 13288 13210 
4 12873 12986 12924 12839 
5 13025 12953 12839 12924 12986 
4 12777 12839 12901 12763 
4 12873 12839 12777 12793 
5 12672 12577 12473 12372 12572 
4 12399 12324 12372 12473 
4 12473 12577 12519 12399 
5 12618 12654 12479 12519 12577 
5 12410 12324 12399 12405 12479 
4 12399 12519 12479 12405 
4 13537 13577 13388 13401 
4 12612 12479 12654 12777 
4 13260 13195 13379 13401 
4 13195 13260 13288 13175 
4 13288 13338 13401 13388 
4 13260 13401 13338 13288 
6 12793 12756 12787 12905 12986 12892 
4 12892 12986 12873 12793 
5 12618 12577 12672 12645 12626 
6 12654 12618 12626 12645 12756 12669 
5 12793 12777 12654 12669 12756 
4 12787 12829 12945 12905 
4 12720 12756 12645 12672 
5 12720 12890 12829 12787 12756 
4 12890 12705 12899 13014 
5 12829 12890 13014 13105 12945 
4 12572 12705 12715 12672 
5 12672 12715 12705 12890 12720 
4 11938 12093 12023 11865 
5 11741 11885 11852 11938 11865 
5 11938 11886 12038 12090 12093 
5 12011 11865 12023 12150 12109 
4 12212 12093 12255 12410 
4 12212 12150 12023 12093 
4 11993 11934 11771 11909 
5 11852 11771 11934 11886 11938 
4 11886 11934 12058 12038 
5 12255 12058 12122 12108 12172 
5 12038 12058 12255 12093 12090 
5 11934 11993 12085 12048 12058 
5 12122 12058 12048 12085 12108 
5 12372 12185 12079 12205 12273 
4 11993 12079 12185 12085 
5 12085 12185 12372 12172 12108 
5 11993 11909 11896 11940 12079 
5 12372 12324 12410 12255 12172 
5 11803 11629 11476 11624 11761 
4 11510 11678 11761 11624 
5 11771 11605 11669 11763 11909 
4 11669 11896 11909 11763 
5 11669 11476 11629 11803 11896 
4 11605 11444 11476 11669 
4 12202 12151 12104 11998 
5 12094 12044 11830 11998 12104 
5 12077 12044 12094 12082 12225 
4 12225 12151 12202 12368 
5 12094 12104 12151 12225 12082 
4 12225 12368 12366 12252 
4 12154 12252 12273 12205 
5 12252 12366 12572 12372 12273 
5 12416 12555 12366 12368 12446 
4 12705 12572 12366 12555 
5 12555 12416 12446 12556 12705 
4 12556 12898 12899 12705 
4 11723 11830 11807 11748 
4 11807 11830 12044 12077 
5 11914 11748 11807 12077 12107 
5 11536 11513 11723 11678 11510 
4 11678 11723 11748 11740 
5 11740 11748 11914 11761 11678 
4 12205 12079 12018 12154 
5 12252 12154 12107 12077 12225 
4 12107 12154 12018 11914 
4 11914 11922 11940 11908 
5 11922 11914 12018 12079 11940 
4 11908 11803 11761 11914 
4 11908 11940 11896 11803 
5 11757 11840 11774 11805 11777 
5 11675 11716 11777 11805 11774 
5 11716 11675 11582 11757 11777 
4 11774 11747 11539 11675 
4 11747 11774 11894 11826 
5 11921 11894 11774 11840 11757 
5 11539 11455 11560 11582 11675 
5 11450 11661 11664 11757 11582 
4 11560 11455 11450 11582 
4 11450 11455 11405 11280 
5 11619 11698 11661 11450 11280 
3 11619 11549 11698 
6 11280 11526 11656 11698 11549 11619 
4 11271 11212 11284 11334 
5 11271 10997 11163 11210 11212 
5 11271 11334 11396 11435 11258 
5 11535 11539 11747 11826 11547 
7 11423 11435 11396 11366 11539 11535 11512 
5 11512 11535 11547 11435 11423 
4 11275 11253 11212 11210 
4 11228 11275 11210 11126 
4 11334 11284 11366 11396 
5 11253 11275 11366 11284 11212 
5 11275 11228 11310 11405 11455 
4 11275 11455 11539 11366 
4 10928 10878 11119 11073 
5 10592 10594 10836 10878 10816 
5 10928 10690 10592 10816 10878 
4 11119 11257 11167 11073 
5 11126 11073 11167 11218 11228 
5 11167 11257 11310 11228 11218 
4 10779 10956 10936 10900 
4 11073 11126 10956 10928 
4 10928 10956 10779 10690 
5 11126 11210 11163 10963 10956 
5 10957 10900 10936 10956 10963 
5 10862 10900 10996 10997 10914 
6 10963 11163 10997 10996 10900 10957 
5 10878 10836 10948 11091 11119 
5 11091 11235 11310 11257 11119 
6 11169 11044 11176 11280 11180 10948 
4 11091 10948 11180 11235 
5 11405 11310 11235 11180 11280 
5 11496 11433 11379 11555 11572 
5 11433 11496 11572 11656 11475 
5 11219 11230 11373 11280 11205 
7 11475 11411 11526 11280 11373 11464 11433 
4 11373 11230 11433 11464 
4 11526 11411 11475 11656 
5 10839 10761 10835 10870 10938 
4 10916 10870 10835 10899 
5 10831 10923 10899 10835 10740 
4 10835 10761 10653 10740 
4 11287 11237 11103 11190 
4 11237 11287 11379 11433 
6 11237 11433 11230 11098 10969 11103 
5 10923 11129 11118 10916 10899 
4 11190 11118 11129 11287 
5 10969 10916 11118 11190 11103 
4 10870 10916 10969 10938 
4 10993 10863 10839 10938 
5 10993 10938 10969 11098 11143 
4 11044 10863 10993 11143 
5 11205 11280 11176 11044 11143 
4 11098 11230 11195 11143 
5 11205 11143 11195 11230 11219 
4 10839 10863 10783 10761 
6 10718 10527 10603 10566 10783 10863 
5 10603 10653 10761 10783 10566 
5 10853 10718 10863 10902 10948 
5 10902 10863 11044 11169 10948 
5 10836 10580 10718 10853 10948 
4 10212 10254 10231 10153 
5 10231 10254 10333 10354 10153 
5 10254 10212 10268 10391 10368 
4 10333 10254 10368 10313 
5 10313 10368 10434 10354 10333 
4 10555 10580 10836 10594 
4 10594 10592 10478 10555 
4 10580 10555 10434 10368 
4 10476 10556 10324 10445 
5 10476 10478 10592 10690 10556 
5 10478 10476 10354 10434 10555 
5 10251 10354 10476 10445 10323 
6 10831 10740 10828 10755 10930 10923 
5 10740 10629 10548 10692 10828 
5 10755 10744 10876 10833 10930 
5 10682 10625 10744 10755 10697 
6 10548 10682 10697 10755 10828 10692 
5 10268 10191 10492 10527 10428 
5 10368 10391 10268 10428 10580 
4 10527 10718 10580 10428 
5 10629 10492 10191 10394 10548 
4 10629 10740 10653 10492 
4 10527 10492 10653 10603 
5 9792 9932 10025 10032 9850 
4 9990 9970 10153 10025 
5 9912 9970 9990 10025 9932 
5 10251 10144 10025 10153 10354 
4 10323 10097 10213 10251 
6 10032 10025 10144 10251 10213 10097 
5 9950 9812 9761 9874 9961 
5 9961 10002 10015 10268 10212 
5 9950 9961 10212 10153 9970 
4 9812 9950 9808 9786 
4 9912 9808 9950 9970 
5 9837 9912 9932 9792 9764 
5 9764 9786 9808 9912 9837 
5 9615 9395 9369 9529 9547 
4 9671 9615 9547 9585 
6 9615 9671 9850 9688 9654 9395 
6 9426 9548 9551 9543 9547 9529 
5 9707 9585 9547 9543 9551 
4 9707 9850 9671 9585 
4 9792 9735 9607 9764 
5 9737 9735 9792 9850 9707 
5 9735 9737 9707 9551 9607 
4 9727 9812 9786 9764 
4 9755 9761 9812 9727 
4 9542 9727 9764 9607 
5 9426 9480 9607 9551 9548 
4 9425 9244 9274 9493 
6 9164 9265 9274 9244 9121 9173 
4 9426 9244 9425 9480 
4 9727 9712 9761 9755 
7 9712 9727 9542 9607 9480 9536 9493 
4 9536 9480 9425 9493 
5 9599 9531 9538 9611 9682 
4 9479 9531 9599 9493 
4 9493 9599 9682 9712 
5 9345 9538 9422 9479 9363 
6 9274 9265 9345 9363 9479 9493 
4 9479 9422 9538 9531 
5 9149 9172 9216 8960 8897 
4 8818 9149 8897 8859 
5 8818 9003 9190 9172 9149 
4 8960 9216 9269 9142 
4 8877 8897 8960 8937 
5 9106 8934 8877 8937 8960 
5 9265 9164 9119 9188 9345 
5 9121 9016 9119 9164 9173 
5 9106 9188 9119 9016 8934 
5 9188 9106 8960 9142 9269 
5 9282 9527 9538 9345 9188 
6 9282 9188 9269 9350 9460 9527 
5 9500 9636 9579 9538 9527 
5 9636 9705 9583 9538 9579 
4 9675 9538 9583 9705 
6 9467 9443 9500 9527 9460 9350 
5 9350 9269 9401 9443 9467 
4 9857 9804 9977 9911 
5 9911 9977 10041 10015 10002 
5 9911 10002 9961 9874 9857 
4 9804 9739 9675 9705 
4 9739 9804 9857 9874 
5 9611 9538 9675 9739 9682 
5 9739 9874 9761 9712 9682 
5 9648 9622 9827 9698 9636 
5 9622 9475 9618 9824 9827 
4 9618 9491 9706 9824 
5 9565 9636 9500 9443 9475 
5 9475 9622 9648 9636 9565 
4 9297 9269 9216 9257 
4 9216 9172 9190 9257 
6 9297 9257 9346 9402 9312 9269 
4 9402 9346 9491 9618 
4 9312 9402 9618 9475 
5 9269 9312 9475 9443 9401 
5 10036 10081 10246 10155 10094 
6 10339 10171 10074 10173 10155 10246 
4 10094 10155 10173 10074 
5 10310 10350 10339 10246 10081 
5 10394 10171 10339 10460 10548 
4 9886 10081 10036 9894 
4 9818 9886 9894 9824 
5 9706 9768 9886 9818 9824 
5 9862 9827 9824 9894 9895 
5 9929 9862 9895 9894 9951 
4 9929 9951 10094 10074 
4 9951 9894 10036 10094 
4 10041 10191 10268 10015 
5 10108 10205 10102 10041 10072 
5 10205 10394 10191 10041 10102 
5 9827 9862 9929 10074 9868 
4 10205 10108 10171 10394 
5 10108 10072 9868 10074 10171 
4 9890 10041 9977 9804 
4 10041 9890 9962 10072 
5 9804 9705 9867 9962 9890 
5 9883 9844 9817 9868 10072 
5 9962 9867 9844 9883 10072 
5 9705 9636 9698 9844 9867 
5 9698 9827 9868 9817 9844 
5 11370 11402 11379 11287 11320 
6 11555 11528 11579 11648 11674 11606 
5 11402 11579 11528 11555 11379 
5 11579 11646 11824 11674 11648 
5 11694 11948 11824 11646 11579 
5 11694 11834 11919 11995 11948 
5 11593 11576 11631 11834 11694 
4 11576 11442 11565 11631 
5 11442 11576 11593 11404 11339 
4 11372 11446 11371 11301 
6 11371 11446 11579 11402 11370 11301 
5 11446 11404 11593 11694 11579 
4 11404 11446 11372 11339 
5 11203 11173 11146 11262 11245 
5 11301 11173 11203 11245 11372 
4 11245 11262 11339 11372 
5 11015 11146 11173 11301 11102 
4 11100 11102 11301 11370 
4 11262 11311 11442 11339 
4 11408 11565 11442 11311 
4 11311 11184 11265 11408 
4 11146 11184 11311 11262 
4 11287 11129 11370 11320 
5 10923 10930 11100 11370 11129 
5 10526 10540 10613 10625 10481 
5 10356 10526 10481 10439 10350 
5 10613 10540 10526 10356 10524 
5 10460 10439 10466 10682 10548 
5 10682 10466 10439 10481 10625 
4 10350 10439 10460 10339 
4 10809 10688 10613 10524 
5 10625 10613 10688 10809 10756 
5 10827 10892 10850 10756 10809 
5 10756 10850 10876 10744 10625 
6 10943 10876 10850 11015 11102 11100 
5 10833 10876 10943 11100 10930 
4 10809 10524 10562 10678 
4 10678 10562 10598 10724 
5 10642 10565 10716 10812 10724 
4 10794 10724 10812 10932 
5 10678 10724 10794 10944 10937 
5 11039 10987 11031 11066 11172 
4 10944 10987 11039 10937 
5 10932 11031 10987 10944 10794 
5 11304 11265 11184 11172 11066 
5 10892 10937 11039 11172 11184 
5 10809 10678 10937 10892 10827 
5 10892 11184 11146 11015 10850 
4 12088 12123 12348 12191 
4 12191 12164 12067 12088 
5 12244 12161 12164 12191 12266 
5 11787 11837 12123 11895 11907 
5 11895 12123 11950 11936 11907 
5 12067 11936 11950 12123 12088 
5 11936 11953 11919 11933 11806 
4 11870 11933 11919 11834 
4 11806 11933 11870 11834 
5 12016 11953 11936 12067 12164 
4 11995 11919 11953 12016 
5 12129 11995 12016 12164 12161 
5 11471 11415 11540 11625 11534 
5 11540 11415 11472 11580 11659 
5 11530 11356 11471 11534 11625 
5 11787 11625 11540 11659 11790 
5 11787 11717 11727 11530 11625 
4 11811 11907 11936 11806 
5 11717 11787 11907 11811 11727 
5 11631 11727 11811 11806 11834 
6 11499 11356 11530 11727 11631 11521 
5 11356 11499 11408 11265 11304 
5 11565 11408 11499 11521 11631 
5 11281 11376 11422 11472 11394 
4 11394 11331 11293 11281 
4 11331 11394 11472 11415 
5 11307 11415 11471 11272 11202 
4 11239 11293 11307 11202 
4 11307 11293 11331 11415 
5 11139 11070 11239 11202 11272 
4 11114 11077 11116 11267 
5 10953 11070 11116 11077 10932 
4 10932 11077 11114 11031 
8 11116 11070 11139 11272 11471 11356 11114 11267 
5 11066 11031 11114 11356 11304 
5 10971 11037 11070 10953 10945 
4 11232 11281 11293 11239 
5 11037 11085 11232 11239 11070 
5 10945 11049 11085 11037 10971 
5 11232 11246 11165 11376 11281 
5 11049 11165 11246 11232 11085 
5 10716 10662 10771 10953 10767 
5 10767 10953 10932 10812 10716 
5 10945 10742 10952 11010 11049 
5 10952 11080 11165 11049 11010 
3 10742 10945 10847 
4 10847 10945 10953 10771 
5 9448 9568 9366 9376 9326 
5 9326 9313 9414 9629 9448 
5 9326 9376 9366 9306 9313 
5 9072 9313 9306 9366 9056 
5 9324 8998 9056 9366 9439 
4 9568 9655 9439 9366 
4 9903 9807 9785 9882 
5 9785 9807 9784 9714 9521 
5 9886 9768 9706 9714 9784 
5 9882 9785 9661 9796 9934 
4 9852 9934 9796 9661 
5 9521 9403 9439 9661 9785 
4 9655 9852 9661 9439 
5 10081 10076 10356 10350 10310 
5 9784 9807 9903 9892 9886 
4 9886 9892 10076 10081 
5 10076 10105 10317 10524 10356 
6 10128 10105 10076 9892 9903 9882 
4 10276 10317 10105 10128 
4 10301 10221 10306 10472 
5 9934 10059 10183 10306 10221 
5 9882 9934 10221 10272 10128 
4 10472 10562 10524 10364 
4 10317 10276 10364 10524 
5 10272 10221 10301 10472 10364 
4 10272 10364 10276 10128 
4 9257 9190 9249 9346 
4 9346 9286 9387 9491 
6 9249 9259 9423 9387 9286 9346 
5 9078 9162 9152 9259 9249 
4 9003 9078 9249 9190 
4 9259 9152 9285 9403 
4 9439 9403 9285 9324 
5 9387 9423 9570 9706 9491 
4 9403 9570 9423 9259 
5 9521 9714 9535 9570 9403 
4 9535 9714 9706 9570 
4 8929 8794 8953 9061 
5 9010 8868 8794 8929 9061 
5 9285 9152 9061 8998 9324 
4 9010 9061 9152 9162 
5 9003 8895 9010 9162 9078 
5 8911 8915 8794 8629 8870 
5 8915 8911 8998 9061 8972 
5 8972 9061 8953 8794 8915 
5 8961 8992 9036 9072 9056 
5 8992 8955 9154 9072 9036 
5 8961 9056 8998 8911 8870 
5 9625 9748 9800 9629 9414 
5 9586 9568 9448 9629 9800 
5 9905 9996 9972 9881 9748 
4 9800 9748 9881 9924 
5 9996 10118 10099 10215 9972 
5 10099 10118 10211 10293 10215 
4 10134 10193 10285 10261 
4 10365 10261 10285 10459 
4 10134 10261 10211 10118 
4 10365 10293 10211 10261 
4 9900 9813 9767 9958 
4 9900 9958 10059 9934 
4 9979 10059 9958 9767 
4 9813 9900 9934 9852 
5 9767 9655 9568 9586 9800 
4 9852 9655 9767 9813 
4 9978 10030 10052 9979 
4 10059 9979 10052 10183 
5 10030 10181 10228 10183 10052 
5 9924 9881 9972 10030 9964 
4 10181 10030 9972 10215 
4 9800 9924 9964 9767 
5 10030 9978 9979 9767 9964 
5 10530 10565 10441 10491 10560 
4 10491 10582 10662 10560 
5 10565 10530 10560 10662 10716 
5 10598 10567 10601 10642 10724 
5 10441 10565 10642 10601 10567 
5 10183 10228 10304 10491 10441 
4 10183 10441 10567 10306 
5 10562 10472 10306 10567 10598 
4 10253 10181 10215 10294 
5 10253 10294 10304 10228 10181 
5 10294 10215 10293 10417 10372 
5 10304 10294 10372 10417 10491 
5 10459 10539 10626 10496 10365 
5 10539 10459 10302 10504 10631 
4 10659 10626 10539 10631 
4 10626 10659 10952 10742 
4 10563 10587 10626 10742 
4 10587 10518 10496 10626 
3 10518 10587 10563 
5 10417 10293 10365 10496 10518 
4 10563 10742 10847 10771 
5 10522 10563 10771 10662 10582 
5 10484 10522 10582 10491 10417 
5 10518 10563 10522 10484 10417 
5 11898 11893 11929 12097 12039 
4 11821 11893 11898 11863 
3 11893 11821 11929 
4 12230 12039 12097 12272 
5 12042 12039 12230 12060 12006 
5 11863 11898 12039 12042 12006 
6 11929 11821 11863 11739 11781 11881 
4 11891 11881 11781 11767 
4 11932 11929 11881 11923 
5 12272 12097 12066 12157 12352 
4 11932 12066 12097 11929 
5 12066 11932 11923 12174 12157 
5 12174 11923 11881 11891 11943 
4 11522 11363 11322 11504 
4 11617 11575 11767 11781 
5 11617 11522 11504 11542 11575 
5 11470 11424 11258 11435 11547 
5 11470 11677 11542 11504 11424 
5 11215 11258 11424 11504 11322 
5 11878 11677 11769 11826 11943 
5 11677 11470 11547 11826 11769 
5 11590 11641 11767 11575 11542 
5 11590 11542 11677 11878 11641 
5 11891 11767 11641 11878 11943 
4 10918 10860 10760 10759 
6 11117 10918 10927 10935 10994 11138 
5 10759 10819 10935 10927 10918 
5 11013 11109 11222 10976 10988 
4 10988 10860 10918 11013 
4 11013 10918 11117 11109 
4 11270 11543 11393 11227 
5 11270 11227 11138 10994 11033 
5 10819 10858 11033 10994 10935 
4 11222 11201 11324 11364 
5 11117 11138 11201 11222 11109 
5 11401 11324 11201 11383 11393 
5 11201 11138 11227 11393 11383 
5 12006 12060 12049 11935 11863 
4 11815 11935 12049 11890 
4 11652 11599 11739 11737 
5 11815 11737 11739 11863 11935 
4 11599 11617 11781 11739 
5 11570 11508 11363 11522 11617 
5 11270 11363 11508 11557 11543 
5 11599 11557 11508 11570 11617 
4 11033 11322 11363 11270 
5 11543 11557 11599 11652 11737 
5 11393 11543 11737 11515 11401 
4 11453 11480 11559 11592 
5 11453 11330 11439 11527 11480 
4 11439 11330 11364 11527 
4 11772 11858 11708 11527 
5 11559 11480 11527 11708 11620 
5 11559 11620 11708 11858 11592 
5 11515 11527 11364 11324 11401 
5 11527 11515 11615 11735 11772 
6 11615 11515 11737 11782 11792 11735 
5 11815 11890 11792 11782 11737 
4 11735 11792 11857 11772 
5 11330 11453 11385 11226 11274 
5 11226 11385 11518 11400 11241 
4 11628 11592 11858 11874 
5 11453 11592 11628 11518 11385 
4 11495 11400 11518 11628 
5 11546 11550 11602 11611 11478 
5 11400 11495 11550 11546 11438 
5 11478 11241 11400 11438 11546 
4 11550 11495 11628 11602 
5 11628 11874 11877 11814 11602 
4 11773 11795 11814 11877 
5 11611 11602 11814 11795 11773 
4 10964 10939 10821 10911 
5 10911 10824 11075 11009 10964 
5 11009 11002 11096 10939 10964 
5 11096 11002 11009 11075 11241 
5 11110 11061 11226 11241 11075 
5 10898 11088 11110 11075 10824 
6 11342 11241 11478 11463 11460 11420 
4 11538 11463 11478 11611 
6 11420 11460 11463 11538 11611 11544 
4 11252 11108 11216 11325 
6 11325 11216 11342 11420 11544 11429 
4 11216 11096 11241 11342 
5 10821 10939 11096 11216 11108 
5 11088 10999 11004 11061 11110 
4 11061 11004 11183 11226 
5 11244 11330 11274 11226 11183 
4 11183 10976 11222 11364 
4 11244 11183 11364 11330 
5 10866 10733 10976 11183 11004 
4 10733 10866 10924 10798 
4 10866 11004 10999 10924 
4 10805 10798 10924 10898 
4 10999 11088 10898 10924 
5 10769 10698 10733 10798 10805 
5 10824 10698 10769 10805 10898 
5 12464 12470 12604 12547 12508 
5 12535 12508 12547 12604 12581 
4 12535 12396 12464 12508 
5 12390 12142 12396 12516 12542 
4 12516 12396 12535 12581 
4 12966 12883 12752 12744 
5 12738 12690 12805 12883 12861 
5 12689 12752 12883 12805 12690 
4 12542 12516 12581 12616 
5 12657 12564 12542 12616 12738 
5 12616 12581 12689 12690 12738 
5 12689 12581 12604 12744 12752 
4 12360 12459 12470 12464 
4 12282 12422 12460 12360 
5 12459 12360 12460 12604 12470 
4 12304 12282 12360 12464 
4 12304 12142 12102 12282 
4 12142 12304 12464 12396 
5 12578 12574 12656 12624 12468 
4 12520 12460 12422 12557 
4 12468 12624 12688 12557 
5 12744 12520 12557 12688 12730 
4 12520 12744 12604 12460 
4 12966 12744 12730 12919 
4 12391 12578 12468 12336 
4 12422 12317 12468 12557 
5 12298 12260 12336 12468 12317 
4 12260 12206 12269 12336 
4 12269 12326 12391 12336 
5 12206 12207 12391 12326 12269 
5 12206 12065 12114 12134 12207 
5 12065 11857 11792 11890 12049 
5 12114 12065 12049 12125 12134 
5 12125 12049 12060 12194 12204 
4 12194 12060 12230 12378 
5 12125 12204 12474 12207 12134 
5 12391 12207 12474 12574 12578 
5 11874 12045 12142 11964 11877 
3 11874 11985 12045 
5 12053 12102 12142 12045 11985 
5 11858 12025 12053 11985 11874 
5 11858 11772 11916 12033 12025 
5 11916 12065 12206 12072 12033 
4 11857 12065 11916 11772 
4 12102 12053 12197 12282 
5 12282 12197 12298 12317 12422 
5 12197 12072 12206 12260 12298 
5 12025 12033 12072 12197 12053 
4 12979 13065 12990 12800 
4 13230 13065 13170 13441 
4 12990 13065 13230 13085 
5 12764 12864 12988 12979 12800 
4 13170 13065 12979 12988 
5 12967 13197 13170 12988 12864 
4 12624 12656 12774 12688 
4 12904 12754 12800 12990 
4 12774 12656 12754 12904 
4 12754 12656 12685 12742 
4 12754 12742 12764 12800 
5 12599 12592 12764 12742 12685 
5 12592 12698 12718 12864 12764 
5 12194 12378 12467 12474 12204 
5 12378 12376 12485 12592 12467 
4 12574 12474 12551 12656 
4 12599 12685 12656 12551 
5 12551 12474 12467 12592 12599 
4 12485 12352 12471 12476 
5 12585 12476 12471 12640 12698 
5 12592 12485 12476 12585 12698 
4 12352 12157 12308 12471 
5 12230 12287 12485 12376 12378 
5 12230 12272 12352 12485 12287 
4 12981 13000 12774 12904 
5 12981 12904 12990 13085 13036 
5 13000 12981 13036 13085 13230 
4 13281 13282 13393 13387 
4 13441 13393 13282 13230 
5 13000 13230 13282 13281 13185 
5 12688 12918 12888 12919 12730 
4 12918 12688 12774 13000 
4 13000 13185 12968 12918 
5 12974 12918 12968 13185 13033 
5 12907 12888 12918 12974 13033 
5 12907 13033 13070 12919 12888 
4 12919 13070 13010 12966 
5 13010 13103 13160 13150 12966 
5 13010 13070 13132 13160 13103 
4 13276 13176 13193 13269 
4 12883 12966 13150 13176 
5 13150 13160 13269 13193 13176 
5 13070 13033 13172 13202 13132 
4 13160 13215 13330 13269 
5 13202 13330 13215 13160 13132 
5 13172 13300 13354 13330 13202 
5 13300 13172 13266 13416 13354 
4 13266 13185 13281 13387 
4 13033 13185 13266 13172 
5 9434 9597 9724 9545 9523 
4 9452 9545 9649 9560 
4 9434 9523 9545 9452 
5 9891 9728 9649 9545 9724 
4 9845 9728 9891 10067 
4 9740 9649 9728 9845 
5 9781 9873 9976 10067 9891 
4 9724 9597 9781 9891 
4 9781 9597 9711 9873 
4 9873 9987 10000 9976 
5 9987 10241 10180 10149 10000 
5 9976 10000 10149 10217 10240 
5 10067 9976 10240 10281 10182 
5 9773 9772 9560 9649 9744 
5 9774 9815 9906 9773 9744 
5 9744 9649 9740 9815 9774 
4 9845 9906 9815 9740 
5 9880 9772 9773 9906 9983 
4 10209 10311 10359 10245 
5 10225 10311 10209 9983 10192 
5 10182 10311 10225 10192 10067 
4 10197 10209 10245 10189 
5 9889 9983 10209 10197 10189 
5 9906 9845 10067 10192 9983 
4 10287 10217 10255 10455 
5 10180 10241 10255 10217 10149 
5 10370 10281 10240 10319 10419 
5 10240 10217 10287 10419 10319 
4 10570 10568 10733 10698 
4 10568 10489 10637 10733 
4 10489 10568 10382 10447 
5 10382 10381 10440 10255 10241 
5 10382 10568 10501 10440 10381 
5 10440 10501 10568 10570 10462 
5 10517 10581 10614 10370 10419 
7 10455 10255 10440 10462 10570 10581 10517 
4 10455 10517 10419 10287 
5 10581 10570 10698 10824 10710 
5 10607 10614 10581 10710 10821 
4 10710 10824 10911 10821 
5 10786 10670 10821 11108 11134 
4 10558 10450 10670 10786 
5 10450 10614 10607 10821 10670 
5 10311 10397 10450 10558 10392 
5 10359 10311 10392 10558 10538 
5 10450 10397 10281 10370 10614 
4 10182 10281 10397 10311 
4 10637 10729 10976 10733 
5 10860 10988 10976 10729 10848 
5 10675 10760 10860 10848 10729 
5 10487 10389 10497 10637 10489 
5 10497 10389 10534 10729 10637 
5 10604 10675 10729 10534 10389 
5 10355 10348 10442 10447 10382 
5 10442 10348 10487 10489 10447 
4 10243 10389 10487 10348 
5 10220 10232 10250 10241 10235 
4 10250 10355 10382 10241 
5 10220 9999 10243 10348 10232 
4 10355 10250 10232 10348 
5 9910 10011 10235 10241 9987 
4 9873 9828 9910 9987 
4 9873 9741 9672 9828 
5 9672 9901 9941 9871 9828 
4 9871 9941 9910 9828 
5 10011 9910 9941 9901 9999 
4 10011 9999 10220 10235 
4 10243 9999 9901 10104 
5 10104 10178 10325 10163 10243 
5 10243 10163 10325 10604 10389 
5 9939 10026 10013 10178 10037 
5 10104 9901 9939 10037 10178 
5 9614 9672 9741 9600 9507 
4 9440 9465 9631 9614 
4 9631 9859 9672 9614 
3 9507 9600 9511 
4 9507 9416 9440 9614 
5 9371 9247 9416 9507 9511 
4 9604 9684 9711 9597 
4 9711 9684 9741 9873 
5 9604 9511 9600 9741 9684 
4 9604 9450 9371 9511 
6 9371 9450 9438 9404 9338 9247 
5 9555 9438 9450 9604 9597 
5 9404 9438 9555 9597 9434 
5 9933 10013 10026 9939 9823 
5 9823 9658 9763 9797 9933 
5 9939 9901 9672 9859 9823 
4 9631 9718 9823 9859 
4 9823 9718 9631 9634 
4 9502 9378 9396 9638 
4 9658 9823 9634 9502 
4 9502 9638 9763 9658 
6 9321 9471 9490 9634 9499 9302 
5 9499 9634 9631 9465 9302 
4 9321 9092 9378 9471 
5 9471 9378 9502 9634 9490 
4 10533 10451 10401 10425 
5 10533 10425 10638 10699 10646 
4 10425 10433 10628 10638 
5 10638 10775 10819 10646 10699 
6 10533 10646 10819 10759 10658 10634 
5 10675 10604 10658 10759 10760 
4 10325 10369 10528 10604 
4 10528 10369 10506 10595 
4 10528 10595 10658 10604 
5 10595 10506 10591 10608 10658 
5 10591 10533 10634 10658 10608 
4 10451 10533 10591 10506 
4 10376 10451 10506 10369 
5 10336 10376 10369 10325 10178 
4 10056 10148 10224 10257 
5 10150 10056 10257 10376 10336 
4 10064 10150 10336 10178 
5 9933 10034 10064 10178 10013 
5 10064 10034 9933 10056 10150 
4 10346 10386 10433 10425 
5 10148 10346 10425 10320 10224 
4 10148 10165 10386 10346 
5 10376 10257 10344 10421 10451 
4 10401 10451 10421 10344 
4 10257 10224 10320 10344 
4 10344 10320 10425 10401 
4 9816 9753 9749 10060 
4 9749 9654 9843 10060 
4 9749 9753 9562 9654 
4 9562 9753 9686 9377 
4 9686 9753 9816 9848 
4 9692 9686 9848 9973 
4 10258 10386 10165 10126 
5 9952 9973 9956 10014 10165 
4 10014 9956 10126 10165 
4 10114 10129 10258 10126 
5 10024 10060 10129 10114 10126 
4 10024 9848 9816 10060 
5 9956 9973 9848 10024 10126 
5 9550 9283 9377 9686 9692 
4 9520 9574 9616 9638 
5 9616 9574 9520 9550 9692 
5 9272 9283 9550 9520 9418 
5 9520 9638 9396 9494 9418 
4 9272 9418 9494 9396 
5 9616 9692 9973 9952 9876 
4 9616 9876 9975 9835 
4 9835 9763 9638 9616 
5 9876 9952 10165 10148 9975 
5 9797 9763 9835 10056 9933 
4 10056 9835 9975 10148 
5 10639 10569 10493 10556 10636 
4 10493 10551 10363 10327 
6 10238 10324 10327 10363 10330 10292 
4 10324 10238 10323 10445 
4 10324 10556 10493 10327 
4 10784 10719 10779 10900 
5 10719 10636 10556 10690 10779 
4 10636 10719 10784 10639 
5 10701 10784 10900 10862 10914 
5 10551 10493 10569 10654 10701 
5 10639 10784 10701 10654 10569 
5 10330 10363 10305 10172 10292 
5 10084 10100 10129 10060 9843 
5 10172 10305 10129 10100 10084 
4 10238 10116 10097 10323 
4 10116 10238 10292 10172 
4 10084 10061 10116 10172 
5 10003 9850 10032 10097 10046 
5 10116 10058 10003 10046 10097 
4 10058 10116 10061 10003 
5 9688 9850 10003 9842 9778 
5 9654 9688 9778 9842 9843 
4 10084 9843 9842 9969 
5 9969 9842 10003 10061 10084 
5 10696 10706 10768 10772 10674 
5 10696 10674 10775 10638 10628 
5 10775 10674 10772 10817 10787 
5 10775 10787 10817 10858 10819 
5 10991 10858 10817 10772 10941 
4 10941 10772 10768 10792 
4 10941 10792 11019 10991 
5 11215 11322 11019 11196 11258 
5 10991 11019 11322 11033 10858 
5 10804 10704 10914 11019 10792 
6 10914 10997 11271 11258 11196 11019 
4 10363 10551 10485 10305 
6 10610 10485 10551 10701 10914 10704 
5 10610 10704 10804 10666 10485 
5 10792 10768 10706 10695 10693 
5 10693 10485 10666 10804 10792 
5 10488 10485 10693 10695 10623 
5 10695 10706 10696 10628 10623 
5 10433 10435 10488 10623 10628 
5 10488 10435 10312 10463 10485 
4 10312 10305 10485 10463 
4 10386 10312 10435 10433 
5 10305 10312 10386 10258 10129 
5 10919 11000 10890 10808 10757 
4 10904 10931 10919 10757 
5 10931 10904 11008 10981 10919 
4 10981 11125 11000 10919 
5 11008 10980 11078 11090 11105 
4 11125 10981 11008 11105 
4 10661 10763 10665 10584 
5 10894 10955 11078 10980 10781 
4 10661 10781 10980 10763 
4 10757 10665 10785 10904 
4 10785 10665 10763 10889 
4 10763 10980 11008 10889 
4 10889 11008 10904 10785 
4 10127 10113 10509 10347 
5 10297 10140 10127 10347 10429 
4 10612 10429 10347 10509 
4 10612 10661 10584 10429 
5 10748 10743 10778 10781 10661 
5 10509 10743 10748 10661 10612 
4 10438 10575 10717 10525 
5 10525 10509 10113 10147 10438 
4 10743 10509 10525 10717 
5 10778 10743 10852 10894 10781 
5 10852 10743 10822 10955 10894 
5 10575 10648 10884 10832 10717 
6 10743 10717 10832 10884 10955 10822 
4 10264 10195 10456 10412 
4 10111 10053 10195 10143 
4 10143 10195 10264 10111 
5 9836 9736 9937 10053 10111 
4 10053 9937 10050 10195 
5 10195 10050 10140 10297 10262 
7 10111 10160 10424 10630 10934 10146 10109 
5 10264 10412 10424 10242 10111 
4 10242 10424 10160 10111 
5 9838 9836 10009 9982 9971 
4 10009 9836 10111 10109 
5 10045 10047 10009 10109 10146 
5 9982 10009 10047 10045 9971 
5 10576 10588 10757 10652 10585 
6 10429 10584 10564 10588 10576 10458 
5 10584 10665 10757 10588 10564 
4 10262 10413 10456 10195 
5 10456 10413 10458 10576 10585 
5 10262 10297 10429 10458 10413 
4 10412 10456 10585 10630 
5 10808 10890 10934 10741 10708 
4 10708 10741 10934 10630 
5 10708 10630 10585 10667 10808 
5 10667 10585 10652 10757 10808 
4 11406 11520 11421 11335 
5 11317 11406 11335 11291 11204 
4 11317 11360 11482 11406 
4 11520 11406 11482 11531 
4 11482 11647 11584 11531 
5 11520 11531 11584 11647 11598 
5 11409 11447 11507 11467 11462 
5 11598 11663 11630 11467 11507 
5 11643 11462 11467 11630 11663 
5 11321 11447 11409 11263 11291 
5 11321 11291 11335 11421 11447 
5 11520 11598 11507 11509 11421 
4 11447 11421 11509 11507 
5 11485 11532 11577 11653 11573 
5 11462 11548 11577 11532 11485 
5 11462 11643 11603 11577 11548 
4 11409 11462 11346 11263 
5 11346 11462 11485 11562 11479 
5 11573 11653 11553 11562 11485 
4 11074 11211 11106 10955 
4 11078 10955 11106 11213 
5 11211 11263 11346 11213 11106 
5 11211 11113 11204 11291 11263 
5 11204 11113 10884 10820 10871 
5 10884 11113 11211 11074 10955 
5 11150 11047 11024 11076 11093 
3 10934 11024 11047 
5 11000 11076 11024 10934 10890 
5 11093 11292 11251 11197 11150 
3 11294 11197 11251 
4 11251 11292 11609 11294 
4 11093 11299 11397 11292 
4 11397 11640 11609 11292 
5 11696 11640 11764 11796 11839 
5 11696 11839 11693 11609 11640 
4 11703 11693 11839 11954 
4 11294 11609 11679 11703 
4 11693 11703 11679 11609 
6 11213 11233 11266 11105 11090 11078 
5 11233 11213 11346 11300 11266 
5 11266 11300 11346 11479 11349 
4 11266 11349 11125 11105 
5 11093 11076 11000 11285 11299 
4 11000 11125 11349 11285 
4 11349 11479 11552 11566 
4 11634 11566 11552 11653 
5 11553 11653 11552 11479 11562 
5 11566 11634 11724 11642 11608 
5 11764 11640 11608 11642 11724 
6 11285 11416 11608 11640 11397 11299 
5 11416 11285 11349 11566 11608 
5 12717 12570 12553 12586 12693 
5 12693 12601 12726 12782 12717 
7 12576 12570 12717 12782 12726 12810 12823 
5 12417 12401 12553 12570 12502 
5 12701 12546 12560 12576 12823 
6 12576 12560 12546 12452 12502 12570 
5 12593 12601 12693 12586 12590 
5 12601 12663 12691 12772 12726 
5 12593 12531 12691 12663 12601 
5 12593 12590 12586 12553 12488 
5 12401 12443 12408 12488 12553 
4 12408 12531 12593 12488 
5 12007 11966 12013 12155 12111 
6 12249 12155 12263 12408 12443 12246 
5 12111 12155 12249 12246 12075 
5 12401 12055 12075 12246 12443 
5 12075 12055 11924 12007 12111 
4 11883 12145 12013 11966 
4 12228 12155 12013 12145 
5 12145 12392 12280 12155 12228 
5 12263 12457 12500 12531 12408 
4 12280 12457 12263 12155 
5 12500 12457 12280 12392 12545 
4 12392 12407 12566 12545 
5 12145 12052 12138 12407 12392 
4 12138 12128 12137 12407 
5 12052 12050 12137 12128 12138 
4 11828 12052 12145 11883 
4 12050 12052 11828 11918 
4 11977 12137 12050 11918 
5 11822 11707 11977 11918 11828 
4 11758 11766 11822 11828 
5 11707 11822 11766 11758 11594 
4 11647 11482 11594 11758 
4 11647 11758 11754 11598 
5 11828 11883 11847 11754 11758 
4 11847 11883 11966 11911 
4 11754 11847 11911 11817 
5 11754 11817 11829 11663 11598 
5 11722 11801 12007 11924 11864 
4 11829 12007 11801 11663 
5 11817 11911 11966 12007 11829 
5 11709 11643 11663 11801 11722 
5 11643 11709 11722 11666 11603 
5 11688 11722 11864 11869 11712 
5 11577 11688 11712 11634 11653 
5 11603 11666 11722 11688 11577 
4 11855 11968 11979 11903 
5 11981 12012 12087 11903 11979 
5 11981 11979 11968 12192 12012 
4 11839 11903 12087 12113 
5 12120 12177 12113 12087 12012 
4 12120 12012 12192 12290 
4 11768 11734 11634 11712 
5 11734 11768 11788 11724 11634 
5 11724 11788 11855 11796 11764 
4 11796 11855 11903 11839 
5 11712 11869 11882 11991 11768 
5 11855 11788 11768 11991 11968 
4 12021 12055 12119 11991 
4 12292 12381 12290 12192 
5 11968 11991 12119 12292 12192 
5 11864 11924 11962 11882 11869 
5 11962 11924 12055 12021 11949 
5 11962 11949 12021 11991 11882 
4 12380 12575 12381 12292 
4 12575 12452 12546 12701 
5 12380 12400 12502 12452 12575 
4 12350 12373 12502 12400 
5 12401 12417 12502 12373 12350 
5 12350 12400 12380 12292 12119 
4 12055 12401 12350 12119 
5 12575 12522 12453 12462 12381 
5 12701 12661 12652 12522 12575 
5 12709 12701 12823 12881 12789 
5 12814 12652 12661 12701 12709 
5 12709 12789 12881 12926 12814 
4 12495 12522 12652 12686 
5 12490 12495 12686 12636 12725 
4 12725 12636 12686 12735 
4 12755 12652 12814 12926 
5 12755 12761 12732 12686 12652 
5 12769 12761 12755 12926 12952 
5 12732 12761 12769 12735 12686 
4 12113 12177 12233 12196 
5 11954 11839 12113 12071 12110 
5 12071 12113 12196 11954 12110 
5 12229 12196 12233 12314 12389 
5 12177 12245 12240 12314 12233 
5 12177 12120 12290 12340 12245 
5 12469 12339 12453 12522 12495 
5 12389 12469 12495 12490 12229 
4 12339 12469 12389 12314 
5 12314 12240 12245 12340 12339 
4 12339 12340 12414 12453 
5 12290 12381 12438 12414 12340 
5 12414 12438 12381 12462 12453 
3 11020 10950 11054 
5 11217 11199 11344 11278 11207 
5 11020 11054 11220 11199 11217 
4 11054 10885 11111 11220 
4 11344 11443 11604 11483 
4 11199 11220 11443 11344 
4 10797 10856 10950 10823 
4 11054 10950 10856 10885 
5 10856 10797 10731 10834 10885 
6 10950 11020 11217 11207 10998 10974 
5 10958 10974 10998 11207 11056 
4 10903 10823 10950 10974 
5 10823 10903 10974 10958 10897 
4 11473 11457 11399 11483 
4 11482 11360 11355 11448 
5 11448 11355 11399 11457 11482 
4 11483 11604 11707 11614 
5 11483 11614 11707 11594 11473 
4 11457 11473 11594 11482 
5 11001 11056 11207 11155 11164 
5 11164 11155 11328 11268 11360 
5 11268 11328 11399 11355 11360 
3 11155 11207 11278 
4 11278 11327 11328 11155 
4 11327 11483 11399 11328 
4 11278 11344 11483 11327 
4 11164 11360 11317 11204 
6 11046 11001 11164 11064 10871 10861 
4 11204 10871 11064 11164 
6 10846 10882 10861 10871 10820 10815 
5 10846 10720 10795 11001 10882 
4 10882 11001 11046 10861 
5 10575 10577 10605 10619 10648 
4 10577 10403 10519 10605 
4 10575 10438 10403 10577 
4 10846 10815 10736 10720 
4 10736 10619 10605 10720 
5 10648 10619 10726 10820 10884 
5 10736 10815 10820 10726 10619 
4 10738 10731 10797 10823 
5 10731 10738 10707 10600 10703 
5 10681 10600 10707 10738 10823 
4 10547 10606 10624 10611 
5 10606 10600 10681 10649 10624 
5 10897 10624 10649 10681 10823 
5 10795 10720 10745 10766 11001 
6 10897 10958 11056 10965 10766 10745 
4 11056 11001 10766 10965 
4 10611 10745 10720 10643 
4 10745 10611 10624 10897 
5 10602 10643 10720 10605 10519 
5 10519 10547 10611 10643 10602 
5 10711 10841 10715 10703 10586 
5 10703 10774 10841 10834 10731 
4 10703 10715 10841 10774 
4 10834 10841 10946 10885 
5 10946 10841 11063 11111 10885 
4 11134 11209 11193 11063 
4 11209 11134 11141 11236 
5 11108 11252 11236 11141 11134 
4 10841 10786 11134 11063 
4 10633 10786 10841 10711 
5 10538 10558 10786 10633 10536 
5 10633 10711 10586 10609 10536 
4 10470 10359 10538 10536 
5 10467 10470 10536 10609 10586 
4 10470 10467 10245 10359 
5 10474 10418 10586 10703 10600 
5 10586 10418 10426 10245 10467 
5 10189 10245 10426 10194 9889 
5 10474 10371 10446 10335 10418 
5 10345 10296 10335 10446 10400 
5 10371 10296 10345 10400 10446 
5 10194 10426 10418 10335 10203 
4 10156 10203 10335 10296 
5 10023 9889 10194 10203 10121 
4 10156 10023 10121 10203 
4 10420 10474 10600 10606 
4 10366 10371 10474 10420 
5 10371 10366 10420 10208 10296 
4 10162 10208 10420 10300 
4 10606 10547 10436 10420 
5 10300 10420 10436 10547 10519 
4 10156 10296 10208 10166 
5 10018 10158 10166 10208 10162 
4 10158 10010 10092 10166 
5 9954 10010 9949 9660 9685 
5 10019 10092 10010 9954 10023 
5 10089 10019 10023 10156 10166 
4 10089 10166 10092 10019 
5 9949 10010 10158 10018 9947 
5 10018 10162 10130 10107 9947 
4 9947 10107 10176 9985 
5 10176 10107 10249 10307 10227 
5 10130 10162 10300 10249 10107 
5 10161 10201 10403 10438 10152 
4 9985 10125 10201 10001 
4 10210 10307 10403 10201 
5 10307 10249 10300 10519 10403 
4 10176 10227 10125 9985 
5 10227 10307 10210 10201 10125 
5 11412 11561 11525 11407 11387 
4 11407 11525 11288 11387 
5 11220 11111 11288 11525 11443 
5 11288 11193 11329 11412 11387 
5 11329 11193 11209 11236 11412 
4 11111 11063 11193 11288 
5 11544 11611 11773 11695 11682 
5 11721 11760 11618 11682 11695 
5 11695 11773 11976 11760 11721 
5 11236 11252 11325 11429 11412 
5 11561 11412 11429 11578 11618 
5 11429 11544 11682 11618 11578 
4 11751 11905 11972 11715 
5 11931 11925 11963 11972 11905 
5 11905 11751 11902 11925 11931 
4 11751 11904 11925 11902 
4 11904 11960 12096 12095 
4 12095 11963 11925 11904 
4 11687 11604 11443 11525 
4 11604 11715 11977 11707 
5 11715 11604 11687 11525 11751 
4 11525 11561 11621 11697 
5 11561 11618 11685 11697 11621 
5 11525 11697 11683 11904 11751 
5 11697 11685 11960 11904 11683 
5 12224 12220 12382 12526 12379 
5 12103 12112 12224 12379 12239 
7 12096 12220 12224 12112 12103 12239 12095 
5 12382 12220 12370 12419 12526 
4 12370 12220 12096 12183 
6 11972 11963 12056 12182 12136 12028 
6 11715 11972 12028 11990 12137 11977 
5 12028 12136 12182 12137 11990 
4 12407 12137 12250 12406 
4 12346 12406 12250 12239 
4 12182 12239 12250 12137 
5 12182 12056 11963 12095 12239 
4 12544 12611 12548 12480 
5 12544 12480 12428 12461 12379 
5 12526 12667 12611 12544 12379 
4 12651 12611 12667 12692 
4 12507 12548 12611 12651 
5 12851 12796 12651 12692 12667 
5 12566 12407 12406 12552 12651 
4 12406 12507 12651 12552 
5 12346 12239 12379 12461 12428 
4 12406 12346 12428 12507 
4 12504 12480 12548 12507 
4 12507 12428 12480 12504 
4 12743 12564 12657 12760 
4 12760 12840 12812 12743 
5 12840 12760 12878 12922 12812 
4 13018 12861 12883 13176 
4 12760 12657 12738 12861 
4 12878 12760 12861 13018 
5 13276 13359 13221 13112 13176 
4 13100 13221 13217 13154 
5 13100 13018 13176 13112 13221 
5 12916 13023 13100 13154 12984 
4 12984 13154 13217 13108 
5 12922 12878 13018 13100 13023 
4 13023 12916 12812 12922 
5 12916 12984 13108 13026 12983 
5 12854 12860 12916 12893 13026 
4 13026 12893 12916 12983 
5 13217 13234 13241 13026 13108 
4 13241 12994 12854 13026 
5 12564 12743 12632 12537 12394 
5 12860 12632 12743 12812 12916 
5 12704 12711 12632 12860 12854 
4 12537 12602 12526 12419 
5 12602 12537 12632 12711 12704 
4 12526 12602 12704 12667 
4 12704 12854 12851 12667 
5 11685 11618 11808 11823 11899 
5 11823 11808 11843 11853 11876 
5 11843 11808 11618 11760 11976 
6 11960 11685 11899 11952 11992 12096 
4 11823 11876 12001 11899 
4 11952 11899 12001 12062 
5 11964 11988 11976 11773 11877 
4 11988 11964 12142 12015 
4 12015 12142 12390 12236 
5 12057 11988 12015 12236 12171 
4 12062 12001 12057 12171 
4 11976 11876 11853 11843 
5 11976 11988 12057 12001 11876 
4 12096 11992 11952 12183 
5 12259 12183 11952 12209 12296 
5 11952 12062 12171 12296 12209 
4 12259 12296 12394 12537 
4 12370 12369 12537 12419 
5 12259 12537 12369 12370 12183 
5 12358 12291 12236 12390 12542 
5 12442 12358 12542 12564 12394 
4 12296 12338 12442 12394 
4 12338 12291 12358 12442 
5 12291 12338 12296 12270 12236 
4 12270 12296 12171 12236 
4 15288 15339 15317 15222 
5 15074 15222 15286 15277 15104 
5 15286 15222 15317 15418 15277 
5 14977 15074 15104 15277 15151 
4 15402 15268 15418 15499 
5 15151 15277 15418 15268 15200 
5 15288 15477 15395 15317 15339 
4 15477 15593 15496 15395 
5 15494 15395 15496 15593 15525 
4 15395 15494 15418 15317 
5 15418 15481 15568 15509 15499 
5 15481 15418 15494 15525 15568 
4 15074 14907 15064 15222 
4 15064 15035 15089 15222 
5 14954 14917 14963 15089 15035 
4 15064 14907 14971 15035 
5 14917 14954 15035 14971 14907 
4 15593 15670 15734 15525 
5 15477 15677 15738 15670 15593 
5 15734 15670 15738 15677 15909 
4 15226 15144 15092 15071 
5 15144 15226 15288 15222 15089 
5 15072 14963 15071 15092 15144 
4 15072 15144 15089 14963 
5 15729 15562 15751 15802 15763 
5 15729 15763 15919 15814 15744 
5 15698 15729 15744 15814 15755 
4 15864 15871 15802 15751 
4 15875 15871 15973 15919 
5 15802 15871 15875 15919 15763 
4 15957 15904 16128 16071 
4 15957 15871 15864 15904 
4 15957 16071 15973 15871 
4 16139 16252 16314 16195 
5 16156 16151 16139 16195 16314 
5 16128 16139 16151 16156 16071 
4 16071 16156 16314 16242 
5 15639 15706 15623 15523 15574 
5 15623 15706 15904 15864 15751 
4 15751 15562 15523 15623 
4 15499 15476 15527 15402 
5 15509 15568 15639 15476 15499 
5 15476 15639 15574 15523 15527 
5 15880 15962 16139 16128 15904 
5 15706 15834 15962 15880 15904 
4 15525 15734 15737 15592 
6 15639 15568 15525 15592 15737 15706 
5 15737 15734 15962 15834 15706 
4 15734 15909 16013 15962 
4 14693 14917 14907 14788 
4 14693 14645 14621 14499 
4 14788 14621 14645 14693 
4 14499 14727 14790 14693 
4 14815 14715 14963 14917 
6 14790 14727 14715 14815 14917 14693 
5 14553 14565 14530 14468 14406 
4 14565 14649 14611 14530 
4 14468 14530 14611 14576 
4 14621 14553 14406 14499 
5 14649 14565 14553 14621 14788 
4 14977 14649 14788 14929 
5 14788 14907 15074 14977 14929 
4 14468 14576 14641 14533 
5 15281 15088 15030 15015 15099 
4 14948 14894 15015 15030 
4 14948 15030 15088 15014 
5 14677 14894 14948 15014 15012 
4 15088 15083 15012 15014 
4 14916 14900 14941 15015 
4 15099 15015 14941 15151 
4 14977 15151 14941 14649 
7 14625 14576 14611 14649 14941 14900 14800 
5 14641 14576 14625 14800 14677 
5 14900 14916 15015 14896 14800 
5 15015 14894 14677 14800 14896 
5 15386 15562 15729 15549 15528 
5 15528 15549 15729 15698 15570 
5 15298 15155 15186 15287 15528 
4 15186 15176 15294 15287 
4 15287 15294 15386 15528 
5 15028 14928 14914 15012 15083 
4 14914 14688 14677 15012 
5 14876 14642 14688 14914 14928 
5 15081 15176 15186 15155 15040 
5 14876 14928 15028 15081 15040 
4 15081 15028 15083 15176 
5 15433 15329 15523 15562 15510 
4 15320 15329 15433 15389 
4 15389 15433 15510 15562 
5 15294 15320 15389 15562 15386 
5 15083 15088 15207 15235 15176 
5 15235 15207 15320 15294 15176 
5 15329 15270 15402 15527 15523 
4 15259 15215 15200 15268 
5 15270 15215 15259 15268 15402 
5 15281 15099 15215 15270 15329 
4 15200 15215 15099 15151 
5 15088 15281 15329 15320 15207 
5 15443 15335 15373 15379 15432 
5 15506 15655 15759 15659 15432 
4 15756 15827 15759 15655 
6 15750 15659 15759 15942 16040 15928 
5 15759 15827 15996 16181 15942 
4 15825 15755 15897 15882 
5 15825 15882 15996 15827 15756 
5 15570 15698 15755 15676 15596 
5 15756 15655 15676 15755 15825 
5 15506 15528 15588 15676 15655 
5 15596 15676 15588 15528 15570 
5 15443 15432 15659 15619 15483 
5 15338 15335 15443 15440 15512 
4 15483 15512 15440 15443 
4 15619 15659 15750 15803 
5 15610 15619 15803 15684 15512 
4 15610 15512 15483 15619 
5 16169 16040 16232 16287 16256 
6 16231 16181 16248 16367 16287 16232 
5 15942 16181 16231 16232 16040 
5 15803 15750 15866 15881 15684 
6 15881 15866 16040 16169 16256 15684 
4 15750 15928 16040 15866 
4 14665 14642 14876 14779 
4 14586 14509 14769 14760 
4 14769 14509 14665 14779 
4 14888 14823 14760 14769 
6 14736 14760 14823 15117 15121 14765 
5 14760 14736 14618 14476 14586 
5 14876 15040 14956 14922 14779 
4 14985 14922 14956 15040 
5 15105 14922 14985 15040 15155 
4 14779 14922 14829 14769 
4 14769 14829 14922 14895 
4 14769 14895 14979 14888 
4 14979 14895 14922 15105 
3 15285 15335 15338 
6 15121 15117 15198 15233 15180 14765 
4 15180 15233 15335 15285 
5 14888 14979 15105 15148 15038 
4 14823 14888 15038 15117 
4 15038 15148 15198 15117 
4 15335 15233 15198 15312 
4 15335 15312 15379 15373 
5 15312 15198 15238 15269 15379 
5 15298 15528 15506 15381 15269 
5 15379 15269 15381 15506 15432 
5 15155 15298 15269 15148 15105 
4 15148 15269 15238 15198 
5 16247 16032 15973 16071 16242 
5 7330 15347 16315 16285 16247 
5 16125 16032 16247 16285 16153 
4 16153 16085 16032 16125 
5 15919 15973 16032 15952 15814 
4 15814 15952 15897 15755 
4 15952 16032 16085 16060 
5 16060 16085 16113 16126 16117 
5 16085 16153 16251 16126 16113 
4 15897 15952 16060 16114 
6 16158 16114 16060 16117 16126 16251 
4 1670 4200 1199 2079 
6 7330 16400 69 11971 16190 15347 
5 16400 1199 4200 11971 69 
5 16247 16242 16314 16400 7330 
5 11825 9510 16400 16314 16252 
5 9510 11825 2079 1199 16400 
5 7436 5171 5 4200 5478 
5 5 5171 16190 11971 4200 
5 4200 1670 1049 8654 5478 
5 5478 8654 14550 13669 7436 
5 2079 7213 14362 14550 10290 
6 10290 14550 8654 1049 1670 2079 
4 16332 16158 16251 13421 
4 16158 16332 16181 15996 
5 15882 15897 16114 16158 15996 
4 16248 16181 16305 16367 
5 16429 16332 13421 12000 2018 
5 16305 16181 16332 16429 2018 
4 16367 2993 2670 4332 
5 2670 16165 5448 607 4332 
4 607 5448 16165 10453 
5 2993 1062 3047 16165 2670 
5 1062 2993 6642 4096 3047 
4 2018 12000 4096 6642 
5 2018 6642 2993 16367 16305 
5 15347 16190 5171 118 16396 
5 4992 16396 118 6289 6594 
4 6289 118 5171 7436 
4 16251 16396 4992 13421 
4 16315 15347 16396 16359 
6 16153 16285 16315 16359 16396 16251 
4 2533 7436 13669 15004 
4 2533 15004 15664 6594 
4 2533 6594 6289 7436 
4 5404 4992 6594 4189 
5 4992 5404 4096 12000 13421 
4 5404 4189 3047 4096 
4 4189 6594 15664 3047 
4 14333 14296 14509 14586 
5 14288 14369 14509 14319 14167 
4 14167 14319 14509 14296 
5 14272 14300 14369 14288 14255 
5 14167 14224 14272 14255 14288 
5 14059 14098 14162 14029 14043 
4 14029 13933 14059 14043 
5 13924 13933 14029 14051 13887 
5 14162 14098 14264 14300 14272 
5 14142 14162 14272 14224 14167 
5 14029 14162 14142 14167 14051 
4 14181 14007 13887 14051 
4 14296 14333 14131 14181 
4 14181 14051 14167 14296 
5 14426 14476 14618 14736 14765 
5 14107 14131 14333 14408 14426 
5 14408 14333 14586 14476 14426 
4 13759 13887 14007 13935 
5 14181 14131 14055 13935 14072 
4 14007 14181 14072 13935 
4 13622 13682 13950 14050 
4 13935 13950 13682 13759 
4 13950 13935 14055 14050 
4 14050 14055 14131 14107 
4 14371 14344 14207 14260 
4 14371 14260 14394 14468 
4 14533 14385 14371 14468 
4 14066 14136 14260 14207 
4 14136 14188 14394 14260 
4 14394 14188 14406 14468 
5 14430 14385 14533 14641 14492 
5 14578 14587 14677 14688 14653 
5 14641 14677 14587 14578 14492 
5 14390 14430 14492 14578 14376 
5 14246 14390 14376 14578 14366 
5 14344 14371 14385 14430 14390 
4 14246 14207 14344 14390 
5 13789 13830 14079 14042 13766 
4 14079 13830 14066 14207 
5 14042 14079 14207 14246 14209 
4 13933 13766 14042 14059 
5 14042 14209 14246 14317 14059 
5 14098 14059 14317 14300 14264 
5 14578 14653 14600 14551 14485 
5 14600 14653 14688 14642 14551 
5 14485 14551 14642 14665 14432 
4 14369 14432 14665 14509 
5 14317 14485 14432 14369 14300 
5 14485 14317 14246 14366 14578 
4 13306 13328 13420 13516 
4 13420 13470 13520 13516 
5 13443 13517 13520 13470 13420 
4 13446 13670 13517 13443 
4 13420 13328 13257 13443 
4 13443 13257 13290 13446 
4 12881 12823 13139 13073 
4 13227 13073 13186 13278 
4 13038 12881 13073 13227 
4 13073 13196 13255 13186 
5 13196 13073 13139 13212 13255 
4 13255 13328 13278 13186 
5 13212 13290 13257 13328 13255 
4 13558 13641 13516 13520 
5 13517 13660 13665 13601 13520 
5 13520 13601 13665 13641 13558 
5 13517 13670 13692 13707 13660 
4 13766 13707 13692 13670 
5 13767 13781 13887 13759 13641 
4 13665 13779 13705 13641 
5 13705 13779 13781 13767 13641 
4 13887 13781 13863 13924 
5 13779 13933 13924 13863 13781 
4 13707 13779 13665 13660 
4 13707 13766 13933 13779 
4 13248 13204 13038 13227 
4 13015 13038 13204 13047 
5 13015 13047 13204 13120 13075 
4 13038 13015 12926 12881 
6 12926 13015 13075 12975 13092 12952 
5 13120 13093 13092 12975 13075 
4 13093 13120 13142 13092 
5 13142 13120 13283 13296 13235 
5 13092 13142 13235 13296 13321 
5 13417 13296 13283 13271 13301 
4 13392 13321 13296 13417 
4 13120 13204 13271 13283 
4 13248 13301 13271 13204 
4 13538 13682 13622 13639 
4 13611 13538 13639 13622 
5 13611 13622 13468 13454 13538 
3 13454 13468 13392 
4 13460 13538 13417 13301 
4 13417 13538 13454 13392 
5 13353 13345 13516 13614 13460 
5 13682 13538 13460 13614 13759 
4 13614 13516 13641 13759 
4 13227 13284 13301 13248 
4 13284 13353 13460 13301 
5 13227 13278 13328 13306 13284 
5 13284 13306 13516 13345 13353 
4 13880 13776 13822 13942 
4 13776 13637 13704 13822 
4 13637 13553 13462 13704 
4 14192 14198 14048 14102 
4 13852 13776 13880 14048 
5 13880 13942 14035 14102 14048 
4 14188 14151 14278 14404 
4 13852 14048 14151 13856 
5 14151 14048 14198 14277 14278 
5 14329 14541 14686 14444 14277 
6 14686 14541 14715 14727 14499 14444 
5 14404 14444 14499 14406 14188 
4 14278 14277 14444 14404 
4 13719 13583 13659 13744 
5 13567 13552 13587 13890 13785 
5 13567 13785 13744 13659 13583 
4 13394 13567 13583 13325 
4 13583 13719 13704 13533 
5 13462 13325 13583 13533 13704 
6 13808 13889 13945 14035 13942 13822 
5 13889 13971 14021 14035 13945 
5 13820 13832 13971 13889 13808 
5 13832 13820 13744 13785 13890 
5 13719 13744 13820 13746 13704 
5 13704 13746 13820 13808 13822 
5 13812 13853 13892 13894 13764 
4 13690 13737 13812 13764 
5 13812 13737 13810 13856 13853 
5 13810 13637 13776 13852 13856 
4 13531 13480 13737 13690 
5 13553 13637 13810 13737 13480 
5 14078 14001 14188 14136 14066 
4 13896 14078 14066 13830 
6 13911 13978 13900 14001 14078 13896 
5 13911 13841 13894 13900 13978 
4 13853 13856 14151 13892 
6 13900 13894 13892 14151 14188 14001 
4 13566 13531 13690 13764 
5 13566 13764 13894 13841 13753 
5 13578 13551 13566 13753 13612 
4 13753 13830 13736 13612 
5 13841 13911 13826 13830 13753 
4 13830 13826 13911 13896 
4 13670 13694 13789 13766 
5 13628 13612 13736 13694 13600 
4 13789 13694 13736 13830 
4 13446 13600 13694 13670 
4 13600 13481 13598 13628 
4 13612 13628 13598 13578 
5 13481 13442 13472 13578 13598 
8 12994 13241 13234 13355 13394 13325 13250 13004 
4 13440 13427 13261 13325 
5 13004 13250 13325 13261 13242 
5 13242 13261 13427 13335 13122 
4 13427 13553 13480 13335 
5 13440 13325 13462 13553 13427 
4 13418 13335 13480 13531 
4 13418 13451 13292 13335 
5 13418 13531 13566 13551 13451 
4 13335 13292 13190 13122 
4 13190 13068 13008 13122 
4 13174 13030 13147 13292 
5 13190 13292 13147 13030 13068 
4 12853 12939 12962 12943 
5 12804 12757 12853 12943 12940 
4 12940 12943 12962 13030 
5 12853 12845 12885 13008 12939 
4 12939 13006 13030 12962 
5 13030 13006 12939 13008 13068 
5 12845 12651 12796 12933 12885 
5 12566 12651 12845 12853 12757 
3 12796 12851 12933 
5 12851 12854 12994 13004 12933 
5 13004 13242 13122 13050 12933 
5 12885 12933 13050 13122 13008 
5 13451 13551 13578 13472 13259 
5 13208 13174 13292 13451 13259 
5 13208 13259 13081 13051 13174 
4 13030 13174 13051 12940 
4 12797 12753 12940 13051 
5 12757 12804 12940 12753 12740 
6 12500 12710 12797 12772 12691 12531 
4 12810 12726 12772 12911 
4 12911 12772 12797 13051 
4 12545 12676 12710 12500 
7 12740 12753 12797 12710 12676 12736 12757 
5 12736 12676 12545 12566 12757 
5 12823 12855 12931 13058 13139 
5 12931 12855 12935 13027 13058 
7 12946 13027 12935 12855 12823 12810 12911 
5 13128 13212 13139 13058 13027 
5 13079 13403 13290 13212 13128 
5 12946 12911 13051 13081 13022 
5 13027 12946 13045 13079 13128 
5 13022 13081 13079 13045 12946 
6 13442 13481 13429 13290 13403 13472 
5 13290 13429 13481 13600 13446 
5 13079 13081 13259 13472 13403 
5 14422 14568 14489 14428 14397 
4 14568 14692 14562 14489 
5 14692 14606 14469 14489 14562 
5 14427 14397 14428 14489 14469 
5 14354 14427 14469 14603 14511 
5 14299 14261 14354 14219 14061 
5 14261 14299 14397 14427 14354 
5 13876 13754 14061 14094 14208 
5 14354 14208 14094 14061 14219 
4 14294 14208 14354 14323 
5 14446 14294 14323 14354 14511 
4 14606 14786 14603 14469 
4 14786 14848 14925 14880 
6 14692 14862 14925 14848 14786 14606 
5 14692 14568 14762 14873 14853 
5 14855 14853 14887 15173 14925 
5 14862 14692 14853 14855 14925 
5 14925 15173 15131 15118 15076 
4 14912 14880 14925 15076 
5 14937 14912 15076 15118 15136 
5 14937 14613 14810 14844 14912 
5 14786 14880 14912 14844 14810 
5 14511 14573 14810 14613 14513 
5 14573 14511 14603 14786 14810 
5 14570 14332 14214 14467 14648 
5 14214 14129 14321 14479 14467 
5 14570 14720 14762 14568 14543 
4 14749 14816 14762 14720 
4 14749 14720 14570 14648 
4 15053 14957 15160 15107 
5 14816 14858 15053 15107 15041 
4 14858 14869 14957 15053 
4 14798 14682 14712 14869 
5 14749 14798 14869 14858 14816 
5 14479 14712 14682 14648 14467 
4 14798 14749 14648 14682 
4 15211 15173 15159 15282 
5 15159 15123 15208 15246 15282 
6 14873 15123 15159 15173 14887 14853 
5 15123 14873 14934 15041 15208 
5 14816 15041 14934 14873 14762 
7 15291 15211 15282 15429 15495 15313 15431 
5 15291 15189 15136 15118 15131 
4 15131 15173 15211 15291 
5 15314 15275 15136 15236 15341 
5 15314 15341 15344 15199 15275 
5 15431 15313 15341 15236 15291 
4 15189 15291 15236 15136 
4 13735 13680 13743 13870 
6 13617 13441 13743 13680 13735 13658 
5 13743 13441 13671 13774 13869 
5 13774 13671 13840 13923 13869 
4 13870 13743 13869 13976 
4 13958 14004 13963 13860 
5 13958 13860 13735 13870 13976 
5 14070 14129 14214 14056 13923 
5 13976 13869 13923 14056 14002 
5 14004 13958 14033 14056 14214 
5 14033 13958 13976 14002 14056 
3 14543 14568 14438 
5 14331 14438 14568 14395 14299 
5 14299 14395 14568 14422 14397 
4 14299 14061 14031 14157 
5 14251 14332 14570 14543 14438 
5 14299 14157 14251 14438 14331 
5 14122 14147 14166 14251 14157 
4 14147 14122 14004 14166 
5 14166 14004 14214 14332 14251 
5 14044 14047 14004 14122 14157 
4 14157 14031 13984 14044 
5 13963 14004 14047 13988 13686 
6 13724 13686 13988 14047 14044 13984 
5 13608 13631 13709 13666 13760 
5 13463 13402 13631 13608 13510 
5 13362 13269 13330 13402 13463 
5 13362 13463 13344 13276 13269 
4 13344 13463 13510 13432 
4 13651 13560 13505 13459 
5 13416 13266 13387 13459 13505 
5 13651 13459 13387 13393 13525 
4 13354 13390 13402 13330 
4 13505 13390 13354 13416 
4 13529 13390 13505 13560 
5 13390 13529 13560 13631 13402 
4 13754 13631 13560 13651 
5 13686 13724 13754 13651 13525 
5 13955 13724 13984 14031 14061 
4 13955 14061 13754 13724 
4 13709 13631 13754 13876 
4 13441 13617 13536 13393 
5 13684 13644 13658 13735 13860 
4 13536 13617 13658 13644 
4 13525 13393 13580 13686 
5 13393 13536 13644 13684 13580 
5 13686 13580 13684 13860 13963 
4 14739 14726 14622 14717 
5 14723 14726 14739 14797 14913 
4 14797 14739 14955 14913 
4 14544 14622 14726 14708 
4 14675 14708 14726 14723 
5 14544 14708 14675 14723 14632 
5 14955 14739 14891 15127 15179 
5 15150 15199 15179 15127 15136 
4 15150 15136 15275 15199 
5 14889 14937 14983 15127 14891 
4 15127 14983 14937 15136 
5 14704 14613 14937 14889 14728 
6 14704 14728 14889 14891 14739 14717 
5 15177 15190 15413 15397 15326 
4 14955 15179 15190 15060 
4 15025 14913 14955 15060 
4 15179 15199 15255 15190 
4 15199 15344 15558 15255 
4 15413 15190 15255 15558 
4 15084 15251 15326 15319 
5 14963 14910 14999 15319 15071 
5 14999 14910 15051 15084 15319 
4 15112 15177 15175 15084 
5 15326 15251 15084 15175 15177 
4 15060 15112 15084 15025 
4 15112 15060 15190 15177 
5 14591 14544 14632 14723 14662 
4 14591 14662 14634 14612 
5 14634 14662 14723 14745 14612 
5 14566 14572 14612 14745 14629 
5 14420 14544 14591 14612 14572 
4 14715 14724 14910 14963 
5 14724 14629 14745 14809 14910 
4 14724 14715 14541 14629 
4 14964 15025 15084 15051 
6 14913 15025 14964 15051 14910 14906 
5 14748 14906 14910 14809 14745 
5 14745 14723 14913 14906 14748 
5 14381 14544 14420 14461 14380 
4 14380 14461 14297 14274 
4 14566 14461 14420 14572 
4 14297 14461 14541 14329 
4 14541 14461 14566 14629 
4 14226 14198 14192 14205 
4 14329 14226 14205 14297 
4 14277 14198 14226 14329 
4 14102 14161 14205 14192 
4 14102 14035 14021 14161 
5 14161 14021 14247 14274 14243 
5 14205 14161 14243 14274 14297 
5 14117 14119 14088 13912 13919 
4 13890 13912 14088 13989 
4 13989 14088 14119 14153 
5 14119 14117 14068 14257 14241 
4 14153 14119 14241 14232 
5 13989 14153 14232 14273 14089 
4 14274 14247 14381 14380 
4 14273 14544 14381 14247 
5 14108 14089 14273 14247 14021 
5 14108 13970 13973 13989 14089 
5 13832 13970 14108 14021 13971 
5 13832 13890 13989 13973 13970 
4 14273 14232 14364 14421 
4 14241 14415 14364 14232 
5 14415 14241 14257 14308 14338 
4 14273 14421 14622 14544 
6 14421 14364 14415 14419 14563 14622 
4 14415 14504 14563 14419 
5 14717 14622 14563 14626 14704 
5 14504 14613 14704 14626 14563 
5 14415 14338 14308 14442 14504 
4 14504 14442 14513 14613 
4 14513 14442 14446 14511 
5 13626 13474 13317 13404 13562 
4 13626 13587 13552 13474 
4 13587 13626 13912 13890 
5 13217 13315 13394 13355 13234 
6 13315 13317 13474 13552 13567 13394 
5 13217 13221 13275 13317 13315 
5 13359 13414 13404 13369 13221 
5 13369 13404 13317 13275 13221 
5 13508 13489 13510 13593 13562 
4 13508 13562 13404 13414 
5 13359 13276 13344 13432 13414 
5 13414 13432 13510 13489 13508 
5 13626 13595 13751 13919 13912 
4 13751 13595 13758 13770 
6 13770 13758 13862 13898 13919 13751 
5 13758 13595 13626 13562 13593 
5 13760 13898 13862 13758 13593 
4 13608 13760 13593 13510 
4 14208 14294 14123 13876 
4 13666 13709 13876 13760 
4 14123 13898 13760 13876 
5 14294 14446 14442 14308 14123 
4 14123 14308 14257 14068 
5 13898 14123 14068 14117 13919 
5 15719 15648 15656 15636 15576 
5 15836 15656 15648 15762 15775 
5 15719 15779 15775 15762 15648 
4 15493 15609 15677 15477 
6 15668 15609 15493 15656 15836 15865 
5 15677 15609 15668 15865 15997 
5 15326 15576 15498 15428 15319 
4 15656 15493 15498 15569 
5 15569 15498 15576 15636 15656 
5 15288 15226 15428 15459 15477 
5 15428 15498 15493 15477 15459 
4 15226 15071 15319 15428 
5 15833 16062 16089 15997 15865 
5 15779 15833 15865 15836 15775 
4 15833 15779 15829 16062 
6 15686 15533 15679 15829 15779 15719 
5 15829 15679 15888 15902 16062 
5 15888 15998 16086 16062 15902 
4 15430 15397 15413 15533 
4 15533 15686 15719 15576 
5 15326 15397 15430 15533 15576 
4 15679 15632 15787 15888 
5 15413 15559 15632 15679 15533 
5 15559 15413 15558 15787 15632 
5 16082 15990 16178 16150 16110 
6 15787 15831 15990 15983 16048 15888 
5 15983 15990 16082 16110 16048 
4 16110 16137 16090 16048 
5 15998 15888 16048 16090 16080 
5 16137 16269 16262 16265 16233 
6 16269 16317 16424 16306 16265 16262 
5 16137 16110 16150 16317 16269 
5 15998 16080 16145 16159 16086 
5 16145 16080 16090 16137 16233 
5 16159 16145 16233 16265 16244 
5 16243 16244 16265 16306 16423 
4 16424 6069 16423 16306 
5 16405 13752 5723 1604 16278 
5 16405 16243 16423 6069 13752 
4 6069 4438 5723 13752 
5 16243 16405 16278 16255 16089 
6 16062 16086 16159 16244 16119 16089 
4 16119 16244 16243 16089 
5 16348 16255 16278 1604 14445 
5 16255 16348 16163 16206 16089 
4 16089 16206 16163 15997 
4 16366 16280 16178 16374 
4 16178 16280 16317 16150 
5 16366 5991 76 16404 16280 
5 16317 16280 16404 14465 16424 
4 16404 76 1540 14465 
5 330 5991 4283 6527 5353 
5 16366 16374 7065 4283 5991 
5 4283 7065 14518 4966 6527 
5 5991 330 5353 427 76 
5 1540 76 427 6936 2251 
4 5353 6527 4966 427 
5 14452 6936 427 4966 14518 
7 6069 7765 14118 13187 11341 11303 4438 
5 5723 4438 11303 8065 2633 
5 2633 8065 11303 11341 13187 
4 7765 6069 16424 14465 
5 2251 6936 14452 14118 7765 
4 14465 1540 2251 7765 
4 6694 6688 1928 13097 
5 6688 5674 384 13097 1928 
5 384 5674 2633 13187 13097 
4 5674 14445 88 2633 
5 1604 5723 2633 88 14445 
4 12598 14445 5674 6305 
5 6688 6694 12598 6305 5674 
4 12598 16360 16348 14445 
5 16234 15997 16163 16348 16360 
4 16234 16360 16357 16230 
6 16341 16375 16363 16414 12598 6694 
5 16360 12598 16414 16363 16357 
5 16211 16218 16357 16363 16343 
5 16357 16218 16204 16234 16230 
6 16105 15997 16234 16204 16218 16211 
5 16276 16211 16343 16363 16375 
5 16127 16276 16375 16341 16205 
5 16105 16211 16136 16127 16084 
4 16276 16127 16136 16211 
5 16022 16084 16127 16013 15909 
6 15677 15997 16105 16084 16022 15909 
5 16252 16139 15962 16107 16205 
5 16107 15962 16013 16127 16205 
4 6694 13097 13885 7995 
4 5805 7995 13885 14362 
4 5805 16341 6694 7995 
6 16205 16341 5202 13979 11825 16252 
5 5202 7213 2079 11825 13979 
5 5202 16341 5805 14362 7213 
4 15949 16149 16138 15991 
5 16031 15894 15991 16138 16152 
4 15894 16031 16152 15934 
5 15830 15921 15949 15991 15884 
5 15830 15884 15991 15894 15778 
4 15906 15778 15894 15934 
5 15949 15921 15878 15975 15966 
4 16067 15966 15975 16074 
5 16149 15949 15966 16067 16074 
4 16112 16091 16342 16210 
5 16074 16064 16091 16112 16149 
4 15878 15899 16007 16064 
4 15878 16064 16074 15975 
4 16413 16210 16342 801 
5 16217 16210 16413 16290 16199 
5 16217 16199 16149 16112 16210 
4 16149 16199 16290 16138 
4 16152 16138 16290 16318 
4 16318 16290 16413 16422 
4 5265 13155 12862 6706 
5 1884 5265 6706 12862 28 
5 11497 16422 16413 1884 28 
5 1884 16413 801 2070 5265 
4 2070 801 14919 16059 
4 16059 16250 7908 2070 
5 13155 5265 2070 7908 16250 
5 15993 16092 16227 16099 16017 
5 16070 15934 16152 16270 16092 
5 15906 15934 16070 16092 15993 
5 15811 15770 15906 15993 16017 
4 15717 15778 15906 15770 
5 16386 16351 16162 16099 16227 
4 15985 16017 16099 16162 
4 16374 16178 16162 16351 
4 16227 16092 16270 16386 
5 16351 16386 12413 7065 16374 
5 16382 16426 12413 16386 16270 
4 12862 1892 11497 28 
4 1892 12862 13648 8039 
3 14518 7065 13648 
5 12413 16426 9722 1892 8039 
4 12413 8039 13648 7065 
5 16152 16318 16283 16382 16270 
5 16283 16318 16422 16387 16382 
4 16421 16387 16422 11497 
4 16387 16421 16426 16382 
5 16426 16421 11497 1892 9722 
4 15551 15626 15469 15452 
4 15671 15626 15551 15625 
5 15665 15778 15717 15671 15625 
4 15830 15778 15665 15573 
4 15551 15452 15573 15572 
5 15665 15625 15551 15572 15573 
4 15469 15547 15728 15503 
4 15282 15246 15452 15469 
4 15282 15469 15503 15429 
5 15547 15469 15626 15640 15728 
5 15626 15671 15717 15749 15640 
5 15749 15717 15770 15811 15739 
5 15640 15749 15739 15811 15728 
5 15540 15495 15644 15839 15649 
4 15495 15429 15503 15644 
4 15728 15811 15644 15503 
5 15839 15644 15811 16017 15985 
4 16178 15990 15985 16162 
5 15831 15649 15839 15985 15990 
4 15495 15460 15341 15313 
5 15566 15460 15495 15540 15649 
5 15605 15566 15638 15831 15787 
4 15649 15831 15638 15566 
5 15344 15341 15460 15566 15605 
4 15558 15344 15605 15787 
4 15504 15563 15573 15322 
5 15299 15208 15322 15573 15452 
4 15246 15208 15299 15452 
4 15107 15225 15208 15041 
4 15323 15504 15316 15242 
6 15208 15225 15242 15316 15504 15322 
5 15225 15263 15296 15323 15242 
4 15263 15213 15267 15296 
5 15160 15213 15263 15225 15107 
5 15160 15202 15284 15267 15213 
4 15267 15401 15323 15296 
4 15267 15284 15375 15401 
4 15529 15583 15769 15599 
6 15769 15583 15810 15899 15878 15921 
4 15687 15899 15810 15583 
4 15504 15515 15529 15599 
4 15599 15769 15921 15830 
5 15599 15830 15573 15563 15504 
4 15534 15513 15687 15583 
5 15375 15284 15450 15513 15534 
4 15513 15450 15535 15687 
5 15323 15401 15421 15515 15504 
5 15401 15478 15529 15515 15421 
4 15478 15401 15375 15534 
4 15534 15583 15529 15478 
4 5436 5592 5469 5302 
3 10424 10412 10630 
4 1952 1869 1885 2056 
4 1885 1869 1701 1786 
4 1822 1701 1869 1952 
4 1354 1414 1660 1701 
4 1660 1775 1786 1701 
5 1591 1775 1660 1414 1595 
6 1734 1801 1832 1853 1786 1775 
4 1786 1853 2056 1885 
4 1832 1946 2056 1853 
5 2242 2056 1946 2030 2071 
5 2030 1946 1832 1953 2071 
6 1801 1844 2090 2071 1953 1832 
4 1223 1269 1297 1063 
5 1091 1063 1297 1354 1188 
5 1269 1403 1414 1354 1297 
4 1269 1351 1398 1403 
5 1414 1403 1547 1591 1595 
4 1403 1398 1564 1547 
4 1649 1641 1844 1801 
4 1548 1560 1564 1398 
4 1641 1649 1564 1560 
4 1646 1591 1547 1564 
5 1646 1564 1649 1801 1734 
4 1591 1646 1734 1775 
5 2056 2307 2211 2036 1952 
5 2211 2313 2366 2376 2193 
4 2307 2350 2313 2211 
4 2301 2102 2193 2376 
5 2193 2078 1994 2036 2211 
4 2102 1994 2078 2193 
5 1600 1605 1558 1677 1841 
4 1482 1485 1558 1605 
4 1701 1737 1558 1485 
5 1737 1842 1841 1677 1558 
4 1842 1952 2036 1994 
5 1737 1701 1822 1952 1842 
4 1178 1096 924 1055 
5 924 1096 1312 1170 958 
5 1055 924 862 1067 1178 
4 1188 1178 1067 1091 
4 1243 1312 1096 1178 
5 1416 1312 1243 1445 1459 
5 1600 1459 1445 1482 1605 
4 1306 1482 1445 1243 
4 1178 1188 1354 1327 
4 1243 1178 1327 1306 
4 1306 1327 1485 1482 
4 1701 1485 1327 1354 
4 2102 2275 2241 2032 
4 2241 2275 2308 2349 
5 2308 2275 2102 2301 2349 
5 1841 1842 1994 2102 2032 
5 1856 1887 1836 1837 1863 
5 1841 2032 2026 1856 1863 
4 1636 1746 1863 1837 
5 1453 1459 1600 1746 1636 
4 1600 1841 1863 1746 
5 1312 1453 1636 1632 1475 
4 1312 1416 1459 1453 
5 1878 1632 1820 1836 1887 
5 1632 1636 1837 1836 1820 
5 2301 2388 2404 2332 2349 
4 2332 2404 2362 2239 
4 2362 2404 2421 2430 
5 2026 2032 2241 2236 2137 
4 2241 2349 2332 2236 
4 2239 2137 2236 2332 
5 2081 2026 2137 2239 2260 
4 2026 2081 1887 1856 
5 1878 1887 2081 2260 2101 
5 2068 1878 2101 2245 2146 
4 2260 2365 2245 2101 
4 2365 2430 2521 2245 
5 2260 2239 2362 2430 2365 
5 1424 1447 1541 1276 1418 
4 1695 1787 1541 1546 
5 1541 1447 1582 1695 1546 
4 1447 1424 1470 1582 
3 1418 1303 1424 
4 1303 1418 1276 1228 
4 1469 1333 1475 1632 
5 1593 1470 1324 1469 1632 
4 1593 1601 1582 1470 
5 1470 1424 1303 1386 1324 
5 1386 1303 1190 1205 1324 
5 1333 1469 1324 1205 1170 
4 1170 1312 1475 1333 
4 1843 1824 1944 1972 
5 1695 1881 2073 1944 1824 
5 1944 2073 2148 2083 1972 
5 1881 1849 1718 1918 2073 
4 1824 1843 1787 1695 
5 1582 1718 1849 1881 1695 
5 1718 1582 1601 1593 1632 
4 1718 1632 1878 1918 
4 2041 2068 2145 2073 
5 2068 2041 2073 1918 1878 
5 2146 2245 2148 2145 2068 
3 2145 2148 2073 
5 227 271 328 320 321 
4 474 438 333 321 
4 321 320 328 474 
5 124 283 271 227 125 
4 201 126 321 333 
4 125 227 321 126 
3 127 161 129 
6 131 319 350 161 127 126 
5 131 126 201 333 319 
4 600 319 333 438 
4 350 319 600 575 
5 438 474 573 709 600 
5 575 600 709 747 745 
4 328 271 283 515 
4 404 356 625 560 
4 515 283 404 560 
5 295 339 356 404 349 
4 283 124 349 404 
4 349 124 186 295 
4 567 730 573 474 
4 474 328 515 520 
5 520 515 570 567 474 
5 567 570 603 586 730 
5 603 691 814 730 586 
4 691 603 560 625 
4 603 570 515 560 
4 1075 975 1170 1205 
5 926 877 958 1170 975 
5 877 926 975 814 829 
4 757 891 958 877 
4 774 757 877 829 
5 774 829 814 691 757 
5 1205 1190 1123 1064 1075 
4 1064 1034 975 1075 
5 909 814 975 1034 976 
4 976 1034 1072 988 
4 1029 988 1072 1164 
5 1034 1064 1123 1164 1072 
4 1164 1123 1190 1303 
6 709 573 730 741 907 740 
4 741 730 814 909 
5 747 709 740 907 822 
5 741 909 976 937 907 
4 988 907 937 976 
4 1029 1021 907 988 
4 1125 1164 1303 1228 
4 1029 1164 1125 1021 
4 1131 1125 1228 1007 
5 745 943 1125 1131 1007 
4 943 907 1021 1125 
5 745 747 822 907 943 
5 222 219 224 115 114 
5 219 425 341 231 224 
5 219 222 405 524 425 
5 116 115 224 231 241 
4 241 231 341 336 
4 116 241 336 117 
5 525 580 657 524 405 
4 546 473 524 657 
5 473 447 341 425 524 
4 546 469 447 473 
5 498 336 407 447 469 
4 407 336 341 447 
4 243 119 117 336 
5 308 226 267 316 369 
4 243 336 316 267 
5 243 204 163 120 119 
4 226 204 243 267 
5 163 235 199 121 120 
4 186 199 235 295 
4 121 199 186 124 
4 235 308 339 295 
5 163 204 226 308 235 
5 336 498 443 369 316 
5 369 443 356 339 308 
4 546 598 634 606 
5 512 498 469 546 606 
4 679 512 606 634 
5 651 512 679 758 719 
6 647 651 719 718 695 585 
6 585 443 498 512 651 647 
4 757 746 813 891 
5 718 719 862 813 746 
5 813 862 924 958 891 
5 443 585 695 625 356 
5 625 695 715 757 691 
5 715 695 718 746 757 
4 760 598 546 657 
4 679 702 760 758 
5 702 679 634 598 760 
3 1040 1091 1067 
4 758 760 1040 1067 
4 758 1067 862 719 
5 760 963 982 1091 1040 
4 657 580 809 833 
4 760 657 833 963 
5 994 1063 1091 982 1002 
5 963 833 956 1002 982 
5 809 994 1002 895 833 
4 833 895 1002 956 
5 2271 2346 2383 2226 2217 
5 2463 2420 2383 2456 2499 
5 2456 2383 2346 2424 2499 
4 2420 2267 2334 2383 
5 2267 2194 2287 2383 2334 
5 2069 2226 2383 2287 2194 
4 1880 1844 1641 1895 
4 1880 1895 1997 1991 
5 1991 1997 2023 1844 1880 
4 2194 2131 2023 2125 
5 1997 2069 2194 2125 2023 
4 2023 2131 2090 1844 
5 2405 2090 2131 2194 2267 
4 1909 1970 1997 1895 
4 1909 1975 2042 1970 
5 1970 2042 2093 2069 1997 
4 1641 1739 1909 1895 
5 1921 1765 1962 2044 1975 
5 1739 1765 1921 1975 1909 
5 2093 2042 2157 2226 2069 
5 2173 2271 2217 2226 2157 
4 2062 2042 1975 2044 
5 1974 1980 2181 2044 1962 
5 2062 2044 2181 2200 2173 
4 2042 2062 2173 2157 
5 2583 2423 2558 2635 2766 
5 2361 2478 2635 2558 2423 
4 2741 2583 2766 2890 
4 2346 2423 2583 2424 
5 2583 2741 2570 2499 2424 
4 2359 2478 2361 2221 
4 2271 2173 2352 2346 
4 2352 2361 2423 2346 
5 2200 2361 2319 2298 2173 
5 2352 2173 2298 2319 2361 
5 2961 3097 3009 2988 2910 
5 2875 2577 2867 2970 2961 
4 2961 2970 3125 3097 
5 2439 2577 2654 2712 2478 
5 2654 2577 2875 2877 2717 
5 2877 2875 2961 2910 2717 
6 2712 2654 2717 2910 2988 2798 
5 3037 3063 2798 2988 3009 
4 2635 2478 2712 2798 
4 2798 2896 2766 2635 
5 2986 2950 2896 2798 3063 
4 2766 2896 2950 2890 
5 3017 3111 3131 3066 3024 
5 3301 3337 3303 3271 3111 
5 3131 3111 3271 3303 3066 
5 3291 3311 3337 3301 3103 
4 3091 3291 3103 3017 
4 3111 3017 3103 3301 
4 3066 2964 2985 3024 
5 2757 2899 2924 2985 2964 
5 2924 2899 3017 3024 2985 
4 2881 3153 3291 3091 
4 2899 2881 3091 3017 
5 2614 2575 2792 2797 2757 
5 2797 2792 2881 2899 2757 
5 3076 3164 3328 3228 3153 
5 3480 3394 3451 3438 3486 
5 3394 3228 3328 3438 3451 
4 3408 3316 3164 3250 
4 3328 3164 3316 3438 
4 3438 3316 3408 3487 
4 3394 3480 3532 3439 
5 3480 3486 3659 3670 3532 
4 3402 3532 3670 3597 
4 3394 3439 3277 3228 
5 3153 3228 3277 3311 3291 
4 3402 3277 3439 3532 
4 3402 3337 3311 3277 
4 2589 2499 2708 2788 
4 2788 2708 2744 2908 
4 2908 2744 3019 3076 
5 2499 2570 2741 2770 2708 
5 2708 2770 2983 3019 2744 
5 2770 2741 2890 2950 2983 
4 2983 3094 3050 3019 
5 2950 2992 3083 3094 2983 
4 3094 3083 3221 3204 
6 3250 3164 3182 3094 3204 3221 
5 3090 3050 3094 3182 3164 
5 3050 3090 3164 3076 3019 
5 2545 2531 2405 2589 2788 
4 2589 2420 2463 2499 
4 2405 2267 2420 2589 
6 2071 2090 2405 2531 2542 2242 
4 2788 2692 2531 2545 
5 2242 2542 2531 2692 2512 
4 2881 2792 2692 2860 
4 2575 2512 2692 2792 
5 2242 2512 2575 2307 2056 
5 2788 2874 2873 2825 2692 
5 2860 2692 2825 2873 2881 
4 2788 2908 2873 2874 
5 2881 2873 2908 3076 3153 
5 3767 3579 3496 3603 3666 
4 3666 3863 3817 3767 
4 3666 3614 3742 3863 
5 3767 3817 3890 3825 3773 
4 3675 3767 3773 3825 
4 3552 3579 3767 3675 
4 3234 3349 3262 3196 
4 3303 3401 3496 3432 
4 3234 3066 3303 3432 
5 3401 3614 3666 3603 3496 
4 3488 3432 3496 3579 
4 3455 3488 3579 3552 
5 3349 3234 3432 3488 3455 
4 3321 3262 3349 3433 
5 3262 3321 3389 3314 3196 
6 3389 3321 3399 3348 3298 3314 
4 3348 3399 3548 3574 
4 3321 3433 3548 3399 
4 3433 3349 3455 3572 
6 3672 3548 3673 3698 3845 3687 
4 3656 3574 3548 3672 
5 3574 3656 3672 3687 3700 
5 3673 3548 3653 3675 3698 
5 3675 3825 3890 3845 3698 
4 3548 3433 3572 3653 
5 3572 3455 3552 3675 3653 
4 3410 3374 3492 3623 
5 3623 3492 3676 3799 3798 
5 3343 3276 3317 3492 3374 
5 3343 3374 3410 3356 3345 
5 3276 3343 3345 3356 3215 
5 3098 3246 3240 3272 3188 
7 3240 3246 3098 3247 3260 3317 3272 
5 3215 3188 3272 3317 3276 
4 3013 3098 3060 3028 
5 3028 3060 3078 2942 3013 
7 3356 2942 3078 3060 3159 3188 3215 
4 3060 3098 3188 3159 
5 3523 3337 3402 3597 3587 
4 3620 3587 3781 3742 
5 3401 3303 3337 3523 3558 
4 3558 3523 3587 3620 
5 3614 3401 3558 3620 3742 
5 3098 3162 3298 3260 3247 
4 3317 3260 3462 3492 
5 3298 3461 3415 3462 3260 
4 3298 3348 3574 3461 
5 3461 3676 3492 3462 3415 
4 3461 3574 3700 3676 
4 2828 2839 2879 2703 
5 2647 2645 2828 2685 2588 
4 2685 2828 2703 2588 
5 2945 2839 2828 2645 2971 
4 2945 2971 3098 3013 
5 3013 2942 2879 2839 2945 
5 2213 2083 2148 2392 2422 
5 2213 2422 2470 2510 2588 
4 2588 2510 2470 2647 
5 2432 2392 2148 2245 2522 
4 2392 2432 2470 2422 
4 2521 2645 2522 2245 
5 2645 2647 2470 2432 2522 
3 3068 3077 2971 
5 2971 2690 2866 3011 3068 
4 2645 2521 2690 2971 
4 2430 2562 2690 2521 
4 2430 2421 2555 2562 
5 2562 2555 2699 2866 2690 
4 3077 3162 3098 2971 
5 3155 3298 3162 3077 3068 
5 3155 3068 3011 3033 3109 
4 3033 3234 3196 3109 
4 3155 3109 3196 3186 
5 3155 3186 3196 3314 3298 
5 2350 2307 2397 2366 2313 
5 2397 2307 2575 2559 2663 
5 2559 2575 2614 2757 2663 
4 2663 2757 2964 2813 
5 2663 2813 2683 2585 2574 
5 2366 2397 2663 2574 2376 
4 2713 2650 2683 2813 
5 2376 2574 2585 2388 2301 
5 2585 2683 2650 2556 2388 
4 2555 2556 2600 2637 
4 2650 2637 2600 2556 
5 2404 2388 2467 2555 2421 
4 2555 2467 2388 2556 
4 2637 2650 2799 2734 
4 2555 2637 2734 2699 
4 2734 2885 2866 2699 
4 2898 2799 2951 2939 
5 2898 2939 3011 2866 2885 
4 2734 2799 2898 2885 
4 2713 2813 2936 2856 
5 3234 2962 2936 2959 3066 
5 2936 2813 2964 3066 2959 
5 2962 3234 3033 2980 2951 
5 2951 2980 3033 3011 2939 
4 2799 2650 2713 2856 
5 2951 2799 2856 2936 2962 
4 5433 5622 5649 5516 
4 5433 5499 5571 5622 
5 5728 5702 5704 5635 5649 
4 5409 5424 5555 5558 
5 5424 5516 5649 5635 5555 
4 5800 5793 5792 5989 
4 5728 5800 5833 5702 
4 5974 5833 5800 5989 
5 5746 5792 5793 5745 5665 
4 5622 5571 5665 5745 
5 5745 5793 5800 5749 5622 
5 5649 5622 5749 5800 5728 
5 5311 5409 5481 5494 5374 
4 5494 5650 5497 5374 
5 5481 5409 5558 5650 5494 
5 5529 5497 5650 5666 5700 
5 5558 5555 5635 5704 5650 
5 5666 5650 5704 5726 5719 
4 5719 5726 5762 5787 
4 5700 5666 5719 5787 
5 5787 6010 5898 5812 5700 
4 6010 5855 5915 5974 
4 5915 5855 5833 5974 
5 5726 5704 5702 5833 5762 
5 5762 5833 5855 6010 5787 
5 5249 5186 5123 5076 5218 
4 5123 5186 5249 5252 
5 5249 5311 5374 5248 5252 
5 5123 5252 5248 5159 5124 
5 5056 5076 5123 5124 5063 
4 5497 5355 5256 5363 
5 5363 5256 5248 5374 5497 
4 5529 5700 5630 5450 
4 5630 5700 5812 5827 
4 5323 5256 5355 5450 
4 5529 5450 5355 5497 
5 4777 4780 4929 4886 4758 
4 4753 4706 4777 4758 
5 4888 4753 4758 4886 4809 
5 4939 4886 4929 5056 5063 
4 4888 4809 4886 4939 
4 4939 5063 5124 4888 
4 5244 5218 5035 4901 
4 4929 4780 4901 5035 
5 5076 5056 4929 5035 5218 
4 5433 5218 5244 5499 
5 5433 5516 5424 5329 5218 
4 5311 5249 5218 5329 
4 5409 5311 5329 5424 
5 4806 4836 4933 4934 4875 
7 4934 4933 4836 4891 5031 5070 5032 
6 4891 5067 5219 5217 5070 5031 
4 4806 4802 4678 4836 
4 4678 4802 4729 4640 
5 4824 4729 4802 4806 4875 
4 4891 4926 5027 5067 
4 4891 4836 4871 4926 
5 4678 4773 4926 4871 4836 
5 4853 4971 5261 5027 4967 
5 4926 4773 4853 4967 5027 
5 4853 4773 4648 4679 4883 
4 5296 5739 5354 5220 
4 5068 5215 5244 4901 
5 5215 5068 5220 5354 5244 
5 5520 5665 5571 5499 5244 
5 5739 5792 5746 5665 5520 
4 5520 5244 5354 5739 
5 5032 5070 5217 5178 5141 
6 5296 5247 5141 5178 5217 5219 
5 5068 5141 5247 5296 5220 
4 5017 4814 4729 4824 
5 5017 5068 4901 4841 4814 
4 4824 4875 4934 5017 
5 5017 4934 5032 5141 5068 
4 4450 4206 4391 4564 
5 4093 4347 4311 4206 4216 
6 4417 4391 4206 4311 4347 4449 
5 4237 4204 4291 4422 4336 
5 4540 4625 4422 4450 4564 
5 4204 4206 4450 4422 4291 
5 4507 4648 4773 4638 4564 
5 4540 4564 4645 4640 4625 
6 4638 4773 4678 4640 4645 4564 
6 4347 4507 4564 4391 4417 4449 
4 4507 4347 4568 4648 
5 4665 4684 4782 4901 4780 
4 4629 4737 4782 4684 
4 4737 4841 4901 4782 
4 4629 4742 4841 4737 
4 4639 4742 4629 4514 
4 4742 4639 4814 4841 
5 4551 4633 4644 4639 4605 
5 4729 4644 4633 4625 4640 
4 4729 4814 4639 4644 
4 4555 4551 4605 4639 
5 4551 4555 4639 4514 4336 
5 4336 4422 4625 4633 4551 
4 3739 3736 3830 3786 
4 3571 3721 3736 3632 
4 3736 3721 3788 3830 
5 3512 3727 3626 3729 3571 
5 3727 3883 3788 3729 3626 
4 3721 3571 3729 3788 
5 4110 4015 3883 4033 4153 
5 4033 3883 3801 4045 4153 
5 3883 4015 4110 4007 3788 
5 3883 3727 3512 3731 3801 
5 3512 3445 3702 3801 3731 
5 3581 3591 3625 3837 3807 
5 3695 3581 3807 3837 3831 
4 3801 3702 3695 3831 
5 3801 3831 3961 3990 4045 
5 3837 3625 3884 3859 3831 
5 3831 3859 3884 3990 3961 
5 3258 3292 3299 3320 3286 
4 3581 3695 3702 3445 
5 3320 3299 3581 3445 3286 
5 4164 4166 4216 4206 4204 
5 3884 4164 4204 4228 3990 
6 4045 3990 4228 4204 4237 4153 
5 3443 3457 3505 3491 3430 
4 3491 3505 3571 3632 
4 3430 3491 3632 3608 
4 3442 3608 3662 3518 
4 3662 3608 3739 3683 
4 3608 3632 3736 3739 
5 3221 3442 3518 3522 3250 
4 3487 3408 3484 3562 
5 3250 3522 3562 3484 3408 
4 3522 3518 3593 3616 
4 3616 3748 3562 3522 
5 3593 3651 3683 3748 3616 
5 3651 3593 3518 3662 3683 
5 3305 3340 3457 3443 3217 
4 3505 3457 3512 3571 
4 3340 3445 3512 3457 
4 3305 3286 3445 3340 
4 3286 3097 3125 3258 
4 3217 3097 3286 3305 
5 3097 3217 3063 3037 3009 
4 3189 3083 2992 3142 
7 3142 2992 2950 2986 3063 3217 3189 
5 3283 3205 3189 3217 3443 
6 3221 3283 3443 3430 3608 3442 
5 3221 3083 3194 3205 3283 
4 3189 3205 3194 3083 
4 4155 4248 4261 4456 
4 4038 4167 4076 4021 
4 4248 4155 4076 4167 
4 4167 4292 4261 4248 
5 4167 4118 4308 4326 4292 
6 4326 4519 4356 4456 4261 4292 
5 4007 3943 3882 3830 3788 
4 3882 3943 3988 3881 
4 3830 3882 3881 3786 
5 4055 3949 3881 3988 4118 
5 3933 3881 3949 4055 3964 
4 4021 3933 3964 4038 
5 4167 4038 3964 4055 4118 
4 3757 3718 3562 3748 
5 3718 3757 3771 3659 3486 
5 3562 3718 3486 3438 3487 
4 3739 3886 3748 3683 
5 3771 3757 3934 3999 4010 
4 3757 3748 3886 3924 
5 3886 3739 3786 3881 3933 
4 3886 3933 4021 3997 
6 3924 3886 3931 4072 3934 3757 
4 4072 3931 3886 3997 
5 3934 4072 4155 4010 3999 
5 4021 4076 4155 4072 3997 
4 4595 4533 4629 4684 
4 4376 4217 4477 4461 
5 4477 4533 4595 4580 4461 
5 4777 4706 4580 4665 4780 
4 4595 4684 4665 4580 
4 4461 4580 4519 4376 
5 4118 4217 4376 4315 4308 
5 4308 4315 4376 4519 4326 
4 4580 4706 4601 4519 
4 4753 4550 4601 4706 
4 4550 4556 4519 4601 
5 4456 4356 4519 4556 4550 
5 4084 4007 4110 4145 4137 
4 4084 3988 3943 4007 
4 3988 4084 4217 4118 
4 4149 4145 4110 4153 
5 4217 4084 4137 4298 4477 
7 4145 4149 4289 4400 4477 4298 4137 
4 4149 4153 4209 4289 
4 4336 4301 4289 4209 
4 4336 4209 4153 4237 
4 4445 4301 4336 4514 
4 4400 4289 4301 4445 
5 4533 4477 4400 4558 4629 
5 4558 4400 4445 4514 4629 
5 3781 3944 3974 3863 3742 
4 3842 3944 3781 3754 
5 3842 3754 4073 4057 3944 
5 4212 4057 4073 4329 4341 
4 4022 4057 4212 4116 
5 3944 4057 4022 4116 3974 
4 4064 4131 3979 3945 
5 4064 4116 4212 4190 4131 
4 3945 4044 4116 4064 
4 3974 4116 4044 3863 
4 3817 3863 4044 3945 
5 3890 3817 3945 3979 3845 
4 3754 3771 4010 4073 
6 3709 3670 3659 3771 3754 3781 
5 3781 3587 3597 3670 3709 
4 4010 4113 4329 4073 
5 4113 4010 4155 4250 4225 
4 4286 4113 4225 4365 
5 4453 4511 4433 4212 4341 
6 4329 4113 4286 4345 4459 4341 
4 4341 4459 4536 4453 
5 4345 4286 4365 4498 4459 
5 4456 4498 4365 4405 4155 
5 4250 4155 4405 4365 4225 
4 4518 4339 4465 4615 
4 4465 4516 4603 4615 
5 4368 4367 4516 4465 4339 
4 4187 4263 4368 4339 
4 4131 4263 4187 3979 
4 4658 4808 4630 4614 
4 4614 4630 4501 4518 
4 4614 4518 4615 4658 
5 4721 4658 4703 4812 4816 
5 4721 4816 4880 4808 4658 
4 4615 4688 4703 4658 
5 4615 4671 4699 4703 4688 
4 4433 4419 4362 4300 
5 4190 4212 4433 4300 4278 
4 4278 4300 4362 4277 
5 4131 4277 4367 4368 4263 
4 4277 4362 4437 4367 
4 4277 4131 4190 4278 
5 4516 4610 4671 4615 4603 
5 4512 4709 4671 4610 4516 
4 4527 4612 4709 4512 
5 4434 4512 4516 4367 4437 
5 4362 4419 4512 4434 4437 
4 4419 4433 4527 4512 
4 4583 4621 4881 4940 
5 4621 4672 4803 4865 4881 
5 4548 4672 4621 4583 4549 
5 4803 4849 4936 4948 4865 
4 4940 4881 4865 4948 
4 4940 4948 5020 5153 
4 4457 4290 4328 4602 
4 4602 4672 4548 4457 
4 4460 4457 4548 4549 
5 4403 4317 4290 4457 4412 
5 4403 4412 4457 4460 4380 
4 4307 4317 4403 4380 
5 4317 4307 4380 4460 4199 
4 4765 4808 4892 4849 
4 4602 4630 4808 4765 
4 4680 4602 4765 4849 
5 4803 4672 4602 4680 4849 
5 4936 4849 4892 5026 5109 
4 5092 5026 5114 5148 
5 4892 5131 5148 5114 5026 
5 5026 5092 5150 5153 5109 
5 4948 4936 5109 5153 5020 
3 5153 5150 5305 
5 5092 5148 5402 5305 5150 
4 4058 4138 4018 3954 
4 3687 3845 4058 3954 
5 3979 4187 4218 4058 3845 
4 4138 4058 4207 4359 
5 4218 4187 4339 4359 4273 
5 4218 4273 4359 4207 4058 
4 4018 4138 4165 4111 
4 4138 4373 4328 4165 
5 4165 4328 4290 4215 4111 
4 4373 4138 4359 4479 
5 4479 4489 4602 4328 4373 
5 4339 4518 4501 4479 4359 
5 4489 4479 4501 4630 4602 
4 3858 3923 3971 4008 
5 3971 3923 3687 3954 4018 
4 3971 4018 4111 4008 
4 3858 3700 3687 3923 
4 3799 3676 3700 3858 
4 3799 3858 4008 3916 
4 3798 3799 3916 3975 
4 4051 4062 4085 4199 
5 3975 3916 4085 4062 4051 
5 3916 4008 4111 4215 4075 
4 4075 4215 4085 3916 
5 4199 4085 4215 4290 4317 
5 5124 5159 5108 5008 5041 
4 4873 4888 5124 5041 
4 4922 4873 5041 5008 
4 5108 5159 5248 5256 
4 5057 5008 5108 5256 
5 5008 5057 5058 5001 4922 
4 4713 4753 4888 4818 
5 4818 4888 4873 4856 4781 
5 4818 4781 4921 4710 4713 
4 4792 4710 4921 4982 
5 4921 4781 4856 4873 4922 
4 4921 4922 5001 5058 
4 4600 4642 4592 4511 
4 4511 4592 4631 4500 
5 4612 4527 4433 4511 4500 
5 4631 4647 4709 4612 4500 
4 4631 4592 4642 4647 
4 4642 4743 4709 4647 
4 4536 4459 4498 4710 
4 4753 4713 4456 4550 
4 4498 4456 4713 4710 
4 4453 4536 4495 4511 
5 4689 4600 4511 4495 4536 
4 4792 4689 4536 4710 
5 4642 4600 4689 4792 4685 
4 5822 5740 5660 5827 
5 5732 5740 5822 5851 5841 
4 5644 5653 5498 5600 
5 5644 5600 5740 5732 5687 
5 5653 5644 5687 5732 5841 
4 5563 5630 5827 5660 
4 5449 5422 5337 5563 
4 5630 5563 5337 5450 
5 5235 5242 5390 5457 5498 
4 5457 5487 5600 5498 
5 5457 5390 5449 5563 5487 
5 5740 5600 5487 5563 5660 
5 5287 5337 5422 5449 5331 
4 5242 5099 4982 5173 
4 5390 5242 5331 5449 
4 5099 4974 4959 4982 
5 4642 4685 4792 4974 4743 
4 4792 4982 4959 4974 
5 5256 5323 5189 5058 5057 
5 5323 5450 5337 5276 5189 
4 5189 5276 5337 5287 
5 5173 4982 4921 5058 5189 
4 5242 5173 5240 5331 
5 5189 5287 5331 5240 5173 
4 5547 5352 5400 5493 
4 5547 5493 5585 5614 
6 5878 5775 5614 5585 5493 5743 
4 5477 5428 5303 5476 
4 5231 5352 5476 5303 
5 5476 5352 5547 5614 5477 
4 5158 5182 5231 5303 
5 5303 5428 5530 5208 5158 
4 5208 5530 5402 5148 
5 4892 4808 4880 5028 5080 
4 5028 5182 5158 5080 
5 5131 4892 5080 5158 5122 
5 5148 5131 5122 5158 5208 
4 5705 5743 5493 5507 
4 5507 5701 5741 5705 
4 5743 5705 5741 5878 
4 5806 5653 5841 5889 
4 5741 5817 5901 5878 
5 5817 5741 5701 5806 5889 
6 5806 5604 5483 5235 5498 5653 
4 5483 5604 5462 5338 
5 5701 5507 5462 5604 5806 
5 5288 5254 5119 5235 5483 
5 5483 5338 5462 5267 5288 
4 5462 5507 5493 5400 
6 5254 5288 5267 5462 5400 5251 
5 5119 5165 5213 5072 4989 
5 4912 4823 4813 4989 5054 
5 5235 5119 4974 5099 5242 
5 5165 5119 5254 5251 5213 
6 4743 4974 5119 4989 4813 4709 
5 4709 4813 4823 4867 4671 
5 4699 4671 4867 4812 4703 
5 4914 4960 4816 4812 4867 
4 4963 4975 4960 4914 
5 4906 4823 4912 5054 4963 
5 4914 4867 4823 4906 4963 
4 5182 5120 5164 5231 
4 5243 5352 5231 5164 
4 5132 5243 5164 5120 
4 4960 4975 5132 5120 
4 4880 4816 4960 5028 
4 5120 5182 5028 4960 
5 5184 5126 5072 5213 5251 
4 5243 5180 5400 5352 
5 5126 5184 5251 5400 5180 
4 4975 4963 5054 5074 
6 5072 5126 5180 5074 5054 4989 
5 5074 5180 5243 5132 4975 
5 2546 2582 2431 2363 2492 
4 2631 2656 2691 2546 
4 2546 2492 2656 2631 
5 2348 2481 2544 2492 2363 
5 2479 2686 2745 2783 2714 
5 2747 2686 2479 2582 2546 
4 2377 2431 2582 2479 
6 2745 2686 2747 2963 2952 2783 
4 2747 2546 2691 2938 
4 2963 2747 2938 3062 
4 2963 3062 3138 2952 
4 2587 2481 2549 2646 
4 2481 2587 2646 2544 
4 2646 2656 2492 2544 
4 2794 2975 3082 2933 
5 2646 2716 2767 2975 2794 
5 2646 2549 2727 2767 2716 
6 2760 2841 2882 2852 2938 2691 
4 2760 2691 2656 2841 
4 2656 2646 2794 2841 
5 2938 2852 2882 2905 3032 
5 3130 3138 3062 2938 3032 
6 3032 2905 2882 2841 2794 2933 
5 3082 3160 3130 3032 2933 
4 2955 3067 3117 2975 
4 2975 3117 3108 3082 
4 3167 3160 3082 3108 
4 3270 3167 3108 3117 
5 3270 3372 3413 3359 3167 
5 3067 3102 3372 3270 3117 
5 3067 2955 2855 2894 3102 
4 2909 2727 2855 2955 
5 2767 2727 2909 2955 2975 
4 2644 2694 2855 2727 
4 2894 2855 2694 2697 
5 2655 2697 2651 2644 2551 
4 2651 2697 2694 2644 
5 2348 2314 2440 2549 2481 
5 2440 2257 2272 2040 2262 
5 2272 2257 2440 2314 2256 
5 2549 2440 2551 2644 2727 
4 2491 2655 2551 2398 
4 2440 2262 2398 2551 
4 1877 2037 2178 2012 
4 2178 2037 2238 2281 
4 2178 2281 2162 2012 
4 2040 2012 2162 2262 
4 2286 2262 2162 2281 
4 2286 2281 2398 2262 
4 2281 2238 2491 2398 
5 1287 1270 1384 1488 1366 
5 1647 1384 1270 1368 1484 
5 1488 1384 1647 1748 1617 
5 1287 1366 1488 1480 1435 
4 1484 1368 1544 1635 
3 1635 1647 1484 
5 1635 1683 1769 1818 1647 
4 1872 1937 1852 1748 
4 1748 1647 1818 1872 
5 1769 1838 1992 1872 1818 
4 1937 1872 1992 2020 
4 2020 2040 2272 2256 
6 1866 1781 1877 2012 1838 1800 
5 1838 2012 2040 2020 1992 
5 1937 2020 2256 2205 1968 
4 2309 2363 2205 2256 
5 2256 2314 2348 2363 2309 
4 1510 1579 1602 1450 
6 1542 1556 1725 1781 1717 1510 
5 1579 1510 1717 1781 1602 
5 1800 1683 1635 1544 1602 
4 1450 1602 1544 1368 
4 1769 1683 1800 1838 
4 1800 1602 1781 1866 
5 2180 2132 2274 2268 2247 
4 2431 2304 2268 2274 
5 2304 2431 2377 2247 2268 
4 2247 2377 2479 2311 
4 2247 2311 2175 2059 
5 2059 2004 2132 2180 2247 
5 2072 2205 2363 2108 2080 
5 2108 2363 2431 2274 2132 
4 2048 2080 2108 2132 
4 1949 2072 2080 2048 
4 2048 2132 2004 1949 
5 1902 1868 1858 2004 2059 
4 1949 1968 2205 2072 
6 1852 1937 1968 1949 1860 1748 
4 1790 1748 1860 1949 
4 1748 1790 1681 1617 
5 1810 1681 1858 1868 1902 
5 1790 1949 2004 1858 1681 
5 1480 1488 1617 1681 1569 
4 1481 1435 1480 1569 
5 1554 1435 1481 1569 1681 
4 1738 1597 1810 1969 
5 1969 1810 1902 2059 2175 
4 1554 1681 1810 1597 
5 1777 1722 1865 1947 1888 
4 1888 1947 2147 2031 
4 1777 1888 2031 1781 
5 1978 2037 1877 1781 2031 
5 2037 1978 2031 2133 2238 
6 1788 1906 1840 1947 1865 1823 
4 1584 1645 1788 1823 
5 1631 1584 1823 1865 1722 
5 1609 1631 1722 1777 1720 
5 1781 1725 1556 1720 1777 
4 1840 1906 2002 1947 
5 1947 2002 2065 2170 2147 
5 2331 2170 2124 2214 2235 
5 2214 2120 2326 2331 2235 
5 2065 2002 2214 2124 2170 
4 2120 2025 2206 2326 
5 1993 2025 2120 2214 2104 
6 1792 1982 2025 1993 2104 1976 
5 1803 2025 1982 1792 1749 
4 1792 1788 1645 1749 
5 1788 1792 1976 2002 1906 
4 1976 2104 2214 2002 
5 2535 2638 2918 2697 2605 
4 2535 2384 2464 2548 
5 2535 2548 2464 2599 2638 
4 2491 2238 2384 2517 
6 2491 2517 2557 2605 2697 2655 
5 2517 2384 2535 2605 2557 
5 2170 2246 2310 2266 2147 
6 2133 2031 2147 2266 2310 2249 
5 2249 2310 2384 2238 2133 
5 2345 2446 2464 2384 2368 
4 2310 2345 2368 2384 
4 2331 2473 2446 2345 
5 2246 2170 2331 2345 2310 
5 2530 2536 2473 2331 2326 
5 2473 2536 2560 2464 2446 
5 2790 2666 2560 2536 2530 
5 2560 2666 2746 2599 2464 
4 2829 2666 2790 2843 
5 2638 2599 2746 2934 2918 
5 2666 2829 3046 2934 2746 
5 3010 2894 2697 2918 2969 
5 3134 3135 2894 3010 3226 
5 2969 2918 2934 2997 3010 
5 3046 3226 3010 2997 2934 
4 3331 3226 3273 3365 
5 3046 3148 3180 3273 3226 
4 3318 3365 3273 3180 
5 3102 2894 3135 3134 3224 
6 3333 3224 3331 3365 3509 3435 
4 3134 3226 3331 3224 
6 3263 3280 3334 3342 3318 3285 
5 3172 3174 3285 3318 3180 
6 3058 3174 3172 3180 3148 3046 
4 3428 3431 3342 3334 
4 3342 3431 3365 3318 
5 3500 3431 3428 3645 3564 
5 3500 3564 3519 3365 3431 
4 3102 3224 3366 3372 
4 3372 3366 3467 3466 
5 3224 3333 3380 3467 3366 
5 3750 3604 3466 3467 3537 
5 3565 3537 3467 3380 3473 
4 3333 3435 3473 3380 
4 3564 3658 3712 3519 
4 3779 3756 3712 3658 
5 3645 3758 3779 3658 3564 
5 3509 3365 3519 3712 3565 
5 3750 3537 3565 3712 3756 
4 3509 3565 3473 3435 
4 2920 3012 3058 2943 
5 3012 3070 3218 3174 3058 
4 2966 3014 3129 3070 
5 2966 2978 2920 2928 3014 
5 2920 2978 2966 3070 3012 
4 2888 2880 3014 2928 
5 2790 2880 2888 2928 2836 
5 2790 2836 2928 2920 2853 
4 2943 3058 3046 2829 
4 2829 2893 2920 2943 
5 2790 2853 2868 2829 2843 
5 2853 2920 2893 2829 2868 
4 3704 3660 3835 3758 
5 3629 3717 3740 3835 3660 
4 3717 3796 3835 3740 
5 3446 3724 3586 3570 3449 
4 3586 3629 3660 3570 
5 3629 3586 3724 3796 3717 
5 3645 3428 3641 3704 3758 
4 3660 3704 3641 3570 
4 3641 3428 3449 3570 
4 3218 3263 3285 3174 
5 3070 3129 3187 3263 3218 
5 3280 3263 3187 3446 3449 
4 3280 3449 3428 3334 
4 87 158 152 89 
5 315 89 152 244 265 
5 265 86 85 282 380 
4 152 158 265 244 
4 86 265 158 87 
5 435 380 499 514 461 
5 457 315 461 514 534 
5 380 435 461 315 265 
4 282 246 499 380 
5 85 84 216 246 282 
4 144 83 246 216 
4 83 144 216 84 
5 465 488 499 246 390 
5 488 465 577 704 499 
6 577 669 699 732 727 704 
5 576 595 699 669 577 
5 390 595 576 577 465 
5 514 499 704 676 621 
5 676 704 727 797 831 
4 627 501 457 534 
5 627 534 787 821 811 
6 676 831 821 787 534 761 
5 621 676 761 534 514 
5 921 939 1143 1092 889 
5 1425 1234 1092 1143 1271 
4 1006 878 889 1092 
5 1184 878 1006 1092 1234 
4 1221 1184 1234 1425 
6 836 727 732 806 764 844 
4 595 744 764 699 
4 732 699 764 806 
5 831 797 878 1184 1221 
5 727 836 889 878 797 
4 889 836 844 921 
5 764 744 939 921 844 
4 1264 1236 1360 1450 
5 1187 1081 1264 1450 1368 
5 1160 1236 1264 1081 1047 
5 831 1221 1232 1236 1160 
4 1360 1236 1232 1289 
4 1221 1425 1289 1232 
4 1160 1047 870 831 
5 870 1047 1071 1015 885 
5 811 821 831 870 885 
5 933 885 1015 970 955 
5 1071 1047 1081 1187 1083 
5 955 970 1015 1071 1083 
5 1104 933 955 1083 1187 
4 1350 1364 1441 1440 
5 1277 1288 1296 1271 1143 
5 1288 1277 1350 1440 1296 
5 1350 1277 1272 1338 1364 
5 1272 1277 1143 983 1144 
5 938 986 1144 983 959 
5 866 918 938 959 983 
5 918 866 755 882 938 
4 638 853 904 755 
4 904 938 882 755 
5 904 853 945 986 938 
5 1144 986 945 853 1119 
4 1360 1427 1510 1450 
4 1468 1510 1427 1360 
5 1510 1468 1461 1556 1542 
4 1556 1461 1609 1720 
5 1425 1449 1609 1461 1289 
4 1468 1360 1289 1461 
4 1441 1721 1637 1440 
6 1645 1584 1608 1440 1637 1659 
5 1659 1637 1721 1749 1645 
5 1584 1519 1508 1440 1608 
4 1584 1631 1508 1519 
5 1449 1425 1508 1631 1609 
5 1296 1440 1508 1425 1271 
4 80 182 228 82 
5 79 215 252 142 80 
5 80 142 252 314 182 
4 359 411 638 526 
5 252 215 359 526 314 
4 304 411 359 215 
5 82 164 284 246 83 
4 228 284 164 82 
5 78 77 168 215 171 
4 78 171 215 79 
4 304 215 168 181 
4 181 168 77 75 
5 390 351 503 552 595 
4 351 390 246 284 
4 322 351 284 228 
4 228 182 314 322 
5 584 503 415 314 526 
5 314 415 503 351 322 
4 783 755 866 983 
4 744 689 783 939 
4 939 783 983 1143 
4 584 526 638 755 
5 635 584 755 783 689 
5 552 503 584 635 689 
4 744 595 552 689 
5 1020 916 840 973 1132 
5 1026 1104 1187 1368 1132 
5 1241 1020 1132 1368 1270 
4 973 840 1026 1132 
4 1026 840 933 1104 
5 1185 1189 1241 1270 1287 
5 998 1010 1020 1241 1189 
5 861 916 1020 1010 998 
5 1185 1287 1435 1256 1093 
5 998 1189 1185 1093 1022 
4 778 852 901 1014 
5 852 778 579 558 861 
5 901 852 861 998 1022 
4 431 579 778 513 
4 445 344 558 579 
5 392 344 445 579 431 
4 387 431 513 448 
4 448 261 288 387 
5 387 288 202 392 431 
5 95 344 392 202 96 
6 97 96 202 153 141 261 
5 141 153 202 288 261 
5 90 89 315 318 230 
5 254 91 90 230 318 
5 394 254 318 501 462 
4 318 315 457 501 
4 275 162 95 93 
5 176 93 92 197 324 
4 275 93 176 324 
6 91 254 233 324 197 92 
5 394 292 324 233 254 
5 394 462 478 395 292 
4 395 478 324 292 
4 572 668 766 725 
4 668 501 627 766 
4 501 668 572 462 
5 766 627 811 885 933 
4 725 840 916 861 
4 766 933 840 725 
4 725 861 558 545 
4 725 545 533 572 
5 478 462 572 533 545 
4 558 344 436 545 
4 324 478 545 436 
5 344 95 162 275 313 
5 313 275 324 436 344 
5 1014 901 1022 1093 1005 
7 949 927 778 1014 1005 979 1213 
5 979 1005 1093 1256 1213 
5 799 835 952 951 834 
5 835 799 694 513 778 
7 835 778 927 949 1213 951 952 
5 530 539 646 636 565 
4 736 673 565 636 
5 636 646 726 765 736 
5 694 799 681 646 513 
4 539 448 513 646 
4 681 799 726 646 
4 765 726 799 834 
4 370 448 539 429 
5 530 535 401 429 539 
5 535 589 624 417 401 
4 535 530 565 589 
4 624 589 565 673 
5 97 261 194 184 99 
5 184 194 370 429 401 
4 194 261 448 370 
4 100 99 184 196 
4 100 196 272 101 
5 272 196 184 352 417 
4 401 417 352 184 
5 928 910 896 838 765 
4 834 951 928 765 
5 928 951 1213 1201 1124 
4 1124 1201 1208 1325 
5 928 1124 974 925 910 
5 925 974 804 896 910 
5 735 804 762 658 624 
4 750 697 673 736 
5 697 750 735 624 673 
5 750 838 896 804 735 
4 838 750 736 765 
5 1571 1518 1379 1362 1388 
5 1495 1451 1439 1503 1597 
5 1571 1451 1495 1597 1738 
4 1256 1439 1451 1298 
4 1503 1439 1554 1597 
4 1554 1439 1256 1435 
5 1353 1451 1571 1388 1301 
4 1361 1388 1362 1325 
5 1208 1301 1388 1361 1325 
5 1256 1298 1245 1201 1213 
4 1201 1245 1298 1283 
5 1353 1301 1283 1298 1451 
4 1208 1201 1283 1301 
5 1112 1035 1177 1148 1223 
5 1039 1098 1157 1177 1035 
4 1157 1398 1274 1177 
5 1398 1351 1269 1223 1274 
4 1148 1177 1274 1223 
5 1398 1157 1181 1237 1307 
4 1098 1130 1181 1157 
4 1136 1237 1181 1130 
6 800 781 795 888 1008 934 
5 934 1008 1130 1098 1039 
4 1008 981 1136 1130 
5 827 981 1008 888 817 
5 1056 1041 1219 1212 1122 
4 1212 1219 1255 1266 
5 1212 1266 1239 1179 1122 
5 1136 1179 1239 1307 1237 
4 1056 1122 1179 1042 
4 1136 981 1042 1179 
4 1001 991 1041 1056 
4 1001 794 832 991 
4 922 794 1001 1056 
4 946 922 1056 1042 
4 946 818 794 922 
4 827 818 880 981 
5 818 946 1042 981 880 
5 1512 1498 1598 1696 1522 
5 1498 1512 1522 1467 1375 
5 1578 1452 1375 1467 1522 
5 1522 1696 1739 1678 1578 
3 1739 1578 1678 
4 1307 1472 1490 1398 
5 1266 1375 1452 1443 1239 
5 1472 1307 1239 1443 1452 
5 1561 1548 1398 1490 1563 
5 1641 1560 1548 1561 1563 
5 1472 1452 1578 1563 1490 
4 1578 1739 1641 1563 
5 1339 1313 1448 1402 1291 
4 991 1108 1172 1041 
5 1172 1108 1313 1339 1291 
4 1218 1219 1041 1172 
4 1218 1172 1291 1290 
4 1218 1290 1255 1219 
5 1598 1761 1765 1739 1696 
5 1589 1587 1761 1598 1498 
4 1587 1589 1498 1448 
4 1290 1291 1402 1394 
4 1394 1402 1448 1498 
5 1266 1255 1290 1371 1375 
5 1371 1290 1394 1498 1375 
5 446 455 556 612 591 
4 556 455 472 643 
4 556 643 818 827 
5 556 827 817 664 612 
5 612 664 781 594 591 
5 817 888 795 781 664 
4 287 108 107 301 
5 446 287 348 472 455 
4 472 348 500 643 
6 287 446 205 111 110 190 
4 110 108 287 190 
5 205 446 306 112 111 
4 301 107 160 413 
5 413 464 484 456 301 
5 348 287 301 456 500 
5 643 500 659 794 818 
5 456 484 696 659 500 
4 696 832 794 659 
4 406 208 234 424 
5 424 451 484 464 406 
4 413 208 406 464 
4 105 170 208 174 
5 105 104 234 208 170 
6 106 136 208 413 160 107 
5 136 106 105 174 208 
5 809 667 792 875 847 
4 667 439 594 722 
4 667 809 580 439 
4 781 867 722 594 
5 812 867 875 792 667 
4 867 812 667 722 
5 800 934 1039 867 781 
4 1017 1074 875 867 
6 1074 1017 867 1039 1035 1112 
4 1063 994 1073 1223 
4 1073 1074 1112 1223 
5 994 968 875 1074 1073 
5 994 809 847 875 968 
4 385 311 419 439 
5 525 405 385 439 580 
4 405 222 264 385 
5 222 114 113 159 264 
5 385 264 159 240 311 
4 113 311 240 159 
5 112 306 338 311 113 
5 460 338 306 362 507 
5 311 338 460 439 419 
5 362 306 446 591 507 
4 460 507 594 439 
3 591 594 507 
4 1528 1516 1759 1662 
4 1552 1574 1648 1581 
5 1662 1759 1793 1648 1574 
4 1516 1528 1387 1473 
4 1574 1455 1536 1662 
5 1528 1662 1536 1455 1387 
5 1455 1331 1346 1319 1387 
5 1140 1319 1346 1331 1230 
4 1319 1389 1473 1387 
5 1389 1319 1140 1279 1382 
5 1389 1382 1527 1419 1473 
5 1419 1527 1487 1516 1473 
4 1552 1343 1455 1574 
6 1331 1455 1343 1352 1448 1313 
5 1352 1343 1552 1587 1448 
5 1033 1230 1331 1313 1076 
5 1230 1013 1085 1135 1140 
8 782 1013 1230 1033 1076 1018 802 696 
5 484 451 661 782 696 
5 782 661 999 1085 1013 
4 802 932 830 696 
5 832 696 830 932 991 
4 1076 1313 1108 991 
5 1018 1076 991 932 802 
5 1925 1927 1980 1974 1962 
5 2200 2181 1980 2221 2361 
4 1927 2094 2221 1980 
5 1761 1587 1675 1773 1779 
4 1761 1925 1962 1765 
5 1779 1773 1927 1925 1761 
4 1675 1587 1552 1581 
4 1870 1773 1794 1958 
5 1675 1581 1648 1794 1773 
5 1958 2039 2113 2174 2006 
5 2094 2006 2174 2179 2222 
5 1948 2006 2094 1927 1773 
5 1948 1773 1870 1958 2006 
5 1516 1676 1709 1758 1759 
5 1731 2000 1758 1709 1676 
5 1754 1731 1676 1643 1644 
4 1526 1644 1643 1527 
6 1527 1545 1630 1676 1516 1487 
5 1630 1545 1527 1643 1676 
4 1794 1648 1793 1958 
4 2000 1961 1759 1758 
5 1961 1890 1958 1793 1759 
5 1958 1890 2022 2113 2039 
6 2000 2113 2022 2027 1987 1961 
5 1890 1961 1987 2027 2022 
5 102 270 364 377 310 
4 371 139 167 310 
5 102 310 167 139 103 
4 371 310 377 379 
4 542 479 379 377 
5 538 371 379 479 542 
5 133 101 272 364 200 
6 101 133 200 364 270 102 
4 364 490 414 377 
5 377 414 490 541 542 
4 272 417 490 364 
5 490 417 624 658 541 
4 104 279 424 234 
4 279 371 547 424 
5 103 139 371 279 104 
4 538 542 754 652 
4 547 371 543 619 
5 543 371 538 652 619 
4 923 953 999 869 
5 652 754 923 869 648 
5 642 648 869 999 661 
4 642 661 451 566 
4 566 451 424 547 
4 652 648 547 619 
4 566 547 648 642 
5 1395 1147 1316 1379 1412 
5 1124 1325 1318 1316 1147 
5 1316 1318 1325 1362 1379 
4 1395 1412 1526 1527 
4 1518 1526 1412 1379 
4 1147 1126 1051 1082 
4 1082 1087 1124 1147 
5 1087 1082 1051 974 1124 
5 1129 1038 1120 1126 1167 
4 1038 1051 1126 1120 
4 1126 1147 1395 1167 
4 1382 1167 1395 1527 
4 542 541 770 618 
4 541 658 762 770 
5 762 804 974 1051 770 
6 618 770 1051 1038 743 542 
4 754 542 788 923 
5 788 542 743 1038 1110 
5 1038 1129 1167 1174 1110 
5 1174 1167 1382 1279 1168 
4 1110 1174 1168 1095 
4 923 788 1110 1095 
5 1127 953 923 1095 1168 
6 953 1127 1168 1279 1140 1135 
4 1085 999 953 1135 
4 3158 3258 3125 2990 
4 3158 3007 3193 3203 
4 3158 2990 2830 3007 
5 2981 3170 3193 3007 2830 
4 2811 2793 2981 2830 
5 2830 2743 2618 2658 2811 
5 2867 2805 2906 2930 2970 
5 2414 2577 2439 2478 2359 
5 2391 2743 2805 2867 2577 
4 2906 2805 2743 2833 
4 2833 2743 2830 2990 
5 2833 2990 3125 2970 2949 
5 2930 2906 2833 2949 2970 
4 3498 3367 3325 3472 
4 3336 3367 3498 3426 
4 3336 3193 3325 3367 
4 3325 3412 3424 3472 
5 3460 3501 3424 3412 3143 
5 3170 3143 3412 3325 3193 
5 3299 3292 3336 3422 3437 
5 3300 3203 3193 3336 3292 
5 3158 3203 3300 3292 3258 
5 3498 3640 3625 3591 3426 
4 3472 3599 3640 3498 
5 3336 3426 3591 3437 3422 
4 3581 3299 3437 3591 
4 2426 2285 2496 2503 
4 2289 2285 2426 2471 
5 2537 2444 2435 2289 2471 
4 2084 2285 2289 2126 
4 2084 2126 2113 2000 
5 2444 2113 2126 2289 2435 
4 2537 2471 2569 2618 
5 2568 2426 2503 2496 2615 
4 2471 2426 2568 2569 
5 2568 2615 2737 2706 2732 
5 2706 2737 2793 2811 2732 
5 2569 2568 2621 2658 2618 
5 2732 2811 2658 2621 2568 
4 2391 2327 2347 2364 
5 2347 2234 2174 2351 2364 
5 2364 2351 2174 2113 2452 
5 2452 2113 2444 2537 2534 
4 2364 2452 2534 2391 
5 2537 2618 2743 2391 2534 
4 2212 2179 2174 2234 
4 2222 2234 2347 2327 
4 2212 2234 2222 2179 
4 2228 2094 2222 2327 
5 2327 2391 2577 2414 2359 
5 2228 2327 2359 2221 2094 
5 2486 2519 2573 2787 2564 
4 2519 2486 2259 2320 
5 2564 2586 2496 2259 2486 
5 2479 2714 2573 2519 2320 
4 2175 2311 2479 2320 
4 2320 2259 2024 2175 
6 2143 2161 2192 2259 2496 2285 
5 1731 1754 1965 2084 2000 
4 1965 2143 2285 2084 
3 2089 1950 1966 
5 1965 1950 2089 2161 2143 
5 2192 2161 2204 2024 2259 
5 1966 2024 2204 2161 2089 
4 1791 1571 1738 1969 
4 1690 1518 1654 1727 
5 1727 1654 1518 1571 1791 
4 2024 1966 1950 1893 
4 1969 2175 2024 1791 
4 1791 2024 1893 1727 
5 1743 1727 1893 1826 1762 
5 1754 1762 1826 1859 1965 
5 1859 1826 1893 1950 1965 
4 1644 1669 1762 1754 
5 1743 1762 1669 1644 1691 
4 1526 1518 1691 1644 
5 1691 1518 1690 1727 1743 
5 3154 3002 3157 3315 3289 
5 3289 3315 3475 3436 3371 
5 3371 3436 3357 3154 3289 
5 3335 3475 3315 3157 3293 
4 3436 3475 3605 3621 
4 3475 3335 3293 3379 
5 2714 2783 2878 2904 2907 
4 2586 2564 2787 2765 
5 2714 2907 3002 2787 2573 
4 2907 2977 3157 3002 
5 3138 3293 3157 2977 2952 
5 2878 2929 2977 2907 2904 
5 2929 2878 2783 2952 2977 
5 3357 3436 3588 3463 3381 
5 3120 3145 3154 3163 3143 
6 3163 3154 3357 3381 3460 3143 
4 3084 3061 3120 3143 
5 3002 3154 3145 3120 3061 
4 3002 3061 3084 2861 
4 2922 2793 2737 2892 
5 3170 2922 2892 3084 3143 
4 2981 2793 2922 3170 
4 2586 2765 2615 2496 
4 2892 2737 2615 2765 
4 2861 2765 2787 3002 
4 2861 3084 2892 2765 
5 4184 4198 4413 4502 4468 
4 4522 4413 4582 4660 
5 4660 4722 4502 4413 4522 
6 4660 4582 4611 4674 4686 4722 
5 4686 4744 4956 4860 4736 
5 4696 4744 4686 4674 4611 
4 4201 4152 4271 4285 
5 4198 4201 4285 4369 4413 
5 4369 4285 4271 4473 4413 
5 4696 4611 4582 4594 4664 
4 4473 4594 4582 4413 
4 4487 4508 4664 4594 
5 4473 4271 4508 4487 4594 
5 4423 4528 4509 4364 4174 
4 4174 4364 4244 4158 
4 4364 4509 4454 4244 
5 4509 4528 4541 4664 4508 
4 4271 4454 4509 4508 
5 4244 4454 4271 4152 4231 
4 4152 4092 3928 4158 
5 4092 4152 4201 4198 4180 
5 4092 4180 4198 4184 4025 
4 3723 3984 4158 3928 
5 4054 4174 4158 3984 3959 
4 4152 4158 4244 4231 
6 4568 4761 4848 4883 4679 4648 
4 4761 4822 4874 4848 
5 4874 4822 4682 4864 4962 
5 4682 4722 4686 4736 4864 
5 4877 4864 4736 4860 4956 
4 4877 4956 4962 4864 
5 4338 4534 4347 4346 4211 
6 4761 4568 4347 4534 4372 4448 
5 4252 4448 4372 4534 4338 
5 4553 4448 4468 4546 4585 
5 4546 4468 4502 4722 4585 
5 4553 4585 4722 4682 4822 
4 4761 4448 4553 4822 
6 3904 4028 4061 4074 4093 4216 
6 4093 4074 4061 4211 4346 4347 
4 4182 4252 4338 4211 
4 3955 3908 4025 4056 
5 4061 4082 4230 4182 4211 
5 4082 4061 3955 4056 4230 
5 4258 4224 4184 4468 4448 
5 4252 4182 4230 4258 4448 
5 4083 4056 4025 4184 4224 
5 4083 4224 4258 4230 4056 
4 3928 3689 3753 3723 
4 3689 3928 4092 3793 
4 3556 3560 3689 3793 
4 3689 3560 3617 3753 
5 3573 3723 3669 3617 3560 
4 3669 3723 3753 3617 
4 3138 3130 3369 3293 
5 3369 3130 3160 3568 3560 
7 3568 3160 3167 3359 3553 3573 3560 
4 3527 3560 3556 3434 
5 3293 3369 3560 3527 3434 
5 3293 3434 3556 3453 3379 
5 3485 3453 3556 3793 3646 
4 3605 3646 3726 3706 
5 3726 3646 3696 3707 3775 
5 3707 3696 3646 3793 3775 
5 3706 3726 3775 3738 3667 
4 3738 4025 3908 3667 
5 3775 3793 4092 4025 3738 
5 3475 3379 3453 3485 3521 
5 3521 3485 3646 3605 3475 
5 3663 3588 3436 3621 3667 
5 3663 3667 3908 3955 3588 
4 3605 3706 3667 3621 
5 3959 3984 3723 3644 3694 
5 3750 3785 3959 3719 3604 
5 3694 3680 3604 3719 3959 
6 3884 3844 3904 4216 4166 4164 
4 3774 3749 3844 3884 
4 3838 3904 3844 3749 
5 3513 3555 3546 3553 3359 
5 3553 3546 3680 3694 3644 
4 3573 3553 3644 3723 
4 3359 3440 3555 3513 
5 3372 3466 3440 3359 3413 
4 3555 3440 3466 3604 
4 3604 3680 3546 3555 
5 3547 3543 3554 3598 3584 
5 3501 3543 3547 3584 3424 
6 3501 3460 3381 3463 3588 3550 
5 3588 3715 3554 3563 3550 
5 3543 3501 3550 3563 3554 
5 3715 3588 3955 4061 4028 
6 3716 3584 3598 3554 3715 4028 
5 3424 3584 3716 3599 3472 
5 3735 3838 3749 3774 3640 
4 3625 3640 3774 3884 
5 3735 3716 4028 3904 3838 
4 3735 3640 3599 3716 
5 5599 5597 5647 5651 5676 
4 5651 5647 5690 5676 
5 5884 5676 5690 5647 5768 
4 5831 5853 5884 5768 
5 5597 5421 5628 5768 5647 
5 5421 5668 5831 5768 5628 
5 5421 5430 5562 5752 5668 
5 5470 5566 5528 5471 5430 
5 5430 5471 5528 5752 5562 
4 5831 5668 5837 5853 
4 5853 5837 5904 6003 
5 5752 5804 5904 5837 5668 
4 5804 5752 6040 5904 
5 6030 6032 6178 6132 6207 
5 6247 6203 6207 6132 6178 
5 6178 6155 6381 6375 6247 
4 6307 6207 6203 6247 
4 6307 6247 6375 6385 
4 6178 5884 5853 6003 
5 6003 5904 6133 6155 6178 
5 5904 6040 6117 6155 6133 
4 5794 5676 5820 5811 
4 5917 5794 5811 5820 
5 5917 5884 6178 6032 6030 
4 5820 5676 5884 5917 
4 5042 5083 5270 5170 
5 5270 5083 5222 5430 5421 
4 5003 4979 5042 5170 
4 4894 5083 4980 4838 
5 5042 4979 4944 4980 5083 
5 4854 4923 4919 5104 4895 
4 4919 4923 5029 5104 
5 5029 4923 5003 5170 5104 
4 4854 4687 4720 4923 
5 4720 4687 4619 4755 4923 
5 5003 4923 4755 4944 4979 
5 4619 4838 4980 4944 4755 
4 5104 5170 5345 5226 
4 5179 4895 5104 5226 
5 5179 5226 5345 5295 5398 
5 5398 5295 5345 5484 5413 
4 5794 5484 5599 5676 
4 5413 5484 5794 5664 
4 5496 5453 5597 5599 
5 5415 5453 5496 5434 5345 
5 5434 5496 5599 5484 5345 
5 5270 5421 5364 5439 5415 
4 5170 5270 5415 5345 
4 5421 5597 5439 5364 
4 5439 5597 5453 5415 
4 6923 6732 6859 6957 
4 7120 6998 6923 6957 
5 6972 6923 6998 7120 7371 
5 6728 6923 6972 6783 6615 
4 6615 6482 6539 6728 
4 6728 6539 6732 6923 
5 6433 6358 6434 6539 6482 
4 6539 6434 6587 6653 
5 6587 6633 6813 6691 6653 
4 6787 6653 6691 6813 
5 6813 6910 6957 6859 6787 
5 6653 6787 6859 6732 6539 
4 5883 5917 6030 6122 
4 5664 5794 5826 5868 
5 5826 5794 5917 5883 5868 
5 5883 6122 6171 6153 5868 
4 6171 6122 6278 6232 
4 6030 6207 6278 6122 
5 6307 6385 6638 6384 6326 
5 6436 6736 6638 6385 6389 
5 6375 6381 6436 6389 6385 
5 6434 6278 6384 6638 6587 
5 6307 6326 6384 6278 6207 
5 6232 6278 6434 6358 6300 
4 6017 6262 6186 6051 
5 5912 5872 5905 6017 6051 
5 5986 5903 5872 5912 6051 
4 5779 5844 5862 5711 
4 5905 5711 5862 6017 
4 5707 5711 5905 5872 
6 5754 5642 5664 5868 5852 5799 
5 5852 5868 5916 6009 5799 
5 5916 5868 6153 6161 6009 
4 5779 5711 5754 5799 
5 5844 5779 5799 5908 5862 
5 6015 6077 6017 5862 5908 
5 5799 6009 6077 6015 5908 
5 6153 6171 6181 6227 6184 
5 6358 6227 6181 6261 6300 
5 6171 6232 6300 6261 6181 
4 6433 6325 6161 6358 
4 6172 6227 6358 6161 
5 6153 6184 6227 6172 6161 
4 6208 6077 6009 6161 
4 6208 6161 6325 6272 
5 6272 6325 6433 6482 6394 
5 6017 6077 6208 6101 6157 
4 6101 6208 6272 6157 
4 6246 6157 6272 6394 
5 6157 6246 6394 6262 6017 
5 4596 4627 4745 4779 4756 
4 4745 4842 4845 4779 
5 4779 4845 4842 4887 4756 
5 4353 4455 4476 4599 4586 
4 4618 4627 4596 4586 
5 4627 4618 4586 4599 4745 
4 5116 4910 4895 5179 
5 4757 4796 4854 4895 4910 
5 4854 4796 4757 4749 4687 
4 4599 4476 4587 4768 
4 4768 4757 4910 4842 
4 4745 4599 4768 4842 
5 4910 5116 5136 5048 4954 
5 4968 5002 5043 5081 5162 
5 4954 5048 5081 5043 5002 
5 4968 4756 4887 4842 4945 
4 4945 4842 4910 4954 
4 4968 4945 4954 5002 
6 4747 4574 4657 4831 4764 4935 
5 4788 4756 4968 4840 4831 
5 4578 4756 4788 4831 4657 
5 4764 4831 5101 5038 4935 
5 4831 4840 4958 5117 5101 
4 4958 4840 4968 5013 
5 5013 4968 5162 5117 4958 
4 5410 5162 5081 5313 
4 5236 5117 5162 5410 
4 5117 5236 5286 5196 
5 5196 5161 5199 5101 5117 
4 5308 5161 5196 5286 
4 5161 5308 5333 5199 
5 5236 5515 5335 5308 5286 
6 5417 5333 5336 5515 5546 5670 
5 5308 5335 5515 5336 5333 
4 5670 5711 5707 5872 
5 5546 5515 5531 5711 5670 
4 5531 5573 5754 5711 
5 5410 5573 5531 5515 5236 
4 5136 5116 5225 5211 
4 5081 5048 5136 5177 
5 5136 5211 5313 5081 5177 
5 5179 5398 5413 5225 5116 
4 5411 5211 5225 5413 
5 5573 5474 5625 5642 5754 
6 5413 5664 5642 5625 5517 5411 
4 5474 5411 5517 5625 
4 5411 5474 5408 5407 
4 5211 5411 5407 5313 
4 5573 5410 5408 5474 
4 5408 5410 5313 5407 
5 4140 3969 4035 4171 4251 
6 3804 3779 3952 3919 4035 3969 
4 3758 3919 3952 3779 
5 3756 3779 3804 3840 3750 
4 3947 3804 3969 4140 
4 3804 3947 3941 3840 
4 3840 3941 3917 3750 
5 3941 3947 4140 4103 4029 
4 3917 3941 4029 4078 
5 4078 4029 4103 4099 4059 
5 3917 4078 4059 3900 3750 
5 3785 3750 3900 4059 3860 
5 4054 3959 3785 3860 4059 
5 4233 4099 4320 4566 4559 
5 4320 4099 4103 4140 4251 
5 4059 4099 4233 4114 4054 
5 4114 4233 4086 4174 4054 
4 4174 4086 4233 4423 
4 4521 4528 4423 4542 
4 4521 4542 4673 4528 
5 4673 4834 4766 4541 4528 
5 4673 4670 4747 4935 4834 
7 4566 4320 4485 4574 4747 4670 4559 
4 4233 4559 4542 4423 
4 4542 4559 4670 4673 
5 3921 4123 4220 4014 3929 
5 3929 4014 3835 3796 3921 
4 3758 3835 4014 3919 
4 3809 3921 3796 3724 
5 3921 3809 3892 3903 3918 
6 3892 3856 4123 3921 3918 3903 
4 4220 4123 4394 4393 
5 4619 4687 4569 4394 4466 
5 4588 4576 4394 4569 4607 
5 4588 4411 4393 4394 4576 
6 4587 4411 4588 4749 4757 4768 
5 4569 4687 4749 4588 4607 
5 4578 4657 4574 4485 4484 
5 4578 4484 4586 4596 4756 
4 4251 4484 4485 4320 
4 4251 4171 4348 4484 
5 4348 4171 4353 4586 4484 
5 4411 4587 4476 4455 4371 
4 4276 4220 4371 4455 
4 4393 4411 4371 4220 
5 4014 4220 4276 4185 3919 
5 4035 3919 4185 4353 4171 
4 4276 4455 4353 4185 
5 6520 6438 6546 6557 6603 
7 6520 6603 6557 6608 6824 6693 6588 
5 6588 6693 6794 6737 6554 
5 6794 6928 6892 6862 6737 
4 6737 6862 6840 6805 
4 6535 6554 6737 6805 
4 6862 6892 6899 6840 
5 7033 6899 6892 6928 7098 
4 7005 6840 6899 7033 
4 7215 7033 7336 7354 
5 7139 7033 7215 7354 7310 
4 6805 6840 7005 7017 
4 7005 7033 7139 7017 
4 6757 6882 7053 6918 
4 6801 6757 6918 6946 
6 7053 7103 6948 6824 6946 6918 
4 6628 6757 6801 6557 
5 6824 6608 6557 6801 6946 
6 7153 7200 7134 7098 7103 7053 
5 7328 7359 7336 7200 7153 
5 7134 7200 7336 7033 7098 
4 6824 6928 6794 6693 
4 6928 6824 6944 7098 
5 6824 6948 7103 7098 6944 
4 6793 7009 7059 7049 
5 7116 7168 7049 7059 7009 
5 7116 7009 7109 7270 7168 
4 6712 6755 7009 6793 
5 6882 6793 7049 7086 7053 
4 6712 6793 6882 6727 
5 6748 6783 6755 6712 6540 
5 6482 6615 6783 6748 6573 
4 6748 6540 6482 6573 
5 6974 6972 7014 7109 6939 
5 7371 7270 7109 7014 6972 
5 6974 6939 6755 6783 6972 
4 6939 7109 7009 6755 
4 6628 6727 6882 6757 
3 6578 6552 6502 
5 6578 6502 6727 6628 6552 
5 6275 6319 6502 6552 6378 
4 6378 6545 6557 6337 
5 6552 6628 6557 6545 6378 
4 6394 6482 6540 6494 
5 6394 6494 6540 6476 6453 
5 6502 6476 6540 6712 6727 
4 6407 6453 6476 6502 
4 6407 6262 6394 6453 
6 6275 6186 6334 6407 6502 6319 
4 6407 6334 6186 6262 
5 6034 5874 6019 6082 6128 
5 6019 5874 5882 5972 6082 
5 5874 5765 5769 5972 5882 
5 5874 6034 6115 5968 5863 
5 5765 5874 5863 5968 5842 
4 5968 5928 5795 5842 
5 5832 5795 5928 5964 6093 
5 5928 5968 6115 6093 5964 
5 6100 6093 6115 6182 6105 
4 6105 6182 6248 6279 
4 6182 6115 6221 6248 
4 6221 6115 6034 6128 
4 6467 6499 6403 6301 
4 6291 6355 6467 6301 
5 6291 6442 6499 6467 6355 
4 6248 6221 6301 6403 
5 6245 6128 6082 6176 6192 
5 6221 6128 6245 6291 6301 
4 6291 6245 6371 6442 
4 6371 6292 6212 6349 
5 6245 6192 6212 6292 6371 
5 6371 6349 6520 6530 6442 
4 6554 6530 6520 6588 
5 6442 6530 6554 6535 6499 
4 6095 5939 6068 6224 
5 5892 5730 5939 6095 5972 
4 5972 5769 5730 5892 
4 6082 5972 6095 6176 
5 6095 6154 6212 6192 6176 
5 6212 6154 6095 6224 6349 
4 5939 5730 5896 6068 
5 6224 6068 6220 6229 6349 
4 5965 6092 6215 6059 
5 5896 6059 6215 6220 6068 
4 5846 5930 6092 5965 
5 5846 5965 6059 5896 5730 
6 6438 6229 6424 6320 6448 6463 
5 6320 6337 6557 6463 6448 
4 6463 6557 6546 6438 
5 6229 6220 6215 6320 6424 
4 6349 6229 6438 6520 
4 6076 6065 6051 6108 
4 6186 6275 6108 6051 
5 6108 6275 6378 6347 6076 
5 6320 6215 6092 6298 6337 
4 6092 5930 6076 6298 
5 6347 6344 6337 6298 6076 
4 6344 6347 6378 6337 
4 5872 5763 5679 5670 
4 5679 5763 5667 5550 
5 5417 5670 5679 5550 5460 
5 5609 5667 5763 5697 5572 
4 5631 5802 5930 5846 
4 5802 5631 5572 5697 
4 5903 5867 5813 5872 
4 5867 5903 6065 6076 
4 5903 5986 6051 6065 
4 5697 5816 5869 5802 
4 5802 5869 6076 5930 
5 5813 5816 5697 5763 5872 
5 5816 5813 5867 6076 5869 
4 5362 5360 5326 5463 
5 5241 5304 5326 5360 5362 
5 5344 5326 5304 5241 5258 
4 5414 5420 5326 5344 
4 5463 5326 5420 5572 
4 5572 5420 5414 5609 
4 5356 5351 5414 5344 
4 5258 5275 5356 5344 
5 5275 5341 5340 5351 5356 
4 5341 5275 5198 5207 
4 5341 5207 5417 5460 
5 5340 5341 5460 5414 5351 
5 5414 5460 5550 5667 5609 
6 4889 4955 4946 4928 4862 4907 
4 4766 4834 4889 4907 
4 4766 4907 4862 4760 
5 4766 4760 4704 4664 4541 
4 4683 4664 4704 4760 
5 4664 4683 4760 4744 4696 
4 4862 4928 5059 4943 
4 5241 5059 5143 5258 
4 5059 4928 4946 5143 
4 5362 5144 5059 5241 
4 5012 4943 5059 5144 
5 4956 4744 5012 5144 5047 
5 4744 4760 4862 4943 5012 
5 5039 5046 5167 5207 5198 
4 5046 5121 5197 5167 
5 5197 5333 5417 5207 5167 
3 5121 5038 5101 
5 5121 5101 5199 5333 5197 
5 5130 5157 5258 5143 4946 
4 5039 5198 5157 5130 
4 5157 5198 5275 5258 
5 5039 4955 4935 4994 5046 
5 5038 5121 5046 4994 4935 
4 4946 4955 5039 5130 
4 4889 4834 4935 4955 
5 5296 5219 5324 5385 5620 
4 5219 5067 5185 5324 
4 5067 5027 5261 5185 
5 5384 5584 5385 5324 5309 
5 5261 5384 5309 5324 5185 
4 5584 5384 5441 5595 
7 5425 5438 5568 5598 5443 5441 5384 
5 5441 5443 5598 5624 5595 
4 5438 5310 5508 5568 
5 5425 5291 5105 5310 5438 
4 5261 4971 5105 5291 
4 5291 5425 5384 5261 
4 5584 5595 5624 5656 
4 5689 5584 5656 5832 
4 5584 5689 5620 5385 
4 5795 5713 5657 5693 
4 5624 5657 5713 5656 
4 5832 5656 5713 5795 
4 5613 5508 5537 5632 
5 5508 5613 5624 5598 5568 
4 5657 5624 5613 5632 
4 5537 5714 5688 5632 
5 5632 5688 5795 5693 5657 
5 5765 5842 5735 5714 5750 
5 5735 5842 5795 5688 5714 
4 5077 5200 5055 4848 
4 5191 5200 5077 4962 
4 4874 4962 5077 4848 
4 5055 5200 5310 5105 
5 4971 4853 4883 4976 5105 
5 4976 4883 4848 5055 5105 
4 5416 5403 5537 5508 
5 5298 5200 5191 5403 5416 
5 5310 5200 5298 5416 5508 
5 5091 5065 4956 5047 5144 
4 4962 4956 5065 5191 
4 5091 5263 5191 5065 
4 5191 5263 5475 5403 
6 5475 5500 5513 5569 5706 5596 
4 5643 5730 5769 5706 
4 5643 5706 5569 5513 
4 5475 5596 5537 5403 
5 5596 5706 5769 5765 5750 
4 5596 5750 5714 5537 
5 5559 5362 5463 5572 5631 
5 5513 5559 5631 5627 5643 
5 5631 5846 5730 5643 5627 
4 5091 5391 5454 5263 
6 5475 5263 5454 5391 5513 5500 
4 5362 5559 5513 5391 
4 5391 5091 5144 5362 
4 7968 7856 7934 8085 
5 7926 7968 8085 7967 7759 
5 7968 7926 7759 7877 7856 
5 7650 7516 7600 7694 7759 
5 7694 7934 7856 7877 7759 
5 7404 7516 7650 7572 7544 
5 7674 7598 7572 7650 7759 
5 7544 7572 7598 7674 7603 
5 7674 7759 7815 7701 7603 
4 7701 7815 7705 7603 
5 7544 7603 7705 7755 7503 
6 7934 7694 7600 7912 7985 7939 
4 8117 7939 8144 8218 
5 7985 8080 8098 8144 7939 
4 8202 8117 8218 8377 
6 7934 7939 8117 8202 8155 8085 
4 8309 8155 8202 8377 
4 8085 8155 8038 7967 
4 7815 7759 7967 7927 
4 7967 8038 8152 7927 
5 8038 8168 8171 8189 8152 
4 8152 8189 8214 8256 
5 8155 8309 8171 8168 8038 
5 8189 8171 8309 8256 8214 
5 8509 8449 8545 8715 8539 
5 8792 8715 8661 8629 8794 
5 8792 8794 8868 8760 8715 
4 8394 8579 8545 8392 
4 8715 8545 8579 8661 
5 8661 8579 8394 8606 8629 
5 8256 8309 8337 8394 8392 
5 8377 8371 8376 8337 8309 
5 8337 8376 8629 8606 8394 
4 8392 8545 8449 8340 
5 8340 8449 8509 8380 8262 
4 8392 8143 8152 8256 
4 8262 8143 8392 8340 
5 8412 8423 8501 8567 8515 
5 8501 8423 8307 8456 8543 
4 8456 8539 8591 8543 
4 8683 8818 8859 8709 
4 8567 8501 8709 8859 
5 8709 8501 8543 8591 8683 
4 8380 8456 8307 8262 
4 8509 8539 8456 8380 
4 8779 8760 8895 9003 
4 8868 9010 8895 8760 
5 8539 8715 8760 8779 8591 
5 8779 9003 8818 8683 8591 
4 8152 8143 8109 7927 
4 8109 8143 8081 7836 
5 8072 8062 7901 7836 8081 
4 8147 8124 8062 8072 
4 8124 8147 8262 8307 
5 8081 8143 8262 8147 8072 
4 7815 7927 7861 7705 
4 7755 7705 7861 7836 
4 7861 7927 8109 7836 
4 7831 7836 7901 7838 
4 7838 7901 7932 7803 
4 7836 7831 7695 7755 
5 7617 7695 7831 7838 7803 
5 7752 7592 7681 7782 7892 
5 7803 7782 7681 7575 7617 
5 7758 7752 7892 7938 7853 
5 7957 7898 7938 7892 7782 
4 8007 7938 7898 7957 
5 7782 7964 8223 8007 7957 
4 7964 7782 7803 8005 
5 8412 8111 8124 8307 8423 
4 7964 8111 8412 8223 
5 8111 7964 8005 8062 8124 
5 7932 7901 8062 8005 7803 
5 7412 7483 7513 7447 7365 
5 7447 7513 7557 7415 7365 
6 7557 7513 7483 7554 7566 7415 
5 7748 7726 7752 7758 7853 
5 7554 7592 7752 7726 7566 
4 7466 7483 7412 7342 
6 7596 7681 7592 7515 7466 7581 
5 7554 7483 7466 7515 7592 
4 7466 7342 7419 7488 
5 7387 7478 7488 7419 7342 
4 7488 7596 7581 7466 
5 7596 7488 7478 7575 7681 
4 7274 7342 7228 7067 
4 7113 7228 7219 7239 
4 7067 7228 7113 7044 
4 7219 7228 7300 7239 
4 7228 7342 7412 7300 
4 7239 7300 7412 7365 
5 7371 7120 7144 7377 7411 
6 7371 7411 7448 7528 7449 7270 
5 7411 7377 7415 7528 7448 
5 7239 7244 7144 7120 7113 
5 7044 7113 7120 6957 6910 
4 7144 7244 7415 7377 
4 7239 7365 7415 7244 
5 6953 7093 7166 7013 6956 
5 6956 7013 7067 7044 6932 
4 6857 6956 6932 6813 
4 6910 6813 6932 7044 
5 6878 6736 6850 7093 6953 
5 7093 6850 6847 6990 7149 
5 6827 6953 6956 6857 6745 
5 6752 6736 6878 6953 6827 
5 6638 6736 6752 6827 6745 
6 6633 6587 6638 6745 6857 6813 
4 7220 7262 7291 7258 
4 7187 7067 7013 7166 
4 7220 7258 7187 7166 
5 7093 7149 7293 7291 7217 
4 7220 7166 7093 7217 
4 7217 7291 7262 7220 
4 7387 7342 7274 7284 
4 7274 7067 7187 7229 
5 7229 7187 7258 7284 7274 
6 7341 7291 7533 7500 7575 7478 
4 7500 7533 7617 7575 
5 7258 7291 7341 7309 7284 
5 7309 7341 7478 7387 7284 
5 7227 7156 7269 7296 7304 
4 7227 7029 6979 7156 
5 7297 7404 7304 7296 7269 
5 7297 7269 7156 7306 7404 
5 7404 7306 7156 7311 7516 
5 7081 7034 7133 7242 7211 
5 7211 7242 7503 7385 7290 
4 7242 7404 7544 7503 
5 7197 7227 7304 7404 7242 
5 7197 7047 6981 7029 7227 
5 7034 7047 7197 7242 7133 
4 7278 7149 7117 7290 
5 7290 7385 7314 7340 7278 
5 7295 7293 7149 7278 7340 
4 7211 7290 7117 7081 
5 6962 7034 7081 7117 7039 
5 6990 6962 7039 7117 7149 
6 7617 7533 7489 7667 7755 7695 
4 7388 7385 7503 7493 
5 7493 7503 7755 7667 7489 
5 7489 7533 7291 7446 7493 
5 7295 7340 7446 7291 7293 
4 7340 7314 7385 7388 
4 7446 7340 7388 7493 
5 5808 5785 5838 5957 6005 
5 6125 5957 5838 6008 6118 
4 6005 5957 6125 6081 
4 6040 5752 5808 6005 
5 6117 6040 6005 6081 6265 
4 6081 6125 6202 6265 
4 5838 6091 6116 6008 
5 6118 6008 6116 6202 6125 
6 6155 6348 6399 6451 6377 6370 
5 6377 6451 6410 6386 6370 
5 6410 6381 6155 6370 6386 
4 6117 6399 6348 6155 
4 6547 6623 6704 6682 
4 6343 6547 6321 6091 
5 6611 6623 6547 6343 6431 
5 6383 6321 6547 6523 6441 
4 6523 6547 6682 6617 
4 6523 6617 6533 6441 
4 6331 6204 6321 6383 
5 6091 6321 6204 6146 6116 
5 6146 6204 6331 6202 6116 
4 6317 6331 6383 6441 
4 6331 6317 6265 6202 
4 6117 6265 6317 6399 
5 6441 6533 6618 6399 6317 
4 6650 6770 6847 6651 
5 6770 6856 6962 6990 6847 
5 6734 6856 6770 6650 6700 
5 6700 6650 6583 6686 6734 
4 6583 6399 6618 6686 
4 6461 6436 6381 6410 
4 6847 6850 6726 6651 
5 6736 6436 6461 6726 6850 
5 6451 6590 6593 6461 6410 
5 6590 6651 6726 6461 6593 
4 6651 6590 6583 6650 
4 6451 6399 6583 6590 
5 6855 6866 6863 6682 6704 
5 6866 6855 6927 6979 7029 
4 6963 6863 6866 7029 
4 6713 6617 6682 6863 
5 6915 6863 6963 7029 6981 
4 6915 6893 6713 6863 
4 6856 6893 7034 6962 
5 7047 7034 6893 7000 6981 
4 6893 6915 6981 7000 
5 6533 6680 6713 6893 6663 
4 6680 6533 6617 6713 
5 6893 6856 6734 6686 6663 
4 6533 6663 6686 6618 
4 8689 8800 8940 8735 
7 9019 9045 9005 9053 9203 9396 9199 
5 9241 9283 9272 9053 9194 
4 9053 9272 9396 9203 
5 9005 9045 8800 8862 8921 
4 8731 8805 8862 8786 
5 8786 8862 8800 8718 8731 
5 8921 8862 8920 9077 9005 
5 9040 9077 8920 8862 8805 
4 9053 9005 9077 9194 
4 9241 9194 9077 9129 
5 8402 8332 8350 8482 8479 
4 8482 8350 8405 8498 
5 8405 8350 8332 8315 8292 
5 8405 8292 8162 8313 8531 
5 8531 8615 8482 8498 8405 
5 8547 8511 8576 8731 8718 
4 8402 8479 8576 8511 
4 8615 8812 8655 8482 
5 8812 8965 9040 8805 8655 
5 8647 8655 8805 8731 8576 
5 8479 8482 8655 8647 8576 
6 9002 9176 9236 9168 8965 9004 
5 8931 8926 8936 9176 9002 
5 8965 9168 9129 9077 9040 
5 8812 8815 8931 9002 8913 
5 8965 8812 8913 9002 9004 
3 9303 9228 9318 
4 9236 9395 9318 9228 
5 9129 9168 9236 9228 9303 
3 9395 9470 9318 
4 9470 9395 9654 9562 
5 9129 9303 9377 9283 9241 
5 9303 9318 9470 9562 9377 
5 8531 8626 8758 8812 8615 
5 8749 8815 8812 8758 8752 
5 8758 8626 8623 8666 8752 
5 8623 8592 8749 8752 8666 
5 8484 8592 8623 8626 8531 
5 8902 9230 9300 9176 8936 
4 9300 9395 9236 9176 
5 8815 8838 8936 8926 8931 
5 8668 8902 8936 8838 8886 
4 8815 8749 8886 8838 
4 8749 8592 8668 8886 
5 8012 8118 8232 8127 8099 
4 8216 8063 8127 8232 
5 8127 8063 8036 8012 8099 
6 7868 7905 8012 8036 7886 7883 
4 7972 7945 7937 8118 
5 7905 7945 7972 8118 8012 
4 7723 7802 7954 7858 
5 7850 7719 7669 7654 7723 
5 7945 7845 7719 7850 7937 
5 7845 7945 7905 7744 7719 
5 7683 7669 7719 7744 7692 
6 7587 7654 7669 7683 7692 7577 
5 7479 7587 7577 7354 7336 
5 7336 7359 7372 7481 7479 
5 7359 7328 7378 7481 7372 
5 7481 7378 7328 7418 7395 
4 7527 7537 7616 7604 
4 7604 7616 7750 7723 
5 7616 7792 7802 7723 7750 
5 7481 7485 7527 7604 7550 
6 7395 7418 7537 7527 7485 7481 
4 7550 7604 7723 7654 
5 7481 7550 7654 7587 7479 
5 8529 8542 8692 8652 8514 
5 8490 8499 8514 8652 8697 
5 8529 8514 8499 8490 8433 
6 8542 8547 8689 8735 8652 8692 
4 8718 8800 8689 8547 
4 8315 8332 8290 8181 
5 8290 8332 8402 8476 8283 
5 8118 8181 8290 8283 8232 
4 8476 8402 8511 8547 
5 8283 8529 8433 8216 8232 
5 8476 8547 8542 8529 8283 
6 7850 7723 7858 7931 8118 7937 
4 7931 7991 8001 8118 
5 7931 7858 7954 8001 7991 
4 8027 8001 7954 7951 
5 8118 8001 8027 8078 8181 
4 8078 8292 8315 8181 
4 7940 7930 8079 8078 
4 8079 7930 7988 8140 
6 8078 8079 8140 7988 8162 8292 
5 7940 8078 8027 7951 7980 
4 7951 7876 7940 7980 
5 7876 7792 7871 7930 7940 
5 7792 7876 7951 7954 7802 
4 7202 7049 7253 7374 
5 7049 7202 7153 7053 7086 
5 7153 7202 7374 7413 7328 
4 7253 7049 7168 7325 
4 7413 7537 7418 7328 
4 7374 7253 7325 7393 
4 7382 7393 7325 7375 
4 7277 7375 7325 7168 
4 7168 7270 7375 7277 
4 7440 7458 7382 7375 
5 7375 7270 7449 7458 7440 
5 7693 7458 7449 7528 7696 
4 7537 7644 7703 7616 
5 7871 7792 7616 7703 7790 
5 7703 7644 7817 7871 7790 
5 7644 7584 7800 7929 7817 
5 7817 7929 7988 7930 7871 
5 7537 7413 7453 7524 7517 
4 7593 7524 7584 7644 
5 7517 7524 7593 7644 7537 
4 7382 7458 7469 7393 
5 7374 7393 7524 7453 7413 
5 7469 7458 7584 7524 7393 
5 7693 7780 7800 7584 7458 
5 8517 8526 8598 8492 8432 
5 8432 8263 8398 8493 8517 
5 8409 8334 8432 8492 8484 
5 8263 8432 8334 8287 8126 
4 8287 8334 8276 8126 
4 8162 7988 8188 8313 
5 8103 8102 8126 8276 8188 
5 8046 8102 8103 8188 7988 
5 8313 8266 8409 8484 8531 
6 8334 8409 8266 8313 8188 8276 
5 8484 8492 8598 8668 8592 
6 7824 7693 7696 7722 7959 7899 
6 7780 7693 7824 7899 7823 7800 
5 7800 7823 7899 7992 8021 
4 8021 7992 8126 8102 
5 8046 8000 7800 8021 8102 
5 8000 8046 7988 7929 7800 
5 8093 8261 8398 8263 8126 
6 7959 7974 8093 7913 7992 7899 
4 7992 7913 8093 8126 
5 7726 7748 7859 7656 7566 
5 7656 7696 7528 7415 7566 
5 7722 7696 7656 7859 7959 
5 8877 8515 8567 8859 8897 
5 8508 8465 8412 8515 8558 
4 8223 8412 8465 8401 
4 8362 8401 8465 8508 
4 8238 8223 8401 8362 
4 8077 7989 7938 8007 
4 7969 7989 8077 8174 
5 7853 7938 7989 7969 7748 
5 8174 8077 8167 8238 8228 
4 8077 8153 8238 8167 
5 8153 8077 8007 8223 8238 
4 8320 8362 8472 8407 
5 8228 8238 8362 8320 8174 
4 8222 8174 8320 8333 
5 8254 8222 8333 8384 8338 
5 8333 8320 8407 8464 8384 
4 7959 8200 8093 7974 
5 8384 8450 8398 8261 8338 
5 8261 8093 8200 8254 8338 
5 8066 8199 8254 8200 7959 
5 7959 7859 7748 7969 8066 
4 8066 8222 8254 8199 
4 8174 8222 8066 7969 
5 9244 9426 9529 9217 9140 
5 9230 9529 9369 9395 9300 
5 8902 8957 9057 9244 9140 
5 9230 8902 9140 9217 9529 
6 8869 8873 9016 9121 8964 8906 
5 8957 8716 8869 8906 8964 
5 8964 9121 9244 9057 8957 
5 8716 8556 8610 8873 8869 
5 8675 8902 8668 8598 8526 
5 8902 8675 8556 8716 8957 
4 8934 9016 8768 8877 
4 8813 8642 8768 9016 
5 8642 8813 9016 8873 8610 
5 8472 8362 8500 8768 8642 
5 8500 8362 8508 8558 8768 
4 8768 8558 8515 8877 
5 8450 8384 8464 8538 8556 
5 8472 8642 8538 8464 8407 
4 8610 8556 8538 8642 
4 8450 8556 8493 8398 
5 8493 8556 8675 8526 8528 
4 8526 8517 8493 8528 
4 6720 6569 6630 6716 
5 6716 6753 6772 6880 6720 
5 6753 6774 7025 6880 6772 
4 6796 6819 6774 6685 
5 6716 6630 6592 6708 6753 
5 6685 6774 6753 6708 6592 
4 7110 6965 6880 7025 
5 7021 6965 7110 7181 7194 
4 6924 7021 7008 6940 
5 6924 6720 6880 6965 7021 
6 6569 6720 6924 6703 6786 6692 
4 6786 6703 6924 6940 
4 6834 6894 6795 6634 
4 6786 6940 7041 6834 
4 6894 6834 7041 7136 
4 6940 7008 7179 7041 
4 7136 7041 7179 7256 
5 6340 6408 6569 6492 6411 
4 6692 6640 6492 6569 
5 6534 6411 6492 6640 6647 
4 6634 6534 6647 6834 
4 6640 6692 6786 6731 
5 6731 6786 6834 6647 6640 
5 7179 7364 7366 7324 7256 
5 7008 7021 7194 7364 7179 
5 7313 7408 7606 7574 7364 
5 7366 7364 7574 7700 7564 
5 7700 7574 7606 7855 7791 
5 7791 7855 7884 7564 7700 
4 7181 7252 7358 7276 
4 7358 7408 7313 7276 
5 7276 7313 7364 7194 7181 
4 7076 7054 7236 7123 
4 7054 7076 7123 7025 
5 7110 7025 7123 7252 7181 
5 7358 7252 7123 7236 7408 
5 7327 7281 7347 7249 7190 
5 7492 7347 7471 7648 7520 
4 7408 7236 7347 7492 
5 7606 7408 7634 7672 7746 
5 7746 7672 7634 7697 7915 
5 7520 7648 7634 7408 7492 
5 6774 6819 7007 7054 7025 
4 6841 6819 6796 6851 
4 6841 6851 7007 6819 
4 7143 7249 7157 7007 
4 7007 7190 7249 7143 
4 7157 7249 7347 7236 
4 7157 7236 7054 7007 
4 6209 6134 6211 6236 
5 5923 5995 6209 5989 5792 
5 5995 5923 6073 6056 6209 
5 6056 6073 6173 6211 6096 
5 6096 6211 6134 6209 6056 
4 6376 6524 6659 6512 
4 6659 6524 6677 6851 
4 6524 6511 6598 6677 
5 6333 6269 6524 6376 6285 
4 6209 6236 6333 6285 
4 6418 6511 6524 6269 
5 6236 6211 6418 6269 6333 
5 6121 6022 6131 6418 6179 
4 6073 5923 6121 6173 
5 6211 6173 6121 6179 6418 
5 5830 5796 6022 6121 5923 
4 5830 5923 5792 5739 
5 5796 5830 5739 5767 5748 
5 5858 5879 6089 6131 6022 
5 5834 5748 5692 5858 6022 
4 5834 6022 5796 5748 
6 5691 5620 5692 5748 5767 5739 
4 5691 5739 5296 5620 
4 5858 5689 5832 5879 
4 5620 5689 5858 5692 
4 6630 6569 6526 6532 
5 6408 6364 6415 6526 6569 
5 6432 6458 6592 6630 6532 
4 6415 6432 6532 6526 
4 6290 6432 6415 6364 
4 6685 6659 6851 6796 
4 6584 6512 6659 6685 
4 6592 6512 6584 6685 
4 6417 6432 6290 6252 
4 6252 6285 6376 6417 
5 6592 6458 6473 6376 6512 
5 6458 6432 6417 6376 6473 
4 6158 6012 5989 6209 
4 6012 6158 6252 6151 
4 6158 6209 6285 6252 
4 6151 6252 6290 6191 
6 6010 5974 5989 6012 6151 6191 
5 6191 6290 6185 6045 6010 
6 6010 6045 6185 6053 6072 5898 
4 6053 6185 6150 6072 
5 6280 6072 6150 6185 6242 
5 6411 6280 6242 6327 6340 
5 6242 6364 6408 6340 6327 
4 6244 6185 6290 6364 
4 6244 6364 6242 6185 
5 7326 7320 7310 7361 7394 
4 7320 7159 7075 7310 
5 7326 7164 7108 7159 7320 
4 6933 6805 7017 7030 
5 6933 7030 7075 7159 7032 
5 7017 7139 7310 7075 7030 
5 6695 6831 6883 6661 6499 
5 6499 6535 6805 6778 6695 
5 6695 6778 6805 6933 6831 
4 6943 7003 6883 6955 
4 6955 7108 7003 6943 
5 6831 6933 7032 6955 6883 
4 6955 7032 7159 7108 
4 7394 7464 7443 7429 
4 7331 7443 7474 7501 
5 7474 7443 7464 7523 7501 
4 7108 7164 7331 7251 
5 7331 7164 7326 7333 7443 
5 7326 7394 7429 7443 7333 
5 7266 7212 7332 7401 7580 
6 7303 7397 7476 7580 7401 7332 
5 7501 7532 7580 7476 7397 
5 7251 7331 7303 7332 7206 
4 7303 7331 7501 7397 
5 7019 7003 7206 7332 7212 
4 7003 7108 7251 7206 
5 7664 7778 7821 7775 7685 
5 7821 7998 8014 7873 7775 
5 8014 8083 8165 8013 7873 
5 7692 7744 7905 7868 7778 
5 7821 7778 7868 7883 7942 
5 8083 8014 7998 8017 8009 
5 7821 7942 8009 8017 7998 
4 8048 8083 8009 7942 
5 8033 7942 7883 7886 8036 
5 8033 8036 8063 8048 7942 
5 8048 8063 8106 8148 8083 
4 8063 8216 8148 8106 
4 7514 7394 7361 7423 
4 7310 7354 7423 7361 
5 7354 7577 7692 7514 7423 
5 7464 7567 7664 7685 7523 
4 7567 7464 7394 7514 
5 7567 7514 7692 7778 7664 
5 7860 7796 7857 7873 8013 
4 7618 7523 7685 7775 
5 7796 7618 7775 7873 7857 
5 7523 7618 7659 7532 7501 
4 7659 7618 7796 7776 
5 7580 7532 7659 7776 7738 
4 6802 6744 6780 7026 
4 6457 6597 6746 6553 
4 6744 6746 6597 6780 
4 6418 6457 6553 6511 
5 6598 6511 6581 6746 6677 
4 6511 6553 6746 6581 
5 6677 6746 6864 6875 6845 
5 6845 6875 6864 6889 6975 
4 6851 6677 6845 6975 
5 6889 6864 6909 6970 6945 
5 6746 6744 6802 6909 6864 
5 7026 7062 6970 6909 6802 
5 7250 7362 7322 7471 7319 
5 7347 7281 7327 7319 7471 
5 7425 7512 7471 7322 7362 
5 7250 7319 7327 7190 7101 
4 6851 6975 7038 7007 
5 7007 7038 6975 7101 7190 
4 7138 7250 7101 6975 
4 6970 7062 7235 7138 
5 7138 6975 6889 6945 6970 
4 7138 7243 7338 7250 
5 7348 7425 7362 7250 7338 
5 7243 7138 7235 7259 7338 
4 7259 7235 7348 7338 
5 6457 6308 6379 6543 6597 
4 6308 6256 6485 6361 
5 6379 6308 6361 6485 6543 
4 6279 6248 6403 6465 
4 6165 6123 6256 6308 
5 6256 6123 6279 6465 6485 
4 6131 6308 6457 6418 
4 6166 6087 6165 6308 
5 6089 6087 6166 6308 6131 
4 5879 5960 6087 6089 
4 5832 6093 5960 5879 
6 6123 5960 6093 6100 6105 6279 
4 6087 5960 6123 6165 
5 7062 7026 7212 7266 7235 
4 7425 7348 7496 7512 
5 7235 7266 7580 7496 7348 
4 6597 6543 6670 6780 
5 6670 6723 7003 7019 6780 
4 7026 6780 7019 7212 
5 6485 6465 6493 6661 6625 
5 6670 6543 6485 6576 6723 
4 6576 6485 6625 6723 
5 6403 6499 6661 6493 6465 
4 6661 6784 6723 6625 
5 6784 6661 6883 7003 6723 
4 8720 8713 8625 8608 
4 8720 8608 8822 8849 
5 8756 8713 8720 8849 8872 
5 8822 8950 8969 8907 8849 
5 8970 8887 8907 8969 9145 
5 8872 8849 8907 8887 8756 
5 8764 8624 8640 8697 8774 
4 8580 8697 8640 8624 
4 8439 8490 8697 8580 
5 8470 8439 8580 8624 8560 
4 8560 8458 8443 8470 
5 8608 8560 8624 8764 8822 
4 8608 8625 8458 8560 
4 8796 8774 8697 8828 
4 8652 8735 8828 8697 
5 8828 8735 8940 8923 8984 
5 8796 8828 8984 8949 8847 
5 8764 8847 8949 8950 8822 
4 8774 8796 8847 8764 
5 8800 9045 9019 8923 8940 
5 9092 8949 8984 9067 9199 
5 9067 8984 8923 9019 9199 
4 9396 9378 9092 9199 
4 8950 8949 9092 8969 
4 9321 9145 8969 9092 
5 9202 9247 9338 9227 9151 
4 9111 9151 9227 9156 
5 9151 9111 8887 8970 9093 
4 9187 9159 9111 9156 
5 9196 9187 9156 9227 9338 
5 9196 9338 9404 9159 9187 
4 9440 9235 9302 9465 
5 9141 9093 8970 9145 9235 
4 9321 9302 9235 9145 
4 9416 9247 9202 9440 
4 9141 9235 9440 9202 
4 9093 9141 9202 9151 
5 8887 9111 9073 8930 8834 
4 8887 8834 8814 8756 
5 8773 8713 8756 8814 8834 
4 8571 8713 8773 8680 
4 8834 8840 8680 8773 
5 8959 8941 8990 9124 8958 
5 8840 8714 8553 8645 8680 
6 8930 8941 8959 8714 8840 8834 
4 8990 9084 9157 9124 
4 9084 9159 9404 9157 
4 9073 9111 9159 9084 
5 8941 8930 9073 9084 8990 
5 7975 8120 8191 8150 8073 
5 8318 8233 8166 8187 8150 
5 7920 7958 8040 8088 8166 
6 8166 8088 8040 8133 8150 8187 
4 8040 8073 8150 8133 
4 7919 7882 7975 7990 
4 7919 7820 7742 7882 
4 7820 7919 7990 7854 
4 7854 7958 7920 7870 
4 7854 7990 7948 7958 
5 7958 7948 7984 8073 8040 
5 8073 7984 7948 7990 7975 
4 7648 7870 7920 7925 
4 7471 7512 7555 7646 
5 7648 7471 7646 7813 7870 
5 7555 7688 7716 7813 7646 
4 7716 7854 7870 7813 
4 7688 7820 7854 7716 
4 7688 7607 7742 7820 
4 7555 7512 7607 7688 
5 7607 7597 7580 7626 7742 
5 7512 7496 7580 7597 7607 
5 7776 7761 7882 7742 7738 
4 7580 7738 7742 7626 
5 7761 7776 7796 7860 7882 
5 7882 7860 8011 8004 8092 
5 7860 8013 8165 8259 8011 
5 8311 8443 8458 8437 8259 
5 8092 8004 8011 8259 8295 
5 8295 8259 8437 8458 8445 
5 8439 8470 8443 8311 8279 
4 8490 8252 8216 8433 
4 8490 8439 8279 8252 
5 8216 8252 8165 8083 8148 
5 8279 8311 8259 8165 8252 
5 8318 8150 8191 8391 8504 
5 8322 8391 8237 8286 8198 
5 8286 8237 8391 8191 8198 
4 7975 8198 8191 8120 
4 8092 8295 8322 8198 
4 7975 7882 8092 8198 
5 8391 8322 8414 8448 8481 
5 8553 8504 8391 8525 8645 
5 8525 8391 8481 8680 8645 
5 8497 8448 8445 8571 8680 
4 8680 8481 8448 8497 
5 8322 8295 8445 8448 8414 
5 8571 8445 8458 8625 8713 
5 7925 7915 7697 7634 7648 
5 7915 7996 8090 7921 7746 
4 7915 7925 8094 7996 
5 8090 8243 8271 8058 7921 
4 7996 8094 8169 8090 
4 8169 8250 8243 8090 
5 7993 8183 8227 8190 8164 
4 8058 8183 7993 7921 
5 8248 8183 8058 8271 8363 
5 7941 7965 7993 7944 7855 
5 7855 7944 7993 8164 8134 
4 7993 7965 7941 7921 
5 7606 7746 7921 7941 7855 
4 8505 8435 8318 8504 
4 8505 8563 8494 8435 
4 8553 8563 8505 8504 
5 8496 8494 8563 8628 8544 
5 8651 8714 8730 8884 8628 
5 8714 8651 8628 8563 8553 
4 8233 8318 8435 8306 
4 8427 8306 8435 8494 
4 8306 8427 8494 8496 
5 8166 8233 8306 8496 8250 
5 8243 8250 8496 8544 8271 
4 8169 8094 8166 8250 
4 8094 7925 7920 8166 
5 8989 8896 8881 8748 8884 
4 8628 8884 8748 8544 
4 8759 8639 8748 8881 
4 8801 8816 9018 9009 
5 9018 8816 8881 8896 8989 
5 8759 8881 8816 8801 8772 
4 8962 8852 8670 8819 
4 8819 8821 8977 8962 
4 8702 8821 8819 8670 
4 8772 8801 9009 8835 
4 8835 9009 8977 8821 
5 8702 8705 8772 8745 8821 
4 8835 8821 8745 8772 
5 8227 8363 8299 8314 8241 
5 8206 8164 8190 8227 8241 
5 8134 8164 8206 8241 8314 
4 8535 8351 8363 8622 
4 8351 8314 8299 8363 
4 8248 8363 8227 8183 
5 8271 8544 8748 8639 8583 
5 8639 8759 8620 8601 8583 
4 8705 8620 8759 8772 
5 8583 8601 8622 8512 8271 
4 8363 8271 8512 8622 
5 8622 8702 8670 8617 8535 
5 8601 8620 8705 8702 8622 
5 9124 9157 9261 9214 9169 
4 9261 9434 9452 9214 
4 9261 9157 9404 9434 
4 9090 9169 9214 9095 
4 8958 9124 9169 9090 
5 8884 8730 8714 8959 8802 
5 8954 8995 8989 8884 8802 
4 8959 8958 8954 8802 
4 8995 8954 9007 9041 
5 8954 8958 9090 9041 9007 
5 8989 8995 9059 9095 9098 
5 9041 9090 9095 9059 8995 
5 9234 9260 9320 9132 9098 
4 9018 8989 9098 9132 
4 9260 9234 9415 9344 
4 9260 9344 9444 9320 
4 9415 9508 9444 9344 
5 9415 9234 9291 9452 9385 
4 9098 9095 9291 9234 
4 9291 9095 9214 9452 
5 9526 9415 9385 9452 9446 
4 9446 9452 9560 9526 
5 9508 9415 9526 9560 9772 
4 9725 9444 9508 9772 
4 8782 8670 8852 8865 
5 8852 8962 9076 8867 8865 
4 8865 8867 9076 9034 
5 9069 9034 9076 9268 9222 
5 8865 9034 8963 8973 8782 
5 9069 9222 8973 8963 9034 
4 8977 9158 9076 8962 
4 9158 9355 9268 9076 
5 9009 9018 9132 9211 9166 
5 8977 9009 9166 9211 9158 
4 9158 9211 9354 9355 
5 9354 9211 9132 9320 9370 
4 9354 9466 9515 9355 
5 9515 9509 9293 9268 9355 
4 9515 9685 9660 9509 
5 9515 9466 9621 9703 9685 
5 9685 9703 9889 10023 9954 
5 9772 9880 9983 9889 9725 
6 9700 9733 9725 9889 9703 9621 
5 9606 9725 9733 9700 9621 
5 9486 9444 9725 9606 9621 
6 9474 9388 9370 9320 9444 9486 
6 9388 9474 9486 9621 9466 9455 
5 9370 9388 9455 9466 9354 
5 9802 9870 9963 9925 9908 
4 10147 10113 9925 9963 
4 9908 9925 10113 10127 
4 9908 10127 10140 10050 
5 9937 9609 9899 9908 10050 
5 9691 9802 9908 9899 9609 
5 9512 9694 9687 9653 9525 
6 9687 9694 9783 9963 9717 9653 
5 9653 9717 9963 9870 9802 
5 9348 9207 9201 9382 9525 
5 9348 9525 9653 9613 9519 
5 9653 9802 9691 9609 9613 
5 10161 10080 10055 9998 10073 
6 10136 10080 10161 10152 10438 10147 
5 10055 10080 10136 10147 9963 
5 10055 9963 9783 9765 9998 
5 9765 9665 9790 10001 9998 
5 10073 9998 10001 10201 10161 
5 9382 9397 9451 9512 9525 
5 9221 9341 9437 9397 9382 
5 9437 9571 9512 9451 9397 
5 9765 9783 9694 9512 9571 
5 9437 9341 9374 9461 9571 
4 9461 9665 9765 9571 
4 9290 9340 9317 9255 
5 9419 9317 9340 9421 9546 
4 9374 9317 9419 9461 
5 9184 9336 9340 9290 9255 
4 9146 9179 9184 9255 
5 9317 9374 9341 9146 9255 
5 9147 9063 9221 9382 9201 
4 9221 9063 9146 9341 
5 9222 9276 9327 9336 9184 
5 9327 9472 9421 9340 9336 
5 9293 9509 9505 9472 9327 
5 9222 9268 9293 9327 9276 
5 9419 9546 9619 9665 9461 
5 9546 9421 9472 9513 9619 
5 9619 9635 9794 9790 9665 
5 9472 9505 9509 9673 9513 
5 9794 9635 9619 9513 9673 
4 9938 9794 9947 9985 
4 9794 9938 9851 9790 
5 9938 9985 10001 9790 9851 
4 9673 9777 9803 9794 
4 9947 9794 9803 9777 
4 9509 9660 9777 9673 
4 9949 9947 9777 9660 
5 8134 8314 8357 8397 8298 
4 8314 8351 8535 8378 
5 8378 8535 8397 8357 8314 
4 8298 8397 8324 8236 
4 8397 8535 8617 8678 
5 8565 8678 8617 8670 8782 
4 8488 8397 8678 8565 
4 8358 8324 8397 8488 
4 8495 8308 8358 8488 
5 8488 8565 8593 8568 8495 
4 8664 8568 8593 8763 
5 8593 8565 8747 8973 8763 
4 8747 8565 8782 8973 
4 7564 7884 8029 7906 
5 7855 8134 8101 8053 7884 
4 8053 8101 8029 7884 
5 8179 8101 8134 8298 8236 
4 8029 8101 8179 8037 
5 7875 7658 7906 8029 8037 
5 8324 8358 8308 8305 8272 
4 8175 8272 8305 8308 
5 8204 8179 8236 8324 8272 
5 8179 8204 8272 8175 8037 
5 7971 7875 8037 8175 8195 
3 8704 8737 8687 
4 8704 8687 8653 8664 
5 8669 8603 8604 8653 8687 
5 8587 8604 8603 8375 8495 
4 8495 8568 8664 8587 
4 8664 8653 8604 8587 
5 8195 8176 7953 7835 7971 
5 7953 8176 8269 8257 8076 
4 8269 8308 8495 8375 
5 8176 8195 8175 8308 8269 
5 8349 8257 8269 8310 8336 
5 8269 8375 8603 8336 8310 
5 9222 9184 9052 8946 8973 
5 8704 8664 8763 8842 8737 
4 8763 8973 8946 8842 
4 9052 9102 9107 8946 
4 9102 9052 9184 9179 
4 9107 9102 9179 9146 
5 8799 8737 8844 8846 8832 
6 8842 8946 9107 8846 8844 8737 
5 8846 9107 9146 9063 8825 
5 8695 8767 8832 8846 8825 
4 8767 8695 8603 8669 
5 8669 8687 8737 8799 8767 
3 8832 8767 8799 
4 7881 8028 7999 7863 
4 7881 7711 7843 8028 
5 7612 7690 7732 7863 7757 
6 7711 7881 7733 7690 7612 7660 
5 7733 7881 7863 7732 7690 
5 8403 8383 8301 8265 8475 
5 8084 7999 8135 8265 8301 
5 8265 8135 8146 8226 8475 
5 7757 7863 7999 8084 7973 
3 8069 8087 8137 
6 8084 8301 8137 8087 8069 7973 
4 8619 8673 8803 8848 
6 8410 8537 8595 8673 8619 8848 
4 8595 8537 8559 8673 
4 8410 8301 8383 8537 
4 8537 8383 8403 8475 
4 8475 8550 8559 8537 
5 8729 8679 8717 8829 8856 
5 8803 8673 8729 8856 8927 
4 8673 8559 8679 8729 
5 8684 8648 8717 8679 8600 
4 8679 8559 8550 8600 
4 8684 8693 8717 8648 
5 8693 8684 8788 8829 8717 
4 8025 7928 8068 8082 
4 8024 8068 7928 7879 
4 8068 8024 8267 8293 
5 7928 8025 8060 8028 7843 
5 8060 8025 8082 8226 8146 
5 8028 8060 8146 8135 7999 
4 8475 8226 8406 8550 
4 8550 8406 8487 8600 
5 8487 8393 8582 8684 8600 
6 8082 8297 8463 8487 8406 8323 
4 8226 8082 8323 8406 
5 8463 8297 8293 8393 8487 
4 8068 8293 8297 8082 
4 7879 7914 8019 8024 
4 8024 8019 8123 8267 
5 7896 8076 8257 8123 8019 
4 8257 8349 8421 8316 
4 8257 8316 8267 8123 
4 8369 8267 8316 8421 
4 8468 8369 8421 8533 
4 8696 8533 8603 8695 
5 8349 8336 8603 8533 8421 
5 8548 8533 8696 8710 8507 
5 8533 8548 8507 8369 8468 
5 8293 8267 8369 8507 8393 
4 8582 8393 8507 8710 
5 8927 9130 9094 9051 9021 
5 8885 8848 8803 8927 9021 
4 9254 9258 9383 9454 
5 8885 9021 9051 9048 9254 
5 9051 9094 9258 9254 9048 
5 9160 9100 8999 9028 9186 
5 8830 8858 9028 8999 8983 
5 8788 8830 8983 8999 8924 
5 8856 8829 8975 9130 8927 
5 8975 8829 8788 8924 8999 
5 8999 9100 9117 9130 8975 
4 8825 9063 9147 8891 
4 8784 8891 8952 8820 
4 9147 9201 9014 8891 
6 8710 8696 8744 8820 8952 8837 
4 8744 8696 8784 8820 
5 8696 8695 8825 8891 8784 
6 9028 8952 8891 9014 9201 9186 
4 9207 9348 9307 9232 
5 9186 9201 9207 9232 9160 
4 8858 8830 8806 9028 
4 8806 8837 8952 9028 
5 8684 8582 8806 8830 8788 
4 8710 8837 8806 8582 
4 9630 9659 9624 9454 
4 9383 9258 9373 9454 
5 9373 9628 9640 9630 9454 
6 9640 9628 9668 9836 9838 9809 
4 9624 9659 9710 9809 
5 9640 9809 9710 9659 9630 
5 9457 9575 9609 9549 9504 
5 9628 9373 9431 9549 9482 
4 9457 9504 9549 9431 
5 9628 9482 9549 9588 9668 
4 9549 9609 9937 9736 
5 9736 9836 9668 9588 9549 
5 9457 9519 9613 9609 9575 
4 9457 9375 9348 9519 
4 9191 9273 9375 9457 
4 9273 9191 9160 9232 
5 9375 9273 9232 9307 9348 
5 9191 9120 9117 9100 9160 
5 9130 9150 9133 9191 9208 
6 9120 9191 9133 9150 9130 9117 
4 9130 9208 9252 9094 
5 9431 9252 9208 9191 9457 
4 9094 9252 9289 9258 
5 9289 9252 9431 9373 9258 
5 7283 7136 7256 7324 7357 
4 7283 7357 7539 7445 
6 7357 7324 7366 7564 7906 7539 
5 7339 7424 7445 7473 7435 
5 7339 7263 7283 7445 7424 
5 7631 7658 7739 7632 7614 
4 7835 7666 7632 7739 
5 7875 7971 7835 7739 7658 
4 7445 7539 7906 7658 
5 7473 7445 7658 7631 7556 
6 7435 7473 7556 7631 7614 7547 
5 7339 7435 7547 7417 7263 
5 7232 7208 7263 7417 7456 
5 7417 7547 7614 7632 7456 
6 7549 7470 7531 7563 7666 7582 
5 7563 7531 7456 7632 7666 
4 7470 7232 7456 7531 
4 7582 7666 7806 7804 
5 7666 7835 7953 7849 7806 
4 7896 7849 7953 8076 
4 7804 7896 8019 7914 
4 7806 7849 7896 7804 
5 6958 6894 7136 7130 7084 
4 7084 7061 6982 6958 
5 7061 7084 7130 7127 7140 
4 7263 7061 7140 7283 
4 7136 7283 7140 7152 
5 7130 7136 7152 7140 7127 
5 7018 6867 6806 6876 6919 
5 6919 6982 7061 7146 7018 
4 7263 7208 7146 7061 
4 6806 6812 6879 6876 
5 6879 6812 6806 6683 6795 
4 6795 6894 6958 6879 
5 6879 6958 6982 6919 6876 
5 6679 6868 6791 6750 6697 
5 6868 6867 7023 6901 6791 
5 6679 6758 6806 6867 6868 
4 6901 6896 6750 6791 
4 6799 6579 6750 6896 
5 6993 6901 7023 7055 7119 
4 7119 7204 6976 6993 
5 6976 6799 6896 6901 6993 
4 7023 6867 7018 7055 
4 7055 7018 7146 7163 
4 7204 7119 7055 7163 
5 7163 7146 7208 7232 7204 
4 6873 6914 7510 6811 
5 7172 7148 7070 6934 6906 
5 6906 6934 7070 6914 6873 
5 7294 7148 7172 7237 7409 
6 7305 7210 7184 7148 7294 7381 
6 7148 7184 7210 7510 6914 7070 
4 6877 6769 6747 6766 
5 6766 6747 6564 6580 6655 
5 6555 6564 6747 6769 6666 
5 6749 6666 6769 6906 6873 
4 7172 6906 6911 6978 
5 6911 6906 6769 6877 6978 
5 6885 6799 6976 6988 6985 
4 7160 7161 7355 7237 
5 6976 7204 7161 7160 6988 
5 6978 6885 6985 7035 7172 
4 7035 6985 6988 7160 
4 7160 7237 7172 7035 
5 6818 6698 6799 6885 6764 
4 6764 6669 6698 6818 
5 6885 6978 6877 6766 6764 
4 6655 6669 6764 6766 
4 6580 6620 6669 6655 
4 6579 6799 6698 6505 
5 6505 6698 6669 6620 6580 
4 7612 7757 7510 7502 
5 7502 7610 7711 7660 7560 
4 7560 7660 7612 7502 
6 7381 7294 7409 7490 7610 7502 
4 7502 7510 7403 7381 
5 7305 7381 7403 7510 7210 
4 7777 7490 7573 7801 
5 7355 7407 7490 7409 7237 
4 7490 7777 7706 7610 
5 7843 7711 7610 7706 7777 
5 7777 7801 7879 7928 7828 
4 7828 7928 7843 7777 
4 7549 7582 7627 7522 
4 7470 7549 7522 7380 
4 7380 7204 7232 7470 
4 7349 7522 7407 7355 
4 7161 7204 7349 7355 
4 7380 7522 7349 7204 
4 7804 7687 7627 7582 
5 7797 7914 7879 7801 7844 
4 7687 7804 7914 7797 
5 7687 7797 7651 7522 7627 
5 7573 7522 7651 7797 7642 
5 7642 7797 7844 7801 7573 
4 7407 7522 7573 7490 
4 6258 6067 6072 6280 
4 6258 6280 6411 6380 
4 6230 6067 6258 6380 
5 6293 6259 6230 6380 6391 
4 6534 6489 6380 6411 
5 6489 6406 6293 6391 6380 
5 6304 6406 6556 6409 6322 
5 6241 6304 6322 6175 6223 
5 6304 6241 6259 6293 6406 
4 6795 6613 6489 6627 
5 6489 6534 6634 6795 6627 
4 6613 6795 6683 6556 
4 6613 6556 6406 6489 
4 6174 6142 6259 6241 
5 6055 6067 6142 6174 6074 
4 6142 6067 6230 6259 
4 5851 5822 6074 5985 
5 6041 5985 6074 6223 6048 
4 6074 6174 6241 6223 
5 5822 5827 5886 5949 6074 
5 5949 5886 5827 5929 6067 
4 6074 5949 6067 6055 
4 5812 5887 5845 5827 
5 5827 5845 5887 5938 5929 
6 6072 6067 5929 5938 5913 5898 
5 5812 5898 5913 5938 5887 
5 6048 6223 6175 6110 6041 
5 6374 6110 6175 6322 6409 
4 6110 6374 6365 6282 
5 6282 6083 6025 5841 6110 
5 5841 5851 5985 6041 6110 
4 6423 6538 6579 6505 
4 6106 6083 6282 6206 
4 6423 6206 6282 6538 
5 5817 5889 5841 5984 5901 
5 6025 6083 5901 5984 5841 
5 5775 5878 5918 6106 5952 
5 5918 5878 5901 6083 6106 
5 6538 6541 6697 6750 6579 
5 6616 6679 6697 6541 6577 
4 6577 6609 6679 6616 
4 6282 6365 6456 6388 
4 6282 6388 6541 6538 
4 6388 6456 6577 6541 
4 6679 6609 6604 6758 
5 6435 6604 6609 6577 6456 
4 6758 6604 6683 6806 
5 6435 6374 6409 6522 6604 
4 6374 6435 6456 6365 
5 6604 6522 6409 6558 6683 
4 6409 6556 6683 6558 
5 5720 5648 5963 5942 5843 
5 5545 5648 5720 5541 5542 
5 5541 5512 5402 5545 5542 
4 5402 5512 5485 5305 
4 5512 5553 5608 5485 
5 5720 5608 5553 5512 5541 
4 5720 5843 5825 5788 
5 5897 5788 5825 5888 5911 
4 5608 5720 5788 5897 
5 5942 5963 6088 6031 5999 
4 5843 5942 5999 6031 
4 5888 6011 5976 5911 
5 5843 6031 6011 5888 5825 
4 5648 5662 5890 5963 
4 5890 5662 5614 5775 
5 5993 5890 5979 6206 6124 
5 5952 6106 6206 5954 5775 
5 5979 5890 5775 5954 6206 
4 5602 5477 5614 5662 
5 5428 5477 5602 5570 5530 
4 5570 5602 5662 5623 
4 5545 5402 5530 5586 
5 5545 5586 5530 5590 5648 
4 5570 5623 5590 5530 
4 5623 5662 5648 5590 
4 6423 6330 6270 6206 
5 6195 6149 5993 6124 6206 
4 6195 6206 6270 6330 
4 6330 6423 6505 6440 
5 6195 6330 6440 6238 6149 
5 5890 5993 6149 6238 5963 
4 6730 6749 6873 6811 
5 6657 6666 6749 6730 6729 
5 6429 6387 6666 6657 6729 
4 6580 6516 6440 6505 
5 6483 6440 6516 6580 6564 
5 6666 6387 6483 6564 6555 
4 6483 6387 6238 6440 
4 6018 5997 5976 6011 
5 6021 5997 6018 6011 6094 
4 6094 6136 6294 6021 
5 6031 6144 6136 6052 6011 
4 6094 6011 6052 6136 
5 6144 6177 6283 6294 6136 
5 6350 6387 6429 6294 6283 
5 6387 6350 6283 6177 6251 
4 6251 6177 6144 6138 
5 6138 6135 6238 6387 6251 
5 6238 6135 6138 6088 5963 
4 6031 6088 6138 6144 
5 2338 2168 2389 2450 2400 
5 2408 2400 2450 2581 2529 
5 2611 2627 2581 2450 2389 
5 2400 2408 2529 2457 2358 
4 2243 2167 2358 2457 
4 2358 2167 2338 2400 
5 1850 1816 1908 2001 1981 
5 1816 1900 2167 2014 1908 
5 2001 1908 2014 2167 2243 
4 2168 2159 2294 2389 
4 1901 1751 2159 2168 
6 2167 1900 1901 2168 2169 2202 
5 2202 2169 2168 2338 2167 
5 2390 2375 2288 2340 2385 
5 2299 2407 2385 2340 2288 
5 2445 2407 2511 2515 2415 
5 2385 2407 2445 2415 2390 
4 2515 2375 2390 2415 
4 1920 1673 1850 2038 
4 2038 2184 2019 1920 
4 2288 2097 2019 2184 
4 2184 2263 2299 2288 
4 2457 2407 2299 2263 
5 2263 2184 2038 2243 2457 
5 2038 1850 1981 2001 2243 
5 1912 1960 2153 2117 2057 
5 1988 1912 2057 2117 2224 
4 2341 2165 1988 2224 
5 2312 2153 2451 2344 2224 
4 2153 2312 2224 2117 
4 2375 2515 2561 2451 
5 2451 2153 2141 2288 2375 
5 2047 2019 2097 2288 2141 
3 1848 1956 1874 
4 1960 1874 1956 2153 
5 1956 1848 1920 2019 2047 
4 1956 2047 2141 2153 
5 2005 2165 2225 2230 2156 
4 2230 2303 2182 2156 
5 2225 2165 2341 2303 2230 
4 2341 2513 2507 2303 
4 2601 2507 2513 2616 
4 2520 2451 2561 2733 
4 2344 2451 2520 2462 
4 2462 2520 2733 2781 
5 2453 2513 2341 2224 2344 
5 2602 2453 2344 2462 2781 
5 2453 2602 2781 2616 2513 
4 2803 2756 2806 2919 
5 2919 2806 2960 2984 3110 
6 2965 2973 3064 2984 2960 2806 
4 2806 2756 2884 2965 
5 2996 3126 3040 3031 2816 
5 2884 2816 3031 3040 2965 
4 3230 3064 3206 3346 
6 3249 3110 3230 3346 3248 3425 
5 3425 3248 3346 3354 3622 
5 3206 3126 3251 3354 3346 
6 3206 3064 2973 2965 3040 3126 
4 2984 3064 3230 3110 
5 2581 2627 2707 2816 2626 
4 2815 2996 2816 2834 
4 2816 2707 2815 2834 
4 2626 2816 2884 2756 
5 2581 2626 2756 2598 2529 
4 2628 2598 2756 2740 
4 2407 2457 2540 2553 
5 2596 2553 2540 2603 2728 
5 2553 2596 2515 2511 2407 
4 2540 2628 2728 2603 
4 2628 2540 2539 2598 
5 2539 2540 2457 2529 2598 
5 2821 2701 2847 2897 2845 
5 2701 2515 2596 2730 2847 
4 2515 2701 2821 2561 
4 2786 2730 2596 2728 
6 2756 2803 2786 2728 2628 2740 
4 2786 2803 2923 2865 
5 2821 2845 2819 2733 2561 
5 2781 2733 2819 2845 2842 
5 2842 2845 3039 3065 2781 
4 3165 3049 3036 3175 
4 3049 2845 2897 3036 
5 3156 3065 3039 2845 3049 
4 3242 3156 3049 3165 
5 2730 2786 2865 2897 2847 
4 2865 2923 3036 2897 
4 3036 2923 3118 3175 
4 2803 2919 2956 2923 
5 3110 3118 2923 2956 2919 
5 3110 3123 3166 3175 3118 
5 3249 3237 3166 3123 3110 
4 3386 3237 3249 3425 
4 3261 3166 3237 3386 
4 3327 3242 3165 3175 
4 3175 3166 3261 3327 
4 3327 3261 3386 3476 
4 3327 3476 3538 3242 
6 2158 1996 1945 1809 1795 1911 
5 1808 1932 1959 1770 1809 
4 1809 1945 1932 1808 
4 1714 1809 1770 1657 
5 1658 1626 1714 1657 1770 
5 1688 1658 1770 1959 1904 
5 1932 1945 1996 2158 2063 
5 2158 2244 2278 2231 2063 
4 2190 2244 2158 1911 
5 2231 2278 2323 2387 2297 
4 2387 2324 2244 2369 
5 2244 2324 2387 2323 2278 
5 2255 2151 2053 2098 2144 
4 2076 2053 2151 2176 
4 2396 2176 2151 2255 
4 2144 2099 2208 2255 
5 2297 2387 2480 2255 2208 
5 2526 2494 2396 2255 2480 
5 1904 1959 2035 2053 2076 
5 2098 2053 2035 2099 2144 
5 2209 2063 2231 2297 2208 
5 2085 2209 2208 2099 2035 
4 2085 2035 1959 1932 
4 2085 1932 2063 2209 
5 2698 2725 2859 2704 2630 
4 2480 2630 2704 2526 
4 2619 2698 2630 2480 
4 2758 2724 2698 2619 
5 2724 2758 2864 2725 2698 
4 2864 2932 2859 2725 
4 2758 2937 2932 2864 
5 3035 2947 2900 3034 3022 
5 2758 2900 2947 3035 2937 
6 3122 3086 3177 3409 3190 3137 
6 2932 2937 3035 3086 3122 3137 
5 3034 3071 3086 3035 3022 
5 3071 3034 3195 3177 3086 
4 2387 2369 2487 2498 
4 2483 2387 2498 2619 
4 2483 2619 2480 2387 
4 2487 2563 2597 2498 
5 2597 2563 2823 2900 2758 
4 2597 2758 2619 2498 
5 2474 2563 2487 2369 2333 
6 2563 2474 2303 2507 2576 2673 
6 2823 2563 2673 2576 2507 2676 
4 2064 2156 2182 1911 
5 2244 2190 2201 2333 2369 
6 2276 2201 2190 1911 2182 2303 
5 2276 2303 2474 2333 2201 
4 2944 3000 2926 2781 
4 3000 2944 3038 3069 
5 2781 3065 3069 3038 2944 
5 3239 3069 3065 3238 3243 
5 3239 3383 3397 3184 3202 
5 3000 3069 3239 3202 3184 
5 3238 3065 3156 3242 3308 
6 3323 3308 3242 3391 3411 3347 
5 3243 3238 3308 3323 3347 
4 3383 3239 3267 3407 
5 3267 3239 3243 3347 3407 
4 3407 3495 3458 3383 
5 3465 3495 3407 3347 3411 
4 3691 3874 3826 3705 
4 3541 3691 3705 3648 
4 3465 3541 3648 3495 
5 3411 3391 3477 3541 3465 
5 3242 3538 3637 3477 3391 
5 3691 3541 3477 3637 3741 
6 3397 3383 3458 3495 3578 3542 
5 3578 3495 3648 3681 3784 
7 3784 3681 3847 3938 3823 3668 3820 
5 3938 3847 3681 3834 3965 
4 3834 3826 3874 3965 
5 3681 3648 3705 3722 3834 
4 3722 3705 3826 3834 
6 4210 3938 3965 4102 4120 4280 
5 3823 3938 4210 3951 3901 
5 3668 3823 3901 3800 3769 
5 3668 3602 3578 3784 3820 
5 3602 3668 3769 3692 3503 
4 3578 3602 3456 3542 
5 3474 3456 3602 3503 3388 
5 3409 3388 3503 3481 3549 
4 3481 3503 3638 3549 
5 3764 3606 3549 3638 3800 
5 3638 3503 3692 3769 3800 
5 3030 2917 2900 2823 2827 
5 2917 3030 3100 3034 2900 
5 2676 2507 2601 2616 2648 
5 2648 2616 2781 2926 2903 
5 2676 2648 2903 2827 2823 
4 3000 3184 2903 2926 
5 2827 2903 3184 3101 3030 
5 3456 3101 3184 3397 3542 
5 3195 3034 3100 3388 3255 
5 3177 3195 3255 3388 3409 
6 3030 3101 3456 3474 3388 3100 
5 147 36 35 157 329 
4 36 147 317 38 
5 358 402 317 147 329 
6 157 35 354 393 358 329 
6 299 302 393 354 183 203 
5 35 34 203 183 354 
4 397 452 459 396 
5 391 480 581 452 397 
4 452 581 517 459 
5 393 302 355 396 459 
4 459 517 537 393 
4 299 203 166 397 
5 302 299 397 396 355 
4 517 581 640 537 
5 752 537 640 698 820 
5 393 537 752 402 358 
4 964 698 640 856 
5 608 856 640 581 480 
4 480 391 536 631 
4 930 993 1196 964 
5 947 993 930 823 828 
4 856 823 930 964 
5 677 608 480 631 672 
5 677 672 823 856 608 
5 672 662 723 828 823 
4 536 662 672 631 
4 276 280 409 335 
5 610 335 409 485 683 
6 146 29 335 610 248 185 
5 483 485 409 280 346 
4 29 27 276 335 
4 27 26 280 276 
4 24 23 220 255 
5 23 21 155 193 220 
5 250 346 220 193 155 
5 255 220 346 286 221 
4 286 346 280 221 
4 221 25 24 255 
4 26 25 221 280 
4 363 416 504 489 
4 416 402 752 504 
4 342 317 402 416 
5 39 38 317 342 165 
4 416 363 298 342 
5 39 165 342 298 363 
5 31 29 146 185 195 
5 33 397 166 203 34 
4 31 195 397 33 
5 195 185 248 391 397 
5 391 248 610 662 536 
5 890 978 1045 884 874 
4 890 906 950 978 
4 1154 978 950 906 
4 1180 1253 1155 1045 
4 1309 1253 1180 1154 
4 1045 978 1154 1180 
3 686 550 663 
5 663 890 874 884 686 
5 906 890 663 550 532 
4 485 483 686 601 
4 250 532 550 346 
4 483 346 550 686 
5 941 871 723 772 777 
4 723 871 947 828 
4 601 777 683 485 
4 723 683 777 772 
4 662 610 683 723 
5 989 884 1045 1155 1117 
5 941 777 810 884 989 
5 601 686 884 810 777 
4 1107 1150 1128 941 
4 1152 871 941 1128 
5 941 989 1036 1150 1107 
5 989 1117 1155 1150 1036 
6 1751 1901 1900 1684 1640 1744 
4 1580 1816 1850 1663 
4 1580 1684 1900 1816 
5 1640 1684 1514 1621 1744 
4 1751 1744 1621 1656 
5 1517 1446 1656 1621 1514 
4 1150 1320 1305 1128 
4 1517 1514 1305 1320 
5 1391 1446 1517 1320 1357 
4 1391 1357 1309 1446 
5 1253 1284 1320 1150 1155 
5 1284 1253 1309 1357 1320 
4 1152 1330 1233 1176 
4 1282 1196 1233 1367 
5 1233 1330 1433 1432 1367 
4 1139 871 1152 1176 
5 1139 1176 1233 1196 993 
4 871 1139 993 947 
5 1524 1506 1580 1663 1549 
4 1330 1506 1524 1433 
5 1433 1524 1549 1521 1432 
4 1506 1514 1684 1580 
5 1305 1514 1506 1330 1423 
4 1152 1128 1317 1330 
5 1330 1317 1128 1305 1423 
4 1247 964 1196 1282 
4 1090 1225 1259 1048 
5 1225 1090 1048 964 1247 
4 1259 1225 1322 1404 
4 1322 1225 1247 1282 
5 1358 1381 1404 1322 1282 
3 1523 1572 1590 
4 1404 1523 1308 1259 
4 1523 1590 1489 1308 
4 1367 1405 1358 1282 
5 1405 1367 1432 1533 1358 
4 1533 1491 1381 1358 
5 1523 1404 1381 1491 1572 
4 1861 1874 1960 1912 
5 1575 1848 1874 1861 1671 
6 1736 1664 1671 1861 1912 1702 
4 1499 1489 1590 1594 
5 1572 1491 1575 1671 1664 
5 1572 1664 1736 1702 1590 
5 1543 1432 1521 1549 1663 
6 1543 1663 1850 1673 1638 1592 
5 1533 1432 1543 1592 1638 
4 1920 1848 1638 1673 
5 1491 1533 1638 1848 1575 
5 721 826 894 805 701 
5 894 826 985 944 984 
5 1146 984 944 985 1158 
4 775 701 805 894 
5 644 628 701 775 742 
5 984 858 742 775 894 
5 693 674 826 721 701 
4 489 504 693 701 
4 504 752 674 693 
4 752 859 826 674 
4 913 985 826 859 
4 851 752 820 929 
5 859 752 851 929 913 
5 1137 971 1048 1183 1195 
5 985 913 965 971 1137 
4 985 1137 1195 1158 
5 971 965 913 929 820 
5 820 698 964 1048 971 
4 1356 1355 1489 1499 
5 1146 1158 1195 1273 1295 
4 1356 1295 1273 1355 
4 1355 1261 1308 1489 
4 1195 1261 1355 1273 
4 1259 1308 1183 1048 
4 1183 1308 1261 1195 
4 1774 1911 1795 1687 
4 1687 1534 1577 1774 
4 1687 1795 1809 1714 
4 1534 1623 1714 1626 
4 1534 1687 1714 1623 
4 1774 1864 2064 1911 
5 1642 1520 1680 1864 1774 
4 1520 1771 1864 1680 
5 1411 1385 1500 1577 1534 
4 1642 1774 1577 1500 
3 1642 1500 1520 
4 1520 1500 1326 1392 
5 1943 1897 1702 1912 1988 
5 1951 1988 2165 2005 1903 
5 1897 1943 1988 1951 1903 
5 1899 1903 2005 2156 2064 
4 1899 1907 1771 1903 
5 1899 2064 1864 1771 1907 
4 1594 1708 1586 1499 
5 1702 1897 1708 1594 1590 
5 1771 1586 1708 1897 1903 
4 1511 1586 1458 1356 
4 1356 1499 1586 1511 
4 1392 1356 1458 1520 
4 1520 1458 1586 1771 
5 1103 1175 1323 1217 1171 
5 1217 1280 1321 1133 1171 
5 1321 1280 1217 1323 1363 
6 1263 1326 1500 1385 1341 1151 
5 1363 1323 1175 1411 1534 
5 1175 1151 1341 1385 1411 
5 1397 1442 1314 1133 1321 
4 1363 1534 1397 1321 
5 1314 1442 1555 1444 1406 
5 1442 1397 1534 1626 1555 
4 1619 1688 1444 1555 
5 1555 1626 1658 1688 1619 
3 798 892 729 
4 917 886 1059 1103 
4 917 892 798 803 
5 729 650 720 803 798 
5 803 742 858 886 917 
5 1295 1356 1392 1326 1263 
4 1146 1295 1263 1086 
5 1059 1086 1263 1151 1149 
5 1175 1103 1059 1149 1151 
5 858 984 1019 1059 886 
5 984 1146 1086 1059 1019 
4 1335 1429 1378 1248 
5 1616 1612 1335 1369 1454 
5 1612 1622 1610 1429 1335 
5 1265 1336 1376 1268 1156 
5 1336 1265 1248 1378 1429 
5 1376 1336 1429 1610 1716 
4 1622 1612 1686 1753 
5 1612 1616 1732 1726 1686 
5 1732 1851 1753 1686 1726 
4 1896 1851 1732 1807 
4 1807 1782 1894 1896 
5 1707 1616 1747 1894 1782 
5 1807 1732 1616 1707 1782 
5 1716 1610 1622 1742 1833 
4 1622 1753 2067 1742 
5 1817 1798 1813 2015 1983 
5 1742 2067 2015 1813 1833 
4 1833 1813 1798 1716 
4 2429 2196 2258 2454 
5 2015 2060 2196 2171 2105 
5 2067 2258 2196 2060 2015 
5 2015 2105 2171 2017 1983 
5 1983 2017 2171 2163 2150 
5 2329 2150 2163 2171 2196 
4 1376 1716 1502 1421 
4 1268 1376 1421 1380 
4 1502 1415 1380 1421 
5 1220 1109 1251 1380 1415 
4 1268 1258 1109 1156 
5 1109 1258 1268 1380 1251 
4 1235 1220 1415 1413 
5 1413 1674 1656 1446 1434 
5 1235 1413 1434 1446 1309 
5 1437 1700 1674 1413 1415 
4 1415 1502 1700 1437 
6 1723 1697 1656 1674 1700 1805 
5 1700 1502 1716 1798 1805 
5 1798 1817 1983 1819 1805 
4 1819 1983 1862 1879 
5 1805 1819 1879 1862 1723 
5 1930 1934 1939 1938 1867 
4 1862 1983 1934 1723 
5 2150 2034 1939 1934 1983 
5 1938 1939 2034 2010 1867 
5 1867 1697 1723 1934 1930 
4 1697 1867 1789 1656 
4 1656 1789 1835 1751 
5 1751 1835 1955 1998 2066 
5 1835 1789 1867 1935 1955 
6 1867 2010 1989 1998 1955 1935 
4 843 980 706 544 
4 506 403 544 706 
4 477 403 506 516 
5 262 403 357 251 214 
5 332 357 403 477 516 
5 198 20 251 357 332 
5 214 148 19 18 262 
5 251 20 19 148 214 
6 21 20 198 332 210 156 
5 21 156 210 250 155 
4 906 532 685 876 
5 332 516 685 532 551 
5 210 332 551 532 250 
5 516 506 706 734 685 
5 706 980 881 848 734 
5 734 848 881 876 685 
3 1235 1121 1220 
5 1102 1220 1121 1154 906 
4 1154 1121 1235 1309 
4 980 1109 1046 881 
4 1220 1102 1046 1109 
4 902 881 1046 1102 
5 876 881 902 1102 906 
4 17 16 223 209 
5 209 281 262 18 17 
5 209 223 347 340 281 
5 347 471 491 434 373 
5 373 434 281 340 347 
5 684 733 749 854 843 
5 553 491 654 733 684 
5 553 684 843 544 518 
5 403 487 553 518 544 
5 262 281 434 487 403 
4 487 434 491 553 
4 1004 957 898 872 
5 1265 957 1004 1116 1248 
5 914 1113 1116 1004 872 
5 1369 1335 1248 1116 1329 
5 1222 1369 1329 1116 1113 
4 914 1078 1222 1113 
5 733 898 957 854 749 
4 654 872 898 733 
4 1077 1156 1109 980 
5 843 942 1156 1077 980 
5 854 977 1156 942 843 
5 977 854 957 1265 1156 
4 2318 2273 2367 2395 
4 2318 2395 2300 2248 
4 2318 2248 2149 2273 
5 2300 2395 2477 2434 2413 
5 2477 2613 2604 2500 2434 
5 2300 2413 2434 2500 2371 
4 2149 2152 2066 1998 
5 2149 2248 2300 2218 2152 
4 2138 2066 2152 2218 
6 2159 1751 2066 2166 2189 2294 
5 2066 2138 2218 2189 2166 
4 2294 2189 2371 2500 
4 2300 2371 2189 2218 
5 2475 2584 2632 2489 2367 
4 2584 2620 2695 2632 
4 2395 2367 2489 2477 
5 2489 2632 2641 2613 2477 
5 2604 2613 2641 2739 2748 
5 2010 2034 2149 1998 1989 
4 2034 2150 2273 2149 
4 2329 2412 2273 2150 
5 2425 2412 2620 2584 2475 
5 2273 2412 2425 2475 2367 
5 2620 2412 2623 2684 2695 
5 2695 2684 2753 3052 2974 
5 2641 2632 2807 2769 2739 
5 2739 2769 2812 2764 2748 
5 2995 3015 2812 2769 2807 
5 3006 2812 3015 3043 3027 
5 3213 3015 2995 3152 3332 
4 3085 3198 3444 3310 
4 3080 3055 3198 3085 
5 3052 3055 3080 3085 2974 
4 2807 2974 3152 2995 
5 2974 3085 3310 3332 3152 
4 2807 2632 2695 2974 
5 2815 2824 3027 3126 2996 
5 2824 2777 2812 3006 3027 
4 2719 2777 2824 2815 
5 3043 3015 3213 3192 3124 
4 3124 3192 3251 3126 
4 3027 3043 3124 3126 
5 2707 2627 2668 2719 2815 
5 2604 2668 2627 2611 2500 
4 2389 2294 2500 2611 
5 2764 2812 2777 2719 2702 
5 2604 2748 2764 2679 2668 
5 2719 2668 2679 2764 2702 
4 2317 2302 2258 2140 
4 2046 2092 2140 2049 
5 2258 2067 1753 2049 2140 
5 2140 2092 2215 2316 2317 
4 2356 2316 2215 2220 
4 2437 2317 2316 2356 
5 1896 1894 2009 2046 1851 
4 1851 2046 2049 1753 
5 1891 1915 2013 1985 1894 
5 2009 1894 1985 2103 2086 
5 2092 2046 2164 2220 2215 
5 2046 2009 2086 2220 2164 
4 2525 2394 2328 2518 
4 2291 2394 2339 2237 
5 2394 2525 2622 2468 2339 
4 2237 2339 2356 2220 
4 2382 2339 2468 2472 
6 2437 2356 2339 2382 2472 2591 
4 2277 2074 2292 2328 
5 2199 2277 2328 2394 2291 
4 2013 2074 2277 2199 
4 2199 2291 2237 2136 
6 2103 2115 2136 2237 2220 2086 
6 2115 2103 1985 2013 2199 2136 
4 2591 2653 2565 2410 
6 2736 2687 2617 2636 2870 2822 
5 2617 2565 2653 2870 2636 
4 2454 2258 2528 2689 
4 2565 2617 2528 2410 
5 2617 2687 2736 2689 2528 
5 2302 2342 2410 2528 2258 
4 2317 2437 2591 2410 
4 2342 2302 2317 2410 
5 2653 2591 2607 2468 2625 
4 2607 2591 2472 2468 
4 2870 2653 2625 2759 
4 2468 2622 2759 2625 
5 2509 2454 2659 2667 2490 
5 2623 2490 2667 2753 2684 
4 2659 2771 2753 2667 
5 2406 2429 2454 2509 2490 
5 2329 2406 2490 2623 2412 
4 2196 2429 2406 2329 
4 2689 2711 2659 2454 
5 3055 3052 2753 2771 2914 
5 2771 2659 2711 2891 2914 
5 2736 2822 2891 2711 2689 
5 2891 2972 2991 3055 2914 
4 2972 2891 2822 2870 
4 967 954 1078 914 
4 954 967 914 903 
5 839 954 903 914 855 
4 688 839 855 780 
4 703 914 872 654 
4 703 780 855 914 
5 1058 1207 1252 1163 1032 
5 1078 954 839 1032 1163 
4 1078 1163 1252 1222 
4 935 816 728 969 
5 935 969 1058 1032 816 
4 839 688 816 1032 
4 707 639 728 816 
5 639 707 649 670 493 
5 707 816 688 670 649 
5 639 493 605 767 728 
4 303 605 493 238 
4 609 767 605 303 
4 303 10 9 213 
4 11 10 143 238 
4 143 10 303 238 
5 9 8 138 132 213 
6 7 173 213 132 138 8 
4 173 7 6 361 
5 173 361 609 303 213 
5 660 568 382 493 574 
5 493 670 688 660 574 
4 540 388 382 568 
5 660 688 780 703 687 
5 540 568 660 687 703 
4 12 239 225 14 
5 11 237 300 239 12 
5 238 493 300 237 11 
5 300 493 327 289 239 
5 297 289 327 493 382 
4 225 239 289 297 
4 297 382 388 225 
5 192 225 256 347 229 
4 256 225 388 420 
5 471 347 256 420 467 
6 223 16 15 135 229 347 
5 229 178 14 225 192 
5 15 14 178 229 135 
4 420 388 492 509 
4 388 540 703 492 
5 492 703 654 587 509 
5 491 471 521 561 654 
5 521 509 587 654 561 
5 467 420 509 521 471 
5 769 633 773 940 864 
5 940 1161 1153 1052 864 
4 773 995 1161 940 
4 767 609 633 769 
5 767 769 864 790 728 
5 969 728 790 864 1052 
5 1161 995 1050 1244 1231 
4 1231 1393 1250 1161 
4 1231 1244 1342 1393 
5 1058 969 1044 1209 1207 
5 1153 1209 1044 969 1052 
4 1153 1161 1250 1209 
5 995 773 919 863 1050 
5 633 710 789 919 773 
5 785 863 919 789 710 
6 1244 1050 1254 1340 1399 1342 
4 1079 1198 1050 863 
4 1254 1050 1198 1340 
4 793 1011 1027 883 
4 1027 1165 1286 1159 
4 1145 1165 1027 1011 
4 1027 1159 1182 1079 
4 1198 1079 1182 1340 
3 1182 1159 1257 
5 1286 1340 1182 1257 1159 
5 548 623 645 785 710 
5 623 548 592 629 645 
5 548 590 645 629 592 
4 191 253 6 4 
5 191 293 590 548 253 
4 2 293 191 4 
4 633 482 548 710 
5 476 6 253 548 482 
5 497 529 633 609 433 
7 476 481 497 433 609 361 6 
5 497 511 482 633 529 
5 482 511 497 481 476 
4 868 863 785 841 
5 675 841 785 645 590 
5 784 793 883 841 675 
5 1079 863 868 931 1027 
5 931 873 841 883 1027 
4 868 841 873 931 
5 508 523 236 714 604 
4 714 784 675 604 
4 675 590 508 604 
3 0 236 2 
5 293 2 236 523 325 
5 590 293 421 523 508 
4 325 523 421 293 
4 1565 1553 1611 1653 
5 1496 1515 1611 1553 1565 
5 1372 1611 1515 1496 1465 
5 1465 1496 1565 1562 1537 
5 1562 1565 1653 1606 1537 
4 1653 1821 1829 1606 
4 1165 1145 1275 1238 
5 1238 1275 1292 1286 1165 
5 1292 1332 1399 1340 1286 
4 1332 1465 1537 1399 
5 1465 1332 1292 1348 1372 
4 1372 1348 1292 1275 
4 1342 1399 1537 1538 
5 1538 1618 1525 1507 1477 
5 1393 1342 1538 1477 1507 
5 1525 1618 1706 1719 1705 
5 1639 1507 1525 1705 1780 
4 1772 1706 1618 1627 
5 1772 1831 1905 1719 1706 
5 1845 1780 1705 1719 1905 
5 1606 1693 1585 1538 1537 
5 1627 1618 1538 1585 1693 
4 1772 1627 1693 1831 
4 1829 1831 1693 1606 
4 2061 2075 1905 1831 
5 1905 2075 2111 2118 1845 
4 2111 2075 2227 2219 
5 2075 2061 2122 2321 2227 
5 2096 2280 2321 2122 2061 
4 2096 2110 2187 2280 
4 1919 2028 1922 1821 
4 1821 1653 1778 1919 
3 1778 1653 1611 
4 1831 1922 2096 2061 
4 1831 1829 1821 1922 
5 1922 2091 2187 2110 2096 
5 2187 2091 1922 2028 2207 
4 2442 2497 2810 2532 
5 2482 2524 2411 2207 2428 
5 2482 2428 2442 2532 2524 
4 2254 2207 2100 2295 
5 2330 2254 2295 2497 2442 
5 2428 2207 2254 2330 2442 
5 2207 2411 2321 2280 2187 
4 2028 1919 2100 2207 
4 2357 2399 2416 2427 
5 2495 2357 2427 2416 2485 
6 2399 2411 2524 2543 2485 2416 
4 2399 2227 2321 2411 
4 1390 1559 1513 1436 
5 1513 1650 1529 1454 1436 
4 1650 1513 1559 1711 
5 1390 1474 1692 1679 1559 
5 1679 1692 1783 1752 1704 
5 1704 1752 1711 1559 1679 
6 1650 1711 1735 1806 1689 1529 
5 1735 1711 1752 1886 1806 
5 1529 1689 1806 1756 1796 
4 1806 1891 1796 1756 
5 1529 1796 1747 1616 1454 
4 1894 1747 1796 1891 
5 1393 1422 1299 1209 1250 
5 1299 1422 1345 1390 1209 
4 1474 1390 1345 1422 
5 1463 1712 1797 1692 1474 
5 1507 1463 1474 1422 1393 
4 1463 1507 1639 1712 
4 1222 1252 1302 1369 
4 1454 1369 1302 1436 
5 1252 1207 1209 1260 1285 
4 1285 1436 1302 1252 
5 1260 1209 1390 1294 1285 
4 1294 1390 1436 1285 
5 2337 2357 2495 2550 2401 
4 2401 2550 2523 2402 
4 2283 2293 2401 2402 
4 2402 2523 2518 2328 
4 2296 2264 2283 2402 
5 2328 2292 2264 2296 2402 
5 2219 2227 2399 2357 2337 
5 2223 2118 2111 2219 2337 
5 2337 2401 2293 2186 2223 
5 2121 1979 2118 2223 2186 
5 1979 2121 2264 2043 1990 
4 2293 2233 2121 2186 
5 2233 2293 2283 2264 2121 
5 1780 1845 2118 1979 1811 
5 1780 1811 1797 1712 1639 
4 1783 1954 1886 1752 
6 1990 1999 1967 1886 1954 1979 
6 1783 1692 1797 1811 1979 1954 
5 2043 2045 1967 1999 1990 
5 2074 2045 2043 2264 2292 
4 1891 1806 1886 1923 
4 1923 1886 1967 2045 
5 1933 2045 2074 2013 1915 
5 1891 1923 2045 1933 1915 
4 3514 3268 3454 3649 
5 3566 3514 3649 3589 3761 
5 3589 3649 3701 3787 3761 
5 3678 3427 3514 3566 3761 
6 3899 3655 3444 3427 3678 3761 
4 3583 3444 3655 3899 
4 3444 3198 3216 3427 
4 3055 3179 3216 3198 
5 3055 2991 2972 3139 3179 
5 3216 3179 3223 3326 3427 
5 3201 3268 3223 3179 3139 
5 3326 3352 3268 3514 3427 
4 3352 3326 3223 3268 
5 3701 3780 3889 3802 3787 
4 3869 3802 3889 3993 
4 3787 3802 3869 3761 
4 3956 4119 3899 3761 
5 3996 3942 3869 3993 3986 
5 3956 3761 3869 3942 3996 
4 3986 4129 4071 3996 
4 4144 4238 4260 4129 
4 4129 3986 3993 4144 
4 4119 3956 4101 4208 
4 4208 4101 4133 4260 
4 4071 4129 4260 4133 
5 4071 4133 4101 3956 3996 
4 3772 3780 3701 3747 
5 3649 3454 3628 3747 3701 
4 3747 3628 3737 3772 
4 3610 3710 3765 3657 
6 3454 3612 3657 3765 3777 3642 
5 3628 3454 3642 3777 3737 
4 3897 3780 3772 3940 
5 3782 3849 3926 3940 3772 
6 3782 3772 3737 3841 3926 3849 
5 3777 3765 3913 4091 3948 
4 4168 4066 3948 4091 
5 4042 3926 3841 3948 4066 
4 3841 3737 3777 3948 
5 4144 4162 4172 4249 4221 
5 4039 4143 4162 4150 4013 
5 4013 4150 4162 4144 3993 
5 4162 4143 4239 4249 4172 
5 4066 4168 4304 4239 4106 
4 4143 4039 4106 4239 
4 3963 4039 4013 3897 
5 4013 3993 3889 3780 3897 
5 4006 4039 3963 3897 3940 
4 3940 3926 4042 4006 
5 4050 4006 4042 4066 4106 
4 4050 4106 4039 4006 
5 3454 3208 3207 3297 3493 
5 3657 3612 3454 3493 3610 
5 3268 3229 3233 3208 3454 
4 3253 3093 3222 3297 
4 3207 3093 3253 3297 
4 3256 3353 3275 3232 
5 3222 3173 3232 3275 3231 
5 3231 3275 3309 3297 3222 
5 3297 3309 3275 3339 3493 
4 3493 3339 3528 3610 
4 3275 3353 3482 3414 
5 3528 3339 3275 3414 3482 
4 3178 3201 3139 3073 
4 2972 2870 3020 3001 
5 3020 3073 3139 2972 3001 
4 3178 3208 3233 3229 
4 3178 3229 3268 3201 
4 3073 3054 3208 3178 
4 2779 3093 3207 3044 
4 3207 3208 3054 3044 
5 2808 2779 2994 2941 2759 
5 3054 2941 2994 2779 3044 
4 3020 2941 3054 3073 
4 2870 2759 2941 3020 
4 2738 2775 2800 2817 
5 2750 2801 2785 2800 2775 
5 2800 2785 2801 2889 2817 
5 2913 3105 2889 2801 2750 
4 2817 2889 3093 2779 
5 3105 3173 3222 3093 2889 
5 2643 2629 2518 2523 2550 
5 2665 2518 2629 2738 2817 
5 2643 2750 2775 2738 2629 
5 2525 2518 2665 2610 2622 
4 2652 2622 2610 2665 
5 2779 2808 2759 2622 2652 
4 2652 2665 2817 2779 
4 3088 3095 3256 3232 
5 2912 3132 3256 3079 3025 
4 3025 3079 3256 3095 
5 2913 3088 3232 3173 3105 
5 2967 3025 3095 3018 2913 
4 3018 3095 3088 2913 
4 2750 2754 2967 2913 
5 2550 2672 2754 2662 2643 
4 2750 2643 2662 2754 
5 2876 2774 2921 2912 3025 
4 2967 2754 2876 3025 
5 2672 2550 2782 2876 2754 
5 2664 2774 2876 2782 2550 
4 3419 3387 3494 3535 
5 3281 3361 3387 3419 3390 
5 3398 3390 3419 3535 3677 
4 3245 3378 3448 3396 
6 3378 3350 3390 3398 3677 3448 
5 3281 3390 3350 3378 3245 
4 3128 3245 3096 2886 
4 3144 3096 3245 3252 
5 3005 3096 3144 3252 3113 
4 3245 3128 3197 3281 
5 3128 3210 3361 3281 3197 
4 3016 3168 3361 3210 
4 3016 3210 3128 2886 
4 2774 2664 2678 2742 
5 2742 2678 2722 2921 2774 
4 2886 2921 2722 2780 
4 2886 3096 3005 2921 
5 2912 2921 3005 3113 3132 
4 2780 2524 2532 2810 
5 2810 2858 3016 2886 2780 
4 2858 2810 3168 3016 
5 2543 2524 2780 2700 2693 
5 2485 2543 2693 2594 2495 
6 2693 2700 2780 2722 2678 2594 
5 2550 2495 2594 2678 2664 
4 3393 3364 3252 3245 
5 3405 3393 3245 3396 3448 
5 3405 3448 3499 3364 3393 
5 3423 3313 3341 3363 3506 
5 3526 3499 3448 3746 3708 
5 3363 3364 3499 3526 3506 
5 3528 3482 3353 3557 3607 
5 3526 3607 3557 3423 3506 
4 3353 3256 3423 3557 
4 3252 3364 3274 3113 
5 3364 3363 3341 3313 3274 
4 3132 3113 3274 3313 
4 3313 3423 3256 3132 
4 3989 3946 4135 4192 
4 3893 3697 3819 3937 
4 3893 3937 3946 3989 
4 3893 3989 4192 3973 
5 3857 3893 3973 4000 4023 
4 3973 4192 4023 4000 
6 3677 3685 3776 3819 3697 3770 
5 3535 3494 3776 3685 3677 
5 3806 3708 3746 3759 3857 
4 3743 3526 3708 3806 
5 3746 3448 3677 3770 3759 
5 3770 3697 3893 3857 3759 
5 4188 4382 4513 4294 4259 
4 4513 4382 4496 4715 
5 4246 4259 4294 4561 4287 
4 4389 4398 4256 4344 
4 4389 4344 4480 4409 
5 4389 4409 4480 4474 4398 
3 4506 4447 4429 
4 4506 4562 4488 4447 
5 4361 4429 4447 4488 4318 
4 4214 4318 4192 4135 
4 4318 4214 4135 4361 
4 4344 4256 4192 4318 
4 4488 4480 4344 4318 
4 3743 3811 3905 3827 
5 3743 3806 3857 3875 3811 
5 3811 3875 4089 4024 3905 
4 4095 4023 4192 4256 
6 4095 4256 4089 3875 4081 4023 
4 3857 4023 4081 3875 
5 4188 4173 4325 4496 4382 
5 4325 4256 4398 4474 4496 
4 4325 4173 4089 4256 
4 4089 4173 4037 4024 
4 4037 4173 4188 4117 
4 3925 3827 3905 4024 
5 3765 3710 3887 3891 3913 
5 3710 3808 3871 3891 3887 
5 3871 3808 3805 3922 3891 
4 3930 3922 3805 3879 
5 3891 4017 4104 4091 3913 
5 4031 4017 3891 3922 3930 
5 3734 3607 3526 3682 3805 
4 3528 3607 3734 3610 
5 3710 3610 3734 3805 3808 
4 3827 3682 3526 3743 
4 3827 3925 3791 3682 
5 3879 3791 3925 3987 3930 
4 3682 3791 3879 3805 
4 4115 4246 4235 4104 
4 4142 4177 4168 4091 
5 4177 4142 4091 4104 4235 
5 4017 4031 4100 4115 4104 
4 4031 3930 3987 4100 
4 4115 4156 4259 4246 
5 4156 4134 4170 4188 4259 
5 4115 4100 4170 4134 4156 
4 3987 3925 4024 4037 
4 3987 4037 4117 4077 
5 4170 4060 4077 4117 4188 
5 4077 4060 4170 4100 3987 
4 5847 5864 5870 5924 
4 6104 5875 6080 6126 
4 5875 6104 5924 5870 
5 5847 5671 5835 5870 5864 
4 5870 5835 5671 5771 
5 5685 5870 5771 5671 5532 
5 5977 6098 5992 6006 5865 
4 5900 5865 6006 5992 
4 5992 6098 6163 6112 
5 5900 5992 6027 6080 5875 
4 6027 5992 6112 6080 
5 6126 6235 6328 6287 6104 
4 6126 6080 6112 6235 
4 5870 5685 5836 5875 
4 5696 5742 5836 5685 
5 5836 5742 5865 5900 5875 
4 5696 5638 5758 5742 
4 5638 5577 5727 5758 
5 5933 5977 5865 5742 5758 
4 5577 5488 5610 5727 
4 5376 5577 5638 5451 
4 5638 5696 5581 5451 
4 5685 5473 5581 5696 
5 5224 5376 5451 5393 5343 
4 5581 5473 5393 5451 
4 6086 5990 6016 6102 
5 5981 5967 6013 6016 5990 
4 6016 6013 6039 6102 
4 6086 6257 6071 5990 
6 6086 6102 6039 6514 6276 6257 
5 6257 6276 6514 6311 6071 
5 5967 5981 5990 5940 5772 
4 6071 5894 5940 5990 
5 5760 5646 5772 5940 5894 
4 6071 6141 5983 5894 
4 6222 6141 6071 6311 
5 5738 5760 5894 5983 5818 
5 6189 6160 6273 6296 6264 
6 6183 6187 6273 6160 5983 6141 
5 6141 6222 6273 6187 6183 
4 5977 6189 6264 6098 
5 6235 6112 6163 6098 6264 
5 5977 5925 5983 6160 6189 
4 5840 5818 5983 5925 
5 5840 5925 5977 5933 5891 
5 5840 5814 5756 5610 5818 
5 5756 5814 5840 5891 5933 
4 5818 5610 5574 5738 
5 5610 5756 5933 5758 5727 
5 5212 5193 5376 5224 5128 
4 5212 5128 5004 5007 
4 5193 5212 5007 5096 
4 4847 5007 5004 4869 
4 4799 4584 4847 4778 
4 4799 4778 4847 4869 
5 5315 5168 5373 5574 5466 
5 5315 5466 5574 5610 5392 
5 5368 5315 5392 5610 5488 
4 5193 5096 5233 5376 
5 5376 5233 5368 5488 5577 
4 5168 5233 5096 5069 
4 5233 5168 5315 5368 
4 4801 5005 5069 4965 
5 5044 4995 4965 5069 5096 
4 5096 5007 4995 5044 
5 4584 4513 4801 4852 4847 
4 5007 4847 4852 4995 
4 4965 4995 4852 4801 
4 5168 5069 5005 5006 
4 5005 4801 4844 4970 
5 4844 4767 4732 4827 4970 
5 4844 4801 4513 4715 4767 
5 4695 4732 4767 4715 4496 
5 5469 5592 5578 5738 5574 
5 5760 5738 5718 5686 5646 
5 5686 5718 5738 5578 5592 
5 5373 5306 5302 5469 5574 
4 5318 5436 5302 5232 
4 5373 5232 5302 5306 
4 5436 5312 5456 5592 
5 5592 5456 5629 5646 5686 
5 5456 5382 5772 5646 5629 
4 5318 5237 5312 5436 
4 5312 5237 5285 5456 
5 4952 5100 5382 5137 5237 
5 5237 5137 5382 5456 5285 
5 4970 5129 5168 5006 5005 
4 5168 5129 5232 5373 
5 5129 4952 5237 5318 5232 
6 4769 4857 4827 4732 4695 4622 
5 4970 4827 4857 4952 5129 
4 4769 4843 4952 4857 
4 4952 4843 4700 5100 
5 4488 4562 4669 4661 4654 
5 4654 4661 4669 4700 4843 
4 4530 4488 4654 4622 
5 4474 4480 4488 4530 4622 
4 4769 4622 4654 4843 
4 4695 4496 4474 4622 
6 4651 4593 4662 4763 4938 4754 
4 4727 4667 4651 4754 
5 4577 4589 4593 4651 4667 
5 4717 4538 4577 4667 4727 
5 4727 4754 4997 4807 4717 
5 4872 5023 4896 4705 4775 
4 4872 4807 4930 5023 
5 4515 4538 4733 4775 4705 
5 4872 4775 4783 4717 4807 
5 4733 4538 4717 4783 4775 
4 4322 4238 4366 4577 
5 4314 4327 4324 4208 4260 
5 4260 4238 4322 4327 4314 
4 4425 4538 4515 4324 
5 4327 4377 4538 4425 4324 
5 4538 4377 4327 4322 4577 
5 4504 4357 4249 4239 4337 
6 4366 4249 4357 4504 4589 4577 
5 4221 4249 4366 4238 4144 
5 4337 4414 4593 4589 4504 
6 4499 4451 4662 4593 4414 4383 
5 4239 4304 4168 4414 4337 
5 4168 4177 4399 4383 4414 
4 5343 5156 5128 5224 
5 4931 5004 5107 5133 4947 
5 5133 5107 5004 5128 5156 
5 5216 5149 5133 5156 5343 
5 5260 5163 4999 5149 5216 
4 4947 5133 5149 4999 
5 4771 4714 4545 4584 4799 
5 4573 4584 4545 4520 4557 
6 4561 4294 4513 4584 4573 4557 
4 4771 4999 4835 4714 
5 4771 4870 4931 4947 4999 
4 4771 4799 4869 4870 
4 5004 4931 4870 4869 
6 4427 4246 4287 4561 4557 4520 
4 4402 4235 4246 4427 
4 4402 4427 4520 4545 
4 4235 4402 4399 4177 
4 4402 4545 4499 4440 
5 4399 4402 4440 4499 4383 
5 4662 4702 4752 4830 4763 
5 4835 4830 4752 4797 4746 
4 4752 4702 4746 4797 
5 4451 4499 4632 4702 4662 
4 4632 4499 4545 4714 
5 4632 4714 4835 4746 4702 
4 5372 5437 5445 5371 
5 5332 5174 5246 5372 5371 
5 5332 5371 5445 5519 5381 
5 5321 5468 5372 5183 5238 
5 5174 5134 5183 5372 5246 
4 5334 5102 5147 5381 
5 5174 5230 5194 5045 5089 
5 5230 5174 5332 5381 5147 
5 5045 4930 4807 4997 5089 
4 4997 5134 5174 5089 
6 5147 5023 4930 5045 5194 5230 
4 5102 4896 5023 5147 
5 5716 5617 5694 5699 5759 
4 5699 5694 5606 5654 
5 5510 5606 5694 5617 5519 
5 5919 5941 5759 5699 5654 
4 5654 5626 5847 5919 
5 5847 5924 6033 5941 5919 
4 5468 5616 5461 5372 
4 5492 5461 5616 5525 
4 5437 5372 5461 5492 
5 5437 5492 5527 5486 5445 
6 5519 5445 5486 5527 5606 5510 
5 5616 5626 5654 5606 5525 
4 5525 5606 5527 5492 
5 5111 5066 5278 5377 5239 
4 5239 5377 5468 5300 
4 5468 5377 5626 5616 
5 5321 5238 5239 5300 5468 
5 5238 5183 5134 5111 5239 
4 4938 5134 4997 4754 
5 4763 4830 4942 5030 4938 
5 5030 5066 5111 5134 4938 
5 4999 5025 5037 4991 4835 
4 4991 4942 4830 4835 
5 5030 4942 4991 5037 5066 
4 5175 5163 5260 5357 
4 4999 5163 5175 5033 
5 5025 4999 5033 5175 5037 
4 5037 5175 5229 5066 
4 5229 5175 5357 5389 
5 5278 5066 5229 5389 5377 
