# vtk DataFile Version 3.0
Polygon mesh "gear_quad"
ASCII
DATASET POLYDATA
POINTS 6716 double
7.02957 1.77417 0
7.12826 1.80071 0
7.23505 1.82942 0
7.35121 1.86065 0
7.47804 1.89505 0
7.61108 1.94938 0
7.73908 2.01742 0
7.86292 2.09384 0
7.9833 2.17852 0
8.102 2.27055 0
8.21981 2.3705 0
8.33436 2.47628 0
8.44464 2.58638 0
8.55124 2.70046 0
8.65489 2.8182 0
8.75436 2.94092 0
8.85095 3.06769 0
8.94601 3.19709 0
8.88898 3.35189 0
8.82926 3.50618 0
8.76686 3.65953 0
8.6116 3.695 0
8.45413 3.72391 0
8.29702 3.74773 0
8.14013 3.76512 0
7.98352 3.77774 0
7.82721 3.78484 0
7.67138 3.78583 0
7.51627 3.78028 0
7.3635 3.76798 0
7.21381 3.74853 0
7.06793 3.72069 0
6.92689 3.68344 0
6.79149 3.63184 0
6.66015 3.56404 0
6.5262 3.49489 0
6.39016 3.42466 0
6.31811 3.55544 0
6.24129 3.68863 0
6.16171 3.81877 0
6.08148 3.94653 0
5.99873 4.07123 0
5.91397 4.19374 0
6.04408 4.28905 0
6.17397 4.3842 0
6.30295 4.48043 0
6.41722 4.59388 0
6.52026 4.71799 0
6.61418 4.84937 0
6.70108 4.98569 0
6.78076 5.12706 0
6.85462 5.27253 0
6.92296 5.42186 0
6.98616 5.57472 0
7.0443 5.73059 0
7.09589 5.88947 0
7.14306 6.05037 0
7.18698 6.21287 0
7.07752 6.33702 0
6.96611 6.45929 0
6.85288 6.57937 0
6.69101 6.55561 0
6.52911 6.52444 0
6.36919 6.48883 0
6.2122 6.44651 0
6.05679 6.39931 0
5.90296 6.34637 0
5.75101 6.28708 0
5.60122 6.22096 0
5.45468 6.14722 0
5.31264 6.06528 0
5.17664 5.97372 0
5.05002 5.86958 0
4.93963 5.74816 0
4.83068 5.62509 0
4.72152 5.50179 0
4.60574 5.59882 0
4.48795 5.69368 0
4.36784 5.78547 0
4.24684 5.87571 0
4.12395 5.96261 0
3.99966 6.04692 0
4.087 6.18349 0
4.17415 6.31977 0
4.26001 6.45696 0
4.32562 6.60504 0
4.37696 6.7591 0
4.41705 6.91683 0
4.44865 7.07697 0
4.47176 7.23908 0
4.48781 7.40253 0
4.49719 7.567 0
4.50046 7.73184 0
4.49839 7.89674 0
4.48883 8.06137 0
4.47469 8.22563 0
4.45731 8.38957 0
4.3104 8.46579 0
4.1624 8.53953 0
4.01337 8.61062 0
3.87145 8.53025 0
3.7315 8.44257 0
3.59427 8.35094 0
3.46146 8.25346 0
3.33214 8.15196 0
3.20708 8.04609 0
3.08694 7.9357 0
2.97229 7.82075 0
2.86397 7.7005 0
2.76262 7.57454 0
2.67003 7.44181 0
2.58991 7.30003 0
2.53059 7.14708 0
2.47311 6.99204 0
2.41521 6.83588 0
2.27016 6.8852 0
2.12443 6.93157 0
1.97852 6.97389 0
1.83343 7.01413 0
1.68897 7.05033 0
1.54517 7.08343 0
1.57739 7.24285 0
1.60877 7.3982 0
1.63845 7.54952 0
1.64752 7.70342 0
1.64133 7.86086 0
1.62359 8.02107 0
1.59637 8.18371 0
1.55979 8.3463 0
1.51587 8.50678 0
1.4654 8.66522 0
1.40902 8.82174 0
1.34677 8.9766 0
1.27765 9.1297 0
1.20361 9.28171 0
1.12566 9.43321 0
0.960859 9.45124 0
0.796196 9.46653 0
0.631844 9.47897 0
0.528667 9.35292 0
0.430071 9.22095 0
0.335407 9.08622 0
0.246798 8.94745 0
0.162763 8.80598 0
0.084203 8.66181 0
0.011764 8.51491 0
-0.054056 8.36528 0
-0.111971 8.21271 0
-0.161293 8.05726 0
-0.199543 7.89858 0
-0.222544 7.73687 0
-0.222044 7.5733 0
-0.219663 7.40978 0
-0.217289 7.24674 0
-0.369643 7.24037 0
-0.520944 7.23107 0
-0.671187 7.21798 0
-0.820645 7.2032 0
-0.969248 7.18472 0
-1.118 7.16328 0
-1.14558 7.32376 0
-1.17285 7.48237 0
-1.20139 7.63984 0
-1.25202 7.79254 0
-1.31753 7.94073 0
-1.394 8.08449 0
-1.47833 8.22427 0
-1.57023 8.35953 0
-1.66821 8.49102 0
-1.77183 8.61883 0
-1.88048 8.74311 0
-1.99356 8.86407 0
-2.11212 8.98007 0
-2.23397 9.09272 0
-2.35802 9.20284 0
-2.51791 9.1602 0
-2.67695 9.115 0
-2.83502 9.06712 0
-2.88477 8.9154 0
-2.92851 8.75952 0
-2.96766 8.6015 0
-3.00031 8.44113 0
-3.02794 8.27901 0
-3.0496 8.11527 0
-3.06446 7.95138 0
-3.07208 7.78764 0
-3.07147 7.62436 0
-3.06158 7.46198 0
-3.04066 7.30009 0
-3.00423 7.14028 0
-2.94481 6.98654 0
-2.8826 6.83266 0
-2.82044 6.67889 0
-2.98631 6.60616 0
-3.14995 6.52961 0
-3.31165 6.44909 0
-3.47171 6.36449 0
-3.63018 6.27569 0
-3.71595 6.41883 0
-3.80077 6.56039 0
-3.88661 6.69907 0
-3.99017 6.82248 0
-4.10338 6.93436 0
-4.22375 7.03782 0
-4.35039 7.13553 0
-4.48314 7.22724 0
-4.62078 7.31377 0
-4.76274 7.39519 0
-4.90845 7.47175 0
-5.05759 7.54369 0
-5.21058 7.60944 0
-5.36603 7.67105 0
-5.52324 7.72958 0
-5.65713 7.63191 0
-5.7892 7.53222 0
-5.919 7.43071 0
-5.91002 7.26418 0
-5.89337 7.09688 0
-5.87198 6.93093 0
-5.84344 6.76686 0
-5.80943 6.60442 0
-5.76949 6.44382 0
-5.7231 6.28537 0
-5.66996 6.12954 0
-5.60881 5.97832 0
-5.54053 5.83236 0
-5.46315 5.69372 0
-5.37379 5.56406 0
-5.26601 5.44695 0
-5.15508 5.32877 0
-5.04268 5.20902 0
-5.14819 5.10449 0
-5.25243 4.99715 0
-5.35514 4.88591 0
-5.45728 4.77261 0
-5.55612 4.65717 0
-5.65208 4.54054 0
-5.7817 4.64142 0
-5.91091 4.74198 0
-6.04056 4.84044 0
-6.1819 4.91867 0
-6.32986 4.98326 0
-6.48231 5.03726 0
-6.63773 5.08301 0
-6.79564 5.12063 0
-6.95551 5.15146 0
-7.1171 5.17587 0
-7.28011 5.19439 0
-7.44429 5.20752 0
-7.60957 5.21338 0
-7.77565 5.2146 0
-7.94251 5.21239 0
-8.03159 5.07372 0
-8.11885 4.9329 0
-8.20358 4.79074 0
-8.13592 4.64048 0
-8.06115 4.49251 0
-7.98279 4.34782 0
-7.89856 4.20772 0
-7.81013 4.0707 0
-7.71698 3.93734 0
-7.61884 3.8083 0
-7.51565 3.68416 0
-7.40702 3.56591 0
-7.29116 3.45331 0
-7.16705 3.34781 0
-7.03238 3.25392 0
-6.88443 3.17988 0
-6.73414 3.10776 0
-6.58387 3.03564 0
-6.65727 2.87057 0
-6.72708 2.70263 0
-6.79278 2.53303 0
-6.85396 2.36275 0
-6.91064 2.19216 0
-7.06875 2.23964 0
-7.22484 2.28652 0
-7.37939 2.33106 0
-7.53721 2.35299 0
-7.698 2.36014 0
-7.86037 2.35561 0
-8.02376 2.34218 0
-8.18753 2.31982 0
-8.34972 2.29035 0
-8.50995 2.25443 0
-8.66824 2.21275 0
-8.8249 2.16604 0
-8.98012 2.11205 0
-9.1347 2.05342 0
-9.2891 1.99124 0
-9.32202 1.83005 0
-9.35248 1.66741 0
-9.38023 1.50376 0
-9.26394 1.38911 0
-9.14147 1.27864 0
-9.01608 1.17198 0
-8.88619 1.07107 0
-8.75309 0.974361 0
-8.61662 0.882749 0
-8.477 0.797072 0
-8.3343 0.717872 0
-8.18832 0.646418 0
-8.03925 0.583422 0
-7.88587 0.53083 0
-7.72754 0.492827 0
-7.56443 0.47791 0
-7.4001 0.465092 0
-7.23588 0.452283 0
-7.2447 0.271611 0
-7.24912 0.090602 0
-7.24912 -0.090495 0
-7.2447 -0.271538 0
-7.23588 -0.452283 0
-7.39985 -0.465073 0
-7.56389 -0.477867 0
-7.72672 -0.492679 0
-7.88479 -0.530524 0
-8.03796 -0.582899 0
-8.18676 -0.645727 0
-8.33251 -0.716913 0
-8.47496 -0.795869 0
-8.61433 -0.88127 0
-8.75056 -0.972573 0
-8.88345 -1.06895 0
-9.01314 -1.16948 0
-9.13823 -1.27589 0
-9.26056 -1.38594 0
-9.38115 -1.49883 0
-9.35336 -1.66248 0
-9.32298 -1.82515 0
-9.29002 -1.98632 0
-9.13886 -2.05174 0
-8.98387 -2.11074 0
-8.82824 -2.16497 0
-8.67119 -2.21187 0
-8.51266 -2.25375 0
-8.35232 -2.28982 0
-8.19017 -2.31938 0
-8.02654 -2.34183 0
-7.86315 -2.35548 0
-7.7006 -2.36017 0
-7.53947 -2.3532 0
-7.38113 -2.33145 0
-7.22602 -2.28688 0
-7.06937 -2.23983 0
-6.91064 -2.19216 0
-6.85387 -2.36302 0
-6.79259 -2.53354 0
-6.72698 -2.7029 0
-6.65736 -2.87035 0
-6.58387 -3.03564 0
-6.73391 -3.10765 0
-6.88382 -3.17959 0
-7.03129 -3.25325 0
-7.16549 -3.34664 0
-7.2893 -3.45158 0
-7.40495 -3.56383 0
-7.51364 -3.6818 0
-7.61672 -3.8056 0
-7.71472 -3.93424 0
-7.80779 -4.06716 0
-7.8962 -4.2038 0
-7.9804 -4.34368 0
-8.05882 -4.48821 0
-8.13378 -4.63603 0
-8.20622 -4.78648 0
-8.12143 -4.92863 0
-8.03424 -5.06953 0
-7.94515 -5.20813 0
-7.78618 -5.21446 0
-7.62569 -5.21394 0
-7.46607 -5.20845 0
-7.30778 -5.1966 0
-7.1512 -5.18011 0
-6.9965 -5.15831 0
-6.84389 -5.13072 0
-6.69381 -5.09706 0
-6.54731 -5.05732 0
-6.40502 -5.0113 0
-6.26803 -4.95778 0
-6.13738 -4.89638 0
-6.01281 -4.82125 0
-5.89489 -4.72952 0
-5.77441 -4.63575 0
-5.65208 -4.54054 0
-5.55677 -4.6564 0
-5.45763 -4.7722 0
-5.35481 -4.88628 0
-5.25166 -4.99796 0
-5.14762 -5.10508 0
-5.04268 -5.20902 0
-5.14963 -5.32296 0
-5.25467 -5.43487 0
-5.35702 -5.54409 0
-5.44381 -5.66247 0
-5.51871 -5.79095 0
-5.58658 -5.9276 0
-5.64722 -6.0714 0
-5.70198 -6.2207 0
-5.75002 -6.37285 0
-5.79112 -6.52583 0
-5.82595 -6.67972 0
-5.85522 -6.83456 0
-5.8796 -6.98878 0
-5.89874 -7.13905 0
-5.91171 -7.28539 0
-5.923 -7.42769 0
-5.82285 -7.50629 0
-5.72448 -7.58133 0
-5.62621 -7.65479 0
-5.52724 -7.72656 0
-5.40306 -7.68483 0
-5.27562 -7.63724 0
-5.14609 -7.58188 0
-5.01159 -7.5215 0
-4.87186 -7.45383 0
-4.73063 -7.37793 0
-4.59346 -7.29757 0
-4.46061 -7.21261 0
-4.33245 -7.12243 0
-4.20967 -7.0262 0
-4.09218 -6.92389 0
-3.98165 -6.81315 0
-3.88099 -6.69124 0
-3.79746 -6.55487 0
-3.71432 -6.41611 0
-3.63018 -6.27569 0
-3.47143 -6.36464 0
-3.31131 -6.44926 0
-3.14972 -6.52972 0
-2.98624 -6.6062 0
-2.82044 -6.67889 0
-2.88217 -6.8316 0
-2.94405 -6.98468 0
-3.00342 -7.13749 0
-3.03996 -7.29633 0
-3.06121 -7.45727 0
-3.07123 -7.61876 0
-3.07228 -7.7812 0
-3.06497 -7.94418 0
-3.05048 -8.10738 0
-3.02926 -8.27053 0
-3.00202 -8.43257 0
-2.96967 -8.59338 0
-2.93031 -8.75224 0
-2.88654 -8.9095 0
-2.83984 -9.06575 0
-2.6813 -9.11371 0
-2.5223 -9.159 0
-2.36284 -9.20147 0
-2.23698 -9.09539 0
-2.11454 -8.98243 0
-1.99555 -8.86619 0
-1.8822 -8.74496 0
-1.77328 -8.62052 0
-1.66949 -8.49264 0
-1.57146 -8.36124 0
-1.47963 -8.22623 0
-1.39526 -8.08675 0
-1.31863 -7.94308 0
-1.25288 -7.79474 0
-1.20184 -7.64171 0
-1.17307 -7.48367 0
-1.1457 -7.32441 0
-1.118 -7.16328 0
-0.969325 -7.18471 0
-0.820707 -7.2032 0
-0.671233 -7.21797 0
-0.520974 -7.23107 0
-0.369658 -7.24037 0
-0.217289 -7.24674 0
-0.219658 -7.40947 0
-0.222034 -7.57268 0
-0.222594 -7.73592 0
-0.199776 -7.89734 0
-0.161746 -8.05574 0
-0.112582 -8.2109 0
-0.054929 -8.36322 0
0.010669 -8.51259 0
0.082857 -8.65924 0
0.161136 -8.80316 0
0.24486 -8.9444 0
0.333131 -9.08298 0
0.427595 -9.21743 0
0.525811 -9.34924 0
0.626854 -9.47943 0
0.791184 -9.46695 0
0.955846 -9.45175 0
1.12067 -9.43367 0
1.20149 -9.28583 0
1.27589 -9.13356 0
1.34532 -8.9802 0
1.4077 -8.82499 0
1.46435 -8.66822 0
1.51503 -8.50952 0
1.55914 -8.34879 0
1.59596 -8.186 0
1.6233 -8.02307 0
1.64121 -7.86255 0
1.64752 -7.70478 0
1.63859 -7.55053 0
1.60891 -7.3989 0
1.57746 -7.24321 0
1.54517 -7.08343 0
1.68899 -7.05033 0
1.83345 -7.01413 0
1.97853 -6.97389 0
2.12444 -6.93157 0
2.27016 -6.8852 0
2.41521 -6.83588 0
2.47299 -6.99174 0
2.53035 -7.14645 0
2.58946 -7.29911 0
2.66932 -7.44066 0
2.76162 -7.57325 0
2.86275 -7.69904 0
2.97077 -7.81919 0
3.08514 -7.93398 0
3.20495 -8.04422 0
3.32966 -8.14996 0
3.45862 -8.25137 0
3.59108 -8.3488 0
3.72801 -8.44024 0
3.86752 -8.52789 0
4.00889 -8.61286 0
4.15792 -8.54171 0
4.30596 -8.46805 0
4.45283 -8.3918 0
4.4744 -8.2284 0
4.4888 -8.06191 0
4.49841 -7.89499 0
4.50051 -7.72777 0
4.49699 -7.56056 0
4.48717 -7.39381 0
4.47053 -7.22826 0
4.44668 -7.06421 0
4.41368 -6.90234 0
4.37218 -6.74363 0
4.32006 -6.59066 0
4.25404 -6.44606 0
4.16975 -6.31288 0
4.08525 -6.18076 0
3.99966 -6.04692 0
4.12235 -5.96372 0
4.24374 -5.87794 0
4.36388 -5.78846 0
4.48436 -5.69652 0
4.60355 -5.60062 0
4.72152 -5.50179 0
4.82795 -5.62201 0
4.93376 -5.74153 0
5.04011 -5.85993 0
5.16144 -5.96225 0
5.29214 -6.05234 0
5.42909 -6.13306 0
5.57053 -6.20664 0
5.71587 -6.2726 0
5.86262 -6.33163 0
6.01001 -6.38441 0
6.15747 -6.43137 0
6.30471 -6.47158 0
6.44715 -6.50619 0
6.5847 -6.53682 0
6.71895 -6.56045 0
6.8495 -6.58307 0
6.93574 -6.49194 0
7.0195 -6.40101 0
7.10208 -6.30954 0
7.18361 -6.21657 0
7.15406 -6.09106 0
7.1187 -5.96032 0
7.07554 -5.82628 0
7.02783 -5.68641 0
6.97283 -5.53957 0
6.90991 -5.39106 0
6.84183 -5.24554 0
6.76863 -5.10396 0
6.68945 -4.9666 0
6.60352 -4.83372 0
6.5105 -4.70566 0
6.40875 -4.58457 0
6.29577 -4.47438 0
6.16903 -4.38058 0
6.04169 -4.2873 0
5.91397 -4.19374 0
5.99847 -4.07162 0
6.081 -3.94727 0
6.16099 -3.81993 0
6.24026 -3.69038 0
6.31687 -3.55763 0
6.39016 -3.42466 0
6.53628 -3.50009 0
6.68065 -3.57462 0
6.82373 -3.6466 0
6.97374 -3.6971 0
7.12943 -3.73365 0
7.28902 -3.7592 0
7.45134 -3.77633 0
7.61585 -3.78464 0
7.78073 -3.78573 0
7.94538 -3.78008 0
8.10955 -3.76834 0
8.27313 -3.7511 0
8.43661 -3.72657 0
8.60046 -3.69723 0
8.76505 -3.66421 0
8.82747 -3.51067 0
8.88728 -3.35641 0
8.9442 -3.20177 0
8.84983 -3.06616 0
8.74866 -2.93389 0
8.64424 -2.8051 0
8.53461 -2.68176 0
8.42164 -2.56267 0
8.30501 -2.44847 0
8.18456 -2.33971 0
8.05975 -2.23648 0
7.92957 -2.13964 0
7.79418 -2.05007 0
7.65295 -1.97026 0
7.50513 -1.90426 0
7.34847 -1.85991 0
7.18984 -1.81726 0
7.02957 -1.77417 0
7.06506 -1.6262 0
7.0976 -1.47779 0
7.12621 -1.32924 0
7.15295 -1.18103 0
7.17586 -1.03287 0
7.19578 -0.885007 0
7.35786 -0.90241 0
7.51718 -0.919515 0
7.67493 -0.935133 0
7.83404 -0.928641 0
7.99308 -0.90668 0
8.15136 -0.873072 0
8.30868 -0.830759 0
8.46412 -0.77959 0
8.61783 -0.721431 0
8.76969 -0.656764 0
8.91966 -0.586189 0
9.06755 -0.510213 0
9.21242 -0.427648 0
9.35532 -0.340697 0
9.49683 -0.250472 0
9.49957 -0.084847 0
9.49962 0.080481 0
9.49683 0.24546 0
9.35996 0.33774 0
9.2174 0.424795 0
9.07258 0.507625 0
8.92441 0.583746 0
8.77414 0.654722 0
8.62194 0.719748 0
8.46786 0.778232 0
8.31199 0.829701 0
8.1542 0.872395 0
7.99541 0.906299 0
7.83584 0.928473 0
7.67622 0.935184 0
7.51797 0.9196 0
7.35822 0.902448 0
7.19578 0.885007 0
7.176 1.03186 0
7.1553 1.16661 0
7.13437 1.28851 0
7.1134 1.39966 0
7.09255 1.50167 0
7.07197 1.59585 0
7.05143 1.6846 0
1.63125 0.18125 0
1.63125 -9.9e-05 0
1.63125 -0.18125 0
1.45151 -0.226185 0
1.27074 -0.271377 0
1.08889 -0.31684 0
0.90625 -0.3625 0
0.90625 -0.544443 0
0.90625 -0.72569 0
0.90625 -0.90625 0
0.725767 -0.90625 0
0.54452 -0.90625 0
0.3625 -0.90625 0
0.316863 -1.0888 0
0.271442 -1.27048 0
0.226236 -1.4513 0
0.18125 -1.63125 0
-5.8e-05 -1.63125 0
-0.18125 -1.63125 0
-0.226227 -1.45134 0
-0.271438 -1.2705 0
-0.316867 -1.08878 0
-0.3625 -0.90625 0
-0.544334 -0.90625 0
-0.725582 -0.90625 0
-0.90625 -0.90625 0
-0.90625 -0.725638 0
-0.90625 -0.54439 0
-0.90625 -0.3625 0
-1.08762 -0.317158 0
-1.26893 -0.271829 0
-1.45014 -0.226527 0
-1.63125 -0.18125 0
-1.63125 -0.000757 0
-1.63125 0.18125 0
-1.45014 0.226527 0
-1.26893 0.27183 0
-1.08762 0.317158 0
-0.90625 0.3625 0
-0.90625 0.544351 0
-0.90625 0.725599 0
-0.90625 0.90625 0
-0.725547 0.90625 0
-0.544299 0.90625 0
-0.3625 0.90625 0
-0.316919 1.08858 0
-0.271499 1.27025 0
-0.226267 1.45118 0
-0.18125 1.63125 0
0.000117 1.63125 0
0.18125 1.63125 0
0.22621 1.45141 0
0.271397 1.27066 0
0.316824 1.08896 0
0.3625 0.90625 0
0.544487 0.90625 0
0.725734 0.90625 0
0.90625 0.90625 0
0.90625 0.725619 0
0.90625 0.544371 0
0.90625 0.3625 0
1.08861 0.316909 0
1.27039 0.271466 0
1.45127 0.226244 0
2.66205 1.14219 0
2.54269 1.31036 0
2.43294 1.48327 0
2.31152 1.64732 0
2.17962 1.80652 0
2.03953 1.95845 0
1.8947 2.10015 0
1.74833 2.22955 0
1.60261 2.34599 0
1.44818 2.457 0
1.28381 2.55804 0
1.12924 2.6754 0
1.00991 2.82845 0
0.933799 3.00677 0
0.907268 3.18573 0
0.90625 3.37052 0
0.90625 3.55891 0
0.90625 3.74951 0
0.90625 3.93848 0
0.929322 4.12388 0
0.995116 4.29712 0
1.11095 4.45678 0
1.26289 4.58059 0
1.44016 4.66119 0
1.63559 4.69445 0
1.83307 4.6904 0
2.03032 4.67433 0
2.22661 4.64672 0
2.42117 4.60727 0
2.61364 4.55556 0
2.80317 4.49132 0
2.9888 4.41438 0
3.16888 4.32504 0
3.34159 4.22402 0
3.50593 4.11193 0
3.66135 3.98925 0
3.80731 3.8565 0
3.94297 3.71465 0
4.06755 3.56488 0
4.17572 3.41546 0
4.27399 3.25954 0
4.36226 3.09753 0
4.44043 2.92979 0
4.50844 2.75655 0
4.56624 2.57778 0
4.61363 2.39375 0
4.65038 2.20486 0
4.67607 2.01384 0
4.69091 1.82164 0
4.69383 1.62904 0
4.66119 1.44016 0
4.58667 1.27307 0
4.47522 1.12794 0
4.3299 1.0148 0
4.16108 0.938658 0
3.97198 0.907676 0
3.78127 0.90625 0
3.59185 0.90625 0
3.3995 0.90625 0
3.20277 0.906495 0
3.00382 0.934765 0
2.81757 1.01615 0
-1.14219 2.66205 0
-1.31 2.54288 0
-1.48252 2.43347 0
-1.64601 2.31254 0
-1.80304 2.18265 0
-1.95354 2.0443 0
-2.09453 1.9008 0
-2.22369 1.75524 0
-2.34262 1.60709 0
-2.45498 1.45114 0
-2.55697 1.28563 0
-2.67456 1.13006 0
-2.82794 1.01019 0
-3.00677 0.933799 0
-3.18993 0.907077 0
-3.3793 0.90625 0
-3.57236 0.90625 0
-3.76345 0.90625 0
-3.95005 0.906597 0
-4.13031 0.930935 0
-4.29712 0.995116 0
-4.45591 1.11016 0
-4.58014 1.26214 0
-4.66119 1.44016 0
-4.69402 1.631 0
-4.69079 1.82439 0
-4.67563 2.01825 0
-4.64928 2.21187 0
-4.61126 2.40452 0
-4.56113 2.59542 0
-4.49869 2.78359 0
-4.42382 2.96794 0
-4.33666 3.14712 0
-4.2375 3.31996 0
-4.12672 3.48545 0
-4.0042 3.64338 0
-3.86967 3.79352 0
-3.72316 3.93521 0
-3.56488 4.06755 0
-3.3954 4.18913 0
-3.21728 4.29828 0
-3.0327 4.39401 0
-2.84258 4.47629 0
-2.64746 4.54522 0
-2.44797 4.60084 0
-2.24494 4.64347 0
-2.04035 4.67314 0
-1.83708 4.69018 0
-1.63603 4.6945 0
-1.44016 4.66119 0
-1.27131 4.58562 0
-1.12536 4.47263 0
-1.01325 4.32731 0
-0.938658 4.16108 0
-0.908938 3.99761 0
-0.90625 3.82991 0
-0.90625 3.66094 0
-0.90625 3.49043 0
-0.90625 3.31657 0
-0.909473 3.13924 0
-0.948273 2.96267 0
-1.02802 2.7998 0
-2.66205 -1.14219 0
-2.54165 -1.31234 0
-2.4307 -1.48644 0
-2.30862 -1.65106 0
-2.17846 -1.80785 0
-2.04185 -1.95607 0
-1.90023 -2.09506 0
-1.75464 -2.2242 0
-1.60625 -2.34325 0
-1.4517 -2.45459 0
-1.28704 -2.55615 0
-1.13121 -2.67337 0
-1.01047 -2.82742 0
-0.933799 -3.00677 0
-0.9072 -3.18721 0
-0.90625 -3.37393 0
-0.90625 -3.56476 0
-0.90625 -3.75731 0
-0.906388 -3.9458 0
-0.93045 -4.12838 0
-0.995116 -4.29712 0
-1.10991 -4.45564 0
-1.26163 -4.57984 0
-1.44016 -4.66119 0
-1.63554 -4.69445 0
-1.83254 -4.69043 0
-2.02747 -4.67467 0
-2.21987 -4.64792 0
-2.41071 -4.60977 0
-2.60066 -4.55953 0
-2.78856 -4.49682 0
-2.97305 -4.4215 0
-3.15268 -4.33369 0
-3.32651 -4.23342 0
-3.49344 -4.12095 0
-3.65205 -3.99698 0
-3.80101 -3.86252 0
-3.93969 -3.71824 0
-4.06755 -3.56488 0
-4.18572 -3.4006 0
-4.29211 -3.22825 0
-4.38647 -3.04846 0
-4.46848 -2.86205 0
-4.53819 -2.66914 0
-4.59534 -2.47056 0
-4.63954 -2.26714 0
-4.67073 -2.06079 0
-4.68919 -1.8531 0
-4.69535 -1.64493 0
-4.66119 -1.44016 0
-4.58597 -1.2719 0
-4.47359 -1.12623 0
-4.32833 -1.01386 0
-4.16108 -0.938658 0
-3.99399 -0.90876 0
-3.82375 -0.90625 0
-3.65329 -0.90625 0
-3.48257 -0.90625 0
-3.31 -0.90625 0
-3.13496 -0.910058 0
-2.96165 -0.94861 0
-2.79937 -1.02831 0
1.14219 -2.66205 0
1.31192 -2.54187 0
1.48585 -2.43112 0
1.6506 -2.30897 0
1.80929 -2.17721 0
1.96122 -2.03683 0
2.10315 -1.89144 0
2.23278 -1.74452 0
2.34889 -1.59876 0
2.45733 -1.4477 0
2.55705 -1.2855 0
2.67347 -1.13111 0
2.82708 -1.01065 0
3.00677 -0.933799 0
3.18536 -0.907284 0
3.36959 -0.90625 0
3.5572 -0.90625 0
3.74803 -0.90625 0
3.9374 -0.90625 0
4.12327 -0.929168 0
4.29712 -0.995116 0
4.4577 -1.11179 0
4.5812 -1.2639 0
4.66119 -1.44016 0
4.69434 -1.63436 0
4.69051 -1.83075 0
4.6747 -2.02724 0
4.64734 -2.22311 0
4.60811 -2.41767 0
4.55645 -2.61073 0
4.49195 -2.80151 0
4.41422 -2.98916 0
4.32446 -3.16997 0
4.224 -3.34162 0
4.11325 -3.50411 0
3.99222 -3.65777 0
3.8599 -3.80375 0
3.71704 -3.94079 0
3.56488 -4.06755 0
3.40196 -4.18482 0
3.23019 -4.29102 0
3.04974 -4.38585 0
2.86186 -4.46856 0
2.66816 -4.53852 0
2.4695 -4.59561 0
2.2667 -4.63961 0
2.06114 -4.67068 0
1.85378 -4.68914 0
1.64543 -4.69536 0
1.44016 -4.66119 0
1.27241 -4.58628 0
1.1268 -4.47419 0
1.01413 -4.32878 0
0.938658 -4.16108 0
0.908701 -3.99281 0
0.90625 -3.82227 0
0.90625 -3.65238 0
0.90625 -3.48251 0
0.90625 -3.30989 0
0.910118 -3.13452 0
0.948966 -2.96056 0
1.02826 -2.79944 0
-5.03185 4.87961 0
-5.03419 4.86717 0
-4.83542 4.64101 0
-4.71555 4.54207 0
-4.54609 4.4145 0
-4.56327 4.00365 0
-4.35103 4.05425 0
-4.2366 4.09828 0
-3.89754 3.83929 0
-0.97107 2.76602 0
-0.915598 2.34426 0
-0.652979 1.90685 0
-0.628767 1.90101 0
-0.465598 1.78753 0
-0.234504 1.68951 0
-1.67677 -0.276578 0
-1.73433 -0.48322 0
-1.89055 -0.547815 0
-2.09608 -0.528876 0
-2.30244 -0.572219 0
-2.34212 -0.865752 0
-2.33897 -0.877457 0
1.64758 0.214579 0
1.91192 0.324424 0
2.08367 0.430674 0
2.14383 0.5284 0
2.25885 0.824772 0
2.2943 0.835663 0
2.66191 1.14175 0
0.36585 -1.90713 0
0.398426 -1.94712 0
0.584789 -2.05191 0
0.600459 -2.06014 0
0.833668 -2.34218 0
1.02857 -2.47844 0
1.02884 -2.47846 0
6.81036 1.79094 0
6.81702 1.8107 0
7.03075 1.78766 0
7.1194 1.81057 0
7.23567 1.84329 0
7.34935 1.86143 0
7.40636 2.09089 0
7.54605 2.07686 0
7.72605 2.03466 0
7.72743 2.04179 0
7.98554 2.32426 0
8.01303 2.32904 0
8.18531 2.41522 0
8.3337 2.4765 0
8.17783 2.75837 0
8.24403 2.7996 0
8.38713 2.82361 0
8.7553 2.94571 0
8.82106 3.05376 0
8.87872 3.24347 0
8.78624 3.35928 0
8.74927 3.36832 0
8.75172 3.64679 0
8.61278 3.69343 0
8.43255 3.70142 0
8.30691 3.71002 0
8.11957 3.61891 0
8.09313 3.5635 0
7.88928 3.72465 0
7.63186 3.66742 0
7.51626 3.73563 0
7.43839 3.75053 0
7.04916 3.54726 0
7.03864 3.53825 0
6.8995 3.59857 0
6.80301 3.44734 0
6.80098 3.41233 0
6.67923 3.44724 0
6.4509 3.13053 0
6.33474 3.23042 0
6.32728 3.37418 0
6.31426 3.41137 0
6.23986 3.68197 0
5.82251 3.71483 0
5.7856 3.96861 0
5.78091 3.98464 0
5.75794 4.11083 0
5.65469 4.30977 0
5.92858 4.22589 0
6.04303 4.28953 0
6.20687 4.65789 0
6.22717 4.70055 0
6.24218 4.71251 0
6.44734 4.83355 0
6.56066 4.84826 0
6.68644 5.00346 0
6.71103 5.10422 0
6.73705 5.14882 0
6.90941 5.59109 0
6.96579 5.59335 0
6.90589 5.91182 0
6.90503 5.95845 0
6.94612 6.00957 0
7.01387 6.22033 0
7.01927 6.2772 0
7.00312 6.27621 0
6.87243 6.50996 0
6.63351 6.47635 0
6.62048 6.47861 0
6.36671 6.27243 0
6.33667 6.26912 0
6.12648 6.25116 0
6.0726 6.03413 0
5.77806 6.06442 0
5.77488 6.05521 0
5.45934 6.02994 0
5.41088 5.9784 0
5.21593 5.80333 0
5.21507 5.80293 0
5.21217 5.77839 0
5.17331 5.76145 0
4.77179 5.38557 0
4.64157 5.18278 0
4.60076 5.18165 0
4.45665 5.57864 0
4.29096 5.62999 0
4.34903 5.78204 0
4.1493 5.77146 0
4.09522 5.75094 0
3.9471 5.86434 0
3.86405 6.01703 0
3.93322 6.22558 0
3.93224 6.22837 0
3.99057 6.5387 0
4.15232 6.72255 0
4.15221 6.72283 0
4.17509 6.82883 0
4.34404 6.99619 0
4.39329 7.04524 0
4.26337 7.18763 0
4.19115 7.40478 0
4.44037 7.65168 0
4.43399 7.66882 0
4.23635 7.96183 0
4.365 8.13684 0
4.35562 8.14926 0
4.40936 8.31512 0
4.12155 8.33418 0
4.10111 8.33993 0
3.88759 8.50979 0
3.88283 8.50696 0
3.64584 8.37272 0
3.59486 8.35 0
3.54458 8.17604 0
3.53425 8.16936 0
3.20899 8.04161 0
3.10444 7.92711 0
3.19713 7.69581 0
3.18002 7.62266 0
2.94713 7.57543 0
2.80494 7.47146 0
2.90631 7.18847 0
2.65445 7.04737 0
2.69219 6.84284 0
2.65738 6.83114 0
2.51953 6.76855 0
2.25888 6.727 0
2.20934 6.81683 0
2.0265 6.82875 0
1.79245 6.91433 0
1.79102 6.916 0
1.68522 7.03917 0
1.63738 6.97189 0
1.28388 7.00639 0
1.26726 7.0341 0
1.33154 7.32703 0
1.33326 7.32794 0
1.38091 7.51697 0
1.56864 7.64946 0
1.62585 7.82219 0
1.45251 8.19997 0
1.42028 8.29066 0
1.42414 8.30437 0
1.34328 8.45345 0
1.14254 8.52715 0
1.15411 8.63015 0
1.25319 8.83959 0
1.02576 9.10453 0
1.07539 9.34031 0
1.06097 9.35505 0
0.8757 9.4 0
0.817784 9.39784 0
0.641454 9.45018 0
0.603888 9.19785 0
0.431372 8.98404 0
0.396094 8.94944 0
0.263888 8.91843 0
0.173447 8.80983 0
0.105196 8.66109 0
0.304856 8.40239 0
0.205877 8.26826 0
0.0495105 8.19643 0
-0.0295133 8.05412 0
0.148754 7.94294 0
-0.0387302 7.536 0
-0.0591219 7.39262 0
-0.0610574 7.38774 0
-0.0492896 7.34286 0
-0.27185 7.15992 0
-0.275405 7.16153 0
-0.425712 6.98166 0
-0.550943 7.02799 0
-0.664818 7.17916 0
-0.862258 7.07394 0
-0.86326 7.07281 0
-1.2883 7.0394 0
-1.31286 7.05064 0
-1.51627 7.36901 0
-1.35261 7.42983 0
-1.35388 7.4673 0
-1.37537 7.64122 0
-1.38074 7.64897 0
-1.47626 7.93048 0
-1.46077 7.96759 0
-1.4727 8.01037 0
-1.69154 8.36182 0
-1.70621 8.38541 0
-1.97495 8.47293 0
-1.92831 8.71584 0
-2.27422 8.81933 0
-2.28852 8.8339 0
-2.41846 9.0072 0
-2.42386 9.0513 0
-2.43317 9.05385 0
-2.53951 8.96354 0
-2.75543 9.0095 0
-2.74934 9.00145 0
-2.70045 8.83672 0
-2.75694 8.37583 0
-2.77289 8.28653 0
-2.77296 8.28653 0
-2.88321 8.20428 0
-2.62852 8.05021 0
-2.7903 7.80345 0
-2.79031 7.80267 0
-2.79545 7.79383 0
-2.61907 7.23757 0
-2.58463 7.0695 0
-2.79871 6.9791 0
-2.55237 6.89732 0
-2.57675 6.76443 0
-2.50293 6.6596 0
-2.58771 6.50459 0
-2.98504 6.58222 0
-3.20473 6.34205 0
-3.24278 6.26083 0
-3.24215 6.25011 0
-3.24649 6.24002 0
-3.47423 5.989 0
-3.85286 6.18529 0
-3.84736 6.19849 0
-4.05411 6.31346 0
-4.02601 6.53567 0
-4.18805 6.89716 0
-4.19336 6.93223 0
-4.22461 7.03601 0
-4.36674 6.88929 0
-4.71528 7.05144 0
-4.74508 7.1391 0
-5.03798 7.35595 0
-5.03938 7.35622 0
-5.11634 7.45536 0
-5.21034 7.60605 0
-5.38242 7.47952 0
-5.43147 7.5147 0
-5.45778 7.51218 0
-5.70661 7.3726 0
-5.75923 7.29534 0
-5.73767 7.26339 0
-5.78056 7.08415 0
-5.7802 6.98776 0
-5.76433 6.97124 0
-5.70551 6.64354 0
-5.68416 6.60587 0
-5.58608 6.28854 0
-5.58517 6.28628 0
-5.58206 6.03721 0
-5.49586 5.82653 0
-5.4907 5.82337 0
-5.03804 5.75252 0
-5.2583 5.45392 0
-4.87865 5.49863 0
-4.87933 5.22131 0
-4.87917 5.22102 0
-4.8715 5.14011 0
-4.75917 5.0017 0
-4.47588 4.79383 0
-4.47624 4.77895 0
-4.51636 4.41733 0
-4.47279 4.34613 0
-4.39197 4.21052 0
-4.23636 4.09922 0
-4.03071 4.08518 0
-3.6078 4.14601 0
-3.49214 4.20515 0
-3.21711 4.31614 0
-3.12469 4.57834 0
-2.98482 4.62512 0
-2.95079 4.61997 0
-2.49422 4.94137 0
-2.23998 4.65107 0
-2.03945 4.67503 0
-1.83507 4.6938 0
-1.08395 4.78866 0
-1.03735 4.6942 0
-1.02855 4.67157 0
-0.918096 4.56773 0
-0.738413 4.3344 0
-0.761717 4.09993 0
-0.728421 4.06635 0
-0.648805 3.74629 0
-0.6152 3.62883 0
-0.691705 3.40842 0
-0.691705 3.28503 0
-0.679539 3.27134 0
-0.946351 2.95934 0
-0.945279 2.826 0
-0.648973 2.52445 0
-0.645461 2.52378 0
-0.332512 2.18227 0
-0.277241 2.11694 0
-0.163998 1.82426 0
-0.13444 1.81983 0
-0.0327451 1.88514 0
0.341296 1.83275 0
0.316862 1.4529 0
0.286243 1.30077 0
0.412069 1.20782 0
0.728361 0.915624 0
0.869141 0.932437 0
0.943665 1.00122 0
0.906604 0.906234 0
1.18081 0.578862 0
1.08838 0.318304 0
1.2687 0.275267 0
1.51182 0.359951 0
1.56195 0.394283 0
1.59243 0.606177 0
1.6012 0.656289 0
1.72766 0.639009 0
1.81534 0.687494 0
1.97827 0.908092 0
2.42209 1.22082 0
2.43231 1.2235 0
2.38823 1.38352 0
1.90258 1.4633 0
1.89965 1.46702 0
1.96054 1.9027 0
1.83059 1.84791 0
1.75184 1.80769 0
1.55647 2.09585 0
1.2555 2.32372 0
1.19884 2.31579 0
0.845855 2.43061 0
0.819985 2.78876 0
0.487319 2.87019 0
0.873497 3.17922 0
0.844953 3.3679 0
0.672877 3.49722 0
0.654187 3.76145 0
0.647496 3.84007 0
0.538137 4.10805 0
0.601267 4.15696 0
0.758087 4.566 0
1.00172 4.78827 0
1.56011 4.97428 0
1.56207 4.975 0
1.85005 4.71175 0
2.14786 4.69254 0
2.27288 4.69852 0
2.49238 4.93229 0
2.87735 4.83917 0
2.91278 4.8171 0
3.04569 4.50262 0
3.11662 4.4885 0
3.37099 4.21763 0
3.50488 4.11979 0
3.66065 3.99068 0
3.80898 3.85817 0
3.94678 3.72815 0
4.31836 3.7367 0
4.46763 3.70344 0
4.44924 3.64388 0
4.59595 3.05495 0
4.59765 3.05402 0
4.6673 2.95624 0
5.00177 2.75475 0
4.69813 2.32742 0
4.82043 2.10082 0
4.77879 2.05069 0
4.77734 2.04594 0
4.9678 1.92889 0
4.92648 1.84325 0
4.61234 1.05828 0
4.61148 1.05655 0
4.34259 1.00488 0
4.28719 0.851291 0
4.22642 0.856229 0
3.93384 0.854307 0
3.93054 0.849496 0
3.26255 0.614498 0
3.1759 0.574802 0
2.99807 0.896352 0
2.66965 1.02526 0
2.47726 0.747363 0
2.24571 0.733104 0
2.13366 0.438979 0
2.08395 0.429662 0
1.96378 0.277006 0
1.96032 0.261815 0
1.6952 0.154551 0
1.92756 -0.00644885 0
1.76537 -0.271206 0
1.52132 -0.272214 0
1.48404 -0.341202 0
1.05985 -0.659894 0
1.00354 -0.928508 0
0.971412 -0.950536 0
0.973719 -0.976906 0
0.91634 -1.14346 0
0.891848 -1.14859 0
0.338716 -1.13325 0
0.340547 -1.16648 0
0.352346 -1.56982 0
0.294686 -1.60954 0
0.323356 -1.65485 0
0.431018 -1.82653 0
0.57873 -1.94619 0
0.783149 -1.98336 0
0.957649 -1.96901 0
0.990412 -2.06101 0
1.11707 -2.28633 0
1.20326 -2.23478 0
1.65035 -2.30276 0
1.67187 -2.05741 0
1.97029 -2.01752 0
2.10508 -1.88846 0
2.21583 -1.719 0
2.20953 -1.45881 0
2.20977 -1.45864 0
2.44234 -1.31451 0
2.71034 -0.939273 0
2.71461 -0.928556 0
2.80788 -0.743891 0
3.22606 -0.641869 0
3.25449 -0.663466 0
3.40351 -0.620559 0
3.7648 -0.779438 0
4.04092 -0.84586 0
4.06326 -0.860511 0
4.39635 -0.710867 0
4.4619 -1.11171 0
4.58121 -1.24953 0
4.82789 -1.36471 0
4.70462 -1.63236 0
4.80916 -2.16432 0
4.66145 -2.22862 0
4.65828 -2.22951 0
4.61648 -2.42127 0
4.52191 -2.83654 0
4.51236 -2.84551 0
4.54671 -3.09257 0
4.54663 -3.09295 0
4.26164 -3.34539 0
4.26059 -3.34796 0
4.22112 -3.91354 0
4.08668 -3.97886 0
3.844 -4.05494 0
3.58376 -4.44896 0
3.56481 -4.42352 0
3.46706 -4.46869 0
3.12239 -4.46952 0
2.86714 -4.50824 0
2.67386 -4.5443 0
2.34025 -4.84021 0
2.33778 -4.83568 0
2.09564 -5.11322 0
1.85807 -4.79663 0
1.73145 -4.79828 0
1.3786 -4.71947 0
1.25581 -4.62254 0
0.854181 -4.56126 0
0.746249 -4.5262 0
0.747881 -4.50109 0
0.895912 -4.023 0
0.704795 -3.71637 0
0.656308 -3.28698 0
0.645634 -3.25515 0
0.680513 -3.18396 0
0.696601 -3.16669 0
0.720787 -2.7732 0
0.692065 -2.65047 0
0.631922 -2.48135 0
0.616925 -2.47156 0
0.559433 -2.26461 0
0.274931 -2.05414 0
0.295746 -1.96483 0
0.343082 -1.91228 0
0.255482 -1.91477 0
-0.192706 -1.73075 0
-0.18187 -1.6325 0
-0.343973 -1.49793 0
-0.353202 -1.47307 0
-0.545459 -0.911053 0
-0.609145 -0.910081 0
-0.909282 -0.920786 0
-1.19449 -1.07578 0
-1.22085 -1.07068 0
-0.922092 -0.715107 0
-0.993227 -0.571588 0
-1.41529 -0.480132 0
-1.41542 -0.479928 0
-1.59687 -0.266229 0
-1.62112 -0.292628 0
-1.73145 -0.484527 0
-1.89011 -0.548267 0
-1.89043 -0.561105 0
-1.96794 -1.08808 0
-2.29932 -0.947263 0
-2.27902 -1.06714 0
-2.17383 -1.55494 0
-2.17164 -1.5966 0
-2.17584 -1.80667 0
-1.68496 -1.79729 0
-1.67934 -1.81846 0
-1.62203 -2.19589 0
-1.57146 -2.2651 0
-1.34803 -2.19807 0
-1.18223 -2.29682 0
-1.07992 -2.39402 0
-0.854649 -2.65647 0
-0.639111 -3.1106 0
-0.858678 -3.17887 0
-0.828784 -3.31141 0
-0.590281 -3.5232 0
-0.583513 -3.53302 0
-0.780293 -3.98751 0
-0.781156 -4.01632 0
-0.954661 -4.31323 0
-1.06613 -4.64653 0
-1.16966 -4.72457 0
-1.42183 -4.78475 0
-1.607 -5.00393 0
-1.65417 -5.00851 0
-2.15324 -4.94362 0
-2.23522 -4.8591 0
-2.44229 -4.68125 0
-2.64308 -4.74703 0
-2.74997 -4.62246 0
-3.02804 -4.83132 0
-3.2839 -4.62606 0
-3.44334 -4.47656 0
-3.49245 -4.12833 0
-4.04447 -4.25579 0
-4.01447 -4.09516 0
-4.0036 -3.92553 0
-4.06625 -3.67722 0
-4.2103 -3.49473 0
-4.44025 -3.11729 0
-4.44194 -3.0553 0
-4.52672 -2.88858 0
-5.004 -2.79285 0
-4.5962 -2.47055 0
-4.64079 -2.26701 0
-4.92442 -1.86141 0
-4.94057 -1.81663 0
-4.92917 -1.68055 0
-4.91863 -1.28519 0
-4.73708 -1.25247 0
-4.64933 -0.732588 0
-4.25841 -0.710272 0
-4.17834 -0.610985 0
-3.95319 -0.734413 0
-3.95248 -0.735098 0
-3.92814 -0.727144 0
-3.39458 -0.588724 0
-3.15583 -0.755567 0
-3.15582 -0.75557 0
-2.90963 -0.728936 0
-2.79807 -1.0273 0
-2.38388 -0.864863 0
-2.30272 -0.57023 0
-2.09319 -0.521672 0
-1.95747 -0.302142 0
-1.94975 -0.278118 0
-1.78156 -0.152998 0
-1.78032 -0.14478 0
-1.818 0.00638047 0
-1.78139 0.266833 0
-1.65499 0.466641 0
-1.26931 0.273548 0
-1.00084 0.71196 0
-1.00488 0.720428 0
-1.14544 1.038 0
-1.14198 1.03848 0
-0.886783 0.9142 0
-0.727361 0.907643 0
-0.682725 1.11534 0
-0.456001 1.39363 0
-0.486515 1.52007 0
-0.40357 1.65376 0
-0.415351 1.65603 0
-0.500379 1.78103 0
-0.814055 1.75486 0
-0.79114 1.87793 0
-1.0435 2.39327 0
-1.06337 2.40552 0
-1.03902 2.0758 0
-1.56773 1.96955 0
-1.66292 1.90165 0
-1.66292 1.90163 0
-2.12393 1.72568 0
-2.13064 1.70438 0
-2.13628 1.68411 0
-2.26749 1.34323 0
-2.56132 1.1334 0
-2.71083 1.04383 0
-2.72359 1.03934 0
-3.01012 0.924235 0
-3.16007 0.582781 0
-3.4239 0.83703 0
-3.43123 0.834341 0
-4.10679 0.804878 0
-4.11101 0.806576 0
-4.12315 0.82712 0
-4.18076 0.875668 0
-4.4523 1.10492 0
-4.73704 0.990906 0
-4.6618 1.4406 0
-4.83861 1.57429 0
-5.10887 1.64808 0
-5.16144 1.89745 0
-5.0026 2.32872 0
-5.00254 2.3288 0
-4.64969 2.59563 0
-4.85957 3.04712 0
-4.76554 3.09206 0
-4.69184 3.15168 0
-4.25656 3.47328 0
-4.141 3.4897 0
-4.00455 3.75554 0
-4.14832 3.94351 0
-4.33876 3.96293 0
-4.60409 3.99112 0
-4.79654 4.52172 0
-4.79539 4.53046 0
-4.80563 4.54601 0
-5.03677 4.86803 0
-5.24991 4.98628 0
-5.36498 4.82418 0
-5.41739 4.70848 0
-5.52688 4.60207 0
-5.65176 4.54058 0
-5.41982 4.24086 0
-5.56853 4.43267 0
-5.58807 4.43347 0
-5.91706 4.73205 0
-6.25609 4.86351 0
-6.25621 4.86353 0
-6.39653 4.87909 0
-6.55432 4.89135 0
-6.55433 4.89135 0
-6.85017 4.79399 0
-7.10844 5.02359 0
-7.20141 5.17517 0
-7.23574 5.17917 0
-7.45571 5.16122 0
-7.56424 5.17269 0
-7.83332 5.08811 0
-7.83587 5.08804 0
-8.01926 5.0728 0
-8.08956 4.78062 0
-8.08966 4.78036 0
-7.96892 4.60077 0
-7.99777 4.49004 0
-7.7402 4.42054 0
-7.81659 4.15226 0
-7.79162 4.08322 0
-7.73468 4.00705 0
-7.35069 3.85425 0
-7.34068 3.81153 0
-7.30263 3.8094 0
-7.16247 3.57014 0
-6.98968 3.4821 0
-6.98923 3.48223 0
-6.63822 3.30821 0
-6.63987 3.30124 0
-6.48501 3.37086 0
-6.38907 3.025 0
-6.40406 3.00689 0
-6.65401 2.75926 0
-6.6581 2.75522 0
-6.66826 2.73772 0
-6.8826 2.20808 0
-6.88428 2.2044 0
-6.60239 1.96548 0
-6.9518 2.11724 0
-7.05585 2.02751 0
-7.30857 2.10328 0
-7.32801 2.12356 0
-7.52198 2.14127 0
-7.67769 2.29492 0
-8.03621 2.04278 0
-8.11925 2.14989 0
-8.12191 2.14696 0
-8.15361 2.1379 0
-8.53061 2.22774 0
-8.67233 2.20975 0
-9.00099 2.03986 0
-9.00693 2.0385 0
-9.00698 2.03849 0
-9.282 1.99041 0
-9.1493 1.69875 0
-9.15607 1.68373 0
-9.2449 1.6123 0
-9.18472 1.59899 0
-9.09398 1.34896 0
-8.7318 1.30075 0
-8.7236 1.30185 0
-8.64 1.19108 0
-8.46096 1.12899 0
-8.34946 1.12523 0
-8.2609 0.995041 0
-8.13209 0.786665 0
-7.94309 0.806432 0
-7.71486 0.649336 0
-7.62258 0.673569 0
-7.52087 0.717968 0
-7.48911 0.703043 0
-7.23567 0.503065 0
-7.03177 0.537168 0
-7.20215 0.304759 0
-7.19394 0.0766819 0
-7.19427 0.0752316 0
-7.08476 -0.134881 0
-7.08482 -0.135278 0
-7.23478 -0.451735 0
-7.02795 -0.569196 0
-7.21578 -0.47322 0
-7.36281 -0.720023 0
-7.54654 -0.513458 0
-7.81528 -0.647874 0
-7.90633 -0.691843 0
-8.10014 -0.81515 0
-8.10035 -0.81511 0
-8.32432 -0.757251 0
-8.32471 -0.757387 0
-8.45293 -1.21168 0
-8.75109 -0.97372 0
-8.86637 -1.07402 0
-9.01394 -1.35379 0
-9.13335 -1.29718 0
-9.21575 -1.38956 0
-9.23292 -1.41224 0
-9.22346 -1.52801 0
-9.26969 -1.73716 0
-9.26926 -1.73776 0
-9.17891 -1.77519 0
-8.76192 -1.97997 0
-8.71238 -1.99565 0
-8.57455 -1.97427 0
-8.56443 -1.979 0
-8.33304 -2.25841 0
-8.19343 -2.30938 0
-8.15328 -2.30934 0
-7.85871 -2.34862 0
-7.61659 -2.08706 0
-7.48298 -2.14858 0
-7.34502 -2.12002 0
-7.33912 -2.1148 0
-7.14511 -1.99545 0
-7.06031 -2.05489 0
-6.81993 -2.05818 0
-6.8348 -2.11422 0
-6.84339 -2.33165 0
-6.62685 -2.61138 0
-6.6269 -2.6115 0
-6.29654 -2.69527 0
-6.32295 -2.86705 0
-6.33267 -3.20688 0
-6.6099 -3.24466 0
-6.61017 -3.24459 0
-6.88555 -3.19274 0
-6.95502 -3.3472 0
-6.98327 -3.3794 0
-7.0814 -3.56318 0
-7.06175 -3.82589 0
-7.50637 -3.77863 0
-7.58503 -3.88804 0
-7.57576 -3.93481 0
-7.79325 -4.06551 0
-7.76656 -4.41296 0
-7.79218 -4.42292 0
-8.0104 -4.54356 0
-8.01078 -4.54495 0
-7.93795 -4.77983 0
-7.92659 -4.77974 0
-7.82693 -4.83954 0
-7.81218 -5.09069 0
-7.81195 -5.0908 0
-7.7174 -5.06221 0
-7.36046 -5.06135 0
-7.36037 -5.06128 0
-7.12391 -5.07606 0
-7.12036 -5.07667 0
-7.11416 -5.05431 0
-6.71846 -5.09061 0
-6.71235 -5.07422 0
-6.46929 -4.80037 0
-6.46908 -4.79587 0
-6.15752 -4.8669 0
-6.07089 -4.7264 0
-6.01281 -4.67196 0
-5.78972 -4.61793 0
-5.6277 -4.39404 0
-5.59561 -4.41134 0
-5.53153 -4.4776 0
-5.50078 -4.52332 0
-5.44435 -4.64075 0
-5.19219 -4.76083 0
-5.18987 -4.76871 0
-5.02631 -5.03297 0
-5.02631 -5.03302 0
-4.99677 -5.28702 0
-4.99959 -5.32116 0
-5.14124 -5.33664 0
-5.15389 -5.35531 0
-5.15388 -5.74603 0
-5.42657 -5.93895 0
-5.44248 -5.96846 0
-5.4587 -6.01416 0
-5.46155 -6.02376 0
-5.45786 -6.4821 0
-5.62585 -6.63923 0
-5.62856 -6.64181 0
-5.81473 -6.70044 0
-5.76251 -7.02668 0
-5.76324 -7.02812 0
-5.77335 -7.14498 0
-5.78431 -7.23998 0
-5.80212 -7.42873 0
-5.79114 -7.45241 0
-5.54523 -7.55249 0
-5.54266 -7.55701 0
-5.52232 -7.57079 0
-5.45863 -7.59513 0
-5.27527 -7.63693 0
-5.02503 -7.5207 0
-5.00942 -7.51612 0
-4.88977 -7.22351 0
-4.83648 -7.18712 0
-4.58836 -7.27355 0
-4.58605 -7.26796 0
-4.32521 -7.10712 0
-4.17073 -6.86955 0
-4.17007 -6.86881 0
-4.13509 -6.70445 0
-3.97384 -6.5023 0
-3.96504 -6.49829 0
-3.7164 -6.41406 0
-3.7311 -6.16476 0
-3.71774 -6.12564 0
-3.4982 -5.97337 0
-3.2918 -6.29239 0
-3.28975 -6.29181 0
-3.16448 -6.49731 0
-2.94244 -6.5615 0
-2.83458 -6.6306 0
-2.61729 -6.64584 0
-2.64128 -6.73441 0
-2.64142 -6.93719 0
-2.66942 -6.94852 0
-2.91303 -7.09974 0
-3.01985 -7.32262 0
-2.8917 -7.65111 0
-2.96599 -7.74565 0
-2.96103 -7.76778 0
-2.91144 -8.0216 0
-2.91213 -8.02272 0
-2.79266 -8.22687 0
-2.77089 -8.33215 0
-2.73794 -8.43424 0
-2.75373 -8.94907 0
-2.75346 -8.94961 0
-2.73689 -9.01371 0
-2.5144 -9.01015 0
-2.49963 -9.00977 0
-2.46837 -9.01386 0
-2.35705 -8.91834 0
-2.35676 -8.91809 0
-2.07132 -8.65274 0
-2.06344 -8.6483 0
-1.84357 -8.40632 0
-1.73445 -8.29019 0
-1.59338 -8.26578 0
-1.59359 -8.2644 0
-1.65269 -7.9217 0
-1.52526 -7.84348 0
-1.41874 -7.59925 0
-1.40658 -7.5843 0
-1.39555 -7.56229 0
-1.36422 -7.23933 0
-1.37096 -7.22504 0
-1.14662 -6.87997 0
-1.06633 -6.93254 0
-0.921041 -6.97136 0
-0.919369 -6.97265 0
-0.574996 -6.94505 0
-0.541373 -6.96161 0
-0.173235 -7.11998 0
-0.0985061 -7.12343 0
-0.0883828 -7.12591 0
-0.133259 -7.26392 0
-0.111072 -7.27379 0
0.0375548 -7.41861 0
-0.119913 -7.9082 0
-0.095245 -7.95158 0
-0.116854 -8.03024 0
-0.0900387 -8.23496 0
0.00191069 -8.45375 0
0.030803 -8.51574 0
0.322563 -8.57896 0
0.161537 -8.80306 0
0.271284 -8.78799 0
0.412659 -9.0595 0
0.594732 -9.23839 0
0.594732 -9.2384 0
0.626679 -9.47618 0
0.730814 -9.43056 0
1.02288 -9.31115 0
1.02617 -9.31141 0
0.990356 -9.24186 0
0.834259 -9.03486 0
1.23662 -8.98741 0
1.29874 -8.64973 0
1.29925 -8.64845 0
1.45525 -8.51177 0
1.3271 -8.29453 0
1.45954 -8.08575 0
1.60332 -7.90105 0
1.60359 -7.87489 0
1.63085 -7.71382 0
1.47022 -7.44617 0
1.46985 -7.39702 0
1.51242 -7.27552 0
1.34153 -7.12675 0
1.34732 -7.117 0
1.54015 -7.08056 0
1.6707 -7.03612 0
1.76271 -6.67433 0
1.90727 -6.78187 0
2.01997 -6.85713 0
2.28327 -6.8234 0
2.39421 -6.61403 0
2.5169 -6.81816 0
2.50984 -6.832 0
2.58947 -6.83305 0
2.64451 -7.1983 0
2.81364 -7.28697 0
2.8198 -7.28868 0
2.77146 -7.53054 0
2.79084 -7.56071 0
2.80747 -7.58239 0
3.24576 -7.7447 0
3.45766 -7.82707 0
3.54982 -7.95669 0
3.50594 -8.11344 0
3.89535 -8.25568 0
3.74108 -8.43104 0
3.89484 -8.43445 0
4.15027 -8.46688 0
4.16956 -8.46909 0
4.34601 -8.21955 0
4.39956 -8.21565 0
4.42348 -8.20123 0
4.44781 -8.04449 0
4.4176 -7.91308 0
4.43335 -7.75005 0
4.39047 -7.70278 0
4.24159 -7.52707 0
4.2416 -7.52443 0
4.29194 -7.10774 0
4.27184 -7.05354 0
4.32546 -6.73987 0
4.23208 -6.56841 0
4.22579 -6.55992 0
4.15631 -6.33341 0
4.10794 -6.2676 0
3.88331 -6.21255 0
3.70115 -5.97746 0
3.98795 -5.7876 0
4.06504 -5.74649 0
4.12294 -5.75207 0
4.35858 -5.75286 0
4.49642 -5.52496 0
4.58543 -5.55226 0
4.62039 -5.32927 0
4.74154 -5.31903 0
4.88098 -5.57764 0
4.83053 -5.62205 0
5.11479 -5.644 0
5.11795 -5.65036 0
5.32033 -5.91287 0
5.32099 -5.9131 0
5.42144 -6.09209 0
5.71334 -6.04379 0
5.85211 -6.22512 0
5.85378 -6.22549 0
6.08459 -6.15025 0
6.09635 -6.15582 0
6.47978 -6.36832 0
6.4822 -6.37408 0
6.48613 -6.37031 0
6.73172 -6.50215 0
6.84233 -6.57808 0
6.87104 -6.39598 0
6.92311 -6.39647 0
6.9893 -6.35601 0
7.1308 -6.19846 0
7.15367 -6.09098 0
7.07993 -5.98357 0
6.88909 -5.78708 0
6.88962 -5.7837 0
6.74679 -5.70228 0
6.78462 -5.34045 0
6.81844 -5.28259 0
6.54494 -5.17556 0
6.50776 -5.14465 0
6.41124 -4.96332 0
6.40987 -4.9434 0
6.18926 -4.56925 0
6.18735 -4.49502 0
6.1595 -4.41518 0
5.87673 -4.42071 0
5.79434 -4.26029 0
5.77028 -4.03597 0
5.77209 -4.03267 0
5.7762 -3.9727 0
6.12431 -3.83411 0
6.16242 -3.79912 0
6.2399 -3.68641 0
6.30606 -3.54538 0
6.38373 -3.42266 0
6.40268 -3.30858 0
6.40586 -3.29687 0
6.46838 -3.29918 0
6.86506 -3.48745 0
6.86509 -3.48748 0
7.1281 -3.54753 0
7.20766 -3.5979 0
7.21076 -3.60098 0
7.27259 -3.59003 0
7.53308 -3.72288 0
7.59471 -3.72359 0
8.03271 -3.65633 0
8.24647 -3.65694 0
8.27492 -3.65157 0
8.27594 -3.6501 0
8.44306 -3.63887 0
8.67793 -3.49845 0
8.67013 -3.4414 0
8.62584 -3.17501 0
8.73391 -3.1822 0
8.7204 -3.1785 0
8.72489 -3.00565 0
8.64356 -2.80524 0
8.48407 -2.74795 0
8.42166 -2.56331 0
8.13203 -2.58523 0
8.08254 -2.45168 0
8.0154 -2.45507 0
7.83517 -2.32385 0
7.79558 -2.32746 0
7.70717 -2.25464 0
7.61954 -2.19503 0
7.29668 -1.88775 0
7.0929 -1.85813 0
7.04067 -1.79685 0
6.84555 -1.92393 0
6.91841 -1.81218 0
6.92124 -1.79306 0
6.84046 -1.5196 0
6.94699 -1.06905 0
6.94941 -1.06543 0
7.00884 -0.957077 0
7.06108 -0.838117 0
7.06809 -0.82767 0
7.0833 -0.816068 0
7.38696 -0.711985 0
7.38696 -0.711982 0
7.68185 -0.914163 0
7.88228 -0.700149 0
7.94509 -0.623466 0
8.15443 -0.862476 0
8.38833 -0.559045 0
8.46077 -0.572667 0
8.46225 -0.571092 0
8.49057 -0.528816 0
8.9013 -0.304189 0
9.19543 -0.427614 0
9.21214 -0.427317 0
9.27467 -0.317109 0
9.45366 -0.245368 0
9.33829 0.109896 0
9.3358 0.120518 0
9.33585 0.120592 0
8.94378 0.264343 0
8.85589 0.277362 0
8.83925 0.279371 0
8.74959 0.449503 0
8.64311 0.573326 0
8.64292 0.57321 0
8.30703 0.607239 0
8.30456 0.613933 0
8.0493 0.619291 0
7.98264 0.860986 0
7.83009 0.855974 0
7.59802 0.819763 0
7.52682 0.880453 0
7.46453 0.823107 0
7.19852 0.865468 0
7.1202 0.68428 0
7.11651 0.685817 0
7.16879 1.03086 0
7.05917 1.19304 0
7.08177 1.27341 0
6.95638 1.41876 0
6.9813 1.46497 0
6.93436 1.56138 0
6.89426 1.68564 0
6.76501 -6.28942 0
6.65054 -6.0393 0
6.63259 -6.04047 0
6.62971 -6.0359 0
6.5093 -5.72074 0
6.12675 -5.60311 0
6.12281 -5.60272 0
6.10128 -5.60486 0
6.01798 -5.58697 0
5.97456 -5.21155 0
5.97519 -5.20817 0
5.66148 -5.08675 0
5.45949 -5.0102 0
5.12236 -4.6272 0
5.11969 -4.62571 0
5.11361 -4.61816 0
4.84269 -4.65713 0
4.83275 -4.62926 0
4.65669 -4.18514 0
4.65914 -4.17918 0
4.37745 -4.07894 0
4.22609 -3.91264 0
-5.44148 -4.63496 0
-4.98778 -4.41322 0
-4.98141 -4.36769 0
-4.74611 -4.38791 0
-4.53554 -4.09145 0
-4.52107 -4.01765 0
-4.13658 -3.78245 0
-6.88745 0.10843 0
-6.60372 0.157481 0
-6.51835 0.0154604 0
-6.37058 -0.156636 0
-5.8909 -0.152608 0
-5.87002 -0.157398 0
-5.86123 0.096293 0
-5.42164 0.152382 0
-5.24339 0.0464734 0
-4.99019 -0.04188 0
-4.97192 -0.0407939 0
-4.88184 -0.027579 0
-4.20657 -0.0823005 0
-4.21959 0.057044 0
-3.76146 -0.0448725 0
-3.5752 0.121974 0
-3.5747 0.12217 0
-3.04841 0.265015 0
-3.02482 0.268225 0
-2.67372 -0.0782811 0
-2.59892 -0.196148 0
-2.27952 -0.0329167 0
-2.12334 0.220395 0
-1.82425 0.00562237 0
-5.10972 1.6479 0
-5.30745 1.83368 0
-5.50078 1.97646 0
-5.64548 1.79238 0
-5.87134 1.98257 0
-5.96756 1.97052 0
-6.17921 1.97052 0
-6.2631 2.02172 0
-6.55698 1.6947 0
-6.7255 1.71409 0
-7.03199 1.93325 0
-7.04153 1.92257 0
-7.17318 1.93779 0
-7.53128 1.70894 0
-7.60809 2.02216 0
-8.01405 1.84401 0
-8.06448 1.62164 0
-8.26515 1.81073 0
-8.47442 1.77979 0
-8.50504 1.71919 0
-8.65805 1.66085 0
-8.82741 1.57724 0
-9.05763 1.76321 0
-5.68682 1.65386 0
-5.69657 1.55555 0
-5.37396 1.29676 0
-5.27893 1.09438 0
-5.34334 0.900453 0
-5.82682 0.724923 0
-5.77423 0.498492 0
-5.87684 0.133833 0
-3.37573 0.61728 0
-3.28951 0.294555 0
-1.0928 1.2812 0
-1.58465 1.34708 0
-1.59509 1.35142 0
-1.65009 1.45728 0
-1.64981 1.45995 0
-1.96532 0.373058 0
-1.98064 0.462793 0
-2.25733 0.805883 0
-2.2581 0.80562 0
-2.45165 0.860906 0
-3.16833 0.412594 0
-2.77164 0.482845 0
-2.72178 0.332802 0
-2.77393 0.801025 0
-2.33942 0.771795 0
-2.68045 0.321185 0
-2.67078 0.305886 0
-2.26283 0.277817 0
-2.10494 0.31892 0
-2.40108 0.491969 0
-2.59564 0.373653 0
-2.41035 0.495259 0
-2.40098 0.492754 0
-1.89642 0.141619 0
-2.10012 0.239965 0
-1.91552 0.149751 0
-2.14842 0.250329 0
-2.65634 0.0924629 0
-3.16999 0.410597 0
-3.26761 0.30261 0
-3.0338 0.384642 0
-3.01059 0.412803 0
-1.59495 1.33519 0
-1.56996 1.26768 0
-1.72543 1.05519 0
-1.72387 0.883175 0
-2.02856 0.909141 0
-1.27042 1.13089 0
-1.27209 1.12605 0
-1.31366 0.750144 0
-1.60228 0.713132 0
-1.69313 0.565826 0
-1.39848 0.537497 0
-1.33076 0.572828 0
-1.29519 0.700386 0
-1.27715 0.814848 0
-1.31379 0.748692 0
-1.17819 0.698994 0
-1.30698 0.542058 0
-1.64239 0.55342 0
-1.64479 0.550083 0
-1.43203 1.00952 0
-1.67371 0.723981 0
-1.63608 0.751335 0
-1.51157 1.2674 0
-1.51087 1.28735 0
-1.77479 1.03758 0
-2.12468 1.13411 0
-2.02956 0.909799 0
-2.02694 0.91431 0
-2.44928 0.861327 0
-2.44197 0.863396 0
-1.76521 1.28489 0
-1.72987 1.3544 0
-1.98091 1.52902 0
-1.98409 1.52702 0
-0.818891 1.73933 0
-1.06461 1.55057 0
-1.06568 1.54198 0
-1.06586 1.5419 0
-0.90852 1.44546 0
-0.931045 1.4355 0
-1.01198 1.36205 0
-1.09077 1.28114 0
-0.569867 1.3952 0
-0.706876 1.25019 0
-0.62482 1.34752 0
-0.947252 1.15 0
-0.914878 1.41655 0
-0.624437 1.34739 0
-0.695718 1.21469 0
-0.489264 1.52179 0
-1.53072 1.92166 0
-1.23617 1.79781 0
-1.23298 1.68722 0
-0.991648 2.07254 0
-0.829006 1.75169 0
-1.12026 1.79521 0
-1.12542 1.8045 0
-1.49618 1.85938 0
-1.48215 1.84271 0
-1.26725 1.56098 0
-5.37948 0.638433 0
-4.97754 0.638447 0
-4.97524 0.642469 0
-4.7253 0.610676 0
-4.78595 0.404047 0
-4.74385 0.317221 0
-4.46024 0.539403 0
-4.061 0.429094 0
-3.6975 0.355914 0
-3.38428 0.631651 0
-5.08482 1.53424 0
-5.10237 1.4441 0
-5.18042 1.33026 0
-5.17988 1.32964 0
-5.11993 1.20231 0
-5.0807 0.693376 0
-5.05409 1.41876 0
-5.05405 1.41873 0
-4.98377 1.19783 0
-4.67727 0.767207 0
-4.67344 0.762936 0
-4.75494 0.956201 0
-4.55394 0.773362 0
-4.51131 0.711278 0
-4.67727 0.750637 0
-4.55446 0.773297 0
-4.67624 0.780163 0
-4.70146 1.23893 0
-4.9749 0.643277 0
-5.08048 1.44565 0
-5.22646 1.2944 0
-5.31004 1.83192 0
-5.33813 1.54517 0
-5.3853 1.49809 0
-5.63178 1.68907 0
-5.2503 1.08229 0
-5.37945 0.638494 0
-4.84311 0.410624 0
-4.22065 0.0647677 0
-3.70069 0.245806 0
-3.70912 0.238935 0
-4.2758 0.148386 0
-4.75971 0.278503 0
-5.20374 0.116458 0
-5.19871 0.0373923 0
-5.02295 -0.0181046 0
-4.96796 0.416851 0
-4.87773 0.47921 0
-5.42219 0.157735 0
-5.77329 0.498271 0
-7.0187 0.189058 0
-7.04664 0.178949 0
-7.03398 0.329606 0
-6.99544 0.527353 0
-6.9384 0.633517 0
-7.18834 0.795198 0
-7.03009 0.866391 0
-6.85795 1.1034 0
-7.05089 1.30124 0
-6.94527 1.47783 0
-7.02502 1.8675 0
-7.54314 1.68399 0
-7.55157 1.42298 0
-7.42769 1.28321 0
-7.52089 1.16434 0
-7.51839 1.16126 0
-7.57794 0.940288 0
-7.06439 0.942589 0
-7.33944 1.19074 0
-7.24953 0.782792 0
-7.49942 0.740874 0
-6.94045 0.632707 0
-7.04072 0.870897 0
-7.42436 1.16005 0
-7.21905 1.71593 0
-7.04877 1.52981 0
-7.04888 1.53168 0
-7.21908 1.71607 0
-7.38046 1.30717 0
-7.38393 1.30653 0
-9.12774 1.62598 0
-8.83239 1.5725 0
-8.80569 1.53687 0
-8.50697 1.51301 0
-8.45722 1.32716 0
-8.30129 1.31613 0
-8.25899 1.33756 0
-8.02502 1.51225 0
-7.78186 1.11281 0
-7.67017 1.14874 0
-8.06757 1.60098 0
-8.04936 1.55876 0
-7.75889 1.36758 0
-7.77156 1.3751 0
-7.90708 1.52446 0
-7.82571 1.34782 0
-8.02161 1.52357 0
-7.796 1.3164 0
-7.71057 1.68785 0
-7.71369 1.68607 0
-8.49209 1.61967 0
-8.50645 1.51365 0
-8.35437 1.46033 0
-8.35028 1.45833 0
-8.30228 1.73045 0
-8.38024 1.74549 0
-8.70611 1.56135 0
-8.51282 1.61566 0
-8.04824 0.910037 0
-8.63615 1.19298 0
-8.50901 1.27616 0
-8.52895 1.42474 0
-8.69586 1.3166 0
-8.72433 1.31454 0
-8.7243 1.3147 0
-8.33633 1.12704 0
-8.4592 1.13195 0
-8.3039 1.31326 0
-7.83907 1.08828 0
-7.86873 0.917764 0
-7.94439 0.808026 0
-7.671 1.14792 0
-7.74252 1.05502 0
-7.87135 0.875352 0
-7.58589 0.926522 0
-7.71532 1.05119 0
-8.05758 0.895006 0
-7.89591 1.06717 0
-6.84647 0.839936 0
-6.49891 1.13577 0
-6.46243 1.17952 0
-6.34651 1.08533 0
-6.34065 1.09044 0
-6.29122 1.07436 0
-5.78653 0.825353 0
-6.45204 1.1924 0
-6.25163 1.32783 0
-6.22896 1.36805 0
-6.12708 1.59702 0
-6.55786 1.69326 0
-6.55553 1.67271 0
-6.61737 1.31525 0
-6.63561 1.29783 0
-6.44793 1.5867 0
-6.61397 1.31387 0
-6.46497 1.18749 0
-6.39136 1.63035 0
-6.94389 1.47752 0
-6.91645 1.19261 0
-6.85552 1.10273 0
-6.73376 1.70336 0
-5.81345 1.32755 0
-6.09068 1.46582 0
-6.31528 1.27202 0
-5.95091 1.24685 0
-5.81307 1.31592 0
-6.24925 1.32097 0
-5.96955 1.26759 0
-6.04652 1.61399 0
-6.06264 1.60542 0
-6.37132 -0.150326 0
-6.38862 0.110974 0
-6.37582 0.213328 0
-6.4055 0.675749 0
-6.58847 0.825153 0
-6.63892 0.657358 0
-6.4937 0.657612 0
-6.47436 0.465315 0
-6.64572 0.800055 0
-6.49527 0.682233 0
-6.64471 0.800059 0
-6.49402 0.687403 0
-6.89059 0.77159 0
-6.81256 0.691463 0
-6.51512 0.0220948 0
-6.4854 0.446677 0
-6.71761 0.35851 0
-6.77487 0.496697 0
-6.8098 0.511562 0
-6.75916 0.399349 0
-6.04485 0.705103 0
-5.98943 0.774368 0
-5.82733 0.726346 0
-5.9713 0.831258 0
-6.32437 0.888731 0
-5.79834 0.800082 0
-6.05277 0.185944 0
-5.7848 0.501516 0
-6.35745 0.234167 0
-6.33011 0.157839 0
-6.32907 0.15765 0
-6.1271 0.392386 0
-6.08165 0.264059 0
-6.29423 4.63637 0
-6.28035 4.44797 0
-6.27878 4.38822 0
-6.62223 4.28986 0
-6.50075 3.83331 0
-6.65933 3.83313 0
-6.66872 3.82306 0
-7.09482 3.6494 0
-6.18913 3.08634 0
-6.18002 3.07846 0
-5.88424 2.80771 0
-5.85361 2.83443 0
-5.44762 2.94792 0
-5.29737 2.8353 0
-5.08401 2.49391 0
-4.68147 2.58113 0
-6.24199 4.2953 0
-6.16554 4.03285 0
-5.89207 3.9886 0
-5.86374 3.98321 0
-5.69808 3.93527 0
-5.60401 3.901 0
-5.59027 3.85242 0
-5.50065 3.53838 0
-5.1607 3.58627 0
-5.15288 3.35492 0
-4.84379 3.58072 0
-4.73297 3.44361 0
-6.15607 4.36612 0
-5.92909 4.20582 0
-5.93741 4.13808 0
-5.69531 4.10142 0
-5.58935 3.95513 0
-5.58333 3.95578 0
-4.9875 3.97565 0
-4.95575 3.99489 0
-4.83173 3.86218 0
-4.74932 3.74049 0
-4.64974 3.61313 0
-4.33624 3.93599 0
-4.34484 3.93825 0
-4.83143 3.86229 0
-4.93273 4.05507 0
-5.26461 4.24927 0
-5.2549 4.40612 0
-5.46088 4.38072 0
-5.35989 4.23755 0
-5.46513 4.37436 0
-5.35346 4.23062 0
-5.29834 4.24992 0
-5.29713 4.24821 0
-5.343 4.22569 0
-5.06358 4.6817 0
-5.11591 4.629 0
-5.16033 4.45368 0
-5.02769 4.59519 0
-5.05723 4.53165 0
-5.15713 4.44798 0
-5.93774 4.13784 0
-5.98552 4.1234 0
-6.15806 4.35881 0
-5.59082 3.92958 0
-5.5366 3.87571 0
-5.9189 4.13113 0
-5.69896 3.93612 0
-6.18402 3.08776 0
-5.99286 3.20767 0
-5.7596 3.36906 0
-5.72289 3.40112 0
-5.66986 3.7577 0
-5.67226 3.7669 0
-5.83985 3.65849 0
-6.31206 3.73107 0
-6.30286 3.59788 0
-6.30298 3.59767 0
-6.48674 3.37861 0
-5.96089 3.35504 0
-5.97081 3.35164 0
-6.22706 3.37984 0
-6.18918 3.08682 0
-6.09351 3.26811 0
-6.22757 3.37876 0
-6.10237 3.24188 0
-6.18898 3.08679 0
-5.82764 3.65352 0
-5.96888 3.3599 0
-5.86736 3.50139 0
-5.82734 3.65255 0
-6.29696 3.5955 0
-6.26486 3.69331 0
-6.52082 3.82716 0
-6.30639 3.60121 0
-6.33253 3.95025 0
-6.16726 4.02985 0
-6.31438 3.73406 0
-6.49884 3.83249 0
-6.48996 3.6258 0
-6.4942 3.64375 0
-6.50807 3.63319 0
-6.49079 3.39403 0
-4.87598 3.11493 0
-4.88302 3.15665 0
-5.12488 3.26682 0
-5.37438 3.13423 0
-5.5004 3.191 0
-5.71658 3.36242 0
-5.49469 3.10496 0
-5.51032 3.10522 0
-5.12796 2.91538 0
-4.90683 3.0667 0
-5.35083 3.04799 0
-5.29439 2.84639 0
-5.35571 3.04276 0
-5.60445 3.14975 0
-5.60456 3.14956 0
-5.37929 3.16776 0
-5.25419 3.51273 0
-5.49374 3.49246 0
-5.50685 3.53554 0
-5.70946 3.36239 0
-5.68769 3.35367 0
-5.67221 3.76692 0
-5.24729 3.49296 0
-5.3215 3.30491 0
-6.22826 2.06662 0
-6.31201 2.24791 0
-6.21499 2.38577 0
-6.24104 2.77741 0
-6.24096 2.88543 0
-6.31575 2.2509 0
-6.24516 2.05962 0
-6.59129 1.95656 0
-6.32251 2.29192 0
-6.53421 2.71573 0
-6.24725 2.8896 0
-8.03046 1.88879 0
-8.47286 1.82006 0
-8.66304 2.03128 0
-8.89188 2.00668 0
-9.03903 1.83602 0
-9.05099 1.82907 0
-8.64181 2.04254 0
-8.17345 1.95918 0
-7.44417 2.05038 0
-7.44628 2.05192 0
-8.02718 1.88715 0
-7.71255 2.21503 0
-7.50873 2.04919 0
-7.50923 2.04901 0
-7.30865 2.10258 0
-7.28756 2.03631 0
-6.09163 2.27647 0
-5.87031 2.45582 0
-5.56888 2.36255 0
-5.34208 2.22091 0
-5.22123 2.32379 0
-5.12421 2.32563 0
-5.05615 2.32768 0
-5.10461 2.3348 0
-5.10166 2.33522 0
-5.83738 2.81329 0
-5.85494 2.54097 0
-5.50473 2.58112 0
-5.59782 2.5977 0
-5.84444 2.54069 0
-5.50472 2.58101 0
-5.86195 2.55566 0
-5.86218 2.54554 0
-5.62191 2.30339 0
-5.75976 2.02529 0
-5.31325 2.10006 0
-5.31392 2.08861 0
-5.20694 2.04555 0
-5.30162 2.10791 0
-5.49294 2.06901 0
-5.48512 2.07206 0
-6.0856 2.26155 0
-5.77539 2.03454 0
-5.86085 2.0426 0
-6.08919 2.26244 0
-7.88155 4.82357 0
-7.8819 4.81422 0
-7.48781 4.60675 0
-7.42902 4.55322 0
-7.32947 4.36165 0
-7.13162 4.32537 0
-6.98269 4.31701 0
-6.98258 4.31681 0
-6.79968 4.07335 0
-6.65013 3.85845 0
-6.99585 4.36527 0
-6.88822 4.76153 0
-6.86154 4.79021 0
-7.82629 4.87781 0
-7.59859 5.04647 0
-7.41289 4.58445 0
-7.31148 4.87567 0
-7.08038 4.8093 0
-7.2822 4.96641 0
-7.39424 4.72329 0
-7.56533 5.05309 0
-7.10376 4.95616 0
-7.40139 4.57409 0
-7.34746 4.55346 0
-7.41375 4.58181 0
-6.70368 4.28324 0
-6.61259 4.41181 0
-6.33401 4.45401 0
-6.38457 4.7333 0
-6.86304 4.57444 0
-6.8466 4.72824 0
-6.6711 4.79543 0
-6.74471 4.80596 0
-6.94239 4.39944 0
-6.60546 4.41125 0
-6.63606 4.31544 0
-6.28775 4.4498 0
-6.29636 4.63574 0
-7.35037 3.91577 0
-7.31155 4.07878 0
-7.00216 4.23725 0
-7.63945 4.16201 0
-7.47294 4.38633 0
-7.50285 4.40096 0
-7.65566 4.40462 0
-7.656 4.40705 0
-7.50679 4.40445 0
-7.63378 4.15877 0
-7.35094 3.91566 0
-7.1582 4.31403 0
-7.06301 4.01891 0
-7.04996 3.95465 0
-7.04688 3.94212 0
-6.93037 4.0554 0
-6.94077 4.05461 0
-6.72806 3.86598 0
-7.15734 3.63029 0
-7.15664 3.63047 0
-7.30261 3.8094 0
-5.14132 -2.56605 0
-5.14164 -2.56587 0
-5.24197 -2.59646 0
-5.29676 -2.61183 0
-5.69025 -2.80398 0
-5.69019 -2.80459 0
-5.95801 -3.07413 0
-6.02916 -3.06382 0
-6.32258 -2.86712 0
-6.7696 -3.58756 0
-6.87714 -3.74459 0
-6.84339 -3.88059 0
-6.83311 -3.99162 0
-6.53002 -4.22584 0
-6.38983 -4.42901 0
-6.40711 -4.46524 0
-6.29397 -4.6076 0
-4.83507 -3.05313 0
-5.11532 -3.25057 0
-5.08959 -3.53477 0
-5.17486 -3.60993 0
-5.29766 -3.63786 0
-5.56311 -3.68307 0
-5.67981 -3.66631 0
-5.90153 -3.7843 0
-6.03324 -3.94383 0
-6.12413 -3.98419 0
-6.42833 -3.82816 0
-6.49992 -4.22376 0
-4.99723 -4.21687 0
-5.19334 -4.03024 0
-5.22734 -3.82296 0
-5.52343 -3.82294 0
-5.54984 -3.90451 0
-5.56786 -3.92227 0
-5.91049 -4.17177 0
-6.04813 -4.29993 0
-6.04859 -4.3004 0
-6.29464 -4.51154 0
-5.54247 -3.9135 0
-5.59086 -4.40338 0
-5.64119 -4.38382 0
-5.99976 -4.33747 0
-6.01838 -4.35146 0
-6.28955 -4.59211 0
-5.07337 -4.18635 0
-5.43323 -4.34483 0
-5.50055 -4.52337 0
-5.91223 -4.15174 0
-6.29315 -4.2353 0
-6.04062 -4.28565 0
-6.29389 -4.30992 0
-5.54623 -3.88572 0
-5.89259 -3.80471 0
-4.47429 -3.63822 0
-4.61862 -4.00967 0
-4.93282 -3.9926 0
-5.1891 -4.02184 0
-4.95348 -4.02783 0
-4.97144 -4.03644 0
-4.59999 -4.04417 0
-4.85923 -3.16976 0
-5.07669 -3.54397 0
-5.07711 -3.54873 0
-5.17761 -3.62653 0
-5.29738 -3.6379 0
-5.22676 -3.78402 0
-5.14214 -3.80879 0
-4.99348 -3.66298 0
-5.68276 -3.66553 0
-5.94928 -3.3205 0
-5.99213 -3.29929 0
-5.8783 -3.11237 0
-6.43631 -3.34459 0
-6.43396 -3.34463 0
-6.38869 -3.39397 0
-6.36294 -3.7217 0
-6.31914 -3.21523 0
-5.99236 -3.29956 0
-6.32206 -3.21288 0
-6.02058 -3.12354 0
-6.12602 -3.046 0
-6.02138 -3.67271 0
-5.97272 -3.32344 0
-6.01964 -3.67263 0
-5.96629 -3.3252 0
-6.50862 -3.72121 0
-6.4902 -3.72042 0
-6.59585 -3.66711 0
-6.50543 -3.69089 0
-6.59485 -3.66707 0
-6.58407 -3.65975 0
-6.47002 -3.73553 0
-6.69857 -4.05346 0
-5.71803 -3.36589 0
-5.64971 -3.4551 0
-5.28477 -3.14464 0
-5.11555 -3.24928 0
-4.8403 -3.04689 0
-5.17152 -2.83047 0
-5.24368 -2.9522 0
-5.02308 -2.79956 0
-5.23453 -2.95739 0
-5.16227 -2.8243 0
-5.024 -2.79892 0
-5.6553 -2.82186 0
-5.55317 -3.0378 0
-5.36177 -2.88083 0
-5.54597 -3.05087 0
-5.63786 -3.65683 0
-5.63654 -3.63836 0
-6.83855 -3.99158 0
-7.23671 -4.22304 0
-7.24928 -4.22222 0
-7.23384 -4.3243 0
-7.24796 -4.34084 0
-7.44327 -4.53211 0
-7.80339 -4.61971 0
-7.80395 -4.62046 0
-7.12174 -4.76165 0
-7.03698 -4.75074 0
-6.89976 -4.49823 0
-6.99033 -4.28322 0
-7.72957 -4.8453 0
-7.48205 -4.94193 0
-7.47981 -4.94097 0
-7.12496 -4.72197 0
-7.12492 -4.72199 0
-7.17362 -4.49875 0
-7.14843 -4.50667 0
-7.11159 -4.5166 0
-7.03087 -4.30112 0
-7.47742 -4.92722 0
-7.4245 -4.54304 0
-7.30344 -5.00407 0
-7.32639 -5.00758 0
-7.32653 -5.00759 0
-7.71556 -5.06022 0
-7.81185 -5.09075 0
-7.12221 -4.76012 0
-6.73555 -4.53412 0
-6.73498 -4.53409 0
-6.78999 -4.49111 0
-6.53993 -4.22471 0
-6.80165 -4.49116 0
-6.87615 -4.26363 0
-6.51796 -4.69791 0
-6.52909 -4.67078 0
-6.72643 -4.85915 0
-6.65858 -4.88714 0
-6.57421 -4.65572 0
-6.73182 -4.84966 0
-6.51761 -4.69759 0
-6.52904 -4.67077 0
-7.31192 -4.14682 0
-7.38695 -3.93974 0
-7.41144 -4.17547 0
-7.4512 -4.52057 0
-7.79981 -4.58489 0
-7.80435 -4.58481 0
-7.97618 -4.59562 0
-7.31282 -4.14709 0
-7.41931 -3.93284 0
-6.97343 -3.84917 0
-7.01271 -3.90058 0
-6.8548 -3.90307 0
-6.84567 -3.89926 0
-6.77837 -3.58731 0
-3.87335 -0.626507 0
-3.81141 -0.325358 0
-3.82525 -0.277591 0
-6.26845 -2.54979 0
-6.25612 -2.41235 0
-6.25713 -2.41159 0
-6.1738 -2.04276 0
-6.19168 -2.0006 0
-6.17483 -1.98042 0
-6.22216 -1.55843 0
-6.2304 -1.55167 0
-6.31913 -1.51054 0
-6.10229 -1.303 0
-6.36208 -0.907318 0
-6.59823 -0.739118 0
-6.34754 -0.530427 0
-6.36855 -0.457875 0
-6.37369 -0.33324 0
-7.63558 -0.757272 0
-7.74522 -1.07386 0
-7.591 -1.34446 0
-7.4658 -1.36714 0
-7.46706 -1.41843 0
-7.48219 -1.68581 0
-7.59479 -1.82177 0
-7.34603 -2.11852 0
-6.13062 -1.27493 0
-6.50247 -1.14117 0
-6.68186 -1.06838 0
-7.18139 -1.16454 0
-7.19031 -1.22524 0
-7.18278 -1.27039 0
-6.27828 -1.93822 0
-6.69151 -1.91092 0
-6.8788 -1.85848 0
-7.01898 -1.91057 0
-7.03904 -1.91284 0
-7.31405 -1.92247 0
-6.67151 -2.27079 0
-6.38569 -2.27058 0
-6.31835 -2.15358 0
-6.57404 -2.14301 0
-6.67866 -2.09708 0
-6.69364 -1.95371 0
-7.12268 -2.0093 0
-6.88105 -1.86432 0
-6.69255 -2.10904 0
-6.69342 -2.1078 0
-6.67474 -2.1213 0
-7.1441 -1.99365 0
-7.31312 -1.9229 0
-6.38654 -2.25999 0
-6.55259 -1.97743 0
-6.57335 -2.14309 0
-6.5513 -1.976 0
-6.34074 -2.14545 0
-6.27836 -1.93889 0
-6.29519 -2.68858 0
-6.29265 -2.57721 0
-6.33408 -2.54144 0
-6.38429 -2.27267 0
-6.51234 -2.43569 0
-6.36825 -2.59202 0
-6.36145 -2.59553 0
-6.25857 -2.41129 0
-6.28765 -2.56122 0
-6.28521 -2.56422 0
-6.94656 -1.63326 0
-6.90132 -1.25732 0
-7.06363 -1.84774 0
-7.10142 -1.59928 0
-7.10872 -1.57749 0
-7.39638 -1.75328 0
-6.95339 -1.27224 0
-6.94695 -1.63383 0
-6.27448 -1.69141 0
-6.64974 -1.40182 0
-6.90263 -1.27619 0
-6.94015 -1.61573 0
-6.7073 -1.04785 0
-6.93653 -1.02232 0
-6.93213 -0.982957 0
-6.90643 -0.613122 0
-6.90868 -0.610516 0
-6.77081 -0.464842 0
-6.95186 -0.21676 0
-7.36685 -0.793783 0
-7.21653 -1.09983 0
-7.21619 -1.09962 0
-6.96193 -0.964849 0
-7.35376 -0.777884 0
-6.96531 -0.949797 0
-7.37243 -0.766985 0
-7.37378 -0.771284 0
-7.31138 -1.23538 0
-7.33059 -1.24146 0
-7.17726 -1.12645 0
-6.93666 -1.0223 0
-6.89329 -1.03285 0
-6.67815 -0.572412 0
-6.61031 -0.712609 0
-6.45074 -0.608438 0
-6.66471 -0.569482 0
-6.58865 -0.638856 0
-6.45071 -0.608259 0
-6.76502 -0.459994 0
-6.76868 -0.421083 0
-6.37776 -0.326678 0
-6.43236 -0.377758 0
-6.51279 -0.0176213 0
-6.6093 -0.737336 0
-6.36166 -0.909172 0
-6.67927 -0.772067 0
-6.48324 -0.926256 0
-6.48722 -1.06133 0
-6.6624 -0.76935 0
-6.45658 -0.918381 0
-9.07406 -1.68542 0
-8.95012 -1.73007 0
-8.67435 -1.67203 0
-8.67381 -1.67198 0
-8.27847 -1.598 0
-8.27449 -1.59723 0
-7.97865 -1.46761 0
-7.91432 -1.49936 0
-7.84065 -1.45128 0
-7.46983 -1.42426 0
-8.22708 -1.31222 0
-8.22822 -1.3101 0
-8.07629 -1.0806 0
-8.06631 -1.00384 0
-9.07398 -1.68282 0
-8.70608 -1.53205 0
-8.70959 -1.51896 0
-8.47804 -1.33769 0
-8.31298 -1.32196 0
-8.47883 -1.28917 0
-8.72963 -1.49496 0
-9.01073 -1.37475 0
-9.09755 -1.50252 0
-9.09792 -1.50253 0
-8.43777 -1.27927 0
-8.345 -0.875311 0
-8.59254 -1.51542 0
-8.36623 -1.49291 0
-8.61147 -1.52519 0
-8.66759 -1.65039 0
-8.06304 -1.10049 0
-7.95411 -1.22438 0
-7.72785 -1.36268 0
-7.97993 -1.09308 0
-7.96025 -1.06305 0
-8.06389 -1.09547 0
-8.06277 -0.999014 0
-7.79584 -1.09951 0
-7.79307 -1.09298 0
-7.84171 -1.44891 0
-7.72719 -1.3643 0
-7.86229 -1.4382 0
-7.99617 -1.87073 0
-7.99734 -1.86548 0
-8.4322 -1.91413 0
-8.2564 -1.67912 0
-8.47457 -1.7954 0
-8.57157 -1.97074 0
-8.60594 -1.8556 0
-8.60513 -1.85451 0
-8.29676 -2.12139 0
-8.03553 -1.82707 0
-8.14037 -1.7942 0
-8.03553 -1.82695 0
-7.48233 -1.68436 0
-7.66236 -1.8264 0
-7.82929 -1.90783 0
-7.68697 -2.01203 0
-7.48288 -2.14854 0
-7.60221 -1.8918 0
-7.81591 -1.50273 0
-7.72189 -2.01296 0
-5.9776 -2.10329 0
-5.63147 -1.98937 0
-5.36898 -2.00252 0
-5.34577 -1.98784 0
-5.2554 -1.89718 0
-5.25445 -1.89668 0
-5.18307 -0.301559 0
-5.37066 -0.673582 0
-5.46603 -0.735191 0
-5.1382 -0.751918 0
-5.40889 -0.956437 0
-5.20323 -1.35567 0
-5.32904 -1.46556 0
-5.47797 -1.70192 0
-4.05123 -0.468928 0
-4.25303 -0.566189 0
-4.63178 -0.698895 0
-4.65199 -0.711065 0
-4.81943 -0.69132 0
-5.4331 -0.735772 0
-5.09361 -0.748937 0
-4.94108 -1.11083 0
-5.00846 -1.3104 0
-5.07052 -1.66565 0
-5.07035 -1.66593 0
-4.92417 -1.28237 0
-4.65109 -0.735179 0
-4.86281 -1.24451 0
-4.95484 -1.66364 0
-4.45583 -0.409843 0
-4.54638 -0.302973 0
-5.18126 -0.300901 0
-5.04944 -0.509784 0
-4.96962 -0.0837655 0
-4.91194 -0.529048 0
-4.05949 -0.406425 0
-4.20104 -0.0847192 0
-4.36084 -0.48517 0
-4.34951 -0.38867 0
-3.99675 -0.416148 0
-4.16766 0.00766582 0
-6.21011 -0.823528 0
-5.94372 -0.877515 0
-5.69865 -0.824189 0
-5.44435 -0.794822 0
-5.69892 -0.823761 0
-5.80881 -0.603752 0
-5.8482 -0.338661 0
-6.0893 -0.581314 0
-5.81232 -0.602303 0
-5.83743 -0.570363 0
-5.87654 -0.558706 0
-6.24201 -0.304965 0
-6.2216 -0.810532 0
-5.76839 -0.809629 0
-5.79453 -0.587572 0
-5.49551 -0.743157 0
-5.66395 -0.0651059 0
-5.32906 -1.46553 0
-5.74595 -1.52496 0
-5.99502 -1.35174 0
-6.11574 -1.5767 0
-5.50409 -1.70156 0
-5.48348 -1.70775 0
-5.8325 -1.82945 0
-5.87802 -1.8057 0
-5.71749 -1.45582 0
-5.465 -0.994527 0
-5.94202 -1.23021 0
-6.11891 -1.55371 0
-6.03523 -1.28953 0
-5.94554 -1.17898 0
-5.47173 -1.31389 0
-5.45364 -0.984519 0
-5.57953 -2.17932 0
-5.58504 -2.19329 0
-5.58352 -2.20195 0
-5.42489 -2.38546 0
-5.05945 -2.26757 0
-5.36006 -2.01702 0
-5.09846 -2.53465 0
-5.41012 -2.33844 0
-5.41541 -2.3818 0
-5.14398 -2.55968 0
-5.36469 -2.00901 0
-5.07808 -2.24868 0
-5.95807 -2.32592 0
-5.83813 -2.43606 0
-5.97696 -2.1043 0
-5.99233 -2.28074 0
-5.77374 -2.09887 0
-5.77615 -2.10245 0
-5.83529 -2.43923 0
-5.85654 -2.46152 0
-5.848 -2.49272 0
-5.82466 -2.47129 0
-2.89211 -0.696851 0
-3.14274 -0.166536 0
-3.14298 -0.153787 0
-3.14282 -0.16666 0
-3.4729 -0.506061 0
-3.72788 -0.566689 0
-3.38276 -0.583203 0
-3.20013 -0.719774 0
-3.82532 -0.624566 0
-3.41471 -0.222578 0
-3.57618 0.0993303 0
-3.14872 -0.155029 0
-2.88981 -0.701254 0
-2.89591 -0.462563 0
-2.79059 -0.355793 0
-2.60035 -0.230385 0
-2.49666 -0.41815 0
-2.31045 -0.525862 0
-2.11247 -0.158306 0
-2.11219 -0.158332 0
-1.80828 -0.134571 0
-2.21697 -0.189865 0
-2.42363 -0.336566 0
-2.30639 -0.525407 0
-2.2265 -0.232726 0
-2.41945 -0.324491 0
-2.3186 -0.143281 0
-2.83559 -0.690757 0
-2.46728 -0.827365 0
-2.78343 -0.365292 0
-2.51438 -0.436047 0
-2.78337 -0.365097 0
-2.69098 -0.372947 0
-0.422574 -6.94091 0
-0.477204 -6.75468 0
-0.358976 -6.57352 0
-0.363511 -6.45304 0
-0.380109 -6.26136 0
-0.409355 -5.8731 0
-0.285257 -5.50383 0
-0.245365 -5.38191 0
-0.242491 -5.37211 0
-0.277055 -5.05833 0
-0.3496 -4.81518 0
-0.557511 -4.67487 0
-0.0466776 -3.9676 0
-0.0338247 -3.94667 0
-0.0339742 -3.94272 0
0.016926 -3.66998 0
-0.020891 -3.55192 0
-0.0213963 -3.53887 0
0.118385 -3.06381 0
0.118359 -3.06371 0
0.12037 -2.77412 0
0.0403137 -2.57993 0
0.0818113 -2.508 0
-0.247416 -2.1933 0
-0.37785 -1.95984 0
-2.12203 -5.03992 0
-2.17746 -5.31953 0
-2.15876 -5.3716 0
-2.22713 -5.4271 0
-2.21307 -5.89257 0
-2.21008 -5.90712 0
-2.39632 -6.1983 0
-2.26683 -6.28714 0
-2.29905 -6.45192 0
-2.22846 -6.51488 0
-2.08001 -6.80572 0
-2.37986 -7.01626 0
-2.38001 -7.02012 0
-2.47213 -7.27222 0
-2.42574 -7.50748 0
-2.50191 -7.65159 0
-2.50156 -7.65217 0
-2.48558 -7.70345 0
-2.40652 -7.96879 0
-2.69932 -8.24483 0
-2.76802 -8.33145 0
-2.69508 -8.45537 0
-2.65172 -8.76314 0
-2.49283 -8.96067 0
-1.85418 -5.17485 0
-1.5636 -5.10069 0
-1.55651 -5.07256 0
-1.31323 -5.15054 0
-0.943784 -5.01971 0
-0.836128 -5.11039 0
-0.617858 -5.36756 0
-0.447747 -5.29849 0
-0.476745 -3.40143 0
-0.492149 -3.33247 0
-0.463914 -3.34224 0
-0.318193 -3.31423 0
-1.20852 -1.22379 0
-1.21045 -1.22608 0
-1.46639 -1.29253 0
-1.49733 -1.32531 0
-1.65699 -1.42095 0
-1.70699 -1.70445 0
-0.725826 -1.09197 0
-0.840977 -1.46002 0
-0.85678 -1.59072 0
-0.606731 -1.6823 0
-0.759845 -1.92918 0
-0.738066 -2.00186 0
-0.567013 -2.27074 0
-0.574447 -2.28929 0
-0.854526 -2.65657 0
-0.562447 -3.15128 0
-0.557063 -3.15518 0
-0.417228 -2.42604 0
-0.266014 -2.20765 0
-0.465511 -1.93413 0
-0.462579 -1.93552 0
-0.543003 -1.53372 0
-0.590515 -1.68558 0
-0.796602 -1.441 0
-0.716951 -1.09075 0
-0.256107 -2.18695 0
-0.41764 -2.4244 0
-0.387088 -2.79961 0
-0.405633 -2.80458 0
-0.317972 -3.31333 0
-0.388851 -2.91707 0
-0.390984 -2.91819 0
-0.480307 -3.07964 0
-0.305224 -2.59305 0
-0.407441 -2.77916 0
-0.998165 -1.27951 0
-0.983368 -1.32743 0
-1.0434 -1.66576 0
-1.19 -1.68899 0
-1.22061 -1.91845 0
-1.22018 -1.91978 0
-1.35563 -2.18582 0
-0.750498 -1.99788 0
-1.21835 -1.92276 0
-1.18037 -2.29528 0
-1.08793 -2.38539 0
-0.889312 -1.77721 0
-0.878898 -1.76451 0
-0.856856 -1.59075 0
-0.898443 -1.76213 0
-0.982501 -1.32882 0
-0.843989 -1.47308 0
-0.803782 -1.91766 0
-0.765873 -1.92623 0
-1.40424 -1.63091 0
-1.34817 -1.79461 0
-1.09785 -1.49809 0
-1.42069 -1.52187 0
-1.19228 -1.66559 0
-1.42272 -1.5554 0
-1.27476 -1.36138 0
-1.14497 -1.35018 0
-1.60339 -1.8561 0
-1.6231 -1.7124 0
-1.57241 -2.1853 0
-1.80873 -0.962979 0
-1.80088 -0.965388 0
-1.80055 -0.966349 0
-1.41909 -1.2284 0
-1.69778 -0.6009 0
-1.46129 -0.762382 0
-1.4695 -0.781241 0
-1.22372 -1.07029 0
-1.43425 -0.490714 0
-1.31467 -0.59384 0
-1.15827 -0.716586 0
-1.39876 -0.496501 0
-1.16118 -0.671583 0
-1.31814 -0.811662 0
-1.32133 -0.636767 0
-1.66124 -0.582457 0
-1.56859 -0.879111 0
-1.55861 -0.876364 0
-1.41426 -1.22371 0
-1.7045 -0.606471 0
-1.763 -1.20048 0
-1.78349 -1.24533 0
-1.9887 -1.41176 0
-1.69138 -1.42666 0
-1.76156 -1.20089 0
-1.74159 -1.70068 0
-2.12095 -1.08917 0
-1.79302 -1.24172 0
-1.9673 -1.08884 0
-1.76417 -1.19897 0
-2.07041 -1.28347 0
-2.08692 -1.24127 0
-0.480737 -3.39523 0
-0.299806 -3.3385 0
-0.53149 -4.96369 0
-0.356913 -4.8175 0
-0.668312 -4.63086 0
-0.548987 -4.45772 0
-0.772952 -4.01995 0
-0.211895 -3.8753 0
-1.53165 -5.01313 0
-1.17438 -4.74788 0
-0.83291 -5.08231 0
-0.728791 -4.91636 0
-0.715288 -4.90863 0
-0.684809 -4.60938 0
-0.756397 -4.6417 0
-0.674247 -4.64781 0
-0.848451 -5.01446 0
-0.620381 -4.35364 0
-0.714943 -4.9102 0
-0.730523 -4.91995 0
-1.55272 -5.03062 0
-0.407886 -6.51883 0
-0.710801 -6.59693 0
-0.784935 -6.80986 0
-1.09025 -6.48495 0
-1.26363 -6.49346 0
-1.46942 -6.55901 0
-1.54032 -6.51324 0
-1.92032 -6.44566 0
-1.92053 -6.44519 0
-2.17136 -6.5453 0
-2.26694 -7.30884 0
-2.00565 -7.04759 0
-1.8201 -7.4517 0
-1.72061 -7.58473 0
-1.44457 -7.46385 0
-1.46957 -6.55926 0
-1.49497 -7.12932 0
-1.49248 -7.14453 0
-1.38148 -7.26275 0
-0.75973 -6.88107 0
-1.14412 -6.81585 0
-1.14692 -6.82134 0
-0.542797 -6.95628 0
-0.535236 -6.73106 0
-0.690446 -6.92716 0
-0.572734 -6.9223 0
-0.540288 -6.73663 0
-1.72451 -6.76256 0
-1.89181 -6.7822 0
-1.9077 -6.79812 0
-2.07175 -6.80965 0
-1.99865 -7.03924 0
-1.99865 -7.03922 0
-2.1581 -7.02533 0
-2.26924 -7.11333 0
-1.6337 -7.02182 0
-1.64573 -7.0299 0
-1.69033 -7.26348 0
-1.69589 -7.2709 0
-1.8917 -6.7804 0
-2.17049 -6.54896 0
-2.06523 -6.53204 0
-1.72098 -6.75178 0
-2.46644 -8.97433 0
-2.6338 -8.75634 0
-2.19899 -8.5326 0
-2.32608 -8.26094 0
-2.16752 -8.30092 0
-2.23527 -8.01505 0
-2.04961 -7.87581 0
-2.04196 -7.8642 0
-1.98711 -7.65084 0
-1.82061 -7.46095 0
-2.39462 -7.97044 0
-2.29976 -7.98194 0
-2.25231 -7.3759 0
-2.48721 -7.65208 0
-2.32492 -7.86034 0
-1.98732 -7.64996 0
-2.04084 -7.84918 0
-1.86434 -7.45787 0
-2.39478 -7.97056 0
-2.30246 -7.98611 0
-2.28811 -8.24545 0
-2.43421 -8.14772 0
-2.32455 -8.25438 0
-2.33445 -8.2506 0
-1.74535 -8.08326 0
-2.00942 -7.95039 0
-2.05284 -7.9625 0
-2.08257 -8.2871 0
-2.0065 -8.53571 0
-2.11873 -8.50304 0
-2.07179 -8.6515 0
-2.18336 -8.53236 0
-1.97636 -8.49054 0
-2.13222 -8.34421 0
-2.10029 -8.03209 0
-1.74947 -8.08947 0
-1.53326 -7.8367 0
-1.79564 -7.7567 0
-2.0031 -7.79255 0
-1.79555 -7.75871 0
-1.67689 -7.83692 0
-2.03788 -7.86569 0
-1.61892 -7.621 0
-1.62158 -7.62095 0
-1.72094 -7.5909 0
-1.40673 -7.58429 0
-1.55123 -7.6002 0
-1.27682 -5.16448 0
-1.09063 -5.53779 0
-1.66049 -5.61096 0
-1.60073 -5.96781 0
-1.39906 -6.15083 0
-1.49711 -6.46333 0
-0.43879 -5.91255 0
-0.459847 -5.90963 0
-0.857624 -5.69616 0
-1.11929 -5.58158 0
-1.31164 -6.22394 0
-1.31177 -6.22634 0
-1.08096 -6.47999 0
-0.842943 -6.24611 0
-0.844248 -6.23837 0
-0.89237 -6.4938 0
-0.845687 -6.2392 0
-0.365781 -6.44528 0
-0.374229 -6.37293 0
-1.39707 -6.15021 0
-1.35367 -6.10901 0
-1.32634 -6.47046 0
-0.763747 -5.70375 0
-0.764532 -5.70162 0
-1.09011 -5.53807 0
-0.857607 -5.69601 0
-1.14325 -5.19183 0
-0.947956 -5.34762 0
-0.451546 -5.89074 0
-0.446405 -5.30667 0
-1.70492 -5.52771 0
-1.80807 -5.6846 0
-1.82655 -5.68281 0
-1.86961 -6.3204 0
-1.87393 -6.09364 0
-1.87542 -6.07954 0
-1.84698 -6.04049 0
-1.98894 -6.15228 0
-1.99355 -6.05087 0
-2.05562 -6.34067 0
-2.06707 -6.26735 0
-1.72426 -6.09192 0
-1.67925 -6.34698 0
-1.8638 -6.32184 0
-1.68676 -6.26632 0
-1.67319 -6.26429 0
-1.80132 -6.05653 0
-1.619 -5.39371 0
-1.72683 -5.48001 0
-1.61302 -5.40484 0
-1.71694 -5.48875 0
-1.83251 -5.21725 0
-1.84199 -5.40017 0
-5.19879 -5.83176 0
-5.19877 -5.83177 0
-4.76914 -5.97888 0
-4.73877 -5.9732 0
-4.48157 -6.25498 0
-4.48829 -6.2668 0
-4.34606 -6.24166 0
-4.3023 -6.63616 0
-4.34113 -6.2402 0
-4.1315 -6.08069 0
-4.1288 -6.07757 0
-4.03539 -5.82881 0
-4.01346 -5.51564 0
-3.86044 -5.57255 0
-3.66343 -5.41039 0
-3.57673 -5.29736 0
-3.59737 -5.26717 0
-3.55051 -4.93028 0
-3.4246 -4.86654 0
-3.40143 -4.5947 0
-5.02871 -5.7975 0
-4.89825 -5.74901 0
-4.86101 -5.52516 0
-4.57142 -5.41245 0
-4.58074 -5.28672 0
-4.41471 -5.23713 0
-4.35869 -5.19705 0
-4.3286 -4.89145 0
-4.19594 -4.77813 0
-4.22651 -4.59603 0
-4.13536 -4.31533 0
-4.08623 -4.29361 0
-4.0541 -4.02772 0
-4.13566 -4.30254 0
-4.17045 -4.30438 0
-4.36829 -4.61311 0
-4.61353 -4.67811 0
-4.85367 -4.50084 0
-4.92891 -4.67585 0
-4.95132 -4.93338 0
-4.55094 -5.15847 0
-4.92475 -4.68179 0
-4.57962 -5.41019 0
-4.65628 -5.26028 0
-4.95131 -4.93338 0
-5.15314 -5.76359 0
-5.13157 -5.34226 0
-5.14804 -5.70109 0
-4.39899 -4.6646 0
-4.2146 -4.78838 0
-4.39042 -4.65497 0
-4.22655 -4.59609 0
-4.6519 -4.70689 0
-4.71461 -4.74629 0
-4.5189 -5.09919 0
-4.33184 -4.88657 0
-4.43447 -4.18148 0
-4.13374 -3.8012 0
-4.43338 -4.1816 0
-4.98218 -4.64335 0
-4.99439 -4.52871 0
-5.00868 -4.72644 0
-5.0204 -4.72857 0
-4.49005 -4.30583 0
-4.60854 -4.63992 0
-4.86798 -4.48467 0
-4.92589 -4.38533 0
-4.74765 -4.3891 0
-4.25577 -5.25545 0
-4.04092 -5.35531 0
-4.03017 -5.35874 0
-3.9583 -5.35033 0
-3.90458 -4.8411 0
-3.90081 -4.84111 0
-3.69913 -4.65275 0
-3.69449 -4.6828 0
-3.44849 -4.48257 0
-3.67801 -4.69941 0
-3.92305 -5.12233 0
-3.93495 -5.09989 0
-4.14038 -5.21861 0
-4.17026 -5.18604 0
-4.06112 -5.11027 0
-3.93354 -4.90932 0
-4.24391 -5.22351 0
-4.24364 -5.22331 0
-3.98135 -5.10885 0
-3.98089 -5.11046 0
-4.12102 -5.20805 0
-3.93154 -4.90699 0
-3.78029 -5.28458 0
-3.75181 -5.27366 0
-4.3269 -5.8319 0
-4.35053 -5.81384 0
-4.3511 -5.79264 0
-4.83561 -5.5261 0
-4.55897 -5.76877 0
-4.55968 -5.76681 0
-4.89261 -5.88602 0
-4.56695 -5.76235 0
-4.50325 -5.84909 0
-4.39328 -6.19512 0
-4.34153 -6.13591 0
-4.35005 -6.22209 0
-4.32149 -5.65425 0
-4.29433 -5.73994 0
-4.14047 -5.77609 0
-4.14245 -5.77313 0
-4.01658 -5.49104 0
-4.07507 -5.80342 0
-4.54503 -5.40744 0
-4.54461 -5.41483 0
-2.39912 -4.78893 0
-2.65587 -4.9929 0
-2.745 -5.32815 0
-2.74519 -5.33017 0
-2.81075 -5.63654 0
-2.71603 -5.85445 0
-2.71232 -5.90555 0
-2.74127 -6.1512 0
-2.5919 -6.34958 0
-2.49502 -6.37628 0
-2.49681 -6.37614 0
-2.5316 -6.34061 0
-2.64724 -7.66965 0
-2.60851 -7.28357 0
-2.59581 -7.26791 0
-2.57433 -6.93848 0
-2.57461 -6.93689 0
-2.6409 -6.73427 0
-2.59707 -6.57188 0
-2.62296 -6.57398 0
-2.80455 -8.14595 0
-2.74467 -8.25569 0
-2.75183 -8.26241 0
-2.6363 -7.68076 0
-2.58616 -7.73125 0
-2.79615 -5.65168 0
-2.3473 -5.30021 0
-2.26728 -4.91908 0
-2.34536 -5.29487 0
-2.58487 -5.34107 0
-2.58611 -6.11404 0
-2.59066 -5.92216 0
-2.66887 -6.12076 0
-2.66742 -6.11532 0
-2.46936 -6.32884 0
-2.42023 -6.18269 0
-2.93966 -5.74828 0
-2.94248 -5.74842 0
-3.0697 -5.58675 0
-3.13185 -5.52628 0
-3.47433 -5.51071 0
-3.49311 -5.25043 0
-3.49888 -5.97126 0
-3.48396 -5.94645 0
-3.35685 -5.6132 0
-3.6782 -5.96602 0
-3.68517 -5.96169 0
-3.87939 -6.12951 0
-3.72355 -6.08166 0
-3.97893 -6.49841 0
-3.88284 -6.13479 0
-3.81933 -5.60777 0
-3.66334 -5.41033 0
-3.78418 -5.60492 0
-3.50749 -5.53199 0
-2.9138 -6.17028 0
-3.03512 -6.14045 0
-3.03917 -6.11751 0
-3.25894 -6.03156 0
-3.12722 -6.22098 0
-3.13159 -6.19472 0
-3.13179 -6.19242 0
-3.04746 -5.91697 0
-3.03376 -5.88684 0
-3.07433 -5.59875 0
-3.14887 -5.77396 0
-3.03342 -5.88682 0
-2.98329 -6.11521 0
-2.90556 -6.13999 0
-3.14865 -5.45178 0
-3.0575 -5.17264 0
-3.03715 -5.11439 0
-3.07186 -5.04629 0
-2.69032 -4.87114 0
-3.2774 -4.76932 0
-3.26296 -4.98536 0
-3.18476 -5.19944 0
-3.08233 -5.04425 0
-3.18145 -5.19862 0
-3.15107 -5.45144 0
-3.08134 -5.03983 0
-2.99689 -4.85488 0
-3.49295 -5.24627 0
-3.35486 -5.08742 0
-3.38616 -4.89822 0
-2.76334 -5.34959 0
-2.62332 -4.9217 0
-2.70413 -4.98456 0
-2.84606 -5.58878 0
-2.8343 -5.65381 0
-3.07863 -5.45987 0
-2.92925 -5.25498 0
-5.5015 -7.38438 0
-5.51796 -7.215 0
-5.58661 -7.05974 0
-5.29496 -7.07608 0
-5.0717 -7.01993 0
-4.97011 -6.70358 0
-5.06807 -6.44503 0
-4.80624 -6.23644 0
-4.80455 -6.23523 0
-5.16041 -6.37492 0
-5.28559 -6.32333 0
-5.73698 -7.29383 0
-5.55096 -7.22075 0
-5.69929 -7.04142 0
-5.55864 -6.86967 0
-5.16758 -6.96338 0
-5.41198 -6.5206 0
-5.55145 -6.83534 0
-5.56007 -6.86807 0
-5.42447 -6.5186 0
-5.24421 -6.09729 0
-5.23807 -6.11241 0
-5.04652 -6.07979 0
-4.89888 -6.07278 0
-5.20199 -5.83628 0
-5.19876 -6.07418 0
-5.04507 -6.07597 0
-5.1706 -6.32883 0
-5.17565 -6.33285 0
-5.06925 -6.41449 0
-5.06925 -6.4145 0
-5.41446 -6.16446 0
-5.21818 -6.21389 0
-5.28571 -6.32136 0
-5.40956 -6.19377 0
-4.65125 -6.79565 0
-4.67985 -6.77118 0
-4.69284 -6.76525 0
-4.92456 -6.76254 0
-4.87446 -7.15036 0
-5.27145 -7.08762 0
-5.39279 -7.13826 0
-5.4236 -7.16763 0
-5.49719 -7.38775 0
-4.87238 -7.15126 0
-5.11534 -7.4223 0
-5.38956 -7.35868 0
-5.39967 -7.39052 0
-5.46166 -7.58898 0
-4.9443 -7.22168 0
-4.68388 -7.06369 0
-4.68198 -7.0619 0
-4.64809 -6.47656 0
-4.65498 -6.43726 0
-4.68809 -6.25833 0
-4.64883 -6.47625 0
-4.40553 -6.7345 0
-4.40561 -6.73435 0
-4.31389 -6.68421 0
-4.19064 -6.71244 0
-4.18801 -6.7032 0
-4.2953 -6.7364 0
-4.30991 -6.7243 0
2.39356 -6.53271 0
2.55671 -6.37086 0
2.12695 -6.00867 0
2.30757 -5.84582 0
2.30793 -5.84533 0
2.11156 -5.15393 0
2.1154 -5.14227 0
2.09568 -5.11328 0
2.09362 -5.84549 0
1.97125 -6.11683 0
1.6006 -5.80624 0
1.52273 -6.34708 0
1.32572 -5.93675 0
0.957156 -6.37918 0
0.659967 -6.35927 0
0.626231 -6.37274 0
0.208137 -6.25626 0
0.0839831 -6.0959 0
-0.162726 -6.89679 0
-0.044559 -7.02589 0
0.00529222 -7.0279 0
0.314658 -6.97123 0
0.43072 -7.11601 0
0.534057 -7.0891 0
0.751295 -6.97962 0
0.963702 -7.14077 0
1.15692 -7.28463 0
1.22063 -7.16859 0
0.956851 -6.37966 0
1.04341 -6.53915 0
1.03066 -6.80354 0
0.926366 -6.89555 0
1.66255 -6.71453 0
1.66251 -6.71425 0
1.56407 -6.45673 0
1.53752 -6.39355 0
1.28868 -6.72285 0
1.2881 -6.72313 0
1.06369 -6.8224 0
1.30382 -6.74438 0
1.32104 -6.75134 0
0.96081 -6.91788 0
1.1021 -6.45033 0
1.46736 -6.39618 0
1.47452 -6.39151 0
1.07867 -6.49514 0
1.59708 -6.43277 0
1.9286 -6.56131 0
1.97903 -6.14882 0
1.97391 -6.11991 0
1.90576 -6.12738 0
1.97647 -6.11984 0
2.14781 -6.61149 0
2.14994 -6.61134 0
1.83207 -6.55609 0
1.76976 -6.62799 0
1.90718 -6.7816 0
1.83487 -6.55715 0
0.588824 -6.44044 0
0.331626 -6.74893 0
0.454187 -7.09818 0
0.720172 -6.93582 0
0.72856 -6.72443 0
0.72819 -6.7234 0
0.631248 -6.47169 0
0.53238 -7.08895 0
0.649288 -6.79367 0
-0.131265 -6.55415 0
-0.0315698 -6.47912 0
0.261973 -6.70704 0
0.292559 -6.75237 0
0.152014 -6.27596 0
-0.0315362 -6.47903 0
0.18982 -6.27637 0
0.301275 -6.52905 0
0.351848 -6.55674 0
-0.132527 -6.55329 0
0.147661 -6.2769 0
0.109828 -6.77504 0
0.312194 -6.94715 0
0.0359465 -6.74054 0
0.0391336 -6.74037 0
0.224016 -7.90527 0
0.229133 -7.91167 0
0.482668 -7.68005 0
0.640183 -7.73228 0
0.758807 -7.67411 0
0.993377 -7.59597 0
0.993488 -7.59562 0
1.25564 -7.46629 0
1.40906 -7.50674 0
0.684669 -7.67884 0
0.532901 -7.40953 0
0.547648 -7.31456 0
0.424749 -7.16 0
0.090769 -7.26716 0
0.127589 -7.27827 0
0.545736 -7.31625 0
0.0320838 -7.08979 0
0.173514 -7.23059 0
0.423694 -7.1606 0
0.0299381 -7.07643 0
0.1823 -7.15409 0
0.343162 -7.62889 0
0.0792457 -7.40761 0
0.0511824 -7.41795 0
0.320238 -7.65399 0
0.466607 -7.42837 0
0.482917 -7.67484 0
1.22705 -7.17527 0
1.23848 -7.45073 0
0.75746 -7.42909 0
0.738756 -7.42607 0
0.737207 -7.42684 0
0.99539 -7.58222 0
1.24337 -7.4594 0
1.46015 -7.39711 0
0.740088 -7.42705 0
0.750551 -7.66783 0
0.852389 -7.18322 0
0.68976 -7.28059 0
0.858408 -7.18144 0
0.823831 -7.2214 0
0.687499 -7.28171 0
0.526625 -7.19202 0
0.990286 -9.24189 0
0.721032 -8.90485 0
0.953667 -8.66518 0
0.931066 -8.64152 0
0.989063 -8.44037 0
0.893626 -8.39984 0
0.83726 -8.23513 0
0.681797 -8.10839 0
0.676706 -8.03889 0
0.568468 -8.33948 0
0.441607 -8.39744 0
0.416297 -8.32038 0
0.22854 -8.22685 0
0.681755 -9.19252 0
0.689983 -8.87872 0
0.518343 -8.72206 0
0.471211 -8.6674 0
0.518376 -8.72211 0
0.638369 -8.87197 0
0.679125 -9.19435 0
0.673611 -9.1991 0
0.34198 -8.5741 0
0.341972 -8.57409 0
0.914153 -8.48292 0
0.754392 -8.74793 0
0.779149 -8.76673 0
0.513988 -8.03629 0
0.528575 -8.24745 0
0.554918 -8.26084 0
0.579348 -8.03887 0
0.577913 -8.03789 0
0.630044 -8.24557 0
0.180096 -8.12997 0
0.179924 -8.12994 0
0.416476 -8.31863 0
0.191051 -8.14783 0
0.198574 -8.04367 0
0.15163 -8.08664 0
1.28973 -8.28166 0
0.926423 -8.22935 0
0.839868 -8.23449 0
1.29937 -8.63776 0
0.989064 -8.44037 0
1.06422 -8.61525 0
1.07228 -8.69124 0
1.02774 -8.58178 0
1.11177 -8.28092 0
1.28948 -8.28493 0
1.31587 -8.33573 0
0.953397 -8.41171 0
1.07371 -7.88223 0
1.02709 -8.11771 0
1.33708 -7.866 0
1.37887 -7.83164 0
1.2438 -7.53223 0
1.33859 -7.86822 0
1.06237 -7.8854 0
1.02603 -8.06594 0
0.689484 -3.71708 0
0.251807 -3.6023 0
0.0839629 -3.82049 0
0.582121 -4.21773 0
0.586169 -4.22639 0
0.598929 -4.57014 0
0.639598 -4.5915 0
0.671482 -5.21502 0
0.668625 -5.22105 0
0.707673 -5.3718 0
0.550473 -5.44968 0
0.90185 -6.11338 0
0.938652 -5.46953 0
1.03374 -5.52321 0
1.15441 -5.25333 0
1.66323 -5.23128 0
1.68738 -5.23934 0
1.7328 -5.18012 0
1.8567 -4.80848 0
1.69477 -5.07327 0
1.22572 -4.86714 0
1.2952 -4.88532 0
1.30876 -4.92941 0
0.642533 -4.59199 0
0.777196 -5.20222 0
0.970646 -5.20766 0
1.12673 -5.20808 0
1.7065 -5.08636 0
1.58793 -5.74839 0
1.71495 -5.62158 0
1.71514 -5.62062 0
1.0338 -5.52368 0
1.32189 -5.89248 0
1.411 -5.47633 0
1.57927 -5.71178 0
1.58691 -5.74441 0
1.3925 -5.4879 0
1.32565 -5.87905 0
1.03633 -6.09282 0
0.943177 -5.47364 0
1.91861 -5.62653 0
1.82415 -5.64069 0
2.08602 -5.83692 0
1.95682 -6.09478 0
1.81517 -5.62425 0
2.11032 -5.13922 0
0.422109 -5.13075 0
-0.24191 -5.07594 0
0.452513 -5.43476 0
0.262856 -5.7132 0
0.203087 -5.68092 0
0.309423 -6.02 0
0.0861278 -6.07992 0
0.351997 -6.03189 0
0.4437 -5.18638 0
0.250344 -5.65495 0
0.04159 -5.41545 0
0.0713951 -5.28918 0
0.0902786 -5.29177 0
0.341808 -4.59191 0
0.32706 -4.30702 0
0.0629736 -4.76325 0
0.0638424 -4.84998 0
0.51297 -5.09243 0
0.332823 -4.59761 0
0.0845066 -3.82202 0
0.327468 -4.30331 0
0.372912 -4.29135 0
0.252164 -3.61309 0
0.438524 -3.00845 0
0.294319 -3.00456 0
0.292253 -2.99833 0
0.336228 -3.18249 0
0.330331 -3.43867 0
0.25045 -3.58883 0
0.404885 -3.45617 0
0.402651 -3.43431 0
0.406949 -3.45951 0
0.330329 -3.43867 0
0.329869 -3.18166 0
0.210452 -3.62692 0
0.420952 -2.94578 0
0.420505 -2.94581 0
0.438175 -2.78336 0
0.485133 -2.71547 0
0.209996 -2.34053 0
0.538335 -2.27635 0
0.240289 -2.08185 0
0.242379 -2.0777 0
0.167319 -2.02154 0
0.166043 -2.01934 0
0.155131 -2.00729 0
0.249443 -2.05924 0
0.17313 -2.33471 0
0.173118 -2.33472 0
0.508539 -2.69927 0
0.611116 -2.48714 0
0.563426 -2.2832 0
0.564449 -2.76842 0
0.671522 -2.65965 0
0.683918 -2.67262 0
0.69002 -2.75108 0
4.21333 -5.54261 0
3.82331 -5.54391 0
3.73939 -5.42353 0
3.89349 -5.08115 0
3.60529 -4.86319 0
3.60503 -4.86143 0
3.21858 -4.72614 0
2.94405 -7.07328 0
2.94547 -7.0734 0
3.14938 -7.07545 0
3.29924 -6.79075 0
3.52166 -6.7833 0
3.58424 -6.74196 0
3.73369 -6.52376 0
3.91779 -6.65053 0
2.49525 -5.14834 0
2.5361 -5.17781 0
2.87959 -5.33712 0
2.97169 -5.58899 0
3.01359 -5.8736 0
3.01624 -5.87883 0
3.18493 -6.19355 0
3.16439 -6.22119 0
3.33591 -6.32332 0
3.33609 -6.32398 0
3.52227 -6.78198 0
3.73921 -5.4235 0
3.72864 -5.42958 0
3.51284 -5.48957 0
3.02001 -5.55647 0
3.56224 -5.5553 0
3.64753 -5.73094 0
3.62759 -6.03101 0
3.59701 -6.06768 0
3.75072 -6.25708 0
3.79318 -6.26072 0
4.15218 -6.33308 0
4.16229 -5.59527 0
3.72359 -5.77045 0
3.69179 -5.95632 0
3.83177 -5.55712 0
3.76979 -5.60204 0
3.57699 -6.29444 0
3.52726 -6.32514 0
3.58534 -6.73137 0
3.74508 -6.48771 0
3.51902 -6.568 0
3.74525 -6.47086 0
3.52718 -6.325 0
3.23429 -6.14886 0
3.55519 -5.76149 0
3.59341 -6.07065 0
3.58522 -6.06583 0
3.62781 -5.73971 0
3.21414 -4.73058 0
3.338 -5.06856 0
3.33311 -5.07482 0
3.36308 -5.16153 0
3.3615 -5.16369 0
3.88996 -5.081 0
3.51395 -5.03924 0
3.51398 -5.03881 0
3.0127 -5.54985 0
3.07376 -5.52238 0
3.01311 -4.85954 0
2.99684 -4.80842 0
2.95462 -5.25693 0
3.28105 -5.16638 0
3.00631 -5.05412 0
2.95545 -5.08841 0
2.99774 -5.89576 0
2.79 -5.74523 0
2.6343 -6.11175 0
2.49426 -5.9739 0
2.91166 -6.92484 0
2.9123 -6.92026 0
2.78627 -6.48953 0
2.84216 -6.42309 0
2.63411 -6.14666 0
2.55609 -6.37928 0
2.91146 -6.92564 0
2.67581 -6.7735 0
2.63085 -6.53549 0
2.61118 -6.71898 0
2.43694 -6.58438 0
2.61013 -6.71618 0
2.60979 -6.76207 0
2.55772 -6.37124 0
3.30569 -6.32073 0
2.85144 -6.45091 0
3.1184 -6.64291 0
3.15125 -6.6395 0
2.96073 -6.90544 0
3.29982 -6.78877 0
3.15544 -6.22787 0
2.8493 -6.424 0
3.0024 -6.21958 0
2.9895 -6.22003 0
2.48802 -5.20353 0
2.53408 -5.18659 0
2.48396 -5.15063 0
2.53349 -5.18616 0
2.15337 -5.06908 0
2.48066 -5.19199 0
2.68651 -5.73598 0
2.57205 -5.94058 0
2.59323 -5.95194 0
2.79 -5.73647 0
2.85166 -5.69834 0
2.70621 -5.76712 0
2.71278 -5.78112 0
2.85251 -5.69744 0
2.49397 -5.97217 0
2.32527 -5.85529 0
4.27833 -8.12172 0
4.27352 -8.09247 0
4.09561 -7.8645 0
4.08143 -7.84556 0
3.83161 -7.7689 0
3.96639 -7.48344 0
3.77235 -7.38084 0
3.81741 -7.10998 0
3.6947 -7.12738 0
3.61743 -7.11451 0
3.72141 -7.45102 0
3.69787 -7.44689 0
3.56986 -7.44753 0
3.25095 -7.74321 0
4.04014 -8.34328 0
3.99529 -7.98309 0
3.83425 -8.11278 0
3.74225 -7.8021 0
3.47878 -7.81287 0
3.55539 -7.9555 0
3.82753 -8.12841 0
3.89862 -8.25456 0
3.90357 -8.26592 0
3.91266 -8.30381 0
3.45657 -7.82535 0
3.25452 -7.74597 0
3.74886 -7.78636 0
3.93931 -7.9653 0
3.99565 -7.97829 0
3.75813 -7.46517 0
3.36484 -7.3474 0
3.38517 -7.27298 0
3.2747 -7.12901 0
3.1636 -7.31584 0
2.99265 -7.29516 0
3.17287 -7.32802 0
2.95826 -7.38231 0
3.13249 -7.10533 0
3.12974 -7.10507 0
3.48026 -7.19408 0
3.64731 -7.38131 0
3.44428 -7.15142 0
4.16151 -7.31347 0
3.81773 -7.10864 0
4.16432 -7.58221 0
4.16417 -7.58236 0
4.11414 -7.75474 0
4.34685 -7.77812 0
4.387 -7.86335 0
4.3536 -7.85489 0
4.10064 -7.46771 0
4.14261 -7.46152 0
3.92029 -7.22679 0
3.97329 -7.48308 0
3.60271 -6.79214 0
3.8189 -7.10278 0
3.94711 -6.75464 0
4.01726 -6.81613 0
3.94929 -6.73075 0
3.94746 -6.73026 0
3.92498 -6.77263 0
4.02313 -6.82916 0
3.70612 -7.11403 0
5.13549 -5.44707 0
5.21595 -5.26127 0
5.1821 -4.87342 0
4.71277 -4.96939 0
4.68784 -4.979 0
4.69712 -4.75777 0
4.50438 -4.59734 0
4.43585 -4.41379 0
4.10858 -4.43318 0
4.10036 -4.01301 0
4.503 -4.59697 0
4.27652 -5.05761 0
3.97365 -4.93929 0
3.95539 -4.96018 0
4.49868 -5.12122 0
4.285 -5.09363 0
4.22877 -5.26301 0
4.01133 -5.29856 0
4.5549 -5.28062 0
4.33273 -5.36336 0
4.33232 -5.36349 0
4.22838 -5.53289 0
4.62488 -5.30398 0
4.61304 -5.31321 0
4.33941 -5.36654 0
4.74214 -5.28424 0
4.75642 -5.30947 0
4.15604 -5.21497 0
4.26795 -5.08802 0
4.4986 -4.63313 0
3.98454 -5.27624 0
3.98716 -4.62068 0
3.9868 -4.61438 0
3.99226 -4.59354 0
3.62352 -4.51779 0
3.6155 -4.8545 0
3.79972 -4.76909 0
3.62346 -4.51782 0
3.6145 -4.72541 0
3.84156 -4.70734 0
3.83915 -4.70415 0
4.13056 -4.45081 0
4.10629 -4.44357 0
4.10299 -4.44294 0
4.69765 -4.75569 0
4.83883 -4.66901 0
4.37697 -4.07939 0
4.10301 -3.97687 0
4.59565 -4.23719 0
4.57144 -4.29709 0
4.57741 -4.32261 0
4.5419 -4.57517 0
4.43712 -4.41455 0
4.84461 -4.67489 0
4.84419 -4.68149 0
4.96817 -4.74838 0
5.0581 -4.77974 0
5.90922 -5.68399 0
5.79758 -5.72937 0
5.69569 -5.77888 0
5.64372 -5.82058 0
6.76343 -6.29373 0
6.56173 -6.20678 0
6.49678 -6.05832 0
6.22428 -6.08083 0
6.20775 -5.90312 0
6.0056 -5.99489 0
5.80425 -5.74469 0
6.00264 -5.99819 0
6.22363 -6.10376 0
6.46885 -6.10036 0
6.55861 -6.20704 0
6.50198 -6.35223 0
6.8648 -6.39733 0
6.22213 -6.10377 0
5.7405 -5.95428 0
5.74063 -5.95411 0
5.73726 -5.93454 0
5.92163 -5.68412 0
6.01897 -5.64701 0
6.21531 -5.89374 0
6.38469 -6.00113 0
6.49671 -6.0529 0
5.15705 -5.64774 0
5.35508 -5.52916 0
5.59261 -5.35171 0
5.25634 -5.27661 0
5.2164 -5.26115 0
5.15866 -5.5298 0
5.15488 -5.52873 0
5.61594 -5.13748 0
5.3494 -5.05986 0
5.66968 -5.77388 0
5.66531 -5.76597 0
5.43816 -5.7368 0
5.4367 -5.73977 0
5.95863 -5.224 0
5.68624 -5.75929 0
3.75111 4.44261 0
3.74129 4.79799 0
3.74564 4.80482 0
3.78829 5.04851 0
3.71119 5.10948 0
3.97689 5.26549 0
3.933 5.44343 0
4.09244 5.67679 0
-0.424919 6.98084 0
-0.332702 6.77174 0
-0.310038 6.41728 0
-0.285518 6.23153 0
-0.30918 6.1721 0
-0.329294 5.79149 0
-0.328636 5.78988 0
-0.157533 5.3347 0
-0.213178 5.28066 0
-0.141987 5.07368 0
-0.336215 4.78982 0
-0.392007 4.58262 0
-0.113367 4.32647 0
-0.118051 4.04024 0
-0.14052 3.81564 0
-0.140214 3.81357 0
-0.157768 3.77391 0
-0.0965893 3.24932 0
-0.0302169 2.96359 0
-0.030299 2.96313 0
-0.206251 2.82159 0
0.169423 2.40876 0
-0.0470409 2.23137 0
0.0953667 2.1306 0
0.544432 3.23571 0
0.3387 3.65461 0
0.128686 3.26058 0
0.118074 3.26656 0
0.543537 3.23326 0
0.439391 3.14176 0
0.219343 3.04732 0
0.113788 3.06956 0
1.11916 1.23472 0
1.23596 1.18199 0
1.30976 1.28572 0
1.43537 1.53055 0
1.60762 1.51527 0
1.66988 1.50878 0
0.776158 1.31827 0
0.805028 1.44515 0
0.804977 1.45118 0
0.550275 1.72386 0
0.820412 1.92624 0
0.855237 2.12163 0
0.686418 2.36283 0
0.519195 2.39243 0
0.466458 2.81879 0
0.466294 2.85522 0
0.181564 2.39637 0
0.598814 2.00316 0
0.203597 2.21841 0
0.203561 2.21415 0
0.736061 1.47104 0
0.547503 1.72175 0
0.549948 1.85908 0
0.345634 1.87214 0
0.342545 1.8357 0
0.344444 1.87108 0
0.356177 1.74847 0
0.601617 1.99082 0
0.550074 1.85909 0
0.663153 1.38122 0
0.672229 1.35604 0
-0.0434219 2.23395 0
0.596924 2.31069 0
0.281728 2.95132 0
0.273537 2.9368 0
-0.0962683 2.76493 0
0.437681 3.13462 0
0.465232 2.82025 0
0.0899458 2.97279 0
0.0898756 2.97273 0
1.09008 1.25586 0
1.13143 1.36234 0
1.13126 1.619 0
1.12887 1.62127 0
1.20593 1.76747 0
1.08305 1.98044 0
1.25344 2.28721 0
0.889317 2.1372 0
0.922304 2.10297 0
1.19159 2.22922 0
0.827506 2.40074 0
0.822174 2.40159 0
0.838853 2.22476 0
0.837024 2.22289 0
1.01826 1.61403 0
0.94752 1.62408 0
0.889628 1.50008 0
1.0172 1.60996 0
1.01246 1.57031 0
0.88896 1.49716 0
0.907892 1.81425 0
0.824605 1.92656 0
1.07333 1.97937 0
1.36183 1.54828 0
1.36201 1.55706 0
1.3594 1.5469 0
1.21611 1.56907 0
1.21171 1.40931 0
1.20317 1.41987 0
1.21806 1.58151 0
1.36097 1.54733 0
1.40683 1.56295 0
1.25777 2.28088 0
1.4107 1.55523 0
1.89997 0.934829 0
1.75964 0.915547 0
1.70147 0.967568 0
1.24675 1.15311 0
1.59675 0.671109 0
1.36937 0.633728 0
1.27031 0.854517 0
1.1045 1.12061 0
1.30831 0.459518 0
1.31761 0.589743 0
1.18724 0.580235 0
1.21936 0.543865 0
1.19023 0.56354 0
1.25964 0.843182 0
1.34077 0.643372 0
1.51253 0.362329 0
1.64231 0.826505 0
1.24625 1.1525 0
1.30266 1.10502 0
1.77457 0.751405 0
1.93143 1.42058 0
1.79131 1.24989 0
1.79078 1.24559 0
2.15705 1.17157 0
2.08869 1.10275 0
1.99685 0.954879 0
1.98376 0.994359 0
2.11124 1.27828 0
2.16082 1.17588 0
1.79104 1.46899 0
1.79446 1.47316 0
1.76012 1.29324 0
2.05491 5.04828 0
2.09649 5.07708 0
2.13903 5.44391 0
2.26865 5.57833 0
2.2308 5.63923 0
2.40512 6.04506 0
2.40991 6.05183 0
2.25698 6.39899 0
2.2648 6.70079 0
-0.107356 6.27018 0
0.134154 6.20344 0
0.237378 6.21798 0
0.432853 6.23338 0
0.59887 5.92383 0
0.874746 6.42476 0
1.10385 6.00279 0
1.21661 6.10576 0
1.4573 6.32399 0
1.70724 5.9825 0
1.84707 6.12369 0
1.85276 6.11548 0
1.96947 6.12462 0
1.22865 7.28539 0
1.21108 7.28745 0
0.941119 7.36395 0
0.64938 7.39084 0
0.596715 7.35018 0
0.575725 7.32804 0
0.472781 7.28425 0
0.0363937 7.44745 0
1.0581 7.14076 0
0.903928 7.0375 0
0.953917 6.75924 0
0.899274 6.55011 0
0.897845 6.54716 0
0.875246 6.42736 0
1.52537 6.39224 0
1.57643 6.45806 0
1.59825 6.52154 0
1.11664 6.74871 0
1.36056 6.74161 0
1.40373 6.63557 0
1.25779 7.02987 0
1.27041 6.99404 0
1.08622 6.70388 0
1.05832 6.43462 0
1.16027 6.32681 0
1.23119 6.53099 0
1.27924 6.5435 0
1.24687 6.55653 0
1.23052 6.53118 0
2.23902 6.42183 0
1.98685 6.30355 0
1.75898 6.56038 0
1.57808 6.45298 0
1.7127 6.42361 0
1.56476 6.39924 0
2.25796 6.31546 0
1.98669 6.30327 0
1.75915 6.56058 0
1.74859 6.5634 0
2.22489 6.67099 0
2.17319 6.69619 0
0.295949 6.27484 0
0.414471 6.63913 0
0.311735 6.88651 0
0.329559 6.93117 0
0.644477 7.17075 0
-0.312022 6.89471 0
-0.158701 7.03553 0
0.112796 7.07048 0
0.29687 6.88485 0
0.113716 7.07248 0
0.136162 7.1026 0
0.24828 7.13576 0
0.234721 7.12726 0
-0.143578 6.71188 0
-0.127236 6.68656 0
0.0734775 6.43239 0
0.0738821 6.43263 0
0.0907424 6.91062 0
0.408002 6.64058 0
0.0543889 6.85207 0
0.292707 6.29221 0
-0.329711 6.7698 0
-0.141227 6.64328 0
0.0631973 6.44028 0
0.870577 6.63085 0
0.84008 6.7375 0
0.428681 6.29226 0
0.54193 6.30689 0
0.421833 6.62839 0
0.862858 6.61249 0
0.861527 7.07242 0
0.830533 7.08131 0
0.572187 6.96315 0
0.948342 6.76302 0
0.854864 6.74497 0
0.803354 7.11169 0
0.77474 7.11751 0
0.830559 7.1254 0
0.865562 9.26621 0
1.01208 9.11636 0
1.05983 8.78921 0
0.86711 8.60471 0
0.816772 8.41433 0
0.813928 8.40705 0
1.03735 8.17684 0
0.749891 8.03446 0
0.672287 7.90736 0
0.926282 7.76299 0
0.683957 7.60249 0
0.68852 7.58836 0
1.05156 7.7516 0
1.06249 8.13146 0
1.13442 8.10636 0
1.23414 8.14207 0
1.17183 8.46912 0
1.34169 8.45159 0
0.951201 8.58686 0
1.1539 8.63033 0
1.08523 8.72188 0
1.13336 8.68521 0
1.12035 8.5163 0
1.11789 8.51631 0
1.04801 8.17731 0
1.16202 8.11955 0
1.20019 8.13398 0
1.37882 8.3249 0
0.799751 8.0167 0
1.37088 7.51826 0
1.09857 7.65617 0
1.08878 7.66119 0
0.980425 7.40642 0
0.947763 7.37872 0
1.22536 7.28793 0
1.25216 7.74022 0
1.26964 7.8964 0
1.0533 7.74714 0
1.25702 7.90315 0
1.26451 7.73582 0
1.58755 7.83252 0
0.194025 8.0544 0
0.338635 8.24827 0
0.516699 8.23058 0
0.67452 8.02049 0
0.863338 9.25526 0
0.920224 9.11955 0
0.899818 9.06875 0
0.546476 8.61858 0
0.764162 8.3782 0
0.518203 8.24915 0
0.771612 8.37499 0
0.572601 8.61001 0
0.825773 8.60746 0
0.880329 8.26457 0
0.404476 8.42102 0
0.505985 8.66234 0
0.521584 8.9686 0
0.561556 9.0036 0
0.604347 9.18625 0
0.485211 8.62551 0
0.380538 8.39871 0
0.208926 8.26371 0
0.298372 7.50519 0
0.469768 7.67624 0
0.462682 7.73376 0
0.42396 7.83368 0
0.17473 7.62285 0
0.174928 7.62182 0
0.169716 7.93847 0
0.159517 7.93732 0
0.526512 7.58257 0
0.683587 7.60235 0
0.599226 7.9187 0
0.596917 7.92074 0
0.469565 7.72791 0
0.537985 7.87905 0
0.555685 7.52567 0
0.548232 7.5296 0
1.85047 5.22995 0
1.84348 5.23128 0
1.81994 5.21652 0
1.31867 5.31264 0
1.12066 5.35683 0
0.873351 5.35621 0
0.846255 5.2129 0
0.376629 5.30986 0
0.148862 5.36359 0
0.025375 5.47406 0
0.366909 5.28734 0
0.226034 5.00339 0
0.447046 4.58951 0
0.450259 4.58009 0
0.44536 4.57093 0
0.488384 4.09993 0
0.533738 3.96074 0
0.434573 3.77272 0
0.34177 3.66359 0
0.646235 3.76313 0
0.548692 3.97036 0
0.858974 5.20656 0
0.591709 4.67699 0
0.588145 4.66185 0
0.522788 4.38303 0
0.510429 4.36518 0
0.526701 4.04852 0
1.4466 5.11886 0
1.26248 5.05564 0
1.02093 4.89048 0
0.918151 4.97559 0
0.617083 4.46629 0
0.915937 4.97275 0
0.68584 4.5438 0
1.02092 4.89042 0
0.521537 4.35602 0
0.936391 5.17232 0
0.947875 5.18239 0
1.58153 5.01969 0
0.490258 3.49092 0
-0.0979914 4.32552 0
0.00701817 4.36016 0
0.223992 5.00418 0
-0.141971 5.07368 0
0.212688 4.5703 0
0.211213 4.57272 0
-0.182782 4.6155 0
-0.14069 4.41519 0
0.282098 5.23981 0
-0.0659175 5.19268 0
-0.00444401 3.78123 0
0.209908 3.74313 0
-0.053582 4.09377 0
0.0297276 4.14967 0
0.207913 3.73303 0
-0.0102495 3.78217 0
0.214904 3.72077 0
0.0935397 3.38978 0
0.781691 5.8568 0
0.757951 5.80004 0
0.807857 5.68019 0
0.8156 5.46837 0
1.40293 5.57459 0
1.32448 5.48196 0
1.29721 5.35739 0
1.72862 5.78623 0
1.86709 5.40751 0
2.24781 5.56706 0
1.76893 5.75431 0
1.81894 5.7514 0
1.75304 5.80808 0
1.83089 5.29668 0
2.05785 5.43431 0
2.05468 5.42847 0
1.82213 5.31619 0
1.02749 5.79379 0
1.26688 5.46509 0
1.10292 5.99905 0
1.02798 5.79404 0
1.21257 5.61827 0
1.21641 6.10485 0
1.33442 5.8982 0
1.11879 5.35785 0
1.28668 5.35997 0
0.246068 6.18658 0
0.145108 5.79261 0
0.0872501 5.76475 0
0.327206 5.6816 0
0.538645 5.8232 0
0.786949 5.66954 0
0.4859 5.97806 0
0.562532 5.83939 0
0.571219 5.84694 0
0.568438 5.84063 0
0.377657 5.71428 0
0.806944 5.4632 0
-0.0128421 5.74438 0
0.013934 5.79225 0
0.1236 6.03801 0
0.14204 6.06058 0
0.0338123 5.48459 0
0.00351155 5.74376 0
-0.011461 5.73875 0
-0.114289 5.37869 0
3.83544 6.16573 0
3.59317 6.18152 0
3.29519 6.16004 0
3.18599 6.28195 0
3.17903 6.28578 0
2.95752 6.25171 0
2.76738 6.49141 0
2.76361 6.4913 0
2.49525 6.39981 0
2.97101 6.23296 0
2.85129 5.92033 0
2.87882 5.84899 0
2.65815 5.73069 0
3.02099 5.34623 0
2.77867 5.19608 0
2.667 5.08446 0
2.88205 4.89998 0
3.78391 5.9876 0
3.56209 5.72184 0
3.5567 5.69358 0
3.42775 5.64554 0
3.27738 5.4281 0
3.31521 5.23226 0
3.34266 5.14804 0
3.32384 5.05145 0
3.60913 5.22637 0
3.69015 5.10806 0
3.64427 5.5441 0
3.84894 5.50885 0
3.61481 5.71174 0
3.80896 5.95663 0
3.79203 5.98513 0
3.85344 6.02102 0
4.09233 5.67685 0
3.95998 5.64138 0
3.95987 5.6413 0
3.96011 5.64088 0
3.64423 5.54199 0
3.8487 5.50885 0
3.57312 5.02499 0
3.27473 4.63772 0
3.5747 5.02837 0
3.67985 5.09298 0
3.56876 5.18493 0
3.31552 5.62855 0
3.21702 5.71716 0
2.96041 5.71036 0
2.91734 5.18523 0
2.88236 4.90168 0
2.85638 4.9624 0
3.17173 5.33129 0
3.16552 5.70964 0
2.96167 5.70991 0
3.25168 5.47166 0
3.17173 5.33128 0
3.56182 5.72218 0
3.21051 5.79448 0
3.1812 5.80348 0
3.18956 5.78473 0
3.18949 5.78486 0
3.31363 5.66298 0
3.32822 6.10436 0
3.29407 6.08384 0
3.34219 6.09098 0
2.50248 5.33441 0
2.50205 5.33472 0
2.49945 5.1785 0
2.32416 5.21533 0
2.33592 5.06316 0
2.49919 4.94081 0
2.33274 5.22348 0
2.46645 5.2108 0
2.77342 6.25989 0
2.73105 6.23623 0
2.6816 6.02519 0
2.53357 5.87449 0
2.48161 5.80861 0
2.53967 5.8705 0
2.78244 6.25337 0
2.73685 6.16356 0
2.68855 6.01758 0
2.95741 6.25164 0
2.84751 5.93188 0
2.64859 5.73847 0
2.49344 6.39149 0
2.56904 6.27236 0
2.40727 6.04659 0
4.06641 6.67025 0
4.027 6.67117 0
3.95989 6.97165 0
3.51797 6.92944 0
3.51495 6.93425 0
3.51376 6.93465 0
3.12095 6.81314 0
2.95977 7.10073 0
2.93447 7.11296 0
3.09556 6.41561 0
3.09816 6.42399 0
3.29044 6.79694 0
3.29034 6.79745 0
2.94671 6.60686 0
3.05763 6.84509 0
2.70364 6.84596 0
2.88498 6.55855 0
2.86395 6.61531 0
2.79046 6.52295 0
2.69772 6.84202 0
2.94641 6.60625 0
3.07064 6.41797 0
3.05841 6.8462 0
3.11917 6.81255 0
2.70886 7.02366 0
3.7502 6.56837 0
3.60835 6.53901 0
3.75003 6.56283 0
3.72901 6.51751 0
4.07018 6.65879 0
3.94599 6.56068 0
3.37327 6.6529 0
3.32215 6.55517 0
3.30772 6.5403 0
3.38781 6.4892 0
3.51284 6.87972 0
3.5206 6.88828 0
3.95648 8.30982 0
3.69137 8.26524 0
3.93893 7.92188 0
3.93893 7.92178 0
3.91301 7.76328 0
3.89976 7.74359 0
3.55373 7.52715 0
3.44146 7.20342 0
3.39766 7.17843 0
3.94303 7.18911 0
4.22071 7.2298 0
4.2029 8.16046 0
4.20308 8.16012 0
4.23626 7.96182 0
3.99184 7.81769 0
3.95084 7.67675 0
4.13923 7.48364 0
4.13037 7.50471 0
4.16814 7.39215 0
4.16703 7.39384 0
4.12251 7.62589 0
4.12387 7.62556 0
4.03146 6.98118 0
4.22007 7.22953 0
3.78544 7.14758 0
3.7848 7.14567 0
3.52755 6.93856 0
4.0239 6.98028 0
3.85411 7.13557 0
4.17461 6.83188 0
4.19216 6.92777 0
3.19731 7.6958 0
3.52983 7.59116 0
3.54728 7.53327 0
3.74679 8.04135 0
3.62934 7.60773 0
3.75967 8.0602 0
3.65065 8.2842 0
3.93628 8.31563 0
3.94463 8.32198 0
3.86567 7.92828 0
3.52975 7.59239 0
3.60454 7.57233 0
3.37752 7.7111 0
3.73863 8.03523 0
3.21473 7.14801 0
3.18255 7.10794 0
3.38491 7.1782 0
3.47054 7.42062 0
2.9348 7.56347 0
3.19486 7.22844 0
2.86629 7.50105 0
2.96549 7.10522 0
-2.53838 8.92376 0
-2.69807 8.83665 0
-2.67778 8.66431 0
-2.46339 8.37418 0
-2.59229 8.28093 0
-2.61208 8.05952 0
-2.65289 7.79782 0
-2.65306 7.79737 0
-2.48347 7.42694 0
-2.3085 7.2434 0
-2.27506 7.22052 0
-2.53958 6.95481 0
-2.4605 6.90069 0
-2.46767 6.7667 0
-2.36666 6.61413 0
-2.45213 6.48541 0
-2.22977 6.17295 0
-2.19767 6.14681 0
-2.02552 6.15819 0
-2.00632 5.75758 0
-2.01119 5.7558 0
-2.4774 5.54338 0
-2.24531 5.24274 0
-2.20153 5.1828 0
-1.98829 5.52682 0
-1.68298 5.79941 0
-1.62951 5.82937 0
-1.33979 5.74893 0
-1.20649 5.58816 0
-0.766809 5.71878 0
-0.627578 5.75301 0
-0.447828 5.72938 0
-2.36676 6.65822 0
-2.02925 6.68308 0
-1.86924 6.71235 0
-1.8681 6.70934 0
-1.55046 6.85782 0
-1.52186 6.83721 0
-1.43652 6.84963 0
-1.10028 6.77278 0
-1.0054 6.80699 0
-0.795449 6.93089 0
-0.794848 6.92987 0
-0.563751 7.01599 0
-1.52421 7.66427 0
-1.7954 7.54813 0
-1.79729 7.54843 0
-2.07742 7.4242 0
-2.08411 7.41727 0
-1.74922 7.39586 0
-1.72409 7.30288 0
-1.75586 7.16828 0
-1.55151 6.85875 0
-1.53772 7.38882 0
-1.54262 7.38086 0
-1.53692 7.37485 0
-1.31511 7.04851 0
-1.76816 7.16953 0
-2.11218 7.06697 0
-2.1135 7.06417 0
-2.0148 6.85757 0
-1.78519 7.15799 0
-1.76667 7.16581 0
-1.89898 6.85138 0
-1.89924 6.8517 0
-2.00091 6.8499 0
-2.23821 7.21941 0
-2.2577 7.21586 0
-1.78394 7.18973 0
-2.53788 8.9239 0
-2.41745 8.87076 0
-2.36018 8.67064 0
-2.42887 8.40348 0
-2.27206 8.344 0
-2.07395 8.06002 0
-2.0318 7.80231 0
-2.02157 7.76136 0
-2.10135 7.69093 0
-1.59301 7.99828 0
-1.95491 8.45449 0
-2.42079 8.40374 0
-1.97768 8.47521 0
-2.1586 8.66168 0
-2.15368 8.66639 0
-1.97496 8.47292 0
-2.27684 8.34615 0
-1.93362 8.35443 0
-1.63956 7.89834 0
-1.64341 7.903 0
-1.96181 7.71064 0
-1.52403 7.66562 0
-1.7939 7.55051 0
-1.99081 7.7403 0
-1.55074 7.98734 0
-2.50102 8.07384 0
-2.10883 8.03335 0
-2.27753 8.20425 0
-2.46141 8.11957 0
-2.39246 8.3199 0
-2.36908 8.31381 0
-2.43097 7.82778 0
-2.2499 7.59608 0
-2.24915 7.57804 0
-2.15742 7.69705 0
-2.12332 7.98455 0
-2.1573 7.69672 0
-1.24462 6.05731 0
-1.2033 6.12614 0
-1.11306 6.29697 0
-1.43266 6.50261 0
-1.42004 6.51806 0
-1.11642 6.76179 0
-2.0424 6.23525 0
-1.64203 6.13557 0
-1.63912 6.14552 0
-1.23363 6.23962 0
-1.90392 6.61985 0
-1.85862 6.39313 0
-1.81058 6.46918 0
-1.84148 6.40781 0
-1.51529 6.75946 0
-1.39351 6.60935 0
-1.46273 6.51677 0
-1.42463 6.58163 0
-1.44741 6.5839 0
-2.03235 6.66175 0
-2.36125 6.61134 0
-2.0469 6.27648 0
-2.10693 6.2771 0
-2.09858 6.25677 0
-1.62595 5.84068 0
-1.62086 5.84813 0
-1.99646 6.16089 0
-1.99456 5.70915 0
-1.70098 5.80605 0
-1.6508 5.84519 0
-1.43896 5.97723 0
-1.44103 5.97363 0
-1.09764 6.30285 0
-1.0651 6.39437 0
-0.571348 6.18896 0
-0.524162 6.50036 0
-1.06555 6.39482 0
-1.01726 6.61649 0
-1.01559 6.62447 0
-1.02146 6.60939 0
-1.07233 6.39003 0
-1.11463 6.7617 0
-0.524269 6.5007 0
-0.958826 6.40329 0
-0.520184 6.58834 0
-0.719322 6.77244 0
-0.71973 6.77249 0
-0.827892 6.69946 0
-0.778315 6.73111 0
-0.863199 6.2236 0
-0.88464 5.97845 0
-0.453018 5.80797 0
-0.570871 6.17249 0
-0.390193 6.27863 0
-1.09735 6.2972 0
-0.890566 5.93363 0
-0.614544 3.61616 0
-0.375961 3.57731 0
-0.618757 5.15418 0
-0.792781 5.15493 0
-0.857459 5.08662 0
-0.869828 5.08474 0
-1.36388 5.15956 0
-1.36505 5.16029 0
-1.3681 5.15397 0
-2.12467 5.34407 0
-0.613944 3.63038 0
-0.626874 3.69983 0
-0.553002 4.20457 0
-0.553294 4.22623 0
-0.40152 4.57921 0
-0.367014 4.76201 0
-0.755068 4.91041 0
-1.08776 5.01603 0
-0.803272 4.9026 0
-0.916524 4.5671 0
-0.810538 4.56392 0
-0.895158 4.62806 0
-0.767026 4.8848 0
-0.920905 4.63222 0
-0.666475 4.4164 0
-0.744855 4.34432 0
-1.16114 5.0183 0
-1.19069 5.03332 0
-0.39191 4.56605 0
-0.351037 4.78937 0
-0.720785 4.90747 0
-0.392285 4.58218 0
-0.361005 3.93982 0
-0.361176 3.94536 0
-0.376587 3.58342 0
-1.21816 5.25717 0
-1.20381 5.56318 0
-1.6419 5.38893 0
-1.66358 5.55774 0
-1.85818 5.49825 0
-1.98845 5.52489 0
-2.12714 5.3502 0
-1.85948 5.49283 0
-1.34962 5.26425 0
-1.34895 5.25647 0
-0.792328 5.17658 0
-0.768524 5.65303 0
-0.812274 5.66216 0
-0.857388 5.08672 0
-0.447935 5.72927 0
-0.487693 5.25577 0
-0.11477 3.26936 0
-0.4306 3.44114 0
-0.430138 3.43975 0
-0.269081 3.10172 0
-0.56613 2.82193 0
-0.535423 2.79372 0
-0.230886 2.80935 0
-0.191495 2.98074 0
-0.165057 2.51174 0
-0.196314 2.25083 0
-0.303646 2.22507 0
-0.273318 2.12239 0
-0.0321918 1.92182 0
-0.0327674 1.88531 0
-0.0499587 2.19009 0
-0.309922 2.19855 0
-0.168773 2.47749 0
-0.119935 2.29216 0
-0.611797 2.55497 0
-0.862838 2.82457 0
-3.39051 5.689 0
-3.40966 5.6462 0
-3.40262 5.6471 0
-3.3801 5.35626 0
-3.24931 5.05517 0
-3.10299 5.228 0
-2.81304 5.09522 0
-2.60938 7.24918 0
-3.31597 5.82636 0
-3.00691 5.61134 0
-3.00483 5.61351 0
-2.73576 5.84215 0
-2.72046 5.84132 0
-2.32203 6.07097 0
-3.05546 6.1636 0
-2.76157 6.00909 0
-2.55569 6.75426 0
-2.60083 6.40226 0
-2.38201 6.10123 0
-2.45553 6.48757 0
-2.37367 6.61598 0
-2.5876 6.41289 0
-2.382 6.10117 0
-2.47737 6.06791 0
-2.54003 6.95806 0
-2.54013 6.95434 0
-2.53778 6.89408 0
-3.05016 5.67045 0
-3.11582 6.14829 0
-3.31597 5.82644 0
-3.20829 6.04868 0
-2.9824 6.11384 0
-3.05578 6.16268 0
-2.78413 5.62909 0
-2.77128 5.62611 0
-2.67613 5.56264 0
-2.63426 5.08251 0
-2.48963 5.01659 0
-2.48578 5.53998 0
-2.22044 5.14953 0
-2.25391 5.24065 0
-2.67406 5.71629 0
-2.67665 5.7172 0
-2.64133 5.65498 0
-2.19625 5.91674 0
-3.09828 5.24386 0
-3.12099 5.24651 0
-2.65375 5.08138 0
-2.65344 5.0819 0
-2.65762 5.11236 0
-3.11852 5.24478 0
-2.81248 5.09544 0
-3.37299 5.36042 0
-3.00937 5.59375 0
-2.70838 7.83875 0
-2.71483 8.26887 0
-2.67739 8.27097 0
-2.71493 8.26897 0
-2.67573 8.27292 0
-2.61236 8.05949 0
-2.73949 8.13601 0
-2.65174 8.08961 0
-2.73224 7.74033 0
-2.48431 7.42714 0
-4.20564 6.53305 0
-4.21208 6.3594 0
-4.23518 6.35632 0
-4.65819 6.29295 0
-4.73875 6.16726 0
-4.75924 6.07447 0
-4.92601 6.00251 0
-4.9972 6.01945 0
-5.02316 5.77798 0
-4.71052 6.02275 0
-4.54165 6.04814 0
-4.47461 5.77941 0
-4.51222 5.6788 0
-4.37677 5.61897 0
-4.04878 5.41209 0
-4.04876 5.41204 0
-4.02625 5.20459 0
-3.88388 5.11938 0
-3.8814 5.11065 0
-3.57739 4.75166 0
-3.37635 4.63364 0
-3.81417 5.51205 0
-3.70022 5.55272 0
-3.62825 5.59292 0
-4.01493 6.09377 0
-4.009 6.08797 0
-4.00522 6.07134 0
-4.07584 5.62499 0
-3.90747 5.55795 0
-3.72956 6.02026 0
-4.07559 6.31281 0
-3.99432 6.11921 0
-3.98656 6.0913 0
-3.76861 6.06324 0
-3.48786 5.93293 0
-3.74419 6.05181 0
-3.85543 6.18408 0
-3.6284 5.61753 0
-4.07597 5.62484 0
-4.38236 6.09945 0
-4.37569 6.09758 0
-4.3453 6.14039 0
-4.40783 6.11624 0
-4.15705 5.76474 0
-4.34214 5.90593 0
-4.34071 5.90891 0
-3.97998 5.53952 0
-3.24029 5.03277 0
-3.87225 5.10378 0
-3.36745 4.66427 0
-3.51103 4.73733 0
-3.16493 4.935 0
-3.16611 4.93776 0
-3.85508 5.11948 0
-3.59717 5.14024 0
-3.39019 5.17474 0
-3.38934 5.35915 0
-3.95098 5.2335 0
-3.701 5.24547 0
-3.45156 5.21507 0
-3.37309 5.12668 0
-3.59679 5.14 0
-3.8659 5.11584 0
-3.35986 5.16287 0
-4.51569 5.67781 0
-4.59738 5.56919 0
-4.86079 5.54168 0
-4.84541 5.34841 0
-4.45472 4.73652 0
-4.4226 5.12239 0
-4.08446 5.09693 0
-4.42714 5.12745 0
-4.68162 5.38033 0
-4.4339 5.09217 0
-4.67837 5.37157 0
-4.55004 5.5544 0
-4.32618 5.17839 0
-4.13153 5.23883 0
-4.59699 5.56868 0
-4.42383 5.13891 0
-3.7233 4.64087 0
-4.25335 4.66163 0
-4.21619 4.76804 0
-4.43845 4.70419 0
-4.29976 4.59796 0
-3.89018 4.96121 0
-3.88836 4.96065 0
-3.58143 4.74913 0
-4.55679 5.64047 0
-4.79381 5.7513 0
-4.86908 5.85715 0
-4.86427 5.54192 0
-5.00302 5.75034 0
-5.01672 5.75227 0
-5.01793 5.75023 0
-4.86432 5.54246 0
-4.93265 5.65304 0
-4.7219 5.92382 0
-4.52507 5.67807 0
-4.72954 5.96217 0
-5.43957 7.23454 0
-5.43936 7.23463 0
-5.02503 7.19499 0
-5.22473 7.01313 0
-5.06241 6.9678 0
-4.86224 6.6039 0
-4.8328 6.60023 0
-4.87369 6.43872 0
-4.73395 6.23252 0
-4.74173 6.61404 0
-4.53283 6.79713 0
-4.42209 6.81952 0
-5.06166 6.96807 0
-4.9989 7.16112 0
-5.01566 7.19585 0
-5.11973 7.44505 0
-5.41517 7.26345 0
-5.40822 7.4602 0
-5.07403 6.97446 0
-4.73321 7.0377 0
-4.71838 7.03687 0
-4.72192 7.03971 0
-4.74756 6.61642 0
-4.51546 6.76914 0
-4.59956 6.59508 0
-4.2813 6.61136 0
-4.20647 6.5332 0
-4.2086 6.52568 0
-4.30611 6.66994 0
-4.68252 6.53463 0
-4.68542 6.55408 0
-5.53407 6.4511 0
-5.44731 6.63448 0
-5.15299 6.57834 0
-5.14152 6.5771 0
-5.44059 7.17306 0
-5.24548 6.99458 0
-5.24436 6.98958 0
-5.25702 6.71542 0
-5.22328 7.01037 0
-5.22506 7.01283 0
-5.17549 7.15166 0
-5.41554 7.19645 0
-5.47587 6.68127 0
-5.3384 7.04793 0
-5.44348 7.17316 0
-5.70588 7.30047 0
-5.47836 6.64795 0
-5.53443 6.45354 0
-4.83542 6.08855 0
-4.93883 6.18413 0
-5.22299 6.34103 0
-5.13911 6.25896 0
-5.17257 6.27119 0
-5.00803 6.11711 0
-5.00858 6.11351 0
-5.23175 6.344 0
-5.24673 6.34775 0
-4.8739 6.43862 0
-4.88842 6.51759 0
-4.76829 6.07847 0
3.78556 -0.583886 0
3.72533 -0.254361 0
3.72717 -0.111715 0
3.52198 -0.00575705 0
3.72348 0.38858 0
3.66463 0.404482 0
2.75001 -0.648353 0
2.70705 -0.355765 0
2.50824 -0.267889 0
2.39769 -0.115859 0
2.40363 -0.102974 0
1.9319 0.000311978 0
0.785975 -1.98107 0
1.0344 -1.82899 0
1.05512 -1.78098 0
1.26064 -1.49964 0
1.25548 -1.48077 0
1.3146 -1.43569 0
1.46745 -1.0981 0
1.86091 -0.834876 0
1.86848 -0.833253 0
2.13397 -0.936705 0
2.15878 -0.588207 0
2.18651 -0.550634 0
0.525492 -1.80972 0
0.824899 -1.64656 0
0.948682 -1.29054 0
0.925263 -1.14494 0
1.15006 -1.16877 0
1.1852 -1.09255 0
1.4495 -1.04499 0
1.52953 -0.811151 0
1.56318 -0.714068 0
1.87983 -0.779442 0
1.90265 -0.756457 0
2.14612 -0.554857 0
2.18505 -0.549488 0
1.10438 -0.872907 0
1.86518 -0.275454 0
2.32418 -0.211231 0
2.14592 -0.19472 0
1.56998 -0.574078 0
1.54325 -0.637471 0
1.76385 -0.293961 0
1.76505 -0.273491 0
1.52117 -0.647094 0
1.52435 -0.641696 0
1.17485 -0.968975 0
1.1181 -1.09844 0
1.11763 -1.09861 0
1.18502 -0.89201 0
0.384176 -1.64944 0
0.675639 -1.24424 0
0.865201 -1.23449 0
0.698809 -1.24193 0
0.675705 -1.24375 0
0.840968 -1.18453 0
0.847349 -1.19206 0
0.94903 -1.2927 0
1.14354 -1.23346 0
1.43096 -1.12131 0
1.46403 -1.0944 0
0.950377 -1.29239 0
0.647966 -1.8732 0
0.840456 -1.66758 0
1.47111 -1.40898 0
1.81892 -1.42711 0
1.81687 -1.54505 0
2.04357 -1.12934 0
2.04655 -1.13432 0
2.09477 -1.30015 0
2.65026 -0.673737 0
2.29685 -0.657435 0
2.1403 -0.946936 0
2.73814 -0.722664 0
2.34957 -0.696549 0
2.15872 -0.960352 0
2.43945 -1.30324 0
2.49086 -0.863264 0
1.84309 -1.42355 0
2.03696 -1.15304 0
1.66454 -1.16998 0
1.77188 -1.16219 0
1.8196 -1.54622 0
2.03396 -1.29048 0
1.15028 -1.91982 0
1.15426 -1.91354 0
1.33261 -1.84434 0
1.35785 -1.80331 0
1.62584 -1.56479 0
1.33236 -1.84356 0
1.47103 -1.4093 0
1.30505 -1.57128 0
1.04697 -1.87518 0
1.04999 -1.86907 0
1.67186 -2.05736 0
1.65758 -1.64779 0
1.33527 -1.85713 0
1.20349 -2.23258 0
1.13348 -2.19704 0
3.23813 -0.62793 0
2.92298 -0.406793 0
3.05745 -0.205095 0
2.95597 0.207233 0
2.90338 0.267097 0
3.18033 0.566539 0
2.50347 0.580897 0
2.7683 0.49748 0
2.56596 0.300158 0
2.70702 0.100888 0
2.64427 0.0274296 0
3.02428 -0.19663 0
2.90544 -0.433008 0
2.76717 -0.648994 0
2.70342 0.199386 0
3.01106 0.626751 0
2.53391 0.604869 0
2.7846 0.139132 0
2.78824 0.130216 0
2.61451 0.0128908 0
2.08448 0.42896 0
2.22626 0.158212 0
2.55007 0.0363415 0
2.56275 0.300924 0
2.2825 0.215374 0
2.55874 0.297069 0
2.42845 0.204768 0
2.14152 0.382002 0
2.4973 0.577576 0
2.13803 0.169833 0
2.22619 0.158196 0
2.50898 -0.267554 0
2.52195 -0.241028 0
2.61565 0.0120343 0
2.42774 -0.10354 0
2.72759 -0.35112 0
2.71683 -0.351373 0
3.51015 -0.00850932 0
2.97016 0.209188 0
3.7215 -0.257533 0
3.38119 -0.257498 0
3.4066 -0.616494 0
3.40376 -0.605632 0
3.10523 -0.133471 0
3.50371 -0.0606504 0
3.27027 0.596243 0
3.65957 0.40273 0
3.27906 0.393896 0
3.59782 0.171163 0
3.76146 0.391439 0
4.14629 0.220312 0
4.47531 0.295731 0
4.55477 0.442614 0
4.79636 0.483442 0
4.79883 0.482307 0
5.2143 0.38755 0
5.52426 0.258906 0
5.57464 0.256151 0
6.00683 0.315283 0
6.14619 0.315596 0
6.42235 0.412417 0
6.55722 0.275749 0
6.75201 0.0625212 0
6.71736 0.309903 0
7.18227 0.223694 0
7.19384 0.222664 0
7.33598 0.0841829 0
7.56468 0.323467 0
7.64522 -0.089862 0
7.9557 0.382538 0
8.1568 0.0336235 0
8.15955 0.0308243 0
8.31156 0.332416 0
8.76501 0.167796 0
8.79925 0.16484 0
8.86918 0.082724 0
9.11446 0.0173823 0
9.22395 0.0663673 0
8.42003 3.34172 0
8.45351 3.17359 0
8.18549 3.41968 0
8.05596 3.02723 0
7.74894 3.07864 0
7.58758 3.12915 0
7.54501 3.12618 0
7.54405 3.12616 0
7.16593 2.96799 0
7.08835 2.89488 0
7.05996 2.87096 0
6.75652 2.99118 0
6.64449 3.0674 0
6.34796 2.85497 0
6.31037 2.86245 0
6.24379 2.79778 0
5.90462 2.8185 0
5.77241 2.84707 0
5.74941 2.86762 0
5.33112 2.75963 0
5.31945 2.76104 0
5.1514 2.73295 0
5.12013 2.47445 0
7.08085 2.1062 0
7.07496 2.10903 0
6.95637 2.18444 0
6.94879 2.31814 0
6.94804 2.32504 0
6.95306 2.38941 0
6.75804 2.94992 0
5.93651 2.62827 0
6.00023 2.43063 0
5.92994 2.3504 0
5.96934 2.04586 0
5.94748 2.01462 0
5.96907 1.93259 0
5.97363 1.91512 0
6.0809 1.60203 0
6.08093 1.60076 0
6.11709 1.34354 0
6.17134 1.32202 0
6.16667 1.21848 0
6.2123 0.952687 0
6.16978 0.68363 0
6.16882 0.683469 0
6.07465 0.508433 0
6.16682 1.21832 0
6.42817 1.15051 0
6.6729 1.1093 0
6.70168 1.11391 0
6.84711 1.09833 0
6.91871 1.89795 0
6.73161 2.00276 0
6.64888 2.01892 0
6.57539 2.09837 0
6.46388 1.96908 0
6.33267 1.99317 0
6.07527 1.94758 0
6.42516 1.8277 0
6.47701 1.78057 0
6.69987 1.66359 0
6.67235 1.45719 0
6.68066 1.44775 0
6.69912 1.30479 0
6.69903 1.30428 0
6.7064 1.67426 0
6.80689 1.56456 0
6.8937 1.68599 0
6.66338 1.99445 0
6.78158 1.81364 0
6.72577 1.69691 0
6.78747 1.82258 0
6.7867 1.81616 0
6.79168 1.80825 0
6.87391 1.86266 0
6.77947 1.81493 0
6.70642 1.67474 0
6.56907 2.07987 0
6.70631 1.29381 0
6.83636 1.41283 0
6.6953 1.45861 0
6.74669 1.45587 0
6.80107 1.53211 0
6.9096 1.4412 0
6.92984 1.55942 0
6.80633 1.54025 0
6.74464 1.58488 0
6.74673 1.45562 0
6.82119 1.44129 0
6.90972 1.44068 0
6.69561 1.4582 0
6.70204 1.11573 0
6.8393 1.35753 0
6.22878 1.54447 0
6.28691 1.54121 0
6.46389 1.62967 0
6.46087 1.63396 0
6.30898 1.56821 0
6.19861 1.70673 0
6.4249 1.82741 0
6.19784 1.71889 0
6.43524 1.76168 0
6.22638 1.71581 0
6.25089 1.29296 0
6.11729 1.34374 0
6.48801 1.46638 0
6.42356 1.24395 0
6.41882 1.17975 0
6.37197 1.43338 0
6.37022 1.42804 0
6.53653 2.74534 0
6.54524 2.71208 0
6.67716 2.41041 0
6.69743 2.38354 0
6.63678 2.21937 0
6.57514 2.09868 0
6.73623 2.39778 0
6.72496 2.36282 0
6.76355 2.1824 0
6.76472 2.11661 0
6.90822 2.17263 0
6.90846 2.17312 0
6.90794 2.17895 0
6.76328 2.11569 0
6.7615 2.17691 0
6.65847 2.87167 0
6.76296 2.46646 0
6.66372 2.88299 0
6.3846 2.45144 0
6.18223 2.27152 0
6.17969 2.2716 0
6.33166 1.99419 0
6.22936 2.2213 0
6.07959 1.96588 0
6.1496 2.23272 0
6.46367 1.96918 0
6.60014 2.22029 0
6.16578 2.47009 0
6.3096 2.50691 0
6.47287 2.56884 0
6.25879 2.77476 0
6.2582 2.77492 0
6.31659 2.49915 0
6.47247 2.56788 0
6.16652 2.46808 0
7.35833 0.389173 0
7.35515 0.392605 0
6.7303 0.931407 0
6.71753 0.843762 0
6.67521 0.718237 0
6.5702 0.511545 0
6.63225 0.268996 0
6.68338 0.410443 0
7.14629 0.564487 0
7.15402 0.572295 0
6.89632 1.00095 0
6.73029 0.845945 0
7.09082 0.686592 0
7.14994 0.265347 0
6.71278 0.341527 0
7.31582 0.35114 0
6.53669 0.666441 0
6.42843 0.660369 0
6.24926 0.605521 0
6.54756 0.539786 0
6.60636 0.311975 0
6.37856 0.465435 0
6.37907 0.467714 0
6.30063 0.513961 0
6.23285 0.957378 0
6.44546 0.689564 0
6.60591 0.912377 0
6.6059 0.912459 0
6.24681 0.614283 0
6.21245 0.952641 0
8.01733 0.471295 0
8.22906 0.387003 0
8.21886 0.366174 0
8.7076 0.353094 0
8.77151 0.336287 0
8.87426 0.088784 0
9.08955 0.0379638 0
8.83859 0.277432 0
8.75999 0.33919 0
8.2627 0.381593 0
8.22236 0.364149 0
8.18926 0.430353 0
7.62916 0.665146 0
7.67225 0.326276 0
7.92186 0.453329 0
7.90957 0.443921 0
7.90044 0.436169 0
7.99285 0.386617 0
7.99391 0.385632 0
7.5653 0.324522 0
7.46607 0.500171 0
6.01959 1.67026 0
5.93049 1.59826 0
5.86374 1.61456 0
5.42154 1.4853 0
5.35662 1.66661 0
5.01221 1.97568 0
5.11362 0.518711 0
5.41804 0.750556 0
5.19266 1.24763 0
5.20734 1.32509 0
5.20508 1.32825 0
3.91873 0.440841 0
4.1448 0.227085 0
4.5063 0.536199 0
4.51854 0.532925 0
4.7939 0.486641 0
4.99532 0.581285 0
5.17077 1.0552 0
5.15899 1.0989 0
4.61905 1.05972 0
5.18984 1.3345 0
4.80723 0.641076 0
4.60254 0.686729 0
4.81165 0.639175 0
5.10096 1.09022 0
5.92391 0.955889 0
5.92372 0.956113 0
5.71004 1.02566 0
5.29615 1.22906 0
5.55209 0.834222 0
5.48967 0.685372 0
5.57029 0.350556 0
5.97636 0.359238 0
6.00495 0.78357 0
6.0046 0.78509 0
5.46987 0.691894 0
5.53065 0.846346 0
5.46995 0.692253 0
5.52894 0.847167 0
5.74743 1.41538 0
5.83729 1.16759 0
5.89224 1.40482 0
5.92216 1.39388 0
5.85626 1.18204 0
5.85459 1.18033 0
5.89158 1.40677 0
5.74803 1.41555 0
5.45273 1.44011 0
5.42064 1.48101 0
5.94738 2.0148 0
5.76561 2.18818 0
5.59269 2.05046 0
5.35785 2.0023 0
5.12353 2.11375 0
6.01477 1.67701 0
5.9628 1.93561 0
5.00883 2.00008 0
5.36026 1.9853 0
5.5271 1.8273 0
5.70673 1.79922 0
5.71561 1.77494 0
5.5397 1.8088 0
5.50995 1.73275 0
5.57475 2.13219 0
5.37317 2.38573 0
5.46063 2.53807 0
5.12321 2.32196 0
5.13852 2.32419 0
5.34386 2.3601 0
5.4543 2.5361 0
5.13013 2.47357 0
5.5599 2.1262 0
5.19995 2.26796 0
5.13655 2.30019 0
5.71791 2.51537 0
5.87309 2.52031 0
5.87882 2.52679 0
5.93214 2.62754 0
5.93606 2.62774 0
5.51341 2.54199 0
5.76042 2.24488 0
5.77552 2.27013 0
5.9194 2.37512 0
5.96792 2.04847 0
5.7814 2.26264 0
7.46833 3.04126 0
7.36965 2.91151 0
7.63121 2.69013 0
7.56167 2.54288 0
7.56086 2.54185 0
7.53827 2.24043 0
8.46571 3.16299 0
8.46082 3.16228 0
8.07792 3.03064 0
8.05619 3.02424 0
8.05598 3.02411 0
7.94716 2.86098 0
7.64078 2.69188 0
8.00522 2.75695 0
8.04176 2.76144 0
8.03221 2.69767 0
8.17462 2.8252 0
8.50665 3.11845 0
8.64874 3.11692 0
8.74621 3.25522 0
8.50653 3.11838 0
8.09586 2.78899 0
8.12668 2.81983 0
8.08459 2.79958 0
8.11735 2.82715 0
8.12977 2.79218 0
8.14617 2.79594 0
7.74947 2.44943 0
7.73791 2.44344 0
7.92841 2.46693 0
7.90202 2.47704 0
7.72906 2.42509 0
7.74821 3.07631 0
7.93318 3.01119 0
7.93882 3.03577 0
7.96112 3.02136 0
7.47265 3.04375 0
7.74684 3.07363 0
7.72358 2.93789 0
7.72751 2.93838 0
7.40507 2.63379 0
7.17077 2.31526 0
7.16106 2.38177 0
7.53775 2.24036 0
7.40378 2.09226 0
7.21024 2.11278 0
7.11117 2.10339 0
7.35604 1.98699 0
7.17048 2.31254 0
7.02609 2.1815 0
7.55015 2.53907 0
7.1709 2.73729 0
7.0854 2.88106 0
7.08162 2.88102 0
7.10474 2.79754 0
7.05696 2.86612 0
7.16245 2.71372 0
7.36145 2.90601 0
7.40084 2.64334 0
7.389 2.98601 0
4.53459 3.72111 0
4.75374 3.84762 0
5.10905 3.69867 0
5.1926 3.65375 0
5.34298 3.75177 0
5.47891 3.8411 0
5.56949 4.18324 0
4.83133 5.38699 0
4.85464 4.93355 0
5.22656 5.03615 0
5.23257 4.69792 0
5.28685 4.60736 0
5.29316 4.59781 0
5.3296 4.39316 0
5.54695 4.19723 0
5.56326 4.18838 0
6.16024 4.77447 0
5.98692 4.9026 0
5.98665 4.90279 0
5.76977 5.15929 0
5.75987 5.17558 0
5.54805 5.23822 0
5.4386 5.40589 0
5.36702 5.48347 0
5.32847 5.60736 0
5.72945 5.09733 0
5.56306 5.02038 0
5.50955 4.78661 0
5.29266 4.64359 0
5.76274 4.39392 0
5.82839 4.71561 0
5.84632 4.79898 0
5.82485 4.70929 0
5.37878 4.44388 0
5.66621 4.34545 0
5.64803 4.34247 0
5.50958 4.78661 0
5.30297 4.61789 0
5.88301 4.67899 0
5.88188 4.7893 0
5.89156 4.66674 0
4.88138 4.99066 0
5.04175 5.1678 0
5.41225 5.23393 0
5.4125 5.23968 0
5.18568 5.50648 0
5.20907 5.51186 0
5.25202 5.56988 0
5.20512 5.54569 0
5.29876 5.41812 0
5.31595 5.42454 0
5.1931 5.46404 0
4.9294 5.27218 0
5.24433 5.14524 0
5.29718 4.84926 0
5.41659 5.23194 0
5.4292 5.20582 0
5.54917 5.23438 0
5.58802 5.20269 0
5.24425 5.14292 0
5.29579 4.84884 0
6.93049 6.02538 0
6.90476 5.95861 0
6.76377 5.78536 0
6.54157 5.75651 0
6.27866 5.65091 0
6.2134 5.52704 0
6.14212 5.49273 0
5.91994 5.48441 0
5.87039 5.47212 0
6.13952 5.49111 0
6.15316 5.44536 0
6.53716 5.19519 0
6.54789 5.68903 0
6.57392 5.66627 0
6.77883 5.74708 0
6.82943 5.82358 0
6.76968 5.74546 0
6.52192 5.26009 0
6.54576 5.67549 0
6.53566 5.24912 0
6.57509 5.26035 0
6.03276 4.90158 0
6.09827 5.05697 0
5.92746 5.17419 0
6.13064 5.48851 0
6.37861 4.87256 0
6.16021 4.78003 0
6.04063 4.88877 0
6.32012 5.02286 0
5.78279 6.05348 0
5.98989 5.86498 0
6.06127 5.87609 0
6.09572 5.63561 0
6.67515 6.15245 0
6.66609 6.12645 0
6.42839 5.98293 0
6.08111 6.02512 0
6.33385 5.96007 0
6.42838 5.98257 0
6.73145 5.87707 0
6.73736 5.8845 0
6.33657 6.26863 0
6.37102 6.26761 0
6.67008 6.15808 0
6.68346 6.40294 0
6.07858 6.02777 0
6.07331 6.03129 0
5.7514 5.48763 0
5.82891 5.61268 0
5.93682 5.66539 0
5.76263 5.7212 0
5.91991 5.76297 0
5.9765 5.8174 0
5.77508 6.05507 0
5.36574 5.60338 0
5.7453 5.49569 0
5.92022 5.48465 0
6.09294 5.63234 0
5.75143 5.48762 0
4.0791 4.29021 0
4.39974 4.25947 0
4.37542 4.4036 0
4.58971 4.53476 0
4.76498 4.51939 0
4.94757 4.80018 0
4.95059 4.84323 0
3.97132 5.21413 0
4.22557 4.92331 0
4.20222 4.87773 0
4.30691 4.65431 0
4.56424 4.58726 0
4.39241 5.16893 0
3.97879 5.26182 0
4.40663 5.1521 0
4.5927 5.1583 0
4.57479 5.07422 0
4.65668 4.75853 0
4.58172 5.07177 0
4.85465 4.93322 0
4.61181 4.71436 0
4.4265 4.91535 0
4.41528 4.91822 0
4.38278 5.11277 0
4.2819 5.62655 0
3.98182 5.43243 0
3.98001 4.36223 0
3.97642 4.36503 0
4.23223 4.5783 0
4.30672 4.52707 0
3.98399 5.04406 0
3.81124 4.46321 0
3.81332 4.468 0
4.19825 4.87753 0
3.90338 5.14524 0
4.34506 4.47647 0
4.31552 4.49915 0
4.08463 4.29812 0
4.31842 3.73701 0
4.67356 3.84942 0
4.67358 3.84945 0
4.96101 3.98582 0
4.90065 4.39295 0
5.212 4.35101 0
5.32819 4.39241 0
4.91136 4.1238 0
4.79732 4.43236 0
4.54823 4.49468 0
4.40205 4.22586 0
4.02198 3.84206 0
4.40183 4.39581 0
4.60314 4.05797 0
4.61856 4.0659 0
4.60708 4.05345 0
4.37568 4.40347 0
4.42184 4.25366 0
4.90749 4.39815 0
4.8588 4.47325 0
4.95229 4.67506 0
4.8389 4.45567 0
4.90024 4.39302 0
4.76527 4.51919 0
5.05077 4.58406 0
5.05636 4.57854 0
5.20929 4.69945 0
4.49505 3.71541 0
4.75414 3.86142 0
4.83393 3.91966 0
4.96202 3.98576 0
5.18933 4.08755 0
5.21779 4.09744 0
5.26492 4.18961 0
5.34119 3.97101 0
5.34097 3.75512 0
5.19152 3.65856 0
5.05778 3.83914 0
7.1907 3.2685 0
6.95019 3.40624 0
6.27395 3.26683 0
5.94534 3.15348 0
5.72224 3.19582 0
5.6825 3.1858 0
5.41578 3.08932 0
5.30234 3.04023 0
5.22062 2.9229 0
4.81458 3.03832 0
4.66077 2.96954 0
5.94358 3.15091 0
5.90502 2.82017 0
6.38008 3.11225 0
6.45175 3.12977 0
6.22077 2.83465 0
6.37722 3.12926 0
6.32666 3.20942 0
6.38094 3.13771 0
6.33226 3.22872 0
6.32486 3.36649 0
6.36835 3.13262 0
6.63438 3.15311 0
7.07378 3.25777 0
6.95013 3.40618 0
6.64746 3.12093 0
6.66003 3.11128 0
5.35614 2.79024 0
5.13026 2.74388 0
5.05014 2.72946 0
5.32988 2.77451 0
5.90633 3.11599 0
5.81346 2.96352 0
5.89316 2.83201 0
5.92369 3.12685 0
5.56798 2.90505 0
5.56689 2.90371 0
5.40181 3.38038 0
5.40901 3.43811 0
5.21156 3.6356 0
4.77083 3.05191 0
5.07152 3.27892 0
4.59773 3.05405 0
4.85693 3.2979 0
5.1093 3.3569 0
5.14259 3.36429 0
5.26763 3.22799 0
5.25549 3.23197 0
5.22132 3.24342 0
5.68092 3.6242 0
5.7531 3.63646 0
5.77151 3.64726 0
5.48241 3.74966 0
5.71439 3.91199 0
5.44268 3.74111 0
5.41171 3.37662 0
5.57361 3.4893 0
5.79452 3.63586 0
6.16948 3.59951 0
5.61475 3.4604 0
7.40047 3.54082 0
7.5994 3.38629 0
7.59964 3.32271 0
8.01229 3.12693 0
8.18304 3.42574 0
8.35498 3.3392 0
8.38906 3.41626 0
8.38989 3.4166 0
7.86371 3.38969 0
7.63484 3.66007 0
7.61479 3.30522 0
7.20043 3.27093 0
7.20641 3.26659 0
7.38886 3.54654 0
7.31656 3.39806 0
7.45238 3.39334 0
7.44632 3.39671 0
7.31923 3.39767 0
6.83701 -1.54516 0
6.46917 -1.78989 0
6.44667 -1.74895 0
5.9693 -1.73452 0
5.94991 -1.73743 0
5.89542 -1.74733 0
5.60314 -1.77111 0
5.47588 -1.89152 0
5.40114 -1.73182 0
5.17847 -1.51772 0
6.11032 -3.51042 0
5.9555 -3.264 0
5.80342 -3.18481 0
5.50484 -3.22519 0
5.44525 -3.23497 0
5.44349 -3.20966 0
4.79767 -3.02974 0
4.77752 -3.02945 0
5.43132 -4.69042 0
5.6806 -4.61853 0
5.87365 -4.42105 0
5.45203 -4.00128 0
5.419 -4.03304 0
5.41084 -4.0283 0
5.27559 -3.80933 0
5.21968 -3.62512 0
5.09613 -3.5485 0
4.5713 -3.67449 0
4.60449 -3.5856 0
5.38134 -4.03022 0
5.31525 -4.05289 0
5.0714 -4.50901 0
5.25292 -4.32925 0
5.68903 -4.49338 0
5.70165 -4.50392 0
5.5852 -4.13761 0
5.58859 -4.13683 0
5.7943 -4.26064 0
5.38309 -4.65206 0
5.38309 -4.65214 0
5.16251 -4.45968 0
4.55807 -3.60303 0
4.38753 -4.05876 0
4.62149 -4.00026 0
4.78776 -3.97013 0
4.87878 -4.01285 0
4.95449 -4.01541 0
5.24867 -3.85749 0
5.32161 -4.01024 0
4.85666 -3.89749 0
4.79432 -3.8633 0
4.82867 -4.18084 0
4.67273 -4.15327 0
4.60768 -4.05917 0
4.83478 -4.20126 0
5.17938 -3.46108 0
5.1793 -3.46035 0
4.77432 -3.51978 0
4.7046 -3.18758 0
4.66217 -3.18552 0
4.67354 -3.4589 0
5.11413 -3.48956 0
5.09623 -3.54711 0
5.55747 -3.75435 0
5.65631 -3.59692 0
5.55154 -3.40923 0
5.41378 -3.52306 0
5.41442 -3.52989 0
5.33954 -3.55819 0
5.31471 -3.7559 0
5.55496 -3.74616 0
5.65308 -3.59823 0
5.44044 -3.53703 0
5.35115 -3.45828 0
5.27061 -3.5545 0
5.22403 -3.62152 0
5.38678 -3.45479 0
5.73497 -3.66161 0
5.98427 -3.58917 0
5.56381 -3.41711 0
5.97601 -3.57119 0
5.57887 -3.86118 0
5.85409 -3.7616 0
6.25225 -5.01246 0
6.25199 -5.01331 0
6.13718 -5.4245 0
6.12847 -5.43694 0
6.33746 -5.35175 0
6.41588 -5.43819 0
6.49462 -5.39789 0
6.56501 -5.54516 0
6.73956 -5.71214 0
6.82958 -5.91321 0
6.83165 -5.91463 0
6.88134 -5.93161 0
6.95743 -6.33446 0
6.71416 -5.38667 0
6.49384 -5.39548 0
6.71149 -5.3912 0
6.56426 -5.54275 0
6.49251 -5.39255 0
6.43346 -5.20713 0
6.59597 -5.37201 0
6.43814 -5.21077 0
6.35803 -5.48009 0
6.33634 -5.55951 0
6.53117 -5.62068 0
6.53325 -5.62612 0
6.3479 -5.47013 0
6.04259 -4.77015 0
5.83534 -4.72776 0
6.00336 -5.13111 0
6.09159 -5.01493 0
5.85543 -4.73704 0
6.01633 -5.15083 0
6.05399 -5.17797 0
6.24946 -5.00637 0
6.0418 -4.78178 0
5.75588 -4.66254 0
6.05777 -4.59792 0
5.66365 -5.08355 0
6.41805 -3.08036 0
6.44103 -3.00437 0
6.72471 -2.91747 0
6.58618 -2.69173 0
6.58461 -2.68025 0
6.76726 -2.39721 0
6.7283 -2.27777 0
6.58415 -1.97594 0
6.58892 -1.9724 0
6.38075 -2.44102 0
6.37984 -2.44066 0
6.07718 -2.55129 0
5.97273 -2.29203 0
5.94371 -2.26229 0
5.73931 -2.35314 0
5.46476 -2.36466 0
5.10469 -2.23904 0
5.07791 -2.18823 0
5.75488 -2.50793 0
5.78697 -2.55981 0
5.90952 -2.99749 0
5.55593 -3.1288 0
6.3724 -2.97043 0
6.32565 -2.79257 0
6.19219 -2.80046 0
5.9541 -2.70442 0
5.93278 -2.70325 0
6.17996 -2.94915 0
6.39986 -3.30888 0
6.07435 -3.39477 0
6.27385 -3.03889 0
6.02478 -3.23226 0
5.92542 -3.02062 0
6.01728 -3.23342 0
5.806 -3.18058 0
5.98283 -3.13179 0
5.92824 -3.01657 0
6.33524 -2.78357 0
6.342 -2.78201 0
6.07703 -2.55177 0
5.75793 -2.50831 0
6.15527 -2.66594 0
5.9904 -2.60378 0
6.38678 -2.79519 0
6.38334 -2.80136 0
5.04703 -2.68822 0
5.0564 -2.68785 0
5.23585 -2.71449 0
5.35583 -2.88897 0
5.42718 -2.87911 0
5.35659 -2.87429 0
5.27563 -2.41135 0
5.07583 -2.46879 0
5.14161 -2.39898 0
5.23616 -2.7127 0
5.10389 -2.56617 0
5.41701 -2.87547 0
5.51463 -2.76589 0
5.54843 -3.12495 0
5.45784 -3.19312 0
5.23872 -2.76189 0
5.79799 -2.06808 0
5.76281 -2.07452 0
5.4359 -2.20215 0
5.47145 -1.89674 0
5.08404 -2.18105 0
5.31239 -2.0591 0
5.26282 -1.96812 0
5.35682 -1.93556 0
5.57086 -2.1738 0
5.57073 -2.16931 0
6.35566 -1.8751 0
6.15637 -2.0197 0
6.05001 -2.26378 0
5.9978 -2.31864 0
6.29077 -2.21813 0
6.70835 -2.27526 0
6.35685 -1.8752 0
6.37281 -1.89958 0
6.46256 -1.80034 0
6.43339 -1.87719 0
6.27833 -2.22495 0
6.6571 -2.28854 0
6.19766 -1.82932 0
6.11351 -1.96757 0
5.98252 -2.28673 0
5.97696 -2.28966 0
5.98572 -2.01722 0
5.98004 -2.03289 0
5.9679 -2.12112 0
5.90087 -1.7544 0
6.99125 -3.31711 0
6.97901 -3.27123 0
6.9997 -3.05619 0
7.12085 -2.87851 0
7.12174 -2.86927 0
7.17498 -2.57418 0
7.54581 -2.5998 0
7.54872 -2.59061 0
7.59294 -2.36596 0
6.81278 -2.46596 0
6.92879 -2.54663 0
7.1125 -2.57322 0
6.9288 -2.54553 0
7.03699 -2.23713 0
7.03717 -2.23705 0
7.03318 -2.02446 0
6.85018 -1.92824 0
7.00734 -1.99813 0
6.74094 -2.28834 0
6.91854 -2.1791 0
6.82592 -2.13749 0
6.81716 -2.45414 0
7.08874 -2.30728 0
7.31409 -2.52408 0
7.05078 -2.02192 0
7.589 -2.3568 0
7.09824 -2.33052 0
7.26825 -2.5434 0
7.1063 -2.57182 0
7.15444 -2.56508 0
6.85282 -3.08114 0
6.74925 -2.92669 0
6.82439 -3.1028 0
6.67353 -3.17289 0
6.41842 -3.07968 0
6.85703 -3.47729 0
6.61635 -3.22074 0
6.44131 -3.01101 0
6.67353 -3.17277 0
7.11911 -2.86873 0
6.89766 -2.83118 0
6.58865 -2.68962 0
6.8896 -2.91764 0
6.86247 -2.9114 0
8.56407 -3.26341 0
8.35777 -3.51024 0
8.32144 -3.42856 0
8.09054 -3.33016 0
7.98649 -3.15232 0
7.79566 -3.07653 0
7.73235 -2.78158 0
7.43894 -2.89722 0
7.43503 -2.89889 0
7.70136 -3.045 0
7.70016 -3.34547 0
7.23087 -3.35956 0
7.97634 -3.4086 0
8.03243 -3.65616 0
8.09223 -3.34761 0
8.25629 -3.61794 0
8.08996 -3.34134 0
7.76553 -3.34458 0
7.74338 -3.34548 0
7.92464 -3.61657 0
7.78906 -3.07839 0
7.14211 -3.32151 0
7.27171 -3.18188 0
7.14213 -3.27569 0
7.27398 -3.16775 0
7.15815 -3.3439 0
7.22875 -3.35913 0
7.07731 -3.36923 0
7.07731 -3.36915 0
7.9989 -2.72283 0
7.99707 -2.73062 0
7.89484 -2.81472 0
7.83697 -2.96071 0
8.56806 -3.14172 0
8.35398 -3.14904 0
8.08361 -3.0647 0
8.23421 -2.8415 0
8.0645 -3.07717 0
8.06529 -3.0791 0
8.33375 -3.19307 0
8.34333 -3.20431 0
8.24108 -2.84181 0
8.37079 -2.88659 0
8.59244 -3.12774 0
8.61557 -3.15565 0
8.26109 -2.80693 0
8.13193 -2.59332 0
7.88263 -2.81122 0
7.82699 -2.67253 0
7.55532 -2.60173 0
7.60667 -2.65374 0
7.55208 -2.60443 0
7.73307 -2.77459 0
7.79216 -2.38077 0
7.80989 -2.34906 0
7.6254 -2.41283 0
7.62536 -2.41268 0
7.94528 -2.69001 0
8.01334 -2.45543 0
6.02991 0.0380966 0
6.03496 0.0249034 0
6.22383 -0.350324 0
6.12085 -0.715977 0
6.16144 -0.873179 0
6.17923 -0.985029 0
6.1393 -1.33471 0
6.27891 -1.55854 0
7.34413 -0.697205 0
7.38861 -0.418887 0
7.34998 -0.356481 0
7.25187 -0.114262 0
7.33601 0.0695394 0
7.12923 -0.746302 0
7.10176 -0.55472 0
6.85374 -0.452234 0
6.64362 -0.473841 0
6.61733 -0.46795 0
6.37922 -0.310028 0
6.42644 -0.927157 0
6.45165 -0.948806 0
6.57086 -1.02603 0
6.77961 -1.0977 0
6.99564 -0.949081 0
6.79554 -0.690155 0
6.81725 -0.78258 0
6.79717 -0.691535 0
6.99911 -0.925371 0
6.57252 -0.76053 0
6.46969 -0.854667 0
6.48362 -0.885095 0
6.48361 -0.885101 0
6.48541 -1.56627 0
6.69697 -1.3444 0
6.57077 -1.02736 0
6.14279 -1.33356 0
6.28377 -1.03045 0
6.18 -0.985326 0
6.27825 -1.02001 0
6.48529 -1.56625 0
6.29689 -1.55759 0
6.83535 -1.51853 0
6.83405 -1.52489 0
6.78804 -1.18177 0
6.92257 -1.04061 0
6.81132 -1.17398 0
6.78815 -1.18196 0
6.69551 -0.396801 0
6.83338 -0.237246 0
6.77392 0.0225986 0
6.75726 0.0520401 0
6.06246 0.0522458 0
6.37922 -0.31002 0
6.57159 -0.157743 0
6.61914 -0.463862 0
6.83259 -0.237173 0
6.63419 -0.173095 0
6.75003 0.0579708 0
6.69067 -0.400299 0
7.10874 -0.540017 0
7.07252 -0.445611 0
7.2039 -0.110365 0
7.10075 0.0965372 0
6.94455 -0.168337 0
6.74594 0.166672 0
6.80682 -0.350749 0
6.85547 -0.235182 0
7.24943 -0.114903 0
7.23764 -0.382965 0
7.21378 -0.342763 0
7.19425 0.222136 0
7.6408 -0.0988262 0
7.72307 -0.299077 0
7.72421 -0.300648 0
7.5351 -0.446324 0
7.84066 -0.67352 0
8.1287 -0.0585861 0
8.13029 -0.141053 0
8.25856 -0.320364 0
8.34021 -0.496775 0
9.19798 0.0374934 0
9.0139 -0.108098 0
8.61531 -0.0999283 0
8.6143 -0.0999178 0
8.28491 -0.326844 0
8.40964 -0.446714 0
9.01765 -0.125907 0
9.1607 -0.346157 0
9.22519 -0.257148 0
8.6378 -0.122523 0
8.35557 -0.464103 0
8.3511 -0.462651 0
8.25939 -0.320592 0
8.3951 0.0221582 0
8.39602 0.022396 0
8.57465 -0.0722852 0
7.95732 -0.265603 0
7.77051 -0.32833 0
7.99852 -0.473119 0
8.00009 -0.473697 0
7.85346 -0.668825 0
7.69397 -0.532723 0
7.65667 -0.0816684 0
7.72307 -0.235638 0
8.1194 -0.0572473 0
8.10457 -0.116917 0
7.39873 -0.395889 0
7.48381 0.205389 0
7.51651 -0.303922 0
7.3988 -0.39751 0
7.38347 -0.709179 0
5.12786 -1.4316 0
5.12927 -1.42889 0
5.13769 -0.95977 0
5.16528 -0.940647 0
5.20646 -0.641876 0
5.16719 -0.544095 0
5.10347 -0.459824 0
5.25402 -0.281851 0
5.44821 0.126332 0
4.81052 -0.297999 0
4.64827 -0.310323 0
4.64372 -0.317008 0
4.17867 -0.298361 0
4.1032 -0.385376 0
3.78875 -0.280363 0
3.79529 -0.573169 0
5.15744 -0.538744 0
4.88648 -0.580691 0
4.84189 -0.643262 0
4.3912 -0.618651 0
4.10826 -0.395081 0
4.89136 -1.26847 0
4.90048 -1.06367 0
4.89368 -1.05202 0
5.00171 -0.659086 0
4.88337 -0.589103 0
4.83212 -0.712852 0
4.397 -0.709459 0
4.38799 -0.632897 0
4.84187 -0.644221 0
4.84789 -0.993805 0
4.83969 -1.30581 0
5.09195 -0.655939 0
5.09158 -0.656305 0
4.9912 -1.41816 0
4.58168 0.0958871 0
4.49581 0.00571996 0
4.62299 -0.0384114 0
4.61824 -0.0614812 0
4.81515 -0.273748 0
4.62571 -0.033497 0
4.13005 0.207213 0
3.88078 -0.167033 0
4.14626 -0.217122 0
4.47889 0.275963 0
3.72864 -0.0599006 0
3.73276 -0.103302 0
6.11409 -0.720832 0
6.09303 -0.739204 0
5.64567 -0.659181 0
5.3172 -0.890023 0
5.80959 -1.54853 0
5.57397 -1.41342 0
5.57151 -1.41465 0
5.32381 -1.3632 0
5.56679 -1.4211 0
5.80505 -1.57142 0
5.58671 -1.49015 0
5.36758 -1.37682 0
5.87637 -0.952371 0
5.78634 -1.18358 0
5.82279 -1.22623 0
5.87782 -0.952753 0
5.75642 -1.18723 0
5.31856 -0.892347 0
5.46276 -1.21937 0
5.31675 -0.891805 0
5.31297 -0.224899 0
5.36552 -0.214127 0
5.95455 -0.400265 0
5.83912 -0.0201051 0
5.85253 -0.0269564 0
5.5068 0.160462 0
6.01659 -0.429404 0
5.75889 -0.420482 0
5.3729 -0.265267 0
5.24647 -0.573723 0
5.64558 -0.657923 0
5.76511 -0.654425 0
POLYGONS 6229 31145
4 0 1020 1019 1018
4 0 1 1021 1020
4 1 2 1022 1021
4 2 3 1023 1022
4 3 4 1024 1023
4 4 5 1025 1024
4 5 6 1026 1025
4 6 7 1027 1026
4 7 8 1028 1027
4 8 9 1029 1028
4 9 10 1030 1029
4 10 11 1031 1030
4 11 12 1032 1031
4 12 13 1033 1032
4 13 14 1034 1033
4 14 15 1035 1034
4 15 16 1036 1035
4 16 17 1037 1036
4 17 18 1038 1037
4 18 19 1039 1038
4 19 20 1040 1039
4 20 21 1041 1040
4 21 22 1042 1041
4 22 23 1043 1042
4 23 24 1044 1043
4 24 25 1045 1044
4 25 26 1046 1045
4 26 27 1047 1046
4 27 28 1048 1047
4 28 29 1049 1048
4 29 30 1050 1049
4 30 31 1051 1050
4 31 32 1052 1051
4 32 33 1053 1052
4 33 34 1054 1053
4 34 35 1055 1054
4 35 36 1056 1055
4 36 1058 1057 1056
4 36 37 1059 1058
4 37 38 1060 1059
4 38 39 1061 1060
4 39 40 1062 1061
4 40 41 1063 1062
4 41 42 1064 1063
4 42 1066 1065 1064
4 42 43 1067 1066
4 43 44 1068 1067
4 44 45 1069 1068
4 45 46 1070 1069
4 46 47 1071 1070
4 47 48 1072 1071
4 48 49 1073 1072
4 49 50 1074 1073
4 50 51 1075 1074
4 51 52 1076 1075
4 52 53 1077 1076
4 53 54 1078 1077
4 54 55 1079 1078
4 55 56 1080 1079
4 56 57 1081 1080
4 57 58 1082 1081
4 58 59 1083 1082
4 59 60 1084 1083
4 60 61 1085 1084
4 61 62 1086 1085
4 62 63 1087 1086
4 63 64 1088 1087
4 64 65 1089 1088
4 65 66 1090 1089
4 66 67 1091 1090
4 67 68 1092 1091
4 68 69 1093 1092
4 69 70 1094 1093
4 70 71 1095 1094
4 71 72 1096 1095
4 72 73 1097 1096
4 73 74 1098 1097
4 74 75 1099 1098
4 75 1101 1100 1099
4 75 76 1102 1101
4 76 77 1103 1102
4 77 78 1104 1103
4 78 79 1105 1104
4 79 80 1106 1105
4 80 81 1107 1106
4 81 1109 1108 1107
4 81 82 1110 1109
4 82 83 1111 1110
4 83 84 1112 1111
4 84 85 1113 1112
4 85 86 1114 1113
4 86 87 1115 1114
4 87 88 1116 1115
4 88 89 1117 1116
4 89 90 1118 1117
4 90 91 1119 1118
4 91 92 1120 1119
4 92 93 1121 1120
4 93 94 1122 1121
4 94 95 1123 1122
4 95 96 1124 1123
4 96 97 1125 1124
4 97 98 1126 1125
4 98 99 1127 1126
4 99 100 1128 1127
4 100 101 1129 1128
4 101 102 1130 1129
4 102 103 1131 1130
4 103 104 1132 1131
4 104 105 1133 1132
4 105 106 1134 1133
4 106 107 1135 1134
4 107 108 1136 1135
4 108 109 1137 1136
4 109 110 1138 1137
4 110 111 1139 1138
4 111 112 1140 1139
4 112 113 1141 1140
4 113 114 1142 1141
4 114 1144 1143 1142
4 114 115 1145 1144
4 115 116 1146 1145
4 116 117 1147 1146
4 117 118 1148 1147
4 118 119 1149 1148
4 119 120 1150 1149
4 120 1152 1151 1150
4 120 121 1153 1152
4 121 122 1154 1153
4 122 123 1155 1154
4 123 124 1156 1155
4 124 125 1157 1156
4 125 126 1158 1157
4 126 127 1159 1158
4 127 128 1160 1159
4 128 129 1161 1160
4 129 130 1162 1161
4 130 131 1163 1162
4 131 132 1164 1163
4 132 133 1165 1164
4 133 134 1166 1165
4 134 135 1167 1166
4 135 136 1168 1167
4 136 137 1169 1168
4 137 138 1170 1169
4 138 139 1171 1170
4 139 140 1172 1171
4 140 141 1173 1172
4 141 142 1174 1173
4 142 143 1175 1174
4 143 144 1176 1175
4 144 145 1177 1176
4 145 146 1178 1177
4 146 147 1179 1178
4 147 148 1180 1179
4 148 149 1181 1180
4 149 150 1182 1181
4 150 151 1183 1182
4 151 152 1184 1183
4 152 153 1185 1184
4 153 1187 1186 1185
4 153 154 1188 1187
4 154 155 1189 1188
4 155 156 1190 1189
4 156 157 1191 1190
4 157 158 1192 1191
4 158 159 1193 1192
4 159 1195 1194 1193
4 159 160 1196 1195
4 160 161 1197 1196
4 161 162 1198 1197
4 162 163 1199 1198
4 163 164 1200 1199
4 164 165 1201 1200
4 165 166 1202 1201
4 166 167 1203 1202
4 167 168 1204 1203
4 168 169 1205 1204
4 169 170 1206 1205
4 170 171 1207 1206
4 171 172 1208 1207
4 172 173 1209 1208
4 173 174 1210 1209
4 174 175 1211 1210
4 175 176 1212 1211
4 176 177 1213 1212
4 177 178 1214 1213
4 178 179 1215 1214
4 179 180 1216 1215
4 180 181 1217 1216
4 181 182 1218 1217
4 182 183 1219 1218
4 183 184 1220 1219
4 184 185 1221 1220
4 185 186 1222 1221
4 186 187 1223 1222
4 187 188 1224 1223
4 188 189 1225 1224
4 189 190 1226 1225
4 190 191 1227 1226
4 191 192 1228 1227
4 192 1230 1229 1228
4 192 193 1231 1230
4 193 194 1232 1231
4 194 195 1233 1232
4 195 196 1234 1233
4 196 197 1235 1234
4 197 1237 1236 1235
4 197 198 1238 1237
4 198 199 1239 1238
4 199 200 1240 1239
4 200 201 1241 1240
4 201 202 1242 1241
4 202 203 1243 1242
4 203 204 1244 1243
4 204 205 1245 1244
4 205 206 1246 1245
4 206 207 1247 1246
4 207 208 1248 1247
4 208 209 1249 1248
4 209 210 1250 1249
4 210 211 1251 1250
4 211 212 1252 1251
4 212 213 1253 1252
4 213 214 1254 1253
4 214 215 1255 1254
4 215 216 1256 1255
4 216 217 1257 1256
4 217 218 1258 1257
4 218 219 1259 1258
4 219 220 1260 1259
4 220 221 1261 1260
4 221 222 1262 1261
4 222 223 1263 1262
4 223 224 1264 1263
4 224 225 1265 1264
4 225 226 1266 1265
4 226 227 1267 1266
4 227 228 1268 1267
4 228 229 1269 1268
4 229 230 1270 1269
4 230 1272 1271 1270
4 230 231 982 1272
4 982 983 1273 1272
4 983 984 1274 1273
4 984 985 1275 1274
4 985 986 1276 1275
4 986 987 1277 1276
4 987 988 1278 1277
4 988 989 1279 1278
4 989 990 1280 1279
4 990 832 833 1280
4 833 834 1281 1280
4 834 835 1282 1281
4 835 836 1283 1282
4 836 837 1284 1283
4 837 838 1285 1284
4 838 839 1286 1285
4 839 840 1287 1286
4 840 841 1288 1287
4 841 842 1289 1288
4 842 843 1290 1289
4 843 844 1291 1290
4 844 845 1292 1291
4 845 846 1293 1292
4 846 847 1294 1293
4 847 848 1295 1294
4 848 849 1296 1295
4 849 850 1297 1296
4 850 851 1298 1297
4 851 852 1299 1298
4 852 853 1300 1299
4 853 854 1301 1300
4 854 855 1302 1301
4 855 856 1303 1302
4 856 857 1304 1303
4 857 796 991 1304
4 991 992 1305 1304
4 992 993 1306 1305
4 993 994 1307 1306
4 994 995 1308 1307
4 995 996 1309 1308
4 996 718 1310 1309
4 718 719 1311 1310
4 719 720 1312 1311
4 720 721 1313 1312
4 721 722 1314 1313
4 722 723 1315 1314
4 723 724 725 1315
4 725 726 1316 1315
4 726 727 1317 1316
4 727 1319 1318 1317
4 727 728 1320 1319
4 728 729 1321 1320
4 729 730 731 1321
4 731 732 1322 1321
4 732 733 1323 1322
4 733 670 1324 1323
4 670 1004 1325 1324
4 1004 1005 1326 1325
4 1005 1006 1327 1326
4 1006 1007 1328 1327
4 1007 1008 1329 1328
4 1008 1009 1330 1329
4 1009 1010 1331 1330
4 1010 734 735 1331
4 735 736 1332 1331
4 736 737 1333 1332
4 737 738 1334 1333
4 738 739 1335 1334
4 739 740 1336 1335
4 740 741 1337 1336
4 741 742 1338 1337
4 742 743 1339 1338
4 743 744 1340 1339
4 744 745 1341 1340
4 745 746 1342 1341
4 746 747 1343 1342
4 747 748 1344 1343
4 748 749 1345 1344
4 749 750 1346 1345
4 750 751 1347 1346
4 751 752 1348 1347
4 752 753 1349 1348
4 753 754 1350 1349
4 754 755 1351 1350
4 755 756 1352 1351
4 756 757 1353 1352
4 757 758 1354 1353
4 758 759 1355 1354
4 759 760 1356 1355
4 760 761 1357 1356
4 761 762 1358 1357
4 762 763 1359 1358
4 763 764 1360 1359
4 764 765 1361 1360
4 765 766 1362 1361
4 766 767 1363 1362
4 767 768 1364 1363
4 768 769 1365 1364
4 769 770 1366 1365
4 770 771 1367 1366
4 771 772 1368 1367
4 772 773 1369 1368
4 773 774 1370 1369
4 774 775 1371 1370
4 775 776 1372 1371
4 776 777 1373 1372
4 777 778 1374 1373
4 778 779 1375 1374
4 779 780 1376 1375
4 780 781 1377 1376
4 781 782 1378 1377
4 782 783 1379 1378
4 783 784 1380 1379
4 784 785 1381 1380
4 785 786 1382 1381
4 786 787 1383 1382
4 787 788 1384 1383
4 788 789 1385 1384
4 789 790 1386 1385
4 790 791 1387 1386
4 791 792 1388 1387
4 792 793 1389 1388
4 793 794 1390 1389
4 794 795 1391 1390
4 795 734 1010 1391
4 1010 1009 1392 1391
4 1009 1008 1393 1392
4 1008 1007 1394 1393
4 1007 1006 1395 1394
4 1006 1005 1396 1395
4 1005 1004 1397 1396
4 1004 670 1398 1397
4 670 671 1399 1398
4 671 672 1400 1399
4 672 673 1401 1400
4 673 674 1402 1401
4 674 675 1403 1402
4 675 676 677 1403
4 677 678 1404 1403
4 678 679 1405 1404
4 679 1407 1406 1405
4 679 680 1408 1407
4 680 681 1409 1408
4 681 682 683 1409
4 683 684 1410 1409
4 684 685 1411 1410
4 685 686 1412 1411
4 686 1011 1413 1412
4 1011 1012 1414 1413
4 1012 1013 1415 1414
4 1013 1014 1416 1415
4 1014 1015 1417 1416
4 1015 1016 1418 1417
4 1016 1017 1419 1418
4 1017 920 921 1419
4 921 922 1420 1419
4 922 923 1421 1420
4 923 924 1422 1421
4 924 925 1423 1422
4 925 926 1424 1423
4 926 927 1425 1424
4 927 928 1426 1425
4 928 929 1427 1426
4 929 930 1428 1427
4 930 931 1429 1428
4 931 932 1430 1429
4 932 933 1431 1430
4 933 934 1432 1431
4 934 935 1433 1432
4 935 936 1434 1433
4 936 937 1435 1434
4 937 938 1436 1435
4 938 939 1437 1436
4 939 940 1438 1437
4 940 941 1439 1438
4 941 942 1440 1439
4 942 943 1441 1440
4 943 944 1442 1441
4 944 945 1443 1442
4 945 946 1444 1443
4 946 947 1445 1444
4 947 948 1446 1445
4 948 949 1447 1446
4 949 950 1448 1447
4 950 951 1449 1448
4 951 952 1450 1449
4 952 953 1451 1450
4 953 954 1452 1451
4 954 955 1453 1452
4 955 956 1454 1453
4 956 957 1455 1454
4 957 958 1456 1455
4 958 959 1457 1456
4 959 960 1458 1457
4 960 961 1459 1458
4 961 962 1460 1459
4 962 963 1461 1460
4 963 964 1462 1461
4 964 965 1463 1462
4 965 966 1464 1463
4 966 967 1465 1464
4 967 968 1466 1465
4 968 969 1467 1466
4 969 970 1468 1467
4 970 971 1469 1468
4 971 972 1470 1469
4 972 973 1471 1470
4 973 974 1472 1471
4 974 975 1473 1472
4 975 976 1474 1473
4 976 977 1475 1474
4 977 978 1476 1475
4 978 979 1477 1476
4 979 980 1478 1477
4 980 981 1479 1478
4 981 920 1017 1479
4 1017 1016 1480 1479
4 1016 1015 1481 1480
4 1015 1014 1482 1481
4 1014 1013 1483 1482
4 1013 1012 1484 1483
4 1012 1011 1485 1484
4 1011 686 1486 1485
4 686 687 1487 1486
4 687 688 1488 1487
4 688 689 1489 1488
4 689 690 1490 1489
4 690 691 1491 1490
4 691 692 693 1491
4 693 694 1492 1491
4 694 695 1493 1492
4 695 1495 1494 1493
4 695 696 1496 1495
4 696 697 1497 1496
4 697 698 699 1497
4 699 700 1498 1497
4 700 701 1499 1498
4 701 702 1500 1499
4 702 997 1501 1500
4 997 998 1502 1501
4 998 999 1503 1502
4 999 1000 1504 1503
4 1000 1001 1505 1504
4 1001 1002 1506 1505
4 1002 1003 1507 1506
4 1003 858 859 1507
4 859 860 1508 1507
4 860 861 1509 1508
4 861 862 1510 1509
4 862 863 1511 1510
4 863 864 1512 1511
4 864 865 1513 1512
4 865 866 1514 1513
4 866 867 1515 1514
4 867 868 1516 1515
4 868 869 1517 1516
4 869 870 1518 1517
4 870 871 1519 1518
4 871 872 1520 1519
4 872 873 1521 1520
4 873 874 1522 1521
4 874 875 1523 1522
4 875 876 1524 1523
4 876 877 1525 1524
4 877 878 1526 1525
4 878 879 1527 1526
4 879 880 1528 1527
4 880 881 1529 1528
4 881 882 1530 1529
4 882 883 1531 1530
4 883 884 1532 1531
4 884 885 1533 1532
4 885 886 1534 1533
4 886 887 1535 1534
4 887 888 1536 1535
4 888 889 1537 1536
4 889 890 1538 1537
4 890 891 1539 1538
4 891 892 1540 1539
4 892 893 1541 1540
4 893 894 1542 1541
4 894 895 1543 1542
4 895 896 1544 1543
4 896 897 1545 1544
4 897 898 1546 1545
4 898 899 1547 1546
4 899 900 1548 1547
4 900 901 1549 1548
4 901 902 1550 1549
4 902 903 1551 1550
4 903 904 1552 1551
4 904 905 1553 1552
4 905 906 1554 1553
4 906 907 1555 1554
4 907 908 1556 1555
4 908 909 1557 1556
4 909 910 1558 1557
4 910 911 1559 1558
4 911 912 1560 1559
4 912 913 1561 1560
4 913 914 1562 1561
4 914 915 1563 1562
4 915 916 1564 1563
4 916 917 1565 1564
4 917 918 1566 1565
4 918 919 1567 1566
4 919 858 1003 1567
4 1003 1002 1568 1567
4 1002 1001 1569 1568
4 1001 1000 1570 1569
4 1000 999 1571 1570
4 999 998 1572 1571
4 998 997 1573 1572
4 997 702 1574 1573
4 702 703 1575 1574
4 703 704 1576 1575
4 704 705 1577 1576
4 705 706 1578 1577
4 706 707 1579 1578
4 707 708 709 1579
4 709 710 1580 1579
4 710 711 1581 1580
4 711 1583 1582 1581
4 711 712 1584 1583
4 712 713 1585 1584
4 713 714 715 1585
4 715 716 1586 1585
4 716 717 1587 1586
4 717 718 1588 1587
4 718 996 1589 1588
4 996 995 1590 1589
4 995 994 1591 1590
4 994 993 1592 1591
4 993 992 1593 1592
4 992 991 1594 1593
4 991 796 797 1594
4 797 798 1595 1594
4 798 799 1596 1595
4 799 800 1597 1596
4 800 801 1598 1597
4 801 802 1599 1598
4 802 803 1600 1599
4 803 804 1601 1600
4 804 805 1602 1601
4 805 806 1603 1602
4 806 807 1604 1603
4 807 808 1605 1604
4 808 809 1606 1605
4 809 810 1607 1606
4 810 811 1608 1607
4 811 812 1609 1608
4 812 813 1610 1609
4 813 814 1611 1610
4 814 815 1612 1611
4 815 816 1613 1612
4 816 817 1614 1613
4 817 818 1615 1614
4 818 819 1616 1615
4 819 820 1617 1616
4 820 821 1618 1617
4 821 822 1619 1618
4 822 823 1620 1619
4 823 824 1621 1620
4 824 825 1622 1621
4 825 826 1623 1622
4 826 827 1624 1623
4 827 828 1625 1624
4 828 829 1626 1625
4 829 830 1627 1626
4 830 831 1628 1627
4 831 832 990 1628
4 990 989 1629 1628
4 989 988 1630 1629
4 988 987 1631 1630
4 987 986 1632 1631
4 986 985 1633 1632
4 985 984 1634 1633
4 984 983 1635 1634
4 983 982 1636 1635
4 982 231 232 1636
4 232 233 1637 1636
4 233 234 1638 1637
4 234 235 1639 1638
4 235 236 1640 1639
4 236 1642 1641 1640
4 236 237 1643 1642
4 237 238 1644 1643
4 238 239 1645 1644
4 239 240 1646 1645
4 240 241 1647 1646
4 241 242 1648 1647
4 242 243 1649 1648
4 243 244 1650 1649
4 244 245 1651 1650
4 245 246 1652 1651
4 246 247 1653 1652
4 247 248 1654 1653
4 248 249 1655 1654
4 249 250 1656 1655
4 250 251 1657 1656
4 251 252 1658 1657
4 252 253 1659 1658
4 253 254 1660 1659
4 254 255 1661 1660
4 255 256 1662 1661
4 256 257 1663 1662
4 257 258 1664 1663
4 258 259 1665 1664
4 259 260 1666 1665
4 260 261 1667 1666
4 261 262 1668 1667
4 262 263 1669 1668
4 263 264 1670 1669
4 264 265 1671 1670
4 265 266 1672 1671
4 266 267 1673 1672
4 267 268 1674 1673
4 268 269 1675 1674
4 269 1677 1676 1675
4 269 270 1678 1677
4 270 271 1679 1678
4 271 272 1680 1679
4 272 273 1681 1680
4 273 274 1682 1681
4 274 1684 1683 1682
4 274 275 1685 1684
4 275 276 1686 1685
4 276 277 1687 1686
4 277 278 1688 1687
4 278 279 1689 1688
4 279 280 1690 1689
4 280 281 1691 1690
4 281 282 1692 1691
4 282 283 1693 1692
4 283 284 1694 1693
4 284 285 1695 1694
4 285 286 1696 1695
4 286 287 1697 1696
4 287 288 1698 1697
4 288 289 1699 1698
4 289 290 1700 1699
4 290 291 1701 1700
4 291 292 1702 1701
4 292 293 1703 1702
4 293 294 1704 1703
4 294 295 1705 1704
4 295 296 1706 1705
4 296 297 1707 1706
4 297 298 1708 1707
4 298 299 1709 1708
4 299 300 1710 1709
4 300 301 1711 1710
4 301 302 1712 1711
4 302 303 1713 1712
4 303 304 1714 1713
4 304 305 1715 1714
4 305 306 1716 1715
4 306 307 1717 1716
4 307 1719 1718 1717
4 307 308 1720 1719
4 308 309 1721 1720
4 309 310 1722 1721
4 310 311 1723 1722
4 311 312 1724 1723
4 312 1726 1725 1724
4 312 313 1727 1726
4 313 314 1728 1727
4 314 315 1729 1728
4 315 316 1730 1729
4 316 317 1731 1730
4 317 318 1732 1731
4 318 319 1733 1732
4 319 320 1734 1733
4 320 321 1735 1734
4 321 322 1736 1735
4 322 323 1737 1736
4 323 324 1738 1737
4 324 325 1739 1738
4 325 326 1740 1739
4 326 327 1741 1740
4 327 328 1742 1741
4 328 329 1743 1742
4 329 330 1744 1743
4 330 331 1745 1744
4 331 332 1746 1745
4 332 333 1747 1746
4 333 334 1748 1747
4 334 335 1749 1748
4 335 336 1750 1749
4 336 337 1751 1750
4 337 338 1752 1751
4 338 339 1753 1752
4 339 340 1754 1753
4 340 341 1755 1754
4 341 342 1756 1755
4 342 343 1757 1756
4 343 344 1758 1757
4 344 345 1759 1758
4 345 1761 1760 1759
4 345 346 1762 1761
4 346 347 1763 1762
4 347 348 1764 1763
4 348 349 1765 1764
4 349 350 1766 1765
4 350 1768 1767 1766
4 350 351 1769 1768
4 351 352 1770 1769
4 352 353 1771 1770
4 353 354 1772 1771
4 354 355 1773 1772
4 355 356 1774 1773
4 356 357 1775 1774
4 357 358 1776 1775
4 358 359 1777 1776
4 359 360 1778 1777
4 360 361 1779 1778
4 361 362 1780 1779
4 362 363 1781 1780
4 363 364 1782 1781
4 364 365 1783 1782
4 365 366 1784 1783
4 366 367 1785 1784
4 367 368 1786 1785
4 368 369 1787 1786
4 369 370 1788 1787
4 370 371 1789 1788
4 371 372 1790 1789
4 372 373 1791 1790
4 373 374 1792 1791
4 374 375 1793 1792
4 375 376 1794 1793
4 376 377 1795 1794
4 377 378 1796 1795
4 378 379 1797 1796
4 379 380 1798 1797
4 380 381 1799 1798
4 381 382 1800 1799
4 382 383 1801 1800
4 383 384 1802 1801
4 384 1804 1803 1802
4 384 385 1805 1804
4 385 386 1806 1805
4 386 387 1807 1806
4 387 388 1808 1807
4 388 389 1809 1808
4 389 390 1810 1809
4 390 1812 1811 1810
4 390 391 1813 1812
4 391 392 1814 1813
4 392 393 1815 1814
4 393 394 1816 1815
4 394 395 1817 1816
4 395 396 1818 1817
4 396 397 1819 1818
4 397 398 1820 1819
4 398 399 1821 1820
4 399 400 1822 1821
4 400 401 1823 1822
4 401 402 1824 1823
4 402 403 1825 1824
4 403 404 1826 1825
4 404 405 1827 1826
4 405 406 1828 1827
4 406 407 1829 1828
4 407 408 1830 1829
4 408 409 1831 1830
4 409 410 1832 1831
4 410 411 1833 1832
4 411 412 1834 1833
4 412 413 1835 1834
4 413 414 1836 1835
4 414 415 1837 1836
4 415 416 1838 1837
4 416 417 1839 1838
4 417 418 1840 1839
4 418 419 1841 1840
4 419 420 1842 1841
4 420 421 1843 1842
4 421 422 1844 1843
4 422 423 1845 1844
4 423 424 1846 1845
4 424 425 1847 1846
4 425 426 1848 1847
4 426 1850 1849 1848
4 426 427 1851 1850
4 427 428 1852 1851
4 428 429 1853 1852
4 429 430 1854 1853
4 430 431 1855 1854
4 431 1857 1856 1855
4 431 432 1858 1857
4 432 433 1859 1858
4 433 434 1860 1859
4 434 435 1861 1860
4 435 436 1862 1861
4 436 437 1863 1862
4 437 438 1864 1863
4 438 439 1865 1864
4 439 440 1866 1865
4 440 441 1867 1866
4 441 442 1868 1867
4 442 443 1869 1868
4 443 444 1870 1869
4 444 445 1871 1870
4 445 446 1872 1871
4 446 447 1873 1872
4 447 448 1874 1873
4 448 449 1875 1874
4 449 450 1876 1875
4 450 451 1877 1876
4 451 452 1878 1877
4 452 453 1879 1878
4 453 454 1880 1879
4 454 455 1881 1880
4 455 456 1882 1881
4 456 457 1883 1882
4 457 458 1884 1883
4 458 459 1885 1884
4 459 460 1886 1885
4 460 461 1887 1886
4 461 462 1888 1887
4 462 463 1889 1888
4 463 464 1890 1889
4 464 1892 1891 1890
4 464 465 1893 1892
4 465 466 1894 1893
4 466 467 1895 1894
4 467 468 1896 1895
4 468 469 1897 1896
4 469 470 1898 1897
4 470 1900 1899 1898
4 470 471 1901 1900
4 471 472 1902 1901
4 472 473 1903 1902
4 473 474 1904 1903
4 474 475 1905 1904
4 475 476 1906 1905
4 476 477 1907 1906
4 477 478 1908 1907
4 478 479 1909 1908
4 479 480 1910 1909
4 480 481 1911 1910
4 481 482 1912 1911
4 482 483 1913 1912
4 483 484 1914 1913
4 484 485 1915 1914
4 485 486 1916 1915
4 486 487 1917 1916
4 487 488 1918 1917
4 488 489 1919 1918
4 489 490 1920 1919
4 490 491 1921 1920
4 491 492 1922 1921
4 492 493 1923 1922
4 493 494 1924 1923
4 494 495 1925 1924
4 495 496 1926 1925
4 496 497 1927 1926
4 497 498 1928 1927
4 498 499 1929 1928
4 499 500 1930 1929
4 500 501 1931 1930
4 501 502 1932 1931
4 502 503 1933 1932
4 503 1935 1934 1933
4 503 504 1936 1935
4 504 505 1937 1936
4 505 506 1938 1937
4 506 507 1939 1938
4 507 508 1940 1939
4 508 509 1941 1940
4 509 1943 1942 1941
4 509 510 1944 1943
4 510 511 1945 1944
4 511 512 1946 1945
4 512 513 1947 1946
4 513 514 1948 1947
4 514 515 1949 1948
4 515 516 1950 1949
4 516 517 1951 1950
4 517 518 1952 1951
4 518 519 1953 1952
4 519 520 1954 1953
4 520 521 1955 1954
4 521 522 1956 1955
4 522 523 1957 1956
4 523 524 1958 1957
4 524 525 1959 1958
4 525 526 1960 1959
4 526 527 1961 1960
4 527 528 1962 1961
4 528 529 1963 1962
4 529 530 1964 1963
4 530 531 1965 1964
4 531 532 1966 1965
4 532 533 1967 1966
4 533 534 1968 1967
4 534 535 1969 1968
4 535 536 1970 1969
4 536 537 1971 1970
4 537 538 1972 1971
4 538 539 1973 1972
4 539 540 1974 1973
4 540 541 1975 1974
4 541 542 1976 1975
4 542 1978 1977 1976
4 542 543 1979 1978
4 543 544 1980 1979
4 544 545 1981 1980
4 545 546 1982 1981
4 546 547 1983 1982
4 547 548 1984 1983
4 548 1986 1985 1984
4 548 549 1987 1986
4 549 550 1988 1987
4 550 551 1989 1988
4 551 552 1990 1989
4 552 553 1991 1990
4 553 554 1992 1991
4 554 555 1993 1992
4 555 556 1994 1993
4 556 557 1995 1994
4 557 558 1996 1995
4 558 559 1997 1996
4 559 560 1998 1997
4 560 561 1999 1998
4 561 562 2000 1999
4 562 563 2001 2000
4 563 564 2002 2001
4 564 565 2003 2002
4 565 566 2004 2003
4 566 567 2005 2004
4 567 568 2006 2005
4 568 569 2007 2006
4 569 570 2008 2007
4 570 571 2009 2008
4 571 572 2010 2009
4 572 573 2011 2010
4 573 574 2012 2011
4 574 575 2013 2012
4 575 576 2014 2013
4 576 577 2015 2014
4 577 578 2016 2015
4 578 579 2017 2016
4 579 580 2018 2017
4 580 581 2019 2018
4 581 582 2020 2019
4 582 583 2021 2020
4 583 584 2022 2021
4 584 2024 2023 2022
4 584 585 2025 2024
4 585 586 2026 2025
4 586 587 2027 2026
4 587 588 2028 2027
4 588 589 2029 2028
4 589 590 2030 2029
4 590 2032 2031 2030
4 590 591 2033 2032
4 591 592 2034 2033
4 592 593 2035 2034
4 593 594 2036 2035
4 594 595 2037 2036
4 595 596 2038 2037
4 596 597 2039 2038
4 597 598 2040 2039
4 598 599 2041 2040
4 599 600 2042 2041
4 600 601 2043 2042
4 601 602 2044 2043
4 602 603 2045 2044
4 603 604 2046 2045
4 604 605 2047 2046
4 605 606 2048 2047
4 606 607 2049 2048
4 607 608 2050 2049
4 608 609 2051 2050
4 609 610 2052 2051
4 610 611 2053 2052
4 611 612 2054 2053
4 612 613 2055 2054
4 613 614 2056 2055
4 614 615 2057 2056
4 615 616 2058 2057
4 616 617 2059 2058
4 617 618 2060 2059
4 618 619 2061 2060
4 619 620 2062 2061
4 620 621 2063 2062
4 621 622 2064 2063
4 622 623 2065 2064
4 623 2067 2066 2065
4 623 624 2068 2067
4 624 625 2069 2068
4 625 626 2070 2069
4 626 627 2071 2070
4 627 628 2072 2071
4 628 629 2073 2072
4 629 2075 2074 2073
4 629 630 2076 2075
4 630 631 2077 2076
4 631 632 2078 2077
4 632 633 2079 2078
4 633 634 2080 2079
4 634 635 2081 2080
4 635 636 2082 2081
4 636 637 2083 2082
4 637 638 2084 2083
4 638 639 2085 2084
4 639 640 2086 2085
4 640 641 2087 2086
4 641 642 2088 2087
4 642 643 2089 2088
4 643 644 2090 2089
4 644 645 2091 2090
4 645 646 2092 2091
4 646 647 2093 2092
4 647 648 2094 2093
4 648 649 2095 2094
4 649 650 2096 2095
4 650 651 2097 2096
4 651 652 2098 2097
4 652 653 2099 2098
4 653 654 2100 2099
4 654 655 2101 2100
4 655 656 2102 2101
4 656 657 2103 2102
4 657 658 2104 2103
4 658 659 2105 2104
4 659 660 2106 2105
4 660 661 2107 2106
4 661 662 2108 2107
4 662 2110 2109 2108
4 662 663 2111 2110
4 663 664 2112 2111
4 664 665 2113 2112
4 665 666 2114 2113
4 666 667 2115 2114
4 667 668 2116 2115
4 668 669 2117 2116
4 669 0 1018 2117
4 2223 2222 2210 2211
4 2220 2221 2224 2219
4 2221 2222 2223 2224
4 2226 2223 2211 2212
4 2219 2224 2225 2218
4 2225 2226 2212 2218
4 2224 2223 2226 2225
4 1605 2217 2213 1604
4 2217 2218 2212 2213
4 2230 2228 2222 2221
4 2170 2227 2229 2169
4 2229 2230 2221 2169
4 2227 2228 2230 2229
4 2221 2220 2168 2169
4 1575 1576 2227 2170
4 1576 2209 2228 2227
4 2209 2210 2222 2228
4 2216 2219 2218 2215
4 2166 2167 2231 2216
4 2231 2220 2219 2216
4 2167 2168 2220 2231
4 1606 2214 2217 1605
4 2214 2215 2218 2217
4 2233 2234 2235 2232
4 2235 2215 2214 2232
4 2234 2216 2215 2235
4 2214 1606 1607 2232
4 2164 2165 2234 2233
4 2165 2166 2216 2234
4 1608 2202 2232 1607
4 2202 2203 2233 2232
4 2203 2163 2164 2233
4 2242 2249 1581 2241
4 2249 2248 1580 1581
4 1581 1582 2204 2241
4 2246 2247 2250 2243
4 2250 2249 2242 2243
4 2247 2248 2249 2250
4 2252 2247 2246 1578
4 1580 2248 2251 1579
4 2251 2252 1578 1579
4 2248 2247 2252 2251
4 1577 2253 2254 1576
4 2254 2245 2209 1576
4 2253 2244 2245 2254
4 1578 2246 2253 1577
4 2246 2243 2244 2253
4 2256 2257 2239 2240
4 2257 2255 2238 2239
4 2240 2211 2210 2256
4 2245 2244 2257 2256
4 2244 2243 2255 2257
4 2256 2210 2209 2245
4 2237 2258 2259 2236
4 2258 2242 2241 2259
4 2204 2205 2259 2241
4 2205 2206 2236 2259
4 2238 2255 2258 2237
4 2255 2243 2242 2258
4 2213 2264 1603 1604
4 2264 2265 1602 1603
4 2265 2261 1601 1602
4 2261 2265 2263 2260
4 2265 2264 2262 2263
4 2264 2213 2212 2262
4 2240 2262 2212 2211
4 2260 2263 2239 2238
4 2263 2262 2240 2239
4 2268 2269 2266 2267
4 2269 2261 2260 2266
4 2267 2207 2208 2268
4 1599 1600 2269 2268
4 1600 1601 2261 2269
4 2268 2208 1598 1599
4 2267 2236 2206 2207
4 2238 2237 2266 2260
4 2237 2236 2267 2266
4 1583 2277 2204 1582
4 2279 2281 1583 1584
4 2281 2276 2277 1583
4 2276 2281 2282 2275
4 2282 2280 2278 2275
4 2281 2279 2280 2282
4 2284 2279 1584 1585
4 2278 2280 2283 1586
4 2283 2284 1585 1586
4 2280 2279 2284 2283
4 1589 2285 1587 1588
4 2285 2278 1586 1587
4 1590 2274 2285 1589
4 2274 2275 2278 2285
4 2275 2274 2270 2271
4 2274 1590 1591 2270
4 2272 2273 2277 2276
4 2273 2205 2204 2277
4 2276 2275 2271 2272
4 1592 2290 2270 1591
4 1595 2289 1593 1594
4 2289 2290 1592 1593
4 2286 2287 2292 2289
4 2292 2291 2290 2289
4 2287 2288 2291 2292
4 2289 1595 1596 2286
4 2272 2271 2291 2288
4 2271 2270 2290 2291
4 2294 2295 2288 2287
4 2295 2273 2272 2288
4 2287 2286 2293 2294
4 2207 2294 2293 2208
4 2273 2295 2206 2205
4 2295 2294 2207 2206
4 1596 1597 2293 2286
4 1597 1598 2208 2293
4 1613 2318 2319 1612
4 2319 2301 2302 1612
4 2318 2300 2301 2319
4 2321 2318 1613 1614
4 2299 2300 2320 2316
4 2320 2321 1614 2316
4 2300 2318 2321 2320
4 1615 2317 2322 1614
4 2322 2315 2316 1614
4 2317 2314 2315 2322
4 2312 2313 2323 1616
4 2323 2317 1615 1616
4 2313 2314 2317 2323
4 2297 2298 2324 2311
4 2324 2316 2315 2311
4 2298 2299 2316 2324
4 2308 2309 2313 2312
4 2309 2310 2314 2313
4 2310 2311 2315 2314
4 2306 2307 2325 1617
4 2325 2312 1616 1617
4 2307 2308 2312 2325
4 1617 1618 2171 2306
4 2302 2303 1611 1612
4 1609 2305 2202 1608
4 2303 2304 1610 1611
4 2304 2305 1609 1610
4 2328 2329 2308 2307
4 2329 2326 2309 2308
4 2172 2327 2306 2171
4 2327 2328 2307 2306
4 2328 2327 2330 2194
4 2330 2173 2174 2194
4 2327 2172 2173 2330
4 2326 2329 2195 2196
4 2329 2328 2194 2195
4 2311 2332 2296 2297
4 2326 2331 2310 2309
4 2331 2332 2311 2310
4 2196 2197 2331 2326
4 2197 2198 2332 2331
4 2198 2199 2296 2332
4 2335 2162 2163 2203
4 2160 2161 2336 2334
4 2161 2162 2335 2336
4 2336 2335 2305 2304
4 2335 2203 2202 2305
4 2304 2303 2334 2336
4 2157 2158 2338 2333
4 2158 2159 2337 2338
4 2159 2160 2334 2337
4 2333 2338 2301 2300
4 2338 2337 2302 2301
4 2337 2334 2303 2302
4 2341 2342 2339 2340
4 2342 2298 2297 2339
4 2340 2155 2156 2341
4 2300 2299 2343 2333
4 2343 2342 2341 2333
4 2299 2298 2342 2343
4 2341 2156 2157 2333
4 2153 2154 2344 2201
4 2154 2155 2340 2344
4 2340 2339 2345 2344
4 2339 2297 2296 2345
4 2199 2200 2345 2296
4 2200 2201 2344 2345
4 1717 1718 2367 2365
4 2367 2350 2351 2365
4 1718 2349 2350 2367
4 2347 2348 1719 1720
4 2348 2349 1718 1719
4 1715 1716 2366 2362
4 1716 1717 2365 2366
4 1720 1721 2346 2347
4 1721 1722 2147 2346
4 2363 2368 2352 2353
4 2368 2365 2351 2352
4 2366 2369 2361 2362
4 2369 2364 2360 2361
4 2365 2368 2369 2366
4 2368 2363 2364 2369
4 2370 2373 2357 2358
4 2373 2183 2184 2357
4 2371 2372 2373 2370
4 2372 2182 2183 2373
4 2355 2356 2372 2371
4 2356 2181 2182 2372
4 2353 2354 2374 2363
4 2354 2355 2371 2374
4 2364 2375 2359 2360
4 2375 2370 2358 2359
4 2363 2374 2375 2364
4 2374 2371 2370 2375
4 2389 2390 2392 2391
4 2390 2386 2387 2392
4 2382 2383 2392 2387
4 2383 2384 2391 2392
4 2391 2393 2388 2389
4 2393 2359 2358 2388
4 2384 2385 2393 2391
4 2385 2360 2359 2393
4 2390 2389 2395 2186
4 2395 2394 2185 2186
4 2389 2388 2394 2395
4 2186 2187 2386 2390
4 2358 2357 2394 2388
4 2357 2184 2185 2394
4 2188 2400 2386 2187
4 2400 2399 2387 2386
4 2189 2401 2400 2188
4 2401 2398 2399 2400
4 2190 2396 2401 2189
4 2396 2397 2398 2401
4 2399 2398 2380 2381
4 2398 2397 2379 2380
4 2381 2382 2387 2399
4 2403 2396 2190 2191
4 2379 2397 2402 2378
4 2402 2403 2191 2378
4 2397 2396 2403 2402
4 2191 2192 2377 2378
4 1701 2376 2193 1700
4 2376 2377 2192 2193
4 2377 2376 1703 1704
4 2376 1701 1702 1703
4 1704 1705 2378 2377
4 2405 2408 1706 1707
4 2379 2407 2406 2380
4 2407 2408 2405 2406
4 2410 2407 2379 2378
4 1706 2408 2409 1705
4 2409 2410 2378 1705
4 2408 2407 2410 2409
4 2380 2406 2413 2381
4 2413 2412 2411 2381
4 2406 2405 2412 2413
4 1707 1708 2412 2405
4 1708 1709 2411 2412
4 1710 2404 2411 1709
4 2404 2382 2381 2411
4 1713 1714 2420 2419
4 1714 1715 2362 2420
4 2417 2361 2360 2385
4 2417 2418 2421 2361
4 2421 2420 2362 2361
4 2418 2419 2420 2421
4 2415 2416 2419 2418
4 2416 1712 1713 2419
4 2384 2414 2417 2385
4 2414 2415 2418 2417
4 1710 1711 2422 2404
4 2422 2416 2415 2404
4 1711 1712 2416 2422
4 2415 2414 2423 2404
4 2423 2383 2382 2404
4 2414 2384 2383 2423
4 2440 2441 2431 2432
4 2441 2426 2427 2431
4 2432 2433 2439 2440
4 2437 2440 2439 2436
4 2426 2441 2438 2425
4 2441 2440 2437 2438
4 2179 2435 2442 2178
4 2435 2436 2439 2442
4 2433 2434 2442 2439
4 2434 2177 2178 2442
4 2444 2445 2438 2437
4 2445 2424 2425 2438
4 2437 2436 2443 2444
4 2424 2445 2353 2352
4 2445 2444 2354 2353
4 2444 2443 2355 2354
4 2180 2446 2435 2179
4 2446 2443 2436 2435
4 2181 2356 2446 2180
4 2356 2355 2443 2446
4 2447 2451 2196 2195
4 2433 2432 2452 2448
4 2432 2431 2449 2452
4 2448 2452 2453 2447
4 2453 2450 2451 2447
4 2452 2449 2450 2453
4 2429 2430 2451 2450
4 2430 2197 2196 2451
4 2427 2428 2449 2431
4 2428 2429 2450 2449
4 2448 2455 2434 2433
4 2455 2176 2177 2434
4 2447 2454 2455 2448
4 2454 2175 2176 2455
4 2195 2194 2454 2447
4 2194 2174 2175 2454
4 2460 2466 2467 2459
4 2466 2464 2465 2467
4 2462 2463 2467 2465
4 2463 2458 2459 2467
4 2427 2426 2466 2460
4 2426 2425 2464 2466
4 2465 2469 2461 2462
4 2469 2350 2349 2461
4 2464 2468 2469 2465
4 2468 2351 2350 2469
4 2425 2424 2468 2464
4 2424 2352 2351 2468
4 2462 2461 2474 2473
4 2461 2349 2348 2474
4 2473 2474 2475 2472
4 2475 2347 2346 2472
4 2474 2348 2347 2475
4 2346 2147 2148 2472
4 2473 2472 2470 2471
4 2472 2148 2149 2470
4 2471 2463 2462 2473
4 2456 2470 2149 2150
4 2463 2471 2457 2458
4 2471 2470 2456 2457
4 2429 2428 2480 2479
4 2428 2427 2460 2480
4 2459 2476 2480 2460
4 2476 2477 2479 2480
4 2197 2430 2481 2198
4 2430 2429 2479 2481
4 2477 2478 2481 2479
4 2478 2199 2198 2481
4 2483 2487 2488 2482
4 2488 2485 2486 2482
4 2487 2484 2485 2488
4 2478 2477 2487 2483
4 2477 2476 2484 2487
4 2486 2151 2152 2482
4 2459 2458 2484 2476
4 2458 2457 2485 2484
4 2151 2486 2456 2150
4 2486 2485 2457 2456
4 2201 2200 2483 2482
4 2200 2199 2478 2483
4 2482 2152 2153 2201
4 2521 2535 1641 2520
4 2535 2536 1640 1641
4 1641 1642 2519 2520
4 2536 2534 1639 1640
4 2517 2518 1643 1644
4 2518 2519 1642 1643
4 1644 1645 2489 2517
4 2537 2538 2536 2535
4 2538 2533 2534 2536
4 2535 2521 2522 2537
4 2540 2537 2522 2523
4 2533 2538 2539 2532
4 2539 2540 2523 2532
4 2538 2537 2540 2539
4 2526 2527 2528 2529
4 2527 1626 1627 2528
4 2529 2530 2525 2526
4 2523 2524 2531 2532
4 2524 2525 2530 2531
4 2543 2542 2534 2533
4 1635 2541 2544 1634
4 2541 2542 2543 2544
4 2546 2543 2533 2532
4 1634 2544 2545 1633
4 2545 2546 2532 1633
4 2544 2543 2546 2545
4 1636 1637 2541 1635
4 1637 1638 2542 2541
4 1638 1639 2534 2542
4 2529 2528 1629 1630
4 2528 1627 1628 1629
4 1630 1631 2530 2529
4 2532 2531 1632 1633
4 2531 2530 1631 1632
4 2547 2548 2506 2507
4 2548 2549 2505 2506
4 2549 2490 2491 2505
4 2549 2517 2489 2490
4 2519 2518 2548 2547
4 2518 2517 2549 2548
4 2522 2550 2551 2523
4 2551 2511 2512 2523
4 2550 2510 2511 2551
4 2512 2513 2524 2523
4 2526 2525 2514 2515
4 2525 2524 2513 2514
4 2510 2550 2553 2509
4 2550 2522 2521 2553
4 2520 2552 2553 2521
4 2552 2508 2509 2553
4 2519 2547 2552 2520
4 2547 2507 2508 2552
4 2515 2516 2527 2526
4 2516 1625 1626 2527
4 2569 2570 1676 2568
4 2570 2564 1675 1676
4 1676 1677 2497 2568
4 2566 2567 2570 2569
4 2567 2563 2564 2570
4 2554 2572 2498 2499
4 2565 2571 2555 2556
4 2571 2572 2554 2555
4 2569 2568 2572 2571
4 2568 2497 2498 2572
4 2571 2565 2566 2569
4 2574 2575 2576 2573
4 2576 2558 2559 2573
4 2575 2557 2558 2576
4 2566 2565 2575 2574
4 2565 2556 2557 2575
4 2559 2509 2508 2573
4 2560 2561 2578 2573
4 2578 2577 2574 2573
4 2561 2562 2577 2578
4 2563 2567 2577 2562
4 2567 2566 2574 2577
4 2573 2508 2507 2560
4 2492 2581 2505 2491
4 2581 2582 2506 2505
4 2582 2560 2507 2506
4 2583 2584 2579 2580
4 2584 2493 2494 2579
4 2580 2562 2561 2583
4 2582 2583 2561 2560
4 2493 2584 2581 2492
4 2584 2583 2582 2581
4 2585 2588 2564 2563
4 2496 2587 2586 2495
4 2587 2588 2585 2586
4 1672 1673 2587 2496
4 1673 1674 2588 2587
4 1674 1675 2564 2588
4 2580 2579 2586 2585
4 2579 2494 2495 2586
4 2585 2563 2562 2580
4 2503 2504 2598 2597
4 2504 1622 1623 2598
4 1624 2589 2598 1623
4 2589 2590 2597 2598
4 2595 2599 2592 2593
4 2599 2600 2591 2592
4 2600 2597 2590 2591
4 2600 2599 2601 2502
4 2601 2596 2501 2502
4 2599 2595 2596 2601
4 2502 2503 2597 2600
4 2596 2595 2602 2603
4 2595 2593 2594 2602
4 2603 2500 2501 2596
4 2603 2602 2555 2554
4 2602 2594 2556 2555
4 2554 2499 2500 2603
4 2594 2608 2557 2556
4 2608 2607 2558 2557
4 2607 2608 2609 2606
4 2608 2594 2593 2609
4 2592 2604 2609 2593
4 2604 2605 2606 2609
4 2607 2606 2512 2511
4 2606 2605 2513 2512
4 2511 2510 2610 2607
4 2610 2559 2558 2607
4 2510 2509 2559 2610
4 2514 2591 2590 2515
4 2612 2604 2592 2591
4 2513 2605 2611 2514
4 2611 2612 2591 2514
4 2605 2604 2612 2611
4 1625 2516 2589 1624
4 2516 2515 2590 2589
4 1682 2619 2618 1681
4 1682 1683 2620 2619
4 2620 2179 2178 2619
4 1683 2180 2179 2620
4 1683 1684 2181 2180
4 2177 2613 2619 2178
4 2613 2614 2618 2619
4 2622 2623 1678 1679
4 2623 2497 1677 1678
4 2618 2621 1680 1681
4 2621 2622 1679 1680
4 2616 2617 2623 2622
4 2617 2498 2497 2623
4 2614 2615 2621 2618
4 2615 2616 2622 2621
4 2193 2628 2629 1700
4 2629 1698 1699 1700
4 2628 1697 1698 2629
4 2192 2627 2628 2193
4 2627 1696 1697 2628
4 2191 2626 2627 2192
4 2626 1695 1696 2627
4 2190 2630 2626 2191
4 2630 1694 1695 2626
4 2189 2625 2630 2190
4 2625 1693 1694 2630
4 2624 2631 2188 2187
4 2631 2625 2189 2188
4 1691 1692 2631 2624
4 1692 1693 2625 2631
4 2184 2632 2637 2185
4 2637 2636 2635 2185
4 2632 2633 2636 2637
4 1687 1688 2636 2633
4 1688 1689 2635 2636
4 1690 2634 2635 1689
4 2634 2186 2185 2635
4 1691 2624 2634 1690
4 2624 2187 2186 2634
4 2639 2632 2184 2183
4 1687 2633 2638 1686
4 2638 2639 2183 1686
4 2633 2632 2639 2638
4 1684 1685 2182 2181
4 1685 1686 2183 2182
4 2504 2648 1621 1622
4 2648 2646 1620 1621
4 2503 2647 2648 2504
4 2647 2645 2646 2648
4 2652 2653 2654 2651
4 2654 2643 2644 2651
4 2653 2642 2643 2654
4 2644 2645 2647 2651
4 2649 2650 2653 2652
4 2650 2641 2642 2653
4 2652 2501 2500 2649
4 2503 2502 2651 2647
4 2502 2501 2652 2651
4 2655 2656 2650 2649
4 2656 2640 2641 2650
4 2649 2500 2499 2655
4 2617 2616 2656 2655
4 2616 2615 2640 2656
4 2655 2499 2498 2617
4 2646 2661 1619 1620
4 2661 2171 1618 1619
4 2646 2645 2662 2661
4 2662 2659 2660 2661
4 2645 2644 2659 2662
4 2660 2172 2171 2661
4 2663 2664 2657 2658
4 2664 2643 2642 2657
4 2658 2174 2173 2663
4 2660 2659 2664 2663
4 2659 2644 2643 2664
4 2663 2173 2172 2660
4 2641 2665 2657 2642
4 2665 2666 2658 2657
4 2666 2175 2174 2658
4 2614 2613 2667 2668
4 2613 2177 2176 2667
4 2668 2640 2615 2614
4 2668 2665 2641 2640
4 2175 2666 2667 2176
4 2666 2665 2668 2667
4 1658 2682 1656 1657
4 2682 2683 1655 1656
4 2684 2688 2689 2683
4 2689 1654 1655 2683
4 2688 1653 1654 2689
4 2685 2687 2688 2684
4 2687 1652 1653 2688
4 2681 2690 2686 2680
4 2690 2687 2685 2686
4 1650 1651 2690 2681
4 1651 1652 2687 2690
4 2680 2686 2692 2679
4 2686 2685 2691 2692
4 2673 2674 2692 2691
4 2674 2675 2679 2692
4 2671 2684 2683 2670
4 2671 2672 2693 2684
4 2693 2691 2685 2684
4 2672 2673 2691 2693
4 1659 2669 2682 1658
4 2669 2670 2683 2682
4 2699 2700 2701 2681
4 2701 1649 1650 2681
4 2700 1648 1649 2701
4 2696 2697 2700 2699
4 2697 1647 1648 2700
4 2680 2698 2699 2681
4 2698 2695 2696 2699
4 2676 2702 2679 2675
4 2702 2698 2680 2679
4 2677 2694 2702 2676
4 2694 2695 2698 2702
4 2677 2678 2704 2694
4 2678 2493 2492 2704
4 2491 2703 2704 2492
4 2703 2695 2694 2704
4 2490 2705 2703 2491
4 2705 2696 2695 2703
4 2489 2706 2705 2490
4 2706 2697 2696 2705
4 1645 1646 2706 2489
4 1646 1647 2697 2706
4 2670 2669 1661 1662
4 2669 1659 1660 1661
4 1662 1663 2671 2670
4 2710 2711 2712 2713
4 2711 2673 2672 2712
4 2713 1664 1665 2710
4 2715 2712 2672 2671
4 1664 2713 2714 1663
4 2714 2715 2671 1663
4 2713 2712 2715 2714
4 1666 1667 2717 2716
4 2717 2707 2708 2716
4 1667 1668 2707 2717
4 2716 2710 1665 1666
4 2674 2718 2709 2675
4 2718 2716 2708 2709
4 2673 2711 2718 2674
4 2711 2710 2716 2718
4 2722 2723 2719 2720
4 2723 2709 2708 2719
4 2677 2676 2723 2722
4 2676 2675 2709 2723
4 2493 2678 2724 2494
4 2678 2677 2722 2724
4 2720 2721 2724 2722
4 2721 2495 2494 2724
4 2725 2726 2721 2720
4 2726 2496 2495 2721
4 1670 1671 2726 2725
4 1671 1672 2496 2726
4 1668 1669 2727 2707
4 1669 1670 2725 2727
4 2720 2719 2727 2725
4 2719 2708 2707 2727
4 2768 2769 1802 1803
4 2769 2770 1801 1802
4 2770 2771 1800 1801
4 2771 2772 1799 1800
4 1803 1804 2774 2768
4 2774 2773 2767 2768
4 2773 2774 2775 2140
4 2775 1805 1806 2140
4 2774 1804 1805 2775
4 2772 2744 1798 1799
4 2141 2757 2773 2140
4 2757 2758 2767 2773
4 2759 2761 2767 2758
4 2761 2762 2768 2767
4 2762 2763 2769 2768
4 2765 2766 2772 2771
4 2766 2743 2744 2772
4 2763 2764 2770 2769
4 2764 2765 2771 2770
4 2765 2764 2778 2777
4 2764 2763 2776 2778
4 2753 2754 2778 2776
4 2754 2755 2777 2778
4 2777 2779 2766 2765
4 2779 2742 2743 2766
4 2755 2756 2779 2777
4 2756 2741 2742 2779
4 2780 2781 2762 2761
4 2781 2776 2763 2762
4 2761 2759 2760 2780
4 2781 2780 2751 2752
4 2780 2760 2750 2751
4 2752 2753 2776 2781
4 2758 2757 2787 2785
4 2757 2141 2142 2787
4 2143 2786 2787 2142
4 2786 2784 2785 2787
4 2783 2145 2146 2782
4 2784 2786 2788 2783
4 2788 2144 2145 2783
4 2786 2143 2144 2788
4 2146 1544 1545 2782
4 2760 2759 2794 2793
4 2759 2758 2785 2794
4 2793 2794 2795 2792
4 2794 2785 2784 2795
4 2790 2791 2796 2783
4 2796 2795 2784 2783
4 2791 2792 2795 2796
4 2783 2782 2789 2790
4 2782 1545 1546 2789
4 2745 2789 1546 1547
4 2791 2790 2746 2747
4 2790 2789 2745 2746
4 2760 2793 2749 2750
4 2793 2792 2748 2749
4 2792 2791 2747 2748
4 2735 2736 2809 2808
4 2809 1767 2807 2808
4 2736 1766 1767 2809
4 1767 1768 2801 2807
4 2808 2800 2734 2735
4 2805 2806 2808 2807
4 2806 2799 2800 2808
4 2807 2801 2802 2805
4 2810 2811 2803 2804
4 2811 2805 2802 2803
4 2804 2754 2753 2810
4 2812 2810 2753 2752
4 2805 2811 2813 2806
4 2811 2810 2812 2813
4 2797 2798 2813 2812
4 2798 2799 2806 2813
4 2812 2752 2751 2797
4 1769 1770 2818 2819
4 1770 1771 2737 2818
4 2819 2801 1768 1769
4 2816 2818 2737 2738
4 2801 2819 2817 2802
4 2819 2818 2816 2817
4 2814 2815 2817 2816
4 2815 2803 2802 2817
4 2816 2738 2739 2814
4 2756 2821 2740 2741
4 2804 2820 2755 2754
4 2820 2821 2756 2755
4 2821 2820 2815 2814
4 2820 2804 2803 2815
4 2814 2739 2740 2821
4 2728 2829 1549 1550
4 2829 2826 1548 1549
4 2824 2825 2830 2828
4 2825 2826 2829 2830
4 2728 2729 2832 2829
4 2832 2831 2830 2829
4 2729 2730 2831 2832
4 2731 2827 2831 2730
4 2827 2828 2830 2831
4 2828 2827 2835 2836
4 2827 2731 2732 2835
4 2836 2823 2824 2828
4 2733 2833 2835 2732
4 2833 2834 2836 2835
4 2834 2822 2823 2836
4 2734 2800 2833 2733
4 2800 2799 2834 2833
4 2799 2798 2822 2834
4 2822 2837 2838 2823
4 2838 2749 2748 2823
4 2837 2750 2749 2838
4 2748 2747 2824 2823
4 2798 2797 2837 2822
4 2797 2751 2750 2837
4 2826 2825 2746 2745
4 2825 2824 2747 2746
4 2745 1547 1548 2826
4 2842 2859 2850 2841
4 2859 2858 2849 2850
4 2843 2856 2859 2842
4 2856 2857 2858 2859
4 2854 2855 2858 2857
4 2855 2848 2849 2858
4 2861 2856 2843 2844
4 2854 2857 2860 2853
4 2860 2861 2844 2853
4 2857 2856 2861 2860
4 2844 2845 2852 2853
4 1785 2851 2846 1784
4 2851 2852 2845 2846
4 1786 1787 2866 1785
4 2866 2865 2851 1785
4 1787 1788 2865 2866
4 1789 2864 2865 1788
4 2864 2852 2851 2865
4 1790 2863 2864 1789
4 2863 2853 2852 2864
4 1791 2862 2863 1790
4 2862 2854 2853 2863
4 1792 2867 2862 1791
4 2867 2855 2854 2862
4 1793 2847 2867 1792
4 2847 2848 2855 2867
4 2872 2873 2850 2849
4 2873 2840 2841 2850
4 2849 2848 2868 2872
4 2870 2872 2868 2869
4 2840 2873 2871 2839
4 2873 2872 2870 2871
4 2742 2870 2869 2743
4 2839 2871 2741 2740
4 2871 2870 2742 2741
4 2847 2876 2879 2848
4 2879 2878 2868 2848
4 2876 2877 2878 2879
4 2874 2875 2878 2877
4 2875 2869 2868 2878
4 1794 1795 2877 2876
4 1795 1796 2874 2877
4 2876 2847 1793 1794
4 1796 1797 2880 2874
4 1797 1798 2744 2880
4 2869 2875 2881 2743
4 2881 2880 2744 2743
4 2875 2874 2880 2881
4 2846 2887 2888 1784
4 2888 1782 1783 1784
4 2887 1781 1782 2888
4 2845 2886 2887 2846
4 2886 1780 1781 2887
4 2844 2885 2886 2845
4 2885 1779 1780 2886
4 2843 2884 2885 2844
4 2884 1778 1779 2885
4 2843 2842 2889 2884
4 2842 2841 2882 2889
4 2889 1777 1778 2884
4 2882 2883 2890 2889
4 2890 1776 1777 2889
4 2883 1775 1776 2890
4 2891 2892 2893 2894
4 2892 2883 2882 2893
4 2894 2739 2738 2891
4 2894 2839 2740 2739
4 2841 2840 2893 2882
4 2840 2839 2894 2893
4 1773 1774 2892 2891
4 1774 1775 2883 2892
4 2738 2737 2895 2891
4 2895 1772 1773 2891
4 2737 1771 1772 2895
4 1760 2941 2940 1759
4 2941 1760 2943 2939
4 2943 2942 2938 2939
4 1760 1761 2942 2943
4 2934 2937 2944 1762
4 2944 2942 1761 1762
4 2937 2938 2942 2944
4 2929 2930 2941 2939
4 2930 2931 2940 2941
4 1757 1758 2945 2946
4 1758 1759 2940 2945
4 2946 2921 1756 1757
4 2946 2945 2932 2933
4 2945 2940 2931 2932
4 2933 2920 2921 2946
4 2947 2948 2949 2935
4 2949 2937 2934 2935
4 2948 2938 2937 2949
4 2929 2939 2950 2928
4 2950 2948 2947 2928
4 2939 2938 2948 2950
4 2947 2951 2952 2928
4 2952 2904 2905 2928
4 2951 2903 2904 2952
4 2935 2936 2951 2947
4 2936 2902 2903 2951
4 2953 2954 2959 1765
4 2959 2958 1764 1765
4 2954 2955 2958 2959
4 1765 1766 2736 2953
4 2956 2957 2958 2955
4 2957 1763 1764 2958
4 2935 2934 2957 2956
4 2934 1762 1763 2957
4 2901 2960 2961 2900
4 2960 2956 2955 2961
4 2900 2961 2962 2899
4 2962 2954 2953 2899
4 2961 2955 2954 2962
4 2953 2736 2735 2899
4 2902 2936 2960 2901
4 2936 2935 2956 2960
4 2967 2968 2965 2966
4 2968 2933 2932 2965
4 2966 2926 2927 2967
4 2918 2919 2968 2967
4 2919 2920 2933 2968
4 2967 2927 2917 2918
4 2930 2963 2970 2931
4 2963 2964 2969 2970
4 2964 2924 2925 2969
4 2966 2965 2970 2969
4 2965 2932 2931 2970
4 2969 2925 2926 2966
4 2928 2971 2974 2929
4 2971 2972 2973 2974
4 2972 2922 2923 2973
4 2964 2963 2974 2973
4 2963 2930 2929 2974
4 2973 2923 2924 2964
4 2905 2906 2971 2928
4 2906 2907 2972 2971
4 2907 2908 2922 2972
4 2979 2980 1724 1725
4 2980 2981 1723 1724
4 1725 2987 2978 2979
4 1725 1726 2986 2987
4 2981 2147 1722 1723
4 2984 2985 2987 2986
4 2985 2977 2978 2987
4 2982 2983 2988 2989
4 2983 2984 2986 2988
4 2989 2914 2915 2982
4 1727 1728 2989 2988
4 1728 1729 2914 2989
4 2988 2986 1726 1727
4 2917 2927 2991 2916
4 2927 2926 2990 2991
4 2983 2982 2991 2990
4 2982 2915 2916 2991
4 2977 2985 2993 2976
4 2985 2984 2992 2993
4 2984 2983 2990 2992
4 2924 2975 2994 2925
4 2994 2993 2992 2925
4 2975 2976 2993 2994
4 2992 2990 2926 2925
4 2998 3001 2980 2979
4 3001 3002 2981 2980
4 3002 2148 2147 2981
4 2148 3002 3005 2149
4 3005 3004 3003 2149
4 3002 3001 3004 3005
4 2998 2999 3004 3001
4 2999 3000 3003 3004
4 2912 2913 3003 3000
4 2913 2150 2149 3003
4 2999 2998 2995 2996
4 2998 2979 2978 2995
4 2912 3000 2997 2911
4 3000 2999 2996 2997
4 2909 3007 2922 2908
4 2997 3006 2910 2911
4 3006 3007 2909 2910
4 3006 3011 3012 3007
4 3012 3009 3010 3007
4 3011 3008 3009 3012
4 3010 2923 2922 3007
4 2997 2996 3011 3006
4 2996 2995 3008 3011
4 2976 2975 3010 3009
4 2975 2924 2923 3010
4 2978 2977 3008 2995
4 2977 2976 3009 3008
4 3027 3035 3036 1742
4 3036 1740 1741 1742
4 3035 1739 1740 3036
4 3028 3034 3035 3027
4 3034 1738 1739 3035
4 3029 3033 3034 3028
4 3033 1737 1738 3034
4 3030 3032 3033 3029
4 3032 1736 1737 3033
4 3030 3031 3037 3032
4 3031 3024 3025 3037
4 3037 1735 1736 3032
4 3025 3026 3038 3037
4 3038 1734 1735 3037
4 3026 1733 1734 3038
4 3031 3040 3023 3024
4 3040 3018 3019 3023
4 3030 3039 3040 3031
4 3039 3017 3018 3040
4 3029 3041 3039 3030
4 3041 3016 3017 3039
4 3014 3015 3042 3028
4 3042 3041 3029 3028
4 3015 3016 3041 3042
4 3028 3027 3013 3014
4 3027 1742 1743 3013
4 1731 1732 3049 3047
4 1732 1733 3026 3049
4 3025 3048 3049 3026
4 3048 3046 3047 3049
4 3024 3043 3048 3025
4 3043 3044 3046 3048
4 3046 3050 3051 3047
4 3050 2915 2914 3051
4 1729 1730 3051 2914
4 1730 1731 3047 3051
4 3044 3045 3050 3046
4 3045 2916 2915 3050
4 3052 3053 3045 3044
4 3053 2917 2916 3045
4 3021 3022 3053 3052
4 3022 2918 2917 3053
4 3019 3020 3054 3023
4 3020 3021 3052 3054
4 3044 3043 3054 3052
4 3043 3024 3023 3054
4 3014 3013 1745 1746
4 3013 1743 1744 1745
4 1746 1747 3015 3014
4 3057 3058 3059 3060
4 3058 3017 3016 3059
4 3060 1748 1749 3057
4 3062 3059 3016 3015
4 1748 3060 3061 1747
4 3061 3062 3015 1747
4 3060 3059 3062 3061
4 3019 3066 3056 3020
4 3058 3065 3018 3017
4 3065 3066 3019 3018
4 3066 3065 3063 3064
4 3065 3058 3057 3063
4 3064 3055 3056 3066
4 1749 1750 3063 3057
4 1750 1751 3064 3063
4 1751 1752 3055 3064
4 3068 2920 2919 3067
4 3068 3069 3072 2920
4 3072 3071 2921 2920
4 3069 3070 3071 3072
4 2919 2918 3022 3067
4 1754 1755 3071 3070
4 1755 1756 2921 3071
4 3068 3067 3073 3056
4 3073 3021 3020 3056
4 3067 3022 3021 3073
4 1752 1753 3074 3055
4 3074 3070 3069 3055
4 1753 1754 3070 3074
4 3069 3068 3056 3055
4 1557 3101 3102 1556
4 3091 3092 1557 1558
4 3092 3093 3101 1557
4 3102 3100 1555 1556
4 3095 3096 3102 3101
4 3096 3097 3100 3102
4 3101 3093 3094 3095
4 1558 1559 3090 3091
4 1554 3099 3080 1553
4 1555 3100 3103 1554
4 3103 3098 3099 1554
4 3100 3097 3098 3103
4 1559 1560 3089 3090
4 1560 1561 2896 3089
4 3084 3085 3096 3095
4 3085 3086 3097 3096
4 3095 3094 3083 3084
4 3099 3088 3079 3080
4 3086 3087 3098 3097
4 3087 3088 3099 3098
4 3108 3109 3104 3105
4 3109 3093 3092 3104
4 3105 2157 2156 3108
4 3093 3109 3107 3094
4 3109 3108 3106 3107
4 3108 2156 2155 3106
4 3081 3106 2155 2154
4 3094 3107 3082 3083
4 3107 3106 3081 3082
4 3105 3113 2158 2157
4 3091 3112 3104 3092
4 3112 3113 3105 3104
4 3113 3112 3110 3111
4 3112 3091 3090 3110
4 3111 2159 2158 3113
4 3111 3115 2160 2159
4 3089 3114 3110 3090
4 3114 3115 3111 3110
4 2896 2897 3114 3089
4 2897 2898 3115 3114
4 2898 2161 2160 3115
4 2150 2913 3127 2151
4 3127 3126 3125 2151
4 2913 2912 3126 3127
4 2911 3123 3126 2912
4 3123 3124 3125 3126
4 3121 3122 3125 3124
4 3122 2152 2151 3125
4 3124 3129 3120 3121
4 2910 3128 3123 2911
4 3128 3129 3124 3123
4 2909 3116 3128 2910
4 3116 3117 3129 3128
4 3117 3118 3120 3129
4 3119 3131 3120 3118
4 3131 3130 3121 3120
4 3084 3083 3131 3119
4 3083 3082 3130 3131
4 3130 3132 3122 3121
4 3132 2153 2152 3122
4 3082 3081 3132 3130
4 3081 2154 2153 3132
4 3133 3138 3088 3087
4 3138 3078 3079 3088
4 3134 3137 3138 3133
4 3137 3077 3078 3138
4 3137 3139 3076 3077
4 3139 3140 3075 3076
4 3140 2905 2904 3075
4 3140 3136 2906 2905
4 3134 3135 3139 3137
4 3135 3136 3140 3139
4 3143 3135 3134 3141
4 2906 3136 3144 2907
4 3136 3135 3143 3144
4 3117 3116 3145 3146
4 3116 2909 2908 3145
4 3146 3142 3118 3117
4 3146 3145 3144 3143
4 3145 2908 2907 3144
4 3143 3141 3142 3146
4 3147 3141 3134 3133
4 3118 3142 3148 3119
4 3142 3141 3147 3148
4 3086 3085 3148 3147
4 3085 3084 3119 3148
4 3147 3133 3087 3086
4 3156 3157 3158 3155
4 3158 2729 2728 3155
4 3157 2730 2729 3158
4 2728 1550 1551 3155
4 3151 3152 3157 3156
4 3152 2731 2730 3157
4 3153 3154 3156 3155
4 3154 3150 3151 3156
4 3155 1551 1552 3153
4 3080 3079 3160 3153
4 3160 3159 3154 3153
4 3079 3078 3159 3160
4 3077 3149 3159 3078
4 3149 3150 3154 3159
4 3153 1552 1553 3080
4 3150 3149 3165 3166
4 3149 3077 3076 3165
4 3166 3162 3151 3150
4 3163 3164 3166 3165
4 3164 3161 3162 3166
4 3165 3076 3075 3163
4 2903 2902 3164 3163
4 2902 2901 3161 3164
4 3163 3075 2904 2903
4 2734 3169 2899 2735
4 3169 3168 2900 2899
4 3168 3169 3170 3167
4 3170 2733 2732 3167
4 3169 2734 2733 3170
4 2732 2731 3152 3167
4 3168 3167 3162 3161
4 3167 3152 3151 3162
4 3161 2901 2900 3168
4 3171 3178 1564 1565
4 3178 3177 1563 1564
4 3172 3174 3178 3171
4 3174 3175 3177 3178
4 1563 3177 3179 1562
4 3177 3175 3176 3179
4 2897 2896 3179 3176
4 2896 1561 1562 3179
4 3176 3181 2898 2897
4 3181 2162 2161 2898
4 3175 3180 3181 3176
4 3180 2163 2162 3181
4 2163 3180 3182 2164
4 3180 3175 3174 3182
4 3172 3173 3182 3174
4 3173 2165 2164 3182
4 3184 3185 3173 3172
4 3185 2166 2165 3173
4 1566 3183 3171 1565
4 3183 3184 3172 3171
4 2170 3190 3191 1575
4 3191 1573 1574 1575
4 3190 1572 1573 3191
4 2169 3189 3190 2170
4 3189 1571 1572 3190
4 1570 3194 3188 1569
4 3194 3193 3187 3188
4 3189 3192 3195 1571
4 3195 3194 1570 1571
4 3192 3193 3194 3195
4 2167 3186 3196 2168
4 3186 3187 3193 3196
4 2168 3196 3197 2169
4 3197 3192 3189 2169
4 3196 3193 3192 3197
4 3203 3201 3187 3186
4 3184 3200 3202 3185
4 3202 3203 3186 3185
4 3200 3201 3203 3202
4 3186 2167 2166 3185
4 3201 3200 3198 3199
4 3200 3184 3183 3198
4 3199 3188 3187 3201
4 3199 1568 1569 3188
4 1566 1567 3198 3183
4 1567 1568 3199 3198
4 1488 3285 3228 1487
4 3286 3287 1488 1489
4 3287 3284 3285 1488
4 3273 3274 3287 3286
4 3274 3275 3284 3287
4 1492 3271 3289 1491
4 3289 3288 1490 1491
4 3271 3272 3288 3289
4 3273 3286 3288 3272
4 3286 1489 1490 3288
4 3226 3227 3290 3283
4 3227 3228 3285 3290
4 3282 3291 3276 3277
4 3291 3284 3275 3276
4 3283 3290 3291 3282
4 3290 3285 3284 3291
4 3294 3297 3263 3264
4 3297 3281 3262 3263
4 3295 3296 3297 3294
4 3296 3280 3281 3297
4 3292 3293 3296 3295
4 3293 3279 3280 3296
4 3295 3294 3222 3223
4 3294 3264 3221 3222
4 3223 3224 3292 3295
4 3283 3282 3299 3298
4 3282 3277 3278 3299
4 3279 3293 3299 3278
4 3293 3292 3298 3299
4 3224 3225 3298 3292
4 3225 3226 3283 3298
4 3280 3279 1518 1519
4 3279 3278 1517 1518
4 3278 3277 3310 1517
4 1519 1520 3281 3280
4 3310 3309 1516 1517
4 3276 3307 3310 3277
4 3307 3308 3309 3310
4 3305 3306 3309 3308
4 3306 1515 1516 3309
4 3273 3313 3312 3274
4 3313 3314 3311 3312
4 3314 3302 3303 3311
4 3316 3313 3273 3272
4 3302 3314 3315 3301
4 3315 3316 3272 3301
4 3314 3313 3316 3315
4 1493 3300 3271 1492
4 3300 3301 3272 3271
4 3312 3318 3275 3274
4 3318 3307 3276 3275
4 3311 3317 3318 3312
4 3317 3308 3307 3318
4 3303 3304 3317 3311
4 3304 3305 3308 3317
4 3304 3303 3323 3320
4 3303 3302 3321 3323
4 3322 3324 3323 3321
4 3324 3319 3320 3323
4 3267 3268 3324 3322
4 3268 3269 3319 3324
4 3326 3321 3302 3301
4 3267 3322 3325 3266
4 3325 3326 3301 3266
4 3322 3321 3326 3325
4 1494 3265 3300 1493
4 3265 3266 3301 3300
4 3270 3328 3319 3269
4 3328 3327 3320 3319
4 1511 1512 3328 3270
4 1512 1513 3327 3328
4 1513 1514 3329 3327
4 3329 3306 3305 3327
4 1514 1515 3306 3329
4 3305 3304 3320 3327
4 1520 1521 3262 3281
4 1495 3337 3265 1494
4 3342 3340 1496 1497
4 3338 3339 3341 1498
4 3341 3342 1497 1498
4 3339 3340 3342 3341
4 3336 3343 3344 3335
4 3344 3339 3338 3335
4 3343 3340 3339 3344
4 3337 1495 3343 3336
4 1495 1496 3340 3343
4 1501 3345 1499 1500
4 3345 3338 1498 1499
4 1502 3334 3345 1501
4 3334 3335 3338 3345
4 3347 3348 3337 3336
4 3348 3266 3265 3337
4 3336 3335 3346 3347
4 3332 3347 3346 3331
4 3266 3348 3333 3267
4 3348 3347 3332 3333
4 3331 3346 3349 3330
4 3346 3335 3334 3349
4 1502 1503 3349 3334
4 1503 1504 3330 3349
4 3333 3354 3268 3267
4 3354 3353 3269 3268
4 3332 3350 3354 3333
4 3350 3351 3353 3354
4 1510 3355 3352 1509
4 3355 3353 3351 3352
4 1511 3270 3355 1510
4 3270 3269 3353 3355
4 3358 3359 3331 3330
4 3359 3350 3332 3331
4 3356 3357 3359 3358
4 3357 3351 3350 3359
4 1504 1505 3358 3330
4 1505 1506 3356 3358
4 1509 3352 3360 1508
4 3352 3351 3357 3360
4 1508 3360 3361 1507
4 3361 3356 1506 1507
4 3360 3357 3356 3361
4 3263 3262 3362 3261
4 3362 1522 1523 3261
4 3262 1521 1522 3362
4 3219 3220 3363 3261
4 3363 3264 3263 3261
4 3220 3221 3264 3363
4 3376 3375 1526 1527
4 3373 3374 3377 3376
4 3377 3366 3375 3376
4 3374 3365 3366 3377
4 3371 3372 3378 1528
4 3378 3376 1527 1528
4 3372 3373 3376 3378
4 1528 1529 3370 3371
4 1526 3375 3379 1525
4 3379 3367 3368 1525
4 3375 3366 3367 3379
4 3256 3257 3371 3370
4 3257 3258 3372 3371
4 3259 3380 3381 3258
4 3381 3373 3372 3258
4 3380 3374 3373 3381
4 3260 3364 3380 3259
4 3364 3365 3374 3380
4 3254 3255 3382 1530
4 3382 3370 1529 1530
4 3255 3256 3370 3382
4 1530 1531 3253 3254
4 1531 1532 3229 3253
4 3368 3369 1524 1525
4 3369 3261 1523 1524
4 3369 3368 3217 3218
4 3368 3367 3216 3217
4 3218 3219 3261 3369
4 3214 3215 3366 3365
4 3215 3216 3367 3366
4 3212 3213 3364 3260
4 3213 3214 3365 3364
4 3398 3399 1891 3404
4 3399 3400 1890 1891
4 1891 1892 3403 3404
4 3386 3387 3404 3403
4 3387 3388 3398 3404
4 1888 1889 3401 3397
4 1889 1890 3400 3401
4 1893 3402 3403 1892
4 3402 3385 3386 3403
4 1894 1895 3408 3407
4 1895 1896 3405 3408
4 3407 3408 3409 3384
4 3409 3406 3383 3384
4 3408 3405 3406 3409
4 3385 3402 3407 3384
4 3402 1893 1894 3407
4 3406 3405 3204 3205
4 3405 1896 1897 3204
4 3205 3206 3383 3406
4 3394 3414 3417 3393
4 3414 3415 3416 3417
4 3415 3412 3413 3416
4 3240 3241 3417 3416
4 3241 3242 3393 3417
4 3416 3413 3239 3240
4 3395 3396 3420 3421
4 3396 3397 3401 3420
4 3421 3414 3394 3395
4 3421 3419 3415 3414
4 3400 3418 3420 3401
4 3418 3419 3421 3420
4 3399 3410 3418 3400
4 3410 3411 3419 3418
4 3411 3412 3415 3419
4 3238 3423 3392 3237
4 3423 3424 3391 3392
4 3424 3422 3390 3391
4 3413 3412 3424 3423
4 3412 3411 3422 3424
4 3423 3238 3239 3413
4 3398 3425 3410 3399
4 3425 3422 3411 3410
4 3388 3389 3425 3398
4 3389 3390 3422 3425
4 3439 3440 3442 3441
4 3440 3436 3437 3442
4 3432 3433 3442 3437
4 3433 3434 3441 3442
4 3394 3443 3435 3395
4 3443 3441 3434 3435
4 3393 3438 3443 3394
4 3438 3439 3441 3443
4 3242 3243 3438 3393
4 3243 3244 3439 3438
4 3436 3440 3245 3246
4 3440 3439 3244 3245
4 3444 3436 3246 3247
4 3432 3437 3445 3431
4 3437 3436 3444 3445
4 3449 3447 3248 3249
4 3430 3446 3448 3429
4 3448 3449 3249 3429
4 3446 3447 3449 3448
4 3431 3445 3446 3430
4 3445 3444 3447 3446
4 3444 3247 3248 3447
4 3427 3428 3250 3251
4 3428 3429 3249 3250
4 1874 3426 3252 1873
4 3426 3427 3251 3252
4 3427 3426 1876 1877
4 3426 1874 1875 1876
4 1877 1878 3428 3427
4 3457 3455 3429 3428
4 1879 3454 3456 1878
4 3456 3457 3428 1878
4 3454 3455 3457 3456
4 3429 3455 3459 3430
4 3459 3458 3453 3430
4 3455 3454 3458 3459
4 1879 1880 3458 3454
4 1880 1881 3453 3458
4 3451 3452 3460 3453
4 3460 3431 3430 3453
4 3452 3432 3431 3460
4 1881 1882 3461 3453
4 3461 3450 3451 3453
4 1882 1883 3450 3461
4 1884 3466 3450 1883
4 3466 3465 3451 3450
4 1885 3462 3466 1884
4 3462 3463 3465 3466
4 3451 3465 3467 3452
4 3465 3463 3464 3467
4 3434 3433 3467 3464
4 3433 3432 3452 3467
4 1886 3468 3462 1885
4 3468 3469 3463 3462
4 3434 3464 3470 3435
4 3464 3463 3469 3470
4 3470 3469 3472 3396
4 3472 3471 3397 3396
4 3469 3468 3471 3472
4 3396 3395 3435 3470
4 1886 1887 3471 3468
4 1887 1888 3397 3471
4 3486 3488 3385 3384
4 3488 3485 3386 3385
4 3483 3484 3489 3487
4 3489 3488 3486 3487
4 3484 3485 3488 3489
4 3487 3480 3481 3483
4 3487 3486 3490 3491
4 3486 3384 3383 3490
4 3491 3479 3480 3487
4 3491 3490 3207 3208
4 3490 3383 3206 3207
4 3208 3209 3479 3491
4 3475 3476 3493 3482
4 3476 3477 3492 3493
4 3484 3483 3493 3492
4 3483 3481 3482 3493
4 3477 3478 3494 3492
4 3478 3388 3387 3494
4 3386 3485 3494 3387
4 3485 3484 3492 3494
4 3473 3499 3257 3256
4 3499 3500 3258 3257
4 3500 3496 3259 3258
4 3496 3500 3498 3495
4 3500 3499 3497 3498
4 3499 3473 3474 3497
4 3475 3482 3497 3474
4 3482 3481 3498 3497
4 3481 3480 3495 3498
4 3496 3495 3501 3502
4 3495 3480 3479 3501
4 3502 3260 3259 3496
4 3502 3501 3210 3211
4 3501 3479 3209 3210
4 3211 3212 3260 3502
4 3508 3509 3511 3510
4 3509 3504 3505 3511
4 3232 3233 3511 3505
4 3233 3234 3510 3511
4 3235 3236 3512 3513
4 3236 3237 3392 3512
4 3513 3510 3234 3235
4 3513 3512 3506 3507
4 3512 3392 3391 3506
4 3507 3508 3510 3513
4 3391 3390 3516 3506
4 3390 3389 3515 3516
4 3389 3388 3478 3515
4 3514 3517 3518 3477
4 3518 3515 3478 3477
4 3517 3516 3515 3518
4 3508 3507 3517 3514
4 3507 3506 3516 3517
4 3504 3509 3519 3503
4 3509 3508 3514 3519
4 3477 3476 3519 3514
4 3476 3475 3503 3519
4 3521 3523 3522 3520
4 3523 3474 3473 3522
4 3504 3503 3523 3521
4 3503 3475 3474 3523
4 3256 3255 3522 3473
4 3255 3254 3520 3522
4 3520 3524 3525 3521
4 3524 3230 3231 3525
4 3232 3505 3525 3231
4 3505 3504 3521 3525
4 3254 3253 3524 3520
4 3253 3229 3230 3524
4 3568 3569 1811 1812
4 3569 3570 1810 1811
4 3568 3549 3550 3569
4 3570 3565 1809 1810
4 3570 3569 3566 3567
4 3569 3550 3551 3566
4 3567 3564 3565 3570
4 3547 3548 3572 1813
4 3572 3568 1812 1813
4 3548 3549 3568 3572
4 1813 1814 3573 3547
4 3573 3571 3546 3547
4 1814 1815 3571 3573
4 1816 3526 3571 1815
4 3526 3527 3546 3571
4 3577 3575 3554 3555
4 3561 3574 3576 3560
4 3576 3577 3555 3560
4 3574 3575 3577 3576
4 3555 3556 3559 3560
4 1542 3558 3557 1541
4 3558 3559 3556 3557
4 3552 3580 3566 3551
4 3580 3579 3567 3566
4 3553 3581 3580 3552
4 3581 3578 3579 3580
4 3554 3575 3581 3553
4 3575 3574 3578 3581
4 3579 3563 3564 3567
4 3561 3562 3578 3574
4 3562 3563 3579 3578
4 3583 3558 1542 1543
4 3560 3559 3584 3582
4 3559 3558 3583 3584
4 3582 3584 2145 2144
4 3584 3583 2146 2145
4 3583 1543 1544 2146
4 1807 3588 2140 1806
4 3565 3587 1808 1809
4 3587 3588 1807 1808
4 3588 3587 3585 3586
4 3587 3565 3564 3585
4 3586 2141 2140 3588
4 3590 3591 3563 3562
4 3591 3585 3564 3563
4 3582 3589 3561 3560
4 3589 3590 3562 3561
4 2143 3589 3582 2144
4 2142 3592 3593 2143
4 3593 3590 3589 2143
4 3592 3591 3590 3593
4 2141 3586 3592 2142
4 3586 3585 3591 3592
4 3544 3545 3602 3603
4 3545 1538 1539 3602
4 3603 3599 3543 3544
4 3600 3601 3603 3602
4 3601 3598 3599 3603
4 3602 1539 1540 3600
4 3601 3556 3555 3598
4 1541 3557 3600 1540
4 3557 3556 3601 3600
4 3551 3594 3610 3552
4 3594 3595 3606 3610
4 3552 3610 3611 3553
4 3611 3607 3608 3553
4 3610 3606 3607 3611
4 3608 3609 3554 3553
4 3609 3598 3555 3554
4 3605 3612 3613 3604
4 3612 3608 3607 3613
4 3604 3613 3614 3596
4 3614 3606 3595 3596
4 3613 3607 3606 3614
4 3598 3609 3615 3599
4 3615 3612 3605 3599
4 3609 3608 3612 3615
4 3605 3542 3543 3599
4 3540 3616 3597 3539
4 3616 3604 3596 3597
4 3604 3616 3617 3605
4 3617 3541 3542 3605
4 3616 3540 3541 3617
4 3624 3625 3547 3546
4 3625 3621 3548 3547
4 3546 3527 3528 3624
4 3622 3623 3625 3624
4 3623 3620 3621 3625
4 3624 3528 3529 3622
4 3618 3628 3535 3536
4 3628 3629 3534 3535
4 3629 3531 3532 3534
4 3629 3628 3626 3627
4 3628 3618 3619 3626
4 3627 3530 3531 3629
4 3627 3622 3529 3530
4 3620 3623 3626 3619
4 3623 3622 3627 3626
4 3595 3630 3633 3596
4 3630 3631 3632 3633
4 3631 3620 3619 3632
4 3537 3538 3634 3635
4 3538 3539 3597 3634
4 3635 3618 3536 3537
4 3635 3632 3619 3618
4 3596 3633 3634 3597
4 3633 3632 3635 3634
4 3594 3636 3630 3595
4 3636 3637 3631 3630
4 3637 3621 3620 3631
4 3637 3636 3550 3549
4 3636 3594 3551 3550
4 3549 3548 3621 3637
4 3647 3648 3657 3656
4 3657 1855 1856 3656
4 3648 3649 1855 3657
4 1856 1857 3655 3656
4 3649 3646 1854 1855
4 1857 1858 3654 3655
4 1858 1859 3653 3654
4 1859 1860 3652 3653
4 1860 1861 3651 3652
4 1861 1862 3650 3651
4 3239 3238 3656 3655
4 3238 3237 3647 3656
4 3241 3240 3654 3653
4 3240 3239 3655 3654
4 3243 3242 3652 3651
4 3242 3241 3653 3652
4 3651 3650 3244 3243
4 1873 3252 1871 1872
4 3252 3251 1870 1871
4 3251 3250 1869 1870
4 3250 3249 1868 1869
4 3248 3659 3660 3249
4 3660 1867 1868 3249
4 3659 1866 1867 3660
4 3247 3658 3659 3248
4 3658 1865 1866 3659
4 3661 3662 3246 3245
4 3662 3658 3247 3246
4 3245 3244 3650 3661
4 1863 1864 3662 3661
4 1864 1865 3658 3662
4 3661 3650 1862 1863
4 1533 3665 3229 1532
4 3665 3666 3230 3229
4 3666 3664 3231 3230
4 3666 3665 3638 3639
4 3665 1533 1534 3638
4 3639 3640 3664 3666
4 3663 3667 3641 3642
4 3667 3664 3640 3641
4 3233 3232 3667 3663
4 3232 3231 3664 3667
4 3668 3670 3649 3648
4 3670 3645 3646 3649
4 3643 3644 3671 3669
4 3671 3670 3668 3669
4 3644 3645 3670 3671
4 3669 3663 3642 3643
4 3236 3672 3647 3237
4 3672 3668 3648 3647
4 3668 3672 3673 3669
4 3673 3235 3234 3669
4 3672 3236 3235 3673
4 3234 3233 3663 3669
4 3684 3686 1849 3683
4 3686 3685 1848 1849
4 1849 1850 3680 3683
4 3538 3537 3686 3684
4 3537 3536 3685 3686
4 3533 3687 3534 3532
4 3687 3688 3535 3534
4 3688 3685 3536 3535
4 3688 1847 1848 3685
4 1845 1846 3687 3533
4 1846 1847 3688 3687
4 3689 3690 3540 3539
4 3690 3679 3541 3540
4 3539 3538 3684 3689
4 3691 3692 3690 3689
4 3692 3678 3679 3690
4 3689 3684 3683 3691
4 3692 3682 3677 3678
4 3680 3681 3691 3683
4 3681 3682 3692 3691
4 1851 3696 3680 1850
4 1852 3698 3699 1851
4 3699 3695 3696 1851
4 3698 3694 3695 3699
4 1853 3697 3698 1852
4 3697 3693 3694 3698
4 1854 3646 3697 1853
4 3646 3645 3693 3697
4 3700 3703 3696 3695
4 3703 3681 3680 3696
4 3701 3702 3703 3700
4 3702 3682 3681 3703
4 3675 3676 3702 3701
4 3676 3677 3682 3702
4 3643 3674 3704 3644
4 3674 3675 3701 3704
4 3701 3700 3705 3704
4 3700 3695 3694 3705
4 3704 3705 3706 3644
4 3706 3693 3645 3644
4 3705 3694 3693 3706
4 3714 3716 3715 3713
4 3716 3708 3709 3715
4 3677 3707 3717 3678
4 3717 3716 3714 3678
4 3707 3708 3716 3717
4 3713 3715 3718 3712
4 3715 3709 3710 3718
4 3712 3718 3719 1537
4 3719 3711 1536 1537
4 3718 3710 3711 3719
4 3545 3544 3722 3712
4 3722 3721 3713 3712
4 3544 3543 3721 3722
4 3542 3720 3721 3543
4 3720 3714 3713 3721
4 3712 1537 1538 3545
4 3541 3679 3720 3542
4 3679 3678 3714 3720
4 1535 3724 3638 1534
4 3724 3725 3639 3638
4 3725 3723 3640 3639
4 1536 3711 3724 1535
4 3711 3710 3725 3724
4 3710 3709 3723 3725
4 3675 3674 3727 3726
4 3727 3642 3641 3726
4 3674 3643 3642 3727
4 3641 3640 3723 3726
4 3726 3728 3676 3675
4 3728 3707 3677 3676
4 3709 3708 3729 3723
4 3729 3728 3726 3723
4 3708 3707 3728 3729
4 1829 3741 1827 1828
4 3741 3742 1826 1827
4 3742 3743 1825 1826
4 3743 3744 1824 1825
4 3745 3747 3748 3744
4 3748 1823 1824 3744
4 3747 1822 1823 3748
4 3745 3746 3749 3747
4 3746 3739 3740 3749
4 1820 1821 3749 3740
4 1821 1822 3747 3749
4 3731 3732 3743 3742
4 3732 3733 3744 3743
4 1830 3730 3741 1829
4 3730 3731 3742 3741
4 3746 3745 3734 3735
4 3745 3744 3733 3734
4 3735 3736 3739 3746
4 3527 3755 3756 3528
4 3756 3752 3753 3528
4 3755 3751 3752 3756
4 3526 3754 3755 3527
4 3754 3750 3751 3755
4 3753 3738 3529 3528
4 1816 1817 3754 3526
4 1817 1818 3750 3754
4 3757 3759 3753 3752
4 3759 3737 3738 3753
4 3737 3759 3760 3736
4 3760 3758 3739 3736
4 3759 3757 3758 3760
4 3752 3751 3762 3757
4 3751 3750 3761 3762
4 3750 1818 1819 3761
4 3740 3763 3764 1820
4 3764 3761 1819 1820
4 3763 3762 3761 3764
4 3739 3758 3763 3740
4 3758 3757 3762 3763
4 1832 1833 3778 1831
4 3778 3777 3773 1831
4 1833 1834 3777 3778
4 1835 3776 3777 1834
4 3776 3772 3773 3777
4 1836 3775 3776 1835
4 3775 3771 3772 3776
4 1836 1837 3779 3775
4 1837 1838 3774 3779
4 3769 3770 3779 3774
4 3770 3771 3775 3779
4 1839 1840 3781 3780
4 3781 3765 3766 3780
4 1840 1841 3765 3781
4 3780 3774 1838 1839
4 3767 3768 3780 3766
4 3768 3769 3774 3780
4 3770 3769 3734 3733
4 3769 3768 3735 3734
4 3768 3767 3736 3735
4 3733 3732 3771 3770
4 3732 3731 3772 3771
4 1831 3773 3730 1830
4 3773 3772 3731 3730
4 3784 3785 3782 3783
4 3785 3767 3766 3782
4 3783 3531 3530 3784
4 3738 3737 3785 3784
4 3737 3736 3767 3785
4 3784 3530 3529 3738
4 3765 3786 3782 3766
4 3786 3787 3783 3782
4 3787 3532 3531 3783
4 3788 3533 3532 3787
4 3788 3789 3790 3533
4 3790 1844 1845 3533
4 3789 1843 1844 3790
4 3792 3788 3787 3786
4 1843 3789 3791 1842
4 3791 3792 3786 1842
4 3789 3788 3792 3791
4 3786 3765 1841 1842
4 3833 3832 1934 1935
4 3832 3820 1933 1934
4 3833 3829 3830 3832
4 1936 3825 3833 1935
4 3825 3826 3829 3833
4 3824 3834 3831 3823
4 3834 3832 3830 3831
4 3818 3819 3834 3824
4 3819 3820 3832 3834
4 3835 3836 3837 3805
4 3837 3828 3804 3805
4 3836 3827 3828 3837
4 3830 3829 3836 3835
4 3829 3826 3827 3836
4 3821 3835 3805 3806
4 3821 3822 3838 3835
4 3838 3831 3830 3835
4 3822 3823 3831 3838
4 3840 3842 3843 3839
4 3842 3802 3803 3843
4 3804 3828 3843 3803
4 3828 3827 3839 3843
4 3801 3844 3795 3796
4 3844 3841 3794 3795
4 3802 3842 3844 3801
4 3842 3840 3841 3844
4 3845 3846 3841 3840
4 3846 3793 3794 3841
4 1939 1940 3846 3845
4 1940 1941 3793 3846
4 1937 1938 3849 3848
4 1938 1939 3845 3849
4 3839 3847 3850 3840
4 3850 3849 3845 3840
4 3847 3848 3849 3850
4 3826 3825 3848 3847
4 3825 1936 1937 3848
4 3847 3839 3827 3826
4 3854 3858 3816 3817
4 3858 3853 3815 3816
4 3853 3858 3859 3852
4 3859 3855 3856 3852
4 3858 3854 3855 3859
4 3808 3851 3857 3807
4 3851 3852 3856 3857
4 3855 3854 3824 3823
4 3854 3817 3818 3824
4 3823 3822 3856 3855
4 3807 3857 3821 3806
4 3857 3856 3822 3821
4 3866 3867 3868 3851
4 3868 3863 3852 3851
4 3867 3862 3863 3868
4 3864 3865 3867 3866
4 3865 3861 3862 3867
4 3808 3809 3866 3851
4 3809 3810 3864 3866
4 3207 3869 3870 3208
4 3870 3864 3810 3208
4 3869 3865 3864 3870
4 3206 3860 3869 3207
4 3860 3861 3865 3869
4 3853 3872 3814 3815
4 3872 3871 3813 3814
4 3852 3863 3872 3853
4 3863 3862 3871 3872
4 3861 3860 3873 3874
4 3860 3206 3205 3873
4 3874 3871 3862 3861
4 3811 3812 3874 3873
4 3812 3813 3871 3874
4 3873 3205 3204 3811
4 1899 3812 3811 1898
4 3891 3894 1899 1900
4 3894 3813 3812 1899
4 3813 3894 3895 3814
4 3895 3892 3893 3814
4 3894 3891 3892 3895
4 3893 3887 3815 3814
4 3811 3204 1897 1898
4 3889 3890 3893 3892
4 3890 3886 3887 3893
4 1901 3888 3891 1900
4 3888 3889 3892 3891
4 3896 3897 3898 3899
4 3897 3889 3888 3898
4 3899 3875 3876 3896
4 3899 1903 1904 3875
4 1901 1902 3898 3888
4 1902 1903 3899 3898
4 3884 3885 3900 3901
4 3885 3886 3890 3900
4 3901 3877 3878 3884
4 3901 3900 3897 3896
4 3900 3890 3889 3897
4 3896 3876 3877 3901
4 3904 3907 3908 3903
4 3907 3881 3882 3908
4 3883 3909 3908 3882
4 3909 3902 3903 3908
4 1930 1931 3909 3883
4 1931 1932 3902 3909
4 3907 3910 3880 3881
4 3910 3911 3879 3880
4 3911 3884 3878 3879
4 3911 3906 3885 3884
4 3904 3905 3910 3907
4 3905 3906 3911 3910
4 3903 3902 3820 3819
4 3902 1932 1933 3820
4 3915 3913 3905 3904
4 3817 3912 3914 3818
4 3914 3915 3904 3818
4 3912 3913 3915 3914
4 3904 3903 3819 3818
4 3916 3917 3887 3886
4 3917 3816 3815 3887
4 3913 3912 3917 3916
4 3912 3817 3816 3917
4 3885 3906 3916 3886
4 3906 3905 3913 3916
4 3931 3937 3938 1916
4 3938 1914 1915 1916
4 3937 1913 1914 3938
4 3932 3936 3937 3931
4 3936 1912 1913 3937
4 3933 3935 3936 3932
4 3935 1911 1912 3936
4 1911 3935 3939 1910
4 3935 3933 3934 3939
4 3929 3939 3934 3928
4 3929 3930 3940 3939
4 3940 1909 1910 3939
4 3930 1908 1909 3940
4 3933 3942 3941 3934
4 3942 3921 3922 3941
4 3919 3920 3943 3932
4 3943 3942 3933 3932
4 3920 3921 3942 3943
4 3932 3931 3918 3919
4 3931 1916 1917 3918
4 3923 3927 3941 3922
4 3927 3928 3934 3941
4 3878 3948 3926 3879
4 3948 3947 3925 3926
4 3877 3944 3948 3878
4 3944 3945 3947 3948
4 3923 3924 3949 3927
4 3924 3925 3947 3949
4 3945 3946 3949 3947
4 3946 3928 3927 3949
4 3928 3946 3952 3929
4 3946 3945 3950 3952
4 1908 3930 3953 1907
4 3930 3929 3952 3953
4 3950 3951 3953 3952
4 3951 1906 1907 3953
4 3954 3955 3951 3950
4 3955 1905 1906 3951
4 3950 3945 3944 3954
4 3876 3954 3944 3877
4 1905 3955 3875 1904
4 3955 3954 3876 3875
4 3919 3918 1919 1920
4 3918 1917 1918 1919
4 1920 1921 3962 3919
4 3962 3961 3920 3919
4 1921 1922 3961 3962
4 3959 3961 1922 1923
4 3959 3960 3963 3961
4 3963 3921 3920 3961
4 3960 3922 3921 3963
4 3964 3965 3956 3957
4 3965 1925 1926 3956
4 1923 1924 3966 3959
4 3966 3965 3964 3959
4 1924 1925 3965 3966
4 3964 3967 3960 3959
4 3967 3923 3922 3960
4 3957 3958 3967 3964
4 3958 3924 3923 3967
4 1928 1929 3971 3970
4 1929 1930 3883 3971
4 3970 3971 3972 3968
4 3972 3882 3881 3968
4 3971 3883 3882 3972
4 3956 3973 3969 3957
4 3973 3970 3968 3969
4 1926 1927 3973 3956
4 1927 1928 3970 3973
4 3969 3975 3958 3957
4 3975 3925 3924 3958
4 3968 3974 3975 3969
4 3974 3926 3925 3975
4 3881 3880 3974 3968
4 3880 3879 3926 3974
4 1469 3996 3997 1468
4 1469 1470 3999 3996
4 3999 3982 3983 3996
4 1470 3981 3982 3999
4 1470 1471 3980 3981
4 3997 3998 1467 1468
4 3998 3995 1466 1467
4 3983 3984 4000 3996
4 3984 3985 3988 4000
4 3997 4001 4002 3998
4 4002 3990 3991 3998
4 4001 3989 3990 4002
4 3991 3992 3995 3998
4 3996 4000 4001 3997
4 4000 3988 3989 4001
4 1465 3994 3800 1464
4 1466 3995 4003 1465
4 4003 3993 3994 1465
4 3995 3992 3993 4003
4 1471 1472 3979 3980
4 1472 1473 3976 3979
4 3991 4009 4006 3992
4 4009 4010 4005 4006
4 3803 4004 4011 3804
4 4004 4005 4010 4011
4 3991 3990 4012 4009
4 3990 3989 4007 4012
4 4011 4010 4013 4008
4 4013 4012 4007 4008
4 4010 4009 4012 4013
4 4008 3805 3804 4011
4 3985 3986 4015 3988
4 3986 3987 4014 4015
4 3987 3807 3806 4014
4 3805 4008 4014 3806
4 4008 4007 4015 4014
4 4007 3989 3988 4015
4 3797 4018 3801 3796
4 4018 4019 3802 3801
4 4019 4004 3803 3802
4 4019 4017 4005 4004
4 3798 4016 4018 3797
4 4016 4017 4019 4018
4 3994 4021 3799 3800
4 4006 4020 3993 3992
4 4020 4021 3994 3993
4 4021 4016 3798 3799
4 4005 4017 4020 4006
4 4017 4016 4021 4020
4 3210 3209 4028 4026
4 3209 3208 3810 4028
4 3809 4027 4028 3810
4 4027 4025 4026 4028
4 3807 3987 4029 3808
4 3987 3986 4024 4029
4 4025 4027 4029 4024
4 4027 3809 3808 4029
4 4031 4032 4026 4025
4 4032 3211 3210 4026
4 3985 4030 4024 3986
4 4030 4031 4025 4024
4 4023 4033 4034 4022
4 4034 4031 4030 4022
4 4033 4032 4031 4034
4 4030 3985 3984 4022
4 3213 3212 4033 4023
4 3212 3211 4032 4033
4 4039 4038 4023 4022
4 4036 4037 4040 4035
4 4037 4038 4039 4040
4 3983 4039 4022 3984
4 4035 4040 3982 3981
4 4040 4039 3983 3982
4 4038 4037 3215 3214
4 4037 4036 3216 3215
4 3214 3213 4023 4038
4 4041 4042 4043 4044
4 4042 4036 4035 4043
4 4044 3977 3978 4041
4 4044 4043 3980 3979
4 4043 4035 3981 3980
4 3979 3976 3977 4044
4 4042 4041 3218 3217
4 4041 3978 3219 3218
4 3217 3216 4036 4042
4 4045 4052 1476 1477
4 4052 4051 1475 1476
4 4046 4048 4052 4045
4 4048 4049 4051 4052
4 3976 4053 4050 3977
4 4053 4051 4049 4050
4 1473 1474 4053 3976
4 1474 1475 4051 4053
4 4049 4048 4055 4054
4 4048 4046 4047 4055
4 3223 3222 4055 4047
4 3222 3221 4054 4055
4 3978 4056 3220 3219
4 4056 4054 3221 3220
4 3977 4050 4056 3978
4 4050 4049 4054 4056
4 1478 4057 4045 1477
4 4057 4058 4046 4045
4 3223 4047 4059 3224
4 4047 4046 4058 4059
4 4067 1486 1487 3228
4 1484 1485 4066 4065
4 4066 4067 3228 4065
4 1485 1486 4067 4066
4 3228 3227 4063 4065
4 1484 4065 4068 1483
4 4068 4064 4062 1483
4 4065 4063 4064 4068
4 4070 4063 3227 3226
4 4062 4064 4069 4061
4 4069 4070 3226 4061
4 4064 4063 4070 4069
4 4059 4060 3225 3224
4 4060 4061 3226 3225
4 1481 1482 4073 4072
4 4073 4062 4061 4072
4 1482 1483 4062 4073
4 4058 4071 4060 4059
4 4071 4072 4061 4060
4 1481 4072 4075 1480
4 4072 4071 4074 4075
4 4071 4058 4057 4074
4 4077 4074 4057 1478
4 1480 4075 4076 1479
4 4076 4077 1478 1479
4 4075 4074 4077 4076
4 1977 4111 4112 1976
4 4109 4110 4117 4116
4 4117 1977 1978 4116
4 4110 4111 1977 4117
4 4078 4115 1979 1980
4 4115 4116 1978 1979
4 4112 4113 1975 1976
4 4116 4119 4108 4109
4 4079 4118 4115 4078
4 4118 4119 4116 4115
4 4119 4105 4106 4108
4 4080 4104 4118 4079
4 4104 4105 4119 4118
4 1973 1974 4114 4092
4 1974 1975 4113 4114
4 4120 4125 4113 4112
4 4125 4123 4114 4113
4 4121 4124 4125 4120
4 4124 4122 4123 4125
4 4101 4102 4124 4121
4 4102 4103 4122 4124
4 4123 4091 4092 4114
4 4089 4090 4122 4103
4 4090 4091 4123 4122
4 4099 4100 4126 4127
4 4100 4101 4121 4126
4 4097 4098 4128 4107
4 4098 4099 4127 4128
4 4121 4120 4129 4126
4 4120 4112 4111 4129
4 4128 4108 4106 4107
4 4127 4130 4131 4128
4 4131 4109 4108 4128
4 4130 4110 4109 4131
4 4126 4129 4130 4127
4 4129 4111 4110 4130
4 4132 4084 1458 1459
4 4136 4137 4138 4135
4 4137 4081 4082 4138
4 4133 4134 4139 4083
4 4139 4138 4082 4083
4 4134 4135 4138 4139
4 4083 4084 4132 4133
4 4105 4104 4137 4136
4 4104 4080 4081 4137
4 4133 4132 4143 4142
4 4132 1459 1460 4143
4 1461 4093 4143 1460
4 4093 4094 4142 4143
4 4095 4144 4147 4094
4 4147 4146 4142 4094
4 4144 4145 4146 4147
4 4135 4134 4146 4145
4 4134 4133 4142 4146
4 4140 4141 4145 4144
4 4141 4136 4135 4145
4 4144 4095 4096 4140
4 4107 4106 4141 4140
4 4106 4105 4136 4141
4 4140 4096 4097 4107
4 4163 4161 4160 4157
4 1941 1942 4162 3793
4 4162 4163 4157 3793
4 1942 4161 4163 4162
4 4160 4161 4164 4159
4 4164 1943 1944 4159
4 4161 1942 1943 4164
4 1944 1945 4158 4159
4 1945 1946 4085 4158
4 4157 4160 4154 4155
4 4160 4159 4153 4154
4 4086 4152 4158 4085
4 4152 4153 4159 4158
4 4151 4165 4156 4150
4 4165 4157 4155 4156
4 3795 3794 4165 4151
4 3794 3793 4157 4165
4 4168 4169 4166 4167
4 4169 4102 4101 4166
4 4167 4154 4153 4168
4 4102 4169 4171 4103
4 4169 4168 4170 4171
4 4168 4153 4152 4170
4 4087 4088 4171 4170
4 4088 4089 4103 4171
4 4170 4152 4086 4087
4 4100 4172 4166 4101
4 4172 4173 4167 4166
4 4173 4155 4154 4167
4 4174 4172 4100 4099
4 4155 4173 4175 4156
4 4173 4172 4174 4175
4 4148 4149 4175 4174
4 4149 4150 4156 4175
4 4174 4099 4098 4148
4 4094 4093 4178 4179
4 4093 1461 1462 4178
4 4179 4177 4095 4094
4 1463 4180 4178 1462
4 4180 4181 4179 4178
4 4181 4176 4177 4179
4 4176 4181 3799 3798
4 4181 4180 3800 3799
4 4180 1463 1464 3800
4 4185 4188 4183 4184
4 4188 4187 4182 4183
4 4187 4188 4189 4096
4 4189 4186 4097 4096
4 4188 4185 4186 4189
4 4095 4177 4187 4096
4 4177 4176 4182 4187
4 4186 4148 4098 4097
4 4150 4149 4185 4184
4 4149 4148 4186 4185
4 3795 4151 4190 3796
4 4151 4150 4184 4190
4 3796 4190 4191 3797
4 4191 4183 4182 3797
4 4190 4184 4183 4191
4 4182 4176 3798 3797
4 4206 4214 4215 1959
4 4215 1957 1958 1959
4 4214 1956 1957 4215
4 4207 4213 4214 4206
4 4213 1955 1956 4214
4 4208 4212 4213 4207
4 4212 1954 1955 4213
4 4209 4211 4212 4208
4 4211 1953 1954 4212
4 4209 4210 4216 4211
4 4210 4203 4204 4216
4 4204 4205 4217 4216
4 4217 1951 1952 4216
4 4205 1950 1951 4217
4 1952 1953 4211 4216
4 4193 4207 4206 4192
4 4193 4194 4220 4207
4 4220 4219 4208 4207
4 4194 4195 4219 4220
4 4196 4218 4219 4195
4 4218 4209 4208 4219
4 4206 1959 1960 4192
4 4209 4218 4221 4210
4 4218 4196 4197 4221
4 4198 4202 4221 4197
4 4202 4203 4210 4221
4 1948 1949 4228 4226
4 1949 1950 4205 4228
4 4204 4227 4228 4205
4 4227 4225 4226 4228
4 4203 4222 4227 4204
4 4222 4223 4225 4227
4 1946 1947 4230 4085
4 1947 1948 4226 4230
4 4225 4229 4230 4226
4 4229 4086 4085 4230
4 4223 4224 4229 4225
4 4224 4087 4086 4229
4 4198 4199 4232 4202
4 4199 4200 4231 4232
4 4223 4222 4232 4231
4 4222 4203 4202 4232
4 4200 4201 4233 4231
4 4201 4089 4088 4233
4 4087 4224 4233 4088
4 4224 4223 4231 4233
4 4193 4192 1962 1963
4 4192 1960 1961 1962
4 1963 1964 4194 4193
4 4236 4239 1965 1966
4 4195 4238 4237 4196
4 4238 4239 4236 4237
4 4241 4238 4195 4194
4 1965 4239 4240 1964
4 4240 4241 4194 1964
4 4239 4238 4241 4240
4 4244 4245 4242 4243
4 4245 4237 4236 4242
4 4243 4234 4235 4244
4 4198 4197 4245 4244
4 4197 4196 4237 4245
4 4244 4235 4199 4198
4 1966 1967 4242 4236
4 1967 1968 4243 4242
4 1968 1969 4234 4243
4 4249 4250 4251 4248
4 4250 4092 4091 4251
4 4246 4247 4252 4090
4 4252 4251 4091 4090
4 4247 4248 4251 4252
4 4090 4089 4201 4246
4 1971 1972 4250 4249
4 1972 1973 4092 4250
4 1969 1970 4253 4234
4 4253 4249 4248 4234
4 1970 1971 4249 4253
4 4248 4247 4235 4234
4 4247 4246 4254 4235
4 4254 4200 4199 4235
4 4246 4201 4200 4254
4 1982 1983 4279 4275
4 4279 4278 4274 4275
4 1983 1984 4278 4279
4 4275 4276 1981 1982
4 1985 4277 4278 1984
4 4277 4273 4274 4278
4 4281 1985 1986 4255
4 4273 4277 4280 4258
4 4280 4281 4255 4258
4 4277 1985 4281 4280
4 4276 4078 1980 1981
4 4078 4276 4272 4079
4 4276 4275 4271 4272
4 4259 4269 4273 4258
4 4269 4270 4274 4273
4 4270 4271 4275 4274
4 4283 4284 4265 4266
4 4284 4260 4261 4265
4 4266 4267 4282 4283
4 4270 4269 4284 4283
4 4269 4259 4260 4284
4 4283 4282 4271 4270
4 4079 4272 4285 4080
4 4272 4271 4282 4285
4 4267 4268 4285 4282
4 4268 4081 4080 4285
4 4293 4294 4295 4292
4 4295 4288 4289 4292
4 4294 4287 4288 4295
4 4289 1456 1457 4292
4 4290 4291 4294 4293
4 4291 4286 4287 4294
4 4084 4083 4293 4292
4 4083 4082 4290 4293
4 4292 1457 1458 4084
4 4268 4290 4082 4081
4 4286 4291 4267 4266
4 4291 4290 4268 4267
4 4289 4288 4298 4264
4 4298 4297 4263 4264
4 4288 4287 4297 4298
4 4286 4296 4297 4287
4 4296 4262 4263 4297
4 4264 1455 1456 4289
4 4266 4265 4296 4286
4 4265 4261 4262 4296
4 2138 2139 4302 4301
4 2139 1453 1454 4302
4 1455 4264 4302 1454
4 4264 4263 4301 4302
4 4301 4303 2137 2138
4 4303 4304 2136 2137
4 2134 2135 4305 4300
4 2135 2136 4304 4305
4 4261 4306 4307 4262
4 4307 4304 4303 4262
4 4306 4305 4304 4307
4 4260 4299 4306 4261
4 4299 4300 4305 4306
4 4303 4301 4263 4262
4 4310 4309 4259 4258
4 2133 4308 4311 2132
4 4308 4309 4310 4311
4 4311 4310 4256 4257
4 4310 4258 4255 4256
4 4257 2131 2132 4311
4 4309 4308 4300 4299
4 4308 2133 2134 4300
4 4299 4260 4259 4309
4 4316 4327 4328 2003
4 4328 2001 2002 2003
4 4327 2000 2001 4328
4 4317 4326 4327 4316
4 4326 1999 2000 4327
4 4318 4325 4326 4317
4 4325 1998 1999 4326
4 4319 4324 4325 4318
4 4324 1997 1998 4325
4 1995 1996 4329 4323
4 1996 1997 4324 4329
4 4319 4320 4329 4324
4 4320 4321 4323 4329
4 4313 4314 4332 4322
4 4332 4330 4331 4322
4 4314 4315 4330 4332
4 4331 4323 4321 4322
4 1992 1993 4330 4315
4 1993 1994 4331 4330
4 1994 1995 4323 4331
4 2118 2119 4317 4316
4 2119 2120 4318 4317
4 2123 4335 4336 2122
4 4335 4320 4319 4336
4 2120 2121 4337 4318
4 4337 4336 4319 4318
4 2121 2122 4336 4337
4 2124 4334 4335 2123
4 4334 4321 4320 4335
4 4316 2003 2004 2118
4 2125 4333 4334 2124
4 4333 4322 4321 4334
4 2126 4312 4333 2125
4 4312 4313 4322 4333
4 1987 4344 4255 1986
4 4338 4343 1988 1989
4 4343 4344 1987 1988
4 4341 4343 4338 4339
4 4255 4344 4342 4256
4 4344 4343 4341 4342
4 4345 4346 4342 4341
4 4346 4257 4256 4342
4 4341 4339 4340 4345
4 2129 2130 4346 4345
4 2130 2131 4257 4346
4 4345 4340 2128 2129
4 4349 4348 4339 4338
4 4314 4347 4350 4315
4 4347 4348 4349 4350
4 1990 1991 4350 4349
4 1991 1992 4315 4350
4 4349 4338 1989 1990
4 4348 4347 4352 4351
4 4352 4313 4312 4351
4 4347 4314 4313 4352
4 4312 2126 2127 4351
4 2128 4340 4351 2127
4 4340 4339 4348 4351
4 1312 4417 4418 4412
4 4418 4416 4411 4412
4 4417 4415 4416 4418
4 4412 4384 1311 1312
4 4413 4414 4419 1313
4 4419 4417 1312 1313
4 4414 4415 4417 4419
4 4416 4420 4410 4411
4 4420 4403 4404 4410
4 4403 4420 4421 4402
4 4421 4415 4414 4402
4 4420 4416 4415 4421
4 4414 4413 4401 4402
4 1314 4422 4413 1313
4 4422 4400 4401 4413
4 1316 4399 4423 1315
4 4423 4422 1314 1315
4 4399 4400 4422 4423
4 4382 4383 4424 4409
4 4424 4412 4411 4409
4 4383 4384 4412 4424
4 4411 4410 4425 4409
4 4425 4405 4406 4409
4 4410 4404 4405 4425
4 4426 4429 4390 4391
4 4429 4408 4389 4390
4 4408 4429 4430 4407
4 4430 4427 4428 4407
4 4429 4426 4427 4430
4 4428 4409 4406 4407
4 4391 4392 4431 4426
4 4392 4379 4380 4431
4 4428 4427 4432 4381
4 4432 4431 4380 4381
4 4427 4426 4431 4432
4 4381 4382 4409 4428
4 4407 4406 4444 1342
4 4444 4443 1341 1342
4 4406 4405 4443 4444
4 1342 1343 4408 4407
4 4441 4442 1340 4445
4 4442 4439 1339 1340
4 1340 1341 4443 4445
4 4404 4440 4446 4405
4 4446 4445 4443 4405
4 4440 4441 4445 4446
4 1343 1344 4389 4408
4 4401 4449 4448 4402
4 4449 4450 4447 4448
4 4450 4435 4436 4447
4 4452 4449 4401 4400
4 4435 4450 4451 4434
4 4451 4452 4400 4434
4 4450 4449 4452 4451
4 1317 4433 4399 1316
4 4433 4434 4400 4399
4 4403 4454 4440 4404
4 4454 4453 4441 4440
4 4402 4448 4454 4403
4 4448 4447 4453 4454
4 4437 4438 4455 4453
4 4455 4442 4441 4453
4 4438 4439 4442 4455
4 4453 4447 4436 4437
4 4434 4433 4393 4394
4 4433 1317 1318 4393
4 4461 4459 4435 4434
4 4395 4458 4460 4394
4 4460 4461 4434 4394
4 4458 4459 4461 4460
4 4457 4462 4463 4456
4 4462 4459 4458 4463
4 4395 4396 4463 4458
4 4396 4397 4456 4463
4 4437 4436 4462 4457
4 4436 4435 4459 4462
4 1337 1338 4465 4464
4 4465 4439 4438 4464
4 1338 1339 4439 4465
4 4438 4437 4457 4464
4 4398 4466 4456 4397
4 4466 4464 4457 4456
4 1335 1336 4466 4398
4 1336 1337 4464 4466
4 1319 4474 4393 1318
4 4479 4477 1320 1321
4 4475 4476 4478 1322
4 4478 4479 1321 1322
4 4476 4477 4479 4478
4 4473 4480 4481 4472
4 4481 4476 4475 4472
4 4480 4477 4476 4481
4 4474 1319 4480 4473
4 1319 1320 4477 4480
4 1325 4482 1323 1324
4 4482 4475 1322 1323
4 1326 4471 4482 1325
4 4471 4472 4475 4482
4 4484 4485 4469 4470
4 4485 4483 4468 4469
4 4470 4395 4394 4484
4 4485 4473 4472 4483
4 4393 4474 4484 4394
4 4474 4473 4485 4484
4 4471 4486 4483 4472
4 4486 4467 4468 4483
4 1326 1327 4486 4471
4 1327 1328 4467 4486
4 4492 4493 4468 4467
4 4493 4489 4469 4468
4 4467 1328 1329 4492
4 4490 4491 4493 4492
4 4491 4488 4489 4493
4 4492 1329 1330 4490
4 1333 4487 4494 1332
4 4487 4488 4491 4494
4 1332 4494 4495 1331
4 4495 4490 1330 1331
4 4494 4491 4490 4495
4 4397 4496 4497 4398
4 4496 4488 4487 4497
4 1333 1334 4497 4487
4 1334 1335 4398 4497
4 4470 4498 4396 4395
4 4498 4496 4397 4396
4 4469 4489 4498 4470
4 4489 4488 4496 4498
4 4390 4389 4385 4386
4 4389 1344 1345 4385
4 4386 4387 4391 4390
4 4379 4392 4388 4378
4 4392 4391 4387 4388
4 1151 4539 4540 1150
4 4541 4542 1151 1152
4 4542 4538 4539 1151
4 1152 1153 4521 4541
4 4540 4537 1149 1150
4 4522 4529 4541 4521
4 4529 4530 4542 4541
4 4530 4531 4538 4542
4 4543 4548 4539 4538
4 4548 4547 4540 4539
4 4547 4548 4549 4546
4 4549 4544 4545 4546
4 4548 4543 4544 4549
4 4545 4514 4515 4546
4 4547 4536 4537 4540
4 4516 4535 4546 4515
4 4535 4536 4547 4546
4 4544 4543 4532 4533
4 4543 4538 4531 4532
4 4514 4545 4534 4513
4 4545 4544 4533 4534
4 4535 4555 4553 4536
4 4555 4554 4552 4553
4 4516 4517 4555 4535
4 4517 4518 4554 4555
4 4556 4557 4519 4520
4 4557 4554 4518 4519
4 4520 4504 4505 4556
4 4557 4556 4550 4551
4 4556 4505 4506 4550
4 4551 4552 4554 4557
4 4536 4553 4559 4537
4 4553 4552 4558 4559
4 1147 1148 4559 4558
4 1148 1149 4537 4559
4 4507 4560 4550 4506
4 4560 4561 4551 4550
4 4561 4558 4552 4551
4 4561 1146 1147 4558
4 1144 1145 4560 4507
4 1145 1146 4561 4560
4 1186 4571 4572 1185
4 4567 4568 1186 1187
4 4568 4569 4571 1186
4 1187 1188 4361 4567
4 4572 4528 1184 1185
4 4564 4565 4574 4570
4 4565 4566 4573 4574
4 4566 4526 4527 4573
4 4572 4573 4527 4528
4 4570 4574 4571 4569
4 4574 4573 4572 4571
4 4570 4580 4563 4564
4 4575 4579 4569 4568
4 4579 4580 4570 4569
4 4563 4580 4582 4562
4 4582 4581 4578 4562
4 4580 4579 4581 4582
4 4575 4576 4581 4579
4 4576 4577 4578 4581
4 4508 4509 4578 4577
4 4509 4510 4562 4578
4 4568 4567 4583 4575
4 4567 4361 4362 4583
4 4508 4577 4585 4364
4 4585 4584 4363 4364
4 4577 4576 4584 4585
4 4575 4583 4584 4576
4 4583 4362 4363 4584
4 4586 4591 4533 4532
4 4563 4590 4587 4564
4 4590 4591 4586 4587
4 4591 4590 4588 4589
4 4590 4563 4562 4588
4 4589 4534 4533 4591
4 4534 4589 4512 4513
4 4589 4588 4511 4512
4 4588 4562 4510 4511
4 4586 4595 4596 4587
4 4596 4593 4594 4587
4 4595 4592 4593 4596
4 4594 4565 4564 4587
4 4532 4531 4595 4586
4 4531 4530 4592 4595
4 4566 4598 4525 4526
4 4598 4597 4524 4525
4 4565 4594 4598 4566
4 4594 4593 4597 4598
4 4524 4597 4599 4523
4 4597 4593 4592 4599
4 4530 4529 4599 4592
4 4529 4522 4523 4599
4 1168 4600 1166 1167
4 4600 4601 1165 1166
4 4601 4602 1164 1165
4 4621 4619 1163 1164
4 4603 4618 4620 4602
4 4620 4621 1164 4602
4 4618 4619 4621 4620
4 4603 4604 4623 4618
4 4604 4605 4616 4623
4 4617 4622 4623 4616
4 4622 4619 4618 4623
4 1161 1162 4622 4617
4 1162 1163 4619 4622
4 1159 4626 4615 1158
4 4626 4625 4614 4615
4 4625 4626 4627 4617
4 4627 1160 1161 4617
4 4626 1159 1160 4627
4 4616 4624 4625 4617
4 4624 4613 4614 4625
4 4606 4607 4628 4624
4 4628 4612 4613 4624
4 4607 4608 4612 4628
4 4624 4616 4605 4606
4 4522 4632 4633 4523
4 4632 4630 4631 4633
4 4610 4611 4633 4631
4 4611 4524 4523 4633
4 1153 1154 4634 4521
4 1154 1155 4629 4634
4 4630 4632 4634 4629
4 4632 4522 4521 4634
4 4610 4631 4637 4609
4 4631 4630 4635 4637
4 4635 4636 4638 4637
4 4638 4613 4612 4637
4 4636 4614 4613 4638
4 4612 4608 4609 4637
4 4639 4640 4636 4635
4 4640 4615 4614 4636
4 4635 4630 4629 4639
4 1156 1157 4640 4639
4 1157 1158 4615 4640
4 4639 4629 1155 1156
4 4602 4601 4646 4647
4 4601 4600 4645 4646
4 4648 4652 4653 4647
4 4653 4603 4602 4647
4 4652 4604 4603 4653
4 4649 4651 4652 4648
4 4651 4605 4604 4652
4 4600 1168 1169 4645
4 4606 4654 4644 4607
4 4654 4650 4643 4644
4 4605 4651 4654 4606
4 4651 4649 4650 4654
4 1170 1171 4659 1169
4 4659 4658 4645 1169
4 1171 1172 4658 4659
4 1173 4657 4658 1172
4 4657 4646 4645 4658
4 1174 4656 4657 1173
4 4656 4647 4646 4657
4 1174 1175 4660 4656
4 1175 1176 4655 4660
4 4649 4648 4660 4655
4 4648 4647 4656 4660
4 4661 4642 4643 4650
4 1177 1178 4662 4661
4 4662 4641 4642 4661
4 1178 1179 4641 4662
4 4649 4655 4661 4650
4 4655 1176 1177 4661
4 1182 1183 4668 4667
4 1183 1184 4528 4668
4 4527 4663 4668 4528
4 4663 4664 4667 4668
4 4665 4670 4667 4664
4 4641 4669 4666 4642
4 4669 4670 4665 4666
4 4670 1181 1182 4667
4 1179 1180 4669 4641
4 1180 1181 4670 4669
4 4666 4665 4675 4676
4 4665 4664 4671 4675
4 4676 4643 4642 4666
4 4676 4674 4644 4643
4 4672 4673 4675 4671
4 4673 4674 4676 4675
4 4644 4674 4608 4607
4 4674 4673 4609 4608
4 4673 4672 4610 4609
4 4524 4611 4677 4525
4 4611 4610 4672 4677
4 4671 4678 4677 4672
4 4678 4526 4525 4677
4 4664 4663 4678 4671
4 4663 4527 4526 4678
4 4703 4710 4712 4702
4 4712 1351 4711 4702
4 4710 1350 1351 4712
4 4711 4709 4701 4702
4 4707 4708 4713 1352
4 4713 4711 1351 1352
4 4708 4709 4711 4713
4 1352 1353 4706 4707
4 1349 4705 4699 1348
4 1350 4710 4714 1349
4 4714 4704 4705 1349
4 4710 4703 4704 4714
4 4684 4715 4716 4683
4 4716 4708 4707 4683
4 4715 4709 4708 4716
4 4707 4706 4682 4683
4 4685 4700 4715 4684
4 4700 4701 4709 4715
4 4680 4681 4717 1354
4 4717 4706 1353 1354
4 4681 4682 4706 4717
4 1354 1355 4679 4680
4 1355 1356 4499 4679
4 4701 4690 4691 4702
4 4686 4689 4700 4685
4 4689 4690 4701 4700
4 4691 4692 4703 4702
4 4692 4693 4704 4703
4 4699 4705 4694 4695
4 4705 4704 4693 4694
4 4696 4698 4699 4695
4 4698 1347 1348 4699
4 4386 4385 4718 4697
4 4385 1345 1346 4718
4 1347 4698 4718 1346
4 4698 4696 4697 4718
4 4723 4726 4719 4720
4 4722 4725 4724 4721
4 4725 4726 4723 4724
4 4726 4725 4371 4372
4 4725 4722 4370 4371
4 4372 4373 4719 4726
4 4692 4723 4720 4693
4 4721 4724 4691 4690
4 4724 4723 4692 4691
4 4690 4689 4727 4721
4 4689 4686 4687 4727
4 4368 4369 4728 4688
4 4369 4370 4722 4728
4 4721 4727 4728 4722
4 4727 4687 4688 4728
4 4374 4731 4719 4373
4 4731 4732 4720 4719
4 4732 4694 4693 4720
4 4732 4731 4729 4730
4 4731 4374 4375 4729
4 4730 4695 4694 4732
4 4697 4735 4387 4386
4 4735 4736 4388 4387
4 4736 4377 4378 4388
4 4377 4736 4734 4376
4 4736 4735 4733 4734
4 4735 4697 4696 4733
4 4730 4729 4734 4733
4 4729 4375 4376 4734
4 4733 4696 4695 4730
4 4747 4748 4520 4519
4 4748 4503 4504 4520
4 4745 4746 4748 4747
4 4746 4502 4503 4748
4 4741 4749 4518 4517
4 4749 4747 4519 4518
4 4742 4744 4749 4741
4 4744 4745 4747 4749
4 4750 4751 4746 4745
4 4751 4501 4502 4746
4 4499 4500 4752 4679
4 4752 4751 4750 4679
4 4500 4501 4751 4752
4 4745 4744 4753 4750
4 4744 4742 4743 4753
4 4681 4680 4753 4743
4 4680 4679 4750 4753
4 4517 4516 4760 4741
4 4760 4759 4758 4741
4 4516 4515 4759 4760
4 4514 4756 4759 4515
4 4756 4757 4758 4759
4 4754 4755 4758 4757
4 4755 4742 4741 4758
4 4757 4756 4737 4738
4 4756 4514 4513 4737
4 4738 4739 4754 4757
4 4761 4762 4755 4754
4 4762 4743 4742 4755
4 4754 4739 4740 4761
4 4762 4761 4683 4682
4 4761 4740 4684 4683
4 4682 4681 4743 4762
4 4738 4737 4771 4772
4 4737 4513 4512 4771
4 4772 4768 4739 4738
4 4772 4770 4767 4768
4 4511 4769 4771 4512
4 4769 4770 4772 4771
4 4763 4764 4770 4769
4 4764 4765 4767 4770
4 4769 4511 4510 4763
4 4765 4766 4773 4767
4 4766 4687 4686 4773
4 4684 4740 4774 4685
4 4740 4739 4768 4774
4 4767 4773 4774 4768
4 4773 4686 4685 4774
4 4509 4508 4777 4778
4 4508 4364 4365 4777
4 4778 4763 4510 4509
4 4775 4776 4778 4777
4 4776 4764 4763 4778
4 4777 4365 4366 4775
4 4776 4775 4781 4780
4 4775 4366 4367 4781
4 4688 4779 4782 4368
4 4782 4781 4367 4368
4 4779 4780 4781 4782
4 4766 4779 4688 4687
4 4776 4780 4765 4764
4 4780 4779 4766 4765
4 4815 1108 1109 4783
4 4813 1107 4814 4800
4 4814 4815 4783 4800
4 1107 1108 4815 4814
4 4800 4801 4812 4813
4 4801 4802 4810 4812
4 4811 4818 4812 4810
4 4818 4817 4813 4812
4 4360 4816 4819 4359
4 4819 4818 4811 4359
4 4816 4817 4818 4819
4 4817 1106 1107 4813
4 1104 1105 4816 4360
4 1105 1106 4817 4816
4 4810 4820 4821 4811
4 4820 4808 4809 4821
4 4357 4358 4821 4809
4 4358 4359 4811 4821
4 4802 4803 4820 4810
4 4803 4804 4808 4820
4 4806 4807 4823 4822
4 4807 1361 1362 4823
4 1363 4353 4823 1362
4 4353 4354 4822 4823
4 4806 4822 4824 4805
4 4822 4354 4355 4824
4 4824 4825 4826 4805
4 4826 4808 4804 4805
4 4825 4809 4808 4826
4 4355 4356 4825 4824
4 4356 4357 4809 4825
4 4798 4799 4831 4832
4 4799 1359 1360 4831
4 4832 4830 4797 4798
4 4832 4831 4807 4806
4 4831 1360 1361 4807
4 4806 4805 4830 4832
4 4833 4834 4835 4796
4 4835 4829 4795 4796
4 4834 4828 4829 4835
4 4796 4797 4830 4833
4 4834 4836 4827 4828
4 4836 4804 4803 4827
4 4804 4836 4837 4805
4 4837 4833 4830 4805
4 4836 4834 4833 4837
4 4795 4829 4842 4794
4 4829 4828 4841 4842
4 4839 4840 4842 4841
4 4840 4793 4794 4842
4 4828 4827 4843 4841
4 4827 4803 4802 4843
4 4801 4838 4843 4802
4 4838 4839 4841 4843
4 4844 4845 4840 4839
4 4845 4792 4793 4840
4 4785 4786 4845 4844
4 4786 4787 4792 4845
4 4783 4784 4846 4800
4 4784 4785 4844 4846
4 4839 4838 4846 4844
4 4838 4801 4800 4846
4 4850 4851 4852 4849
4 4851 1357 1358 4852
4 1359 4799 4852 1358
4 4799 4798 4849 4852
4 4500 4499 4851 4850
4 4499 1356 1357 4851
4 4848 4853 4854 4847
4 4853 4850 4849 4854
4 4798 4797 4854 4849
4 4797 4796 4847 4854
4 4502 4501 4853 4848
4 4501 4500 4850 4853
4 4787 4788 4864 4792
4 4788 4789 4861 4864
4 4792 4864 4865 4793
4 4865 4862 4863 4793
4 4864 4861 4862 4865
4 4863 4860 4794 4793
4 4856 4857 4863 4862
4 4857 4858 4860 4863
4 4790 4855 4861 4789
4 4855 4856 4862 4861
4 4847 4866 4859 4848
4 4866 4860 4858 4859
4 4796 4795 4866 4847
4 4795 4794 4860 4866
4 4506 4867 4791 4507
4 4867 4855 4790 4791
4 4505 4868 4867 4506
4 4868 4856 4855 4867
4 4858 4857 4869 4504
4 4869 4868 4505 4504
4 4857 4856 4868 4869
4 4504 4503 4859 4858
4 4503 4502 4848 4859
4 4790 4888 1143 4791
4 4888 4889 1142 1143
4 1143 1144 4507 4791
4 4889 4885 1141 1142
4 4789 4886 4888 4790
4 4886 4887 4889 4888
4 4887 4884 4885 4889
4 4887 4886 4891 4890
4 4886 4789 4788 4891
4 4787 4879 4891 4788
4 4879 4880 4890 4891
4 4881 4883 4890 4880
4 4883 4884 4887 4890
4 4876 4893 4882 4875
4 4893 4883 4881 4882
4 4877 4892 4893 4876
4 4892 4884 4883 4893
4 4878 4894 4892 4877
4 4894 4885 4884 4892
4 1139 1140 4894 4878
4 1140 1141 4885 4894
4 1110 4898 4783 1109
4 4897 4899 4870 4871
4 4899 1112 1113 4870
4 1110 1111 4900 4898
4 4900 4899 4897 4898
4 1111 1112 4899 4900
4 4898 4896 4784 4783
4 4872 4895 4897 4871
4 4895 4896 4898 4897
4 4880 4879 4903 4902
4 4879 4787 4786 4903
4 4902 4903 4904 4896
4 4904 4785 4784 4896
4 4903 4786 4785 4904
4 4895 4901 4902 4896
4 4901 4881 4880 4902
4 4872 4873 4906 4895
4 4906 4905 4901 4895
4 4873 4874 4905 4906
4 4875 4882 4905 4874
4 4882 4881 4901 4905
4 1125 4918 1123 1124
4 4918 4919 1122 1123
4 4919 4920 1121 1122
4 4920 4921 1120 1121
4 4917 4925 4926 4916
4 4926 4924 4922 4916
4 4925 4923 4924 4926
4 1117 1118 4925 4917
4 1118 1119 4923 4925
4 4928 4923 1119 1120
4 4922 4924 4927 4921
4 4927 4928 1120 4921
4 4924 4923 4928 4927
4 4909 4910 4921 4920
4 4910 4911 4922 4921
4 4911 4912 4916 4922
4 4919 4908 4909 4920
4 1126 4907 4918 1125
4 4907 4908 4919 4918
4 4931 4930 4917 4916
4 4931 4932 4935 4930
4 4935 4934 4929 4930
4 4932 4933 4934 4935
4 4873 4872 4934 4933
4 4872 4871 4929 4934
4 4914 4915 4933 4932
4 4915 4874 4873 4933
4 4912 4913 4931 4916
4 4913 4914 4932 4931
4 4929 4936 4937 4930
4 4937 1115 1116 4930
4 4936 1114 1115 4937
4 4871 4870 4936 4929
4 4870 1113 1114 4936
4 1116 1117 4917 4930
4 1127 1128 4946 1126
4 4946 4945 4907 1126
4 1128 1129 4945 4946
4 1130 4944 4945 1129
4 4944 4908 4907 4945
4 1131 4943 4944 1130
4 4943 4909 4908 4944
4 4941 4942 4947 4943
4 4947 4910 4909 4943
4 4942 4911 4910 4947
4 4943 1131 1132 4941
4 4939 4940 4949 4948
4 4940 4913 4912 4949
4 4911 4942 4949 4912
4 4942 4941 4948 4949
4 4948 4950 4938 4939
4 4950 1134 1135 4938
4 1132 1133 4951 4941
4 4951 4950 4948 4941
4 1133 1134 4950 4951
4 4953 4954 4955 4952
4 4954 4915 4914 4955
4 4913 4940 4955 4914
4 4940 4939 4952 4955
4 4876 4875 4954 4953
4 4875 4874 4915 4954
4 4938 4957 4952 4939
4 4957 4956 4953 4952
4 1135 1136 4957 4938
4 1136 1137 4956 4957
4 1137 1138 4958 4956
4 1138 1139 4878 4958
4 4956 4958 4959 4953
4 4959 4877 4876 4953
4 4958 4878 4877 4959
4 1194 4998 4999 1193
4 5015 5016 1194 1195
4 5016 4997 4998 1194
4 1195 1196 5014 5015
4 1196 1197 5013 5014
4 1191 1192 5000 5001
4 1192 1193 4999 5000
4 1189 1190 5002 5003
4 1190 1191 5001 5002
4 5015 5014 5010 5011
4 5014 5013 5009 5010
4 4997 5016 5012 4996
4 5016 5015 5011 5012
4 5003 4361 1188 1189
4 1198 5004 5013 1197
4 5004 5005 5009 5013
4 5021 5022 5017 5018
4 5022 5011 5010 5017
4 4972 5020 5019 4971
4 5020 5021 5018 5019
4 4992 4993 5025 5020
4 5025 5024 5021 5020
4 4993 4994 5024 5025
4 4995 5023 5024 4994
4 5023 5022 5021 5024
4 5020 4972 4973 4992
4 4996 5012 5023 4995
4 5012 5011 5022 5023
4 5018 5026 5027 5019
4 5026 5007 5008 5027
4 4969 4970 5027 5008
4 4970 4971 5019 5027
4 5017 5028 5026 5018
4 5028 5006 5007 5026
4 5010 5009 5028 5017
4 5009 5005 5006 5028
4 1211 5029 1209 1210
4 5029 5030 1208 1209
4 5030 5031 1207 1208
4 5043 5041 1206 1207
4 5032 5040 5042 5031
4 5042 5043 1207 5031
4 5040 5041 5043 5042
4 1204 1205 5044 5039
4 1205 1206 5041 5044
4 5039 5044 5045 5033
4 5045 5040 5032 5033
4 5044 5041 5040 5045
4 5033 5034 5046 5039
4 5034 5035 5038 5046
4 1202 1203 5046 5038
4 1203 1204 5039 5046
4 5004 5050 5051 5005
4 5051 5048 5049 5005
4 5050 5047 5048 5051
4 5049 5037 5006 5005
4 1198 1199 5050 5004
4 1199 1200 5047 5050
4 5035 5036 5052 5038
4 5052 5049 5048 5038
4 5036 5037 5049 5052
4 5048 5047 5053 5038
4 5053 1201 1202 5038
4 5047 1200 1201 5053
4 5054 5057 4964 4965
4 5033 5056 5055 5034
4 5056 5057 5054 5055
4 5059 5056 5033 5032
4 4964 5057 5058 4963
4 5058 5059 5032 4963
4 5057 5056 5059 5058
4 4961 4962 5031 5030
4 4962 4963 5032 5031
4 1212 4960 5029 1211
4 4960 4961 5030 5029
4 5060 5064 5055 5054
4 5064 5035 5034 5055
4 5061 5063 5064 5060
4 5063 5036 5035 5064
4 5063 5065 5037 5036
4 5065 5007 5006 5037
4 5061 5062 5065 5063
4 5062 5008 5007 5065
4 5061 5060 4966 4967
4 5060 5054 4965 4966
4 5008 5062 4968 4969
4 5062 5061 4967 4968
4 5080 5081 4997 4996
4 5081 5071 4998 4997
4 4996 4995 5078 5080
4 5082 5083 5084 5079
4 5084 5080 5078 5079
4 5083 5081 5080 5084
4 5069 5070 5083 5082
4 5070 5071 5081 5083
4 5074 5075 5082 5079
4 5075 5068 5069 5082
4 5079 5078 5076 5077
4 5078 4995 4994 5076
4 5077 5073 5074 5079
4 5073 5077 5087 5072
4 5077 5076 5085 5087
4 5085 5086 5088 5087
4 5086 4974 4975 5088
4 5087 5088 5089 5072
4 5089 4976 4977 5072
4 5088 4975 4976 5089
4 4993 4992 5086 5085
4 4992 4973 4974 5086
4 5085 5076 4994 4993
4 5094 5093 4984 4985
4 5072 5092 5095 5073
4 5092 5093 5094 5095
4 5090 5091 5095 5094
4 5091 5074 5073 5095
4 5094 4985 4986 5090
4 5093 4979 4980 4984
4 4977 4978 5092 5072
4 4978 4979 5093 5092
4 5066 5067 5096 5097
4 5067 5068 5075 5096
4 5097 4987 4988 5066
4 5097 5096 5091 5090
4 5096 5075 5074 5091
4 5090 4986 4987 5097
4 5070 5069 5106 5105
4 5069 5068 5098 5106
4 5099 5102 5106 5098
4 5102 5103 5105 5106
4 5105 5107 5071 5070
4 5107 4999 4998 5071
4 5103 5104 5107 5105
4 5104 5000 4999 5107
4 5100 5101 5108 5109
4 5101 4364 4363 5108
4 5109 5102 5099 5100
4 5104 5103 5113 5112
4 5103 5102 5109 5113
4 5110 5108 4363 4362
4 5110 5111 5114 5108
4 5114 5113 5109 5108
4 5111 5112 5113 5114
4 5002 5001 5112 5111
4 5001 5000 5104 5112
4 4361 5003 5110 4362
4 5003 5002 5111 5110
4 4364 5101 5119 4365
4 5119 5118 5117 4365
4 5101 5100 5118 5119
4 5099 5115 5118 5100
4 5115 5116 5117 5118
4 4990 4991 5117 5116
4 4991 4366 4365 5117
4 5098 5120 5115 5099
4 5120 5121 5116 5115
4 5121 4989 4990 5116
4 5121 5120 5067 5066
4 5120 5098 5068 5067
4 5066 4988 4989 5121
4 5140 5143 5144 5138
4 5144 5142 5137 5138
4 5143 5141 5142 5144
4 1293 1294 5145 5139
4 5145 5143 5140 5139
4 1294 5141 5143 5145
4 5147 5141 1294 1295
4 5137 5142 5146 5136
4 5146 5147 1295 5136
4 5142 5141 5147 5146
4 5125 5126 5140 5138
4 5126 5127 5139 5140
4 1291 5130 5131 1290
4 1292 5148 5149 1291
4 5149 5129 5130 1291
4 5148 5128 5129 5149
4 1293 5139 5148 1292
4 5139 5127 5128 5148
4 1296 5135 5136 1295
4 5133 5134 1297 1298
4 5134 5135 1296 1297
4 1298 1299 5132 5133
4 1299 1300 5122 5132
4 5131 4983 1289 1290
4 4371 4370 5152 5151
4 4370 4369 5124 5152
4 5125 5138 5152 5124
4 5138 5137 5151 5152
4 4373 4372 5153 5150
4 4372 4371 5151 5153
4 5137 5136 5153 5151
4 5136 5135 5150 5153
4 4375 4374 5155 5154
4 4374 4373 5150 5155
4 5135 5134 5155 5150
4 5134 5133 5154 5155
4 4377 4376 5156 5123
4 4376 4375 5154 5156
4 5133 5132 5156 5154
4 5132 5122 5123 5156
4 5161 5162 5163 5164
4 5162 4981 4982 5163
4 5164 5159 5160 5161
4 4983 5131 5163 4982
4 5131 5130 5164 5163
4 5130 5129 5159 5164
4 4985 4984 5162 5161
4 4984 4980 4981 5162
4 5161 5160 4986 4985
4 5160 5165 4987 4986
4 5165 5158 4988 4987
4 5159 5166 5165 5160
4 5166 5157 5158 5165
4 5129 5128 5166 5159
4 5128 5127 5157 5166
4 5157 5170 5169 5158
4 5170 5167 5168 5169
4 5127 5126 5170 5157
4 5126 5125 5167 5170
4 4990 4989 5169 5168
4 4989 4988 5158 5169
4 4366 4991 5171 4367
4 4991 4990 5168 5171
4 5167 5172 5171 5168
4 5172 4368 4367 5171
4 5125 5124 5172 5167
4 5124 4369 4368 5172
4 4378 5173 5176 4379
4 5173 5174 5175 5176
4 5174 1301 1302 5175
4 1303 5177 5175 1302
4 5177 5178 5176 5175
4 5178 5179 5180 5176
4 5180 4380 4379 5176
4 5179 4381 4380 5180
4 4384 5185 5186 1311
4 5186 1309 1310 1311
4 5185 1308 1309 5186
4 5182 5184 5187 4383
4 5187 5185 4384 4383
4 5184 1308 5185 5187
4 5182 5183 5188 5184
4 5188 1307 1308 5184
4 5183 1306 1307 5188
4 5190 5182 4383 4382
4 1306 5183 5189 5181
4 5189 5190 4382 5181
4 5183 5182 5190 5189
4 4382 4381 5179 5181
4 1306 5181 5191 1305
4 5181 5179 5178 5191
4 1305 5191 5192 1304
4 5192 5177 1303 1304
4 5191 5178 5177 5192
4 1301 5174 5122 1300
4 5174 5173 5123 5122
4 5173 4378 4377 5123
4 1229 5213 5209 1228
4 5211 5212 5214 5210
4 5214 1229 1230 5210
4 5212 5213 1229 5214
4 1230 1231 5207 5210
4 4975 4974 5213 5212
4 4974 4973 5209 5213
4 5212 5211 4976 4975
4 5205 5206 5215 5216
4 5206 4978 4977 5215
4 5216 5208 5204 5205
4 5211 5210 5216 5215
4 5210 5207 5208 5216
4 5215 4977 4976 5211
4 4973 4972 5219 5209
4 4972 4971 5218 5219
4 5200 5217 4970 4969
4 5217 5218 4971 4970
4 1224 1225 5217 5200
4 1225 1226 5218 5217
4 5209 5219 1227 1228
4 5219 5218 1226 1227
4 5193 5223 1234 1235
4 5223 5221 1233 1234
4 5194 5222 5223 5193
4 5222 5220 5221 5223
4 5195 5201 5222 5194
4 5201 5202 5220 5222
4 5207 5225 5224 5208
4 5225 5221 5220 5224
4 1231 1232 5225 5207
4 1232 1233 5221 5225
4 5202 5203 5224 5220
4 5203 5204 5208 5224
4 5229 5230 5232 5233
4 5230 1287 1288 5232
4 5233 5231 5228 5229
4 1289 4983 5232 1288
4 4983 4982 5233 5232
4 4982 4981 5231 5233
4 5205 5204 5235 5234
4 5204 5203 5226 5235
4 5234 5235 5236 5231
4 5236 5227 5228 5231
4 5235 5226 5227 5236
4 4980 5234 5231 4981
4 4980 4979 5237 5234
4 5237 5206 5205 5234
4 4979 4978 5206 5237
4 5240 5241 5244 5199
4 5244 5243 5198 5199
4 5241 5242 5243 5244
4 5238 5239 5243 5242
4 5239 5197 5198 5243
4 5199 1285 1286 5240
4 5241 5240 5230 5229
4 5240 1286 1287 5230
4 5238 5242 5228 5227
4 5242 5241 5229 5228
4 5202 5201 5245 5246
4 5201 5195 5196 5245
4 5246 5226 5203 5202
4 5239 5238 5246 5245
4 5238 5227 5226 5246
4 5245 5196 5197 5239
4 4961 4960 1214 1215
4 4960 1212 1213 1214
4 1215 1216 4962 4961
4 5251 5249 4964 4963
4 1218 5248 5250 1217
4 5250 5251 4963 1217
4 5248 5249 5251 5250
4 4963 4962 1216 1217
4 4964 5249 5254 4965
4 5254 5253 5252 4965
4 5249 5248 5253 5254
4 1218 1219 5253 5248
4 1219 1220 5252 5253
4 1221 5247 5252 1220
4 5247 4966 4965 5252
4 4968 4967 5255 5256
4 4967 4966 5247 5255
4 5256 5200 4969 4968
4 1221 1222 5255 5247
4 1222 1223 5256 5255
4 1223 1224 5200 5256
4 5292 5290 5289 5286
4 1235 1236 5291 5193
4 5291 5292 5286 5193
4 1236 5290 5292 5291
4 5289 5290 5293 5288
4 5293 1237 1238 5288
4 5290 1236 1237 5293
4 1238 1239 5287 5288
4 1239 1240 5257 5287
4 5288 5287 5281 5282
4 5287 5257 5258 5281
4 5286 5289 5283 5284
4 5289 5288 5282 5283
4 5284 5285 5294 5286
4 5285 5279 5280 5294
4 5195 5194 5294 5280
4 5194 5193 5286 5294
4 5298 5299 5296 5297
4 5299 5266 5267 5296
4 5297 5282 5281 5298
4 5259 5298 5281 5258
4 5266 5299 5260 5261
4 5299 5298 5259 5260
4 5282 5297 5302 5283
4 5302 5301 5300 5283
4 5297 5296 5301 5302
4 5267 5268 5301 5296
4 5268 5269 5300 5301
4 5270 5295 5300 5269
4 5295 5284 5283 5300
4 5279 5285 5303 5278
4 5285 5284 5295 5303
4 5270 5271 5303 5295
4 5271 5272 5278 5303
4 5276 5277 5306 5307
4 5277 1282 1283 5306
4 5307 5305 5275 5276
4 5308 5306 1283 1284
4 5305 5307 5309 5304
4 5307 5306 5308 5309
4 5304 5309 5198 5197
4 5309 5308 5199 5198
4 5308 1284 1285 5199
4 5278 5314 5315 5279
4 5314 5310 5311 5315
4 5279 5315 5316 5280
4 5316 5312 5313 5280
4 5315 5311 5312 5316
4 5313 5196 5195 5280
4 5272 5273 5314 5278
4 5273 5274 5310 5314
4 5305 5318 5319 5275
4 5319 5310 5274 5275
4 5318 5311 5310 5319
4 5304 5317 5318 5305
4 5317 5312 5311 5318
4 5196 5313 5320 5197
4 5320 5317 5304 5197
4 5313 5312 5317 5320
4 1273 5331 1271 1272
4 5331 5324 1270 1271
4 1273 1274 5330 5331
4 1274 1275 5325 5330
4 5328 5329 5331 5330
4 5329 5323 5324 5331
4 5330 5325 5326 5328
4 5321 5332 5270 5269
4 5332 5333 5271 5270
4 5273 5272 5334 5327
4 5272 5271 5333 5334
4 5334 5328 5326 5327
4 5334 5333 5336 5328
4 5336 5335 5329 5328
4 5333 5332 5335 5336
4 5321 5322 5335 5332
4 5322 5323 5329 5335
4 5339 5340 5341 5338
4 5341 1277 1278 5338
4 5340 1276 1277 5341
4 5326 5325 5340 5339
4 5325 1275 1276 5340
4 1278 1279 5337 5338
4 1279 1280 1281 5337
4 5274 5342 5343 5275
4 5342 5339 5338 5343
4 5277 5276 5344 5337
4 5344 5343 5338 5337
4 5276 5275 5343 5344
4 5337 1281 1282 5277
4 5273 5327 5342 5274
4 5327 5326 5339 5342
4 5349 5350 5351 5348
4 5351 1268 1269 5348
4 5350 1267 1268 5351
4 1269 1270 5324 5348
4 5264 5265 5350 5349
4 5265 1266 1267 5350
4 5349 5347 5263 5264
4 5348 5352 5353 5349
4 5353 5346 5347 5349
4 5352 5345 5346 5353
4 5324 5323 5352 5348
4 5323 5322 5345 5352
4 5345 5355 5354 5346
4 5355 5268 5267 5354
4 5322 5321 5355 5345
4 5321 5269 5268 5355
4 5267 5266 5356 5354
4 5266 5261 5262 5356
4 5263 5347 5356 5262
4 5347 5346 5354 5356
4 5357 5373 5374 1253
4 5374 1251 1252 1253
4 5373 1250 1251 5374
4 5358 5372 5373 5357
4 5372 1249 1250 5373
4 5359 5371 5372 5358
4 5371 1248 1249 5372
4 5359 5360 5375 5371
4 5375 5369 5370 5371
4 5360 5361 5369 5375
4 5370 1247 1248 5371
4 1245 5377 5368 1244
4 5377 5376 5367 5368
4 5376 5377 5378 5370
4 5378 1246 1247 5370
4 5377 1245 1246 5378
4 5376 5379 5366 5367
4 5379 5362 5363 5366
4 5370 5369 5379 5376
4 5369 5361 5362 5379
4 5259 5258 5384 5381
4 5384 5383 5382 5381
4 5258 5257 5383 5384
4 1240 1241 5383 5257
4 1241 1242 5382 5383
4 5382 5385 5380 5381
4 5385 5368 5367 5380
4 1242 1243 5385 5382
4 1243 1244 5368 5385
4 5261 5260 5386 5365
4 5260 5259 5381 5386
4 5365 5386 5387 5364
4 5386 5381 5380 5387
4 5367 5366 5387 5380
4 5366 5363 5364 5387
4 5393 5398 5399 5392
4 5399 5358 5357 5392
4 5398 5359 5358 5399
4 5394 5397 5398 5393
4 5397 5360 5359 5398
4 5357 1253 1254 5392
4 5395 5396 5397 5394
4 5396 5361 5360 5397
4 5390 5391 5396 5395
4 5391 5362 5361 5396
4 1255 1256 5403 1254
4 5403 5402 5392 1254
4 1256 1257 5402 5403
4 1258 5401 5402 1257
4 5401 5393 5392 5402
4 1259 5400 5401 1258
4 5400 5394 5393 5401
4 1260 5404 5400 1259
4 5404 5395 5394 5400
4 1260 1261 5405 5404
4 5405 5388 5389 5404
4 1261 1262 5388 5405
4 5389 5390 5395 5404
4 5411 5412 5265 5264
4 5412 1265 1266 5265
4 5264 5263 5406 5411
4 5409 5411 5406 5407
4 1265 5412 5410 1264
4 5412 5411 5409 5410
4 5413 5414 5410 5409
4 5414 1263 1264 5410
4 5409 5407 5408 5413
4 5389 5388 5414 5413
4 5388 1262 1263 5414
4 5413 5408 5390 5389
4 5408 5416 5391 5390
4 5416 5363 5362 5391
4 5407 5415 5416 5408
4 5415 5364 5363 5416
4 5261 5365 5417 5262
4 5365 5364 5415 5417
4 5407 5406 5417 5415
4 5406 5263 5262 5417
4 1399 5429 1397 1398
4 1399 1400 5458 5429
4 5458 5457 5428 5429
4 1400 5456 5457 5458
4 5453 5454 5457 5456
4 5454 5427 5428 5457
4 1401 5459 5462 1400
4 5462 5461 5456 1400
4 5459 5460 5461 5462
4 5451 5452 5461 5460
4 5452 5453 5456 5461
4 5455 5463 5464 1402
4 5464 5459 1401 1402
4 5463 5460 5459 5464
4 5449 5450 5463 5455
4 5450 5451 5460 5463
4 5448 5465 5466 5447
4 5465 1405 1406 5466
4 5445 5446 5467 1407
4 5467 5466 1406 1407
4 5446 5447 5466 5467
4 1405 5465 5468 1404
4 5468 5449 5455 1404
4 5465 5448 5449 5468
4 5455 1402 1403 1404
4 5443 5470 5469 5442
4 5470 1410 1411 5469
4 1410 5470 5473 1409
4 5473 5472 1408 1409
4 5470 5471 5472 5473
4 5470 5443 5444 5471
4 5475 5471 5444 5445
4 1408 5472 5474 1407
4 5474 5475 5445 1407
4 5472 5471 5475 5474
4 1412 1413 5469 1411
4 1413 1414 5442 5469
4 5449 5448 5479 5436
4 5479 5478 5435 5436
4 5448 5447 5478 5479
4 5436 5437 5450 5449
4 5446 5477 5478 5447
4 5477 5434 5435 5478
4 5434 5477 5480 5433
4 5477 5446 5445 5480
4 5444 5476 5480 5445
4 5476 5432 5433 5480
4 5452 5439 5440 5453
4 5437 5438 5451 5450
4 5438 5439 5452 5451
4 5427 5454 5441 5426
4 5454 5453 5440 5441
4 5444 5443 5482 5476
4 5443 5442 5481 5482
4 5442 1414 1415 5481
4 5430 5431 5482 5481
4 5431 5432 5476 5482
4 5481 1415 1416 5430
4 5492 5493 5496 1429
4 5496 5495 1428 1429
4 5493 5494 5495 5496
4 1429 1430 5424 5492
4 5487 5488 5495 5494
4 5488 1427 1428 5495
4 5493 5492 5489 5490
4 5492 5424 5425 5489
4 5487 5494 5491 5486
4 5494 5493 5490 5491
4 5426 5441 5489 5425
4 5441 5440 5490 5489
4 5486 5491 5439 5438
4 5491 5490 5440 5439
4 5487 5486 5500 5498
4 5486 5438 5437 5500
4 5436 5499 5500 5437
4 5499 5497 5498 5500
4 5435 5483 5499 5436
4 5483 5484 5497 5499
4 5501 5497 5484 5485
4 5487 5498 5502 5488
4 5498 5497 5501 5502
4 1425 1426 5502 5501
4 1426 1427 5488 5502
4 5501 5485 1424 1425
4 5509 5507 5484 5483
4 5505 5506 5510 5508
4 5506 5507 5509 5510
4 5434 5433 5510 5509
4 5433 5432 5508 5510
4 5509 5483 5435 5434
4 5511 5512 5431 5430
4 5512 5508 5432 5431
4 5430 1416 1417 5511
4 5503 5504 5512 5511
4 5504 5505 5508 5512
4 5511 1417 1418 5503
4 5507 5514 5485 5484
4 5514 1423 1424 5485
4 5506 5513 5514 5507
4 5513 1422 1423 5514
4 5505 5515 5513 5506
4 5515 1421 1422 5513
4 1420 5516 5517 1419
4 5517 5503 1418 1419
4 5516 5504 5503 5517
4 1421 5515 5516 1420
4 5515 5505 5504 5516
4 5522 5523 5533 5532
4 5523 1389 1390 5533
4 1390 1391 5534 5533
4 5534 5524 5525 5533
4 1391 1392 5524 5534
4 5525 5526 5532 5533
4 5522 5532 5535 5521
4 5532 5526 5527 5535
4 5521 5535 5536 5520
4 5536 5528 5529 5520
4 5535 5527 5528 5536
4 5530 5519 5520 5529
4 1432 5518 5531 1431
4 5518 5519 5530 5531
4 5544 5542 5539 5540
4 5525 5541 5543 5526
4 5543 5544 5540 5526
4 5541 5542 5544 5543
4 5540 5537 5527 5526
4 5542 5545 5538 5539
4 5545 1394 1395 5538
4 1394 5545 5546 1393
4 5545 5542 5541 5546
4 5525 5524 5546 5541
4 5524 1392 1393 5546
4 5540 5539 5548 5428
4 5548 5547 5429 5428
4 5539 5538 5547 5548
4 5428 5427 5537 5540
4 1395 1396 5547 5538
4 1396 1397 5429 5547
4 5537 5551 5528 5527
4 5551 5550 5529 5528
4 5426 5549 5552 5427
4 5552 5551 5537 5427
4 5549 5550 5551 5552
4 5425 5424 5531 5530
4 5424 1430 1431 5531
4 5554 5549 5426 5425
4 5529 5550 5553 5530
4 5553 5554 5425 5530
4 5550 5549 5554 5553
4 5418 5559 1434 1435
4 5559 5560 1433 1434
4 5560 5518 1432 1433
4 5560 5558 5519 5518
4 5419 5557 5559 5418
4 5557 5558 5560 5559
4 5561 5562 5555 5556
4 5562 5420 5421 5555
4 5556 5521 5520 5561
4 5420 5562 5557 5419
4 5562 5561 5558 5557
4 5561 5520 5519 5558
4 5523 5563 1388 1389
4 5563 5564 1387 1388
4 5564 5423 1386 1387
4 5565 5566 5564 5563
4 5566 5422 5423 5564
4 5563 5523 5522 5565
4 5556 5565 5522 5521
4 5422 5566 5555 5421
4 5566 5565 5556 5555
4 1019 5668 5669 1018
4 5648 5667 5670 5647
4 5670 1019 1020 5647
4 5667 5668 1019 5670
4 5669 5663 2117 1018
4 1020 1021 5619 5647
4 5668 5667 5664 5665
4 5667 5648 5649 5664
4 5663 5669 5666 5662
4 5669 5668 5665 5666
4 5671 5672 5666 5665
4 5672 5661 5662 5666
4 5655 5656 5672 5671
4 5656 5657 5661 5672
4 5665 5664 5673 5671
4 5664 5649 5650 5673
4 5651 5654 5673 5650
4 5654 5655 5671 5673
4 5676 5677 5682 5661
4 5682 5681 5662 5661
4 5677 5678 5681 5682
4 5679 5680 5681 5678
4 5680 5663 5662 5681
4 5661 5657 5658 5676
4 2115 2116 5680 5679
4 2116 2117 5663 5680
4 5675 5684 5683 5674
4 5684 5678 5677 5683
4 2115 5679 5685 2114
4 5685 5684 5675 2114
4 5679 5678 5684 5685
4 5674 5683 5686 5659
4 5686 5676 5658 5659
4 5683 5677 5676 5686
4 5659 5660 5687 5674
4 5660 5644 5645 5687
4 5674 5687 5688 5675
4 5687 5645 5646 5688
4 2112 2113 5688 5646
4 2113 2114 5675 5688
4 5634 5689 5694 5633
4 5689 5690 5693 5694
4 5656 5692 5691 5657
4 5692 5693 5690 5691
4 5694 5693 5698 5696
4 5698 5697 5695 5696
4 5693 5692 5697 5698
4 5696 5632 5633 5694
4 5656 5655 5697 5692
4 5655 5654 5695 5697
4 5651 5652 5695 5654
4 5652 5653 5696 5695
4 5653 5631 5632 5696
4 5699 5700 5635 5636
4 5700 5689 5634 5635
4 5636 5637 5642 5699
4 5644 5660 5703 5643
4 5660 5659 5702 5703
4 5691 5701 5658 5657
4 5701 5702 5659 5658
4 5703 5702 5705 5699
4 5705 5704 5700 5699
4 5702 5701 5704 5705
4 5691 5690 5704 5701
4 5690 5689 5700 5704
4 5699 5642 5643 5703
4 5648 5647 5716 5715
4 5647 5619 5620 5716
4 5712 5713 5718 5622
4 5718 5717 5621 5622
4 5713 5714 5717 5718
4 5715 5716 5717 5714
4 5716 5620 5621 5717
4 5710 5713 5712 5709
4 5715 5719 5649 5648
4 5719 5711 5650 5649
4 5711 5719 5720 5710
4 5720 5714 5713 5710
4 5719 5715 5714 5720
4 5712 5722 5708 5709
4 5722 5721 5707 5708
4 5622 5623 5722 5712
4 5623 5624 5721 5722
4 5721 5723 5706 5707
4 5723 5608 5609 5706
4 5624 5625 5723 5721
4 5625 5607 5608 5723
4 5630 5729 5730 5629
4 5729 5727 5728 5730
4 5725 5726 5730 5728
4 5726 5628 5629 5730
4 5631 5653 5729 5630
4 5653 5652 5727 5729
4 5731 5732 5728 5727
4 5732 5724 5725 5728
4 5727 5652 5651 5731
4 5711 5710 5732 5731
4 5710 5709 5724 5732
4 5731 5651 5650 5711
4 5733 5734 5737 5611
4 5737 5736 5610 5611
4 5734 5735 5736 5737
4 5611 5612 5626 5733
4 5707 5706 5736 5735
4 5706 5609 5610 5736
4 5707 5735 5739 5708
4 5735 5734 5738 5739
4 5725 5724 5739 5738
4 5724 5709 5708 5739
4 5627 5740 5733 5626
4 5740 5738 5734 5733
4 5628 5726 5740 5627
4 5726 5725 5738 5740
4 2109 5749 5750 2108
4 5752 5753 2109 2110
4 5753 5748 5749 2109
4 2110 2111 5751 5752
4 2111 2112 5646 5751
4 5750 5742 2107 2108
4 5744 5745 5753 5752
4 5745 5746 5748 5753
4 5645 5743 5751 5646
4 5743 5744 5752 5751
4 5749 5748 5755 5754
4 5748 5746 5747 5755
4 5580 5581 5755 5747
4 5581 5582 5754 5755
4 5742 5750 5756 5741
4 5750 5749 5754 5756
4 5582 5583 5756 5754
4 5583 5584 5741 5756
4 5757 5760 5746 5745
4 5760 5761 5747 5746
4 5761 5579 5580 5747
4 5577 5578 5762 5641
4 5578 5579 5761 5762
4 5762 5763 5764 5641
4 5764 5759 5640 5641
4 5763 5758 5759 5764
4 5761 5760 5763 5762
4 5760 5757 5758 5763
4 5758 5757 5767 5766
4 5757 5745 5744 5767
4 5744 5743 5768 5767
4 5743 5645 5644 5768
4 5643 5765 5768 5644
4 5765 5766 5767 5768
4 5769 5639 5640 5759
4 5637 5638 5770 5642
4 5638 5639 5769 5770
4 5766 5765 5770 5769
4 5765 5643 5642 5770
4 5769 5759 5758 5766
4 2094 5595 2092 2093
4 2095 5776 5777 2094
4 5777 5594 5595 2094
4 5776 5593 5594 5777
4 2097 5775 5778 2096
4 5778 5776 2095 2096
4 5775 5593 5776 5778
4 5591 5592 5779 5774
4 5592 5593 5775 5779
4 2097 2098 5779 5775
4 2098 2099 5774 5779
4 5772 5773 5781 5780
4 5781 5589 5590 5780
4 5773 5588 5589 5781
4 5590 5591 5774 5780
4 2100 2101 5782 5780
4 5782 5771 5772 5780
4 2101 2102 5771 5782
4 5780 5774 2099 2100
4 5587 5787 5784 5586
4 5787 5786 5783 5784
4 5771 5785 5788 5772
4 5785 5786 5787 5788
4 5588 5773 5789 5587
4 5789 5788 5787 5587
4 5773 5772 5788 5789
4 5786 2104 2105 5783
4 2102 2103 5785 5771
4 2103 2104 5786 5785
4 5741 5790 5791 5742
4 5790 5784 5783 5791
4 2105 2106 5791 5783
4 2106 2107 5742 5791
4 5584 5585 5790 5741
4 5585 5586 5784 5790
4 5804 5805 5814 1384
4 5814 5813 1383 1384
4 5805 5806 5813 5814
4 1384 1385 5803 5804
4 5809 5810 5816 5815
4 5816 1381 1382 5815
4 5810 5811 1381 5816
4 1382 1383 5813 5815
4 5811 5812 1380 1381
4 5806 5807 5815 5813
4 5807 5808 5809 5815
4 5812 5797 1379 1380
4 1385 1386 5423 5803
4 5810 5809 5799 5800
4 5809 5808 5798 5799
4 5801 5802 5812 5811
4 5802 5796 5797 5812
4 5811 5810 5800 5801
4 5804 5803 5567 5568
4 5803 5423 5422 5567
4 5806 5805 5569 5570
4 5805 5804 5568 5569
4 5808 5807 5571 5572
4 5807 5806 5570 5571
4 5572 5573 5798 5808
4 5576 5824 5823 5575
4 5824 5825 5822 5823
4 5818 5821 5826 5817
4 5821 5822 5825 5826
4 5825 5824 5641 5640
4 5824 5576 5577 5641
4 5817 5826 5639 5638
4 5826 5825 5640 5639
4 5819 5828 5821 5818
4 5828 5829 5822 5821
4 5829 5827 5823 5822
4 5829 5828 5830 5799
4 5830 5820 5800 5799
4 5828 5819 5820 5830
4 5799 5798 5827 5829
4 5573 5574 5827 5798
4 5574 5575 5823 5827
4 5635 5833 5834 5636
4 5833 5831 5832 5834
4 5834 5835 5637 5636
4 5835 5817 5638 5637
4 5819 5818 5836 5832
4 5836 5835 5834 5832
4 5818 5817 5835 5836
4 5833 5837 5838 5831
4 5838 5793 5794 5831
4 5837 5792 5793 5838
4 5635 5634 5837 5833
4 5634 5633 5792 5837
4 5801 5839 5840 5802
4 5839 5832 5831 5840
4 5794 5795 5840 5831
4 5795 5796 5802 5840
4 5800 5820 5839 5801
4 5820 5819 5832 5839
4 5850 5843 5844 5849
4 5841 5842 5851 5847
4 5842 5843 5850 5851
4 1378 5848 5845 1377
4 5848 5849 5844 5845
4 5851 5852 5846 5847
4 5852 5793 5792 5846
4 5796 5795 5854 5849
4 5854 5853 5850 5849
4 5795 5794 5853 5854
4 5849 5848 5797 5796
4 5793 5852 5853 5794
4 5852 5851 5850 5853
4 5848 1378 1379 5797
4 5847 5631 5630 5841
4 5633 5632 5846 5792
4 5632 5631 5847 5846
4 5856 5857 5861 5860
4 5857 5616 5617 5861
4 5858 5859 5862 5618
4 5862 5861 5617 5618
4 5859 5860 5861 5862
4 5618 1375 1376 5858
4 5844 5863 5864 5845
4 5863 5860 5859 5864
4 5845 5864 5865 1377
4 5865 5858 1376 1377
4 5864 5859 5858 5865
4 5843 5855 5863 5844
4 5855 5856 5860 5863
4 5627 5626 5870 5868
4 5626 5612 5613 5870
4 5614 5869 5870 5613
4 5869 5867 5868 5870
4 5615 5871 5869 5614
4 5871 5866 5867 5869
4 5616 5857 5871 5615
4 5857 5856 5866 5871
4 5627 5868 5874 5628
4 5868 5867 5873 5874
4 5855 5872 5866 5856
4 5872 5873 5867 5866
4 5841 5875 5876 5842
4 5876 5873 5872 5842
4 5875 5874 5873 5876
4 5872 5855 5843 5842
4 5630 5629 5875 5841
4 5629 5628 5874 5875
4 5883 5895 5896 1038
4 5896 1036 1037 1038
4 5895 1035 1036 5896
4 5884 5894 5895 5883
4 5894 1034 1035 5895
4 5893 5897 5885 5886
4 5897 5894 5884 5885
4 1032 1033 5897 5893
4 1033 1034 5894 5897
4 5888 5890 5900 5887
4 5890 5891 5898 5900
4 5887 5900 5901 5886
4 5901 5899 5893 5886
4 5900 5898 5899 5901
4 5893 5899 5903 1032
4 5903 5902 1031 1032
4 5899 5898 5902 5903
4 5891 5892 5902 5898
4 5892 1030 1031 5902
4 1028 1029 5906 5905
4 1029 1030 5892 5906
4 5905 5906 5907 5904
4 5907 5891 5890 5904
4 5906 5892 5891 5907
4 5890 5888 5889 5904
4 5880 5904 5889 5879
4 5881 5882 5908 5905
4 5908 1027 1028 5905
4 5882 1026 1027 5908
4 5905 5904 5880 5881
4 5912 5910 5887 5886
4 5600 5909 5911 5599
4 5911 5912 5886 5599
4 5909 5910 5912 5911
4 5886 5885 5598 5599
4 5884 5597 5598 5885
4 1039 5596 5883 1038
4 5596 5597 5884 5883
4 5600 5601 5914 5909
4 5601 5602 5913 5914
4 5602 5603 5877 5913
4 5877 5878 5915 5913
4 5878 5879 5889 5915
4 5888 5916 5915 5889
4 5916 5914 5913 5915
4 5887 5910 5916 5888
4 5910 5909 5914 5916
4 1022 5923 5619 1021
4 5923 5922 5620 5619
4 5921 1024 1025 5920
4 5922 5923 5924 5921
4 5924 1023 1024 5921
4 5923 1022 1023 5924
4 1025 1026 5882 5920
4 5922 5926 5621 5620
4 5926 5919 5622 5621
4 5921 5925 5926 5922
4 5925 5918 5919 5926
4 5918 5925 5927 5917
4 5925 5921 5920 5927
4 5882 5881 5927 5920
4 5881 5880 5917 5927
4 5931 5932 5625 5624
4 5932 5606 5607 5625
4 5929 5930 5932 5931
4 5930 5605 5606 5932
4 5624 5623 5933 5931
4 5623 5622 5919 5933
4 5918 5928 5933 5919
4 5928 5929 5931 5933
4 5934 5935 5879 5878
4 5935 5917 5880 5879
4 5929 5928 5935 5934
4 5928 5918 5917 5935
4 5934 5936 5930 5929
4 5936 5604 5605 5930
4 5878 5877 5936 5934
4 5877 5603 5604 5936
4 1065 5952 5943 1064
4 5971 5972 1065 1066
4 5972 5951 5952 1065
4 1066 1067 5966 5971
4 5951 5972 5970 5950
4 5972 5971 5969 5970
4 5971 5966 5967 5969
4 5973 5974 5970 5969
4 5974 5949 5950 5970
4 5969 5967 5968 5973
4 5964 5965 5974 5973
4 5965 5948 5949 5974
4 5973 5968 5963 5964
4 5967 5975 5976 5968
4 5975 5954 5955 5976
4 5956 5962 5976 5955
4 5962 5963 5968 5976
4 5966 5977 5975 5967
4 5977 5953 5954 5975
4 1067 1068 5977 5966
4 1068 1069 5953 5977
4 1096 5984 5961 1095
4 5984 5983 5960 5961
4 5983 5984 5985 5982
4 5985 1097 1098 5982
4 5984 1096 1097 5985
4 1098 1099 5944 5982
4 5983 5986 5987 5960
4 5987 5981 5959 5960
4 5986 5980 5981 5987
4 5945 5978 5989 5944
4 5989 5988 5982 5944
4 5978 5979 5988 5989
4 5980 5986 5988 5979
4 5986 5983 5982 5988
4 5957 5995 5962 5956
4 5981 5994 5958 5959
4 5994 5995 5957 5958
4 5980 5992 5994 5981
4 5992 5993 5995 5994
4 5993 5963 5962 5995
4 5993 5992 5990 5991
4 5992 5980 5979 5990
4 5991 5964 5963 5993
4 5996 5997 5991 5990
4 5997 5965 5964 5991
4 5990 5979 5978 5996
4 5965 5997 5947 5948
4 5997 5996 5946 5947
4 5996 5978 5945 5946
4 1082 5998 1080 1081
4 5998 5999 1079 1080
4 6000 6012 6013 5999
4 6013 1078 1079 5999
4 6012 1077 1078 6013
4 6000 6001 6014 6012
4 6014 6010 6011 6012
4 6001 6002 6010 6014
4 6011 1076 1077 6012
4 6003 6016 6010 6002
4 6016 6015 6011 6010
4 6004 6007 6016 6003
4 6007 6008 6015 6016
4 6015 6017 6018 6011
4 6018 1075 1076 6011
4 6017 1074 1075 6018
4 6008 6009 6017 6015
4 6009 1073 1074 6017
4 6019 6021 5956 5955
4 6021 6006 5957 5956
4 6005 6022 6007 6004
4 6022 6020 6008 6007
4 6006 6021 6022 6005
4 6021 6019 6020 6022
4 5955 5954 6025 6019
4 6025 6024 6023 6019
4 5954 5953 6024 6025
4 1069 1070 6024 5953
4 1070 1071 6023 6024
4 1071 1072 6026 6023
4 1072 1073 6009 6026
4 6008 6020 6026 6009
4 6020 6019 6023 6026
4 6029 6030 6035 6034
4 6030 6003 6002 6035
4 6033 6036 6037 6032
4 6036 6001 6000 6037
4 6032 6037 6038 6031
4 6038 5999 5998 6031
4 6037 6000 5999 6038
4 5998 1082 1083 6031
4 6034 6035 6036 6033
4 6035 6002 6001 6036
4 1084 1085 6042 1083
4 6042 6041 6031 1083
4 1085 1086 6041 6042
4 1087 6040 6041 1086
4 6040 6032 6031 6041
4 1088 6039 6040 1087
4 6039 6033 6032 6040
4 1089 6043 6039 1088
4 6043 6034 6033 6039
4 1089 1090 6044 6043
4 6044 6027 6028 6043
4 1090 1091 6027 6044
4 6028 6029 6034 6043
4 6050 6051 6048 6049
4 6051 1092 1093 6048
4 6028 6027 6051 6050
4 6027 1091 1092 6051
4 6046 6047 6050 6049
4 6047 6029 6028 6050
4 6049 6053 6045 6046
4 1094 6052 6048 1093
4 6052 6053 6049 6048
4 6053 6052 5961 5960
4 6052 1094 1095 5961
4 5960 5959 6045 6053
4 6005 6004 6055 6054
4 6004 6003 6030 6055
4 6029 6047 6055 6030
4 6047 6046 6054 6055
4 6054 6056 6006 6005
4 6056 5958 5957 6006
4 6046 6045 6056 6054
4 6045 5959 5958 6056
4 6073 6075 1100 6072
4 6075 5944 1099 1100
4 1100 1101 6071 6072
4 1101 1102 6069 6071
4 6073 6074 6076 6075
4 6074 6062 6063 6076
4 5946 5945 6076 6063
4 5945 5944 6075 6076
4 6079 6080 6065 6066
4 6080 6070 6064 6065
4 6061 6077 6068 6060
4 6077 6078 6067 6068
4 6078 6079 6066 6067
4 6078 6077 6074 6073
4 6077 6061 6062 6074
4 6073 6072 6079 6078
4 6070 6080 6071 6069
4 6080 6079 6072 6071
4 1102 1103 6081 6069
4 1103 1104 4360 6081
4 6069 6081 6082 6070
4 6082 4359 4358 6070
4 6081 4360 4359 6082
4 4358 4357 6064 6070
4 4355 4354 6089 6087
4 4354 4353 6088 6089
4 4353 1363 1364 6088
4 6089 6088 6083 6084
4 6088 1364 1365 6083
4 6084 6085 6087 6089
4 6085 6086 6090 6087
4 6090 6066 6065 6087
4 6086 6067 6066 6090
4 6065 6064 6091 6087
4 6091 4356 4355 6087
4 6064 4357 4356 6091
4 6059 6092 6093 6058
4 6092 6086 6085 6093
4 6058 6093 6094 6057
4 6094 6084 6083 6057
4 6093 6085 6084 6094
4 6083 1365 1366 6057
4 6060 6068 6092 6059
4 6068 6067 6086 6092
4 6058 6057 6106 6105
4 6057 1366 1367 6106
4 1368 6095 6106 1367
4 6095 6096 6105 6106
4 6097 6109 6110 6096
4 6110 6108 6105 6096
4 6109 6107 6108 6110
4 6098 6102 6109 6097
4 6102 6103 6107 6109
4 6105 6108 6112 6058
4 6112 6111 6059 6058
4 6108 6107 6111 6112
4 6103 6104 6111 6107
4 6104 6060 6059 6111
4 6099 6117 6102 6098
4 6117 6116 6103 6102
4 6100 6113 6117 6099
4 6113 6114 6116 6117
4 6061 6118 6115 6062
4 6118 6116 6114 6115
4 6060 6104 6118 6061
4 6104 6103 6116 6118
4 6101 6120 6113 6100
4 6120 6119 6114 6113
4 5950 5949 6120 6101
4 5949 5948 6119 6120
4 6062 6115 6121 6063
4 6115 6114 6119 6121
4 5948 5947 6121 6119
4 5947 5946 6063 6121
4 6096 6095 6122 6123
4 6095 1368 1369 6122
4 6098 6097 6124 6125
4 6097 6096 6123 6124
4 6127 6128 6101 6100
4 6128 5951 5950 6101
4 6125 6126 6099 6098
4 6126 6127 6100 6099
4 6128 6129 5952 5951
4 6129 5942 5943 5952
4 5940 6131 6132 5939
4 6132 6125 6124 5939
4 6131 6126 6125 6132
4 6124 6123 5938 5939
4 5941 6130 6131 5940
4 6130 6127 6126 6131
4 6123 6122 5937 5938
4 5942 6129 6130 5941
4 6129 6128 6127 6130
4 6122 1369 1370 5937
4 6146 6147 6151 6149
4 6147 1056 1057 6151
4 6150 6152 6153 6135
4 6153 1058 1059 6135
4 6152 1057 1058 6153
4 6149 6151 6154 6148
4 6154 6152 6150 6148
4 6151 1057 6152 6154
4 6136 6144 6150 6135
4 6144 6145 6148 6150
4 5611 5610 6149 6148
4 5610 5609 6146 6149
4 6148 6145 5612 5611
4 6147 6155 1055 1056
4 6155 6156 1054 1055
4 6133 6134 6157 6156
4 6157 1053 1054 6156
4 6134 1052 1053 6157
4 5608 6158 6146 5609
4 6158 6155 6147 6146
4 6155 6158 6159 6156
4 6159 5607 5606 6156
4 6158 5608 5607 6159
4 5606 5605 6133 6156
4 6142 6143 6162 6161
4 6143 1373 1374 6162
4 1375 5618 6162 1374
4 5618 5617 6161 6162
4 6160 6163 5616 5615
4 6163 6161 5617 5616
4 6140 6141 6163 6160
4 6141 6142 6161 6163
4 5614 5613 6166 6165
4 5613 5612 6145 6166
4 6144 6167 6166 6145
4 6167 6164 6165 6166
4 6136 6137 6167 6144
4 6137 6138 6164 6167
4 5614 6165 6169 5615
4 6169 6168 6160 5615
4 6165 6164 6168 6169
4 6138 6139 6168 6164
4 6139 6140 6160 6168
4 1371 6176 5937 1370
4 6143 6175 1372 1373
4 6175 6176 1371 1372
4 6173 6174 6176 6175
4 6174 5938 5937 6176
4 6175 6143 6142 6173
4 6139 6170 6179 6140
4 6170 6171 6178 6179
4 5939 6177 6172 5940
4 6177 6178 6171 6172
4 6173 6180 6181 6174
4 6181 6178 6177 6174
4 6180 6179 6178 6181
4 6177 5939 5938 6174
4 6142 6141 6180 6173
4 6141 6140 6179 6180
4 1062 1063 6186 6184
4 1063 1064 5943 6186
4 5942 6185 6186 5943
4 6185 6183 6184 6186
4 5940 6172 6187 5941
4 6172 6171 6182 6187
4 6183 6185 6187 6182
4 6185 5942 5941 6187
4 6183 6182 6188 6189
4 6182 6171 6170 6188
4 1062 6184 6190 1061
4 6184 6183 6189 6190
4 6137 6189 6188 6138
4 6137 6136 6192 6189
4 6192 6191 6190 6189
4 6136 6135 6191 6192
4 6188 6170 6139 6138
4 1059 1060 6191 6135
4 1060 1061 6190 6191
4 1040 1041 6200 1039
4 6200 6199 5596 1039
4 1041 1042 6199 6200
4 1043 6198 6199 1042
4 6198 5597 5596 6199
4 1044 6197 6198 1043
4 6197 5598 5597 6198
4 1045 6196 6197 1044
4 6196 5599 5598 6197
4 1046 1047 6202 6201
4 6202 6193 6194 6201
4 1047 1048 6193 6202
4 6201 6196 1045 1046
4 6194 6195 6203 6201
4 6203 5601 5600 6201
4 6195 5602 5601 6203
4 5600 5599 6196 6201
4 6206 6209 6194 6193
4 6209 6208 6195 6194
4 6208 6209 6210 6205
4 6210 6207 6204 6205
4 6209 6206 6207 6210
4 5604 5603 6208 6205
4 5603 5602 6195 6208
4 6207 1050 1051 6204
4 1048 1049 6206 6193
4 1049 1050 6207 6206
4 1052 6134 6204 1051
4 6134 6133 6205 6204
4 6133 5605 5604 6205
4 6232 6247 2023 2024
4 6247 6248 2022 2023
4 6248 6231 2021 2022
4 6240 6246 6233 6234
4 6246 6247 6232 6233
4 6244 6245 6248 6247
4 6245 6230 6231 6248
4 6241 6243 6246 6240
4 6243 6244 6247 6246
4 2130 6229 6250 2131
4 6229 6230 6245 6250
4 6244 6249 6250 6245
4 6249 2132 2131 6250
4 2134 2133 6251 6242
4 2133 2132 6249 6251
4 6244 6243 6251 6249
4 6243 6241 6242 6251
4 6240 6259 6257 6241
4 6259 6258 6256 6257
4 6234 6235 6259 6240
4 6235 6236 6258 6259
4 6238 6239 6252 6253
4 6239 1451 1452 6252
4 6237 6260 6258 6236
4 6260 6255 6256 6258
4 6253 6254 6261 6238
4 6261 6260 6237 6238
4 6254 6255 6260 6261
4 2137 6263 6264 2138
4 6264 6254 6253 2138
4 6263 6255 6254 6264
4 6253 6252 2139 2138
4 2136 6262 6263 2137
4 6262 6256 6255 6263
4 6252 1452 1453 2139
4 2135 6265 6262 2136
4 6265 6257 6256 6262
4 2134 6242 6265 2135
4 6242 6241 6257 6265
4 6227 6228 6270 6269
4 6228 1448 1449 6270
4 6269 6270 6271 6268
4 6270 1449 1450 6271
4 1451 6239 6271 1450
4 6239 6238 6268 6271
4 6266 6267 6272 6273
4 6267 6225 6226 6272
4 6273 6237 6236 6266
4 6273 6268 6238 6237
4 6227 6269 6272 6226
4 6269 6268 6273 6272
4 6277 6278 6283 6276
4 6283 6282 6275 6276
4 6278 6279 6282 6283
4 6280 6281 6282 6279
4 6281 6274 6275 6282
4 6276 6223 6224 6277
4 6235 6234 6281 6280
4 6234 6233 6274 6281
4 6235 6280 6286 6236
4 6286 6285 6266 6236
4 6280 6279 6285 6286
4 6278 6284 6285 6279
4 6284 6267 6266 6285
4 6267 6284 6287 6225
4 6287 6277 6224 6225
4 6284 6278 6277 6287
4 2027 2028 6291 6289
4 2028 2029 6221 6291
4 6222 6290 6291 6221
4 6290 6288 6289 6291
4 6223 6276 6290 6222
4 6276 6275 6288 6290
4 2025 2026 6293 6292
4 6293 6289 6288 6292
4 2026 2027 6289 6293
4 6292 6232 2024 2025
4 6275 6274 6292 6288
4 6274 6233 6232 6292
4 6305 6306 2007 2008
4 6306 2005 2006 2007
4 2008 2009 6304 6305
4 6302 6303 2010 2011
4 6303 6304 2009 2010
4 6310 6308 6300 6301
4 2013 6307 6309 2012
4 6309 6310 6301 2012
4 6307 6308 6310 6309
4 6301 6302 2011 2012
4 6298 6299 6311 6312
4 6299 6300 6308 6311
4 6312 6295 6296 6298
4 6313 6314 6312 6311
4 6314 6294 6295 6312
4 6311 6308 6307 6313
4 6314 2015 2016 6294
4 2013 2014 6313 6307
4 2014 2015 6314 6313
4 6305 2119 2118 6306
4 6303 6302 6318 2121
4 6318 6317 2122 2121
4 6302 6301 6317 6318
4 2121 2120 6304 6303
4 6300 6316 6317 6301
4 6316 2123 2122 6317
4 2120 2119 6305 6304
4 6299 6315 6316 6300
4 6315 2124 2123 6316
4 2118 2004 2005 6306
4 6298 6319 6315 6299
4 6319 2125 2124 6315
4 6296 6297 6319 6298
4 6297 2126 2125 6319
4 6321 6322 6325 6324
4 6322 2128 2127 6325
4 6297 6296 6326 6325
4 6326 6323 6324 6325
4 6296 6295 6323 6326
4 6325 2127 2126 6297
4 6324 6323 6327 6328
4 6323 6295 6294 6327
4 6328 6320 6321 6324
4 2016 2017 6327 6294
4 2017 2018 6328 6327
4 2018 2019 6320 6328
4 2019 2020 6330 6320
4 2020 2021 6231 6330
4 6230 6329 6330 6231
4 6329 6321 6320 6330
4 6321 6329 6331 6322
4 6329 6230 6229 6331
4 2130 2129 6331 6229
4 2129 2128 6322 6331
4 6359 6360 2031 6362
4 6360 6361 2030 2031
4 2031 2032 6332 6362
4 6361 6221 2029 2030
4 6333 6354 6362 6332
4 6354 6355 6359 6362
4 6352 6353 6366 6364
4 6353 6224 6223 6366
4 6222 6365 6366 6223
4 6365 6363 6364 6366
4 6221 6361 6365 6222
4 6361 6360 6363 6365
4 6356 6367 6359 6355
4 6367 6363 6360 6359
4 6363 6367 6368 6364
4 6368 6357 6358 6364
4 6367 6356 6357 6368
4 6358 6351 6352 6364
4 6358 6357 6374 6372
4 6374 6373 6371 6372
4 6357 6356 6373 6374
4 6372 6350 6351 6358
4 6355 6369 6373 6356
4 6369 6370 6371 6373
4 6343 6371 6370 6342
4 6350 6372 6344 6345
4 6372 6371 6343 6344
4 6336 6341 6375 6335
4 6341 6342 6370 6375
4 6369 6376 6375 6370
4 6376 6334 6335 6375
4 6355 6354 6376 6369
4 6354 6333 6334 6376
4 6384 6349 1445 1446
4 6347 6348 6385 6383
4 6348 6349 6384 6385
4 6377 6378 6387 6384
4 6387 6386 6385 6384
4 6378 6379 6386 6387
4 6380 6382 6386 6379
4 6382 6383 6385 6386
4 6384 1446 1447 6377
4 6383 6389 6346 6347
4 6381 6388 6382 6380
4 6388 6389 6383 6382
4 6389 6388 6351 6350
4 6388 6381 6352 6351
4 6350 6345 6346 6389
4 6224 6353 6390 6225
4 6353 6352 6381 6390
4 6225 6390 6391 6226
4 6390 6381 6380 6391
4 6226 6391 6392 6227
4 6392 6379 6378 6227
4 6391 6380 6379 6392
4 6378 6377 6228 6227
4 6377 1447 1448 6228
4 1443 6399 6220 1442
4 6399 6400 6219 6220
4 6400 6396 6218 6219
4 6400 6399 6397 6398
4 6399 1443 1444 6397
4 6398 6395 6396 6400
4 1445 6349 6397 1444
4 6349 6348 6398 6397
4 6348 6347 6395 6398
4 6216 6217 6402 6394
4 6217 6218 6396 6402
4 6395 6401 6402 6396
4 6401 6393 6394 6402
4 6347 6346 6401 6395
4 6346 6345 6393 6401
4 6212 6411 6340 6211
4 6411 6412 6339 6340
4 6412 6408 6338 6339
4 6213 6409 6411 6212
4 6409 6410 6412 6411
4 6410 6407 6408 6412
4 6410 6409 6403 6404
4 6409 6213 6214 6403
4 6404 6405 6407 6410
4 6413 6414 6408 6407
4 6414 6337 6338 6408
4 6407 6405 6406 6413
4 6414 6413 6342 6341
4 6413 6406 6343 6342
4 6341 6336 6337 6414
4 6215 6415 6403 6214
4 6415 6416 6404 6403
4 6416 6417 6405 6404
4 6343 6406 6418 6344
4 6406 6405 6417 6418
4 6344 6418 6421 6345
4 6421 6420 6393 6345
4 6418 6417 6420 6421
4 6416 6419 6420 6417
4 6419 6394 6393 6420
4 6394 6419 6422 6216
4 6422 6415 6215 6216
4 6419 6416 6415 6422
4 6339 6439 2066 6340
4 6439 6440 2065 2066
4 2066 2067 6211 6340
4 6440 6438 2064 2065
4 6440 6442 6437 6438
4 6442 6441 6436 6437
4 6441 6442 6443 6338
4 6443 6439 6339 6338
4 6442 6440 6439 6443
4 6441 6444 6435 6436
4 6444 6432 6433 6435
4 6338 6337 6444 6441
4 6337 6336 6432 6444
4 2062 2063 6447 6448
4 2063 2064 6438 6447
4 6448 6431 2061 2062
4 6437 6445 6447 6438
4 6445 6446 6448 6447
4 6446 6430 6431 6448
4 6446 6450 6429 6430
4 6436 6449 6445 6437
4 6449 6450 6446 6445
4 6429 6450 6452 6428
4 6452 6451 6434 6428
4 6450 6449 6451 6452
4 6436 6435 6451 6449
4 6435 6433 6434 6451
4 2033 6457 6332 2032
4 2034 6458 6459 2033
4 6459 6456 6457 2033
4 6458 6455 6456 6459
4 2035 6423 6458 2034
4 6423 6424 6455 6458
4 6454 6460 6461 6453
4 6461 6456 6455 6453
4 6460 6457 6456 6461
4 6455 6424 6425 6453
4 6334 6333 6460 6454
4 6333 6332 6457 6460
4 6462 6465 6426 6427
4 6465 6453 6425 6426
4 6453 6465 6466 6454
4 6466 6463 6464 6454
4 6465 6462 6463 6466
4 6464 6335 6334 6454
4 6335 6464 6432 6336
4 6464 6463 6433 6432
4 6428 6434 6462 6427
4 6434 6433 6463 6462
4 2048 6467 2046 2047
4 6467 6468 2045 2046
4 6469 6481 6482 6468
4 6482 2044 2045 6468
4 6481 2043 2044 6482
4 6469 6470 6483 6481
4 6483 6479 6480 6481
4 6470 6471 6479 6483
4 6480 2042 2043 6481
4 6484 6485 6486 6480
4 6486 2041 2042 6480
4 6485 2040 2041 6486
4 6477 6478 6485 6484
4 6478 2039 2040 6485
4 6473 6476 6487 6472
4 6476 6477 6484 6487
4 6480 6479 6487 6484
4 6479 6471 6472 6487
4 6474 6491 6476 6473
4 6491 6489 6477 6476
4 6475 6490 6491 6474
4 6490 6488 6489 6491
4 6427 6426 6490 6475
4 6426 6425 6488 6490
4 2037 2038 6493 6492
4 2038 2039 6478 6493
4 6477 6489 6493 6478
4 6489 6488 6492 6493
4 2035 2036 6494 6423
4 2036 2037 6492 6494
4 6425 6424 6495 6488
4 6495 6494 6492 6488
4 6424 6423 6494 6495
4 6471 6504 6499 6472
4 6504 6503 6498 6499
4 6470 6505 6504 6471
4 6505 6502 6503 6504
4 6501 6506 6507 6500
4 6507 6468 6467 6500
4 6506 6469 6468 6507
4 6502 6505 6506 6501
4 6505 6470 6469 6506
4 6467 2048 2049 6500
4 2050 2051 6511 2049
4 6511 6510 6500 2049
4 2051 2052 6510 6511
4 2053 6509 6510 2052
4 6509 6501 6500 6510
4 2054 6508 6509 2053
4 6508 6502 6501 6509
4 2055 2056 6513 6512
4 6513 6496 6497 6512
4 2056 2057 6496 6513
4 6497 6498 6503 6512
4 6502 6508 6512 6503
4 6508 2054 2055 6512
4 6427 6475 6518 6428
4 6475 6474 6517 6518
4 6515 6516 6518 6517
4 6516 6429 6428 6518
4 6498 6514 6519 6499
4 6514 6515 6517 6519
4 6474 6473 6519 6517
4 6473 6472 6499 6519
4 2061 6431 6523 2060
4 6431 6430 6522 6523
4 6430 6429 6516 6522
4 6520 6521 6523 6522
4 6521 2059 2060 6523
4 6522 6516 6515 6520
4 6497 6524 6514 6498
4 6524 6520 6515 6514
4 2059 6521 6525 2058
4 6521 6520 6524 6525
4 6497 6496 6525 6524
4 6496 2057 2058 6525
4 6541 6552 2074 6540
4 6552 6553 2073 2074
4 2074 2075 6539 6540
4 6553 6549 2072 2073
4 2075 2076 6534 6539
4 6549 6553 6551 6548
4 6553 6552 6550 6551
4 6552 6541 6542 6550
4 6545 6546 6557 6555
4 6557 6556 6554 6555
4 6546 6547 6556 6557
4 6555 6529 6530 6545
4 6548 6551 6556 6547
4 6551 6550 6554 6556
4 6542 6543 6554 6550
4 6543 6544 6555 6554
4 6544 6528 6529 6555
4 6563 6545 6530 6531
4 6547 6546 6564 6560
4 6546 6545 6563 6564
4 6561 6562 6564 6563
4 6562 6559 6560 6564
4 6563 6531 6532 6561
4 6214 6566 6533 6215
4 6558 6565 6213 6212
4 6565 6566 6214 6213
4 6566 6561 6532 6533
4 6559 6562 6565 6558
4 6562 6561 6566 6565
4 6211 6568 6558 6212
4 6568 6567 6559 6558
4 2067 2068 6568 6211
4 2068 2069 6567 6568
4 2072 6549 6570 2071
4 6549 6548 6569 6570
4 6548 6547 6560 6569
4 6567 6571 6572 6559
4 6572 6569 6560 6559
4 6571 6570 6569 6572
4 2069 2070 6571 6567
4 2070 2071 6570 6571
4 6580 6581 6582 6579
4 6581 6574 6575 6582
4 6579 6582 6583 5579
4 6583 6576 5580 5579
4 6582 6575 6576 6583
4 6542 6573 6584 6543
4 6584 6581 6580 6543
4 6573 6574 6581 6584
4 6577 6579 5579 5578
4 6543 6580 6578 6544
4 6580 6579 6577 6578
4 6526 6577 5578 5577
4 6544 6578 6527 6528
4 6578 6577 6526 6527
4 6589 6590 6576 6575
4 6590 5581 5580 6576
4 6587 6588 6590 6589
4 6588 5582 5581 6590
4 6591 6592 6574 6573
4 6592 6589 6575 6574
4 6573 6542 6541 6591
4 6592 6591 6585 6586
4 6591 6541 6540 6585
4 6586 6587 6589 6592
4 6586 6585 6594 6595
4 6585 6540 6539 6594
4 6595 6593 6587 6586
4 6595 6536 6537 6593
4 6534 6535 6594 6539
4 6535 6536 6595 6594
4 5583 6596 6538 5584
4 6596 6593 6537 6538
4 5582 6588 6596 5583
4 6588 6587 6593 6596
4 6606 6613 6614 2091
4 6614 2089 2090 2091
4 6613 2088 2089 6614
4 6607 6612 6613 6606
4 6612 2087 2088 6613
4 6607 6608 6615 6612
4 6608 6609 6611 6615
4 2085 2086 6615 6611
4 2086 2087 6612 6615
4 2082 2083 6617 6605
4 2083 2084 6616 6617
4 6603 6604 6618 6610
4 6618 6617 6616 6610
4 6604 6605 6617 6618
4 2085 6611 6616 2084
4 6611 6609 6610 6616
4 6610 6619 6602 6603
4 6619 5590 5589 6602
4 6609 6620 6619 6610
4 6620 5591 5590 6619
4 5593 5592 6621 6608
4 6621 6620 6609 6608
4 5592 5591 6620 6621
4 5595 5594 6607 6606
4 5594 5593 6608 6607
4 6606 2091 2092 5595
4 6624 6625 6622 6623
4 6625 6605 6604 6622
4 2080 2081 6625 6624
4 2081 2082 6605 6625
4 2078 2079 6626 6601
4 2079 2080 6624 6626
4 6599 6600 6627 6623
4 6627 6626 6624 6623
4 6600 6601 6626 6627
4 6630 6631 6603 6602
4 6631 6622 6604 6603
4 6602 5589 5588 6630
4 6628 6629 6631 6630
4 6629 6623 6622 6631
4 6630 5588 5587 6628
4 6623 6629 6598 6599
4 6629 6628 6597 6598
4 6628 5587 5586 6597
4 6633 6597 5586 5585
4 6599 6598 6634 6632
4 6598 6597 6633 6634
4 6538 6537 6634 6633
4 6537 6536 6632 6634
4 6633 5585 5584 6538
4 2076 2077 6636 6534
4 2077 2078 6601 6636
4 6600 6635 6636 6601
4 6635 6535 6534 6636
4 6599 6632 6635 6600
4 6632 6536 6535 6635
4 1438 6664 6665 1437
4 6665 6656 6657 1437
4 6664 6655 6656 6665
4 6661 6662 6666 6663
4 6666 6655 6664 6663
4 6662 6654 6655 6666
4 6664 1438 1439 6663
4 6661 6663 6667 6660
4 6663 1439 1440 6667
4 6658 6659 6668 1441
4 6668 6667 1440 1441
4 6659 6660 6667 6668
4 6638 6639 6659 6658
4 6639 6640 6660 6659
4 6641 6669 6670 6640
4 6670 6661 6660 6640
4 6669 6662 6661 6670
4 6642 6653 6669 6641
4 6653 6654 6662 6669
4 6220 6637 6671 1442
4 6671 6658 1441 1442
4 6637 6638 6658 6671
4 6657 6652 1436 1437
4 6654 6647 6648 6655
4 6643 6646 6653 6642
4 6646 6647 6654 6653
4 6657 6656 6649 6650
4 6656 6655 6648 6649
4 6650 6651 6652 6657
4 5419 5418 6652 6651
4 5418 1435 1436 6652
4 6674 6675 6676 6677
4 6675 6647 6646 6676
4 6677 5572 5571 6674
4 6677 6645 5573 5572
4 6643 6644 6676 6646
4 6644 6645 6677 6676
4 6647 6675 6673 6648
4 6675 6674 6672 6673
4 6674 5571 5570 6672
4 5568 6678 6681 5569
4 6678 6679 6680 6681
4 6679 6650 6649 6680
4 6673 6672 6681 6680
4 6672 5570 5569 6681
4 6680 6649 6648 6673
4 5567 6682 6678 5568
4 6682 6683 6679 6678
4 6683 6651 6650 6679
4 5422 5421 6682 5567
4 5421 5420 6683 6682
4 5420 5419 6651 6683
4 6533 6693 6216 6215
4 6693 6694 6217 6216
4 6694 6692 6218 6217
4 6694 6693 6688 6689
4 6693 6533 6532 6688
4 6689 6690 6692 6694
4 6691 6695 6692 6690
4 6695 6219 6218 6692
4 6638 6637 6695 6691
4 6637 6220 6219 6695
4 6689 6688 6698 6697
4 6688 6532 6531 6698
4 6530 6699 6698 6531
4 6699 6696 6697 6698
4 6529 6684 6699 6530
4 6684 6685 6696 6699
4 6638 6691 6702 6639
4 6691 6690 6700 6702
4 6686 6687 6703 6701
4 6687 6641 6640 6703
4 6639 6702 6703 6640
4 6702 6700 6701 6703
4 6697 6696 6701 6700
4 6696 6685 6686 6701
4 6700 6690 6689 6697
4 6526 6708 6706 6527
4 6708 6707 6705 6706
4 5577 5576 6708 6526
4 5576 5575 6707 6708
4 6644 6704 6709 6645
4 6704 6705 6707 6709
4 5575 5574 6709 6707
4 5574 5573 6645 6709
4 6687 6713 6642 6641
4 6713 6712 6643 6642
4 6686 6714 6713 6687
4 6714 6711 6712 6713
4 6711 6714 6715 6710
4 6715 6685 6684 6710
4 6714 6686 6685 6715
4 6684 6529 6528 6710
4 6527 6706 6710 6528
4 6706 6705 6711 6710
4 6643 6712 6704 6644
4 6712 6711 6705 6704

CELL_DATA 6229
SCALARS material_id int
LOOKUP_TABLE default
-1
-1
-1
-1
-1
-1
-1
-1
-1
-1
-1
-1
-1
-1
-1
-1
-1
-1
-1
-1
-1
-1
-1
-1
-1
-1
-1
-1
-1
-1
-1
-1
-1
-1
-1
-1
-1
-1
-1
-1
-1
-1
-1
-1
-1
-1
-1
-1
-1
-1
-1
-1
-1
-1
-1
-1
-1
-1
-1
-1
-1
-1
-1
-1
-1
-1
-1
-1
-1
-1
-1
-1
-1
-1
-1
-1
-1
-1
-1
-1
-1
-1
-1
-1
-1
-1
-1
-1
-1
-1
-1
-1
-1
-1
-1
-1
-1
-1
-1
-1
-1
-1
-1
-1
-1
-1
-1
-1
-1
-1
-1
-1
-1
-1
-1
-1
-1
-1
-1
-1
-1
-1
-1
-1
-1
-1
-1
-1
-1
-1
-1
-1
-1
-1
-1
-1
-1
-1
-1
-1
-1
-1
-1
-1
-1
-1
-1
-1
-1
-1
-1
-1
-1
-1
-1
-1
-1
-1
-1
-1
-1
-1
-1
-1
-1
-1
-1
-1
-1
-1
-1
-1
-1
-1
-1
-1
-1
-1
-1
-1
-1
-1
-1
-1
-1
-1
-1
-1
-1
-1
-1
-1
-1
-1
-1
-1
-1
-1
-1
-1
-1
-1
-1
-1
-1
-1
-1
-1
-1
-1
-1
-1
-1
-1
-1
-1
-1
-1
-1
-1
-1
-1
-1
-1
-1
-1
-1
-1
-1
-1
-1
-1
-1
-1
-1
-1
-1
-1
-1
-1
-1
-1
-1
-1
-1
-1
-1
-1
-1
-1
-1
-1
-1
-1
-1
-1
-1
-1
-1
-1
-1
-1
-1
-1
-1
-1
-1
-1
-1
-1
-1
-1
-1
-1
-1
-1
-1
-1
-1
-1
-1
-1
-1
-1
-1
-1
-1
-1
-1
-1
-1
-1
-1
-1
-1
-1
-1
-1
-1
-1
-1
-1
-1
-1
-1
-1
-1
-1
-1
-1
-1
-1
-1
-1
-1
-1
-1
-1
-1
-1
-1
-1
-1
-1
-1
-1
-1
-1
-1
-1
-1
-1
-1
-1
-1
-1
-1
-1
-1
-1
-1
-1
-1
-1
-1
-1
-1
-1
-1
-1
-1
-1
-1
-1
-1
-1
-1
-1
-1
-1
-1
-1
-1
-1
-1
-1
-1
-1
-1
-1
-1
-1
-1
-1
-1
-1
-1
-1
-1
-1
-1
-1
-1
-1
-1
-1
-1
-1
-1
-1
-1
-1
-1
-1
-1
-1
-1
-1
-1
-1
-1
-1
-1
-1
-1
-1
-1
-1
-1
-1
-1
-1
-1
-1
-1
-1
-1
-1
-1
-1
-1
-1
-1
-1
-1
-1
-1
-1
-1
-1
-1
-1
-1
-1
-1
-1
-1
-1
-1
-1
-1
-1
-1
-1
-1
-1
-1
-1
-1
-1
-1
-1
-1
-1
-1
-1
-1
-1
-1
-1
-1
-1
-1
-1
-1
-1
-1
-1
-1
-1
-1
-1
-1
-1
-1
-1
-1
-1
-1
-1
-1
-1
-1
-1
-1
-1
-1
-1
-1
-1
-1
-1
-1
-1
-1
-1
-1
-1
-1
-1
-1
-1
-1
-1
-1
-1
-1
-1
-1
-1
-1
-1
-1
-1
-1
-1
-1
-1
-1
-1
-1
-1
-1
-1
-1
-1
-1
-1
-1
-1
-1
-1
-1
-1
-1
-1
-1
-1
-1
-1
-1
-1
-1
-1
-1
-1
-1
-1
-1
-1
-1
-1
-1
-1
-1
-1
-1
-1
-1
-1
-1
-1
-1
-1
-1
-1
-1
-1
-1
-1
-1
-1
-1
-1
-1
-1
-1
-1
-1
-1
-1
-1
-1
-1
-1
-1
-1
-1
-1
-1
-1
-1
-1
-1
-1
-1
-1
-1
-1
-1
-1
-1
-1
-1
-1
-1
-1
-1
-1
-1
-1
-1
-1
-1
-1
-1
-1
-1
-1
-1
-1
-1
-1
-1
-1
-1
-1
-1
-1
-1
-1
-1
-1
-1
-1
-1
-1
-1
-1
-1
-1
-1
-1
-1
-1
-1
-1
-1
-1
-1
-1
-1
-1
-1
-1
-1
-1
-1
-1
-1
-1
-1
-1
-1
-1
-1
-1
-1
-1
-1
-1
-1
-1
-1
-1
-1
-1
-1
-1
-1
-1
-1
-1
-1
-1
-1
-1
-1
-1
-1
-1
-1
-1
-1
-1
-1
-1
-1
-1
-1
-1
-1
-1
-1
-1
-1
-1
-1
-1
-1
-1
-1
-1
-1
-1
-1
-1
-1
-1
-1
-1
-1
-1
-1
-1
-1
-1
-1
-1
-1
-1
-1
-1
-1
-1
-1
-1
-1
-1
-1
-1
-1
-1
-1
-1
-1
-1
-1
-1
-1
-1
-1
-1
-1
-1
-1
-1
-1
-1
-1
-1
-1
-1
-1
-1
-1
-1
-1
-1
-1
-1
-1
-1
-1
-1
-1
-1
-1
-1
-1
-1
-1
-1
-1
-1
-1
-1
-1
-1
-1
-1
-1
-1
-1
-1
-1
-1
-1
-1
-1
-1
-1
-1
-1
-1
-1
-1
-1
-1
-1
-1
-1
-1
-1
-1
-1
-1
-1
-1
-1
-1
-1
-1
-1
-1
-1
-1
-1
-1
-1
-1
-1
-1
-1
-1
-1
-1
-1
-1
-1
-1
-1
-1
-1
-1
-1
-1
-1
-1
-1
-1
-1
-1
-1
-1
-1
-1
-1
-1
-1
-1
-1
-1
-1
-1
-1
-1
-1
-1
-1
-1
-1
-1
-1
-1
-1
-1
-1
-1
-1
-1
-1
-1
-1
-1
-1
-1
-1
-1
-1
-1
-1
-1
-1
-1
-1
-1
-1
-1
-1
-1
-1
-1
-1
-1
-1
-1
-1
-1
-1
-1
-1
-1
-1
-1
-1
-1
-1
-1
-1
-1
-1
-1
-1
-1
-1
-1
-1
-1
-1
-1
-1
-1
-1
-1
-1
-1
-1
-1
-1
-1
-1
-1
-1
-1
-1
-1
-1
-1
-1
-1
-1
-1
-1
-1
-1
-1
-1
-1
-1
-1
-1
-1
-1
-1
-1
-1
-1
-1
-1
-1
-1
-1
-1
-1
-1
-1
-1
-1
-1
-1
-1
-1
-1
-1
-1
-1
-1
-1
-1
-1
-1
-1
-1
-1
-1
-1
-1
-1
-1
-1
-1
-1
-1
-1
-1
-1
-1
-1
-1
-1
-1
-1
-1
-1
-1
-1
-1
-1
-1
-1
-1
-1
-1
-1
-1
-1
-1
-1
-1
-1
-1
-1
-1
-1
-1
-1
-1
-1
-1
-1
-1
-1
-1
-1
-1
-1
-1
-1
-1
-1
-1
-1
-1
-1
-1
-1
-1
-1
-1
-1
-1
-1
-1
-1
-1
-1
-1
-1
-1
-1
-1
-1
-1
-1
-1
-1
-1
-1
-1
-1
-1
-1
-1
-1
-1
-1
-1
-1
-1
-1
-1
-1
-1
-1
-1
-1
-1
-1
-1
-1
-1
-1
-1
-1
-1
-1
-1
-1
-1
-1
-1
-1
-1
-1
-1
-1
-1
-1
-1
-1
-1
-1
-1
-1
-1
-1
-1
-1
-1
-1
-1
-1
-1
-1
-1
-1
-1
-1
-1
-1
-1
-1
-1
-1
-1
-1
-1
-1
-1
-1
-1
-1
-1
-1
-1
-1
-1
-1
-1
-1
-1
-1
-1
-1
-1
-1
-1
-1
-1
-1
-1
-1
-1
-1
-1
-1
-1
-1
-1
-1
-1
-1
-1
-1
-1
-1
-1
-1
-1
-1
-1
-1
-1
-1
-1
-1
-1
-1
-1
-1
-1
-1
-1
-1
-1
-1
-1
-1
-1
-1
-1
-1
-1
-1
-1
-1
-1
-1
-1
-1
-1
-1
-1
-1
-1
-1
-1
-1
-1
-1
-1
-1
-1
-1
-1
-1
-1
-1
-1
-1
-1
-1
-1
-1
-1
-1
-1
-1
-1
-1
-1
-1
-1
-1
-1
-1
-1
-1
-1
-1
-1
-1
-1
-1
-1
-1
-1
-1
-1
-1
-1
-1
-1
-1
-1
-1
-1
-1
-1
-1
-1
-1
-1
-1
-1
-1
-1
-1
-1
-1
-1
-1
-1
-1
-1
-1
-1
-1
-1
-1
-1
-1
-1
-1
-1
-1
-1
-1
-1
-1
-1
-1
-1
-1
-1
-1
-1
-1
-1
-1
-1
-1
-1
-1
-1
-1
-1
-1
-1
-1
-1
-1
-1
-1
-1
-1
-1
-1
-1
-1
-1
-1
-1
-1
-1
-1
-1
-1
-1
-1
-1
-1
-1
-1
-1
-1
-1
-1
-1
-1
-1
-1
-1
-1
-1
-1
-1
-1
-1
-1
-1
-1
-1
-1
-1
-1
-1
-1
-1
-1
-1
-1
-1
-1
-1
-1
-1
-1
-1
-1
-1
-1
-1
-1
-1
-1
-1
-1
-1
-1
-1
-1
-1
-1
-1
-1
-1
-1
-1
-1
-1
-1
-1
-1
-1
-1
-1
-1
-1
-1
-1
-1
-1
-1
-1
-1
-1
-1
-1
-1
-1
-1
-1
-1
-1
-1
-1
-1
-1
-1
-1
-1
-1
-1
-1
-1
-1
-1
-1
-1
-1
-1
-1
-1
-1
-1
-1
-1
-1
-1
-1
-1
-1
-1
-1
-1
-1
-1
-1
-1
-1
-1
-1
-1
-1
-1
-1
-1
-1
-1
-1
-1
-1
-1
-1
-1
-1
-1
-1
-1
-1
-1
-1
-1
-1
-1
-1
-1
-1
-1
-1
-1
-1
-1
-1
-1
-1
-1
-1
-1
-1
-1
-1
-1
-1
-1
-1
-1
-1
-1
-1
-1
-1
-1
-1
-1
-1
-1
-1
-1
-1
-1
-1
-1
-1
-1
-1
-1
-1
-1
-1
-1
-1
-1
-1
-1
-1
-1
-1
-1
-1
-1
-1
-1
-1
-1
-1
-1
-1
-1
-1
-1
-1
-1
-1
-1
-1
-1
-1
-1
-1
-1
-1
-1
-1
-1
-1
-1
-1
-1
-1
-1
-1
-1
-1
-1
-1
-1
-1
-1
-1
-1
-1
-1
-1
-1
-1
-1
-1
-1
-1
-1
-1
-1
-1
-1
-1
-1
-1
-1
-1
-1
-1
-1
-1
-1
-1
-1
-1
-1
-1
-1
-1
-1
-1
-1
-1
-1
-1
-1
-1
-1
-1
-1
-1
-1
-1
-1
-1
-1
-1
-1
-1
-1
-1
-1
-1
-1
-1
-1
-1
-1
-1
-1
-1
-1
-1
-1
-1
-1
-1
-1
-1
-1
-1
-1
-1
-1
-1
-1
-1
-1
-1
-1
-1
-1
-1
-1
-1
-1
-1
-1
-1
-1
-1
-1
-1
-1
-1
-1
-1
-1
-1
-1
-1
-1
-1
-1
-1
-1
-1
-1
-1
-1
-1
-1
-1
-1
-1
-1
-1
-1
-1
-1
-1
-1
-1
-1
-1
-1
-1
-1
-1
-1
-1
-1
-1
-1
-1
-1
-1
-1
-1
-1
-1
-1
-1
-1
-1
-1
-1
-1
-1
-1
-1
-1
-1
-1
-1
-1
-1
-1
-1
-1
-1
-1
-1
-1
-1
-1
-1
-1
-1
-1
-1
-1
-1
-1
-1
-1
-1
-1
-1
-1
-1
-1
-1
-1
-1
-1
-1
-1
-1
-1
-1
-1
-1
-1
-1
-1
-1
-1
-1
-1
-1
-1
-1
-1
-1
-1
-1
-1
-1
-1
-1
-1
-1
-1
-1
-1
-1
-1
-1
-1
-1
-1
-1
-1
-1
-1
-1
-1
-1
-1
-1
-1
-1
-1
-1
-1
-1
-1
-1
-1
-1
-1
-1
-1
-1
-1
-1
-1
-1
-1
-1
-1
-1
-1
-1
-1
-1
-1
-1
-1
-1
-1
-1
-1
-1
-1
-1
-1
-1
-1
-1
-1
-1
-1
-1
-1
-1
-1
-1
-1
-1
-1
-1
-1
-1
-1
-1
-1
-1
-1
-1
-1
-1
-1
-1
-1
-1
-1
-1
-1
-1
-1
-1
-1
-1
-1
-1
-1
-1
-1
-1
-1
-1
-1
-1
-1
-1
-1
-1
-1
-1
-1
-1
-1
-1
-1
-1
-1
-1
-1
-1
-1
-1
-1
-1
-1
-1
-1
-1
-1
-1
-1
-1
-1
-1
-1
-1
-1
-1
-1
-1
-1
-1
-1
-1
-1
-1
-1
-1
-1
-1
-1
-1
-1
-1
-1
-1
-1
-1
-1
-1
-1
-1
-1
-1
-1
-1
-1
-1
-1
-1
-1
-1
-1
-1
-1
-1
-1
-1
-1
-1
-1
-1
-1
-1
-1
-1
-1
-1
-1
-1
-1
-1
-1
-1
-1
-1
-1
-1
-1
-1
-1
-1
-1
-1
-1
-1
-1
-1
-1
-1
-1
-1
-1
-1
-1
-1
-1
-1
-1
-1
-1
-1
-1
-1
-1
-1
-1
-1
-1
-1
-1
-1
-1
-1
-1
-1
-1
-1
-1
-1
-1
-1
-1
-1
-1
-1
-1
-1
-1
-1
-1
-1
-1
-1
-1
-1
-1
-1
-1
-1
-1
-1
-1
-1
-1
-1
-1
-1
-1
-1
-1
-1
-1
-1
-1
-1
-1
-1
-1
-1
-1
-1
-1
-1
-1
-1
-1
-1
-1
-1
-1
-1
-1
-1
-1
-1
-1
-1
-1
-1
-1
-1
-1
-1
-1
-1
-1
-1
-1
-1
-1
-1
-1
-1
-1
-1
-1
-1
-1
-1
-1
-1
-1
-1
-1
-1
-1
-1
-1
-1
-1
-1
-1
-1
-1
-1
-1
-1
-1
-1
-1
-1
-1
-1
-1
-1
-1
-1
-1
-1
-1
-1
-1
-1
-1
-1
-1
-1
-1
-1
-1
-1
-1
-1
-1
-1
-1
-1
-1
-1
-1
-1
-1
-1
-1
-1
-1
-1
-1
-1
-1
-1
-1
-1
-1
-1
-1
-1
-1
-1
-1
-1
-1
-1
-1
-1
-1
-1
-1
-1
-1
-1
-1
-1
-1
-1
-1
-1
-1
-1
-1
-1
-1
-1
-1
-1
-1
-1
-1
-1
-1
-1
-1
-1
-1
-1
-1
-1
-1
-1
-1
-1
-1
-1
-1
-1
-1
-1
-1
-1
-1
-1
-1
-1
-1
-1
-1
-1
-1
-1
-1
-1
-1
-1
-1
-1
-1
-1
-1
-1
-1
-1
-1
-1
-1
-1
-1
-1
-1
-1
-1
-1
-1
-1
-1
-1
-1
-1
-1
-1
-1
-1
-1
-1
-1
-1
-1
-1
-1
-1
-1
-1
-1
-1
-1
-1
-1
-1
-1
-1
-1
-1
-1
-1
-1
-1
-1
-1
-1
-1
-1
-1
-1
-1
-1
-1
-1
-1
-1
-1
-1
-1
-1
-1
-1
-1
-1
-1
-1
-1
-1
-1
-1
-1
-1
-1
-1
-1
-1
-1
-1
-1
-1
-1
-1
-1
-1
-1
-1
-1
-1
-1
-1
-1
-1
-1
-1
-1
-1
-1
-1
-1
-1
-1
-1
-1
-1
-1
-1
-1
-1
-1
-1
-1
-1
-1
-1
-1
-1
-1
-1
-1
-1
-1
-1
-1
-1
-1
-1
-1
-1
-1
-1
-1
-1
-1
-1
-1
-1
-1
-1
-1
-1
-1
-1
-1
-1
-1
-1
-1
-1
-1
-1
-1
-1
-1
-1
-1
-1
-1
-1
-1
-1
-1
-1
-1
-1
-1
-1
-1
-1
-1
-1
-1
-1
-1
-1
-1
-1
-1
-1
-1
-1
-1
-1
-1
-1
-1
-1
-1
-1
-1
-1
-1
-1
-1
-1
-1
-1
-1
-1
-1
-1
-1
-1
-1
-1
-1
-1
-1
-1
-1
-1
-1
-1
-1
-1
-1
-1
-1
-1
-1
-1
-1
-1
-1
-1
-1
-1
-1
-1
-1
-1
-1
-1
-1
-1
-1
-1
-1
-1
-1
-1
-1
-1
-1
-1
-1
-1
-1
-1
-1
-1
-1
-1
-1
-1
-1
-1
-1
-1
-1
-1
-1
-1
-1
-1
-1
-1
-1
-1
-1
-1
-1
-1
-1
-1
-1
-1
-1
-1
-1
-1
-1
-1
-1
-1
-1
-1
-1
-1
-1
-1
-1
-1
-1
-1
-1
-1
-1
-1
-1
-1
-1
-1
-1
-1
-1
-1
-1
-1
-1
-1
-1
-1
-1
-1
-1
-1
-1
-1
-1
-1
-1
-1
-1
-1
-1
-1
-1
-1
-1
-1
-1
-1
-1
-1
-1
-1
-1
-1
-1
-1
-1
-1
-1
-1
-1
-1
-1
-1
-1
-1
-1
-1
-1
-1
-1
-1
-1
-1
-1
-1
-1
-1
-1
-1
-1
-1
-1
-1
-1
-1
-1
-1
-1
-1
-1
-1
-1
-1
-1
-1
-1
-1
-1
-1
-1
-1
-1
-1
-1
-1
-1
-1
-1
-1
-1
-1
-1
-1
-1
-1
-1
-1
-1
-1
-1
-1
-1
-1
-1
-1
-1
-1
-1
-1
-1
-1
-1
-1
-1
-1
-1
-1
-1
-1
-1
-1
-1
-1
-1
-1
-1
-1
-1
-1
-1
-1
-1
-1
-1
-1
-1
-1
-1
-1
-1
-1
-1
-1
-1
-1
-1
-1
-1
-1
-1
-1
-1
-1
-1
-1
-1
-1
-1
-1
-1
-1
-1
-1
-1
-1
-1
-1
-1
-1
-1
-1
-1
-1
-1
-1
-1
-1
-1
-1
-1
-1
-1
-1
-1
-1
-1
-1
-1
-1
-1
-1
-1
-1
-1
-1
-1
-1
-1
-1
-1
-1
-1
-1
-1
-1
-1
-1
-1
-1
-1
-1
-1
-1
-1
-1
-1
-1
-1
-1
-1
-1
-1
-1
-1
-1
-1
-1
-1
-1
-1
-1
-1
-1
-1
-1
-1
-1
-1
-1
-1
-1
-1
-1
-1
-1
-1
-1
-1
-1
-1
-1
-1
-1
-1
-1
-1
-1
-1
-1
-1
-1
-1
-1
-1
-1
-1
-1
-1
-1
-1
-1
-1
-1
-1
-1
-1
-1
-1
-1
-1
-1
-1
-1
-1
-1
-1
-1
-1
-1
-1
-1
-1
-1
-1
-1
-1
-1
-1
-1
-1
-1
-1
-1
-1
-1
-1
-1
-1
-1
-1
-1
-1
-1
-1
-1
-1
-1
-1
-1
-1
-1
-1
-1
-1
-1
-1
-1
-1
-1
-1
-1
-1
-1
-1
-1
-1
-1
-1
-1
-1
-1
-1
-1
-1
-1
-1
-1
-1
-1
-1
-1
-1
-1
-1
-1
-1
-1
-1
-1
-1
-1
-1
-1
-1
-1
-1
-1
-1
-1
-1
-1
-1
-1
-1
-1
-1
-1
-1
-1
-1
-1
-1
-1
-1
-1
-1
-1
-1
-1
-1
-1
-1
-1
-1
-1
-1
-1
-1
-1
-1
-1
-1
-1
-1
-1
-1
-1
-1
-1
-1
-1
-1
-1
-1
-1
-1
-1
-1
-1
-1
-1
-1
-1
-1
-1
-1
-1
-1
-1
-1
-1
-1
-1
-1
-1
-1
-1
-1
-1
-1
-1
-1
-1
-1
-1
-1
-1
-1
-1
-1
-1
-1
-1
-1
-1
-1
-1
-1
-1
-1
-1
-1
-1
-1
-1
-1
-1
-1
-1
-1
-1
-1
-1
-1
-1
-1
-1
-1
-1
-1
-1
-1
-1
-1
-1
-1
-1
-1
-1
-1
-1
-1
-1
-1
-1
-1
-1
-1
-1
-1
-1
-1
-1
-1
-1
-1
-1
-1
-1
-1
-1
-1
-1
-1
-1
-1
-1
-1
-1
-1
-1
-1
-1
-1
-1
-1
-1
-1
-1
-1
-1
-1
-1
-1
-1
-1
-1
-1
-1
-1
-1
-1
-1
-1
-1
-1
-1
-1
-1
-1
-1
-1
-1
-1
-1
-1
-1
-1
-1
-1
-1
-1
-1
-1
-1
-1
-1
-1
-1
-1
-1
-1
-1
-1
-1
-1
-1
-1
-1
-1
-1
-1
-1
-1
-1
-1
-1
-1
-1
-1
-1
-1
-1
-1
-1
-1
-1
-1
-1
-1
-1
-1
-1
-1
-1
-1
-1
-1
-1
-1
-1
-1
-1
-1
-1
-1
-1
-1
-1
-1
-1
-1
-1
-1
-1
-1
-1
-1
-1
-1
-1
-1
-1
-1
-1
-1
-1
-1
-1
-1
-1
-1
-1
-1
-1
-1
-1
-1
-1
-1
-1
-1
-1
-1
-1
-1
-1
-1
-1
-1
-1
-1
-1
-1
-1
-1
-1
-1
-1
-1
-1
-1
-1
-1
-1
-1
-1
-1
-1
-1
-1
-1
-1
-1
-1
-1
-1
-1
-1
-1
-1
-1
-1
-1
-1
-1
-1
-1
-1
-1
-1
-1
-1
-1
-1
-1
-1
-1
-1
-1
-1
-1
-1
-1
-1
-1
-1
-1
-1
-1
-1
-1
-1
-1
-1
-1
-1
-1
-1
-1
-1
-1
-1
-1
-1
-1
-1
-1
-1
-1
-1
-1
-1
-1
-1
-1
-1
-1
-1
-1
-1
-1
-1
-1
-1
-1
-1
-1
-1
-1
-1
-1
-1
-1
-1
-1
-1
-1
-1
-1
-1
-1
-1
-1
-1
-1
-1
-1
-1
-1
-1
-1
-1
-1
-1
-1
-1
-1
-1
-1
-1
-1
-1
-1
-1
-1
-1
-1
-1
-1
-1
-1
-1
-1
-1
-1
-1
-1
-1
-1
-1
-1
-1
-1
-1
-1
-1
-1
-1
-1
-1
-1
-1
-1
-1
-1
-1
-1
-1
-1
-1
-1
-1
-1
-1
-1
-1
-1
-1
-1
-1
-1
-1
-1
-1
-1
-1
-1
-1
-1
-1
-1
-1
-1
-1
-1
-1
-1
-1
-1
-1
-1
-1
-1
-1
-1
-1
-1
-1
-1
-1
-1
-1
-1
-1
-1
-1
-1
-1
-1
-1
-1
-1
-1
-1
-1
-1
-1
-1
-1
-1
-1
-1
-1
-1
-1
-1
-1
-1
-1
-1
-1
-1
-1
-1
-1
-1
-1
-1
-1
-1
-1
-1
-1
-1
-1
-1
-1
-1
-1
-1
-1
-1
-1
-1
-1
-1
-1
-1
-1
-1
-1
-1
-1
-1
-1
-1
-1
-1
-1
-1
-1
-1
-1
-1
-1
-1
-1
-1
-1
-1
-1
-1
-1
-1
-1
-1
-1
-1
-1
-1
-1
-1
-1
-1
-1
-1
-1
-1
-1
-1
-1
-1
-1
-1
-1
-1
-1
-1
-1
-1
-1
-1
-1
-1
-1
-1
-1
-1
-1
-1
-1
-1
-1
-1
-1
-1
-1
-1
-1
-1
-1
-1
-1
-1
-1
-1
-1
-1
-1
-1
-1
-1
-1
-1
-1
-1
-1
-1
-1
-1
-1
-1
-1
-1
-1
-1
-1
-1
-1
-1
-1
-1
-1
-1
-1
-1
-1
-1
-1
-1
-1
-1
-1
-1
-1
-1
-1
-1
-1
-1
-1
-1
-1
-1
-1
-1
-1
-1
-1
-1
-1
-1
-1
-1
-1
-1
-1
-1
-1
-1
-1
-1
-1
-1
-1
-1
-1
-1
-1
-1
-1
-1
-1
-1
-1
-1
-1
-1
-1
-1
-1
-1
-1
-1
-1
-1
-1
-1
-1
-1
-1
-1
-1
-1
-1
-1
-1
-1
-1
-1
-1
-1
-1
-1
-1
-1
-1
-1
-1
-1
-1
-1
-1
-1
-1
-1
-1
-1
-1
-1
-1
-1
-1
-1
-1
-1
-1
-1
-1
-1
-1
-1
-1
-1
-1
-1
-1
-1
-1
-1
-1
-1
-1
-1
-1
-1
-1
-1
-1
-1
-1
-1
-1
-1
-1
-1
-1
-1
-1
-1
-1
-1
-1
-1
-1
-1
-1
-1
-1
-1
-1
-1
-1
-1
-1
-1
-1
-1
-1
-1
-1
-1
-1
-1
-1
-1
-1
-1
-1
-1
-1
-1
-1
-1
-1
-1
-1
-1
-1
-1
-1
-1
-1
-1
-1
-1
-1
-1
-1
-1
-1
-1
-1
-1
-1
-1
-1
-1
-1
-1
-1
-1
-1
-1
-1
-1
-1
-1
-1
-1
-1
-1
-1
-1
-1
-1
-1
-1
-1
-1
-1
-1
-1
-1
-1
-1
-1
-1
-1
-1
-1
-1
-1
-1
-1
-1
-1
-1
-1
-1
-1
-1
-1
-1
-1
-1
-1
-1
-1
-1
-1
-1
-1
-1
-1
-1
-1
-1
-1
-1
-1
-1
-1
-1
-1
-1
-1
-1
-1
-1
-1
-1
-1
-1
-1
-1
-1
-1
-1
-1
-1
-1
-1
-1
-1
-1
-1
-1
-1
-1
-1
-1
-1
-1
-1
-1
-1
-1
-1
-1
-1
-1
-1
-1
-1
-1
-1
-1
-1
-1
-1
-1
-1
-1
-1
-1
-1
-1
-1
-1
-1
-1
-1
-1
-1
-1
-1
-1
-1
-1
-1
-1
-1
-1
-1
-1
-1
-1
-1
-1
-1
-1
-1
-1
-1
-1
-1
-1
-1
-1
-1
-1
-1
-1
-1
-1
-1
-1
-1
-1
-1
-1
-1
-1
-1
-1
-1
-1
-1
-1
-1
-1
-1
-1
-1
-1
-1
-1
-1
-1
-1
-1
-1
-1
-1
-1
-1
-1
-1
-1
-1
-1
-1
-1
-1
-1
-1
-1
-1
-1
-1
-1
-1
-1
-1
-1
-1
-1
-1
-1
-1
-1
-1
-1
-1
-1
-1
-1
-1
-1
-1
-1
-1
-1
-1
-1
-1
-1
-1
-1
-1
-1
-1
-1
-1
-1
-1
-1
-1
-1
-1
-1
-1
-1
-1
-1
-1
-1
-1
-1
-1
-1
-1
-1
-1
-1
-1
-1
-1
-1
-1
-1
-1
-1
-1
-1
-1
-1
-1
-1
-1
-1
-1
-1
-1
-1
-1
-1
-1
-1
-1
-1
-1
-1
-1
-1
-1
-1
-1
-1
-1
-1
-1
-1
-1
-1
-1
-1
-1
-1
-1
-1
-1
-1
-1
-1
-1
-1
-1
-1
-1
-1
-1
-1
-1
-1
-1
-1
-1
-1
-1
-1
-1
-1
-1
-1
-1
-1
-1
-1
-1
-1
-1
-1
-1
-1
-1
-1
-1
-1
-1
-1
-1
-1
-1
-1
-1
-1
-1
-1
-1
-1
-1
-1
-1
-1
-1
-1
-1
-1
-1
-1
-1
-1
-1
-1
-1
-1
-1
-1
-1
-1
-1
-1
-1
-1
-1
-1
-1
-1
-1
-1
-1
-1
-1
-1
-1
-1
-1
-1
-1
-1
-1
-1
-1
-1
-1
-1
-1
-1
-1
-1
-1
-1
-1
-1
-1
-1
-1
-1
-1
-1
-1
-1
-1
-1
-1
-1
-1
-1
-1
-1
-1
-1
-1
-1
-1
-1
-1
-1
-1
-1
-1
-1
-1
-1
-1
-1
-1
-1
-1
-1
-1
-1
-1
-1
-1
-1
-1
-1
-1
-1
-1
-1
-1
-1
-1
-1
-1
-1
-1
-1
-1
-1
-1
-1
-1
-1
-1
-1
-1
-1
-1
-1
-1
-1
-1
-1
-1
-1
-1
-1
-1
-1
-1
-1
-1
-1
-1
-1
-1
-1
-1
-1
-1
-1
-1
-1
-1
-1
-1
-1
-1
-1
-1
-1
-1
-1
-1
-1
-1
-1
-1
-1
-1
-1
-1
-1
-1
-1
-1
-1
-1
-1
-1
-1
-1
-1
-1
-1
-1
-1
-1
-1
-1
-1
-1
-1
-1
-1
-1
-1
-1
-1
-1
-1
-1
-1
-1
-1
-1
-1
-1
-1
-1
-1
-1
-1
-1
-1
-1
-1
-1
-1
-1
-1
-1
-1
-1
-1
-1
-1
-1
-1
-1
-1
-1
-1
-1
-1
-1
-1
-1
-1
-1
-1
-1
-1
-1
-1
-1
-1
-1
-1
-1
-1
-1
-1
-1
-1
-1
-1
-1
-1
-1
-1
-1
-1
-1
-1
-1
-1
-1
-1
-1
-1
-1
-1
-1
-1
-1
-1
-1
-1
-1
-1
-1
-1
-1
-1
-1
-1
-1
-1
-1
-1
-1
-1
-1
-1
-1
-1
-1
-1
-1
-1
-1
-1
-1
-1
-1
-1
-1
-1
-1
-1
-1
-1
-1
-1
-1
-1
-1
-1
-1
-1
-1
-1
-1
-1
-1
-1
-1
-1
-1
-1
-1
-1
-1
-1
-1
-1
-1
-1
-1
-1
-1
-1
-1
-1
-1
-1
-1
-1
-1
-1
-1
-1
-1
-1
-1
-1
-1
-1
-1
-1
-1
-1
-1
-1
-1
-1
-1
-1
-1
-1
-1
-1
-1
-1
-1
-1
-1
-1
-1
-1
-1
-1
-1
-1
-1
-1
-1
-1
-1
-1
-1
-1
-1
-1
-1
-1
-1
-1
-1
-1
-1
-1
-1
-1
-1
-1
-1
-1
-1
-1
-1
-1
-1
-1
-1
-1
-1
-1
-1
-1
-1
-1
-1
-1
-1
-1
-1
-1
-1
-1
-1
-1
-1
-1
-1
-1
-1
-1
-1
-1
-1
-1
-1
-1
-1
-1
-1
-1
-1
-1
-1
-1
-1
-1
-1
-1
-1
-1
-1
-1
-1
-1
-1
-1
-1
-1
-1
-1
-1
-1
-1
-1
-1
-1
-1
-1
-1
-1
-1
-1
-1
-1
-1
-1
-1
-1
-1
-1
-1
-1
-1
-1
-1
-1
-1
-1
-1
-1
-1
-1
-1
-1
-1
-1
-1
-1
-1
-1
-1
-1
-1
-1
-1
-1
-1
-1
-1
-1
-1
-1
-1
-1
-1
-1
-1
-1
-1
-1
-1
-1
-1
-1
-1
-1
-1
-1
-1
-1
-1
-1
-1
-1
-1
-1
-1
-1
-1
-1
-1
-1
-1
-1
-1
-1
-1
-1
-1
-1
-1
-1
-1
-1
-1
-1
-1
-1
-1
-1
-1
-1
-1
-1
-1
-1
-1
-1
-1
-1
-1
-1
-1
-1
-1
-1
-1
-1
-1
-1
-1
-1
-1
-1
-1
-1
-1
-1
-1
-1
-1
-1
-1
-1
-1
-1
-1
-1
-1
-1
-1
-1
-1
-1
-1
-1
-1
-1
-1
-1
-1
-1
-1
-1
-1
-1
-1
-1
-1
-1
-1
-1
-1
-1
-1
-1
-1
-1
-1
-1
-1
-1
-1
-1
-1
-1
-1
-1
-1
-1
-1
-1
-1
-1
-1
-1
-1
-1
-1
-1
-1
-1
-1
-1
-1
-1
-1
-1
-1
-1
-1
-1
-1
-1
-1
-1
-1
-1
-1
-1
-1
-1
-1
-1
-1
-1
-1
-1
-1
-1
-1
-1
-1
-1
-1
-1
-1
-1
-1
-1
-1
-1
-1
-1
-1
-1
-1
-1
-1
-1
-1
-1
-1
-1
-1
-1
-1
-1
-1
-1
-1
-1
-1
-1
-1
-1
-1
-1
-1
-1
-1
-1
-1
-1
-1
-1
-1
-1
-1
-1
-1
-1
-1
-1
-1
-1
-1
-1
-1
-1
-1
-1
-1
-1
-1
-1
-1
-1
-1
-1
-1
-1
-1
-1
-1
-1
-1
-1
-1
-1
-1
-1
-1
-1
-1
-1
-1
-1
-1
-1
-1
-1
-1
-1
-1
-1
-1
-1
-1
-1
-1
-1
-1
-1
-1
-1
-1
-1
-1
-1
-1
-1
-1
-1
-1
-1
-1
-1
-1
-1
-1
-1
-1
-1
-1
-1
-1
-1
-1
-1
-1
-1
-1
-1
-1
-1
-1
-1
-1
-1
-1
-1
-1
-1
-1
-1
-1
-1
-1
-1
-1
-1
-1
-1
-1
-1
-1
-1
-1
-1
-1
-1
-1
-1
-1
-1
-1
-1
-1
-1
-1
-1
-1
-1
-1
-1
-1
-1
-1
-1
-1
-1
-1
-1
-1
-1
-1
-1
-1
-1
-1
-1
-1
-1
-1
-1
-1
-1
-1
-1
-1
-1
-1
-1
-1
-1
-1
-1
-1
-1
-1
-1
-1
-1
-1
-1
-1
-1
-1
-1
-1
-1
-1
-1
-1
-1
-1
-1
-1
-1
-1
-1
-1
-1
-1
-1
-1
-1
-1
-1
-1
-1
-1
-1
-1
-1
-1
-1
-1
-1
-1
-1
-1
-1
-1
-1
-1
-1
-1
-1
-1
-1
-1
-1
-1
-1
-1
-1
-1
-1
-1
-1
-1
-1
-1
-1
-1
-1
-1
-1
-1
-1
-1
-1
-1
-1
-1
-1
-1
-1
-1
-1
-1
-1
-1
-1
-1
-1
-1
-1
-1
-1
-1
-1
-1
-1
-1
-1
-1
-1
-1
-1
-1
-1
-1
-1
-1
-1
-1
-1
-1
-1
-1
-1
-1
-1
-1
-1
-1
-1
-1
-1
-1
-1
-1
-1
-1
-1
-1
-1
-1
-1
-1
-1
-1
-1
-1
-1
-1
-1
-1
-1
-1
-1
-1
-1
-1
-1
-1
-1
-1
-1
-1
-1
-1
-1
-1
-1
-1
-1
-1
-1
-1
-1
-1
-1
-1
-1
-1
-1
-1
-1
-1
-1
-1
-1
-1
-1
-1
-1
-1
-1
-1
-1
-1
-1
-1
-1
-1
-1
-1
-1
-1
-1
-1
-1
-1
-1
-1
-1
-1
-1
-1
-1
-1
-1
-1
-1
-1
-1
-1
-1
-1
-1
-1
-1
-1
-1
-1
-1
-1
-1
-1
-1
-1
-1
-1
-1
-1
-1
-1
-1
-1
-1
-1
-1
-1
-1
-1
-1
-1
-1
-1
-1
-1
-1
-1
-1
-1
-1
-1
-1
-1
-1
-1
-1
-1
-1
-1
-1
-1
-1
-1
-1
-1
-1
-1
-1
-1
-1
-1
-1
-1
-1
-1
-1
-1
-1
-1
-1
-1
-1
-1
-1
-1
-1
-1
-1
-1
-1
-1
-1
-1
-1
-1
-1
-1
-1
-1
-1
-1
-1
-1
-1
-1
-1
-1
-1
-1
-1
-1
-1
-1
-1
-1
-1
-1
-1
-1
-1
-1
-1
-1
-1
-1
-1
-1
-1
-1
-1
-1
-1
-1
-1
-1
-1
-1
-1
-1
-1
-1
-1
-1
-1
-1
-1
-1
-1
-1
-1
-1
-1
-1
-1
-1
-1
-1
-1
-1
-1
-1
-1
-1
-1
-1
-1
-1
-1
-1
-1
-1
-1
-1
-1
-1
-1
-1
-1
-1
-1
-1
-1
-1
-1
-1
-1
-1
-1
-1
-1
-1
-1
-1
-1
-1
-1
-1
-1
-1
-1
-1
-1
-1
-1
-1
-1
-1
-1
-1
-1
-1
-1
-1
-1
-1
-1
-1
-1
-1
-1
-1
-1
-1
-1
-1
-1
-1
-1
-1
-1
-1
-1
-1
-1
-1
-1
-1
-1
-1
-1
-1
-1
-1
-1
-1
-1
-1
-1
-1
-1
-1
-1
-1
-1
-1
-1
-1
-1
-1
-1
-1
-1
-1
-1
-1
-1
-1
-1
-1
-1
-1
-1
-1
-1
-1
-1
-1
-1
-1
-1
-1
-1
-1
-1
-1
-1
-1
-1
-1
-1
-1
-1
-1
-1
-1
-1
-1
-1
-1
-1
-1
-1
-1
-1
-1
-1
-1
-1
-1
-1
-1
-1
-1
-1
-1
-1
-1
-1
-1
-1
-1
-1
-1
-1
-1
-1
-1
-1
-1
-1
-1
-1
-1
-1
-1
-1
-1
-1
-1
-1
-1
-1
-1
-1
-1
-1
-1
-1
-1
-1
-1
-1
-1
-1
-1
-1
-1
-1
-1
-1
-1
-1
-1
-1
-1
-1
-1
-1
-1
-1
-1
-1
-1
-1
-1
-1
-1
-1
-1
-1
-1
-1
-1
-1
-1
-1
-1
-1
-1
-1
-1
-1
-1
-1
-1
-1
-1
-1
-1
-1
-1
-1
-1
-1
-1
-1
-1
-1
-1
-1
-1
-1
-1
-1
-1
-1
-1
-1
-1
-1
-1
-1
-1
-1
-1
-1
-1
-1
-1
-1
-1
-1
-1
-1
-1
-1
-1
-1
-1
-1
-1
-1
-1
-1
-1
-1
-1
-1
-1
-1
-1
-1
-1
-1
-1
-1
-1
-1
-1
-1
-1
-1
-1
-1
-1
-1
-1
-1
-1
-1
-1
-1
-1
-1
-1
-1
-1
-1
-1
-1
-1
-1
-1
-1
-1
-1
-1
-1
-1
-1
-1
-1
-1
-1
-1
-1
-1
-1
-1
-1
-1
-1
-1
-1
-1
-1
-1
-1
-1
-1
-1
-1
-1
-1
-1
-1
-1
-1
-1
-1
-1
-1
-1
-1
-1
-1
-1
-1
-1
-1
-1
-1
-1
-1
-1
-1
-1
-1
-1
-1
-1
-1
-1
-1
-1
-1
-1
-1
-1
-1
-1
-1
-1
-1
-1
-1
-1
-1
-1
-1
-1
-1
-1
-1
-1
-1
-1
-1
-1
-1
-1
-1
-1
-1
-1
-1
-1
-1
-1
-1
-1
-1
-1
-1
-1
-1
-1
-1
-1
-1
-1
-1
-1
-1
-1
-1
-1
-1
-1
-1
-1
-1
-1
-1
-1
-1
-1
-1
-1
-1
-1
-1
-1
-1
-1
-1
-1
-1
-1
-1
-1
-1
-1
-1
-1
-1
-1
-1
-1
-1
-1
-1
-1
-1
-1
-1
-1
-1
-1
-1
-1
-1
-1
-1
-1
-1
-1
-1
-1
-1
-1
-1
-1
-1
-1
-1
-1
-1
-1
-1
-1
-1
-1
-1
-1
-1
-1
-1
-1
-1
-1
-1
-1
-1
-1
-1
-1
-1
-1
-1
-1
-1
-1
-1
-1
-1
-1
-1
-1
-1
-1
-1
-1
-1
-1
-1
-1
-1
-1
-1
-1
-1
-1
-1
-1
-1
-1
-1
-1
-1
-1
-1
-1
-1
-1
-1
-1
-1
-1
-1
-1
-1
-1
-1
-1
-1
-1
-1
-1
-1
-1
-1
-1
-1
-1
-1
-1
-1
-1
-1
-1
-1
-1
-1
-1
-1
-1
-1
-1
-1
-1
-1
-1
-1
-1
-1
-1
-1
-1
-1
-1
-1
-1
-1
-1
-1
-1
-1
-1
-1
-1
-1
-1
-1
-1
-1
-1
-1
-1
-1
-1
-1
-1
-1
-1
-1
-1
-1
-1
-1
-1
-1
-1
-1
-1
-1
-1
-1
-1
-1
-1
-1
-1
-1
-1
-1
-1
-1
-1
-1
-1
-1
-1
-1
-1
-1
-1
-1
-1
-1
-1
-1
-1
-1
-1
-1
-1
-1
-1
-1
-1
-1
-1
-1
-1
-1
-1
-1
-1
-1
-1
-1
-1
-1
-1
-1
-1
-1
-1
-1
-1
-1
-1
-1
-1
-1
-1
-1
-1
-1
-1
-1
-1
-1
-1
-1
-1
-1
-1
-1
-1
-1
-1
-1
-1
-1
-1
-1
-1
-1
-1
-1
-1
-1
-1
-1
-1
-1
-1
-1
-1
-1
-1
-1
-1
-1
-1
-1
-1
-1
-1
-1
-1
-1
-1
-1
-1
-1
-1
-1
-1
-1
-1
-1
-1
-1
-1
-1
-1
-1
-1
-1
-1
-1
-1
-1
-1
-1
-1
-1
-1
-1
-1
-1
-1
-1
-1
-1
-1
-1
-1
-1
-1
-1
-1
-1
-1
-1
-1
-1
-1
-1
-1
-1
-1
-1
-1
-1
-1
-1
-1
-1
-1
-1
-1
-1
-1
-1
-1
-1
-1
-1
-1
-1
-1
-1
-1
-1
-1
-1

POINT_DATA 6716
SCALARS interface_id int
LOOKUP_TABLE default
-1
-1
-1
-1
-1
-1
-1
-1
-1
-1
-1
-1
-1
-1
-1
-1
-1
-1
-1
-1
-1
-1
-1
-1
-1
-1
-1
-1
-1
-1
-1
-1
-1
-1
-1
-1
-1
-1
-1
-1
-1
-1
-1
-1
-1
-1
-1
-1
-1
-1
-1
-1
-1
-1
-1
-1
-1
-1
-1
-1
-1
-1
-1
-1
-1
-1
-1
-1
-1
-1
-1
-1
-1
-1
-1
-1
-1
-1
-1
-1
-1
-1
-1
-1
-1
-1
-1
-1
-1
-1
-1
-1
-1
-1
-1
-1
-1
-1
-1
-1
-1
-1
-1
-1
-1
-1
-1
-1
-1
-1
-1
-1
-1
-1
-1
-1
-1
-1
-1
-1
-1
-1
-1
-1
-1
-1
-1
-1
-1
-1
-1
-1
-1
-1
-1
-1
-1
-1
-1
-1
-1
-1
-1
-1
-1
-1
-1
-1
-1
-1
-1
-1
-1
-1
-1
-1
-1
-1
-1
-1
-1
-1
-1
-1
-1
-1
-1
-1
-1
-1
-1
-1
-1
-1
-1
-1
-1
-1
-1
-1
-1
-1
-1
-1
-1
-1
-1
-1
-1
-1
-1
-1
-1
-1
-1
-1
-1
-1
-1
-1
-1
-1
-1
-1
-1
-1
-1
-1
-1
-1
-1
-1
-1
-1
-1
-1
-1
-1
-1
-1
-1
-1
-1
-1
-1
-1
-1
-1
-1
-1
-1
-1
-1
-1
-1
-1
-1
-1
-1
-1
-1
-1
-1
-1
-1
-1
-1
-1
-1
-1
-1
-1
-1
-1
-1
-1
-1
-1
-1
-1
-1
-1
-1
-1
-1
-1
-1
-1
-1
-1
-1
-1
-1
-1
-1
-1
-1
-1
-1
-1
-1
-1
-1
-1
-1
-1
-1
-1
-1
-1
-1
-1
-1
-1
-1
-1
-1
-1
-1
-1
-1
-1
-1
-1
-1
-1
-1
-1
-1
-1
-1
-1
-1
-1
-1
-1
-1
-1
-1
-1
-1
-1
-1
-1
-1
-1
-1
-1
-1
-1
-1
-1
-1
-1
-1
-1
-1
-1
-1
-1
-1
-1
-1
-1
-1
-1
-1
-1
-1
-1
-1
-1
-1
-1
-1
-1
-1
-1
-1
-1
-1
-1
-1
-1
-1
-1
-1
-1
-1
-1
-1
-1
-1
-1
-1
-1
-1
-1
-1
-1
-1
-1
-1
-1
-1
-1
-1
-1
-1
-1
-1
-1
-1
-1
-1
-1
-1
-1
-1
-1
-1
-1
-1
-1
-1
-1
-1
-1
-1
-1
-1
-1
-1
-1
-1
-1
-1
-1
-1
-1
-1
-1
-1
-1
-1
-1
-1
-1
-1
-1
-1
-1
-1
-1
-1
-1
-1
-1
-1
-1
-1
-1
-1
-1
-1
-1
-1
-1
-1
-1
-1
-1
-1
-1
-1
-1
-1
-1
-1
-1
-1
-1
-1
-1
-1
-1
-1
-1
-1
-1
-1
-1
-1
-1
-1
-1
-1
-1
-1
-1
-1
-1
-1
-1
-1
-1
-1
-1
-1
-1
-1
-1
-1
-1
-1
-1
-1
-1
-1
-1
-1
-1
-1
-1
-1
-1
-1
-1
-1
-1
-1
-1
-1
-1
-1
-1
-1
-1
-1
-1
-1
-1
-1
-1
-1
-1
-1
-1
-1
-1
-1
-1
-1
-1
-1
-1
-1
-1
-1
-1
-1
-1
-1
-1
-1
-1
-1
-1
-1
-1
-1
-1
-1
-1
-1
-1
-1
-1
-1
-1
-1
-1
-1
-1
-1
-1
-1
-1
-1
-1
-1
-1
-1
-1
-1
-1
-1
-1
-1
-1
-1
-1
-1
-1
-1
-1
-1
-1
-1
-1
-1
-1
-1
-1
-1
-1
-1
-1
-1
-1
-1
-1
-1
-1
-1
-1
-1
-1
-1
-1
-1
-1
-1
-1
-1
-1
-1
-1
-1
-1
-1
-1
-1
-1
-1
-1
-1
-1
-1
-1
-1
-1
-1
-1
-1
-1
-1
-1
-1
-1
-1
-1
-1
-1
-1
-1
-1
-1
-1
-1
-1
-1
-1
-1
-1
-1
-1
-1
-1
-1
-1
-1
-1
-1
-1
-1
-1
-1
-1
-1
-1
-1
-1
-1
-1
-1
-1
-1
-1
-1
-1
-1
-1
-1
-1
-1
-1
-1
-1
-1
-1
-1
-1
-1
-1
-1
-1
-1
-1
-1
-1
-1
-1
-1
-1
-1
-1
-1
-1
-1
-1
-1
-1
-1
-1
-1
-1
-1
-1
-1
-1
-1
-1
-1
-1
-1
-1
-1
-1
-1
-1
-1
-1
-1
-1
-1
-1
-1
-1
-1
-1
-1
-1
-1
-1
-1
-1
-1
-1
-1
-1
-1
-1
-1
-1
-1
-1
-1
-1
-1
-1
-1
-1
-1
-1
-1
-1
-1
-1
-1
-1
-1
-1
-1
-1
-1
-1
-1
-1
-1
-1
-1
-1
-1
-1
-1
-1
-1
-1
-1
-1
-1
-1
-1
-1
-1
-1
-1
-1
-1
-1
-1
-1
-1
-1
-1
-1
-1
-1
-1
-1
-1
-1
-1
-1
-1
-1
-1
-1
-1
-1
-1
-1
-1
-1
-1
-1
-1
-1
-1
-1
-1
-1
-1
-1
-1
-1
-1
-1
-1
-1
-1
-1
-1
-1
-1
-1
-1
-1
-1
-1
-1
-1
-1
-1
-1
-1
-1
-1
-1
-1
-1
-1
-1
-1
-1
-1
-1
-1
-1
-1
-1
-1
-1
-1
-1
-1
-1
-1
-1
-1
-1
-1
-1
-1
-1
-1
-1
-1
-1
-1
-1
-1
-1
-1
-1
-1
-1
-1
-1
-1
-1
-1
-1
-1
-1
-1
-1
-1
-1
-1
-1
-1
-1
-1
-1
-1
-1
-1
-1
-1
-1
-1
-1
-1
-1
-1
-1
-1
-1
-1
-1
-1
-1
-1
-1
-1
-1
-1
-1
-1
-1
-1
-1
-1
-1
-1
-1
-1
-1
-1
-1
-1
-1
-1
-1
-1
-1
-1
-1
-1
-1
-1
-1
-1
-1
-1
-1
-1
-1
-1
-1
-1
-1
-1
-1
-1
-1
-1
-1
-1
-1
-1
-1
-1
-1
-1
-1
-1
-1
-1
-1
-1
-1
-1
-1
-1
-1
-1
-1
-1
-1
-1
-1
-1
-1
-1
-1
-1
-1
-1
-1
-1
-1
-1
-1
-1
-1
-1
-1
-1
-1
-1
-1
-1
-1
-1
-1
-1
-1
-1
-1
-1
-1
-1
-1
-1
-1
-1
-1
-1
-1
-1
-1
-1
-1
-1
-1
-1
-1
-1
-1
-1
-1
-1
-1
-1
-1
-1
-1
-1
-1
-1
-1
-1
-1
-1
-1
-1
-1
-1
-1
-1
-1
-1
-1
-1
-1
-1
-1
-1
-1
-1
-1
-1
-1
-1
-1
-1
-1
-1
-1
-1
-1
-1
-1
-1
-1
-1
-1
-1
-1
-1
-1
-1
-1
-1
-1
-1
-1
-1
-1
-1
-1
-1
-1
-1
-1
-1
-1
-1
-1
-1
-1
-1
-1
-1
-1
-1
-1
-1
-1
-1
-1
-1
-1
-1
-1
-1
-1
-1
-1
-1
-1
-1
-1
-1
-1
-1
-1
-1
-1
-1
-1
-1
-1
-1
-1
-1
-1
-1
-1
-1
-1
-1
-1
-1
-1
-1
-1
-1
-1
-1
-1
-1
-1
-1
-1
-1
-1
-1
-1
-1
-1
-1
-1
-1
-1
-1
-1
-1
-1
-1
-1
-1
-1
-1
-1
-1
-1
-1
-1
-1
-1
-1
-1
-1
-1
-1
-1
-1
-1
-1
-1
-1
-1
-1
-1
-1
-1
-1
-1
-1
-1
-1
-1
-1
-1
-1
-1
-1
-1
-1
-1
-1
-1
-1
-1
-1
-1
-1
-1
-1
-1
-1
-1
-1
-1
-1
-1
-1
-1
-1
-1
-1
-1
-1
-1
-1
-1
-1
-1
-1
-1
-1
-1
-1
-1
-1
-1
-1
-1
-1
-1
-1
-1
-1
-1
-1
-1
-1
-1
-1
-1
-1
-1
-1
-1
-1
-1
-1
-1
-1
-1
-1
-1
-1
-1
-1
-1
-1
-1
-1
-1
-1
-1
-1
-1
-1
-1
-1
-1
-1
-1
-1
-1
-1
-1
-1
-1
-1
-1
-1
-1
-1
-1
-1
-1
-1
-1
-1
-1
-1
-1
-1
-1
-1
-1
-1
-1
-1
-1
-1
-1
-1
-1
-1
-1
-1
-1
-1
-1
-1
-1
-1
-1
-1
-1
-1
-1
-1
-1
-1
-1
-1
-1
-1
-1
-1
-1
-1
-1
-1
-1
-1
-1
-1
-1
-1
-1
-1
-1
-1
-1
-1
-1
-1
-1
-1
-1
-1
-1
-1
-1
-1
-1
-1
-1
-1
-1
-1
-1
-1
-1
-1
-1
-1
-1
-1
-1
-1
-1
-1
-1
-1
-1
-1
-1
-1
-1
-1
-1
-1
-1
-1
-1
-1
-1
-1
-1
-1
-1
-1
-1
-1
-1
-1
-1
-1
-1
-1
-1
-1
-1
-1
-1
-1
-1
-1
-1
-1
-1
-1
-1
-1
-1
-1
-1
-1
-1
-1
-1
-1
-1
-1
-1
-1
-1
-1
-1
-1
-1
-1
-1
-1
-1
-1
-1
-1
-1
-1
-1
-1
-1
-1
-1
-1
-1
-1
-1
-1
-1
-1
-1
-1
-1
-1
-1
-1
-1
-1
-1
-1
-1
-1
-1
-1
-1
-1
-1
-1
-1
-1
-1
-1
-1
-1
-1
-1
-1
-1
-1
-1
-1
-1
-1
-1
-1
-1
-1
-1
-1
-1
-1
-1
-1
-1
-1
-1
-1
-1
-1
-1
-1
-1
-1
-1
-1
-1
-1
-1
-1
-1
-1
-1
-1
-1
-1
-1
-1
-1
-1
-1
-1
-1
-1
-1
-1
-1
-1
-1
-1
-1
-1
-1
-1
-1
-1
-1
-1
-1
-1
-1
-1
-1
-1
-1
-1
-1
-1
-1
-1
-1
-1
-1
-1
-1
-1
-1
-1
-1
-1
-1
-1
-1
-1
-1
-1
-1
-1
-1
-1
-1
-1
-1
-1
-1
-1
-1
-1
-1
-1
-1
-1
-1
-1
-1
-1
-1
-1
-1
-1
-1
-1
-1
-1
-1
-1
-1
-1
-1
-1
-1
-1
-1
-1
-1
-1
-1
-1
-1
-1
-1
-1
-1
-1
-1
-1
-1
-1
-1
-1
-1
-1
-1
-1
-1
-1
-1
-1
-1
-1
-1
-1
-1
-1
-1
-1
-1
-1
-1
-1
-1
-1
-1
-1
-1
-1
-1
-1
-1
-1
-1
-1
-1
-1
-1
-1
-1
-1
-1
-1
-1
-1
-1
-1
-1
-1
-1
-1
-1
-1
-1
-1
-1
-1
-1
-1
-1
-1
-1
-1
-1
-1
-1
-1
-1
-1
-1
-1
-1
-1
-1
-1
-1
-1
-1
-1
-1
-1
-1
-1
-1
-1
-1
-1
-1
-1
-1
-1
-1
-1
-1
-1
-1
-1
-1
-1
-1
-1
-1
-1
-1
-1
-1
-1
-1
-1
-1
-1
-1
-1
-1
-1
-1
-1
-1
-1
-1
-1
-1
-1
-1
-1
-1
-1
-1
-1
-1
-1
-1
-1
-1
-1
-1
-1
-1
-1
-1
-1
-1
-1
-1
-1
-1
-1
-1
-1
-1
-1
-1
-1
-1
-1
-1
-1
-1
-1
-1
-1
-1
-1
-1
-1
-1
-1
-1
-1
-1
-1
-1
-1
-1
-1
-1
-1
-1
-1
-1
-1
-1
-1
-1
-1
-1
-1
-1
-1
-1
-1
-1
-1
-1
-1
-1
-1
-1
-1
-1
-1
-1
-1
-1
-1
-1
-1
-1
-1
-1
-1
-1
-1
-1
-1
-1
-1
-1
-1
-1
-1
-1
-1
-1
-1
-1
-1
-1
-1
-1
-1
-1
-1
-1
-1
-1
-1
-1
-1
-1
-1
-1
-1
-1
-1
-1
-1
-1
-1
-1
-1
-1
-1
-1
-1
-1
-1
-1
-1
-1
-1
-1
-1
-1
-1
-1
-1
-1
-1
-1
-1
-1
-1
-1
-1
-1
-1
-1
-1
-1
-1
-1
-1
-1
-1
-1
-1
-1
-1
-1
-1
-1
-1
-1
-1
-1
-1
-1
-1
-1
-1
-1
-1
-1
-1
-1
-1
-1
-1
-1
-1
-1
-1
-1
-1
-1
-1
-1
-1
-1
-1
-1
-1
-1
-1
-1
-1
-1
-1
-1
-1
-1
-1
-1
-1
-1
-1
-1
-1
-1
-1
-1
-1
-1
-1
-1
-1
-1
-1
-1
-1
-1
-1
-1
-1
-1
-1
-1
-1
-1
-1
-1
-1
-1
-1
-1
-1
-1
-1
-1
-1
-1
-1
-1
-1
-1
-1
-1
-1
-1
-1
-1
-1
-1
-1
-1
-1
-1
-1
-1
-1
-1
-1
-1
-1
-1
-1
-1
-1
-1
-1
-1
-1
-1
-1
-1
-1
-1
-1
-1
-1
-1
-1
-1
-1
-1
-1
-1
-1
-1
-1
-1
-1
-1
-1
-1
-1
-1
-1
-1
-1
-1
-1
-1
-1
-1
-1
-1
-1
-1
-1
-1
-1
-1
-1
-1
-1
-1
-1
-1
-1
-1
-1
-1
-1
-1
-1
-1
-1
-1
-1
-1
-1
-1
-1
-1
-1
-1
-1
-1
-1
-1
-1
-1
-1
-1
-1
-1
-1
-1
-1
-1
-1
-1
-1
-1
-1
-1
-1
-1
-1
-1
-1
-1
-1
-1
-1
-1
-1
-1
-1
-1
-1
-1
-1
-1
-1
-1
-1
-1
-1
-1
-1
-1
-1
-1
-1
-1
-1
-1
-1
-1
-1
-1
-1
-1
-1
-1
-1
-1
-1
-1
-1
-1
-1
-1
-1
-1
-1
-1
-1
-1
-1
-1
-1
-1
-1
-1
-1
-1
-1
-1
-1
-1
-1
-1
-1
-1
-1
-1
-1
-1
-1
-1
-1
-1
-1
-1
-1
-1
-1
-1
-1
-1
-1
-1
-1
-1
-1
-1
-1
-1
-1
-1
-1
-1
-1
-1
-1
-1
-1
-1
-1
-1
-1
-1
-1
-1
-1
-1
-1
-1
-1
-1
-1
-1
-1
-1
-1
-1
-1
-1
-1
-1
-1
-1
-1
-1
-1
-1
-1
-1
-1
-1
-1
-1
-1
-1
-1
-1
-1
-1
-1
-1
-1
-1
-1
-1
-1
-1
-1
-1
-1
-1
-1
-1
-1
-1
-1
-1
-1
-1
-1
-1
-1
-1
-1
-1
-1
-1
-1
-1
-1
-1
-1
-1
-1
-1
-1
-1
-1
-1
-1
-1
-1
-1
-1
-1
-1
-1
-1
-1
-1
-1
-1
-1
-1
-1
-1
-1
-1
-1
-1
-1
-1
-1
-1
-1
-1
-1
-1
-1
-1
-1
-1
-1
-1
-1
-1
-1
-1
-1
-1
-1
-1
-1
-1
-1
-1
-1
-1
-1
-1
-1
-1
-1
-1
-1
-1
-1
-1
-1
-1
-1
-1
-1
-1
-1
-1
-1
-1
-1
-1
-1
-1
-1
-1
-1
-1
-1
-1
-1
-1
-1
-1
-1
-1
-1
-1
-1
-1
-1
-1
-1
-1
-1
-1
-1
-1
-1
-1
-1
-1
-1
-1
-1
-1
-1
-1
-1
-1
-1
-1
-1
-1
-1
-1
-1
-1
-1
-1
-1
-1
-1
-1
-1
-1
-1
-1
-1
-1
-1
-1
-1
-1
-1
-1
-1
-1
-1
-1
-1
-1
-1
-1
-1
-1
-1
-1
-1
-1
-1
-1
-1
-1
-1
-1
-1
-1
-1
-1
-1
-1
-1
-1
-1
-1
-1
-1
-1
-1
-1
-1
-1
-1
-1
-1
-1
-1
-1
-1
-1
-1
-1
-1
-1
-1
-1
-1
-1
-1
-1
-1
-1
-1
-1
-1
-1
-1
-1
-1
-1
-1
-1
-1
-1
-1
-1
-1
-1
-1
-1
-1
-1
-1
-1
-1
-1
-1
-1
-1
-1
-1
-1
-1
-1
-1
-1
-1
-1
-1
-1
-1
-1
-1
-1
-1
-1
-1
-1
-1
-1
-1
-1
-1
-1
-1
-1
-1
-1
-1
-1
-1
-1
-1
-1
-1
-1
-1
-1
-1
-1
-1
-1
-1
-1
-1
-1
-1
-1
-1
-1
-1
-1
-1
-1
-1
-1
-1
-1
-1
-1
-1
-1
-1
-1
-1
-1
-1
-1
-1
-1
-1
-1
-1
-1
-1
-1
-1
-1
-1
-1
-1
-1
-1
-1
-1
-1
-1
-1
-1
-1
-1
-1
-1
-1
-1
-1
-1
-1
-1
-1
-1
-1
-1
-1
-1
-1
-1
-1
-1
-1
-1
-1
-1
-1
-1
-1
-1
-1
-1
-1
-1
-1
-1
-1
-1
-1
-1
-1
-1
-1
-1
-1
-1
-1
-1
-1
-1
-1
-1
-1
-1
-1
-1
-1
-1
-1
-1
-1
-1
-1
-1
-1
-1
-1
-1
-1
-1
-1
-1
-1
-1
-1
-1
-1
-1
-1
-1
-1
-1
-1
-1
-1
-1
-1
-1
-1
-1
-1
-1
-1
-1
-1
-1
-1
-1
-1
-1
-1
-1
-1
-1
-1
-1
-1
-1
-1
-1
-1
-1
-1
-1
-1
-1
-1
-1
-1
-1
-1
-1
-1
-1
-1
-1
-1
-1
-1
-1
-1
-1
-1
-1
-1
-1
-1
-1
-1
-1
-1
-1
-1
-1
-1
-1
-1
-1
-1
-1
-1
-1
-1
-1
-1
-1
-1
-1
-1
-1
-1
-1
-1
-1
-1
-1
-1
-1
-1
-1
-1
-1
-1
-1
-1
-1
-1
-1
-1
-1
-1
-1
-1
-1
-1
-1
-1
-1
-1
-1
-1
-1
-1
-1
-1
-1
-1
-1
-1
-1
-1
-1
-1
-1
-1
-1
-1
-1
-1
-1
-1
-1
-1
-1
-1
-1
-1
-1
-1
-1
-1
-1
-1
-1
-1
-1
-1
-1
-1
-1
-1
-1
-1
-1
-1
-1
-1
-1
-1
-1
-1
-1
-1
-1
-1
-1
-1
-1
-1
-1
-1
-1
-1
-1
-1
-1
-1
-1
-1
-1
-1
-1
-1
-1
-1
-1
-1
-1
-1
-1
-1
-1
-1
-1
-1
-1
-1
-1
-1
-1
-1
-1
-1
-1
-1
-1
-1
-1
-1
-1
-1
-1
-1
-1
-1
-1
-1
-1
-1
-1
-1
-1
-1
-1
-1
-1
-1
-1
-1
-1
-1
-1
-1
-1
-1
-1
-1
-1
-1
-1
-1
-1
-1
-1
-1
-1
-1
-1
-1
-1
-1
-1
-1
-1
-1
-1
-1
-1
-1
-1
-1
-1
-1
-1
-1
-1
-1
-1
-1
-1
-1
-1
-1
-1
-1
-1
-1
-1
-1
-1
-1
-1
-1
-1
-1
-1
-1
-1
-1
-1
-1
-1
-1
-1
-1
-1
-1
-1
-1
-1
-1
-1
-1
-1
-1
-1
-1
-1
-1
-1
-1
-1
-1
-1
-1
-1
-1
-1
-1
-1
-1
-1
-1
-1
-1
-1
-1
-1
-1
-1
-1
-1
-1
-1
-1
-1
-1
-1
-1
-1
-1
-1
-1
-1
-1
-1
-1
-1
-1
-1
-1
-1
-1
-1
-1
-1
-1
-1
-1
-1
-1
-1
-1
-1
-1
-1
-1
-1
-1
-1
-1
-1
-1
-1
-1
-1
-1
-1
-1
-1
-1
-1
-1
-1
-1
-1
-1
-1
-1
-1
-1
-1
-1
-1
-1
-1
-1
-1
-1
-1
-1
-1
-1
-1
-1
-1
-1
-1
-1
-1
-1
-1
-1
-1
-1
-1
-1
-1
-1
-1
-1
-1
-1
-1
-1
-1
-1
-1
-1
-1
-1
-1
-1
-1
-1
-1
-1
-1
-1
-1
-1
-1
-1
-1
-1
-1
-1
-1
-1
-1
-1
-1
-1
-1
-1
-1
-1
-1
-1
-1
-1
-1
-1
-1
-1
-1
-1
-1
-1
-1
-1
-1
-1
-1
-1
-1
-1
-1
-1
-1
-1
-1
-1
-1
-1
-1
-1
-1
-1
-1
-1
-1
-1
-1
-1
-1
-1
-1
-1
-1
-1
-1
-1
-1
-1
-1
-1
-1
-1
-1
-1
-1
-1
-1
-1
-1
-1
-1
-1
-1
-1
-1
-1
-1
-1
-1
-1
-1
-1
-1
-1
-1
-1
-1
-1
-1
-1
-1
-1
-1
-1
-1
-1
-1
-1
-1
-1
-1
-1
-1
-1
-1
-1
-1
-1
-1
-1
-1
-1
-1
-1
-1
-1
-1
-1
-1
-1
-1
-1
-1
-1
-1
-1
-1
-1
-1
-1
-1
-1
-1
-1
-1
-1
-1
-1
-1
-1
-1
-1
-1
-1
-1
-1
-1
-1
-1
-1
-1
-1
-1
-1
-1
-1
-1
-1
-1
-1
-1
-1
-1
-1
-1
-1
-1
-1
-1
-1
-1
-1
-1
-1
-1
-1
-1
-1
-1
-1
-1
-1
-1
-1
-1
-1
-1
-1
-1
-1
-1
-1
-1
-1
-1
-1
-1
-1
-1
-1
-1
-1
-1
-1
-1
-1
-1
-1
-1
-1
-1
-1
-1
-1
-1
-1
-1
-1
-1
-1
-1
-1
-1
-1
-1
-1
-1
-1
-1
-1
-1
-1
-1
-1
-1
-1
-1
-1
-1
-1
-1
-1
-1
-1
-1
-1
-1
-1
-1
-1
-1
-1
-1
-1
-1
-1
-1
-1
-1
-1
-1
-1
-1
-1
-1
-1
-1
-1
-1
-1
-1
-1
-1
-1
-1
-1
-1
-1
-1
-1
-1
-1
-1
-1
-1
-1
-1
-1
-1
-1
-1
-1
-1
-1
-1
-1
-1
-1
-1
-1
-1
-1
-1
-1
-1
-1
-1
-1
-1
-1
-1
-1
-1
-1
-1
-1
-1
-1
-1
-1
-1
-1
-1
-1
-1
-1
-1
-1
-1
-1
-1
-1
-1
-1
-1
-1
-1
-1
-1
-1
-1
-1
-1
-1
-1
-1
-1
-1
-1
-1
-1
-1
-1
-1
-1
-1
-1
-1
-1
-1
-1
-1
-1
-1
-1
-1
-1
-1
-1
-1
-1
-1
-1
-1
-1
-1
-1
-1
-1
-1
-1
-1
-1
-1
-1
-1
-1
-1
-1
-1
-1
-1
-1
-1
-1
-1
-1
-1
-1
-1
-1
-1
-1
-1
-1
-1
-1
-1
-1
-1
-1
-1
-1
-1
-1
-1
-1
-1
-1
-1
-1
-1
-1
-1
-1
-1
-1
-1
-1
-1
-1
-1
-1
-1
-1
-1
-1
-1
-1
-1
-1
-1
-1
-1
-1
-1
-1
-1
-1
-1
-1
-1
-1
-1
-1
-1
-1
-1
-1
-1
-1
-1
-1
-1
-1
-1
-1
-1
-1
-1
-1
-1
-1
-1
-1
-1
-1
-1
-1
-1
-1
-1
-1
-1
-1
-1
-1
-1
-1
-1
-1
-1
-1
-1
-1
-1
-1
-1
-1
-1
-1
-1
-1
-1
-1
-1
-1
-1
-1
-1
-1
-1
-1
-1
-1
-1
-1
-1
-1
-1
-1
-1
-1
-1
-1
-1
-1
-1
-1
-1
-1
-1
-1
-1
-1
-1
-1
-1
-1
-1
-1
-1
-1
-1
-1
-1
-1
-1
-1
-1
-1
-1
-1
-1
-1
-1
-1
-1
-1
-1
-1
-1
-1
-1
-1
-1
-1
-1
-1
-1
-1
-1
-1
-1
-1
-1
-1
-1
-1
-1
-1
-1
-1
-1
-1
-1
-1
-1
-1
-1
-1
-1
-1
-1
-1
-1
-1
-1
-1
-1
-1
-1
-1
-1
-1
-1
-1
-1
-1
-1
-1
-1
-1
-1
-1
-1
-1
-1
-1
-1
-1
-1
-1
-1
-1
-1
-1
-1
-1
-1
-1
-1
-1
-1
-1
-1
-1
-1
-1
-1
-1
-1
-1
-1
-1
-1
-1
-1
-1
-1
-1
-1
-1
-1
-1
-1
-1
-1
-1
-1
-1
-1
-1
-1
-1
-1
-1
-1
-1
-1
-1
-1
-1
-1
-1
-1
-1
-1
-1
-1
-1
-1
-1
-1
-1
-1
-1
-1
-1
-1
-1
-1
-1
-1
-1
-1
-1
-1
-1
-1
-1
-1
-1
-1
-1
-1
-1
-1
-1
-1
-1
-1
-1
-1
-1
-1
-1
-1
-1
-1
-1
-1
-1
-1
-1
-1
-1
-1
-1
-1
-1
-1
-1
-1
-1
-1
-1
-1
-1
-1
-1
-1
-1
-1
-1
-1
-1
-1
-1
-1
-1
-1
-1
-1
-1
-1
-1
-1
-1
-1
-1
-1
-1
-1
-1
-1
-1
-1
-1
-1
-1
-1
-1
-1
-1
-1
-1
-1
-1
-1
-1
-1
-1
-1
-1
-1
-1
-1
-1
-1
-1
-1
-1
-1
-1
-1
-1
-1
-1
-1
-1
-1
-1
-1
-1
-1
-1
-1
-1
-1
-1
-1
-1
-1
-1
-1
-1
-1
-1
-1
-1
-1
-1
-1
-1
-1
-1
-1
-1
-1
-1
-1
-1
-1
-1
-1
-1
-1
-1
-1
-1
-1
-1
-1
-1
-1
-1
-1
-1
-1
-1
-1
-1
-1
-1
-1
-1
-1
-1
-1
-1
-1
-1
-1
-1
-1
-1
-1
-1
-1
-1
-1
-1
-1
-1
-1
-1
-1
-1
-1
-1
-1
-1
-1
-1
-1
-1
-1
-1
-1
-1
-1
-1
-1
-1
-1
-1
-1
-1
-1
-1
-1
-1
-1
-1
-1
-1
-1
-1
-1
-1
-1
-1
-1
-1
-1
-1
-1
-1
-1
-1
-1
-1
-1
-1
-1
-1
-1
-1
-1
-1
-1
-1
-1
-1
-1
-1
-1
-1
-1
-1
-1
-1
-1
-1
-1
-1
-1
-1
-1
-1
-1
-1
-1
-1
-1
-1
-1
-1
-1
-1
-1
-1
-1
-1
-1
-1
-1
-1
-1
-1
-1
-1
-1
-1
-1
-1
-1
-1
-1
-1
-1
-1
-1
-1
-1
-1
-1
-1
-1
-1
-1
-1
-1
-1
-1
-1
-1
-1
-1
-1
-1
-1
-1
-1
-1
-1
-1
-1
-1
-1
-1
-1
-1
-1
-1
-1
-1
-1
-1
-1
-1
-1
-1
-1
-1
-1
-1
-1
-1
-1
-1
-1
-1
-1
-1
-1
-1
-1
-1
-1
-1
-1
-1
-1
-1
-1
-1
-1
-1
-1
-1
-1
-1
-1
-1
-1
-1
-1
-1
-1
-1
-1
-1
-1
-1
-1
-1
-1
-1
-1
-1
-1
-1
-1
-1
-1
-1
-1
-1
-1
-1
-1
-1
-1
-1
-1
-1
-1
-1
-1
-1
-1
-1
-1
-1
-1
-1
-1
-1
-1
-1
-1
-1
-1
-1
-1
-1
-1
-1
-1
-1
-1
-1
-1
-1
-1
-1
-1
-1
-1
-1
-1
-1
-1
-1
-1
-1
-1
-1
-1
-1
-1
-1
-1
-1
-1
-1
-1
-1
-1
-1
-1
-1
-1
-1
-1
-1
-1
-1
-1
-1
-1
-1
-1
-1
-1
-1
-1
-1
-1
-1
-1
-1
-1
-1
-1
-1
-1
-1
-1
-1
-1
-1
-1
-1
-1
-1
-1
-1
-1
-1
-1
-1
-1
-1
-1
-1
-1
-1
-1
-1
-1
-1
-1
-1
-1
-1
-1
-1
-1
-1
-1
-1
-1
-1
-1
-1
-1
-1
-1
-1
-1
-1
-1
-1
-1
-1
-1
-1
-1
-1
-1
-1
-1
-1
-1
-1
-1
-1
-1
-1
-1
-1
-1
-1
-1
-1
-1
-1
-1
-1
-1
-1
-1
-1
-1
-1
-1
-1
-1
-1
-1
-1
-1
-1
-1
-1
-1
-1
-1
-1
-1
-1
-1
-1
-1
-1
-1
-1
-1
-1
-1
-1
-1
-1
-1
-1
-1
-1
-1
-1
-1
-1
-1
-1
-1
-1
-1
-1
-1
-1
-1
-1
-1
-1
-1
-1
-1
-1
-1
-1
-1
-1
-1
-1
-1
-1
-1
-1
-1
-1
-1
-1
-1
-1
-1
-1
-1
-1
-1
-1
-1
-1
-1
-1
-1
-1
-1
-1
-1
-1
-1
-1
-1
-1
-1
-1
-1
-1
-1
-1
-1
-1
-1
-1
-1
-1
-1
-1
-1
-1
-1
-1
-1
-1
-1
-1
-1
-1
-1
-1
-1
-1
-1
-1
-1
-1
-1
-1
-1
-1
-1
-1
-1
-1
-1
-1
-1
-1
-1
-1
-1
-1
-1
-1
-1
-1
-1
-1
-1
-1
-1
-1
-1
-1
-1
-1
-1
-1
-1
-1
-1
-1
-1
-1
-1
-1
-1
-1
-1
-1
-1
-1
-1
-1
-1
-1
-1
-1
-1
-1
-1
-1
-1
-1
-1
-1
-1
-1
-1
-1
-1
-1
-1
-1
-1
-1
-1
-1
-1
-1
-1
-1
-1
-1
-1
-1
-1
-1
-1
-1
-1
-1
-1
-1
-1
-1
-1
-1
-1
-1
-1
-1
-1
-1
-1
-1
-1
-1
-1
-1
-1
-1
-1
-1
-1
-1
-1
-1
-1
-1
-1
-1
-1
-1
-1
-1
-1
-1
-1
-1
-1
-1
-1
-1
-1
-1
-1
-1
-1
-1
-1
-1
-1
-1
-1
-1
-1
-1
-1
-1
-1
-1
-1
-1
-1
-1
-1
-1
-1
-1
-1
-1
-1
-1
-1
-1
-1
-1
-1
-1
-1
-1
-1
-1
-1
-1
-1
-1
-1
-1
-1
-1
-1
-1
-1
-1
-1
-1
-1
-1
-1
-1
-1
-1
-1
-1
-1
-1
-1
-1
-1
-1
-1
-1
-1
-1
-1
-1
-1
-1
-1
-1
-1
-1
-1
-1
-1
-1
-1
-1
-1
-1
-1
-1
-1
-1
-1
-1
-1
-1
-1
-1
-1
-1
-1
-1
-1
-1
-1
-1
-1
-1
-1
-1
-1
-1
-1
-1
-1
-1
-1
-1
-1
-1
-1
-1
-1
-1
-1
-1
-1
-1
-1
-1
-1
-1
-1
-1
-1
-1
-1
-1
-1
-1
-1
-1
-1
-1
-1
-1
-1
-1
-1
-1
-1
-1
-1
-1
-1
-1
-1
-1
-1
-1
-1
-1
-1
-1
-1
-1
-1
-1
-1
-1
-1
-1
-1
-1
-1
-1
-1
-1
-1
-1
-1
-1
-1
-1
-1
-1
-1
-1
-1
-1
-1
-1
-1
-1
-1
-1
-1
-1
-1
-1
-1
-1
-1
-1
-1
-1
-1
-1
-1
-1
-1
-1
-1
-1
-1
-1
-1
-1
-1
-1
-1
-1
-1
-1
-1
-1
-1
-1
-1
-1
-1
-1
-1
-1
-1
-1
-1
-1
-1
-1
-1
-1
-1
-1
-1
-1
-1
-1
-1
-1
-1
-1
-1
-1
-1
-1
-1
-1
-1
-1
-1
-1
-1
-1
-1
-1
-1
-1
-1
-1
-1
-1
-1
-1
-1
-1
-1
-1
-1
-1
-1
-1
-1
-1
-1
-1
-1
-1
-1
-1
-1
-1
-1
-1
-1
-1
-1
-1
-1
-1
-1
-1
-1
-1
-1
-1
-1
-1
-1
-1
-1
-1
-1
-1
-1
-1
-1
-1
-1
-1
-1
-1
-1
-1
-1
-1
-1
-1
-1
-1
-1
-1
-1
-1
-1
-1
-1
-1
-1
-1
-1
-1
-1
-1
-1
-1
-1
-1
-1
-1
-1
-1
-1
-1
-1
-1
-1
-1
-1
-1
-1
-1
-1
-1
-1
-1
-1
-1
-1
-1
-1
-1
-1
-1
-1
-1
-1
-1
-1
-1
-1
-1
-1
-1
-1
-1
-1
-1
-1
-1
-1
-1
-1
-1
-1
-1
-1
-1
-1
-1
-1
-1
-1
-1
-1
-1
-1
-1
-1
-1
-1
-1
-1
-1
-1
-1
-1
-1
-1
-1
-1
-1
-1
-1
-1
-1
-1
-1
-1
-1
-1
-1
-1
-1
-1
-1
-1
-1
-1
-1
-1
-1
-1
-1
-1
-1
-1
-1
-1
-1
-1
-1
-1
-1
-1
-1
-1
-1
-1
-1
-1
-1
-1
-1
-1
-1
-1
-1
-1
-1
-1
-1
-1
-1
-1
-1
-1
-1
-1
-1
-1
-1
-1
-1
-1
-1
-1
-1
-1
-1
-1
-1
-1
-1
-1
-1
-1
-1
-1
-1
-1
-1
-1
-1
-1
-1
-1
-1
-1
-1
-1
-1
-1
-1
-1
-1
-1
-1
-1
-1
-1
-1
-1
-1
-1
-1
-1
-1
-1
-1
-1
-1
-1
-1
-1
-1
-1
-1
-1
-1
-1
-1
-1
-1
-1
-1
-1
-1
-1
-1
-1
-1
-1
-1
-1
-1
-1
-1
-1
-1
-1
-1
-1
-1
-1
-1
-1
-1
-1
-1
-1
-1
-1
-1
-1
-1
-1
-1
-1
-1
-1
-1
-1
-1
-1
-1
-1
-1
-1
-1
-1
-1
-1
-1
-1
-1
-1
-1
-1
-1
-1
-1
-1
-1
-1
-1
-1
-1
-1
-1
-1
-1
-1
-1
-1
-1
-1
-1
-1
-1
-1
-1
-1
-1
-1
-1
-1
-1
-1
-1
-1
-1
-1
-1
-1
-1
-1
-1
-1
-1
-1
-1
-1
-1
-1
-1
-1
-1
-1
-1
-1
-1
-1
-1
-1
-1
-1
-1
-1
-1
-1
-1
-1
-1
-1
-1
-1
-1
-1
-1
-1
-1
-1
-1
-1
-1
-1
-1
-1
-1
-1
-1
-1
-1
-1
-1
-1
-1
-1
-1
-1
-1
-1
-1
-1
-1
-1
-1
-1
-1
-1
-1
-1
-1
-1
-1
-1
-1
-1
-1
-1
-1
-1
-1
-1
-1
-1
-1
-1
-1
-1
-1
-1
-1
-1
-1
-1
-1
-1
-1
-1
-1
-1
-1
-1
-1
-1
-1
-1
-1
-1
-1
-1
-1
-1
-1
-1
-1
-1
-1
-1
-1
-1
-1
-1
-1
-1
-1
-1
-1
-1
-1
-1
-1
-1
-1
-1
-1
-1
-1
-1
-1
-1
-1
-1
-1
-1
-1
-1
-1
-1
-1
-1
-1
-1
-1
-1
-1
-1
-1
-1
-1
-1
-1
-1
-1
-1
-1
-1
-1
-1
-1
-1
-1
-1
-1
-1
-1
-1
-1
-1
-1
-1
-1
-1
-1
-1
-1
-1
-1
-1
-1
-1
-1
-1
-1
-1
-1
-1
-1
-1
-1
-1
-1
-1
-1
-1
-1
-1
-1
-1
-1
-1
-1
-1
-1
-1
-1
-1
-1
-1
-1
-1
-1
-1
-1
-1
-1
-1
-1
-1
-1
-1
-1
-1
-1
-1
-1
-1
-1
-1
-1
-1
-1
-1
-1
-1
-1
-1
-1
-1
-1
-1
-1
-1
-1
-1
-1
-1
-1
-1
-1
-1
-1
-1
-1
-1
-1
-1
-1
-1
-1
-1
-1
-1
-1
-1
-1
-1
-1
-1
-1
-1
-1
-1
-1
-1
-1
-1
-1
-1
-1
-1
-1
-1
-1
-1
-1
-1
-1
-1
-1
-1
-1
-1
-1
-1
-1
-1
-1
-1
-1
-1
-1
-1
-1
-1
-1
-1
-1
-1
-1
-1
-1
-1
-1
-1
-1
-1
-1
-1
-1
-1
-1
-1
-1
-1
-1
-1
-1
-1
-1
-1
-1
-1
-1
-1
-1
-1
-1
-1
-1
-1
-1
-1
-1
-1
-1
-1
-1
-1
-1
-1
-1
-1
-1
-1
-1
-1
-1
-1
-1
-1
-1
-1
-1
-1
-1
-1
-1
-1
-1
-1
-1
-1
-1
-1
-1
-1
-1
-1
-1
-1
-1
-1
-1
-1
-1
-1
-1
-1
-1
-1
-1
-1
-1
-1
-1
-1
-1
-1
-1
-1
-1
-1
-1
-1
-1
-1
-1
-1
-1
-1
-1
-1
-1
-1
-1
-1
-1
-1
-1
-1
-1
-1
-1
-1
-1
-1
-1
-1
-1
-1
-1
-1
-1
-1
-1
-1
-1
-1
-1
-1
-1
-1
-1
-1
-1
-1
-1
-1
-1
-1
-1
-1
-1
-1
-1
-1
-1
-1
-1
-1
-1
-1
-1
-1
-1
-1
-1
-1
-1
-1
-1
-1
-1
-1
-1
-1
-1
-1
-1
-1
-1
-1
-1
-1
-1
-1
-1
-1
-1
-1
-1
-1
-1
-1
-1
-1
-1
-1
-1
-1
-1
-1
-1
-1
-1
-1
-1
-1
-1
-1
-1
-1
-1
-1
-1
-1
-1
-1
-1
-1
-1
-1
-1
-1
-1
-1
-1
-1
-1
-1
-1
-1
-1
-1
-1
-1
-1
-1
-1
-1
-1
-1
-1
-1
-1
-1
-1
-1
-1
-1
-1
-1
-1
-1
-1
-1
-1
-1
-1
-1
-1
-1
-1
-1
-1
-1
-1
-1
-1
-1
-1
-1
-1
-1
-1
-1
-1
-1
-1
-1
-1
-1
-1
-1
-1
-1
-1
-1
-1
-1
-1
-1
-1
-1
-1
-1
-1
-1
-1
-1
-1
-1
-1
-1
-1
-1
-1
-1
-1
-1
-1
-1
-1
-1
-1
-1
-1
-1
-1
-1
-1
-1
-1
-1
-1
-1
-1
-1
-1
-1
-1
-1
-1
-1
-1
-1
-1
-1
-1
-1
-1
-1
-1
-1
-1
-1
-1
-1
-1
-1
-1
-1
-1
-1
-1
-1
-1
-1
-1
-1
-1
-1
-1
-1
-1
-1
-1
-1
-1
-1
-1
-1
-1
-1
-1
-1
-1
-1
-1
-1
-1
-1
-1
-1
-1
-1
-1
-1
-1
-1
-1
-1
-1
-1
-1
-1
-1
-1
-1
-1
-1
-1
-1
-1
-1
-1
-1
-1
-1
-1
-1
-1
-1
-1
-1
-1
-1
-1
-1
-1
-1
-1
-1
-1
-1
-1
-1
-1
-1
-1
-1
-1
-1
-1
-1
-1
-1
-1
-1
-1
-1
-1
-1
-1
-1
-1
-1
-1
-1
-1
-1
-1
-1
-1
-1
-1
-1
-1
-1
-1
-1
-1
-1
-1
-1
-1
-1
-1
-1
-1
-1
-1
-1
-1
-1
-1
-1
-1
-1
-1
-1
-1
-1
-1
-1
-1
-1
-1
-1
-1
-1
-1
-1
-1
-1
-1
-1
-1
-1
-1
-1
-1
-1
-1
-1
-1
-1
-1
-1
-1
-1
-1
-1
-1
-1
-1
-1
-1
-1
-1
-1
-1
-1
-1
-1
-1
-1
-1
-1
-1
-1
-1
-1
-1
-1
-1
-1
-1
-1
-1
-1
-1
-1
-1
-1
-1
-1
-1
-1
-1
-1
-1
-1
-1
-1
-1
-1
-1
-1
-1
-1
-1
-1
-1
-1
-1
-1
-1
-1
-1
-1
-1
-1
-1
-1
-1
-1
-1
-1
-1
-1
-1
-1
-1
-1
-1
-1
-1
-1
-1
-1
-1
-1
-1
-1
-1
-1
-1
-1
-1
-1
-1
-1
-1
-1
-1
-1
-1
-1
-1
-1
-1
-1
-1
-1
-1
-1
-1
-1
-1
-1
-1
-1
-1
-1
-1
-1
-1
-1
-1
-1
-1
-1
-1
-1
-1
-1
-1
-1
-1
-1
-1
-1
-1
-1
-1
-1
-1
-1
-1
-1
-1
-1
-1
-1
-1
-1
-1
-1
-1
-1
-1
-1
-1
-1
-1
-1
-1
-1
-1
-1
-1
-1
-1
-1
-1
-1
-1
-1
-1
-1
-1
-1
-1
-1
-1
-1
-1
-1
-1
-1
-1
-1
-1
-1
-1
-1
-1
-1
-1
-1
-1
-1
-1
-1
-1
-1
-1
-1
-1
-1
-1
-1
-1
-1
-1
-1
-1
-1
-1
-1
-1
-1
-1
-1
-1
-1
-1
-1
-1
-1
-1
-1
-1
-1
-1
-1
-1
-1
-1
-1
-1
-1
-1
-1
-1
-1
-1
-1
-1
-1
-1
-1
-1
-1
-1
-1
-1
-1
-1
-1
-1
-1
-1
-1
-1
-1
-1
-1
-1
-1
-1
-1
-1
-1
-1
-1
-1
-1
-1
-1
-1
-1
-1
-1
-1
-1
-1
-1
-1
-1
-1
-1
-1
-1
-1
-1
-1
-1
-1
-1
-1
-1
-1
-1
-1
-1
-1
-1
-1
-1
-1
-1
-1
-1
-1
-1
-1
-1
-1
-1
-1
-1
-1
-1
-1
-1
-1
-1
-1
-1
-1
-1
-1
-1
-1
-1
-1
-1
-1
-1
-1
-1
-1
-1
-1
-1
-1
-1
-1
-1
-1
-1
-1
-1
-1
-1
-1
-1
-1
-1
-1
-1
-1
-1
-1
-1
-1
-1
-1
-1
-1
-1
-1
-1
-1
-1
-1
-1
-1
-1
-1
-1
-1
-1
-1
-1
-1
-1
-1
-1
-1
-1
-1
-1
-1
-1
-1
-1
-1
-1
-1
-1
-1
-1
-1
-1
-1
-1
-1
-1
-1
-1
-1
-1
-1
-1
-1
-1
-1
-1
-1
-1
-1
-1
-1
-1
-1
-1
-1
-1
-1
-1
-1
-1
-1
-1
-1
-1
-1
-1
-1
-1
-1
-1
-1
-1
-1
-1
-1
-1
-1
-1
-1
-1
-1
-1
-1
-1
-1
-1
-1
-1
-1
-1
-1
-1
-1
-1
-1
-1
-1
-1
-1
-1
-1
-1
-1
-1
-1
-1
-1
-1
-1
-1
-1
-1
-1
-1
-1
-1
-1
-1
-1
-1
-1
-1
-1
-1
-1
-1
-1
-1
-1
-1
-1
-1
-1
-1
-1
-1
-1
-1
-1
-1
-1
-1
-1
-1
-1
-1
-1
-1
-1
-1
-1
-1
-1
-1
-1
-1
-1
-1
-1
-1
-1
-1
-1
-1
-1
-1
-1
-1
-1
-1
-1
-1
-1
-1
-1
-1
-1
-1
-1
-1
-1
-1
-1
-1
-1
-1
-1
-1
-1
-1
-1
-1
-1
-1
-1
-1
-1
-1
-1
-1
-1
-1
-1
-1
-1
-1
-1
-1
-1
-1
-1
-1
-1
-1
-1
-1
-1
-1
-1
-1
-1
-1
-1
-1
-1
-1
-1
-1
-1
-1
-1
-1
-1
-1
-1
-1
-1
