0.426779 	0.190451
0.425696 	0.19088
0.424605 	0.191313
0.423507 	0.19175
0.4224 	0.192189
0.421286 	0.192632
0.420164 	0.193079
0.419034 	0.193529
0.417896 	0.193982
0.41675 	0.194439
0.415596 	0.194899
0.414434 	0.195362
0.413264 	0.195829
0.412087 	0.1963
0.410901 	0.196773
0.409708 	0.19725
0.408507 	0.197731
0.407298 	0.198215
0.406081 	0.198702
0.404856 	0.199193
0.403623 	0.199687
0.402382 	0.200184
0.401133 	0.200685
0.399877 	0.201189
0.398612 	0.201697
0.377306 	0.21028
0.375908 	0.210845
0.374501 	0.211414
0.373086 	0.211986
0.371664 	0.212562
0.384182 	0.207504
0.382822 	0.208053
0.381455 	0.208604
0.38008 	0.20916
0.378697 	0.209718
0.39086 	0.204814
0.38954 	0.205345
0.388212 	0.20588
0.386877 	0.206418
0.385533 	0.206959
0.39734 	0.202208
0.39606 	0.202722
0.394771 	0.20324
0.393475 	0.203761
0.392171 	0.204286
0.365895 	0.214898
0.367349 	0.214308
0.368795 	0.213723
0.370234 	0.213141
0.364433 	0.21549
0.364433 	0.21549
0.364476 	0.215355
0.364518 	0.21522
0.364561 	0.215086
0.364604 	0.214951
0.364647 	0.214816
0.364689 	0.214681
0.364732 	0.214547
0.364775 	0.214412
0.364818 	0.214277
0.36486 	0.214142
0.364903 	0.214007
0.364946 	0.213873
0.364988 	0.213738
0.365031 	0.213603
0.365074 	0.213468
0.365117 	0.213334
0.365159 	0.213199
0.365202 	0.213064
0.365245 	0.212929
0.365288 	0.212794
0.36533 	0.21266
0.365373 	0.212525
0.365416 	0.21239
0.365459 	0.212255
0.365501 	0.212121
0.365544 	0.211986
0.365587 	0.211851
0.365629 	0.211716
0.365672 	0.211581
0.365715 	0.211447
0.365758 	0.211312
0.3658 	0.211177
0.365843 	0.211042
0.365886 	0.210908
0.365929 	0.210773
0.365971 	0.210638
0.366014 	0.210503
0.366057 	0.210368
0.366099 	0.210234
0.366142 	0.210099
0.366185 	0.209964
0.366228 	0.209829
0.36627 	0.209695
0.366313 	0.20956
0.366356 	0.209425
0.366399 	0.20929
0.366441 	0.209155
0.366484 	0.209021
0.366527 	0.208886
0.366527 	0.208886
0.366569 	0.208751
0.366612 	0.208616
0.366655 	0.208482
0.366698 	0.208347
0.36674 	0.208212
0.366783 	0.208077
0.366826 	0.207942
0.366869 	0.207808
0.366911 	0.207673
0.366954 	0.207538
0.366997 	0.207403
0.36704 	0.207269
0.367082 	0.207134
0.367125 	0.206999
0.367168 	0.206864
0.36721 	0.206729
0.367253 	0.206595
0.367296 	0.20646
0.367339 	0.206325
0.367381 	0.20619
0.367424 	0.206056
0.367467 	0.205921
0.36751 	0.205786
0.367552 	0.205651
0.367595 	0.205516
0.367638 	0.205382
0.36768 	0.205247
0.367723 	0.205112
0.367766 	0.204977
0.367809 	0.204843
0.367851 	0.204708
0.367894 	0.204573
0.367937 	0.204438
0.36798 	0.204303
0.368022 	0.204169
0.368065 	0.204034
0.368108 	0.203899
0.36815 	0.203764
0.368193 	0.20363
0.368236 	0.203495
0.368279 	0.20336
0.368321 	0.203225
0.368364 	0.20309
0.368407 	0.202956
0.36845 	0.202821
0.368492 	0.202686
0.368535 	0.202551
0.368578 	0.202417
0.368621 	0.202282
0.368621 	0.202282
0.368663 	0.202147
0.368706 	0.202012
0.368749 	0.201877
0.368791 	0.201743
0.368834 	0.201608
0.368877 	0.201473
0.36892 	0.201338
0.368962 	0.201204
0.369005 	0.201069
0.369048 	0.200934
0.369091 	0.200799
0.369133 	0.200664
0.369176 	0.20053
0.369219 	0.200395
0.369261 	0.20026
0.369304 	0.200125
0.369347 	0.199991
0.36939 	0.199856
0.369432 	0.199721
0.369475 	0.199586
0.369518 	0.199451
0.369561 	0.199317
0.369603 	0.199182
0.369646 	0.199047
0.369689 	0.198912
0.369731 	0.198778
0.369774 	0.198643
0.369817 	0.198508
0.36986 	0.198373
0.369902 	0.198238
0.369945 	0.198104
0.369988 	0.197969
0.370031 	0.197834
0.370073 	0.197699
0.370116 	0.197565
0.370159 	0.19743
0.370201 	0.197295
0.370244 	0.19716
0.370287 	0.197025
0.37033 	0.196891
0.370372 	0.196756
0.370415 	0.196621
0.370458 	0.196486
0.370501 	0.196352
0.370543 	0.196217
0.370586 	0.196082
0.370629 	0.195947
0.370672 	0.195812
0.370714 	0.195678
0.370714 	0.195678
0.370757 	0.195543
0.3708 	0.195408
0.370842 	0.195273
0.370885 	0.195139
0.370928 	0.195004
0.370971 	0.194869
0.371013 	0.194734
0.371056 	0.194599
0.371099 	0.194465
0.371142 	0.19433
0.371184 	0.194195
0.371227 	0.19406
0.37127 	0.193926
0.371312 	0.193791
0.371355 	0.193656
0.371398 	0.193521
0.371441 	0.193386
0.371483 	0.193252
0.371526 	0.193117
0.371569 	0.192982
0.371612 	0.192847
0.371654 	0.192713
0.371697 	0.192578
0.37174 	0.192443
0.371782 	0.192308
0.371825 	0.192173
0.371868 	0.192039
0.371911 	0.191904
0.371953 	0.191769
0.371996 	0.191634
0.372039 	0.1915
0.372082 	0.191365
0.372124 	0.19123
0.372167 	0.191095
0.37221 	0.19096
0.372253 	0.190826
0.372295 	0.190691
0.372338 	0.190556
0.372381 	0.190421
0.372423 	0.190287
0.372466 	0.190152
0.372509 	0.190017
0.372552 	0.189882
0.372594 	0.189747
0.372637 	0.189613
0.37268 	0.189478
0.372723 	0.189343
0.372765 	0.189208
0.372808 	0.189074
0.372808 	0.189074
0.372851 	0.188939
0.372893 	0.188804
0.372936 	0.188669
0.372979 	0.188534
0.373022 	0.1884
0.373064 	0.188265
0.373107 	0.18813
0.37315 	0.187995
0.373193 	0.18786
0.373235 	0.187726
0.373278 	0.187591
0.373321 	0.187456
0.373363 	0.187321
0.373406 	0.187187
0.373449 	0.187052
0.373492 	0.186917
0.373534 	0.186782
0.373577 	0.186647
0.37362 	0.186513
0.373663 	0.186378
0.373705 	0.186243
0.373748 	0.186108
0.373791 	0.185974
0.373834 	0.185839
0.373876 	0.185704
0.373919 	0.185569
0.373962 	0.185434
0.374004 	0.1853
0.374047 	0.185165
0.37409 	0.18503
0.374133 	0.184895
0.374175 	0.184761
0.374218 	0.184626
0.374261 	0.184491
0.374304 	0.184356
0.374346 	0.184221
0.374389 	0.184087
0.374432 	0.183952
0.374474 	0.183817
0.374517 	0.183682
0.37456 	0.183548
0.374603 	0.183413
0.374645 	0.183278
0.374688 	0.183143
0.374731 	0.183008
0.374774 	0.182874
0.374816 	0.182739
0.374859 	0.182604
0.374902 	0.182469
0.374902 	0.182469
0.374944 	0.182335
0.374987 	0.1822
0.37503 	0.182065
0.375073 	0.18193
0.375115 	0.181795
0.375158 	0.181661
0.375201 	0.181526
0.375244 	0.181391
0.375286 	0.181256
0.375329 	0.181122
0.375372 	0.180987
0.375415 	0.180852
0.375457 	0.180717
0.3755 	0.180582
0.375543 	0.180448
0.375585 	0.180313
0.375628 	0.180178
0.375671 	0.180043
0.375714 	0.179909
0.375756 	0.179774
0.375799 	0.179639
0.375842 	0.179504
0.375885 	0.179369
0.375927 	0.179235
0.37597 	0.1791
0.376013 	0.178965
0.376055 	0.17883
0.376098 	0.178696
0.376141 	0.178561
0.376184 	0.178426
0.376226 	0.178291
0.376269 	0.178156
0.376312 	0.178022
0.376355 	0.177887
0.376397 	0.177752
0.37644 	0.177617
0.376483 	0.177483
0.376525 	0.177348
0.376568 	0.177213
0.376611 	0.177078
0.376654 	0.176943
0.376696 	0.176809
0.376739 	0.176674
0.376782 	0.176539
0.376825 	0.176404
0.376867 	0.17627
0.37691 	0.176135
0.376953 	0.176
0.376996 	0.175865
0.376996 	0.175865
0.377038 	0.17573
0.377081 	0.175596
0.377124 	0.175461
0.377166 	0.175326
0.377209 	0.175191
0.377252 	0.175057
0.377295 	0.174922
0.377337 	0.174787
0.37738 	0.174652
0.377423 	0.174517
0.377466 	0.174383
0.377508 	0.174248
0.377551 	0.174113
0.377594 	0.173978
0.377636 	0.173844
0.377679 	0.173709
0.377722 	0.173574
0.377765 	0.173439
0.377807 	0.173304
0.37785 	0.17317
0.377893 	0.173035
0.377936 	0.1729
0.377978 	0.172765
0.378021 	0.172631
0.378064 	0.172496
0.378106 	0.172361
0.378149 	0.172226
0.378192 	0.172091
0.378235 	0.171957
0.378277 	0.171822
0.37832 	0.171687
0.378363 	0.171552
0.378406 	0.171418
0.378448 	0.171283
0.378491 	0.171148
0.378534 	0.171013
0.378576 	0.170878
0.378619 	0.170744
0.378662 	0.170609
0.378705 	0.170474
0.378747 	0.170339
0.37879 	0.170205
0.378833 	0.17007
0.378876 	0.169935
0.378918 	0.1698
0.378961 	0.169665
0.379004 	0.169531
0.379047 	0.169396
0.379089 	0.169261
0.379089 	0.169261
0.379132 	0.169126
0.379175 	0.168992
0.379217 	0.168857
0.37926 	0.168722
0.379303 	0.168587
0.379346 	0.168452
0.379388 	0.168318
0.379431 	0.168183
0.379474 	0.168048
0.379517 	0.167913
0.379559 	0.167779
0.379602 	0.167644
0.379645 	0.167509
0.379687 	0.167374
0.37973 	0.167239
0.379773 	0.167105
0.379816 	0.16697
0.379858 	0.166835
0.379901 	0.1667
0.379944 	0.166566
0.379987 	0.166431
0.380029 	0.166296
0.380072 	0.166161
0.380115 	0.166026
0.380157 	0.165892
0.3802 	0.165757
0.380243 	0.165622
0.380286 	0.165487
0.380328 	0.165353
0.380371 	0.165218
0.380414 	0.165083
0.380457 	0.164948
0.380499 	0.164813
0.380542 	0.164679
0.380585 	0.164544
0.380628 	0.164409
0.38067 	0.164274
0.380713 	0.16414
0.380756 	0.164005
0.380798 	0.16387
0.380841 	0.163735
0.380884 	0.1636
0.380927 	0.163466
0.380969 	0.163331
0.381012 	0.163196
0.381055 	0.163061
0.381098 	0.162927
0.38114 	0.162792
0.381183 	0.162657
0.381183 	0.162657
0.381031 	0.162677
0.380879 	0.162696
0.380727 	0.162715
0.380575 	0.162735
0.380423 	0.162754
0.380271 	0.162774
0.380119 	0.162794
0.379967 	0.162813
0.379815 	0.162832
0.379663 	0.162852
0.379511 	0.162872
0.379359 	0.162891
0.379207 	0.16291
0.379055 	0.16293
0.378903 	0.162949
0.378751 	0.162969
0.378599 	0.162989
0.378447 	0.163008
0.378295 	0.163027
0.378143 	0.163047
0.377991 	0.163067
0.377839 	0.163086
0.377687 	0.163105
0.377535 	0.163125
0.377383 	0.163144
0.377231 	0.163164
0.377079 	0.163183
0.376927 	0.163203
0.376775 	0.163222
0.376623 	0.163242
0.376471 	0.163262
0.376319 	0.163281
0.376168 	0.1633
0.376016 	0.16332
0.375864 	0.163339
0.375712 	0.163359
0.37556 	0.163378
0.375408 	0.163398
0.375256 	0.163417
0.375104 	0.163437
0.374952 	0.163457
0.3748 	0.163476
0.374648 	0.163495
0.374496 	0.163515
0.374344 	0.163534
0.374192 	0.163554
0.37404 	0.163573
0.373888 	0.163593
0.373736 	0.163612
0.373736 	0.163612
0.373584 	0.163632
0.373432 	0.163652
0.37328 	0.163671
0.373128 	0.16369
0.372976 	0.16371
0.372824 	0.16373
0.372672 	0.163749
0.37252 	0.163768
0.372368 	0.163788
0.372216 	0.163807
0.372064 	0.163827
0.371912 	0.163847
0.37176 	0.163866
0.371608 	0.163885
0.371456 	0.163905
0.371304 	0.163925
0.371152 	0.163944
0.371 	0.163963
0.370848 	0.163983
0.370696 	0.164002
0.370544 	0.164022
0.370392 	0.164042
0.37024 	0.164061
0.370088 	0.16408
0.369936 	0.1641
0.369784 	0.16412
0.369632 	0.164139
0.36948 	0.164158
0.369328 	0.164178
0.369176 	0.164197
0.369024 	0.164217
0.368872 	0.164236
0.36872 	0.164256
0.368568 	0.164275
0.368416 	0.164295
0.368264 	0.164315
0.368112 	0.164334
0.36796 	0.164353
0.367808 	0.164373
0.367656 	0.164392
0.367504 	0.164412
0.367352 	0.164431
0.3672 	0.164451
0.367048 	0.16447
0.366896 	0.16449
0.366744 	0.16451
0.366592 	0.164529
0.36644 	0.164548
0.366289 	0.164568
0.366289 	0.164568
0.366137 	0.164587
0.365985 	0.164607
0.365833 	0.164626
0.365681 	0.164646
0.365529 	0.164665
0.365377 	0.164685
0.365225 	0.164705
0.365073 	0.164724
0.364921 	0.164743
0.364769 	0.164763
0.364617 	0.164782
0.364465 	0.164802
0.364313 	0.164821
0.364161 	0.164841
0.364009 	0.16486
0.363857 	0.16488
0.363705 	0.1649
0.363553 	0.164919
0.363401 	0.164938
0.363249 	0.164958
0.363097 	0.164977
0.362945 	0.164997
0.362793 	0.165016
0.362641 	0.165036
0.362489 	0.165055
0.362337 	0.165075
0.362185 	0.165094
0.362033 	0.165114
0.361881 	0.165133
0.361729 	0.165153
0.361577 	0.165172
0.361425 	0.165192
0.361273 	0.165211
0.361121 	0.165231
0.360969 	0.16525
0.360817 	0.16527
0.360665 	0.165289
0.360513 	0.165309
0.360361 	0.165328
0.360209 	0.165348
0.360057 	0.165368
0.359905 	0.165387
0.359753 	0.165406
0.359601 	0.165426
0.359449 	0.165445
0.359297 	0.165465
0.359145 	0.165484
0.358993 	0.165504
0.358841 	0.165523
0.358841 	0.165523
0.358689 	0.165543
0.358537 	0.165563
0.358385 	0.165582
0.358233 	0.165601
0.358081 	0.165621
0.357929 	0.16564
0.357777 	0.16566
0.357625 	0.165679
0.357473 	0.165699
0.357321 	0.165718
0.357169 	0.165738
0.357017 	0.165758
0.356865 	0.165777
0.356713 	0.165796
0.356561 	0.165816
0.356409 	0.165835
0.356258 	0.165855
0.356106 	0.165874
0.355954 	0.165894
0.355802 	0.165913
0.35565 	0.165933
0.355498 	0.165953
0.355346 	0.165972
0.355194 	0.165991
0.355042 	0.166011
0.35489 	0.16603
0.354738 	0.16605
0.354586 	0.166069
0.354434 	0.166089
0.354282 	0.166108
0.35413 	0.166128
0.353978 	0.166147
0.353826 	0.166167
0.353674 	0.166186
0.353522 	0.166206
0.35337 	0.166225
0.353218 	0.166245
0.353066 	0.166264
0.352914 	0.166284
0.352762 	0.166303
0.35261 	0.166323
0.352458 	0.166342
0.352306 	0.166362
0.352154 	0.166381
0.352002 	0.166401
0.35185 	0.16642
0.351698 	0.16644
0.351546 	0.166459
0.351394 	0.166479
0.351394 	0.166479
0.351242 	0.166498
0.35109 	0.166518
0.350938 	0.166537
0.350786 	0.166557
0.350634 	0.166576
0.350482 	0.166596
0.35033 	0.166615
0.350178 	0.166635
0.350026 	0.166654
0.349874 	0.166674
0.349722 	0.166693
0.34957 	0.166713
0.349418 	0.166732
0.349266 	0.166752
0.349114 	0.166771
0.348962 	0.166791
0.34881 	0.166811
0.348658 	0.16683
0.348506 	0.166849
0.348354 	0.166869
0.348202 	0.166888
0.34805 	0.166908
0.347898 	0.166927
0.347746 	0.166947
0.347594 	0.166966
0.347442 	0.166986
0.34729 	0.167005
0.347138 	0.167025
0.346986 	0.167044
0.346834 	0.167064
0.346682 	0.167083
0.34653 	0.167103
0.346379 	0.167122
0.346227 	0.167142
0.346075 	0.167161
0.345923 	0.167181
0.345771 	0.1672
0.345619 	0.16722
0.345467 	0.167239
0.345315 	0.167259
0.345163 	0.167278
0.345011 	0.167298
0.344859 	0.167317
0.344707 	0.167337
0.344555 	0.167356
0.344403 	0.167376
0.344251 	0.167395
0.344099 	0.167415
0.343947 	0.167434
0.343947 	0.167434
0.343795 	0.167454
0.343643 	0.167473
0.343491 	0.167493
0.343339 	0.167512
0.343187 	0.167532
0.343035 	0.167551
0.342883 	0.167571
0.342731 	0.16759
0.342579 	0.16761
0.342427 	0.167629
0.342275 	0.167649
0.342123 	0.167668
0.341971 	0.167688
0.341819 	0.167707
0.341667 	0.167727
0.341515 	0.167746
0.341363 	0.167766
0.341211 	0.167785
0.341059 	0.167805
0.340907 	0.167824
0.340755 	0.167844
0.340603 	0.167863
0.340451 	0.167883
0.340299 	0.167902
0.340147 	0.167922
0.339995 	0.167941
0.339843 	0.167961
0.339691 	0.16798
0.339539 	0.168
0.339387 	0.168019
0.339235 	0.168039
0.339083 	0.168058
0.338931 	0.168078
0.338779 	0.168097
0.338627 	0.168117
0.338475 	0.168136
0.338323 	0.168156
0.338171 	0.168175
0.338019 	0.168195
0.337867 	0.168214
0.337715 	0.168234
0.337563 	0.168253
0.337411 	0.168273
0.337259 	0.168292
0.337107 	0.168312
0.336955 	0.168331
0.336803 	0.168351
0.336651 	0.16837
0.336499 	0.16839
0.336499 	0.16839
0.336348 	0.168409
0.336196 	0.168429
0.336044 	0.168448
0.335892 	0.168468
0.33574 	0.168487
0.335588 	0.168507
0.335436 	0.168526
0.335284 	0.168546
0.335132 	0.168565
0.33498 	0.168585
0.334828 	0.168604
0.334676 	0.168624
0.334524 	0.168643
0.334372 	0.168663
0.33422 	0.168682
0.334068 	0.168702
0.333916 	0.168721
0.333764 	0.168741
0.333612 	0.16876
0.33346 	0.16878
0.333308 	0.168799
0.333156 	0.168819
0.333004 	0.168838
0.332852 	0.168858
0.3327 	0.168877
0.332548 	0.168897
0.332396 	0.168916
0.332244 	0.168936
0.332092 	0.168955
0.33194 	0.168975
0.331788 	0.168994
0.331636 	0.169014
0.331484 	0.169033
0.331332 	0.169053
0.33118 	0.169072
0.331028 	0.169092
0.330876 	0.169111
0.330724 	0.169131
0.330572 	0.16915
0.33042 	0.16917
0.330268 	0.169189
0.330116 	0.169209
0.329964 	0.169228
0.329812 	0.169248
0.32966 	0.169267
0.329508 	0.169287
0.329356 	0.169306
0.329204 	0.169326
0.329052 	0.169345
0.329052 	0.169345
0.3289 	0.169365
0.328748 	0.169384
0.328596 	0.169404
0.328444 	0.169423
0.328292 	0.169443
0.32814 	0.169462
0.327988 	0.169482
0.327836 	0.169501
0.327684 	0.169521
0.327532 	0.16954
0.32738 	0.16956
0.327228 	0.169579
0.327076 	0.169599
0.326924 	0.169618
0.326772 	0.169638
0.32662 	0.169657
0.326469 	0.169677
0.326317 	0.169697
0.326165 	0.169716
0.326013 	0.169735
0.325861 	0.169755
0.325709 	0.169774
0.325557 	0.169794
0.325405 	0.169814
0.325253 	0.169833
0.325101 	0.169852
0.324949 	0.169872
0.324797 	0.169892
0.324645 	0.169911
0.324493 	0.16993
0.324341 	0.16995
0.324189 	0.169969
0.324037 	0.169989
0.323885 	0.170009
0.323733 	0.170028
0.323581 	0.170047
0.323429 	0.170067
0.323277 	0.170087
0.323125 	0.170106
0.322973 	0.170126
0.322821 	0.170145
0.322669 	0.170164
0.322517 	0.170184
0.322365 	0.170204
0.322213 	0.170223
0.322061 	0.170243
0.321909 	0.170262
0.321757 	0.170282
0.321605 	0.170301
0.321605 	0.170301
0.322266 	0.170024
0.322928 	0.169736
0.32359 	0.169437
0.324253 	0.169128
0.324917 	0.168808
0.325581 	0.168478
0.326245 	0.168137
0.326909 	0.167786
0.327574 	0.167425
0.328239 	0.167054
0.328904 	0.166673
0.329569 	0.166281
0.330233 	0.16588
0.330898 	0.165469
0.331563 	0.165048
0.332227 	0.164618
0.332891 	0.164178
0.333554 	0.163728
0.334217 	0.16327
0.334879 	0.162801
0.335541 	0.162324
0.336202 	0.161837
0.336862 	0.161341
0.337521 	0.160836
0.347895 	0.151591
0.348529 	0.150945
0.349161 	0.15029
0.34979 	0.149628
0.350418 	0.148959
0.344696 	0.154708
0.34534 	0.1541
0.345982 	0.153485
0.346621 	0.152861
0.347259 	0.15223
0.341455 	0.157621
0.342106 	0.157055
0.342756 	0.156481
0.343404 	0.155898
0.344051 	0.155307
0.338179 	0.160322
0.338837 	0.1598
0.339493 	0.159268
0.340148 	0.158728
0.340802 	0.158179
0.352903 	0.146208
0.352285 	0.146906
0.351665 	0.147598
0.351043 	0.148282
0.353517 	0.145502
0.353517 	0.145502
0.35413 	0.14479
0.354739 	0.14407
0.355345 	0.143343
0.355949 	0.14261
0.35655 	0.14187
0.357147 	0.141124
0.357742 	0.14037
0.358333 	0.139611
0.358921 	0.138845
0.359506 	0.138072
0.360087 	0.137294
0.360664 	0.136509
0.361239 	0.135718
0.361809 	0.134921
0.362376 	0.134119
0.362939 	0.13331
0.363499 	0.132496
0.364054 	0.131675
0.37283 	0.116938
0.373303 	0.116029
0.373771 	0.115115
0.374233 	0.114198
0.370887 	0.120531
0.37138 	0.11964
0.371868 	0.118744
0.372352 	0.117843
0.368865 	0.124051
0.369378 	0.123178
0.369885 	0.122301
0.370388 	0.121419
0.36677 	0.127492
0.3673 	0.12664
0.367827 	0.125782
0.368348 	0.124919
0.364605 	0.13085
0.365153 	0.130019
0.365696 	0.129182
0.366235 	0.12834
0.37469 	0.113276
0.375142 	0.11235
0.375588 	0.111421
0.376028 	0.110487
0.378144 	0.105765
0.377732 	0.106717
0.377315 	0.107665
0.376892 	0.108609
0.376463 	0.10955
0.378549 	0.104811
0.378948 	0.103853
0.378948 	0.103853
0.379341 	0.102891
0.379728 	0.101927
0.380109 	0.10096
0.380483 	0.0999893
0.380851 	0.099016
0.381212 	0.0980399
0.381566 	0.0970611
0.381914 	0.0960796
0.382255 	0.0950956
0.38259 	0.094109
0.382917 	0.09312
0.383238 	0.0921287
0.383551 	0.0911351
0.383857 	0.0901393
0.384157 	0.0891414
0.388079 	0.0719288
0.388237 	0.0709061
0.388387 	0.0698828
0.388528 	0.068859
0.387362 	0.0760115
0.387554 	0.0749922
0.387737 	0.0739719
0.387912 	0.0729507
0.386516 	0.0800778
0.386739 	0.0790631
0.386955 	0.078047
0.387163 	0.0770298
0.385543 	0.0841228
0.385798 	0.0831138
0.386045 	0.0821033
0.386284 	0.0810913
0.384449 	0.0881414
0.384733 	0.0871395
0.385011 	0.0861357
0.38528 	0.0851301
0.38866 	0.0678346
0.388784 	0.0668099
0.388899 	0.0657848
0.389005 	0.0647595
0.389102 	0.063734
0.38919 	0.0627085
0.389269 	0.0616829
0.389339 	0.0606574
0.389549 	0.0555335
0.389526 	0.0565576
0.389493 	0.057582
0.389451 	0.0586069
0.3894 	0.059632
0.389562 	0.05451
0.389562 	0.05451
0.389566 	0.0534872
0.38956 	0.052465
0.389545 	0.0514436
0.389519 	0.050423
0.389484 	0.0494033
0.389438 	0.0483847
0.389383 	0.0473671
0.389317 	0.0463507
0.389241 	0.0453355
0.389155 	0.0443216
0.389059 	0.0433091
0.388952 	0.0422981
0.388835 	0.0412886
0.388707 	0.0402807
0.388568 	0.0392745
0.388419 	0.0382702
0.388259 	0.0372676
0.388088 	0.036267
0.387906 	0.0352685
0.387713 	0.034272
0.387509 	0.0332776
0.387294 	0.0322855
0.387068 	0.0312958
0.386831 	0.0303084
0.386582 	0.0293235
0.381 	0.013966
0.380548 	0.0130351
0.380083 	0.0121082
0.379605 	0.0111851
0.379114 	0.0102662
0.383076 	0.0186756
0.382685 	0.0177266
0.382283 	0.016781
0.381868 	0.015839
0.38144 	0.0149006
0.384847 	0.0234706
0.384517 	0.0225053
0.384174 	0.021543
0.38382 	0.020584
0.383454 	0.0196281
0.386322 	0.0283412
0.38605 	0.0273615
0.385767 	0.0263845
0.385472 	0.0254103
0.385165 	0.024439
0.377023 	0.00663219
0.377565 	0.00753424
0.378095 	0.00844064
0.378611 	0.00935131
0.377023 	0.00663219
0.376913 	0.00669668
0.376803 	0.00676109
0.376693 	0.00682543
0.376583 	0.0068897
0.376472 	0.0069539
0.376362 	0.00701803
0.376252 	0.00708208
0.376142 	0.00714606
0.376032 	0.00720996
0.375922 	0.00727379
0.375812 	0.00733754
0.375701 	0.00740121
0.375591 	0.0074648
0.375481 	0.00752832
0.375371 	0.00759176
0.375261 	0.00765512
0.37515 	0.0077184
0.37504 	0.0077816
0.37493 	0.00784472
0.373497 	0.0086576
0.373387 	0.00871952
0.373277 	0.00878134
0.373167 	0.00884308
0.373938 	0.00840903
0.373828 	0.0084713
0.373718 	0.00853349
0.373608 	0.00859559
0.374379 	0.00815907
0.374269 	0.00822169
0.374159 	0.00828422
0.374048 	0.00834667
0.37482 	0.00790775
0.37471 	0.00797071
0.3746 	0.00803358
0.374489 	0.00809637
0.373056 	0.00890473
0.372946 	0.00896628
0.372836 	0.00902775
0.372725 	0.00908911
0.372615 	0.00915039
0.372505 	0.00921157
0.372395 	0.00927266
0.372284 	0.00933365
0.371733 	0.00963714
0.371843 	0.00957664
0.371954 	0.00951604
0.372064 	0.00945534
0.372174 	0.00939454
0.371623 	0.00969755
0.371623 	0.00969755
0.371512 	0.00975785
0.371402 	0.00981805
0.371292 	0.00987815
0.371181 	0.00993816
0.371071 	0.00999805
0.370961 	0.0100578
0.37085 	0.0101175
0.37074 	0.0101771
0.37063 	0.0102366
0.370519 	0.010296
0.370409 	0.0103553
0.370299 	0.0104144
0.370188 	0.0104735
0.370078 	0.0105324
0.369968 	0.0105913
0.369857 	0.01065
0.369747 	0.0107086
0.369637 	0.0107672
0.369526 	0.0108256
0.368091 	0.0115744
0.367981 	0.0116312
0.367871 	0.0116879
0.36776 	0.0117444
0.368533 	0.0113461
0.368423 	0.0114034
0.368312 	0.0114605
0.368202 	0.0115175
0.368975 	0.0111159
0.368864 	0.0111736
0.368754 	0.0112312
0.368643 	0.0112887
0.369416 	0.0108838
0.369306 	0.010942
0.369195 	0.0110001
0.369085 	0.011058
0.36765 	0.0118009
0.367539 	0.0118572
0.367429 	0.0119134
0.367319 	0.0119694
0.367208 	0.0120254
0.367098 	0.0120812
0.366987 	0.0121369
0.366877 	0.0121924
0.366325 	0.0124684
0.366435 	0.0124134
0.366546 	0.0123584
0.366656 	0.0123032
0.366766 	0.0122479
0.366214 	0.0125232
0.366214 	0.0125232
0.366104 	0.0125778
0.365993 	0.0126324
0.365883 	0.0126868
0.365773 	0.0127411
0.365662 	0.0127952
0.365552 	0.0128492
0.365441 	0.0129031
0.365331 	0.0129568
0.36522 	0.0130105
0.36511 	0.0130639
0.364999 	0.0131173
0.364889 	0.0131705
0.364778 	0.0132236
0.364668 	0.0132765
0.364558 	0.0133293
0.364447 	0.0133819
0.364337 	0.0134344
0.364226 	0.0134868
0.364116 	0.0135391
0.362679 	0.0142051
0.362569 	0.0142553
0.362458 	0.0143054
0.362348 	0.0143553
0.363121 	0.0140028
0.363011 	0.0140536
0.3629 	0.0141042
0.36279 	0.0141547
0.363563 	0.0137981
0.363453 	0.0138495
0.363342 	0.0139007
0.363232 	0.0139518
0.364005 	0.0135912
0.363895 	0.0136431
0.363784 	0.0136949
0.363674 	0.0137466
0.362237 	0.014405
0.362127 	0.0144546
0.362016 	0.0145041
0.361906 	0.0145534
0.361795 	0.0146025
0.361685 	0.0146515
0.361574 	0.0147004
0.361464 	0.0147491
0.360911 	0.0149901
0.361022 	0.0149422
0.361132 	0.0148942
0.361243 	0.014846
0.361353 	0.0147976
0.360801 	0.0150379
0.360801 	0.0150379
0.36069 	0.0150855
0.36058 	0.0151329
0.360469 	0.0151802
0.360359 	0.0152273
0.360248 	0.0152742
0.360138 	0.015321
0.360027 	0.0153676
0.359917 	0.0154141
0.359806 	0.0154604
0.359696 	0.0155065
0.359585 	0.0155524
0.359474 	0.0155982
0.359364 	0.0156439
0.359253 	0.0156893
0.359143 	0.0157346
0.359032 	0.0157797
0.358922 	0.0158247
0.358811 	0.0158695
0.358701 	0.0159141
0.357264 	0.0164784
0.357153 	0.0165206
0.357043 	0.0165626
0.356932 	0.0166044
0.357706 	0.0163079
0.357595 	0.0163508
0.357485 	0.0163935
0.357374 	0.016436
0.358148 	0.0161346
0.358038 	0.0161782
0.357927 	0.0162216
0.357816 	0.0162649
0.35859 	0.0159586
0.35848 	0.0160028
0.358369 	0.0160469
0.358259 	0.0160909
0.356822 	0.016646
0.356711 	0.0166875
0.3566 	0.0167287
0.35649 	0.0167698
0.356379 	0.0168107
0.356269 	0.0168515
0.356158 	0.016892
0.356048 	0.0169324
0.355495 	0.0171314
0.355606 	0.0170919
0.355716 	0.0170523
0.355827 	0.0170125
0.355937 	0.0169725
0.355385 	0.0171706
0.355385 	0.0171706
0.355274 	0.0172096
0.355163 	0.0172485
0.355053 	0.0172872
0.354942 	0.0173257
0.354832 	0.0173639
0.354721 	0.017402
0.354611 	0.0174399
0.3545 	0.0174776
0.35439 	0.0175152
0.354279 	0.0175525
0.354169 	0.0175896
0.354058 	0.0176265
0.353947 	0.0176633
0.353837 	0.0176998
0.353726 	0.0177362
0.353616 	0.0177723
0.353505 	0.0178083
0.353395 	0.017844
0.353284 	0.0178796
0.351847 	0.0183232
0.351737 	0.0183559
0.351626 	0.0183884
0.351516 	0.0184207
0.352289 	0.0181904
0.352179 	0.0182239
0.352068 	0.0182572
0.351958 	0.0182903
0.352731 	0.0180543
0.352621 	0.0180886
0.35251 	0.0181227
0.3524 	0.0181567
0.353174 	0.0179149
0.353063 	0.01795
0.352953 	0.017985
0.352842 	0.0180197
0.351405 	0.0184527
0.351295 	0.0184846
0.351184 	0.0185162
0.351073 	0.0185477
0.350963 	0.0185789
0.350852 	0.0186099
0.350742 	0.0186407
0.350631 	0.0186712
0.350079 	0.0188209
0.350189 	0.0187914
0.3503 	0.0187617
0.35041 	0.0187317
0.350521 	0.0187016
0.349968 	0.0188502
0.349968 	0.0188502
0.349858 	0.0188792
0.349747 	0.0189081
0.349637 	0.0189367
0.349526 	0.0189651
0.349416 	0.0189933
0.349305 	0.0190212
0.349195 	0.019049
0.349084 	0.0190765
0.348974 	0.0191038
0.348863 	0.0191308
0.348753 	0.0191577
0.348642 	0.0191843
0.348532 	0.0192107
0.348421 	0.0192369
0.348311 	0.0192628
0.346432 	0.0196685
0.346322 	0.0196902
0.346211 	0.0197117
0.346101 	0.019733
0.346874 	0.0195791
0.346764 	0.0196018
0.346653 	0.0196242
0.346543 	0.0196465
0.347316 	0.0194859
0.347206 	0.0195096
0.347095 	0.019533
0.346985 	0.0195561
0.347758 	0.0193891
0.347648 	0.0194136
0.347537 	0.019438
0.347427 	0.0194621
0.3482 	0.0192885
0.34809 	0.019314
0.347979 	0.0193392
0.347869 	0.0193643
0.345991 	0.019754
0.34588 	0.0197748
0.34577 	0.0197954
0.345659 	0.0198157
0.345549 	0.0198358
0.345438 	0.0198556
0.345328 	0.0198752
0.345217 	0.0198945
0.344665 	0.0199876
0.344776 	0.0199695
0.344886 	0.0199511
0.344996 	0.0199325
0.345107 	0.0199136
0.344555 	0.0200054
0.344555 	0.0200054
0.344444 	0.0200231
0.344334 	0.0200404
0.344223 	0.0200576
0.344113 	0.0200744
0.344003 	0.020091
0.343892 	0.0201074
0.343782 	0.0201235
0.343671 	0.0201394
0.343561 	0.020155
0.34345 	0.0201704
0.34334 	0.0201855
0.34323 	0.0202003
0.343119 	0.0202149
0.343009 	0.0202293
0.342898 	0.0202434
0.341022 	0.020443
0.340912 	0.0204523
0.340801 	0.0204614
0.340691 	0.0204702
0.341463 	0.0204028
0.341353 	0.0204133
0.341243 	0.0204234
0.341132 	0.0204333
0.341905 	0.0203585
0.341794 	0.02037
0.341684 	0.0203812
0.341574 	0.0203921
0.342346 	0.0203099
0.342236 	0.0203224
0.342126 	0.0203347
0.342015 	0.0203467
0.342788 	0.0202572
0.342678 	0.0202707
0.342567 	0.0202841
0.342457 	0.0202971
0.340581 	0.0204788
0.34047 	0.0204871
0.34036 	0.0204951
0.34025 	0.0205029
0.340139 	0.0205103
0.340029 	0.0205175
0.339919 	0.0205245
0.339808 	0.0205311
0.339257 	0.0205603
0.339367 	0.020555
0.339477 	0.0205495
0.339588 	0.0205436
0.339698 	0.0205375
0.339146 	0.0205653
0.339146 	0.0205653
0.339091 	0.0205677
0.339036 	0.02057
0.338981 	0.0205723
0.338926 	0.0205745
0.338871 	0.0205766
0.338815 	0.0205786
0.33876 	0.0205806
0.338705 	0.0205825
0.33865 	0.0205844
0.338595 	0.0205861
0.33854 	0.0205878
0.338485 	0.0205895
0.338429 	0.020591
0.338374 	0.0205925
0.338319 	0.0205939
0.337327 	0.0206073
0.337382 	0.0206072
0.337272 	0.0206074
0.337217 	0.0206074
0.337161 	0.0206073
0.337437 	0.020607
0.337106 	0.0206072
0.337602 	0.0206059
0.337547 	0.0206064
0.337492 	0.0206067
0.337823 	0.0206035
0.337768 	0.0206042
0.337713 	0.0206049
0.337658 	0.0206054
0.338044 	0.0206
0.337988 	0.020601
0.337933 	0.0206019
0.337878 	0.0206027
0.338264 	0.0205953
0.338209 	0.0205966
0.338154 	0.0205978
0.338099 	0.0205989
0.337051 	0.020607
0.336996 	0.0206067
0.336941 	0.0206063
0.336886 	0.0206058
0.336831 	0.0206053
0.33661 	0.0206026
0.336665 	0.0206034
0.336721 	0.0206041
0.336776 	0.0206048
0.336555 	0.0206017
0.3365 	0.0206007
0.336445 	0.0205997
0.336445 	0.0205997
0.33639 	0.0205986
0.336335 	0.0205975
0.33628 	0.0205962
0.336225 	0.0205949
0.336169 	0.0205935
0.336114 	0.020592
0.336059 	0.0205905
0.336004 	0.0205889
0.335949 	0.0205872
0.335894 	0.0205855
0.335839 	0.0205836
0.335784 	0.0205817
0.335729 	0.0205797
0.335674 	0.0205777
0.335619 	0.0205756
0.335563 	0.0205734
0.335508 	0.0205711
0.335453 	0.0205687
0.335398 	0.0205663
0.335343 	0.0205638
0.335288 	0.0205612
0.335233 	0.0205586
0.335178 	0.0205559
0.335123 	0.0205531
0.334242 	0.0204981
0.334186 	0.020494
0.334131 	0.0204898
0.334076 	0.0204856
0.334021 	0.0204813
0.334517 	0.0205173
0.334462 	0.0205136
0.334407 	0.0205099
0.334352 	0.020506
0.334297 	0.0205021
0.334792 	0.0205347
0.334737 	0.0205314
0.334682 	0.020528
0.334627 	0.0205245
0.334572 	0.020521
0.335068 	0.0205502
0.335013 	0.0205473
0.334957 	0.0205442
0.334902 	0.0205411
0.334847 	0.020538
0.333801 	0.0204633
0.333856 	0.0204679
0.333911 	0.0204724
0.333966 	0.0204769
0.333746 	0.0204586
0.333746 	0.0204586
0.334231 	0.019527
0.334713 	0.0185973
0.33519 	0.0176695
0.335665 	0.0167435
0.336135 	0.0158194
0.336602 	0.0148971
0.337065 	0.0139766
0.337525 	0.0130579
0.337981 	0.012141
0.338433 	0.0112258
0.338881 	0.0103123
0.339325 	0.0094006
0.339766 	0.00849054
0.340203 	0.00758217
0.340636 	0.00667545
0.347401 	-0.0085028
0.347763 	-0.0093828
0.348121 	-0.0102615
0.348475 	-0.0111389
0.345913 	-0.00496933
0.346291 	-0.00585475
0.346665 	-0.00673879
0.347035 	-0.00762147
0.34436 	-0.00141342
0.344755 	-0.00230456
0.345145 	-0.00319425
0.345531 	-0.0040825
0.342744 	0.00216609
0.343154 	0.00126894
0.34356 	0.000373314
0.343962 	-0.000520799
0.341066 	0.00577037
0.341491 	0.00486692
0.341913 	0.00396506
0.34233 	0.00306479
0.348824 	-0.012015
0.34917 	-0.0128899
0.349511 	-0.0137635
0.349848 	-0.0146359
0.350181 	-0.0155071
0.35051 	-0.0163772
0.350834 	-0.017246
0.351154 	-0.0181137
0.352691 	-0.0224358
0.352392 	-0.0215735
0.352089 	-0.0207102
0.351782 	-0.0198458
0.35147 	-0.0189803
0.352986 	-0.023297
0.352986 	-0.023297
0.353276 	-0.0241572
0.353562 	-0.0250164
0.353843 	-0.0258746
0.35412 	-0.0267319
0.354392 	-0.0275882
0.354661 	-0.0284436
0.354924 	-0.0292981
0.355184 	-0.0301517
0.355438 	-0.0310044
0.355689 	-0.0318562
0.355934 	-0.0327073
0.356176 	-0.0335575
0.356413 	-0.0344069
0.356645 	-0.0352555
0.356872 	-0.0361034
0.360031 	-0.0504182
0.360174 	-0.0512555
0.360312 	-0.0520923
0.360445 	-0.0529288
0.35941 	-0.0470646
0.359573 	-0.0479037
0.35973 	-0.0487423
0.359883 	-0.0495805
0.358714 	-0.0437029
0.358895 	-0.0445442
0.359072 	-0.0453848
0.359243 	-0.046225
0.357942 	-0.0403319
0.358142 	-0.0411756
0.358337 	-0.0420187
0.358528 	-0.0428611
0.357096 	-0.0369505
0.357314 	-0.0377969
0.357528 	-0.0386426
0.357737 	-0.0394876
0.360574 	-0.0537649
0.360697 	-0.0546006
0.360816 	-0.055436
0.360929 	-0.056271
0.361038 	-0.0571057
0.361142 	-0.0579402
0.361241 	-0.0587744
0.361335 	-0.0596083
0.361729 	-0.0637749
0.36166 	-0.0629419
0.361586 	-0.0621088
0.361507 	-0.0612755
0.361424 	-0.060442
0.361792 	-0.0646077
0.361792 	-0.0646077
0.361851 	-0.0654404
0.361904 	-0.066273
0.361953 	-0.0671055
0.361996 	-0.067938
0.362034 	-0.0687703
0.362067 	-0.0696027
0.362094 	-0.070435
0.362117 	-0.0712674
0.362146 	-0.0729322
0.362153 	-0.0737646
0.362134 	-0.0720997
0.362154 	-0.0745972
0.36215 	-0.0754298
0.362141 	-0.0762626
0.362127 	-0.0770955
0.362107 	-0.0779285
0.362082 	-0.0787617
0.362052 	-0.0795951
0.362016 	-0.0804287
0.361975 	-0.0812626
0.361929 	-0.0820967
0.361877 	-0.082931
0.361819 	-0.0837656
0.361757 	-0.0846005
0.361688 	-0.0854357
0.360573 	-0.0946493
0.360439 	-0.0954898
0.360298 	-0.0963308
0.360152 	-0.0971723
0.36 	-0.0980145
0.361164 	-0.0904548
0.361057 	-0.0912927
0.360944 	-0.0921311
0.360826 	-0.09297
0.360703 	-0.0938094
0.361615 	-0.0862713
0.361536 	-0.0871072
0.361451 	-0.0879435
0.361361 	-0.0887802
0.361265 	-0.0896173
0.359842 	-0.0988572
0.359679 	-0.0997006
0.35951 	-0.100545
0.359335 	-0.101389
0.359154 	-0.102235
0.358374 	-0.105623
0.358578 	-0.104775
0.358776 	-0.103928
0.358968 	-0.103081
0.358374 	-0.105623
0.358165 	-0.106472
0.357949 	-0.107322
0.357728 	-0.108173
0.357501 	-0.109024
0.357268 	-0.109877
0.357028 	-0.11073
0.356784 	-0.111584
0.356533 	-0.112439
0.356276 	-0.113295
0.356013 	-0.114152
0.355744 	-0.11501
0.355469 	-0.115868
0.355188 	-0.116728
0.354902 	-0.117589
0.354609 	-0.118451
0.35431 	-0.119314
0.354005 	-0.120177
0.353693 	-0.121042
0.353376 	-0.121909
0.353053 	-0.122776
0.352723 	-0.123644
0.352387 	-0.124514
0.352046 	-0.125384
0.351697 	-0.126256
0.345274 	-0.140383
0.344819 	-0.141278
0.344357 	-0.142175
0.343888 	-0.143073
0.343413 	-0.143972
0.347456 	-0.135931
0.347032 	-0.136818
0.346602 	-0.137707
0.346166 	-0.138598
0.345723 	-0.13949
0.349478 	-0.131513
0.349086 	-0.132394
0.348688 	-0.133276
0.348284 	-0.13416
0.347873 	-0.135044
0.351343 	-0.127129
0.350983 	-0.128004
0.350616 	-0.128879
0.350243 	-0.129756
0.349864 	-0.130634
0.341448 	-0.147586
0.341949 	-0.14668
0.342443 	-0.145776
0.342932 	-0.144873
0.34094 	-0.148494
0.34094 	-0.148494
0.339861 	-0.14792
0.338787 	-0.147351
0.337718 	-0.146786
0.336655 	-0.146226
0.335596 	-0.145669
0.334543 	-0.145117
0.333494 	-0.14457
0.332451 	-0.144027
0.331413 	-0.143488
0.330381 	-0.142953
0.329353 	-0.142423
0.32833 	-0.141897
0.327313 	-0.141376
0.326301 	-0.140859
0.325294 	-0.140346
0.308961 	-0.132294
0.308046 	-0.13186
0.307137 	-0.131429
0.306233 	-0.131004
0.31267 	-0.134076
0.311735 	-0.133624
0.310805 	-0.133176
0.30988 	-0.132733
0.316462 	-0.135927
0.315506 	-0.135457
0.314555 	-0.134992
0.31361 	-0.134532
0.320336 	-0.137847
0.319359 	-0.137361
0.318388 	-0.136878
0.317422 	-0.1364
0.324292 	-0.139837
0.323295 	-0.139333
0.322303 	-0.138834
0.321317 	-0.138338
0.305334 	-0.130582
0.30444 	-0.130165
0.303551 	-0.129752
0.302667 	-0.129344
0.301789 	-0.12894
0.300915 	-0.12854
0.300047 	-0.128145
0.299184 	-0.127754
0.294946 	-0.125864
0.295784 	-0.126233
0.296626 	-0.126607
0.297474 	-0.126985
0.298326 	-0.127367
0.294114 	-0.125499
0.294114 	-0.125499
0.293287 	-0.125138
0.292465 	-0.124782
0.291648 	-0.12443
0.290837 	-0.124083
0.29003 	-0.12374
0.289229 	-0.123401
0.288433 	-0.123066
0.287642 	-0.122736
0.286856 	-0.12241
0.286075 	-0.122089
0.2853 	-0.121772
0.284529 	-0.121459
0.283764 	-0.121151
0.283004 	-0.120847
0.282249 	-0.120547
0.270201 	-0.116117
0.269538 	-0.115896
0.268881 	-0.115679
0.268229 	-0.115466
0.272902 	-0.117046
0.272219 	-0.116808
0.271541 	-0.116573
0.270868 	-0.116343
0.275685 	-0.118045
0.274982 	-0.117789
0.274283 	-0.117537
0.27359 	-0.11729
0.278551 	-0.119114
0.277827 	-0.11884
0.277108 	-0.118571
0.276394 	-0.118306
0.281499 	-0.120252
0.280754 	-0.119961
0.280015 	-0.119674
0.27928 	-0.119392
0.267582 	-0.115258
0.26694 	-0.115053
0.266303 	-0.114854
0.265672 	-0.114658
0.265045 	-0.114467
0.264424 	-0.114281
0.263808 	-0.114099
0.263197 	-0.113921
0.260219 	-0.113096
0.260805 	-0.113252
0.261395 	-0.113413
0.261991 	-0.113578
0.262591 	-0.113747
0.259639 	-0.112944
0.259639 	-0.112944
0.259064 	-0.112797
0.258494 	-0.112653
0.25793 	-0.112515
0.25737 	-0.11238
0.256816 	-0.11225
0.256267 	-0.112124
0.255723 	-0.112003
0.255184 	-0.111886
0.25465 	-0.111773
0.254121 	-0.111665
0.253598 	-0.111561
0.243382 	-0.110372
0.243792 	-0.11038
0.242976 	-0.110368
0.242576 	-0.110368
0.242181 	-0.110373
0.244207 	-0.110393
0.241792 	-0.110382
0.245485 	-0.110457
0.245054 	-0.110432
0.244628 	-0.11041
0.24726 	-0.110604
0.246808 	-0.110561
0.246362 	-0.110522
0.245921 	-0.110487
0.249117 	-0.11082
0.248645 	-0.110759
0.248178 	-0.110703
0.247717 	-0.110651
0.251057 	-0.111106
0.250564 	-0.111028
0.250077 	-0.110954
0.249595 	-0.110885
0.253079 	-0.111461
0.252566 	-0.111366
0.252058 	-0.111275
0.251555 	-0.111188
0.241407 	-0.110395
0.241027 	-0.110413
0.240653 	-0.110435
0.240284 	-0.110462
0.23992 	-0.110492
0.238515 	-0.110659
0.238859 	-0.110611
0.239207 	-0.110567
0.239561 	-0.110528
0.238177 	-0.110711
0.237844 	-0.110768
0.237516 	-0.110829
0.237516 	-0.110829
0.237193 	-0.110895
0.236875 	-0.110965
0.236562 	-0.111039
0.236255 	-0.111118
0.235953 	-0.111201
0.235655 	-0.111288
0.235363 	-0.11138
0.235076 	-0.111476
0.234795 	-0.111576
0.234518 	-0.111681
0.234247 	-0.11179
0.23398 	-0.111903
0.233719 	-0.112021
0.233463 	-0.112143
0.233212 	-0.112269
0.232966 	-0.1124
0.232726 	-0.112535
0.23249 	-0.112675
0.23226 	-0.112818
0.228994 	-0.116151
0.228862 	-0.116377
0.228734 	-0.116608
0.228612 	-0.116843
0.229576 	-0.115289
0.229423 	-0.115498
0.229275 	-0.115711
0.229132 	-0.115929
0.23024 	-0.114496
0.230066 	-0.114687
0.229898 	-0.114883
0.229734 	-0.115084
0.230986 	-0.113773
0.230792 	-0.113947
0.230603 	-0.114126
0.230419 	-0.114309
0.232035 	-0.112967
0.231815 	-0.113119
0.2316 	-0.113276
0.23139 	-0.113437
0.231186 	-0.113603
0.228495 	-0.117083
0.228383 	-0.117326
0.228276 	-0.117575
0.228174 	-0.117827
0.227743 	-0.119155
0.227819 	-0.118881
0.2279 	-0.118611
0.227986 	-0.118345
0.228078 	-0.118084
0.227743 	-0.119155
0.227995 	-0.119438
0.228247 	-0.119721
0.228498 	-0.120004
0.22875 	-0.120287
0.229002 	-0.12057
0.229254 	-0.120853
0.229505 	-0.121136
0.229757 	-0.121419
0.230009 	-0.121702
0.230261 	-0.121985
0.230513 	-0.122268
0.230764 	-0.122551
0.231016 	-0.122834
0.231268 	-0.123117
0.23152 	-0.1234
0.231771 	-0.123683
0.232023 	-0.123967
0.232275 	-0.12425
0.232527 	-0.124533
0.232779 	-0.124816
0.23303 	-0.125099
0.233282 	-0.125382
0.233534 	-0.125665
0.233786 	-0.125948
0.234037 	-0.126231
0.234289 	-0.126514
0.234541 	-0.126797
0.234793 	-0.12708
0.235044 	-0.127363
0.235296 	-0.127646
0.235548 	-0.127929
0.2358 	-0.128212
0.236052 	-0.128495
0.236303 	-0.128778
0.236555 	-0.129061
0.236807 	-0.129344
0.237059 	-0.129627
0.23731 	-0.12991
0.237562 	-0.130193
0.237814 	-0.130476
0.238066 	-0.130759
0.238318 	-0.131042
0.238569 	-0.131325
0.238821 	-0.131608
0.239073 	-0.131891
0.239325 	-0.132174
0.239576 	-0.132457
0.239828 	-0.13274
0.24008 	-0.133023
0.24008 	-0.133023
0.240332 	-0.133307
0.240584 	-0.13359
0.240835 	-0.133873
0.241087 	-0.134156
0.241339 	-0.134439
0.241591 	-0.134722
0.241842 	-0.135005
0.242094 	-0.135288
0.242346 	-0.135571
0.242598 	-0.135854
0.24285 	-0.136137
0.243101 	-0.13642
0.243353 	-0.136703
0.243605 	-0.136986
0.243857 	-0.137269
0.244108 	-0.137552
0.24436 	-0.137835
0.244612 	-0.138118
0.244864 	-0.138401
0.245116 	-0.138684
0.245367 	-0.138967
0.245619 	-0.13925
0.245871 	-0.139533
0.246123 	-0.139816
0.246374 	-0.140099
0.246626 	-0.140382
0.246878 	-0.140665
0.24713 	-0.140948
0.247381 	-0.141231
0.247633 	-0.141514
0.247885 	-0.141797
0.248137 	-0.14208
0.248389 	-0.142364
0.24864 	-0.142647
0.248892 	-0.14293
0.249144 	-0.143213
0.249396 	-0.143496
0.249647 	-0.143779
0.249899 	-0.144062
0.250151 	-0.144345
0.250403 	-0.144628
0.250655 	-0.144911
0.250906 	-0.145194
0.251158 	-0.145477
0.25141 	-0.14576
0.251662 	-0.146043
0.251913 	-0.146326
0.252165 	-0.146609
0.252417 	-0.146892
0.252417 	-0.146892
0.252669 	-0.147175
0.252921 	-0.147458
0.253172 	-0.147741
0.253424 	-0.148024
0.253676 	-0.148307
0.253928 	-0.14859
0.254179 	-0.148873
0.254431 	-0.149156
0.254683 	-0.149439
0.254935 	-0.149722
0.255187 	-0.150005
0.255438 	-0.150288
0.25569 	-0.150571
0.255942 	-0.150854
0.256194 	-0.151137
0.256445 	-0.15142
0.256697 	-0.151704
0.256949 	-0.151987
0.257201 	-0.15227
0.257453 	-0.152553
0.257704 	-0.152836
0.257956 	-0.153119
0.258208 	-0.153402
0.25846 	-0.153685
0.258711 	-0.153968
0.258963 	-0.154251
0.259215 	-0.154534
0.259467 	-0.154817
0.259718 	-0.1551
0.25997 	-0.155383
0.260222 	-0.155666
0.260474 	-0.155949
0.260726 	-0.156232
0.260977 	-0.156515
0.261229 	-0.156798
0.261481 	-0.157081
0.261733 	-0.157364
0.261984 	-0.157647
0.262236 	-0.15793
0.262488 	-0.158213
0.26274 	-0.158496
0.262992 	-0.158779
0.263243 	-0.159062
0.263495 	-0.159345
0.263747 	-0.159628
0.263999 	-0.159911
0.26425 	-0.160194
0.264502 	-0.160477
0.264754 	-0.160761
0.264754 	-0.160761
0.265006 	-0.161044
0.265258 	-0.161327
0.265509 	-0.16161
0.265761 	-0.161893
0.266013 	-0.162176
0.266265 	-0.162459
0.266516 	-0.162742
0.266768 	-0.163025
0.26702 	-0.163308
0.267272 	-0.163591
0.267524 	-0.163874
0.267775 	-0.164157
0.268027 	-0.16444
0.268279 	-0.164723
0.268531 	-0.165006
0.268782 	-0.165289
0.269034 	-0.165572
0.269286 	-0.165855
0.269538 	-0.166138
0.26979 	-0.166421
0.270041 	-0.166704
0.270293 	-0.166987
0.270545 	-0.16727
0.270797 	-0.167553
0.271048 	-0.167836
0.2713 	-0.168119
0.271552 	-0.168402
0.271804 	-0.168685
0.272055 	-0.168968
0.272307 	-0.169251
0.272559 	-0.169534
0.272811 	-0.169817
0.273063 	-0.170101
0.273314 	-0.170384
0.273566 	-0.170667
0.273818 	-0.17095
0.27407 	-0.171233
0.274321 	-0.171516
0.274573 	-0.171799
0.274825 	-0.172082
0.275077 	-0.172365
0.275329 	-0.172648
0.27558 	-0.172931
0.275832 	-0.173214
0.276084 	-0.173497
0.276336 	-0.17378
0.276587 	-0.174063
0.276839 	-0.174346
0.277091 	-0.174629
0.277091 	-0.174629
0.277343 	-0.174912
0.277595 	-0.175195
0.277846 	-0.175478
0.278098 	-0.175761
0.27835 	-0.176044
0.278602 	-0.176327
0.278853 	-0.17661
0.279105 	-0.176893
0.279357 	-0.177176
0.279609 	-0.177459
0.279861 	-0.177742
0.280112 	-0.178025
0.280364 	-0.178308
0.280616 	-0.178591
0.280868 	-0.178874
0.281119 	-0.179157
0.281371 	-0.179441
0.281623 	-0.179724
0.281875 	-0.180007
0.282127 	-0.18029
0.282378 	-0.180573
0.28263 	-0.180856
0.282882 	-0.181139
0.283134 	-0.181422
0.283385 	-0.181705
0.283637 	-0.181988
0.283889 	-0.182271
0.284141 	-0.182554
0.284392 	-0.182837
0.284644 	-0.18312
0.284896 	-0.183403
0.285148 	-0.183686
0.2854 	-0.183969
0.285651 	-0.184252
0.285903 	-0.184535
0.286155 	-0.184818
0.286407 	-0.185101
0.286658 	-0.185384
0.28691 	-0.185667
0.287162 	-0.18595
0.287414 	-0.186233
0.287666 	-0.186516
0.287917 	-0.186799
0.288169 	-0.187082
0.288421 	-0.187365
0.288673 	-0.187648
0.288924 	-0.187931
0.289176 	-0.188214
0.289428 	-0.188497
0.289428 	-0.188497
0.28968 	-0.188781
0.289932 	-0.189064
0.290183 	-0.189347
0.290435 	-0.18963
0.290687 	-0.189913
0.290939 	-0.190196
0.29119 	-0.190479
0.291442 	-0.190762
0.291694 	-0.191045
0.291946 	-0.191328
0.292198 	-0.191611
0.292449 	-0.191894
0.292701 	-0.192177
0.292953 	-0.19246
0.293205 	-0.192743
0.293456 	-0.193026
0.293708 	-0.193309
0.29396 	-0.193592
0.294212 	-0.193875
0.294464 	-0.194158
0.294715 	-0.194441
0.294967 	-0.194724
0.295219 	-0.195007
0.295471 	-0.19529
0.295722 	-0.195573
0.295974 	-0.195856
0.296226 	-0.196139
0.296478 	-0.196422
0.296729 	-0.196705
0.296981 	-0.196988
0.297233 	-0.197271
0.297485 	-0.197554
0.297737 	-0.197838
0.297988 	-0.198121
0.29824 	-0.198404
0.298492 	-0.198687
0.298744 	-0.19897
0.298995 	-0.199253
0.299247 	-0.199536
0.299499 	-0.199819
0.299751 	-0.200102
0.300003 	-0.200385
0.300254 	-0.200668
0.300506 	-0.200951
0.300758 	-0.201234
0.30101 	-0.201517
0.301261 	-0.2018
0.301513 	-0.202083
0.301765 	-0.202366
0.301765 	-0.202366
0.302017 	-0.202649
0.302269 	-0.202932
0.30252 	-0.203215
0.302772 	-0.203498
0.303024 	-0.203781
0.303276 	-0.204064
0.303527 	-0.204347
0.303779 	-0.20463
0.304031 	-0.204913
0.304283 	-0.205196
0.304535 	-0.205479
0.304786 	-0.205762
0.305038 	-0.206045
0.30529 	-0.206328
0.305542 	-0.206611
0.305793 	-0.206894
0.306045 	-0.207178
0.306297 	-0.207461
0.306549 	-0.207744
0.306801 	-0.208027
0.307052 	-0.20831
0.307304 	-0.208593
0.307556 	-0.208876
0.307808 	-0.209159
0.308059 	-0.209442
0.308311 	-0.209725
0.308563 	-0.210008
0.308815 	-0.210291
0.309066 	-0.210574
0.309318 	-0.210857
0.30957 	-0.21114
0.309822 	-0.211423
0.310074 	-0.211706
0.310325 	-0.211989
0.310577 	-0.212272
0.310829 	-0.212555
0.311081 	-0.212838
0.311332 	-0.213121
0.311584 	-0.213404
0.311836 	-0.213687
0.312088 	-0.21397
0.31234 	-0.214253
0.312591 	-0.214536
0.312843 	-0.214819
0.313095 	-0.215102
0.313347 	-0.215385
0.313598 	-0.215668
0.31385 	-0.215951
0.314102 	-0.216234
0.314102 	-0.216234
0.314354 	-0.216518
0.314606 	-0.216801
0.314857 	-0.217084
0.315109 	-0.217367
0.315361 	-0.21765
0.315613 	-0.217933
0.315864 	-0.218216
0.316116 	-0.218499
0.316368 	-0.218782
0.31662 	-0.219065
0.316872 	-0.219348
0.317123 	-0.219631
0.317375 	-0.219914
0.317627 	-0.220197
0.317879 	-0.22048
0.31813 	-0.220763
0.318382 	-0.221046
0.318634 	-0.221329
0.318886 	-0.221612
0.319138 	-0.221895
0.319389 	-0.222178
0.319641 	-0.222461
0.319893 	-0.222744
0.320145 	-0.223027
0.320396 	-0.22331
0.320648 	-0.223593
0.3209 	-0.223876
0.321152 	-0.224159
0.321403 	-0.224442
0.321655 	-0.224725
0.321907 	-0.225008
0.322159 	-0.225291
0.322411 	-0.225575
0.322662 	-0.225858
0.322914 	-0.226141
0.323166 	-0.226424
0.323418 	-0.226707
0.323669 	-0.22699
0.323921 	-0.227273
0.324173 	-0.227556
0.324425 	-0.227839
0.324677 	-0.228122
0.324928 	-0.228405
0.32518 	-0.228688
0.325432 	-0.228971
0.325684 	-0.229254
0.325935 	-0.229537
0.326187 	-0.22982
0.326439 	-0.230103
0.326439 	-0.230103
0.325946 	-0.230257
0.325453 	-0.230411
0.324959 	-0.230565
0.324465 	-0.230719
0.323971 	-0.230873
0.323477 	-0.231027
0.322982 	-0.231181
0.322488 	-0.231335
0.321993 	-0.231489
0.321497 	-0.231643
0.321002 	-0.231797
0.320506 	-0.23195
0.32001 	-0.232104
0.319514 	-0.232258
0.319018 	-0.232412
0.318521 	-0.232565
0.318024 	-0.232719
0.317527 	-0.232873
0.31703 	-0.233026
0.308541 	-0.235622
0.30804 	-0.235774
0.307539 	-0.235926
0.307037 	-0.236077
0.310544 	-0.235014
0.310044 	-0.235166
0.309543 	-0.235319
0.309042 	-0.235471
0.312544 	-0.234404
0.312044 	-0.234557
0.311545 	-0.234709
0.311045 	-0.234862
0.31454 	-0.233792
0.314041 	-0.233946
0.313542 	-0.234099
0.313043 	-0.234251
0.316532 	-0.233179
0.316035 	-0.233333
0.315537 	-0.233486
0.315038 	-0.233639
0.306535 	-0.236229
0.306033 	-0.23638
0.305531 	-0.236531
0.305028 	-0.236682
0.302513 	-0.237434
0.303016 	-0.237284
0.303519 	-0.237133
0.304023 	-0.236983
0.304525 	-0.236832
0.302009 	-0.237584
0.302009 	-0.237584
0.301505 	-0.237733
0.301001 	-0.237883
0.300497 	-0.238032
0.299992 	-0.238181
0.299487 	-0.23833
0.298982 	-0.238479
0.298477 	-0.238627
0.297972 	-0.238776
0.297467 	-0.238924
0.296961 	-0.239072
0.296455 	-0.239219
0.295949 	-0.239367
0.295443 	-0.239514
0.294937 	-0.239661
0.29443 	-0.239808
0.293923 	-0.239954
0.293416 	-0.240101
0.292909 	-0.240247
0.292402 	-0.240392
0.285791 	-0.242263
0.285281 	-0.242405
0.284771 	-0.242547
0.284261 	-0.242688
0.287828 	-0.241693
0.287319 	-0.241836
0.28681 	-0.241978
0.2863 	-0.242121
0.289863 	-0.241117
0.289354 	-0.241262
0.288846 	-0.241406
0.288337 	-0.241549
0.291894 	-0.240538
0.291387 	-0.240683
0.290879 	-0.240828
0.290371 	-0.240973
0.283751 	-0.242829
0.28324 	-0.242969
0.28273 	-0.24311
0.282219 	-0.24325
0.281708 	-0.243389
0.281197 	-0.243529
0.280686 	-0.243668
0.280175 	-0.243806
0.277616 	-0.244494
0.278128 	-0.244357
0.27864 	-0.24422
0.279151 	-0.244082
0.279663 	-0.243945
0.277103 	-0.244631
0.277103 	-0.244631
0.276591 	-0.244767
0.276078 	-0.244902
0.275566 	-0.245038
0.275053 	-0.245173
0.27454 	-0.245307
0.274026 	-0.245442
0.273513 	-0.245575
0.273 	-0.245709
0.272486 	-0.245842
0.271972 	-0.245974
0.271459 	-0.246107
0.270944 	-0.246238
0.27043 	-0.24637
0.269916 	-0.246501
0.269402 	-0.246631
0.268887 	-0.246761
0.268372 	-0.246891
0.267858 	-0.24702
0.267343 	-0.247149
0.260636 	-0.248782
0.26012 	-0.248904
0.259603 	-0.249026
0.259086 	-0.249147
0.262702 	-0.248288
0.262186 	-0.248412
0.261669 	-0.248536
0.261153 	-0.248659
0.264766 	-0.247786
0.26425 	-0.247913
0.263734 	-0.248038
0.263218 	-0.248163
0.266827 	-0.247278
0.266312 	-0.247405
0.265797 	-0.247533
0.265281 	-0.24766
0.258569 	-0.249268
0.258052 	-0.249388
0.257534 	-0.249508
0.257017 	-0.249627
0.256499 	-0.249746
0.255982 	-0.249864
0.255464 	-0.249981
0.254946 	-0.250099
0.252355 	-0.250676
0.252874 	-0.250562
0.253392 	-0.250447
0.25391 	-0.250331
0.254428 	-0.250215
0.251837 	-0.25079
0.251837 	-0.25079
0.251318 	-0.250903
0.250799 	-0.251016
0.250281 	-0.251128
0.249762 	-0.251239
0.249243 	-0.25135
0.248724 	-0.251461
0.248204 	-0.251571
0.247685 	-0.25168
0.247166 	-0.251789
0.246646 	-0.251897
0.246127 	-0.252004
0.245607 	-0.252111
0.245087 	-0.252217
0.244567 	-0.252323
0.244047 	-0.252428
0.235196 	-0.254116
0.234675 	-0.254209
0.234153 	-0.254302
0.233632 	-0.254394
0.237281 	-0.253736
0.23676 	-0.253832
0.236238 	-0.253927
0.235717 	-0.254022
0.239364 	-0.253345
0.238843 	-0.253444
0.238323 	-0.253542
0.237802 	-0.253639
0.241446 	-0.252944
0.240926 	-0.253045
0.240406 	-0.253146
0.239885 	-0.253246
0.243527 	-0.252532
0.243007 	-0.252636
0.242487 	-0.252739
0.241967 	-0.252842
0.23311 	-0.254485
0.232588 	-0.254576
0.232067 	-0.254665
0.231545 	-0.254755
0.231023 	-0.254843
0.230501 	-0.254931
0.229979 	-0.255018
0.229457 	-0.255104
0.226846 	-0.255525
0.227368 	-0.255442
0.227891 	-0.255359
0.228413 	-0.255275
0.228935 	-0.25519
0.226324 	-0.255607
0.226324 	-0.255607
0.225801 	-0.255688
0.225279 	-0.255768
0.224756 	-0.255848
0.224234 	-0.255927
0.223711 	-0.256005
0.223188 	-0.256082
0.222666 	-0.256159
0.222143 	-0.256234
0.22162 	-0.256309
0.221097 	-0.256384
0.220574 	-0.256457
0.220051 	-0.25653
0.219528 	-0.256602
0.219005 	-0.256673
0.218482 	-0.256743
0.209584 	-0.257811
0.20906 	-0.257866
0.208537 	-0.25792
0.208013 	-0.257973
0.211678 	-0.257581
0.211155 	-0.25764
0.210631 	-0.257698
0.210108 	-0.257755
0.213772 	-0.257338
0.213249 	-0.2574
0.212726 	-0.257462
0.212202 	-0.257522
0.215866 	-0.257082
0.215343 	-0.257147
0.214819 	-0.257212
0.214296 	-0.257276
0.217959 	-0.256812
0.217436 	-0.256881
0.216913 	-0.256949
0.216389 	-0.257016
0.207489 	-0.258026
0.206965 	-0.258078
0.206442 	-0.258128
0.205918 	-0.258178
0.205394 	-0.258227
0.20487 	-0.258275
0.204346 	-0.258322
0.203822 	-0.258369
0.201203 	-0.258586
0.201727 	-0.258544
0.202251 	-0.258502
0.202775 	-0.258458
0.203299 	-0.258414
0.200679 	-0.258626
0.200679 	-0.258626
0.200155 	-0.258666
0.199631 	-0.258705
0.199107 	-0.258743
0.198583 	-0.25878
0.198059 	-0.258816
0.197535 	-0.258851
0.197012 	-0.258885
0.196488 	-0.258918
0.195964 	-0.25895
0.19544 	-0.258981
0.194916 	-0.259011
0.194392 	-0.25904
0.193868 	-0.259069
0.193344 	-0.259096
0.19282 	-0.259122
0.183915 	-0.259412
0.183392 	-0.25942
0.182868 	-0.259426
0.18601 	-0.259371
0.185486 	-0.259382
0.184963 	-0.259393
0.184439 	-0.259403
0.188105 	-0.259312
0.187581 	-0.259329
0.187058 	-0.259344
0.186534 	-0.259358
0.190201 	-0.259238
0.189677 	-0.259258
0.189153 	-0.259277
0.188629 	-0.259295
0.192296 	-0.259147
0.191772 	-0.259171
0.191248 	-0.259195
0.190724 	-0.259217
0.182344 	-0.259432
0.181821 	-0.259436
0.180774 	-0.259442
0.181297 	-0.25944
0.18025 	-0.259443
0.179727 	-0.259443
0.179203 	-0.259442
0.17868 	-0.25944
0.17711 	-0.259428
0.177633 	-0.259433
0.178157 	-0.259437
0.176587 	-0.259421
0.176064 	-0.259414
0.17554 	-0.259405
0.175017 	-0.259395
0.175017 	-0.259395
0.174494 	-0.259384
0.173971 	-0.259372
0.173448 	-0.259359
0.172925 	-0.259345
0.172402 	-0.259329
0.17188 	-0.259313
0.171357 	-0.259295
0.170834 	-0.259276
0.170311 	-0.259256
0.169789 	-0.259234
0.169266 	-0.259212
0.168743 	-0.259188
0.168221 	-0.259164
0.167698 	-0.259138
0.167176 	-0.259111
0.166654 	-0.259082
0.166131 	-0.259053
0.165609 	-0.259022
0.165087 	-0.25899
0.164565 	-0.258957
0.164043 	-0.258923
0.163521 	-0.258887
0.162999 	-0.258851
0.162477 	-0.258813
0.154136 	-0.258037
0.153615 	-0.257978
0.153095 	-0.257918
0.152574 	-0.257856
0.152054 	-0.257793
0.156741 	-0.258314
0.15622 	-0.258261
0.155699 	-0.258207
0.155178 	-0.258152
0.154657 	-0.258095
0.159347 	-0.258559
0.158826 	-0.258513
0.158304 	-0.258465
0.157783 	-0.258416
0.157262 	-0.258366
0.161955 	-0.258774
0.161433 	-0.258733
0.160912 	-0.258692
0.16039 	-0.258649
0.159868 	-0.258605
0.149973 	-0.257528
0.150493 	-0.257596
0.151013 	-0.257663
0.151534 	-0.257729
0.149453 	-0.257458
0.149453 	-0.257458
0.148933 	-0.257387
0.148413 	-0.257315
0.147894 	-0.257242
0.147374 	-0.257167
0.146855 	-0.25709
0.146335 	-0.257013
0.145816 	-0.256934
0.145296 	-0.256854
0.144777 	-0.256772
0.144258 	-0.256689
0.143739 	-0.256605
0.14322 	-0.25652
0.142702 	-0.256433
0.142183 	-0.256344
0.141664 	-0.256254
0.141146 	-0.256163
0.140628 	-0.256071
0.140109 	-0.255977
0.139591 	-0.255882
0.139073 	-0.255785
0.138555 	-0.255687
0.138037 	-0.255588
0.13752 	-0.255487
0.137002 	-0.255385
0.128736 	-0.253555
0.128221 	-0.253428
0.127705 	-0.2533
0.12719 	-0.25317
0.126675 	-0.253039
0.131316 	-0.254166
0.1308 	-0.254047
0.130284 	-0.253926
0.129768 	-0.253804
0.129252 	-0.25368
0.133899 	-0.254742
0.133382 	-0.254629
0.132865 	-0.254516
0.132349 	-0.254401
0.131832 	-0.254284
0.136485 	-0.255281
0.135967 	-0.255176
0.13545 	-0.25507
0.134933 	-0.254962
0.134416 	-0.254852
0.124616 	-0.2525
0.12513 	-0.252637
0.125645 	-0.252772
0.12616 	-0.252906
0.124101 	-0.252361
0.124101 	-0.252361
0.124218 	-0.252524
0.124334 	-0.252687
0.124451 	-0.25285
0.124568 	-0.253013
0.124685 	-0.253175
0.124801 	-0.253338
0.124918 	-0.253501
0.125035 	-0.253664
0.125151 	-0.253827
0.125268 	-0.25399
0.125385 	-0.254153
0.125502 	-0.254316
0.125618 	-0.254478
0.125735 	-0.254641
0.125852 	-0.254804
0.125968 	-0.254967
0.126085 	-0.25513
0.126202 	-0.255293
0.126319 	-0.255456
0.126435 	-0.255619
0.126552 	-0.255781
0.126669 	-0.255944
0.126785 	-0.256107
0.126902 	-0.25627
0.127019 	-0.256433
0.127136 	-0.256596
0.127252 	-0.256759
0.127369 	-0.256922
0.127486 	-0.257085
0.127602 	-0.257247
0.127719 	-0.25741
0.127836 	-0.257573
0.127952 	-0.257736
0.128069 	-0.257899
0.128186 	-0.258062
0.128303 	-0.258225
0.128419 	-0.258388
0.128536 	-0.25855
0.128653 	-0.258713
0.128769 	-0.258876
0.128886 	-0.259039
0.129003 	-0.259202
0.12912 	-0.259365
0.129236 	-0.259528
0.129353 	-0.259691
0.12947 	-0.259853
0.129586 	-0.260016
0.129703 	-0.260179
0.12982 	-0.260342
0.12982 	-0.260342
0.129937 	-0.260505
0.130053 	-0.260668
0.13017 	-0.260831
0.130287 	-0.260994
0.130403 	-0.261157
0.13052 	-0.261319
0.130637 	-0.261482
0.130754 	-0.261645
0.13087 	-0.261808
0.130987 	-0.261971
0.131104 	-0.262134
0.13122 	-0.262297
0.131337 	-0.26246
0.131454 	-0.262622
0.131571 	-0.262785
0.131687 	-0.262948
0.131804 	-0.263111
0.131921 	-0.263274
0.132037 	-0.263437
0.132154 	-0.2636
0.132271 	-0.263763
0.132388 	-0.263925
0.132504 	-0.264088
0.132621 	-0.264251
0.132738 	-0.264414
0.132854 	-0.264577
0.132971 	-0.26474
0.133088 	-0.264903
0.133205 	-0.265066
0.133321 	-0.265229
0.133438 	-0.265391
0.133555 	-0.265554
0.133671 	-0.265717
0.133788 	-0.26588
0.133905 	-0.266043
0.134021 	-0.266206
0.134138 	-0.266369
0.134255 	-0.266532
0.134372 	-0.266694
0.134488 	-0.266857
0.134605 	-0.26702
0.134722 	-0.267183
0.134838 	-0.267346
0.134955 	-0.267509
0.135072 	-0.267672
0.135189 	-0.267835
0.135305 	-0.267997
0.135422 	-0.26816
0.135539 	-0.268323
0.135539 	-0.268323
0.135655 	-0.268486
0.135772 	-0.268649
0.135889 	-0.268812
0.136006 	-0.268975
0.136122 	-0.269138
0.136239 	-0.269301
0.136356 	-0.269463
0.136472 	-0.269626
0.136589 	-0.269789
0.136706 	-0.269952
0.136823 	-0.270115
0.136939 	-0.270278
0.137056 	-0.270441
0.137173 	-0.270604
0.137289 	-0.270766
0.137406 	-0.270929
0.137523 	-0.271092
0.13764 	-0.271255
0.137756 	-0.271418
0.137873 	-0.271581
0.13799 	-0.271744
0.138106 	-0.271907
0.138223 	-0.272069
0.13834 	-0.272232
0.138457 	-0.272395
0.138573 	-0.272558
0.13869 	-0.272721
0.138807 	-0.272884
0.138923 	-0.273047
0.13904 	-0.27321
0.139157 	-0.273373
0.139274 	-0.273535
0.13939 	-0.273698
0.139507 	-0.273861
0.139624 	-0.274024
0.13974 	-0.274187
0.139857 	-0.27435
0.139974 	-0.274513
0.140091 	-0.274676
0.140207 	-0.274838
0.140324 	-0.275001
0.140441 	-0.275164
0.140557 	-0.275327
0.140674 	-0.27549
0.140791 	-0.275653
0.140907 	-0.275816
0.141024 	-0.275979
0.141141 	-0.276141
0.141258 	-0.276304
0.141258 	-0.276304
0.141374 	-0.276467
0.141491 	-0.27663
0.141608 	-0.276793
0.141724 	-0.276956
0.141841 	-0.277119
0.141958 	-0.277282
0.142075 	-0.277445
0.142191 	-0.277607
0.142308 	-0.27777
0.142425 	-0.277933
0.142541 	-0.278096
0.142658 	-0.278259
0.142775 	-0.278422
0.142892 	-0.278585
0.143008 	-0.278748
0.143125 	-0.27891
0.143242 	-0.279073
0.143358 	-0.279236
0.143475 	-0.279399
0.143592 	-0.279562
0.143709 	-0.279725
0.143825 	-0.279888
0.143942 	-0.280051
0.144059 	-0.280213
0.144175 	-0.280376
0.144292 	-0.280539
0.144409 	-0.280702
0.144526 	-0.280865
0.144642 	-0.281028
0.144759 	-0.281191
0.144876 	-0.281354
0.144992 	-0.281517
0.145109 	-0.281679
0.145226 	-0.281842
0.145343 	-0.282005
0.145459 	-0.282168
0.145576 	-0.282331
0.145693 	-0.282494
0.145809 	-0.282657
0.145926 	-0.28282
0.146043 	-0.282982
0.14616 	-0.283145
0.146276 	-0.283308
0.146393 	-0.283471
0.14651 	-0.283634
0.146626 	-0.283797
0.146743 	-0.28396
0.14686 	-0.284123
0.146977 	-0.284285
0.146977 	-0.284285
0.147093 	-0.284448
0.14721 	-0.284611
0.147327 	-0.284774
0.147443 	-0.284937
0.14756 	-0.2851
0.147677 	-0.285263
0.147793 	-0.285426
0.14791 	-0.285589
0.148027 	-0.285751
0.148144 	-0.285914
0.14826 	-0.286077
0.148377 	-0.28624
0.148494 	-0.286403
0.14861 	-0.286566
0.148727 	-0.286729
0.148844 	-0.286892
0.148961 	-0.287054
0.149077 	-0.287217
0.149194 	-0.28738
0.149311 	-0.287543
0.149427 	-0.287706
0.149544 	-0.287869
0.149661 	-0.288032
0.149778 	-0.288195
0.149894 	-0.288358
0.150011 	-0.28852
0.150128 	-0.288683
0.150244 	-0.288846
0.150361 	-0.289009
0.150478 	-0.289172
0.150595 	-0.289335
0.150711 	-0.289498
0.150828 	-0.289661
0.150945 	-0.289823
0.151061 	-0.289986
0.151178 	-0.290149
0.151295 	-0.290312
0.151412 	-0.290475
0.151528 	-0.290638
0.151645 	-0.290801
0.151762 	-0.290964
0.151878 	-0.291126
0.151995 	-0.291289
0.152112 	-0.291452
0.152229 	-0.291615
0.152345 	-0.291778
0.152462 	-0.291941
0.152579 	-0.292104
0.152695 	-0.292267
0.152695 	-0.292267
0.152812 	-0.29243
0.152929 	-0.292592
0.153046 	-0.292755
0.153162 	-0.292918
0.153279 	-0.293081
0.153396 	-0.293244
0.153512 	-0.293407
0.153629 	-0.29357
0.153746 	-0.293733
0.153862 	-0.293895
0.153979 	-0.294058
0.154096 	-0.294221
0.154213 	-0.294384
0.154329 	-0.294547
0.154446 	-0.29471
0.154563 	-0.294873
0.154679 	-0.295036
0.154796 	-0.295198
0.154913 	-0.295361
0.15503 	-0.295524
0.155146 	-0.295687
0.155263 	-0.29585
0.15538 	-0.296013
0.155496 	-0.296176
0.155613 	-0.296339
0.15573 	-0.296502
0.155847 	-0.296664
0.155963 	-0.296827
0.15608 	-0.29699
0.156197 	-0.297153
0.156313 	-0.297316
0.15643 	-0.297479
0.156547 	-0.297642
0.156664 	-0.297805
0.15678 	-0.297967
0.156897 	-0.29813
0.157014 	-0.298293
0.15713 	-0.298456
0.157247 	-0.298619
0.157364 	-0.298782
0.157481 	-0.298945
0.157597 	-0.299108
0.157714 	-0.29927
0.157831 	-0.299433
0.157947 	-0.299596
0.158064 	-0.299759
0.158181 	-0.299922
0.158298 	-0.300085
0.158414 	-0.300248
0.158414 	-0.300248
0.158531 	-0.300411
0.158648 	-0.300574
0.158764 	-0.300736
0.158881 	-0.300899
0.158998 	-0.301062
0.159115 	-0.301225
0.159231 	-0.301388
0.159348 	-0.301551
0.159465 	-0.301714
0.159581 	-0.301877
0.159698 	-0.302039
0.159815 	-0.302202
0.159932 	-0.302365
0.160048 	-0.302528
0.160165 	-0.302691
0.160282 	-0.302854
0.160398 	-0.303017
0.160515 	-0.30318
0.160632 	-0.303342
0.160748 	-0.303505
0.160865 	-0.303668
0.160982 	-0.303831
0.161099 	-0.303994
0.161215 	-0.304157
0.161332 	-0.30432
0.161449 	-0.304483
0.161565 	-0.304646
0.161682 	-0.304808
0.161799 	-0.304971
0.161916 	-0.305134
0.162032 	-0.305297
0.162149 	-0.30546
0.162266 	-0.305623
0.162382 	-0.305786
0.162499 	-0.305949
0.162616 	-0.306111
0.162733 	-0.306274
0.162849 	-0.306437
0.162966 	-0.3066
0.163083 	-0.306763
0.163199 	-0.306926
0.163316 	-0.307089
0.163433 	-0.307252
0.16355 	-0.307414
0.163666 	-0.307577
0.163783 	-0.30774
0.1639 	-0.307903
0.164016 	-0.308066
0.164133 	-0.308229
0.164133 	-0.308229
0.16425 	-0.308392
0.164367 	-0.308555
0.164483 	-0.308718
0.1646 	-0.30888
0.164717 	-0.309043
0.164833 	-0.309206
0.16495 	-0.309369
0.165067 	-0.309532
0.165184 	-0.309695
0.1653 	-0.309858
0.165417 	-0.310021
0.165534 	-0.310183
0.16565 	-0.310346
0.165767 	-0.310509
0.165884 	-0.310672
0.166001 	-0.310835
0.166117 	-0.310998
0.166234 	-0.311161
0.166351 	-0.311324
0.166467 	-0.311486
0.166584 	-0.311649
0.166701 	-0.311812
0.166817 	-0.311975
0.166934 	-0.312138
0.167051 	-0.312301
0.167168 	-0.312464
0.167284 	-0.312627
0.167401 	-0.31279
0.167518 	-0.312952
0.167634 	-0.313115
0.167751 	-0.313278
0.167868 	-0.313441
0.167985 	-0.313604
0.168101 	-0.313767
0.168218 	-0.31393
0.168335 	-0.314093
0.168451 	-0.314255
0.168568 	-0.314418
0.168685 	-0.314581
0.168802 	-0.314744
0.168918 	-0.314907
0.169035 	-0.31507
0.169152 	-0.315233
0.169268 	-0.315396
0.169385 	-0.315558
0.169502 	-0.315721
0.169619 	-0.315884
0.169735 	-0.316047
0.169852 	-0.31621
0.169852 	-0.31621
0.169195 	-0.316474
0.168534 	-0.316737
0.16787 	-0.316997
0.167202 	-0.317256
0.166531 	-0.317514
0.165857 	-0.317769
0.16518 	-0.318023
0.164499 	-0.318275
0.163814 	-0.318526
0.163127 	-0.318775
0.162436 	-0.319021
0.161743 	-0.319267
0.161046 	-0.31951
0.160346 	-0.319751
0.159642 	-0.319991
0.158936 	-0.320229
0.158227 	-0.320465
0.157514 	-0.320699
0.156799 	-0.320932
0.147238 	-0.32378
0.146483 	-0.323986
0.145726 	-0.324189
0.144966 	-0.32439
0.15023 	-0.322938
0.149486 	-0.323152
0.148739 	-0.323363
0.14799 	-0.323573
0.153178 	-0.322066
0.152445 	-0.322287
0.15171 	-0.322506
0.150971 	-0.322723
0.156081 	-0.321162
0.155359 	-0.321391
0.154635 	-0.321618
0.153908 	-0.321843
0.144203 	-0.32459
0.143438 	-0.324787
0.142671 	-0.324983
0.141901 	-0.325176
0.141128 	-0.325367
0.140353 	-0.325556
0.139576 	-0.325744
0.138796 	-0.325929
0.134863 	-0.326822
0.135655 	-0.326648
0.136444 	-0.326471
0.13723 	-0.326292
0.138014 	-0.326111
0.13407 	-0.326994
0.13407 	-0.326994
0.133275 	-0.327164
0.132477 	-0.327332
0.131677 	-0.327498
0.130875 	-0.327662
0.130071 	-0.327823
0.129265 	-0.327982
0.128456 	-0.328139
0.127646 	-0.328294
0.126834 	-0.328446
0.12602 	-0.328597
0.125204 	-0.328744
0.124386 	-0.32889
0.123566 	-0.329034
0.122744 	-0.329175
0.121921 	-0.329314
0.107666 	-0.331312
0.106814 	-0.331408
0.105961 	-0.331501
0.105106 	-0.331592
0.11106 	-0.330904
0.110214 	-0.33101
0.109366 	-0.331113
0.108517 	-0.331214
0.114431 	-0.330458
0.113591 	-0.330573
0.112749 	-0.330686
0.111905 	-0.330796
0.117777 	-0.329973
0.116943 	-0.330098
0.116107 	-0.33022
0.11527 	-0.33034
0.121095 	-0.32945
0.120268 	-0.329584
0.119439 	-0.329716
0.118609 	-0.329846
0.10425 	-0.33168
0.103393 	-0.331766
0.102535 	-0.331849
0.101675 	-0.331929
0.100815 	-0.332007
0.0999526 	-0.332083
0.0990896 	-0.332156
0.0982255 	-0.332226
0.0938894 	-0.332539
0.0947586 	-0.332482
0.0956268 	-0.332422
0.0964941 	-0.332359
0.0973603 	-0.332294
0.0930192 	-0.332594
0.0930192 	-0.332594
0.0921482 	-0.332646
0.0912762 	-0.332695
0.0904034 	-0.332742
0.0895298 	-0.332786
0.0886553 	-0.332827
0.0877801 	-0.332865
0.0869041 	-0.332901
0.0860274 	-0.332934
0.08515 	-0.332965
0.0842719 	-0.332993
0.0833931 	-0.333018
0.0825138 	-0.33304
0.0816338 	-0.333059
0.0807533 	-0.333076
0.0798722 	-0.33309
0.0789905 	-0.333101
0.0772259 	-0.333114
0.0781084 	-0.333109
0.0763429 	-0.333117
0.0754594 	-0.333117
0.0745756 	-0.333113
0.0736914 	-0.333107
0.0728069 	-0.333099
0.0719221 	-0.333087
0.0710369 	-0.333072
0.0701516 	-0.333055
0.0692659 	-0.333034
0.0683801 	-0.333011
0.0674941 	-0.332985
0.066608 	-0.332955
0.0657217 	-0.332923
0.0648353 	-0.332888
0.0524299 	-0.332079
0.0533149 	-0.332157
0.0542003 	-0.332232
0.0550858 	-0.332303
0.0515451 	-0.331998
0.0506606 	-0.331915
0.0497765 	-0.331828
0.0595163 	-0.332614
0.05863 	-0.332558
0.0577437 	-0.332499
0.0568576 	-0.332437
0.0559716 	-0.332371
0.0639489 	-0.33285
0.0630623 	-0.332809
0.0621758 	-0.332765
0.0612893 	-0.332718
0.0604028 	-0.332668
0.0497765 	-0.331828
0.0488928 	-0.331737
0.0480094 	-0.331644
0.0471265 	-0.331548
0.046244 	-0.331448
0.045362 	-0.331345
0.0444805 	-0.331239
0.0435995 	-0.33113
0.042719 	-0.331017
0.0418392 	-0.330902
0.0409599 	-0.330783
0.0400813 	-0.33066
0.0392033 	-0.330535
0.0383261 	-0.330406
0.0374495 	-0.330274
0.0365736 	-0.330139
0.0356986 	-0.330001
0.0348243 	-0.329859
0.0339508 	-0.329714
0.0330782 	-0.329565
0.0322064 	-0.329413
0.0313355 	-0.329258
0.0304655 	-0.3291
0.0295965 	-0.328938
0.0287285 	-0.328773
0.014993 	-0.325662
0.0141454 	-0.325438
0.0132993 	-0.32521
0.0124547 	-0.324979
0.0116115 	-0.324744
0.0192514 	-0.32673
0.0183971 	-0.326523
0.017544 	-0.326313
0.0166923 	-0.326099
0.0158419 	-0.325882
0.023542 	-0.32771
0.0226815 	-0.327521
0.0218221 	-0.327328
0.020964 	-0.327132
0.0201071 	-0.326933
0.0278614 	-0.328604
0.0269954 	-0.328432
0.0261304 	-0.328257
0.0252665 	-0.328078
0.0244037 	-0.327895
0.00825435 	-0.323769
0.00909127 	-0.324018
0.00992978 	-0.324264
0.0107699 	-0.324506
0.00741906 	-0.323516
0.00741906 	-0.323516
0.00717308 	-0.32344
0.00692723 	-0.323364
0.0066815 	-0.323287
0.00643589 	-0.323211
0.00619041 	-0.323134
0.00594506 	-0.323056
0.00569984 	-0.322978
0.00545475 	-0.3229
0.00520978 	-0.322822
0.00496495 	-0.322743
0.00472025 	-0.322664
0.00447568 	-0.322585
0.00423125 	-0.322505
0.00398695 	-0.322425
0.00374278 	-0.322345
0.00349876 	-0.322264
0.00325487 	-0.322183
0.00301111 	-0.322102
0.0027675 	-0.32202
-0.00231468 	-0.320232
-0.00255501 	-0.320143
-0.00279518 	-0.320054
-0.00303518 	-0.319965
-0.00327503 	-0.319875
-0.00111067 	-0.320671
-0.00135179 	-0.320584
-0.00159275 	-0.320496
-0.00183355 	-0.320409
-0.00207419 	-0.320321
9.71856e-05 	-0.321101
-0.00014469 	-0.321016
-0.000386414 	-0.32093
-0.000627987 	-0.320844
-0.000869408 	-0.320758
0.00130879 	-0.321524
0.00106618 	-0.32144
0.000823706 	-0.321356
0.000581384 	-0.321271
0.00033921 	-0.321187
0.00252403 	-0.321938
0.00228069 	-0.321856
0.0020375 	-0.321774
0.00179446 	-0.321691
0.00155155 	-0.321607
-0.00423278 	-0.319513
-0.00399359 	-0.319604
-0.00375424 	-0.319695
-0.00351471 	-0.319785
-0.00447181 	-0.319422
-0.00447181 	-0.319422
-0.00471067 	-0.31933
-0.00494936 	-0.319238
-0.00518788 	-0.319146
-0.00542624 	-0.319053
-0.00566442 	-0.31896
-0.00590243 	-0.318867
-0.00614027 	-0.318773
-0.00637794 	-0.318679
-0.00661543 	-0.318585
-0.00685275 	-0.31849
-0.00708989 	-0.318395
-0.00732686 	-0.3183
-0.00756364 	-0.318204
-0.00780025 	-0.318108
-0.00803668 	-0.318012
-0.00827293 	-0.317915
-0.008509 	-0.317818
-0.00874489 	-0.317721
-0.00898059 	-0.317624
-0.0138865 	-0.315495
-0.014118 	-0.31539
-0.0143492 	-0.315285
-0.0145803 	-0.315179
-0.0148111 	-0.315073
-0.0127262 	-0.316016
-0.0129587 	-0.315912
-0.013191 	-0.315808
-0.013423 	-0.315704
-0.0136549 	-0.3156
-0.011561 	-0.316527
-0.0117944 	-0.316426
-0.0120277 	-0.316324
-0.0122607 	-0.316221
-0.0124936 	-0.316119
-0.0103909 	-0.317031
-0.0106253 	-0.316931
-0.0108595 	-0.31683
-0.0110935 	-0.31673
-0.0113274 	-0.316629
-0.00921611 	-0.317526
-0.00945145 	-0.317427
-0.0096866 	-0.317329
-0.00992156 	-0.31723
-0.0101563 	-0.31713
-0.0157324 	-0.314645
-0.0155024 	-0.314753
-0.0152722 	-0.31486
-0.0150418 	-0.314967
-0.0159622 	-0.314538
-0.0159622 	-0.314538
-0.0161918 	-0.314429
-0.0164212 	-0.314321
-0.0166503 	-0.314212
-0.0168793 	-0.314103
-0.017108 	-0.313993
-0.0173366 	-0.313884
-0.0175649 	-0.313773
-0.0177929 	-0.313663
-0.0180208 	-0.313552
-0.0182485 	-0.313441
-0.0184759 	-0.313329
-0.0187031 	-0.313217
-0.0189301 	-0.313105
-0.0191569 	-0.312992
-0.0193834 	-0.312879
-0.0196097 	-0.312766
-0.0198358 	-0.312652
-0.0200617 	-0.312538
-0.0202874 	-0.312424
-0.0249719 	-0.309942
-0.0251923 	-0.30982
-0.0254125 	-0.309698
-0.0256324 	-0.309575
-0.0258521 	-0.309452
-0.0238661 	-0.310547
-0.0240877 	-0.310427
-0.0243091 	-0.310306
-0.0245303 	-0.310185
-0.0247512 	-0.310064
-0.0227542 	-0.311143
-0.0229771 	-0.311025
-0.0231997 	-0.310906
-0.0234221 	-0.310787
-0.0236442 	-0.310667
-0.0216364 	-0.311731
-0.0218604 	-0.311614
-0.0220842 	-0.311497
-0.0223078 	-0.311379
-0.0225311 	-0.311262
-0.0205128 	-0.312309
-0.020738 	-0.312194
-0.0209629 	-0.312079
-0.0211876 	-0.311963
-0.0214121 	-0.311847
-0.0267283 	-0.308956
-0.0265097 	-0.309081
-0.0262907 	-0.309205
-0.0260716 	-0.309328
-0.0269468 	-0.308831
-0.0269468 	-0.308831
-0.0271649 	-0.308706
-0.0273828 	-0.30858
-0.0276005 	-0.308454
-0.0278179 	-0.308328
-0.028035 	-0.308201
-0.0282519 	-0.308074
-0.0284685 	-0.307947
-0.0286849 	-0.307819
-0.028901 	-0.307691
-0.0291168 	-0.307563
-0.0293324 	-0.307434
-0.0295477 	-0.307305
-0.0297628 	-0.307175
-0.0299776 	-0.307045
-0.0301921 	-0.306915
-0.0304063 	-0.306784
-0.0306203 	-0.306653
-0.030834 	-0.306522
-0.0310474 	-0.30639
-0.0354654 	-0.303541
-0.0356727 	-0.303402
-0.0358796 	-0.303262
-0.0360863 	-0.303121
-0.0362927 	-0.30298
-0.0344248 	-0.304234
-0.0346335 	-0.304096
-0.0348419 	-0.303958
-0.03505 	-0.30382
-0.0352579 	-0.303681
-0.0333771 	-0.304918
-0.0335872 	-0.304782
-0.033797 	-0.304646
-0.0340066 	-0.304509
-0.0342158 	-0.304372
-0.0323223 	-0.305593
-0.0325338 	-0.305459
-0.032745 	-0.305324
-0.032956 	-0.305189
-0.0331667 	-0.305054
-0.0312606 	-0.306258
-0.0314735 	-0.306126
-0.0316861 	-0.305993
-0.0318984 	-0.30586
-0.0321105 	-0.305727
-0.0371152 	-0.302414
-0.03691 	-0.302556
-0.0367045 	-0.302698
-0.0364987 	-0.302839
-0.0373201 	-0.302271
-0.0373201 	-0.302271
-0.0372154 	-0.302413
-0.0371108 	-0.302554
-0.0370061 	-0.302696
-0.0369014 	-0.302838
-0.0367968 	-0.302979
-0.0366921 	-0.303121
-0.0365874 	-0.303263
-0.0364828 	-0.303404
-0.0363781 	-0.303546
-0.0362734 	-0.303688
-0.0361688 	-0.303829
-0.0360641 	-0.303971
-0.0359594 	-0.304113
-0.0358548 	-0.304254
-0.0357501 	-0.304396
-0.0356454 	-0.304538
-0.0355408 	-0.304679
-0.0354361 	-0.304821
-0.0353314 	-0.304963
-0.0352268 	-0.305104
-0.0351221 	-0.305246
-0.0350174 	-0.305387
-0.0349127 	-0.305529
-0.0348081 	-0.305671
-0.0347034 	-0.305812
-0.0345987 	-0.305954
-0.0344941 	-0.306096
-0.0343894 	-0.306237
-0.0342847 	-0.306379
-0.0341801 	-0.306521
-0.0340754 	-0.306662
-0.0339707 	-0.306804
-0.0338661 	-0.306946
-0.0337614 	-0.307087
-0.0336567 	-0.307229
-0.0335521 	-0.307371
-0.0334474 	-0.307512
-0.0333427 	-0.307654
-0.0332381 	-0.307796
-0.0331334 	-0.307937
-0.0330287 	-0.308079
-0.0329241 	-0.308221
-0.0328194 	-0.308362
-0.0327147 	-0.308504
-0.0326101 	-0.308646
-0.0325054 	-0.308787
-0.0324007 	-0.308929
-0.0322961 	-0.309071
-0.0321914 	-0.309212
-0.0321914 	-0.309212
-0.0320867 	-0.309354
-0.0319821 	-0.309496
-0.0318774 	-0.309637
-0.0317727 	-0.309779
-0.0316681 	-0.309921
-0.0315634 	-0.310062
-0.0314587 	-0.310204
-0.0313541 	-0.310346
-0.0312494 	-0.310487
-0.0311447 	-0.310629
-0.0310401 	-0.31077
-0.0309354 	-0.310912
-0.0308307 	-0.311054
-0.0307261 	-0.311195
-0.0306214 	-0.311337
-0.0305167 	-0.311479
-0.0304121 	-0.31162
-0.0303074 	-0.311762
-0.0302027 	-0.311904
-0.030098 	-0.312045
-0.0299934 	-0.312187
-0.0298887 	-0.312329
-0.029784 	-0.31247
-0.0296794 	-0.312612
-0.0295747 	-0.312754
-0.02947 	-0.312895
-0.0293654 	-0.313037
-0.0292607 	-0.313179
-0.029156 	-0.31332
-0.0290514 	-0.313462
-0.0289467 	-0.313604
-0.028842 	-0.313745
-0.0287374 	-0.313887
-0.0286327 	-0.314029
-0.028528 	-0.31417
-0.0284234 	-0.314312
-0.0283187 	-0.314454
-0.028214 	-0.314595
-0.0281094 	-0.314737
-0.0280047 	-0.314879
-0.0279 	-0.31502
-0.0277954 	-0.315162
-0.0276907 	-0.315304
-0.027586 	-0.315445
-0.0274814 	-0.315587
-0.0273767 	-0.315729
-0.027272 	-0.31587
-0.0271674 	-0.316012
-0.0270627 	-0.316153
-0.0270627 	-0.316153
-0.026958 	-0.316295
-0.0268534 	-0.316437
-0.0267487 	-0.316578
-0.026644 	-0.31672
-0.0265394 	-0.316862
-0.0264347 	-0.317003
-0.02633 	-0.317145
-0.0262254 	-0.317287
-0.0261207 	-0.317428
-0.026016 	-0.31757
-0.0259114 	-0.317712
-0.0258067 	-0.317853
-0.025702 	-0.317995
-0.0255973 	-0.318137
-0.0254927 	-0.318278
-0.025388 	-0.31842
-0.0252833 	-0.318562
-0.0251787 	-0.318703
-0.025074 	-0.318845
-0.0249693 	-0.318987
-0.0248647 	-0.319128
-0.02476 	-0.31927
-0.0246553 	-0.319412
-0.0245507 	-0.319553
-0.024446 	-0.319695
-0.0243413 	-0.319837
-0.0242367 	-0.319978
-0.024132 	-0.32012
-0.0240273 	-0.320262
-0.0239227 	-0.320403
-0.023818 	-0.320545
-0.0237133 	-0.320687
-0.0236087 	-0.320828
-0.023504 	-0.32097
-0.0233993 	-0.321112
-0.0232947 	-0.321253
-0.02319 	-0.321395
-0.0230853 	-0.321537
-0.0229807 	-0.321678
-0.022876 	-0.32182
-0.0227713 	-0.321961
-0.0226667 	-0.322103
-0.022562 	-0.322245
-0.0224573 	-0.322386
-0.0223527 	-0.322528
-0.022248 	-0.32267
-0.0221433 	-0.322811
-0.0220387 	-0.322953
-0.021934 	-0.323095
-0.021934 	-0.323095
-0.0218293 	-0.323236
-0.0217247 	-0.323378
-0.02162 	-0.32352
-0.0215153 	-0.323661
-0.0214107 	-0.323803
-0.021306 	-0.323945
-0.0212013 	-0.324086
-0.0210966 	-0.324228
-0.020992 	-0.32437
-0.0208873 	-0.324511
-0.0207826 	-0.324653
-0.020678 	-0.324795
-0.0205733 	-0.324936
-0.0204686 	-0.325078
-0.020364 	-0.32522
-0.0202593 	-0.325361
-0.0201546 	-0.325503
-0.02005 	-0.325645
-0.0199453 	-0.325786
-0.0198406 	-0.325928
-0.019736 	-0.32607
-0.0196313 	-0.326211
-0.0195266 	-0.326353
-0.019422 	-0.326495
-0.0193173 	-0.326636
-0.0192126 	-0.326778
-0.019108 	-0.32692
-0.0190033 	-0.327061
-0.0188986 	-0.327203
-0.018794 	-0.327344
-0.0186893 	-0.327486
-0.0185846 	-0.327628
-0.01848 	-0.327769
-0.0183753 	-0.327911
-0.0182706 	-0.328053
-0.018166 	-0.328194
-0.0180613 	-0.328336
-0.0179566 	-0.328478
-0.017852 	-0.328619
-0.0177473 	-0.328761
-0.0176426 	-0.328903
-0.017538 	-0.329044
-0.0174333 	-0.329186
-0.0173286 	-0.329328
-0.017224 	-0.329469
-0.0171193 	-0.329611
-0.0170146 	-0.329753
-0.01691 	-0.329894
-0.0168053 	-0.330036
-0.0168053 	-0.330036
-0.0167006 	-0.330178
-0.016596 	-0.330319
-0.0164913 	-0.330461
-0.0163866 	-0.330603
-0.0162819 	-0.330744
-0.0161773 	-0.330886
-0.0160726 	-0.331028
-0.0159679 	-0.331169
-0.0158633 	-0.331311
-0.0157586 	-0.331453
-0.0156539 	-0.331594
-0.0155493 	-0.331736
-0.0154446 	-0.331878
-0.0153399 	-0.332019
-0.0152353 	-0.332161
-0.0151306 	-0.332303
-0.0150259 	-0.332444
-0.0149213 	-0.332586
-0.0148166 	-0.332728
-0.0147119 	-0.332869
-0.0146073 	-0.333011
-0.0145026 	-0.333152
-0.0143979 	-0.333294
-0.0142933 	-0.333436
-0.0141886 	-0.333577
-0.0140839 	-0.333719
-0.0139793 	-0.333861
-0.0138746 	-0.334002
-0.0137699 	-0.334144
-0.0136653 	-0.334286
-0.0135606 	-0.334427
-0.0134559 	-0.334569
-0.0133513 	-0.334711
-0.0132466 	-0.334852
-0.0131419 	-0.334994
-0.0130373 	-0.335136
-0.0129326 	-0.335277
-0.0128279 	-0.335419
-0.0127233 	-0.335561
-0.0126186 	-0.335702
-0.0125139 	-0.335844
-0.0124093 	-0.335986
-0.0123046 	-0.336127
-0.0121999 	-0.336269
-0.0120953 	-0.336411
-0.0119906 	-0.336552
-0.0118859 	-0.336694
-0.0117812 	-0.336836
-0.0116766 	-0.336977
-0.0116766 	-0.336977
-0.0115719 	-0.337119
-0.0114672 	-0.337261
-0.0113626 	-0.337402
-0.0112579 	-0.337544
-0.0111532 	-0.337686
-0.0110486 	-0.337827
-0.0109439 	-0.337969
-0.0108392 	-0.338111
-0.0107346 	-0.338252
-0.0106299 	-0.338394
-0.0105252 	-0.338535
-0.0104206 	-0.338677
-0.0103159 	-0.338819
-0.0102112 	-0.33896
-0.0101066 	-0.339102
-0.0100019 	-0.339244
-0.00989724 	-0.339385
-0.00979257 	-0.339527
-0.0096879 	-0.339669
-0.00958323 	-0.33981
-0.00947857 	-0.339952
-0.0093739 	-0.340094
-0.00926923 	-0.340235
-0.00916456 	-0.340377
-0.0090599 	-0.340519
-0.00895523 	-0.34066
-0.00885056 	-0.340802
-0.00874589 	-0.340944
-0.00864123 	-0.341085
-0.00853656 	-0.341227
-0.00843189 	-0.341369
-0.00832722 	-0.34151
-0.00822256 	-0.341652
-0.00811789 	-0.341794
-0.00801322 	-0.341935
-0.00790855 	-0.342077
-0.00780389 	-0.342219
-0.00769922 	-0.34236
-0.00759455 	-0.342502
-0.00748988 	-0.342644
-0.00738522 	-0.342785
-0.00728055 	-0.342927
-0.00717588 	-0.343069
-0.00707121 	-0.34321
-0.00696655 	-0.343352
-0.00686188 	-0.343494
-0.00675721 	-0.343635
-0.00665254 	-0.343777
-0.00654788 	-0.343919
-0.00654788 	-0.343919
-0.00644321 	-0.34406
-0.00633854 	-0.344202
-0.00623388 	-0.344343
-0.00612921 	-0.344485
-0.00602454 	-0.344627
-0.00591987 	-0.344768
-0.00581521 	-0.34491
-0.00571054 	-0.345052
-0.00560587 	-0.345193
-0.0055012 	-0.345335
-0.00539654 	-0.345477
-0.00529187 	-0.345618
-0.0051872 	-0.34576
-0.00508253 	-0.345902
-0.00497787 	-0.346043
-0.0048732 	-0.346185
-0.00476853 	-0.346327
-0.00466386 	-0.346468
-0.0045592 	-0.34661
-0.00445453 	-0.346752
-0.00434986 	-0.346893
-0.00424519 	-0.347035
-0.00414053 	-0.347177
-0.00403586 	-0.347318
-0.00393119 	-0.34746
-0.00382652 	-0.347602
-0.00372186 	-0.347743
-0.00361719 	-0.347885
-0.00351252 	-0.348027
-0.00340785 	-0.348168
-0.00330319 	-0.34831
-0.00319852 	-0.348452
-0.00309385 	-0.348593
-0.00298919 	-0.348735
-0.00288452 	-0.348877
-0.00277985 	-0.349018
-0.00267518 	-0.34916
-0.00257052 	-0.349302
-0.00246585 	-0.349443
-0.00236118 	-0.349585
-0.00225651 	-0.349726
-0.00215185 	-0.349868
-0.00204718 	-0.35001
-0.00194251 	-0.350151
-0.00183784 	-0.350293
-0.00173318 	-0.350435
-0.00162851 	-0.350576
-0.00152384 	-0.350718
-0.00141917 	-0.35086
-0.00141917 	-0.35086
-0.00131451 	-0.351001
-0.00120984 	-0.351143
-0.00110517 	-0.351285
-0.0010005 	-0.351426
-0.000895837 	-0.351568
-0.000791169 	-0.35171
-0.000686502 	-0.351851
-0.000581834 	-0.351993
-0.000477167 	-0.352135
-0.0003725 	-0.352276
-0.000267832 	-0.352418
-0.000163165 	-0.35256
-5.84972e-05 	-0.352701
4.61702e-05 	-0.352843
0.000150838 	-0.352985
0.000255505 	-0.353126
0.000360172 	-0.353268
0.00046484 	-0.35341
0.000569507 	-0.353551
0.000674175 	-0.353693
0.000778842 	-0.353835
0.00088351 	-0.353976
0.000988177 	-0.354118
0.00109284 	-0.35426
0.00119751 	-0.354401
0.00130218 	-0.354543
0.00140685 	-0.354685
0.00151151 	-0.354826
0.00161618 	-0.354968
0.00172085 	-0.355109
0.00182552 	-0.355251
0.00193018 	-0.355393
0.00203485 	-0.355534
0.00213952 	-0.355676
0.00224419 	-0.355818
0.00234885 	-0.355959
0.00245352 	-0.356101
0.00255819 	-0.356243
0.00266286 	-0.356384
0.00276752 	-0.356526
0.00287219 	-0.356668
0.00297686 	-0.356809
0.00308153 	-0.356951
0.00318619 	-0.357093
0.00329086 	-0.357234
0.00339553 	-0.357376
0.0035002 	-0.357518
0.00360486 	-0.357659
0.00370953 	-0.357801
0.00370953 	-0.357801
0.00182221 	-0.357797
-6.13809e-05 	-0.357787
-0.0019412 	-0.357769
-0.00381722 	-0.357745
-0.0056894 	-0.357713
-0.00755772 	-0.357674
-0.00942213 	-0.357628
-0.0112826 	-0.357574
-0.0131391 	-0.357514
-0.0149917 	-0.357446
-0.0168402 	-0.357371
-0.0186846 	-0.357288
-0.020525 	-0.357198
-0.0223612 	-0.357101
-0.0241933 	-0.356997
-0.0260212 	-0.356885
-0.0278448 	-0.356765
-0.0296642 	-0.356638
-0.0314794 	-0.356503
-0.0332902 	-0.356361
-0.0350966 	-0.356212
-0.0368987 	-0.356054
-0.0386964 	-0.355889
-0.0404896 	-0.355717
-0.0685501 	-0.351887
-0.0702628 	-0.35158
-0.0719704 	-0.351264
-0.0736731 	-0.35094
-0.0753706 	-0.350608
-0.0599123 	-0.353303
-0.0616497 	-0.353036
-0.0633821 	-0.352761
-0.0651097 	-0.352478
-0.0668324 	-0.352187
-0.0511537 	-0.354518
-0.0529149 	-0.354291
-0.0546714 	-0.354056
-0.0564232 	-0.353813
-0.0581701 	-0.353562
-0.0422783 	-0.355536
-0.0440626 	-0.355348
-0.0458423 	-0.355152
-0.0476174 	-0.354949
-0.0493879 	-0.354737
-0.0821091 	-0.349196
-0.0804323 	-0.349562
-0.0787502 	-0.349919
-0.077063 	-0.350268
-0.0837807 	-0.348822
-0.0837807 	-0.348822
-0.085447 	-0.34844
-0.087108 	-0.348049
-0.0887636 	-0.34765
-0.0904138 	-0.347242
-0.0920587 	-0.346826
-0.0936981 	-0.346401
-0.095332 	-0.345968
-0.0969604 	-0.345525
-0.0985832 	-0.345075
-0.100201 	-0.344615
-0.101812 	-0.344147
-0.103418 	-0.34367
-0.105019 	-0.343184
-0.106613 	-0.34269
-0.108202 	-0.342187
-0.109785 	-0.341674
-0.111363 	-0.341153
-0.112934 	-0.340623
-0.1145 	-0.340084
-0.11606 	-0.339536
-0.117613 	-0.338979
-0.119161 	-0.338413
-0.120703 	-0.337838
-0.122239 	-0.337254
-0.145967 	-0.326647
-0.147395 	-0.325904
-0.148817 	-0.325151
-0.150232 	-0.324389
-0.151641 	-0.323617
-0.138726 	-0.33022
-0.140187 	-0.329525
-0.141642 	-0.32882
-0.14309 	-0.328105
-0.144532 	-0.327381
-0.131326 	-0.333557
-0.132819 	-0.332908
-0.134305 	-0.33225
-0.135785 	-0.331583
-0.137259 	-0.330906
-0.123769 	-0.336661
-0.125293 	-0.336059
-0.12681 	-0.335447
-0.128322 	-0.334826
-0.129827 	-0.334196
-0.157208 	-0.320431
-0.155826 	-0.321242
-0.154438 	-0.322043
-0.153043 	-0.322835
-0.158582 	-0.31961
-0.158582 	-0.31961
-0.15995 	-0.318779
-0.161311 	-0.317939
-0.162665 	-0.317088
-0.164012 	-0.316227
-0.165352 	-0.315357
-0.166685 	-0.314476
-0.168011 	-0.313586
-0.16933 	-0.312685
-0.170642 	-0.311775
-0.171947 	-0.310854
-0.173244 	-0.309923
-0.174534 	-0.308982
-0.175817 	-0.308031
-0.177093 	-0.307069
-0.178361 	-0.306098
-0.179622 	-0.305116
-0.180876 	-0.304123
-0.182122 	-0.303121
-0.183361 	-0.302108
-0.207598 	-0.278386
-0.208665 	-0.277138
-0.209724 	-0.275878
-0.210774 	-0.274608
-0.211816 	-0.273326
-0.202142 	-0.284465
-0.20325 	-0.283271
-0.204349 	-0.282066
-0.20544 	-0.28085
-0.206523 	-0.279624
-0.196487 	-0.290271
-0.197634 	-0.289131
-0.198773 	-0.287981
-0.199904 	-0.28682
-0.201027 	-0.285648
-0.190635 	-0.29581
-0.191821 	-0.294723
-0.192999 	-0.293626
-0.194169 	-0.292519
-0.195332 	-0.2914
-0.184592 	-0.301084
-0.185816 	-0.30005
-0.187032 	-0.299006
-0.188241 	-0.297951
-0.189442 	-0.296886
-0.215902 	-0.268087
-0.214893 	-0.269414
-0.213876 	-0.270729
-0.21285 	-0.272033
-0.216902 	-0.266749
-0.216902 	-0.266749
-0.217399 	-0.266076
-0.217894 	-0.2654
-0.218387 	-0.264722
-0.218878 	-0.26404
-0.219366 	-0.263356
-0.219853 	-0.262669
-0.220337 	-0.261979
-0.220819 	-0.261286
-0.221299 	-0.26059
-0.221777 	-0.259891
-0.222253 	-0.25919
-0.222726 	-0.258486
-0.223198 	-0.257778
-0.223667 	-0.257068
-0.224134 	-0.256355
-0.224599 	-0.25564
-0.225061 	-0.254921
-0.225522 	-0.254199
-0.22598 	-0.253475
-0.231738 	-0.243794
-0.232166 	-0.243028
-0.232591 	-0.24226
-0.233014 	-0.241489
-0.230007 	-0.246825
-0.230443 	-0.246072
-0.230877 	-0.245315
-0.231309 	-0.244556
-0.228239 	-0.24981
-0.228684 	-0.249068
-0.229127 	-0.248323
-0.229568 	-0.247576
-0.226437 	-0.252748
-0.226891 	-0.252018
-0.227342 	-0.251284
-0.227792 	-0.250548
-0.233434 	-0.240715
-0.233853 	-0.239938
-0.234269 	-0.239159
-0.234683 	-0.238376
-0.235094 	-0.23759
-0.235504 	-0.236801
-0.235911 	-0.236009
-0.236315 	-0.235215
-0.238305 	-0.231197
-0.237911 	-0.232006
-0.237516 	-0.232813
-0.237118 	-0.233616
-0.236718 	-0.234417
-0.238696 	-0.230384
-0.238696 	-0.230384
-0.239084 	-0.229568
-0.239471 	-0.22875
-0.239855 	-0.227928
-0.240236 	-0.227104
-0.240616 	-0.226276
-0.240993 	-0.225445
-0.241368 	-0.224612
-0.24174 	-0.223775
-0.24211 	-0.222935
-0.242478 	-0.222093
-0.242843 	-0.221247
-0.243206 	-0.220398
-0.243567 	-0.219546
-0.243925 	-0.218691
-0.244281 	-0.217834
-0.244634 	-0.216973
-0.244986 	-0.216109
-0.245334 	-0.215241
-0.245681 	-0.214371
-0.249966 	-0.202779
-0.250278 	-0.201866
-0.250589 	-0.20095
-0.250896 	-0.20003
-0.248691 	-0.206402
-0.249013 	-0.205501
-0.249333 	-0.204597
-0.249651 	-0.20369
-0.247377 	-0.209975
-0.247709 	-0.209086
-0.248039 	-0.208194
-0.248366 	-0.2073
-0.246025 	-0.213498
-0.246366 	-0.212622
-0.246706 	-0.211743
-0.247043 	-0.21086
-0.251202 	-0.199107
-0.251504 	-0.198181
-0.251805 	-0.197252
-0.252103 	-0.19632
-0.252398 	-0.195385
-0.252691 	-0.194447
-0.252982 	-0.193505
-0.25327 	-0.19256
-0.254673 	-0.18779
-0.254397 	-0.18875
-0.254119 	-0.189707
-0.253839 	-0.190662
-0.253555 	-0.191613
-0.254946 	-0.186826
-0.254946 	-0.186826
-0.254377 	-0.186973
-0.253798 	-0.187117
-0.25321 	-0.18726
-0.252612 	-0.187399
-0.252005 	-0.187537
-0.251388 	-0.187671
-0.250763 	-0.187803
-0.250128 	-0.187933
-0.249484 	-0.18806
-0.248831 	-0.188184
-0.24817 	-0.188305
-0.247499 	-0.188423
-0.24682 	-0.188539
-0.246132 	-0.188651
-0.245436 	-0.188761
-0.232377 	-0.190101
-0.231542 	-0.190146
-0.230699 	-0.190186
-0.22985 	-0.190223
-0.235647 	-0.189881
-0.234841 	-0.189942
-0.234027 	-0.189999
-0.233205 	-0.190052
-0.2388 	-0.189599
-0.238023 	-0.189675
-0.237239 	-0.189747
-0.236447 	-0.189816
-0.24183 	-0.18926
-0.241084 	-0.18935
-0.240331 	-0.189437
-0.239569 	-0.18952
-0.244731 	-0.188867
-0.244018 	-0.18897
-0.243297 	-0.18907
-0.242568 	-0.189167
-0.228995 	-0.190256
-0.228132 	-0.190284
-0.227263 	-0.190308
-0.224617 	-0.190352
-0.223722 	-0.190358
-0.222822 	-0.19036
-0.225505 	-0.190342
-0.221915 	-0.190356
-0.226387 	-0.190327
-0.221002 	-0.190348
-0.219159 	-0.190317
-0.220083 	-0.190335
-0.218228 	-0.190294
-0.217292 	-0.190267
-0.217292 	-0.190267
-0.216351 	-0.190234
-0.215404 	-0.190196
-0.214451 	-0.190153
-0.213493 	-0.190105
-0.21253 	-0.190052
-0.211562 	-0.189993
-0.210589 	-0.189929
-0.209611 	-0.189859
-0.208628 	-0.189784
-0.20764 	-0.189704
-0.206647 	-0.189618
-0.20565 	-0.189526
-0.204648 	-0.189428
-0.203642 	-0.189325
-0.202631 	-0.189216
-0.201616 	-0.189101
-0.200597 	-0.18898
-0.199573 	-0.188853
-0.198546 	-0.188721
-0.197514 	-0.188582
-0.196479 	-0.188436
-0.19544 	-0.188285
-0.194397 	-0.188127
-0.193351 	-0.187963
-0.176182 	-0.184433
-0.175086 	-0.184152
-0.173989 	-0.183865
-0.172889 	-0.18357
-0.171788 	-0.183267
-0.181624 	-0.185726
-0.18054 	-0.185481
-0.179454 	-0.18523
-0.178366 	-0.184971
-0.177275 	-0.184706
-0.187 	-0.186843
-0.185931 	-0.186634
-0.184858 	-0.186417
-0.183783 	-0.186193
-0.182705 	-0.185963
-0.192301 	-0.187793
-0.191247 	-0.187616
-0.19019 	-0.187433
-0.18913 	-0.187243
-0.188067 	-0.187047
-0.167364 	-0.181982
-0.168473 	-0.182314
-0.16958 	-0.18264
-0.170685 	-0.182957
-0.166255 	-0.181641
-0.166255 	-0.181641
-0.165143 	-0.181292
-0.164031 	-0.180936
-0.162917 	-0.180572
-0.161801 	-0.1802
-0.160685 	-0.179819
-0.159568 	-0.179431
-0.15845 	-0.179035
-0.157331 	-0.17863
-0.156211 	-0.178217
-0.15509 	-0.177796
-0.153969 	-0.177366
-0.152848 	-0.176928
-0.151726 	-0.176482
-0.150603 	-0.176027
-0.149481 	-0.175563
-0.148358 	-0.175091
-0.147235 	-0.17461
-0.146112 	-0.17412
-0.144989 	-0.173621
-0.143867 	-0.173114
-0.142744 	-0.172597
-0.141622 	-0.172072
-0.1405 	-0.171537
-0.139379 	-0.170994
-0.121578 	-0.161011
-0.120478 	-0.160304
-0.11938 	-0.159587
-0.118285 	-0.158859
-0.117191 	-0.158122
-0.127104 	-0.164397
-0.125995 	-0.163739
-0.124888 	-0.163072
-0.123783 	-0.162395
-0.12268 	-0.161708
-0.132668 	-0.167538
-0.131552 	-0.166929
-0.130438 	-0.16631
-0.129325 	-0.165682
-0.128214 	-0.165044
-0.138259 	-0.170441
-0.137139 	-0.169879
-0.13602 	-0.169308
-0.134901 	-0.168727
-0.133784 	-0.168137
-0.112841 	-0.155067
-0.113925 	-0.155847
-0.115012 	-0.156615
-0.1161 	-0.157374
-0.11176 	-0.154278
-0.11176 	-0.154278
-0.110682 	-0.153477
-0.109606 	-0.152666
-0.108533 	-0.151845
-0.107463 	-0.151012
-0.106396 	-0.150169
-0.105332 	-0.149315
-0.104272 	-0.14845
-0.103215 	-0.147574
-0.102161 	-0.146687
-0.10111 	-0.145789
-0.100063 	-0.14488
-0.0990201 	-0.143959
-0.0979805 	-0.143028
-0.0969447 	-0.142084
-0.0959128 	-0.14113
-0.0948848 	-0.140164
-0.0938609 	-0.139187
-0.0928411 	-0.138198
-0.0918255 	-0.137197
-0.0908143 	-0.136185
-0.0898074 	-0.135161
-0.088805 	-0.134126
-0.0878071 	-0.133078
-0.0868139 	-0.132019
-0.0716215 	-0.113406
-0.07072 	-0.112136
-0.0698246 	-0.110853
-0.0689355 	-0.109557
-0.0680527 	-0.108248
-0.0762184 	-0.119565
-0.0752874 	-0.118359
-0.0743621 	-0.11714
-0.0734426 	-0.115908
-0.0725291 	-0.114664
-0.0809565 	-0.12541
-0.0799981 	-0.124266
-0.079045 	-0.123109
-0.0780973 	-0.12194
-0.0771551 	-0.120759
-0.0858254 	-0.130948
-0.0848416 	-0.129864
-0.0838628 	-0.128769
-0.082889 	-0.127662
-0.0819202 	-0.126542
-0.0645864 	-0.102881
-0.0654431 	-0.104243
-0.0663064 	-0.105591
-0.0671763 	-0.106926
-0.0637365 	-0.101506
-0.0637365 	-0.101506
-0.0625423 	-0.0995344
-0.0613754 	-0.0975598
-0.0602356 	-0.0955822
-0.0591228 	-0.0936019
-0.0580369 	-0.091619
-0.0569778 	-0.0896335
-0.0559454 	-0.0876457
-0.0549396 	-0.0856556
-0.0539602 	-0.0836634
-0.0530071 	-0.0816692
-0.0520803 	-0.0796731
-0.0511796 	-0.0776753
-0.0503049 	-0.0756758
-0.0494561 	-0.0736749
-0.0486331 	-0.0716727
-0.0384778 	-0.0375536
-0.0380996 	-0.0355492
-0.0377452 	-0.0335459
-0.0374142 	-0.0315439
-0.040229 	-0.0455796
-0.0397552 	-0.0435721
-0.0393054 	-0.0415652
-0.0388797 	-0.0395589
-0.0423677 	-0.0536131
-0.0417963 	-0.0516045
-0.0412495 	-0.049596
-0.0407271 	-0.0475876
-0.0449008 	-0.0616457
-0.0442302 	-0.0596381
-0.0435845 	-0.0576301
-0.0429637 	-0.0556217
-0.0478358 	-0.0696692
-0.047064 	-0.0676647
-0.0463176 	-0.0656591
-0.0455966 	-0.0636528
-0.0371067 	-0.0295432
-0.0368225 	-0.027544
-0.0365615 	-0.0255465
-0.0363236 	-0.0235507
-0.0361086 	-0.0215568
-0.0359166 	-0.019565
-0.0357472 	-0.0175752
-0.0356006 	-0.0155878
-0.0352028 	-0.00568922
-0.035238 	-0.00766335
-0.0352952 	-0.0096404
-0.0353747 	-0.0116202
-0.0354764 	-0.0136028
-0.0351896 	-0.00371815
-0.0351896 	-0.00371815
-0.0351983 	-0.00175026
-0.0352287 	0.000214324
-0.0352807 	0.00217546
-0.0353542 	0.00413303
-0.0354492 	0.0060869
-0.0355654 	0.00803694
-0.0357028 	0.00998303
-0.0358613 	0.011925
-0.0360407 	0.0138628
-0.036241 	0.0157962
-0.036462 	0.0177252
-0.0367037 	0.0196495
-0.0369658 	0.0215691
-0.0372483 	0.0234839
-0.0375512 	0.0253936
-0.0378741 	0.0272983
-0.0382172 	0.0291976
-0.0385802 	0.0310916
-0.038963 	0.0329801
-0.0393656 	0.034863
-0.0397877 	0.03674
-0.0402294 	0.0386112
-0.0406904 	0.0404763
-0.0411707 	0.0423353
-0.0416702 	0.044188
-0.0521759 	0.0728702
-0.0529839 	0.0745962
-0.0538091 	0.0763135
-0.0546513 	0.0780221
-0.0555104 	0.0797219
-0.0483968 	0.0641155
-0.0491175 	0.0658827
-0.0498558 	0.0676418
-0.0506117 	0.0693929
-0.0513851 	0.0711357
-0.0450631 	0.0551648
-0.0456935 	0.0569699
-0.0463422 	0.0587676
-0.0470091 	0.0605579
-0.047694 	0.0623406
-0.0421887 	0.0460343
-0.0427262 	0.047874
-0.0432824 	0.049707
-0.0438574 	0.0515333
-0.044451 	0.0533526
-0.0591137 	0.0864294
-0.058188 	0.0847665
-0.0572789 	0.0830942
-0.0563863 	0.0814126
-0.0591137 	0.0864294
-0.0600557 	0.0880829
-0.0610139 	0.0897266
-0.0619883 	0.0913606
-0.0629787 	0.0929846
-0.0639849 	0.0945987
-0.065007 	0.0962025
-0.0660448 	0.097796
-0.0670981 	0.0993792
-0.0681669 	0.100952
-0.069251 	0.102514
-0.0703504 	0.104065
-0.0714649 	0.105605
-0.0725944 	0.107134
-0.0737388 	0.108652
-0.0748979 	0.110158
-0.0760718 	0.111653
-0.0772602 	0.113136
-0.078463 	0.114608
-0.0796802 	0.116068
-0.103913 	0.14017
-0.105381 	0.14138
-0.106861 	0.142576
-0.108353 	0.143757
-0.0981629 	0.135188
-0.0995816 	0.136455
-0.101013 	0.137707
-0.102457 	0.138946
-0.0926156 	0.129986
-0.0939831 	0.131307
-0.0953635 	0.132614
-0.0967568 	0.133908
-0.087278 	0.124571
-0.0885923 	0.125944
-0.0899201 	0.127304
-0.0912613 	0.128652
-0.0809116 	0.117516
-0.0821571 	0.118952
-0.0834166 	0.120375
-0.08469 	0.121786
-0.0859771 	0.123185
-0.109857 	0.144923
-0.111373 	0.146075
-0.112901 	0.147211
-0.11444 	0.148332
-0.122304 	0.153709
-0.120709 	0.152665
-0.119125 	0.151605
-0.117552 	0.150529
-0.11599 	0.149439
-0.122304 	0.153709
-0.12391 	0.154737
-0.125526 	0.155749
-0.127154 	0.156745
-0.128791 	0.157725
-0.13044 	0.158688
-0.132098 	0.159635
-0.133767 	0.160565
-0.135445 	0.161479
-0.137134 	0.162375
-0.138833 	0.163255
-0.140541 	0.164117
-0.142259 	0.164962
-0.143986 	0.16579
-0.145723 	0.1666
-0.147469 	0.167392
-0.178463 	0.178033
-0.180357 	0.178485
-0.182258 	0.178917
-0.184166 	0.179329
-0.170961 	0.176026
-0.172825 	0.176557
-0.174697 	0.177069
-0.176576 	0.177561
-0.163582 	0.173707
-0.165415 	0.174316
-0.167256 	0.174905
-0.169104 	0.175475
-0.156334 	0.171085
-0.158134 	0.171768
-0.159941 	0.172433
-0.161758 	0.17308
-0.149224 	0.168167
-0.150988 	0.168923
-0.152761 	0.169662
-0.154543 	0.170382
-0.186081 	0.17972
-0.188003 	0.180091
-0.189932 	0.180441
-0.191867 	0.18077
-0.193808 	0.181078
-0.195756 	0.181366
-0.197711 	0.181632
-0.199671 	0.181877
-0.209561 	0.182777
-0.207572 	0.18264
-0.205588 	0.182482
-0.20361 	0.182302
-0.201637 	0.1821
-0.211556 	0.182891
-0.216836 	0.183087
-0.219461 	0.183129
-0.214201 	0.183008
-0.222076 	0.183133
-0.224681 	0.183101
-0.211556 	0.182891
-0.227276 	0.183032
-0.22986 	0.182926
-0.232433 	0.182785
-0.234995 	0.182607
-0.237545 	0.182394
-0.240085 	0.182146
-0.242613 	0.181863
-0.245129 	0.181545
-0.247633 	0.181193
-0.250124 	0.180807
-0.252604 	0.180386
-0.255071 	0.179933
-0.257525 	0.179446
-0.259967 	0.178926
-0.262395 	0.178373
-0.26481 	0.177788
-0.267211 	0.177171
-0.269599 	0.176522
-0.271973 	0.175841
-0.274333 	0.175129
-0.276679 	0.174386
-0.318295 	0.154753
-0.316255 	0.156032
-0.314198 	0.157285
-0.312123 	0.158512
-0.320317 	0.153449
-0.32232 	0.15212
-0.324305 	0.150766
-0.326272 	0.149388
-0.30149 	0.164248
-0.30365 	0.163154
-0.305794 	0.162034
-0.30792 	0.160887
-0.31003 	0.159712
-0.290444 	0.169293
-0.292685 	0.168341
-0.29491 	0.16736
-0.29712 	0.166351
-0.299313 	0.165313
-0.27901 	0.173613
-0.281327 	0.172808
-0.283629 	0.171974
-0.285916 	0.17111
-0.288188 	0.170216
-0.326272 	0.149388
-0.32822 	0.147985
-0.330149 	0.146559
-0.332059 	0.145108
-0.333949 	0.143635
-0.33582 	0.142138
-0.337671 	0.140618
-0.339503 	0.139076
-0.341314 	0.137512
-0.343105 	0.135925
-0.344876 	0.134317
-0.346626 	0.132688
-0.348355 	0.131037
-0.350063 	0.129366
-0.35175 	0.127674
-0.353416 	0.125961
-0.35506 	0.124229
-0.356682 	0.122477
-0.380749 	0.0899458
-0.381948 	0.0878868
-0.383121 	0.0858135
-0.384268 	0.083726
-0.375706 	0.0980324
-0.377004 	0.0960337
-0.378277 	0.0940195
-0.379526 	0.0919901
-0.370272 	0.105867
-0.371667 	0.103933
-0.373037 	0.101982
-0.374384 	0.100015
-0.364461 	0.11343
-0.365948 	0.111566
-0.367413 	0.109683
-0.368854 	0.107784
-0.358283 	0.120705
-0.359861 	0.118915
-0.361417 	0.117105
-0.36295 	0.115277
-0.38539 	0.0816248
-0.386486 	0.07951
-0.387556 	0.077382
-0.388599 	0.075241
-0.393416 	0.0643517
-0.392507 	0.0665532
-0.39157 	0.0687432
-0.390607 	0.0709213
-0.389616 	0.0730874
-0.394298 	0.0621389
-0.395152 	0.0599151
-0.395979 	0.0576806
-0.395979 	0.0576806
-0.396777 	0.0554357
-0.397547 	0.0531806
-0.398289 	0.0509157
-0.399003 	0.0486413
-0.399688 	0.0463575
-0.400343 	0.0440647
-0.40097 	0.0417632
-0.401568 	0.0394533
-0.402136 	0.0371352
-0.402674 	0.0348092
-0.403182 	0.0324756
-0.405936 	-0.0250769
-0.405636 	-0.0275088
-0.405302 	-0.029941
-0.404933 	-0.0323731
-0.404529 	-0.034805
-0.406918 	-0.0129313
-0.406789 	-0.0153576
-0.406627 	-0.0177857
-0.406431 	-0.0202151
-0.4062 	-0.0226456
-0.407059 	-0.000834614
-0.407097 	-0.00324834
-0.406988 	0.00157575
-0.407102 	-0.00566516
-0.407074 	-0.00808478
-0.406885 	0.00398246
-0.407012 	-0.0105069
-0.406383 	0.0111779
-0.406582 	0.0087838
-0.40675 	0.00638524
-0.40527 	0.0207035
-0.405595 	0.0183303
-0.405889 	0.0159514
-0.406152 	0.0135672
-0.40366 	0.0301347
-0.404109 	0.0277867
-0.404526 	0.0254321
-0.404913 	0.0230709
-0.404089 	-0.0372362
-0.403614 	-0.0396666
-0.403104 	-0.0420959
-0.402557 	-0.0445237
-0.401974 	-0.0469498
-0.399279 	-0.0566316
-0.400008 	-0.0542151
-0.4007 	-0.0517958
-0.401355 	-0.049374
-0.398513 	-0.0590449
-0.398513 	-0.0590449
-0.39771 	-0.0614549
-0.39687 	-0.0638611
-0.395991 	-0.0662634
-0.395076 	-0.0686615
-0.394122 	-0.071055
-0.39313 	-0.0734437
-0.3921 	-0.0758273
-0.391031 	-0.0782055
-0.389923 	-0.0805781
-0.388777 	-0.0829447
-0.387591 	-0.0853051
-0.386366 	-0.087659
-0.385102 	-0.0900062
-0.383798 	-0.0923462
-0.382454 	-0.0946789
-0.38107 	-0.097004
-0.379646 	-0.0993211
-0.378182 	-0.10163
-0.376677 	-0.103931
-0.375131 	-0.106222
-0.373544 	-0.108505
-0.371916 	-0.110778
-0.370247 	-0.113042
-0.368536 	-0.115296
-0.335359 	-0.149782
-0.332913 	-0.151825
-0.330422 	-0.153853
-0.327887 	-0.155865
-0.325305 	-0.157862
-0.346921 	-0.139355
-0.344697 	-0.141468
-0.342429 	-0.143568
-0.340117 	-0.145653
-0.33776 	-0.147725
-0.357388 	-0.128596
-0.355381 	-0.130772
-0.353331 	-0.132937
-0.351238 	-0.135089
-0.349101 	-0.137228
-0.366784 	-0.11754
-0.364989 	-0.119773
-0.363152 	-0.121995
-0.361274 	-0.124207
-0.359352 	-0.126407
-0.314524 	-0.165688
-0.317288 	-0.163756
-0.320006 	-0.161808
-0.322679 	-0.159843
-0.311713 	-0.167603
-0.311713 	-0.167603
-0.310537 	-0.168406
-0.309381 	-0.169217
-0.308244 	-0.170038
-0.307127 	-0.170866
-0.306028 	-0.171704
-0.304949 	-0.172549
-0.303889 	-0.173403
-0.302848 	-0.174264
-0.301827 	-0.175133
-0.300824 	-0.17601
-0.29984 	-0.176895
-0.298874 	-0.177787
-0.297928 	-0.178686
-0.297 	-0.179593
-0.296091 	-0.180506
-0.283418 	-0.196973
-0.282833 	-0.197989
-0.282264 	-0.199009
-0.281714 	-0.200034
-0.285935 	-0.192956
-0.285279 	-0.193953
-0.284641 	-0.194955
-0.284021 	-0.195961
-0.288734 	-0.189019
-0.288008 	-0.189995
-0.287299 	-0.190977
-0.286608 	-0.191964
-0.291821 	-0.185173
-0.291023 	-0.186126
-0.290242 	-0.187085
-0.289479 	-0.188049
-0.2952 	-0.181426
-0.294328 	-0.182353
-0.293474 	-0.183287
-0.292639 	-0.184227
-0.28118 	-0.201062
-0.280664 	-0.202095
-0.280165 	-0.203132
-0.279683 	-0.204172
-0.279217 	-0.205216
-0.278769 	-0.206263
-0.278338 	-0.207313
-0.277923 	-0.208367
-0.276099 	-0.213678
-0.276431 	-0.21261
-0.276779 	-0.211545
-0.277144 	-0.210483
-0.277525 	-0.209424
-0.275784 	-0.214747
-0.275784 	-0.214747
-0.275485 	-0.215819
-0.275203 	-0.216893
-0.274936 	-0.217969
-0.274801 	-0.253635
-0.275047 	-0.254694
-0.275306 	-0.255749
-0.275579 	-0.256802
-0.275866 	-0.257851
-0.276167 	-0.258897
-0.276481 	-0.25994
-0.276809 	-0.260979
-0.27715 	-0.262014
-0.277505 	-0.263045
-0.279058 	-0.267129
-0.27865 	-0.266114
-0.278255 	-0.265095
-0.277874 	-0.264072
-0.273127 	-0.24292
-0.27323 	-0.244
-0.273347 	-0.245078
-0.273478 	-0.246155
-0.273625 	-0.24723
-0.272916 	-0.232064
-0.272978 	-0.230976
-0.272965 	-0.240755
-0.273039 	-0.241838
-0.272834 	-0.237501
-0.27282 	-0.236414
-0.272863 	-0.238586
-0.272822 	-0.235327
-0.272838 	-0.23424
-0.272907 	-0.239671
-0.272869 	-0.233152
-0.273785 	-0.248304
-0.27396 	-0.249375
-0.274149 	-0.250443
-0.274352 	-0.25151
-0.27457 	-0.252574
-0.273256 	-0.227713
-0.273147 	-0.228801
-0.273055 	-0.229888
-0.273844 	-0.223371
-0.273673 	-0.224455
-0.273519 	-0.225541
-0.273379 	-0.226627
-0.274686 	-0.219046
-0.274451 	-0.220125
-0.274233 	-0.221206
-0.274031 	-0.222288
-0.279058 	-0.267129
-0.279479 	-0.268138
-0.279914 	-0.269144
-0.280361 	-0.270144
-0.280821 	-0.271139
-0.281294 	-0.272129
-0.28178 	-0.273114
-0.282279 	-0.274094
-0.28279 	-0.275067
-0.283314 	-0.276036
-0.28385 	-0.276998
-0.284399 	-0.277955
-0.284961 	-0.278905
-0.285534 	-0.279849
-0.28612 	-0.280787
-0.286719 	-0.281718
-0.287329 	-0.282643
-0.287951 	-0.283561
-0.288586 	-0.284472
-0.289232 	-0.285376
-0.289891 	-0.286273
-0.290561 	-0.287162
-0.291243 	-0.288044
-0.291936 	-0.288918
-0.292642 	-0.289785
-0.304572 	-0.30176
-0.305455 	-0.302484
-0.306348 	-0.303198
-0.307251 	-0.303902
-0.301149 	-0.298766
-0.301988 	-0.299529
-0.302839 	-0.300283
-0.3037 	-0.301026
-0.297114 	-0.294814
-0.297899 	-0.295622
-0.298695 	-0.296422
-0.299502 	-0.297213
-0.30032 	-0.297994
-0.293359 	-0.290643
-0.294087 	-0.291494
-0.294827 	-0.292337
-0.295578 	-0.293171
-0.29634 	-0.293997
-0.311923 	-0.307261
-0.310968 	-0.306611
-0.310024 	-0.30595
-0.309089 	-0.305277
-0.308165 	-0.304595
-0.312888 	-0.307901
-0.313863 	-0.308529
-0.313863 	-0.308529
-0.314848 	-0.309146
-0.315843 	-0.309751
-0.316847 	-0.310345
-0.317861 	-0.310927
-0.318885 	-0.311497
-0.319919 	-0.312055
-0.320962 	-0.312601
-0.322014 	-0.313135
-0.323076 	-0.313656
-0.324148 	-0.314165
-0.325228 	-0.314661
-0.326318 	-0.315144
-0.327417 	-0.315614
-0.328525 	-0.316071
-0.329642 	-0.316515
-0.330768 	-0.316945
-0.331903 	-0.317362
-0.333047 	-0.317765
-0.334199 	-0.318154
-0.335361 	-0.31853
-0.336531 	-0.318891
-0.337709 	-0.319238
-0.338896 	-0.319571
-0.340091 	-0.319889
-0.341295 	-0.320193
-0.342507 	-0.320481
-0.343727 	-0.320755
-0.372527 	-0.322729
-0.371142 	-0.322818
-0.369764 	-0.322889
-0.362976 	-0.32298
-0.36164 	-0.322947
-0.36432 	-0.322997
-0.36567 	-0.322996
-0.367028 	-0.322978
-0.368392 	-0.322942
-0.35899 	-0.322829
-0.360312 	-0.322896
-0.35507 	-0.322526
-0.356369 	-0.322644
-0.357676 	-0.322744
-0.34995 	-0.321896
-0.351219 	-0.322078
-0.352495 	-0.322243
-0.353779 	-0.322393
-0.344956 	-0.321014
-0.346192 	-0.321258
-0.347437 	-0.321486
-0.34869 	-0.321699
-0.372527 	-0.322729
-0.373426 	-0.322658
-0.374335 	-0.322574
-0.375252 	-0.322475
-0.376178 	-0.322363
-0.377113 	-0.322238
-0.378056 	-0.322098
-0.379008 	-0.321946
-0.379967 	-0.32178
-0.380935 	-0.321601
-0.38191 	-0.321409
-0.382892 	-0.321204
-0.383882 	-0.320986
-0.384879 	-0.320755
-0.385884 	-0.320512
-0.386894 	-0.320256
-0.387912 	-0.319988
-0.388936 	-0.319707
-0.389966 	-0.319414
-0.391002 	-0.319109
-0.392044 	-0.318793
-0.393092 	-0.318464
-0.394145 	-0.318123
-0.395204 	-0.317771
-0.396268 	-0.317407
-0.413844 	-0.310098
-0.414968 	-0.309554
-0.416093 	-0.309
-0.417221 	-0.308437
-0.41835 	-0.307864
-0.408259 	-0.312671
-0.409371 	-0.312177
-0.410485 	-0.311672
-0.411602 	-0.311158
-0.412722 	-0.310633
-0.402749 	-0.314987
-0.403844 	-0.314545
-0.404943 	-0.314092
-0.406045 	-0.313629
-0.40715 	-0.313155
-0.397337 	-0.317032
-0.39841 	-0.316645
-0.399488 	-0.316247
-0.400571 	-0.315838
-0.401658 	-0.315418
-0.422878 	-0.30548
-0.421745 	-0.306089
-0.420612 	-0.30669
-0.419481 	-0.307281
-0.424012 	-0.304861
-0.424012 	-0.304861
-0.425147 	-0.304234
-0.426282 	-0.303598
-0.427417 	-0.302953
-0.428552 	-0.3023
-0.429686 	-0.301639
-0.430821 	-0.300969
-0.431954 	-0.300291
-0.433087 	-0.299605
-0.434219 	-0.298911
-0.435349 	-0.298209
-0.436478 	-0.2975
-0.437606 	-0.296783
-0.438732 	-0.296058
-0.439856 	-0.295326
-0.440978 	-0.294587
-0.442098 	-0.29384
-0.443216 	-0.293087
-0.44433 	-0.292326
-0.445442 	-0.291559
-0.446551 	-0.290784
-0.447657 	-0.290003
-0.44876 	-0.289216
-0.449858 	-0.288422
-0.450954 	-0.287622
-0.466816 	-0.274928
-0.467828 	-0.274041
-0.468832 	-0.273149
-0.46983 	-0.272253
-0.462706 	-0.27843
-0.463743 	-0.277562
-0.464773 	-0.276689
-0.465798 	-0.275811
-0.457438 	-0.282693
-0.458502 	-0.281851
-0.459561 	-0.281004
-0.460615 	-0.280151
-0.461663 	-0.279293
-0.452045 	-0.286815
-0.453132 	-0.286002
-0.454216 	-0.285184
-0.455294 	-0.284359
-0.456368 	-0.283529
-0.474708 	-0.267709
-0.473748 	-0.268625
-0.47278 	-0.269538
-0.471804 	-0.270447
-0.470821 	-0.271352
-0.47566 	-0.266788
-0.476604 	-0.265864
-0.476604 	-0.265864
-0.47754 	-0.264936
-0.478467 	-0.264004
-0.479385 	-0.26307
-0.480295 	-0.262132
-0.481195 	-0.261191
-0.482086 	-0.260247
-0.482967 	-0.2593
-0.483839 	-0.25835
-0.484701 	-0.257397
-0.485553 	-0.256442
-0.486395 	-0.255484
-0.487226 	-0.254524
-0.488047 	-0.253562
-0.488857 	-0.252597
-0.489656 	-0.25163
-0.501391 	-0.234982
-0.501962 	-0.233996
-0.502519 	-0.23301
-0.503062 	-0.232024
-0.498966 	-0.238923
-0.499593 	-0.237938
-0.500206 	-0.236953
-0.500805 	-0.235968
-0.496325 	-0.242854
-0.497005 	-0.241873
-0.497672 	-0.24089
-0.498325 	-0.239907
-0.49348 	-0.246769
-0.49421 	-0.245793
-0.494927 	-0.244814
-0.495632 	-0.243835
-0.490443 	-0.250662
-0.49122 	-0.249691
-0.491985 	-0.248719
-0.492739 	-0.247745
-0.503589 	-0.231039
-0.504102 	-0.230053
-0.5046 	-0.229068
-0.505082 	-0.228084
-0.505549 	-0.2271
-0.506 	-0.226116
-0.506436 	-0.225134
-0.506855 	-0.224152
-0.508706 	-0.219262
-0.50837 	-0.220237
-0.508016 	-0.221214
-0.507645 	-0.222192
-0.507259 	-0.223172
-0.509026 	-0.218288
-0.51013 	-0.21441
-0.510362 	-0.213445
-0.510575 	-0.212483
-0.51077 	-0.211523
-0.510947 	-0.210565
-0.511105 	-0.20961
-0.511244 	-0.208657
-0.511364 	-0.207708
-0.509026 	-0.218288
-0.509329 	-0.217316
-0.509613 	-0.216345
-0.509881 	-0.215376
-0.511545 	-0.205817
-0.511464 	-0.206761
-0.511474 	-0.198383
-0.511372 	-0.19747
-0.511654 	-0.201144
-0.511672 	-0.202072
-0.511614 	-0.20022
-0.511671 	-0.203003
-0.511649 	-0.203938
-0.511554 	-0.199299
-0.511607 	-0.204876
-0.511249 	-0.196561
-0.511104 	-0.195656
-0.510938 	-0.194756
-0.51075 	-0.193859
-0.51054 	-0.192968
-0.510308 	-0.19208
-0.510054 	-0.191198
-0.509777 	-0.19032
-0.509478 	-0.189447
-0.509155 	-0.188579
-0.50673 	-0.183481
-0.506243 	-0.182651
-0.505731 	-0.181826
-0.505195 	-0.181008
-0.504633 	-0.180195
-0.50881 	-0.187716
-0.508441 	-0.186858
-0.508049 	-0.186006
-0.507633 	-0.185159
-0.507194 	-0.184317
-0.502139 	-0.177007
-0.5028 	-0.177795
-0.503437 	-0.178588
-0.504048 	-0.179389
-0.501452 	-0.176226
-0.500739 	-0.175452
-0.5 	-0.174685
-0.5 	-0.174685
-0.499856 	-0.174537
-0.499713 	-0.174386
-0.499571 	-0.174231
-0.49943 	-0.174074
-0.499291 	-0.173913
-0.499152 	-0.173749
-0.499014 	-0.173582
-0.498878 	-0.173411
-0.498742 	-0.173237
-0.498607 	-0.173061
-0.498474 	-0.172881
-0.498342 	-0.172698
-0.49821 	-0.172512
-0.49808 	-0.172323
-0.497951 	-0.172131
-0.497822 	-0.171936
-0.497695 	-0.171738
-0.497569 	-0.171537
-0.497444 	-0.171333
-0.49732 	-0.171126
-0.497197 	-0.170916
-0.497075 	-0.170704
-0.496954 	-0.170488
-0.496834 	-0.17027
-0.495162 	-0.166665
-0.495059 	-0.166404
-0.494957 	-0.16614
-0.494856 	-0.165874
-0.495585 	-0.167685
-0.495478 	-0.167434
-0.495371 	-0.16718
-0.495266 	-0.166924
-0.496137 	-0.1689
-0.496025 	-0.168663
-0.495913 	-0.168422
-0.495803 	-0.168179
-0.495693 	-0.167933
-0.496715 	-0.170048
-0.496598 	-0.169824
-0.496481 	-0.169598
-0.496365 	-0.169368
-0.496251 	-0.169136
-0.494366 	-0.164505
-0.494462 	-0.164784
-0.494559 	-0.16506
-0.494657 	-0.165333
-0.494756 	-0.165605
-0.494271 	-0.164224
-0.494178 	-0.163941
-0.494178 	-0.163941
-0.494085 	-0.163655
-0.493993 	-0.163367
-0.493903 	-0.163077
-0.493813 	-0.162785
-0.493725 	-0.16249
-0.493637 	-0.162193
-0.493551 	-0.161894
-0.493465 	-0.161592
-0.493381 	-0.161289
-0.493297 	-0.160983
-0.493215 	-0.160675
-0.493134 	-0.160365
-0.493054 	-0.160053
-0.492974 	-0.159739
-0.492896 	-0.159422
-0.491725 	-0.153749
-0.491666 	-0.153398
-0.491607 	-0.153047
-0.49155 	-0.152693
-0.491974 	-0.155132
-0.49191 	-0.154788
-0.491848 	-0.154444
-0.491786 	-0.154097
-0.492239 	-0.156486
-0.492171 	-0.15615
-0.492105 	-0.155812
-0.492039 	-0.155473
-0.492521 	-0.157811
-0.492449 	-0.157482
-0.492378 	-0.157152
-0.492308 	-0.15682
-0.492819 	-0.159104
-0.492743 	-0.158784
-0.492668 	-0.158461
-0.492594 	-0.158137
-0.491493 	-0.152338
-0.491438 	-0.151981
-0.491384 	-0.151623
-0.49133 	-0.151263
-0.491278 	-0.150901
-0.491226 	-0.150538
-0.491176 	-0.150174
-0.491127 	-0.149808
-0.490896 	-0.147955
-0.49094 	-0.148328
-0.490985 	-0.1487
-0.491031 	-0.149071
-0.491079 	-0.14944
-0.490853 	-0.14758
-0.490853 	-0.14758
-0.490811 	-0.147204
-0.49077 	-0.146826
-0.49073 	-0.146447
-0.490691 	-0.146067
-0.490653 	-0.145686
-0.490616 	-0.145303
-0.49058 	-0.144919
-0.490545 	-0.144533
-0.490511 	-0.144147
-0.490478 	-0.143759
-0.490447 	-0.14337
-0.490416 	-0.14298
-0.490386 	-0.142589
-0.490357 	-0.142197
-0.490329 	-0.141803
-0.490014 	-0.134965
-0.490005 	-0.134555
-0.489997 	-0.134144
-0.489989 	-0.133733
-0.490062 	-0.136597
-0.490049 	-0.13619
-0.490036 	-0.135783
-0.490025 	-0.135374
-0.490126 	-0.138216
-0.490108 	-0.137813
-0.490092 	-0.137408
-0.490077 	-0.137003
-0.490206 	-0.13982
-0.490185 	-0.139421
-0.490164 	-0.13902
-0.490145 	-0.138618
-0.490303 	-0.141409
-0.490277 	-0.141013
-0.490252 	-0.140617
-0.490229 	-0.140219
-0.489983 	-0.133321
-0.489978 	-0.132908
-0.489974 	-0.132495
-0.489968 	-0.131666
-0.489967 	-0.131251
-0.48997 	-0.132081
-0.489967 	-0.130835
-0.489968 	-0.130419
-0.489969 	-0.130002
-0.489981 	-0.128748
-0.489976 	-0.129167
-0.489972 	-0.129584
-0.489987 	-0.128329
-0.489994 	-0.12791
-0.489994 	-0.12791
-0.490002 	-0.12749
-0.490011 	-0.12707
-0.490021 	-0.12665
-0.490032 	-0.126229
-0.490044 	-0.125808
-0.490057 	-0.125386
-0.490071 	-0.124964
-0.490086 	-0.124542
-0.490102 	-0.12412
-0.490119 	-0.123698
-0.490137 	-0.123275
-0.490156 	-0.122852
-0.490176 	-0.122429
-0.490197 	-0.122005
-0.490219 	-0.121582
-0.490242 	-0.121158
-0.490266 	-0.120734
-0.490291 	-0.120311
-0.490317 	-0.119887
-0.490345 	-0.119463
-0.490373 	-0.119039
-0.490402 	-0.118615
-0.490432 	-0.118191
-0.490463 	-0.117767
-0.491099 	-0.111006
-0.491147 	-0.110586
-0.491196 	-0.110166
-0.491246 	-0.109746
-0.491298 	-0.109327
-0.490872 	-0.113113
-0.490916 	-0.112691
-0.49096 	-0.112269
-0.491005 	-0.111848
-0.491051 	-0.111427
-0.490671 	-0.115226
-0.49071 	-0.114803
-0.490749 	-0.11438
-0.490789 	-0.113957
-0.49083 	-0.113535
-0.490495 	-0.117344
-0.490529 	-0.11692
-0.490563 	-0.116496
-0.490598 	-0.116073
-0.490634 	-0.115649
-0.491513 	-0.107656
-0.491457 	-0.108073
-0.491403 	-0.10849
-0.49135 	-0.108909
-0.491569 	-0.107239
-0.491569 	-0.107239
-0.491744 	-0.105962
-0.491913 	-0.1047
-0.492078 	-0.103451
-0.492238 	-0.102216
-0.492392 	-0.100996
-0.492542 	-0.0997887
-0.492687 	-0.0985956
-0.492827 	-0.0974164
-0.492962 	-0.0962511
-0.493093 	-0.0950995
-0.493218 	-0.0939618
-0.493339 	-0.0928378
-0.493455 	-0.0917276
-0.493567 	-0.0906312
-0.493674 	-0.0895484
-0.493776 	-0.0884794
-0.493874 	-0.0874241
-0.493967 	-0.0863825
-0.494055 	-0.0853546
-0.494139 	-0.0843403
-0.494219 	-0.0833396
-0.494294 	-0.0823525
-0.494365 	-0.081379
-0.494873 	-0.0633672
-0.494891 	-0.0640459
-0.494906 	-0.0647379
-0.494851 	-0.0627016
-0.494826 	-0.0620492
-0.494797 	-0.06141
-0.494764 	-0.0607839
-0.494921 	-0.0683966
-0.494912 	-0.0691682
-0.494925 	-0.0676383
-0.494926 	-0.0668933
-0.494923 	-0.0661615
-0.494916 	-0.0654431
-0.494883 	-0.0707515
-0.4949 	-0.0699532
-0.49481 	-0.0732267
-0.494838 	-0.0723882
-0.494863 	-0.0715632
-0.494654 	-0.076715
-0.4947 	-0.0758227
-0.49474 	-0.0749439
-0.494777 	-0.0740786
-0.494432 	-0.0804191
-0.494494 	-0.0794728
-0.494552 	-0.07854
-0.494605 	-0.0776208
-0.494764 	-0.0607839
-0.494728 	-0.060171
-0.494688 	-0.0595711
-0.494644 	-0.0589844
-0.494598 	-0.0584107
-0.494547 	-0.0578501
-0.494494 	-0.0573025
-0.494437 	-0.056768
-0.494376 	-0.0562465
-0.494312 	-0.0557379
-0.494245 	-0.0552424
-0.494175 	-0.0547597
-0.494102 	-0.0542901
-0.494025 	-0.0538333
-0.493945 	-0.0533894
-0.493862 	-0.0529585
-0.493776 	-0.0525404
-0.493687 	-0.0521351
-0.493594 	-0.0517427
-0.49159 	-0.0470185
-0.491448 	-0.0468542
-0.491303 	-0.0467023
-0.491157 	-0.046563
-0.492132 	-0.0478014
-0.492 	-0.0475868
-0.491866 	-0.0473848
-0.491729 	-0.0471954
-0.492632 	-0.0487857
-0.492511 	-0.0485206
-0.492387 	-0.0482683
-0.492261 	-0.0480285
-0.493088 	-0.0499725
-0.492978 	-0.0496568
-0.492866 	-0.0493537
-0.49275 	-0.0490634
-0.493499 	-0.0513631
-0.493401 	-0.0509963
-0.4933 	-0.0506423
-0.493195 	-0.0503011
-0.491008 	-0.0464361
-0.490856 	-0.0463216
-0.490702 	-0.0462196
-0.490546 	-0.0461301
-0.489732 	-0.0458678
-0.489899 	-0.0458956
-0.490064 	-0.0459357
-0.490227 	-0.0459881
-0.490388 	-0.0460529
-0.489562 	-0.0458524
-0.489391 	-0.0458493
-0.489391 	-0.0458493
-0.489217 	-0.0458584
-0.489042 	-0.0458799
-0.488864 	-0.0459135
-0.488685 	-0.0459594
-0.488503 	-0.0460175
-0.48832 	-0.0460878
-0.488135 	-0.0461703
-0.487948 	-0.0462649
-0.487759 	-0.0463717
-0.487568 	-0.0464906
-0.487376 	-0.0466216
-0.487182 	-0.0467647
-0.486986 	-0.0469199
-0.486788 	-0.0470871
-0.486589 	-0.0472664
-0.486388 	-0.0474577
-0.486186 	-0.047661
-0.485982 	-0.0478762
-0.485777 	-0.0481035
-0.48557 	-0.0483427
-0.485361 	-0.0485938
-0.485152 	-0.0488569
-0.484941 	-0.0491319
-0.484728 	-0.0494187
-0.481169 	-0.0556102
-0.480938 	-0.0560964
-0.480707 	-0.0565942
-0.480474 	-0.0571035
-0.480241 	-0.0576244
-0.48231 	-0.0533533
-0.482084 	-0.0537814
-0.481856 	-0.0542212
-0.481628 	-0.0546726
-0.481399 	-0.0551356
-0.483426 	-0.0513883
-0.483205 	-0.0517579
-0.482983 	-0.0521392
-0.48276 	-0.0525322
-0.482535 	-0.0529369
-0.484514 	-0.0497174
-0.484299 	-0.050028
-0.484083 	-0.0503504
-0.483865 	-0.0506846
-0.483646 	-0.0510306
-0.479302 	-0.059823
-0.479537 	-0.0592561
-0.479773 	-0.0587007
-0.480007 	-0.0581568
-0.479065 	-0.0604013
-0.479065 	-0.0604013
-0.478828 	-0.060991
-0.478591 	-0.0615922
-0.478353 	-0.0622047
-0.478114 	-0.0628287
-0.477875 	-0.063464
-0.477636 	-0.0641106
-0.477397 	-0.0647686
-0.477157 	-0.0654379
-0.476916 	-0.0661185
-0.476676 	-0.0668104
-0.476435 	-0.0675135
-0.476194 	-0.0682279
-0.475952 	-0.0689535
-0.475711 	-0.0696903
-0.47547 	-0.0704383
-0.475228 	-0.0711974
-0.474986 	-0.0719678
-0.474744 	-0.0727492
-0.474503 	-0.0735418
-0.474261 	-0.0743455
-0.474019 	-0.0751603
-0.473778 	-0.0759862
-0.473536 	-0.0768231
-0.473295 	-0.0776711
-0.46948 	-0.0927251
-0.469246 	-0.093758
-0.469012 	-0.0948016
-0.46878 	-0.095856
-0.468548 	-0.096921
-0.470659 	-0.0877219
-0.470422 	-0.088701
-0.470186 	-0.0896908
-0.46995 	-0.0906915
-0.469714 	-0.0917029
-0.471852 	-0.0829895
-0.471613 	-0.0839143
-0.471374 	-0.0848499
-0.471135 	-0.0857964
-0.470897 	-0.0867537
-0.473054 	-0.07853
-0.472813 	-0.0794
-0.472572 	-0.0802809
-0.472332 	-0.0811729
-0.472092 	-0.0820757
-0.467629 	-0.101288
-0.467857 	-0.10018
-0.468086 	-0.0990831
-0.468317 	-0.0979967
-0.467401 	-0.102406
-0.467401 	-0.102406
-0.467244 	-0.103171
-0.467081 	-0.103933
-0.466911 	-0.104691
-0.466735 	-0.105445
-0.466551 	-0.106196
-0.466362 	-0.106943
-0.466166 	-0.107686
-0.465964 	-0.108426
-0.465755 	-0.109162
-0.465541 	-0.109895
-0.46532 	-0.110624
-0.465093 	-0.11135
-0.464861 	-0.112072
-0.464622 	-0.112791
-0.464378 	-0.113507
-0.464128 	-0.11422
-0.463873 	-0.114929
-0.463612 	-0.115635
-0.463346 	-0.116338
-0.463074 	-0.117037
-0.462797 	-0.117734
-0.462515 	-0.118427
-0.462228 	-0.119117
-0.461936 	-0.119805
-0.456639 	-0.13042
-0.456273 	-0.131062
-0.455904 	-0.131701
-0.455531 	-0.132337
-0.455155 	-0.132972
-0.458411 	-0.127177
-0.458065 	-0.12783
-0.457714 	-0.128482
-0.45736 	-0.12913
-0.457001 	-0.129777
-0.460081 	-0.123868
-0.459755 	-0.124535
-0.459426 	-0.125199
-0.459092 	-0.125861
-0.458753 	-0.12652
-0.461638 	-0.120489
-0.461336 	-0.121171
-0.461029 	-0.121849
-0.460718 	-0.122525
-0.460402 	-0.123198
-0.453616 	-0.135486
-0.454005 	-0.134861
-0.454392 	-0.134233
-0.454775 	-0.133604
-0.453223 	-0.136109
-0.453223 	-0.136109
-0.452828 	-0.13673
-0.45243 	-0.137349
-0.452028 	-0.137966
-0.451624 	-0.138581
-0.451218 	-0.139194
-0.450809 	-0.139805
-0.450397 	-0.140414
-0.449983 	-0.141021
-0.449566 	-0.141626
-0.449147 	-0.14223
-0.448726 	-0.142832
-0.448303 	-0.143432
-0.447878 	-0.14403
-0.447451 	-0.144626
-0.447022 	-0.145221
-0.446591 	-0.145815
-0.446159 	-0.146407
-0.445724 	-0.146997
-0.445289 	-0.147586
-0.437268 	-0.157966
-0.436817 	-0.158533
-0.436367 	-0.159099
-0.435916 	-0.159665
-0.439068 	-0.15569
-0.438618 	-0.156261
-0.438168 	-0.15683
-0.437718 	-0.157399
-0.440863 	-0.153398
-0.440415 	-0.153973
-0.439966 	-0.154546
-0.439518 	-0.155119
-0.442646 	-0.151089
-0.442201 	-0.151668
-0.441756 	-0.152246
-0.44131 	-0.152823
-0.444851 	-0.148173
-0.444413 	-0.148759
-0.443973 	-0.149343
-0.443532 	-0.149926
-0.443089 	-0.150508
-0.435466 	-0.160229
-0.435016 	-0.160793
-0.434566 	-0.161356
-0.434117 	-0.161918
-0.43188 	-0.164723
-0.432326 	-0.164163
-0.432773 	-0.163602
-0.43322 	-0.163042
-0.433668 	-0.16248
-0.43188 	-0.164723
-0.431434 	-0.165282
-0.43099 	-0.165841
-0.430547 	-0.1664
-0.430105 	-0.166958
-0.429664 	-0.167516
-0.429225 	-0.168074
-0.428786 	-0.168631
-0.428349 	-0.169189
-0.427914 	-0.169746
-0.42748 	-0.170303
-0.427048 	-0.17086
-0.426618 	-0.171417
-0.42619 	-0.171974
-0.425763 	-0.172531
-0.425338 	-0.173088
-0.424916 	-0.173645
-0.424495 	-0.174202
-0.424077 	-0.174759
-0.423661 	-0.175317
-0.4185 	-0.182598
-0.418124 	-0.183162
-0.417752 	-0.183727
-0.417384 	-0.184292
-0.420035 	-0.180349
-0.419646 	-0.180911
-0.419261 	-0.181473
-0.418878 	-0.182035
-0.421619 	-0.178109
-0.421219 	-0.178668
-0.420821 	-0.179228
-0.420426 	-0.179788
-0.423248 	-0.175875
-0.422837 	-0.176433
-0.422428 	-0.176991
-0.422022 	-0.17755
-0.417019 	-0.184858
-0.416658 	-0.185425
-0.416301 	-0.185993
-0.415947 	-0.186561
-0.415598 	-0.187131
-0.415252 	-0.187701
-0.414911 	-0.188273
-0.414574 	-0.188845
-0.412954 	-0.191724
-0.413269 	-0.191146
-0.413588 	-0.190569
-0.413912 	-0.189993
-0.414241 	-0.189419
-0.412643 	-0.192303
-0.412643 	-0.192303
-0.412338 	-0.192884
-0.412037 	-0.193466
-0.411741 	-0.194049
-0.41145 	-0.194634
-0.411164 	-0.19522
-0.410884 	-0.195807
-0.410608 	-0.196396
-0.410338 	-0.196986
-0.410073 	-0.197578
-0.409814 	-0.198172
-0.40956 	-0.198767
-0.409312 	-0.199363
-0.409069 	-0.199962
-0.408832 	-0.200562
-0.408601 	-0.201164
-0.405646 	-0.211695
-0.405533 	-0.212334
-0.405428 	-0.212975
-0.405331 	-0.213619
-0.406167 	-0.209162
-0.406026 	-0.209792
-0.405892 	-0.210424
-0.405765 	-0.211058
-0.406799 	-0.206664
-0.406631 	-0.207285
-0.406469 	-0.207909
-0.406314 	-0.208534
-0.407537 	-0.2042
-0.407343 	-0.204813
-0.407155 	-0.205428
-0.406974 	-0.206045
-0.408376 	-0.201767
-0.408157 	-0.202373
-0.407944 	-0.20298
-0.407738 	-0.203589
-0.405241 	-0.214266
-0.405159 	-0.214915
-0.405084 	-0.215566
-0.405017 	-0.21622
-0.404957 	-0.216877
-0.404906 	-0.217536
-0.404863 	-0.218198
-0.404774 	-0.222227
-0.404768 	-0.221549
-0.404771 	-0.220873
-0.404781 	-0.2202
-0.4048 	-0.21953
-0.404827 	-0.218862
-0.404789 	-0.222909
-0.404789 	-0.222909
-0.404794 	-0.22326
-0.404793 	-0.223614
-0.404785 	-0.223971
-0.404771 	-0.224332
-0.404751 	-0.224695
-0.404724 	-0.225061
-0.404691 	-0.22543
-0.404651 	-0.225802
-0.404605 	-0.226176
-0.404553 	-0.226553
-0.404495 	-0.226932
-0.404431 	-0.227314
-0.404361 	-0.227699
-0.404285 	-0.228085
-0.404203 	-0.228474
-0.404115 	-0.228865
-0.404022 	-0.229258
-0.403922 	-0.229653
-0.403817 	-0.230049
-0.403706 	-0.230448
-0.403589 	-0.230848
-0.403467 	-0.23125
-0.403339 	-0.231654
-0.403205 	-0.232059
-0.403066 	-0.232465
-0.400136 	-0.239101
-0.399911 	-0.23952
-0.399681 	-0.239939
-0.399447 	-0.240357
-0.399208 	-0.240776
-0.40119 	-0.237009
-0.400989 	-0.237427
-0.400783 	-0.237845
-0.400572 	-0.238263
-0.400356 	-0.238682
-0.40212 	-0.23493
-0.401944 	-0.235344
-0.401763 	-0.23576
-0.401577 	-0.236175
-0.401386 	-0.236592
-0.402922 	-0.232873
-0.402772 	-0.233282
-0.402617 	-0.233693
-0.402457 	-0.234104
-0.402291 	-0.234517
-0.398208 	-0.242449
-0.398464 	-0.242031
-0.398717 	-0.241613
-0.398964 	-0.241195
-0.398208 	-0.242449
-0.397947 	-0.242866
-0.397681 	-0.243282
-0.397412 	-0.243698
-0.397138 	-0.244113
-0.39686 	-0.244528
-0.396578 	-0.244941
-0.396292 	-0.245354
-0.396002 	-0.245765
-0.395708 	-0.246175
-0.39541 	-0.246584
-0.395109 	-0.246992
-0.394803 	-0.247398
-0.394494 	-0.247803
-0.39418 	-0.248207
-0.393864 	-0.248609
-0.393543 	-0.249009
-0.393219 	-0.249407
-0.392891 	-0.249804
-0.39256 	-0.250199
-0.385664 	-0.257237
-0.385273 	-0.257577
-0.384879 	-0.257914
-0.384482 	-0.258248
-0.387204 	-0.25584
-0.386823 	-0.256194
-0.38644 	-0.256545
-0.386053 	-0.256892
-0.3887 	-0.254394
-0.38833 	-0.25476
-0.387958 	-0.255123
-0.387582 	-0.255483
-0.390503 	-0.252523
-0.390148 	-0.252903
-0.389791 	-0.25328
-0.38943 	-0.253654
-0.389066 	-0.254025
-0.392226 	-0.250592
-0.391888 	-0.250982
-0.391546 	-0.251371
-0.391202 	-0.251758
-0.390854 	-0.252142
-0.382463 	-0.259859
-0.382872 	-0.259544
-0.383278 	-0.259226
-0.383681 	-0.258904
-0.384083 	-0.258578
-0.382053 	-0.260169
-0.38164 	-0.260475
-0.381225 	-0.260777
-0.381225 	-0.260777
-0.380808 	-0.261075
-0.380389 	-0.261368
-0.379968 	-0.261657
-0.379545 	-0.261941
-0.37912 	-0.262221
-0.378693 	-0.262496
-0.378265 	-0.262766
-0.377835 	-0.263032
-0.377403 	-0.263292
-0.376969 	-0.263548
-0.376534 	-0.263798
-0.376097 	-0.264043
-0.375659 	-0.264283
-0.375219 	-0.264518
-0.374777 	-0.264748
-0.3671 	-0.267751
-0.366641 	-0.26787
-0.366181 	-0.267983
-0.365721 	-0.268089
-0.368931 	-0.267206
-0.368474 	-0.267352
-0.368017 	-0.267492
-0.367559 	-0.267625
-0.370749 	-0.266558
-0.370296 	-0.266729
-0.369842 	-0.266895
-0.369387 	-0.267054
-0.372551 	-0.265812
-0.372102 	-0.266007
-0.371652 	-0.266197
-0.371201 	-0.26638
-0.374335 	-0.264972
-0.373891 	-0.26519
-0.373445 	-0.265403
-0.372999 	-0.26561
-0.36526 	-0.268187
-0.364799 	-0.268279
-0.364337 	-0.268364
-0.363875 	-0.268441
-0.363413 	-0.268511
-0.36295 	-0.268573
-0.362488 	-0.268628
-0.362025 	-0.268676
-0.35971 	-0.268798
-0.360173 	-0.268789
-0.360636 	-0.268773
-0.361099 	-0.268748
-0.361562 	-0.268716
-0.359247 	-0.268799
-0.359247 	-0.268799
-0.358784 	-0.268791
-0.358322 	-0.268776
-0.35786 	-0.268752
-0.357398 	-0.26872
-0.356936 	-0.268679
-0.356475 	-0.26863
-0.356015 	-0.268573
-0.355554 	-0.268507
-0.355095 	-0.268432
-0.354636 	-0.268348
-0.354177 	-0.268256
-0.35372 	-0.268155
-0.353263 	-0.268044
-0.352807 	-0.267925
-0.352351 	-0.267796
-0.351897 	-0.267658
-0.351443 	-0.267511
-0.35099 	-0.267354
-0.350539 	-0.267188
-0.350088 	-0.267013
-0.349638 	-0.266828
-0.34919 	-0.266633
-0.348743 	-0.266428
-0.348297 	-0.266213
-0.341365 	-0.261376
-0.340947 	-0.260982
-0.340531 	-0.260577
-0.340117 	-0.260161
-0.339705 	-0.259733
-0.343485 	-0.26318
-0.343057 	-0.262841
-0.342631 	-0.262492
-0.342207 	-0.262131
-0.341785 	-0.261759
-0.345649 	-0.264715
-0.345213 	-0.264429
-0.344778 	-0.264133
-0.344345 	-0.263826
-0.343914 	-0.263508
-0.347852 	-0.265989
-0.347409 	-0.265754
-0.346966 	-0.26551
-0.346526 	-0.265255
-0.346087 	-0.26499
-0.33808 	-0.257905
-0.338483 	-0.25838
-0.338888 	-0.258842
-0.339296 	-0.259293
-0.33768 	-0.257419
-0.33768 	-0.257419
-0.337039 	-0.256607
-0.336433 	-0.255796
-0.335863 	-0.254985
-0.335327 	-0.254174
-0.334826 	-0.253364
-0.334359 	-0.252553
-0.333926 	-0.251742
-0.332258 	-0.247679
-0.332022 	-0.246864
-0.331817 	-0.246048
-0.331643 	-0.24523
-0.333527 	-0.250931
-0.333161 	-0.250119
-0.332827 	-0.249306
-0.332527 	-0.248493
-0.3315 	-0.244411
-0.331388 	-0.24359
-0.331306 	-0.242768
-0.331254 	-0.241943
-0.331231 	-0.241117
-0.331238 	-0.240289
-0.331274 	-0.239458
-0.331339 	-0.238625
-0.331431 	-0.237789
-0.331552 	-0.23695
-0.331701 	-0.236109
-0.331876 	-0.235264
-0.332079 	-0.234417
-0.332309 	-0.233566
-0.332564 	-0.232712
-0.332846 	-0.231854
-0.333154 	-0.230992
-0.333487 	-0.230127
-0.340629 	-0.21753
-0.339975 	-0.218464
-0.339342 	-0.219392
-0.33873 	-0.220315
-0.341303 	-0.216591
-0.341997 	-0.215645
-0.335999 	-0.224846
-0.3365 	-0.22395
-0.337024 	-0.223049
-0.337571 	-0.222143
-0.33814 	-0.221231
-0.333845 	-0.229258
-0.334227 	-0.228384
-0.334635 	-0.227506
-0.335066 	-0.226624
-0.335521 	-0.225738
-0.341997 	-0.215645
-0.342712 	-0.214693
-0.343445 	-0.213735
-0.344198 	-0.21277
-0.34497 	-0.211798
-0.34576 	-0.21082
-0.346568 	-0.209835
-0.347395 	-0.208842
-0.348238 	-0.207843
-0.349099 	-0.206836
-0.349977 	-0.205822
-0.350871 	-0.2048
-0.351782 	-0.203771
-0.352708 	-0.202733
-0.35365 	-0.201687
-0.354608 	-0.200634
-0.35558 	-0.199572
-0.356567 	-0.198501
-0.357568 	-0.197422
-0.358583 	-0.196334
-0.359611 	-0.195238
-0.360653 	-0.194132
-0.361708 	-0.193017
-0.362775 	-0.191893
-0.363855 	-0.19076
-0.382534 	-0.171227
-0.383773 	-0.169912
-0.385018 	-0.168584
-0.386269 	-0.167245
-0.387526 	-0.165894
-0.376449 	-0.177629
-0.37765 	-0.176371
-0.37886 	-0.175102
-0.380078 	-0.173822
-0.381302 	-0.17253
-0.370572 	-0.183753
-0.371729 	-0.182549
-0.372895 	-0.181335
-0.374071 	-0.180111
-0.375255 	-0.178875
-0.364946 	-0.189617
-0.36605 	-0.188464
-0.367164 	-0.187301
-0.36829 	-0.186128
-0.369426 	-0.184946
-0.392604 	-0.160363
-0.391328 	-0.161765
-0.390056 	-0.163154
-0.388788 	-0.16453
-0.393885 	-0.158948
-0.393885 	-0.158948
-0.39517 	-0.15752
-0.396458 	-0.156079
-0.397749 	-0.154625
-0.399043 	-0.153157
-0.400339 	-0.151676
-0.401638 	-0.150181
-0.402938 	-0.148672
-0.40424 	-0.147149
-0.405543 	-0.145611
-0.406847 	-0.14406
-0.408152 	-0.142494
-0.409456 	-0.140913
-0.410761 	-0.139318
-0.412065 	-0.137708
-0.413368 	-0.136082
-0.41467 	-0.134442
-0.415971 	-0.132786
-0.41727 	-0.131115
-0.418567 	-0.129428
-0.419861 	-0.127726
-0.421153 	-0.126007
-0.422442 	-0.124273
-0.423727 	-0.122523
-0.425008 	-0.120756
-0.444739 	-0.0901604
-0.445907 	-0.0880956
-0.447065 	-0.0860119
-0.448214 	-0.0839094
-0.438765 	-0.100207
-0.439977 	-0.0982345
-0.44118 	-0.0962435
-0.442375 	-0.0942342
-0.443561 	-0.0922065
-0.432601 	-0.109806
-0.433847 	-0.107921
-0.435087 	-0.106019
-0.43632 	-0.1041
-0.437546 	-0.102162
-0.426286 	-0.118973
-0.427559 	-0.117173
-0.428827 	-0.115357
-0.430091 	-0.113523
-0.431348 	-0.111673
-0.453796 	-0.0731079
-0.452702 	-0.0753071
-0.451597 	-0.0774868
-0.45048 	-0.079647
-0.449352 	-0.0817878
-0.454878 	-0.0708888
-0.454878 	-0.0708888
-0.455948 	-0.0686498
-0.457005 	-0.0663908
-0.45805 	-0.0641116
-0.459081 	-0.0618121
-0.460098 	-0.0594921
-0.461102 	-0.0571514
-0.462092 	-0.0547901
-0.463067 	-0.0524078
-0.464027 	-0.0500046
-0.464972 	-0.0475801
-0.465902 	-0.0451344
-0.466815 	-0.0426672
-0.467713 	-0.0401784
-0.468594 	-0.0376679
-0.469458 	-0.0351355
-0.481264 	0.0113957
-0.481769 	0.0143455
-0.482252 	0.0173199
-0.482712 	0.0203189
-0.479016 	-0.000161303
-0.479611 	0.00269186
-0.480184 	0.00556899
-0.480735 	0.00847022
-0.476427 	-0.0113371
-0.477105 	-0.00857843
-0.477763 	-0.00579631
-0.4784 	-0.00299065
-0.473516 	-0.0221408
-0.474273 	-0.0194743
-0.475011 	-0.0167849
-0.475729 	-0.0140726
-0.470306 	-0.0325811
-0.471135 	-0.0300046
-0.471947 	-0.0274058
-0.472741 	-0.0247846
-0.483148 	0.0233428
-0.48356 	0.0263916
-0.483947 	0.0294654
-0.48431 	0.0325645
-0.484648 	0.0356889
-0.48496 	0.0388388
-0.485247 	0.0420144
-0.485508 	0.0452157
-0.486413 	0.061614
-0.486286 	0.0582817
-0.486132 	0.0549759
-0.485951 	0.0516963
-0.485743 	0.048443
-0.486511 	0.064973
-0.486511 	0.064973
-0.486496 	0.0815648
-0.486434 	0.0836011
-0.48636 	0.085629
-0.486587 	0.0691715
-0.486605 	0.071258
-0.48661 	0.0733362
-0.486556 	0.0670765
-0.486601 	0.0754059
-0.486579 	0.0774673
-0.486544 	0.0795202
-0.486273 	0.0876486
-0.486173 	0.0896598
-0.48606 	0.0916628
-0.485934 	0.0936575
-0.485796 	0.0956439
-0.485645 	0.097622
-0.485481 	0.0995919
-0.485306 	0.101554
-0.485117 	0.103507
-0.484916 	0.105452
-0.484703 	0.107389
-0.484478 	0.109318
-0.484241 	0.111239
-0.483991 	0.113151
-0.48373 	0.115056
-0.477959 	0.144431
-0.477502 	0.146199
-0.477034 	0.147959
-0.476556 	0.149712
-0.476067 	0.151456
-0.480076 	0.135471
-0.479675 	0.137279
-0.479262 	0.139079
-0.478839 	0.140871
-0.478404 	0.142655
-0.481911 	0.126312
-0.481567 	0.12816
-0.481211 	0.13
-0.480844 	0.131832
-0.480466 	0.133655
-0.483456 	0.116952
-0.483171 	0.11884
-0.482873 	0.12072
-0.482564 	0.122592
-0.482244 	0.124456
-0.474003 	0.158356
-0.474535 	0.156643
-0.475056 	0.154922
-0.475567 	0.153193
-0.474003 	0.158356
-0.473461 	0.160061
-0.472909 	0.161759
-0.472346 	0.163449
-0.471773 	0.165131
-0.471189 	0.166805
-0.470596 	0.168471
-0.469992 	0.17013
-0.469378 	0.171781
-0.468755 	0.173425
-0.468121 	0.175061
-0.467478 	0.176689
-0.466825 	0.178309
-0.466162 	0.179922
-0.465489 	0.181527
-0.464807 	0.183125
-0.464116 	0.184715
-0.463415 	0.186297
-0.462704 	0.187872
-0.461984 	0.18944
-0.461255 	0.190999
-0.460517 	0.192552
-0.45977 	0.194096
-0.459013 	0.195633
-0.458248 	0.197163
-0.444824 	0.220631
-0.443914 	0.222036
-0.442997 	0.223433
-0.442072 	0.224823
-0.44114 	0.226206
-0.449249 	0.2135
-0.44838 	0.214941
-0.447503 	0.216374
-0.446618 	0.2178
-0.445725 	0.219219
-0.453468 	0.206185
-0.452642 	0.207663
-0.451806 	0.209133
-0.450962 	0.210596
-0.45011 	0.212051
-0.457473 	0.198685
-0.45669 	0.2002
-0.455897 	0.201708
-0.455096 	0.203207
-0.454287 	0.2047
-0.437332 	0.231665
-0.438296 	0.230311
-0.439251 	0.22895
-0.440199 	0.227581
-0.436362 	0.233012
-0.436362 	0.233012
-0.435384 	0.234352
-0.434399 	0.235684
-0.433406 	0.23701
-0.432406 	0.238328
-0.4314 	0.23964
-0.430386 	0.240944
-0.429365 	0.242241
-0.428337 	0.243531
-0.427302 	0.244814
-0.426261 	0.246091
-0.425212 	0.24736
-0.424157 	0.248622
-0.423096 	0.249877
-0.422027 	0.251125
-0.420953 	0.252367
-0.419872 	0.253601
-0.418784 	0.254828
-0.41769 	0.256049
-0.398191 	0.275754
-0.396994 	0.276852
-0.395792 	0.277944
-0.394585 	0.279029
-0.402925 	0.271293
-0.401749 	0.272418
-0.400568 	0.273537
-0.399382 	0.274649
-0.407572 	0.266725
-0.406419 	0.267877
-0.40526 	0.269022
-0.404095 	0.270161
-0.412129 	0.262048
-0.410998 	0.263228
-0.409862 	0.2644
-0.40872 	0.265566
-0.41659 	0.257262
-0.415484 	0.258469
-0.414372 	0.259669
-0.413253 	0.260862
-0.393373 	0.280108
-0.392157 	0.28118
-0.390935 	0.282245
-0.389709 	0.283304
-0.383507 	0.2885
-0.384756 	0.287474
-0.386001 	0.286441
-0.387242 	0.285402
-0.388477 	0.284356
-0.382253 	0.289519
-0.380995 	0.290533
-0.380995 	0.290533
-0.379732 	0.291539
-0.378465 	0.292539
-0.377194 	0.293533
-0.375919 	0.29452
-0.37464 	0.295501
-0.373357 	0.296476
-0.37207 	0.297444
-0.370779 	0.298405
-0.369484 	0.299361
-0.368186 	0.30031
-0.366884 	0.301252
-0.365578 	0.302189
-0.364269 	0.303119
-0.362956 	0.304042
-0.36164 	0.30496
-0.360321 	0.305871
-0.358998 	0.306776
-0.357672 	0.307674
-0.356343 	0.308567
-0.338805 	0.319607
-0.337438 	0.320414
-0.336069 	0.321215
-0.334698 	0.322009
-0.344249 	0.31632
-0.342891 	0.317151
-0.341532 	0.317976
-0.340169 	0.318795
-0.349652 	0.312936
-0.348305 	0.313791
-0.346956 	0.31464
-0.345603 	0.315483
-0.355011 	0.309453
-0.353675 	0.310333
-0.352337 	0.311207
-0.350996 	0.312074
-0.333325 	0.322798
-0.331949 	0.32358
-0.330572 	0.324357
-0.329193 	0.325127
-0.327812 	0.325892
-0.326429 	0.326651
-0.325044 	0.327404
-0.323658 	0.328151
-0.316705 	0.331797
-0.318098 	0.33108
-0.31949 	0.330356
-0.320881 	0.329627
-0.32227 	0.328892
-0.31531 	0.332509
-0.31531 	0.332509
-0.31306 	0.333641
-0.310799 	0.334758
-0.30853 	0.335861
-0.30625 	0.336949
-0.303961 	0.338023
-0.301663 	0.339083
-0.299355 	0.340129
-0.297038 	0.341161
-0.294712 	0.342178
-0.292378 	0.343182
-0.290034 	0.344172
-0.287683 	0.345148
-0.285322 	0.34611
-0.282954 	0.347058
-0.280577 	0.347993
-0.239039 	0.36186
-0.236536 	0.362561
-0.234028 	0.363249
-0.231514 	0.363924
-0.248989 	0.358934
-0.246511 	0.359684
-0.244026 	0.360422
-0.241535 	0.361148
-0.258836 	0.355803
-0.256385 	0.356605
-0.253926 	0.357394
-0.251461 	0.35817
-0.268574 	0.352465
-0.26615 	0.353319
-0.263719 	0.35416
-0.261281 	0.354988
-0.278192 	0.348915
-0.275799 	0.349822
-0.273398 	0.350716
-0.27099 	0.351597
-0.228994 	0.364588
-0.226469 	0.365239
-0.223939 	0.365878
-0.221404 	0.366504
-0.218864 	0.367119
-0.216319 	0.367722
-0.213769 	0.368313
-0.211215 	0.368892
-0.198378 	0.371613
-0.200954 	0.371092
-0.203525 	0.37056
-0.206093 	0.370016
-0.208656 	0.36946
-0.195799 	0.372123
-0.195799 	0.372123
-0.193216 	0.372621
-0.190629 	0.373108
-0.188039 	0.373584
-0.185446 	0.374048
-0.182849 	0.374502
-0.18025 	0.374944
-0.177647 	0.375375
-0.175042 	0.375796
-0.172434 	0.376205
-0.169824 	0.376604
-0.167211 	0.376992
-0.164596 	0.37737
-0.161978 	0.377737
-0.159359 	0.378093
-0.156738 	0.378439
-0.11201 	0.382783
-0.109377 	0.382951
-0.106744 	0.383111
-0.104112 	0.383261
-0.122547 	0.382014
-0.119912 	0.38222
-0.117278 	0.382417
-0.114644 	0.382605
-0.133082 	0.381092
-0.130449 	0.381337
-0.127815 	0.381573
-0.125181 	0.381798
-0.143607 	0.380014
-0.140977 	0.380299
-0.138346 	0.380573
-0.135714 	0.380838
-0.154115 	0.378775
-0.15149 	0.3791
-0.148864 	0.379415
-0.146236 	0.379719
-0.10148 	0.383403
-0.0988498 	0.383535
-0.0962204 	0.383658
-0.0935921 	0.383773
-0.0909652 	0.383878
-0.0883398 	0.383975
-0.0857159 	0.384063
-0.0830938 	0.384143
-0.070013 	0.384413
-0.0726247 	0.384376
-0.0752388 	0.38433
-0.0778551 	0.384276
-0.0804734 	0.384214
-0.0674038 	0.384442
-0.0647972 	0.384463
-0.0621933 	0.384476
-0.0595923 	0.384481
-0.0674038 	0.384442
-0.0569943 	0.384477
-0.0543994 	0.384466
-0.0518077 	0.384447
-0.0492195 	0.38442
-0.0466347 	0.384386
-0.0440536 	0.384343
-0.0414762 	0.384294
-0.0389028 	0.384236
-0.0363333 	0.384171
-0.033768 	0.384099
-0.031207 	0.384019
-0.0286504 	0.383933
-0.0260984 	0.383839
-0.023551 	0.383737
-0.0210084 	0.383629
-0.0184707 	0.383514
-0.0159381 	0.383392
-0.0134106 	0.383263
-0.0108885 	0.383127
-0.00837181 	0.382984
-0.00586069 	0.382835
-0.00335526 	0.382679
-0.00085566 	0.382516
0.0453588 	0.378269
0.0429943 	0.378544
0.0406216 	0.378813
0.0382407 	0.379077
0.0477149 	0.377989
0.0500624 	0.377704
0.0524013 	0.377413
0.0547314 	0.377118
0.0262187 	0.380314
0.0286383 	0.380078
0.0310505 	0.379836
0.033455 	0.379589
0.0358518 	0.379336
0.0140124 	0.381407
0.0164676 	0.3812
0.018916 	0.380988
0.0213574 	0.380769
0.0237917 	0.380545
0.00163799 	0.382347
0.00412555 	0.382172
0.00660691 	0.38199
0.00908192 	0.381802
0.0115505 	0.381607
0.0547314 	0.377118
0.0570526 	0.376818
0.0593647 	0.376512
0.0616677 	0.376202
0.0639613 	0.375887
0.0662456 	0.375568
0.0685203 	0.375243
0.0707852 	0.374914
0.0730404 	0.374581
0.0752857 	0.374243
0.0775208 	0.3739
0.0797458 	0.373554
0.0819604 	0.373203
0.0841646 	0.372847
0.0863581 	0.372488
0.088541 	0.372125
0.090713 	0.371757
0.0928741 	0.371386
0.095024 	0.37101
0.0971627 	0.370631
0.135493 	0.362787
0.13738 	0.362345
0.139253 	0.361901
0.141112 	0.361454
0.127808 	0.364529
0.12975 	0.364098
0.131678 	0.363664
0.133592 	0.363227
0.11991 	0.366227
0.121904 	0.365807
0.123885 	0.365384
0.125853 	0.364958
0.109752 	0.36828
0.111808 	0.367876
0.113853 	0.367468
0.115884 	0.367058
0.117904 	0.366644
0.0992901 	0.370248
0.101406 	0.369862
0.10351 	0.369471
0.105603 	0.369078
0.107683 	0.36868
0.150192 	0.359186
0.148405 	0.359644
0.146604 	0.3601
0.144788 	0.360553
0.142957 	0.361005
0.151964 	0.358726
0.153721 	0.358265
0.155463 	0.357801
0.155463 	0.357801
0.157488 	0.357253
0.15951 	0.356699
0.161528 	0.35614
0.163543 	0.355575
0.165555 	0.355004
0.167564 	0.354429
0.169569 	0.353847
0.171571 	0.35326
0.173569 	0.352668
0.175564 	0.35207
0.177556 	0.351467
0.179545 	0.350859
0.18153 	0.350245
0.183513 	0.349626
0.185491 	0.349001
0.187467 	0.348371
0.18944 	0.347736
0.191409 	0.347095
0.193375 	0.346449
0.195338 	0.345798
0.197298 	0.345141
0.199254 	0.34448
0.201208 	0.343813
0.203158 	0.343141
0.233941 	0.331693
0.23584 	0.330935
0.237735 	0.330172
0.239627 	0.329404
0.241516 	0.328631
0.224406 	0.335409
0.226319 	0.334676
0.228229 	0.333937
0.230136 	0.333194
0.23204 	0.332446
0.214794 	0.339
0.216722 	0.338292
0.218648 	0.337579
0.22057 	0.33686
0.222489 	0.336137
0.205105 	0.342464
0.207049 	0.341781
0.20899 	0.341093
0.210928 	0.340401
0.212862 	0.339703
0.249044 	0.325491
0.247166 	0.326284
0.245286 	0.327071
0.243403 	0.327853
0.250919 	0.324695
0.250919 	0.324695
0.25279 	0.323893
0.254659 	0.323086
0.256525 	0.322275
0.258388 	0.321459
0.260248 	0.320639
0.262106 	0.319813
0.26396 	0.318983
0.265812 	0.318149
0.267661 	0.317309
0.269507 	0.316465
0.27135 	0.315617
0.27319 	0.314763
0.275028 	0.313906
0.276863 	0.313043
0.278695 	0.312176
0.280524 	0.311305
0.282351 	0.310429
0.284175 	0.309549
0.285996 	0.308664
0.323626 	0.289073
0.32539 	0.288094
0.327151 	0.28711
0.328909 	0.286123
0.330665 	0.285131
0.314771 	0.293908
0.316547 	0.29295
0.31832 	0.291987
0.320091 	0.29102
0.32186 	0.290049
0.305851 	0.298638
0.30764 	0.297701
0.309426 	0.296759
0.31121 	0.295813
0.312992 	0.294863
0.296866 	0.303261
0.298668 	0.302345
0.300468 	0.301425
0.302265 	0.3005
0.304059 	0.299571
0.287814 	0.307774
0.28963 	0.30688
0.291443 	0.305982
0.293253 	0.305079
0.295061 	0.304172
0.337665 	0.281124
0.335918 	0.282131
0.33417 	0.283135
0.332419 	0.284135
0.339408 	0.280112
0.339408 	0.280112
0.34115 	0.279096
0.342888 	0.278076
0.344625 	0.277052
0.346359 	0.276025
0.348091 	0.274993
0.34982 	0.273958
0.351547 	0.272918
0.353271 	0.271875
0.354993 	0.270828
0.356713 	0.269777
0.358431 	0.268723
0.360146 	0.267664
0.361859 	0.266602
0.363569 	0.265536
0.365278 	0.264466
0.366984 	0.263393
0.368687 	0.262315
0.370389 	0.261234
0.372088 	0.26015
0.407265 	0.236552
0.408917 	0.23539
0.410567 	0.234226
0.412215 	0.233057
0.413861 	0.231886
0.398975 	0.242309
0.400637 	0.241164
0.402297 	0.240016
0.403955 	0.238865
0.405611 	0.23771
0.390632 	0.247981
0.392305 	0.246853
0.393976 	0.245722
0.395644 	0.244588
0.397311 	0.24345
0.382236 	0.253566
0.383919 	0.252456
0.385601 	0.251342
0.38728 	0.250225
0.388957 	0.249105
0.373785 	0.259061
0.375479 	0.25797
0.377172 	0.256874
0.378862 	0.255775
0.38055 	0.254672
0.420424 	0.227169
0.418786 	0.228353
0.417146 	0.229534
0.415504 	0.230712
0.42206 	0.225981
0.42206 	0.225981
0.423693 	0.22479
0.425325 	0.223597
0.426955 	0.2224
0.428583 	0.2212
0.43021 	0.219997
0.431834 	0.21879
0.433456 	0.217581
0.435076 	0.216369
0.436695 	0.215153
0.438312 	0.213935
0.439926 	0.212714
0.441539 	0.211489
0.44315 	0.210262
0.44476 	0.209031
0.446367 	0.207798
0.447973 	0.206562
0.449576 	0.205323
0.451178 	0.204081
0.452779 	0.202836
0.485986 	0.176057
0.48755 	0.174752
0.489111 	0.173446
0.490671 	0.172137
0.49223 	0.170825
0.478146 	0.182539
0.479718 	0.181248
0.481287 	0.179954
0.482855 	0.178657
0.484422 	0.177358
0.470265 	0.188956
0.471845 	0.187678
0.473423 	0.186397
0.474999 	0.185114
0.476573 	0.183828
0.462343 	0.195307
0.463931 	0.194042
0.465517 	0.192775
0.467102 	0.191505
0.468684 	0.190232
0.454377 	0.201588
0.455974 	0.200337
0.457569 	0.199084
0.459162 	0.197828
0.460753 	0.196569
0.498449 	0.165555
0.496897 	0.166876
0.495343 	0.168195
0.493787 	0.169511
0.5 	0.164231
0.500382 	0.163568
0.50035 	0.163546
0.50031 	0.163528
0.500262 	0.163513
0.500072 	0.163488
0.500143 	0.163493
0.499992 	0.163486
0.500207 	0.163501
0.499905 	0.163488
0.49981 	0.163493
0.499707 	0.163502
0.500423 	0.163728
0.500408 	0.163771
0.500431 	0.16369
0.500431 	0.163654
0.500422 	0.163622
0.500385 	0.163816
0.500406 	0.163593
0.499596 	0.163514
0.499477 	0.163529
0.49935 	0.163548
0.499216 	0.16357
0.499073 	0.163596
0.500267 	0.163974
0.500314 	0.163918
0.500353 	0.163865
0.498922 	0.163625
0.498764 	0.163657
0.498598 	0.163693
0.498424 	0.163732
0.498242 	0.163775
0.5 	0.164231
0.500079 	0.164162
0.500149 	0.164096
0.500212 	0.164033
0.496983 	0.164102
0.496746 	0.164168
0.496501 	0.164238
0.496247 	0.164311
0.495986 	0.164388
0.498052 	0.163821
0.497854 	0.16387
0.497648 	0.163923
0.497434 	0.163979
0.497213 	0.164039
0.494863 	0.164728
0.495156 	0.164638
0.49544 	0.164551
0.495717 	0.164468
0.494562 	0.164821
0.494562 	0.164821
0.494254 	0.164918
0.493937 	0.165019
0.493613 	0.165122
0.493281 	0.165229
0.492941 	0.16534
0.492593 	0.165454
0.492237 	0.165571
0.491873 	0.165692
0.491501 	0.165816
0.491122 	0.165943
0.490734 	0.166074
0.490339 	0.166208
0.489936 	0.166346
0.489525 	0.166487
0.489105 	0.166631
0.488678 	0.166779
0.488244 	0.16693
0.487801 	0.167085
0.48735 	0.167243
0.486891 	0.167404
0.486425 	0.167569
0.485951 	0.167737
0.485468 	0.167909
0.484978 	0.168084
0.47606 	0.171345
0.475436 	0.171578
0.474803 	0.171814
0.474163 	0.172053
0.473515 	0.172296
0.479064 	0.170233
0.478479 	0.170448
0.477886 	0.170667
0.477286 	0.17089
0.476677 	0.171116
0.481871 	0.169205
0.481325 	0.169404
0.480772 	0.169606
0.480211 	0.169811
0.479641 	0.17002
0.48448 	0.168262
0.483974 	0.168444
0.48346 	0.168629
0.482938 	0.168818
0.482408 	0.16901
0.470843 	0.173301
0.471523 	0.173045
0.472195 	0.172792
0.472859 	0.172542
0.470155 	0.173561
0.470155 	0.173561
0.46946 	0.173824
0.468756 	0.174091
0.468045 	0.174361
0.467325 	0.174635
0.466598 	0.174911
0.465863 	0.175191
0.46512 	0.175475
0.464369 	0.175762
0.46361 	0.176052
0.462844 	0.176346
0.462069 	0.176643
0.461286 	0.176944
0.460496 	0.177248
0.459698 	0.177555
0.458891 	0.177866
0.458077 	0.17818
0.457255 	0.178498
0.456425 	0.178819
0.455587 	0.179143
0.454742 	0.179471
0.453888 	0.179802
0.453027 	0.180136
0.452157 	0.180474
0.45128 	0.180815
0.436168 	0.186738
0.435156 	0.187137
0.434137 	0.187539
0.433109 	0.187945
0.432074 	0.188354
0.441108 	0.184794
0.440136 	0.185176
0.439156 	0.185561
0.438168 	0.18595
0.437172 	0.186342
0.44585 	0.182934
0.444917 	0.183299
0.443977 	0.183668
0.443028 	0.18404
0.442072 	0.184415
0.450395 	0.18116
0.449501 	0.181508
0.4486 	0.18186
0.447691 	0.182215
0.446775 	0.182573
0.427854 	0.190025
0.428921 	0.189602
0.42998 	0.189183
0.431031 	0.188767
0.426779 	0.190451