OFF
3425 6656 0
-1 -1 0
-0.333333 -1 0
0.333333 -1 0
1 -1 0
1 -0.333333 0
1 0.333333 0
1 1 0
0.333333 1 0
-0.333333 1 0
-1 1 0
-1 0.333333 0
-1 -0.333333 0
-0.6 -0.5 0
0 -0.333333 0
0.6 -0.5 0
0.5 0 0
0.6 0.5 0
0 0.333333 0
-0.6 0.5 0
-0.5 0 0
-0.666667 -1 0
-1 -0.666667 0
-0.8 -0.75 0
0 -1 0
-0.466667 -0.75 0
-0.166667 -0.666667 0
0.666667 -1 0
0.166667 -0.666667 0
0.466667 -0.75 0
1 -0.666667 0
0.8 -0.75 0
1 0 0
0.8 -0.416667 0
0.75 -0.166667 0
1 0.666667 0
0.75 0.166667 0
0.8 0.416667 0
0.666667 1 0
0.8 0.75 0
0 1 0
0.466667 0.75 0
0.166667 0.666667 0
-0.666667 1 0
-0.166667 0.666667 0
-0.466667 0.75 0
-1 0.666667 0
-0.8 0.75 0
-1 0 0
-0.8 0.416667 0
-0.75 0.166667 0
-0.8 -0.416667 0
-0.75 -0.166667 0
-0.3 -0.416667 0
-0.55 -0.25 0
0.3 -0.416667 0
0.25 -0.166667 0
0 0 0
-0.25 -0.166667 0
0.55 -0.25 0
0.55 0.25 0
0.25 0.166667 0
0.3 0.416667 0
-0.3 0.416667 0
-0.25 0.166667 0
-0.55 0.25 0
-0.833333 -1 0
-1 -0.833333 0
-0.9 -0.875 0
-0.5 -1 0
-0.166667 -1 0
-0.4 -0.875 0
-0.25 -0.833333 0
0.166667 -1 0
0.5 -1 0
0.25 -0.833333 0
0.4 -0.875 0
0.833333 -1 0
1 -0.833333 0
0.9 -0.875 0
1 -0.5 0
1 -0.166667 0
0.9 -0.375 0
0.875 -0.25 0
1 0.166667 0
1 0.5 0
0.875 0.25 0
0.9 0.375 0
1 0.833333 0
0.833333 1 0
0.9 0.875 0
0.5 1 0
0.166667 1 0
0.4 0.875 0
0.25 0.833333 0
-0.166667 1 0
-0.5 1 0
-0.25 0.833333 0
-0.4 0.875 0
-0.833333 1 0
-1 0.833333 0
-0.9 0.875 0
-1 0.5 0
-1 0.166667 0
-0.9 0.375 0
-0.875 0.25 0
-1 -0.5 0
-1 -0.166667 0
-0.9 -0.375 0
-0.875 -0.25 0
-0.7 -0.625 0
-0.533333 -0.625 0
-0.7 -0.458333 0
-0.45 -0.458333 0
-0.575 -0.375 0
-0.0833334 -0.5 0
0.0833334 -0.5 0
-0.15 -0.375 0
0.15 -0.375 0
0.125 -0.25 0
0 -0.166667 0
-0.125 -0.25 0
0.533333 -0.625 0
0.7 -0.625 0
0.7 -0.458333 0
0.45 -0.458333 0
0.575 -0.375 0
0.625 -0.0833334 0
0.625 0.0833334 0
0.375 -0.0833334 0
0.525 -0.125 0
0.525 0.125 0
0.375 0.0833334 0
0.7 0.458333 0
0.7 0.625 0
0.533333 0.625 0
0.575 0.375 0
0.45 0.458333 0
0.0833334 0.5 0
-0.0833334 0.5 0
0 0.166667 0
0.125 0.25 0
0.15 0.375 0
-0.15 0.375 0
-0.125 0.25 0
-0.533333 0.625 0
-0.7 0.625 0
-0.7 0.458333 0
-0.45 0.458333 0
-0.575 0.375 0
-0.625 0.0833334 0
-0.625 -0.0833334 0
-0.525 -0.125 0
-0.375 -0.0833334 0
-0.375 0.0833334 0
-0.525 0.125 0
-0.733333 -0.875 0
-0.566667 -0.875 0
-0.9 -0.708333 0
-0.9 -0.541667 0
-0.633333 -0.75 0
-0.8 -0.583333 0
-0.0833334 -0.833333 0
0.0833334 -0.833333 0
-0.316667 -0.708333 0
-0.383333 -0.583333 0
0 -0.666667 0
-0.233333 -0.541667 0
0.566667 -0.875 0
0.733333 -0.875 0
0.316667 -0.708333 0
0.233333 -0.541667 0
0.633333 -0.75 0
0.383333 -0.583333 0
0.9 -0.708333 0
0.9 -0.541667 0
0.8 -0.583333 0
0.875 -0.0833334 0
0.875 0.0833334 0
0.775 -0.291667 0
0.675 -0.333333 0
0.75 0 0
0.65 -0.208333 0
0.9 0.541667 0
0.9 0.708333 0
0.775 0.291667 0
0.65 0.208333 0
0.8 0.583333 0
0.675 0.333333 0
0.733333 0.875 0
0.566667 0.875 0
0.633333 0.75 0
0.0833334 0.833333 0
-0.0833334 0.833333 0
0.316667 0.708333 0
0.383333 0.583333 0
0 0.666667 0
0.233333 0.541667 0
-0.566667 0.875 0
-0.733333 0.875 0
-0.316667 0.708333 0
-0.233333 0.541667 0
-0.633333 0.75 0
-0.383333 0.583333 0
-0.9 0.708333 0
-0.9 0.541667 0
-0.8 0.583333 0
-0.875 0.0833334 0
-0.875 -0.0833334 0
-0.775 0.291667 0
-0.675 0.333333 0
-0.75 0 0
-0.65 0.208333 0
-0.775 -0.291667 0
-0.675 -0.333333 0
-0.65 -0.208333 0
-0.425 -0.333333 0
-0.275 -0.291667 0
-0.4 -0.208333 0
0.275 -0.291667 0
0.425 -0.333333 0
0.125 -0.0833334 0
0.4 -0.208333 0
0.25 0 0
-0.125 -0.0833334 0
0.125 0.0833334 0
-0.125 0.0833334 0
-0.25 0 0
0.4 0.208333 0
0.425 0.333333 0
0.275 0.291667 0
-0.275 0.291667 0
-0.425 0.333333 0
-0.4 0.208333 0
-0.916667 -1 0
-1 -0.916667 0
-0.95 -0.9375 0
-0.416667 -1 0
-0.25 -1 0
-0.366667 -0.9375 0
-0.291667 -0.916667 0
0.25 -1 0
0.416667 -1 0
0.291667 -0.916667 0
0.366667 -0.9375 0
0.916667 -1 0
1 -0.916667 0
0.95 -0.9375 0
1 -0.416667 0
1 -0.25 0
0.95 -0.354167 0
0.9375 -0.291667 0
1 0.25 0
1 0.416667 0
0.9375 0.291667 0
0.95 0.354167 0
1 0.916667 0
0.916667 1 0
0.95 0.9375 0
0.416667 1 0
0.25 1 0
0.366667 0.9375 0
0.291667 0.916667 0
-0.25 1 0
-0.416667 1 0
-0.291667 0.916667 0
-0.366667 0.9375 0
-0.916667 1 0
-1 0.916667 0
-0.95 0.9375 0
-1 0.416667 0
-1 0.25 0
-0.95 0.354167 0
-0.9375 0.291667 0
-1 -0.416667 0
-1 -0.25 0
-0.95 -0.354167 0
-0.9375 -0.291667 0
-0.65 -0.5625 0
-0.566667 -0.5625 0
-0.65 -0.479167 0
-0.525 -0.479167 0
-0.5875 -0.4375 0
-0.0416667 -0.416667 0
0.0416667 -0.416667 0
-0.075 -0.354167 0
0.075 -0.354167 0
0.0625 -0.291667 0
0 -0.25 0
-0.0625 -0.291667 0
0.566667 -0.5625 0
0.65 -0.5625 0
0.65 -0.479167 0
0.525 -0.479167 0
0.5875 -0.4375 0
0.5625 -0.0416667 0
0.5625 0.0416667 0
0.4375 -0.0416667 0
0.5125 -0.0625 0
0.5125 0.0625 0
0.4375 0.0416667 0
0.65 0.479167 0
0.65 0.5625 0
0.566667 0.5625 0
0.5875 0.4375 0
0.525 0.479167 0
0.0416667 0.416667 0
-0.0416667 0.416667 0
0 0.25 0
0.0625 0.291667 0
0.075 0.354167 0
-0.075 0.354167 0
-0.0625 0.291667 0
-0.566667 0.5625 0
-0.65 0.5625 0
-0.65 0.479167 0
-0.525 0.479167 0
-0.5875 0.4375 0
-0.5625 0.0416667 0
-0.5625 -0.0416667 0
-0.5125 -0.0625 0
-0.4375 -0.0416667 0
-0.4375 0.0416667 0
-0.5125 0.0625 0
-0.75 -1 0
-0.583333 -1 0
-0.7 -0.9375 0
-0.616667 -0.9375 0
-1 -0.75 0
-1 -0.583333 0
-0.95 -0.6875 0
-0.95 -0.604167 0
-0.85 -0.8125 0
-0.75 -0.6875 0
-0.766667 -0.8125 0
-0.85 -0.729167 0
-0.716667 -0.75 0
-0.8 -0.666667 0
-0.0833334 -1 0
0.0833334 -1 0
-0.0416667 -0.916667 0
0.0416667 -0.916667 0
-0.433333 -0.8125 0
-0.5 -0.6875 0
-0.516667 -0.8125 0
-0.55 -0.75 0
-0.391667 -0.729167 0
-0.425 -0.666667 0
-0.208333 -0.75 0
-0.125 -0.583333 0
-0.125 -0.75 0
-0.241667 -0.6875 0
-0.0833334 -0.666667 0
-0.2 -0.604167 0
0.583333 -1 0
0.75 -1 0
0.616667 -0.9375 0
0.7 -0.9375 0
0.208333 -0.75 0
0.125 -0.583333 0
0.125 -0.75 0
0.0833334 -0.666667 0
0.241667 -0.6875 0
0.2 -0.604167 0
0.433333 -0.8125 0
0.5 -0.6875 0
0.516667 -0.8125 0
0.391667 -0.729167 0
0.55 -0.75 0
0.425 -0.666667 0
1 -0.75 0
1 -0.583333 0
0.95 -0.6875 0
0.95 -0.604167 0
0.85 -0.8125 0
0.75 -0.6875 0
0.766667 -0.8125 0
0.716667 -0.75 0
0.85 -0.729167 0
0.8 -0.666667 0
1 -0.0833334 0
1 0.0833334 0
0.9375 -0.0416667 0
0.9375 0.0416667 0
0.85 -0.395833 0
0.75 -0.4375 0
0.85 -0.479167 0
0.8 -0.5 0
0.7875 -0.354167 0
0.7375 -0.375 0
0.8125 -0.208333 0
0.6875 -0.125 0
0.8125 -0.125 0
0.7625 -0.229167 0
0.75 -0.0833334 0
0.7 -0.1875 0
1 0.583333 0
1 0.75 0
0.95 0.604167 0
0.95 0.6875 0
0.8125 0.208333 0
0.6875 0.125 0
0.8125 0.125 0
0.75 0.0833334 0
0.7625 0.229167 0
0.7 0.1875 0
0.85 0.395833 0
0.75 0.4375 0
0.85 0.479167 0
0.7875 0.354167 0
0.8 0.5 0
0.7375 0.375 0
0.75 1 0
0.583333 1 0
0.7 0.9375 0
0.616667 0.9375 0
0.85 0.8125 0
0.75 0.6875 0
0.85 0.729167 0
0.8 0.666667 0
0.766667 0.8125 0
0.716667 0.75 0
0.0833334 1 0
-0.0833334 1 0
0.0416667 0.916667 0
-0.0416667 0.916667 0
0.433333 0.8125 0
0.5 0.6875 0
0.516667 0.8125 0
0.55 0.75 0
0.391667 0.729167 0
0.425 0.666667 0
0.208333 0.75 0
0.125 0.583333 0
0.125 0.75 0
0.241667 0.6875 0
0.0833334 0.666667 0
0.2 0.604167 0
-0.583333 1 0
-0.75 1 0
-0.616667 0.9375 0
-0.7 0.9375 0
-0.208333 0.75 0
-0.125 0.583333 0
-0.125 0.75 0
-0.0833334 0.666667 0
-0.241667 0.6875 0
-0.2 0.604167 0
-0.433333 0.8125 0
-0.5 0.6875 0
-0.516667 0.8125 0
-0.391667 0.729167 0
-0.55 0.75 0
-0.425 0.666667 0
-1 0.75 0
-1 0.583333 0
-0.95 0.6875 0
-0.95 0.604167 0
-0.85 0.8125 0
-0.75 0.6875 0
-0.766667 0.8125 0
-0.716667 0.75 0
-0.85 0.729167 0
-0.8 0.666667 0
-1 0.0833334 0
-1 -0.0833334 0
-0.9375 0.0416667 0
-0.9375 -0.0416667 0
-0.85 0.395833 0
-0.75 0.4375 0
-0.85 0.479167 0
-0.8 0.5 0
-0.7875 0.354167 0
-0.7375 0.375 0
-0.8125 0.208333 0
-0.6875 0.125 0
-0.8125 0.125 0
-0.7625 0.229167 0
-0.75 0.0833334 0
-0.7 0.1875 0
-0.85 -0.395833 0
-0.75 -0.4375 0
-0.85 -0.479167 0
-0.8 -0.5 0
-0.7875 -0.354167 0
-0.7375 -0.375 0
-0.8125 -0.208333 0
-0.6875 -0.125 0
-0.8125 -0.125 0
-0.75 -0.0833334 0
-0.7625 -0.229167 0
-0.7 -0.1875 0
-0.375 -0.4375 0
-0.225 -0.395833 0
-0.341667 -0.5 0
-0.266667 -0.479167 0
-0.3625 -0.375 0
-0.2875 -0.354167 0
-0.5625 -0.3125 0
-0.5375 -0.1875 0
-0.6125 -0.291667 0
-0.6 -0.229167 0
-0.4875 -0.291667 0
-0.475 -0.229167 0
0.225 -0.395833 0
0.375 -0.4375 0
0.266667 -0.479167 0
0.341667 -0.5 0
0.2875 -0.354167 0
0.3625 -0.375 0
0.1875 -0.208333 0
0.3125 -0.125 0
0.2625 -0.229167 0
0.1875 -0.125 0
0.325 -0.1875 0
0.25 -0.0833334 0
0 -0.0833334 0
0 0.0833334 0
0.0625 -0.0416667 0
-0.0625 -0.0416667 0
0.0625 0.0416667 0
-0.0625 0.0416667 0
-0.1875 -0.208333 0
-0.3125 -0.125 0
-0.2625 -0.229167 0
-0.325 -0.1875 0
-0.1875 -0.125 0
-0.25 -0.0833334 0
0.5625 -0.3125 0
0.5375 -0.1875 0
0.6125 -0.291667 0
0.6 -0.229167 0
0.4875 -0.291667 0
0.475 -0.229167 0
0.5375 0.1875 0
0.5625 0.3125 0
0.6 0.229167 0
0.6125 0.291667 0
0.475 0.229167 0
0.4875 0.291667 0
0.3125 0.125 0
0.1875 0.208333 0
0.25 0.0833334 0
0.1875 0.125 0
0.325 0.1875 0
0.2625 0.229167 0
0.375 0.4375 0
0.225 0.395833 0
0.341667 0.5 0
0.266667 0.479167 0
0.3625 0.375 0
0.2875 0.354167 0
-0.225 0.395833 0
-0.375 0.4375 0
-0.266667 0.479167 0
-0.341667 0.5 0
-0.2875 0.354167 0
-0.3625 0.375 0
-0.1875 0.208333 0
-0.3125 0.125 0
-0.1875 0.125 0
-0.25 0.0833334 0
-0.2625 0.229167 0
-0.325 0.1875 0
-0.5625 0.3125 0
-0.5375 0.1875 0
-0.6125 0.291667 0
-0.6 0.229167 0
-0.4875 0.291667 0
-0.475 0.229167 0
-0.866667 -0.9375 0
-0.783333 -0.9375 0
-0.95 -0.854167 0
-0.95 -0.770833 0
-0.816667 -0.875 0
-0.9 -0.791667 0
-0.45 -0.9375 0
-0.533333 -0.9375 0
-0.208333 -0.916667 0
-0.125 -0.916667 0
-0.325 -0.854167 0
-0.483333 -0.875 0
-0.358333 -0.791667 0
-0.166667 -0.833333 0
-0.283333 -0.770833 0
0.208333 -0.916667 0
0.125 -0.916667 0
0.45 -0.9375 0
0.533333 -0.9375 0
0.325 -0.854167 0
0.166667 -0.833333 0
0.283333 -0.770833 0
0.483333 -0.875 0
0.358333 -0.791667 0
0.866667 -0.9375 0
0.783333 -0.9375 0
0.95 -0.854167 0
0.95 -0.770833 0
0.816667 -0.875 0
0.9 -0.791667 0
0.95 -0.4375 0
0.95 -0.520833 0
0.9375 -0.208333 0
0.9375 -0.125 0
0.8875 -0.3125 0
0.9 -0.458333 0
0.8375 -0.333333 0
0.875 -0.166667 0
0.825 -0.270833 0
0.9375 0.208333 0
0.9375 0.125 0
0.95 0.4375 0
0.95 0.520833 0
0.8875 0.3125 0
0.875 0.166667 0
0.825 0.270833 0
0.9 0.458333 0
0.8375 0.333333 0
0.95 0.854167 0
0.95 0.770833 0
0.866667 0.9375 0
0.783333 0.9375 0
0.9 0.791667 0
0.816667 0.875 0
0.45 0.9375 0
0.533333 0.9375 0
0.208333 0.916667 0
0.125 0.916667 0
0.325 0.854167 0
0.483333 0.875 0
0.358333 0.791667 0
0.166667 0.833333 0
0.283333 0.770833 0
-0.208333 0.916667 0
-0.125 0.916667 0
-0.45 0.9375 0
-0.533333 0.9375 0
-0.325 0.854167 0
-0.166667 0.833333 0
-0.283333 0.770833 0
-0.483333 0.875 0
-0.358333 0.791667 0
-0.866667 0.9375 0
-0.783333 0.9375 0
-0.95 0.854167 0
-0.95 0.770833 0
-0.816667 0.875 0
-0.9 0.791667 0
-0.95 0.4375 0
-0.95 0.520833 0
-0.9375 0.208333 0
-0.9375 0.125 0
-0.8875 0.3125 0
-0.9 0.458333 0
-0.8375 0.333333 0
-0.875 0.166667 0
-0.825 0.270833 0
-0.95 -0.4375 0
-0.95 -0.520833 0
-0.9375 -0.208333 0
-0.9375 -0.125 0
-0.8875 -0.3125 0
-0.9 -0.458333 0
-0.8375 -0.333333 0
-0.875 -0.166667 0
-0.825 -0.270833 0
-0.616667 -0.625 0
-0.7 -0.541667 0
-0.666667 -0.6875 0
-0.75 -0.604167 0
-0.491667 -0.541667 0
-0.583333 -0.6875 0
-0.458333 -0.604167 0
-0.6375 -0.416667 0
-0.75 -0.520833 0
-0.6875 -0.395833 0
-0.5125 -0.416667 0
-0.416667 -0.520833 0
-0.4375 -0.395833 0
-0.625 -0.354167 0
-0.5 -0.354167 0
0 -0.5 0
-0.116667 -0.4375 0
-0.0416667 -0.583333 0
-0.158333 -0.520833 0
0.116667 -0.4375 0
0.0416667 -0.583333 0
0.158333 -0.520833 0
-0.1375 -0.3125 0
-0.191667 -0.458333 0
-0.2125 -0.333333 0
0.1375 -0.3125 0
0.191667 -0.458333 0
0.2125 -0.333333 0
0.0625 -0.208333 0
0.2 -0.270833 0
0.125 -0.166667 0
-0.0625 -0.208333 0
0.0625 -0.125 0
-0.0625 -0.125 0
-0.2 -0.270833 0
-0.125 -0.166667 0
0.616667 -0.625 0
0.491667 -0.541667 0
0.583333 -0.6875 0
0.458333 -0.604167 0
0.7 -0.541667 0
0.666667 -0.6875 0
0.75 -0.604167 0
0.6375 -0.416667 0
0.75 -0.520833 0
0.6875 -0.395833 0
0.5125 -0.416667 0
0.416667 -0.520833 0
0.4375 -0.395833 0
0.625 -0.354167 0
0.5 -0.354167 0
0.625 0 0
0.575 -0.104167 0
0.6875 -0.0416667 0
0.6375 -0.145833 0
0.575 0.104167 0
0.6875 0.0416667 0
0.6375 0.145833 0
0.45 -0.104167 0
0.375 0 0
0.3875 -0.145833 0
0.3125 -0.0416667 0
0.5875 -0.166667 0
0.4625 -0.166667 0
0.45 0.104167 0
0.5875 0.166667 0
0.4625 0.166667 0
0.3125 0.0416667 0
0.3875 0.145833 0
0.7 0.541667 0
0.6375 0.416667 0
0.75 0.520833 0
0.6875 0.395833 0
0.616667 0.625 0
0.75 0.604167 0
0.666667 0.6875 0
0.491667 0.541667 0
0.583333 0.6875 0
0.458333 0.604167 0
0.5125 0.416667 0
0.625 0.354167 0
0.5 0.354167 0
0.416667 0.520833 0
0.4375 0.395833 0
0 0.5 0
0.116667 0.4375 0
0.0416667 0.583333 0
0.158333 0.520833 0
-0.116667 0.4375 0
-0.0416667 0.583333 0
-0.158333 0.520833 0
0.0625 0.208333 0
-0.0625 0.208333 0
0.0625 0.125 0
-0.0625 0.125 0
0.1375 0.3125 0
0.125 0.166667 0
0.2 0.270833 0
0.191667 0.458333 0
0.2125 0.333333 0
-0.1375 0.3125 0
-0.191667 0.458333 0
-0.2125 0.333333 0
-0.125 0.166667 0
-0.2 0.270833 0
-0.616667 0.625 0
-0.491667 0.541667 0
-0.583333 0.6875 0
-0.458333 0.604167 0
-0.7 0.541667 0
-0.666667 0.6875 0
-0.75 0.604167 0
-0.6375 0.416667 0
-0.75 0.520833 0
-0.6875 0.395833 0
-0.5125 0.416667 0
-0.416667 0.520833 0
-0.4375 0.395833 0
-0.625 0.354167 0
-0.5 0.354167 0
-0.625 0 0
-0.575 0.104167 0
-0.6875 0.0416667 0
-0.6375 0.145833 0
-0.575 -0.104167 0
-0.6875 -0.0416667 0
-0.6375 -0.145833 0
-0.45 -0.104167 0
-0.5875 -0.166667 0
-0.4625 -0.166667 0
-0.375 0 0
-0.3875 -0.145833 0
-0.3125 -0.0416667 0
-0.45 0.104167 0
-0.3125 0.0416667 0
-0.3875 0.145833 0
-0.5875 0.166667 0
-0.4625 0.166667 0
-0.65 -0.875 0
-0.683333 -0.8125 0
-0.6 -0.8125 0
-0.9 -0.625 0
-0.85 -0.645833 0
-0.85 -0.5625 0
0 -0.833333 0
-0.0416667 -0.75 0
0.0416667 -0.75 0
-0.35 -0.645833 0
-0.275 -0.625 0
-0.308333 -0.5625 0
0.65 -0.875 0
0.6 -0.8125 0
0.683333 -0.8125 0
0.275 -0.625 0
0.35 -0.645833 0
0.308333 -0.5625 0
0.9 -0.625 0
0.85 -0.645833 0
0.85 -0.5625 0
0.875 0 0
0.8125 -0.0416667 0
0.8125 0.0416667 0
0.725 -0.3125 0
0.7125 -0.25 0
0.6625 -0.270833 0
0.9 0.625 0
0.85 0.5625 0
0.85 0.645833 0
0.7125 0.25 0
0.725 0.3125 0
0.6625 0.270833 0
0.65 0.875 0
0.683333 0.8125 0
0.6 0.8125 0
0 0.833333 0
0.0416667 0.75 0
-0.0416667 0.75 0
0.35 0.645833 0
0.275 0.625 0
0.308333 0.5625 0
-0.65 0.875 0
-0.6 0.8125 0
-0.683333 0.8125 0
-0.275 0.625 0
-0.35 0.645833 0
-0.308333 0.5625 0
-0.9 0.625 0
-0.85 0.645833 0
-0.85 0.5625 0
-0.875 0 0
-0.8125 0.0416667 0
-0.8125 -0.0416667 0
-0.725 0.3125 0
-0.7125 0.25 0
-0.6625 0.270833 0
-0.725 -0.3125 0
-0.7125 -0.25 0
-0.6625 -0.270833 0
-0.35 -0.3125 0
-0.4125 -0.270833 0
-0.3375 -0.25 0
0.35 -0.3125 0
0.3375 -0.25 0
0.4125 -0.270833 0
0.1875 -0.0416667 0
0.125 0 0
0.1875 0.0416667 0
-0.125 0 0
-0.1875 -0.0416667 0
-0.1875 0.0416667 0
0.4125 0.270833 0
0.3375 0.25 0
0.35 0.3125 0
-0.35 0.3125 0
-0.3375 0.25 0
-0.4125 0.270833 0
-0.958333 -1 0
-1 -0.958333 0
-0.975 -0.96875 0
-0.375 -1 0
-0.291667 -1 0
-0.35 -0.96875 0
-0.3125 -0.958333 0
0.291667 -1 0
0.375 -1 0
0.3125 -0.958333 0
0.35 -0.96875 0
0.958333 -1 0
1 -0.958333 0
0.975 -0.96875 0
1 -0.375 0
1 -0.291667 0
0.975 -0.34375 0
0.96875 -0.3125 0
1 0.291667 0
1 0.375 0
0.96875 0.3125 0
0.975 0.34375 0
1 0.958333 0
0.958333 1 0
0.975 0.96875 0
0.375 1 0
0.291667 1 0
0.35 0.96875 0
0.3125 0.958333 0
-0.291667 1 0
-0.375 1 0
-0.3125 0.958333 0
-0.35 0.96875 0
-0.958333 1 0
-1 0.958333 0
-0.975 0.96875 0
-1 0.375 0
-1 0.291667 0
-0.975 0.34375 0
-0.96875 0.3125 0
-1 -0.375 0
-1 -0.291667 0
-0.975 -0.34375 0
-0.96875 -0.3125 0
-0.625 -0.53125 0
-0.583333 -0.53125 0
-0.625 -0.489583 0
-0.5625 -0.489583 0
-0.59375 -0.46875 0
-0.0208333 -0.375 0
0.0208333 -0.375 0
-0.0375 -0.34375 0
0.0375 -0.34375 0
0.03125 -0.3125 0
0 -0.291667 0
-0.03125 -0.3125 0
0.583333 -0.53125 0
0.625 -0.53125 0
0.625 -0.489583 0
0.5625 -0.489583 0
0.59375 -0.46875 0
0.53125 -0.0208333 0
0.53125 0.0208333 0
0.46875 -0.0208333 0
0.50625 -0.03125 0
0.50625 0.03125 0
0.46875 0.0208333 0
0.625 0.489583 0
0.625 0.53125 0
0.583333 0.53125 0
0.59375 0.46875 0
0.5625 0.489583 0
0.0208333 0.375 0
-0.0208333 0.375 0
0 0.291667 0
0.03125 0.3125 0
0.0375 0.34375 0
-0.0375 0.34375 0
-0.03125 0.3125 0
-0.583333 0.53125 0
-0.625 0.53125 0
-0.625 0.489583 0
-0.5625 0.489583 0
-0.59375 0.46875 0
-0.53125 0.0208333 0
-0.53125 -0.0208333 0
-0.50625 -0.03125 0
-0.46875 -0.0208333 0
-0.46875 0.0208333 0
-0.50625 0.03125 0
-0.708333 -1 0
-0.625 -1 0
-0.683333 -0.96875 0
-0.641667 -0.96875 0
-1 -0.708333 0
-1 -0.625 0
-0.975 -0.677083 0
-0.975 -0.635417 0
-0.825 -0.78125 0
-0.775 -0.71875 0
-0.783333 -0.78125 0
-0.825 -0.739583 0
-0.758333 -0.75 0
-0.8 -0.708333 0
-0.0416667 -1 0
0.0416667 -1 0
-0.0208333 -0.958333 0
0.0208333 -0.958333 0
-0.45 -0.78125 0
-0.483333 -0.71875 0
-0.491667 -0.78125 0
-0.508333 -0.75 0
-0.429167 -0.739583 0
-0.445833 -0.708333 0
-0.1875 -0.708333 0
-0.145833 -0.625 0
-0.145833 -0.708333 0
-0.204167 -0.677083 0
-0.125 -0.666667 0
-0.183333 -0.635417 0
0.625 -1 0
0.708333 -1 0
0.641667 -0.96875 0
0.683333 -0.96875 0
0.1875 -0.708333 0
0.145833 -0.625 0
0.145833 -0.708333 0
0.125 -0.666667 0
0.204167 -0.677083 0
0.183333 -0.635417 0
0.45 -0.78125 0
0.483333 -0.71875 0
0.491667 -0.78125 0
0.429167 -0.739583 0
0.508333 -0.75 0
0.445833 -0.708333 0
1 -0.708333 0
1 -0.625 0
0.975 -0.677083 0
0.975 -0.635417 0
0.825 -0.78125 0
0.775 -0.71875 0
0.783333 -0.78125 0
0.758333 -0.75 0
0.825 -0.739583 0
0.8 -0.708333 0
1 -0.0416667 0
1 0.0416667 0
0.96875 -0.0208333 0
0.96875 0.0208333 0
0.825 -0.40625 0
0.775 -0.427083 0
0.825 -0.447917 0
0.8 -0.458333 0
0.79375 -0.385417 0
0.76875 -0.395833 0
0.78125 -0.1875 0
0.71875 -0.145833 0
0.78125 -0.145833 0
0.75625 -0.197917 0
0.75 -0.125 0
0.725 -0.177083 0
1 0.625 0
1 0.708333 0
0.975 0.635417 0
0.975 0.677083 0
0.78125 0.1875 0
0.71875 0.145833 0
0.78125 0.145833 0
0.75 0.125 0
0.75625 0.197917 0
0.725 0.177083 0
0.825 0.40625 0
0.775 0.427083 0
0.825 0.447917 0
0.79375 0.385417 0
0.8 0.458333 0
0.76875 0.395833 0
0.708333 1 0
0.625 1 0
0.683333 0.96875 0
0.641667 0.96875 0
0.825 0.78125 0
0.775 0.71875 0
0.825 0.739583 0
0.8 0.708333 0
0.783333 0.78125 0
0.758333 0.75 0
0.0416667 1 0
-0.0416667 1 0
0.0208333 0.958333 0
-0.0208333 0.958333 0
0.45 0.78125 0
0.483333 0.71875 0
0.491667 0.78125 0
0.508333 0.75 0
0.429167 0.739583 0
0.445833 0.708333 0
0.1875 0.708333 0
0.145833 0.625 0
0.145833 0.708333 0
0.204167 0.677083 0
0.125 0.666667 0
0.183333 0.635417 0
-0.625 1 0
-0.708333 1 0
-0.641667 0.96875 0
-0.683333 0.96875 0
-0.1875 0.708333 0
-0.145833 0.625 0
-0.145833 0.708333 0
-0.125 0.666667 0
-0.204167 0.677083 0
-0.183333 0.635417 0
-0.45 0.78125 0
-0.483333 0.71875 0
-0.491667 0.78125 0
-0.429167 0.739583 0
-0.508333 0.75 0
-0.445833 0.708333 0
-1 0.708333 0
-1 0.625 0
-0.975 0.677083 0
-0.975 0.635417 0
-0.825 0.78125 0
-0.775 0.71875 0
-0.783333 0.78125 0
-0.758333 0.75 0
-0.825 0.739583 0
-0.8 0.708333 0
-1 0.0416667 0
-1 -0.0416667 0
-0.96875 0.0208333 0
-0.96875 -0.0208333 0
-0.825 0.40625 0
-0.775 0.427083 0
-0.825 0.447917 0
-0.8 0.458333 0
-0.79375 0.385417 0
-0.76875 0.395833 0
-0.78125 0.1875 0
-0.71875 0.145833 0
-0.78125 0.145833 0
-0.75625 0.197917 0
-0.75 0.125 0
-0.725 0.177083 0
-0.825 -0.40625 0
-0.775 -0.427083 0
-0.825 -0.447917 0
-0.8 -0.458333 0
-0.79375 -0.385417 0
-0.76875 -0.395833 0
-0.78125 -0.1875 0
-0.71875 -0.145833 0
-0.78125 -0.145833 0
-0.75 -0.125 0
-0.75625 -0.197917 0
-0.725 -0.177083 0
-0.3375 -0.427083 0
-0.2625 -0.40625 0
-0.320833 -0.458333 0
-0.283333 -0.447917 0
-0.33125 -0.395833 0
-0.29375 -0.385417 0
-0.55625 -0.28125 0
-0.54375 -0.21875 0
-0.58125 -0.270833 0
-0.575 -0.239583 0
-0.51875 -0.270833 0
-0.5125 -0.239583 0
0.2625 -0.40625 0
0.3375 -0.427083 0
0.283333 -0.447917 0
0.320833 -0.458333 0
0.29375 -0.385417 0
0.33125 -0.395833 0
0.21875 -0.1875 0
0.28125 -0.145833 0
0.25625 -0.197917 0
0.21875 -0.145833 0
0.2875 -0.177083 0
0.25 -0.125 0
0 -0.0416667 0
0 0.0416667 0
0.03125 -0.0208333 0
-0.03125 -0.0208333 0
0.03125 0.0208333 0
-0.03125 0.0208333 0
-0.21875 -0.1875 0
-0.28125 -0.145833 0
-0.25625 -0.197917 0
-0.2875 -0.177083 0
-0.21875 -0.145833 0
-0.25 -0.125 0
0.55625 -0.28125 0
0.54375 -0.21875 0
0.58125 -0.270833 0
0.575 -0.239583 0
0.51875 -0.270833 0
0.5125 -0.239583 0
0.54375 0.21875 0
0.55625 0.28125 0
0.575 0.239583 0
0.58125 0.270833 0
0.5125 0.239583 0
0.51875 0.270833 0
0.28125 0.145833 0
0.21875 0.1875 0
0.25 0.125 0
0.21875 0.145833 0
0.2875 0.177083 0
0.25625 0.197917 0
0.3375 0.427083 0
0.2625 0.40625 0
0.320833 0.458333 0
0.283333 0.447917 0
0.33125 0.395833 0
0.29375 0.385417 0
-0.2625 0.40625 0
-0.3375 0.427083 0
-0.283333 0.447917 0
-0.320833 0.458333 0
-0.29375 0.385417 0
-0.33125 0.395833 0
-0.21875 0.1875 0
-0.28125 0.145833 0
-0.21875 0.145833 0
-0.25 0.125 0
-0.25625 0.197917 0
-0.2875 0.177083 0
-0.55625 0.28125 0
-0.54375 0.21875 0
-0.58125 0.270833 0
-0.575 0.239583 0
-0.51875 0.270833 0
-0.5125 0.239583 0
-0.875 -1 0
-0.791667 -1 0
-0.85 -0.96875 0
-0.808333 -0.96875 0
-1 -0.875 0
-1 -0.791667 0
-0.975 -0.84375 0
-0.975 -0.802083 0
-0.925 -0.90625 0
-0.875 -0.84375 0
-0.883333 -0.90625 0
-0.925 -0.864583 0
-0.858333 -0.875 0
-0.9 -0.833333 0
-0.458333 -1 0
-0.541667 -1 0
-0.475 -0.96875 0
-0.516667 -0.96875 0
-0.208333 -1 0
-0.125 -1 0
-0.1875 -0.958333 0
-0.145833 -0.958333 0
-0.383333 -0.90625 0
-0.416667 -0.84375 0
-0.425 -0.90625 0
-0.3625 -0.864583 0
-0.441667 -0.875 0
-0.379167 -0.833333 0
-0.270833 -0.875 0
-0.229167 -0.791667 0
-0.229167 -0.875 0
-0.2875 -0.84375 0
-0.208333 -0.833333 0
-0.266667 -0.802083 0
0.208333 -1 0
0.125 -1 0
0.1875 -0.958333 0
0.145833 -0.958333 0
0.458333 -1 0
0.541667 -1 0
0.475 -0.96875 0
0.516667 -0.96875 0
0.270833 -0.875 0
0.229167 -0.791667 0
0.229167 -0.875 0
0.2875 -0.84375 0
0.208333 -0.833333 0
0.266667 -0.802083 0
0.383333 -0.90625 0
0.416667 -0.84375 0
0.425 -0.90625 0
0.3625 -0.864583 0
0.441667 -0.875 0
0.379167 -0.833333 0
0.875 -1 0
0.791667 -1 0
0.85 -0.96875 0
0.808333 -0.96875 0
1 -0.875 0
1 -0.791667 0
0.975 -0.84375 0
0.975 -0.802083 0
0.925 -0.90625 0
0.875 -0.84375 0
0.883333 -0.90625 0
0.925 -0.864583 0
0.858333 -0.875 0
0.9 -0.833333 0
1 -0.458333 0
1 -0.541667 0
0.975 -0.46875 0
0.975 -0.510417 0
1 -0.208333 0
1 -0.125 0
0.96875 -0.1875 0
0.96875 -0.145833 0
0.925 -0.364583 0
0.875 -0.385417 0
0.925 -0.40625 0
0.89375 -0.34375 0
0.9 -0.416667 0
0.86875 -0.354167 0
0.90625 -0.270833 0
0.84375 -0.229167 0
0.90625 -0.229167 0
0.88125 -0.28125 0
0.875 -0.208333 0
0.85 -0.260417 0
1 0.208333 0
1 0.125 0
0.96875 0.1875 0
0.96875 0.145833 0
1 0.458333 0
1 0.541667 0
0.975 0.46875 0
0.975 0.510417 0
0.90625 0.270833 0
0.84375 0.229167 0
0.90625 0.229167 0
0.88125 0.28125 0
0.875 0.208333 0
0.85 0.260417 0
0.925 0.364583 0
0.875 0.385417 0
0.925 0.40625 0
0.89375 0.34375 0
0.9 0.416667 0
0.86875 0.354167 0
1 0.875 0
1 0.791667 0
0.975 0.84375 0
0.975 0.802083 0
0.875 1 0
0.791667 1 0
0.85 0.96875 0
0.808333 0.96875 0
0.925 0.90625 0
0.875 0.84375 0
0.925 0.864583 0
0.883333 0.90625 0
0.9 0.833333 0
0.858333 0.875 0
0.458333 1 0
0.541667 1 0
0.475 0.96875 0
0.516667 0.96875 0
0.208333 1 0
0.125 1 0
0.1875 0.958333 0
0.145833 0.958333 0
0.383333 0.90625 0
0.416667 0.84375 0
0.425 0.90625 0
0.3625 0.864583 0
0.441667 0.875 0
0.379167 0.833333 0
0.270833 0.875 0
0.229167 0.791667 0
0.229167 0.875 0
0.2875 0.84375 0
0.208333 0.833333 0
0.266667 0.802083 0
-0.208333 1 0
-0.125 1 0
-0.1875 0.958333 0
-0.145833 0.958333 0
-0.458333 1 0
-0.541667 1 0
-0.475 0.96875 0
-0.516667 0.96875 0
-0.270833 0.875 0
-0.229167 0.791667 0
-0.229167 0.875 0
-0.2875 0.84375 0
-0.208333 0.833333 0
-0.266667 0.802083 0
-0.383333 0.90625 0
-0.416667 0.84375 0
-0.425 0.90625 0
-0.3625 0.864583 0
-0.441667 0.875 0
-0.379167 0.833333 0
-0.875 1 0
-0.791667 1 0
-0.85 0.96875 0
-0.808333 0.96875 0
-1 0.875 0
-1 0.791667 0
-0.975 0.84375 0
-0.975 0.802083 0
-0.925 0.90625 0
-0.875 0.84375 0
-0.883333 0.90625 0
-0.925 0.864583 0
-0.858333 0.875 0
-0.9 0.833333 0
-1 0.458333 0
-1 0.541667 0
-0.975 0.46875 0
-0.975 0.510417 0
-1 0.208333 0
-1 0.125 0
-0.96875 0.1875 0
-0.96875 0.145833 0
-0.925 0.364583 0
-0.875 0.385417 0
-0.925 0.40625 0
-0.89375 0.34375 0
-0.9 0.416667 0
-0.86875 0.354167 0
-0.90625 0.270833 0
-0.84375 0.229167 0
-0.90625 0.229167 0
-0.88125 0.28125 0
-0.875 0.208333 0
-0.85 0.260417 0
-1 -0.458333 0
-1 -0.541667 0
-0.975 -0.46875 0
-0.975 -0.510417 0
-1 -0.208333 0
-1 -0.125 0
-0.96875 -0.1875 0
-0.96875 -0.145833 0
-0.925 -0.364583 0
-0.875 -0.385417 0
-0.925 -0.40625 0
-0.89375 -0.34375 0
-0.9 -0.416667 0
-0.86875 -0.354167 0
-0.90625 -0.270833 0
-0.84375 -0.229167 0
-0.90625 -0.229167 0
-0.88125 -0.28125 0
-0.875 -0.208333 0
-0.85 -0.260417 0
-0.675 -0.59375 0
-0.725 -0.65625 0
-0.658333 -0.625 0
-0.7 -0.583333 0
-0.683333 -0.65625 0
-0.725 -0.614583 0
-0.55 -0.59375 0
-0.516667 -0.65625 0
-0.575 -0.625 0
-0.5125 -0.583333 0
-0.558333 -0.65625 0
-0.495833 -0.614583 0
-0.675 -0.46875 0
-0.725 -0.447917 0
-0.7 -0.5 0
-0.66875 -0.4375 0
-0.725 -0.489583 0
-0.69375 -0.427083 0
-0.4875 -0.46875 0
-0.4125 -0.447917 0
-0.470833 -0.5 0
-0.48125 -0.4375 0
-0.433333 -0.489583 0
-0.44375 -0.427083 0
-0.58125 -0.40625 0
-0.56875 -0.34375 0
-0.60625 -0.395833 0
-0.54375 -0.395833 0
-0.6 -0.364583 0
-0.5375 -0.364583 0
-0.0625 -0.458333 0
-0.104167 -0.541667 0
-0.0416667 -0.5 0
-0.1 -0.46875 0
-0.0625 -0.541667 0
-0.120833 -0.510417 0
0.0625 -0.458333 0
0.104167 -0.541667 0
0.0416667 -0.5 0
0.1 -0.46875 0
0.0625 -0.541667 0
0.120833 -0.510417 0
-0.1125 -0.364583 0
-0.1875 -0.385417 0
-0.133333 -0.40625 0
-0.14375 -0.34375 0
-0.170833 -0.416667 0
-0.18125 -0.354167 0
0.1125 -0.364583 0
0.1875 -0.385417 0
0.133333 -0.40625 0
0.14375 -0.34375 0
0.170833 -0.416667 0
0.18125 -0.354167 0
0.09375 -0.270833 0
0.15625 -0.229167 0
0.13125 -0.28125 0
0.09375 -0.229167 0
0.1625 -0.260417 0
0.125 -0.208333 0
0 -0.208333 0
0 -0.125 0
0.03125 -0.1875 0
-0.03125 -0.1875 0
0.03125 -0.145833 0
-0.03125 -0.145833 0
-0.09375 -0.270833 0
-0.15625 -0.229167 0
-0.13125 -0.28125 0
-0.09375 -0.229167 0
-0.1625 -0.260417 0
-0.125 -0.208333 0
0.55 -0.59375 0
0.516667 -0.65625 0
0.575 -0.625 0
0.5125 -0.583333 0
0.558333 -0.65625 0
0.495833 -0.614583 0
0.675 -0.59375 0
0.725 -0.65625 0
0.658333 -0.625 0
0.7 -0.583333 0
0.683333 -0.65625 0
0.725 -0.614583 0
0.675 -0.46875 0
0.725 -0.447917 0
0.7 -0.5 0
0.66875 -0.4375 0
0.725 -0.489583 0
0.69375 -0.427083 0
0.4875 -0.46875 0
0.4125 -0.447917 0
0.470833 -0.5 0
0.48125 -0.4375 0
0.433333 -0.489583 0
0.44375 -0.427083 0
0.58125 -0.40625 0
0.56875 -0.34375 0
0.60625 -0.395833 0
0.54375 -0.395833 0
0.6 -0.364583 0
0.5375 -0.364583 0
0.59375 -0.0625 0
0.65625 -0.104167 0
0.625 -0.0416667 0
0.6 -0.09375 0
0.65625 -0.0625 0
0.63125 -0.114583 0
0.59375 0.0625 0
0.65625 0.104167 0
0.625 0.0416667 0
0.6 0.09375 0
0.65625 0.0625 0
0.63125 0.114583 0
0.40625 -0.0625 0
0.34375 -0.104167 0
0.4125 -0.09375 0
0.375 -0.0416667 0
0.38125 -0.114583 0
0.34375 -0.0625 0
0.51875 -0.09375 0
0.53125 -0.15625 0
0.55 -0.114583 0
0.4875 -0.114583 0
0.55625 -0.145833 0
0.49375 -0.145833 0
0.51875 0.09375 0
0.53125 0.15625 0
0.55 0.114583 0
0.4875 0.114583 0
0.55625 0.145833 0
0.49375 0.145833 0
0.40625 0.0625 0
0.34375 0.104167 0
0.375 0.0416667 0
0.4125 0.09375 0
0.34375 0.0625 0
0.38125 0.114583 0
0.675 0.46875 0
0.725 0.447917 0
0.7 0.5 0
0.66875 0.4375 0
0.725 0.489583 0
0.69375 0.427083 0
0.675 0.59375 0
0.725 0.65625 0
0.7 0.583333 0
0.658333 0.625 0
0.725 0.614583 0
0.683333 0.65625 0
0.55 0.59375 0
0.516667 0.65625 0
0.575 0.625 0
0.5125 0.583333 0
0.558333 0.65625 0
0.495833 0.614583 0
0.58125 0.40625 0
0.56875 0.34375 0
0.60625 0.395833 0
0.54375 0.395833 0
0.6 0.364583 0
0.5375 0.364583 0
0.4875 0.46875 0
0.4125 0.447917 0
0.470833 0.5 0
0.48125 0.4375 0
0.433333 0.489583 0
0.44375 0.427083 0
0.0625 0.458333 0
0.104167 0.541667 0
0.0416667 0.5 0
0.1 0.46875 0
0.0625 0.541667 0
0.120833 0.510417 0
-0.0625 0.458333 0
-0.104167 0.541667 0
-0.0416667 0.5 0
-0.1 0.46875 0
-0.0625 0.541667 0
-0.120833 0.510417 0
0 0.208333 0
0 0.125 0
0.03125 0.1875 0
-0.03125 0.1875 0
0.03125 0.145833 0
-0.03125 0.145833 0
0.09375 0.270833 0
0.15625 0.229167 0
0.09375 0.229167 0
0.13125 0.28125 0
0.125 0.208333 0
0.1625 0.260417 0
0.1125 0.364583 0
0.1875 0.385417 0
0.133333 0.40625 0
0.14375 0.34375 0
0.170833 0.416667 0
0.18125 0.354167 0
-0.1125 0.364583 0
-0.1875 0.385417 0
-0.133333 0.40625 0
-0.14375 0.34375 0
-0.170833 0.416667 0
-0.18125 0.354167 0
-0.09375 0.270833 0
-0.15625 0.229167 0
-0.09375 0.229167 0
-0.13125 0.28125 0
-0.125 0.208333 0
-0.1625 0.260417 0
-0.55 0.59375 0
-0.516667 0.65625 0
-0.575 0.625 0
-0.5125 0.583333 0
-0.558333 0.65625 0
-0.495833 0.614583 0
-0.675 0.59375 0
-0.725 0.65625 0
-0.658333 0.625 0
-0.7 0.583333 0
-0.683333 0.65625 0
-0.725 0.614583 0
-0.675 0.46875 0
-0.725 0.447917 0
-0.7 0.5 0
-0.66875 0.4375 0
-0.725 0.489583 0
-0.69375 0.427083 0
-0.4875 0.46875 0
-0.4125 0.447917 0
-0.470833 0.5 0
-0.48125 0.4375 0
-0.433333 0.489583 0
-0.44375 0.427083 0
-0.58125 0.40625 0
-0.56875 0.34375 0
-0.60625 0.395833 0
-0.54375 0.395833 0
-0.6 0.364583 0
-0.5375 0.364583 0
-0.59375 0.0625 0
-0.65625 0.104167 0
-0.625 0.0416667 0
-0.6 0.09375 0
-0.65625 0.0625 0
-0.63125 0.114583 0
-0.59375 -0.0625 0
-0.65625 -0.104167 0
-0.625 -0.0416667 0
-0.6 -0.09375 0
-0.65625 -0.0625 0
-0.63125 -0.114583 0
-0.51875 -0.09375 0
-0.53125 -0.15625 0
-0.55 -0.114583 0
-0.4875 -0.114583 0
-0.55625 -0.145833 0
-0.49375 -0.145833 0
-0.40625 -0.0625 0
-0.34375 -0.104167 0
-0.4125 -0.09375 0
-0.375 -0.0416667 0
-0.38125 -0.114583 0
-0.34375 -0.0625 0
-0.40625 0.0625 0
-0.34375 0.104167 0
-0.375 0.0416667 0
-0.4125 0.09375 0
-0.34375 0.0625 0
-0.38125 0.114583 0
-0.51875 0.09375 0
-0.53125 0.15625 0
-0.55 0.114583 0
-0.4875 0.114583 0
-0.55625 0.145833 0
-0.49375 0.145833 0
-0.716667 -0.90625 0
-0.75 -0.84375 0
-0.758333 -0.90625 0
-0.775 -0.875 0
-0.691667 -0.875 0
-0.708333 -0.84375 0
-0.591667 -0.90625 0
-0.541667 -0.84375 0
-0.55 -0.90625 0
-0.525 -0.875 0
-0.608333 -0.875 0
-0.583333 -0.84375 0
-0.925 -0.697917 0
-0.875 -0.71875 0
-0.925 -0.739583 0
-0.9 -0.75 0
-0.9 -0.666667 0
-0.875 -0.677083 0
-0.925 -0.572917 0
-0.875 -0.510417 0
-0.925 -0.53125 0
-0.9 -0.5 0
-0.9 -0.583333 0
-0.875 -0.552083 0
-0.675 -0.75 0
-0.591667 -0.75 0
-0.65 -0.71875 0
-0.608333 -0.71875 0
-0.658333 -0.78125 0
-0.616667 -0.78125 0
-0.8 -0.625 0
-0.8 -0.541667 0
-0.775 -0.59375 0
-0.775 -0.552083 0
-0.825 -0.614583 0
-0.825 -0.572917 0
-0.0625 -0.875 0
-0.104167 -0.791667 0
-0.104167 -0.875 0
-0.125 -0.833333 0
-0.0416667 -0.833333 0
-0.0625 -0.791667 0
0.0625 -0.875 0
0.104167 -0.791667 0
0.104167 -0.875 0
0.125 -0.833333 0
0.0416667 -0.833333 0
0.0625 -0.791667 0
-0.354167 -0.71875 0
-0.279167 -0.697917 0
-0.3375 -0.75 0
-0.3 -0.739583 0
-0.333333 -0.677083 0
-0.295833 -0.666667 0
-0.404167 -0.625 0
-0.3625 -0.541667 0
-0.420833 -0.59375 0
-0.4 -0.552083 0
-0.366667 -0.614583 0
-0.345833 -0.572917 0
-0.0416667 -0.666667 0
0.0416667 -0.666667 0
-0.0208333 -0.625 0
0.0208333 -0.625 0
-0.0208333 -0.708333 0
0.0208333 -0.708333 0
-0.216667 -0.572917 0
-0.25 -0.510417 0
-0.195833 -0.53125 0
-0.2125 -0.5 0
-0.254167 -0.583333 0
-0.270833 -0.552083 0
0.591667 -0.90625 0
0.541667 -0.84375 0
0.55 -0.90625 0
0.525 -0.875 0
0.608333 -0.875 0
0.583333 -0.84375 0
0.716667 -0.90625 0
0.75 -0.84375 0
0.758333 -0.90625 0
0.775 -0.875 0
0.691667 -0.875 0
0.708333 -0.84375 0
0.279167 -0.697917 0
0.354167 -0.71875 0
0.3 -0.739583 0
0.3375 -0.75 0
0.295833 -0.666667 0
0.333333 -0.677083 0
0.216667 -0.572917 0
0.25 -0.510417 0
0.195833 -0.53125 0
0.2125 -0.5 0
0.254167 -0.583333 0
0.270833 -0.552083 0
0.591667 -0.75 0
0.675 -0.75 0
0.608333 -0.71875 0
0.65 -0.71875 0
0.616667 -0.78125 0
0.658333 -0.78125 0
0.404167 -0.625 0
0.3625 -0.541667 0
0.420833 -0.59375 0
0.4 -0.552083 0
0.366667 -0.614583 0
0.345833 -0.572917 0
0.925 -0.697917 0
0.875 -0.71875 0
0.925 -0.739583 0
0.9 -0.75 0
0.9 -0.666667 0
0.875 -0.677083 0
0.925 -0.572917 0
0.875 -0.510417 0
0.925 -0.53125 0
0.9 -0.5 0
0.9 -0.583333 0
0.875 -0.552083 0
0.8 -0.625 0
0.8 -0.541667 0
0.775 -0.59375 0
0.775 -0.552083 0
0.825 -0.614583 0
0.825 -0.572917 0
0.90625 -0.0625 0
0.84375 -0.104167 0
0.90625 -0.104167 0
0.875 -0.125 0
0.875 -0.0416667 0
0.84375 -0.0625 0
0.90625 0.0625 0
0.84375 0.104167 0
0.90625 0.104167 0
0.875 0.125 0
0.875 0.0416667 0
0.84375 0.0625 0
0.78125 -0.322917 0
0.76875 -0.260417 0
0.80625 -0.3125 0
0.8 -0.28125 0
0.75 -0.302083 0
0.74375 -0.270833 0
0.70625 -0.354167 0
0.64375 -0.3125 0
0.68125 -0.364583 0
0.65 -0.34375 0
0.7 -0.322917 0
0.66875 -0.302083 0
0.75 -0.0416667 0
0.75 0.0416667 0
0.71875 -0.0208333 0
0.71875 0.0208333 0
0.78125 -0.0208333 0
0.78125 0.0208333 0
0.675 -0.197917 0
0.625 -0.21875 0
0.64375 -0.177083 0
0.61875 -0.1875 0
0.68125 -0.229167 0
0.65625 -0.239583 0
0.925 0.572917 0
0.875 0.510417 0
0.925 0.53125 0
0.9 0.5 0
0.9 0.583333 0
0.875 0.552083 0
0.925 0.697917 0
0.875 0.71875 0
0.925 0.739583 0
0.9 0.75 0
0.9 0.666667 0
0.875 0.677083 0
0.76875 0.260417 0
0.78125 0.322917 0
0.8 0.28125 0
0.80625 0.3125 0
0.74375 0.270833 0
0.75 0.302083 0
0.675 0.197917 0
0.625 0.21875 0
0.64375 0.177083 0
0.61875 0.1875 0
0.68125 0.229167 0
0.65625 0.239583 0
0.8 0.541667 0
0.8 0.625 0
0.775 0.552083 0
0.775 0.59375 0
0.825 0.572917 0
0.825 0.614583 0
0.70625 0.354167 0
0.64375 0.3125 0
0.68125 0.364583 0
0.65 0.34375 0
0.7 0.322917 0
0.66875 0.302083 0
0.716667 0.90625 0
0.75 0.84375 0
0.758333 0.90625 0
0.775 0.875 0
0.691667 0.875 0
0.708333 0.84375 0
0.591667 0.90625 0
0.541667 0.84375 0
0.55 0.90625 0
0.525 0.875 0
0.608333 0.875 0
0.583333 0.84375 0
0.675 0.75 0
0.591667 0.75 0
0.65 0.71875 0
0.608333 0.71875 0
0.658333 0.78125 0
0.616667 0.78125 0
0.0625 0.875 0
0.104167 0.791667 0
0.104167 0.875 0
0.125 0.833333 0
0.0416667 0.833333 0
0.0625 0.791667 0
-0.0625 0.875 0
-0.104167 0.791667 0
-0.104167 0.875 0
-0.125 0.833333 0
-0.0416667 0.833333 0
-0.0625 0.791667 0
0.354167 0.71875 0
0.279167 0.697917 0
0.3375 0.75 0
0.3 0.739583 0
0.333333 0.677083 0
0.295833 0.666667 0
0.404167 0.625 0
0.3625 0.541667 0
0.420833 0.59375 0
0.4 0.552083 0
0.366667 0.614583 0
0.345833 0.572917 0
0.0416667 0.666667 0
-0.0416667 0.666667 0
0.0208333 0.625 0
-0.0208333 0.625 0
0.0208333 0.708333 0
-0.0208333 0.708333 0
0.216667 0.572917 0
0.25 0.510417 0
0.195833 0.53125 0
0.2125 0.5 0
0.254167 0.583333 0
0.270833 0.552083 0
-0.591667 0.90625 0
-0.541667 0.84375 0
-0.55 0.90625 0
-0.525 0.875 0
-0.608333 0.875 0
-0.583333 0.84375 0
-0.716667 0.90625 0
-0.75 0.84375 0
-0.758333 0.90625 0
-0.775 0.875 0
-0.691667 0.875 0
-0.708333 0.84375 0
-0.279167 0.697917 0
-0.354167 0.71875 0
-0.3 0.739583 0
-0.3375 0.75 0
-0.295833 0.666667 0
-0.333333 0.677083 0
-0.216667 0.572917 0
-0.25 0.510417 0
-0.195833 0.53125 0
-0.2125 0.5 0
-0.254167 0.583333 0
-0.270833 0.552083 0
-0.591667 0.75 0
-0.675 0.75 0
-0.608333 0.71875 0
-0.65 0.71875 0
-0.616667 0.78125 0
-0.658333 0.78125 0
-0.404167 0.625 0
-0.3625 0.541667 0
-0.420833 0.59375 0
-0.4 0.552083 0
-0.366667 0.614583 0
-0.345833 0.572917 0
-0.925 0.697917 0
-0.875 0.71875 0
-0.925 0.739583 0
-0.9 0.75 0
-0.9 0.666667 0
-0.875 0.677083 0
-0.925 0.572917 0
-0.875 0.510417 0
-0.925 0.53125 0
-0.9 0.5 0
-0.9 0.583333 0
-0.875 0.552083 0
-0.8 0.625 0
-0.8 0.541667 0
-0.775 0.59375 0
-0.775 0.552083 0
-0.825 0.614583 0
-0.825 0.572917 0
-0.90625 0.0625 0
-0.84375 0.104167 0
-0.90625 0.104167 0
-0.875 0.125 0
-0.875 0.0416667 0
-0.84375 0.0625 0
-0.90625 -0.0625 0
-0.84375 -0.104167 0
-0.90625 -0.104167 0
-0.875 -0.125 0
-0.875 -0.0416667 0
-0.84375 -0.0625 0
-0.78125 0.322917 0
-0.76875 0.260417 0
-0.80625 0.3125 0
-0.8 0.28125 0
-0.75 0.302083 0
-0.74375 0.270833 0
-0.70625 0.354167 0
-0.64375 0.3125 0
-0.68125 0.364583 0
-0.65 0.34375 0
-0.7 0.322917 0
-0.66875 0.302083 0
-0.75 0.0416667 0
-0.75 -0.0416667 0
-0.71875 0.0208333 0
-0.71875 -0.0208333 0
-0.78125 0.0208333 0
-0.78125 -0.0208333 0
-0.675 0.197917 0
-0.625 0.21875 0
-0.64375 0.177083 0
-0.61875 0.1875 0
-0.68125 0.229167 0
-0.65625 0.239583 0
-0.78125 -0.322917 0
-0.76875 -0.260417 0
-0.80625 -0.3125 0
-0.8 -0.28125 0
-0.75 -0.302083 0
-0.74375 -0.270833 0
-0.70625 -0.354167 0
-0.64375 -0.3125 0
-0.68125 -0.364583 0
-0.65 -0.34375 0
-0.7 -0.322917 0
-0.66875 -0.302083 0
-0.675 -0.197917 0
-0.625 -0.21875 0
-0.64375 -0.177083 0
-0.61875 -0.1875 0
-0.68125 -0.229167 0
-0.65625 -0.239583 0
-0.39375 -0.354167 0
-0.45625 -0.3125 0
-0.43125 -0.364583 0
-0.4625 -0.34375 0
-0.3875 -0.322917 0
-0.41875 -0.302083 0
-0.28125 -0.322917 0
-0.26875 -0.260417 0
-0.24375 -0.3125 0
-0.2375 -0.28125 0
-0.3125 -0.302083 0
-0.30625 -0.270833 0
-0.4375 -0.21875 0
-0.3625 -0.197917 0
-0.43125 -0.1875 0
-0.39375 -0.177083 0
-0.40625 -0.239583 0
-0.36875 -0.229167 0
0.28125 -0.322917 0
0.26875 -0.260417 0
0.24375 -0.3125 0
0.2375 -0.28125 0
0.3125 -0.302083 0
0.30625 -0.270833 0
0.39375 -0.354167 0
0.45625 -0.3125 0
0.43125 -0.364583 0
0.4625 -0.34375 0
0.3875 -0.322917 0
0.41875 -0.302083 0
0.15625 -0.104167 0
0.09375 -0.0625 0
0.125 -0.125 0
0.09375 -0.104167 0
0.15625 -0.0625 0
0.125 -0.0416667 0
0.3625 -0.197917 0
0.4375 -0.21875 0
0.39375 -0.177083 0
0.43125 -0.1875 0
0.36875 -0.229167 0
0.40625 -0.239583 0
0.25 -0.0416667 0
0.25 0.0416667 0
0.28125 -0.0208333 0
0.28125 0.0208333 0
0.21875 -0.0208333 0
0.21875 0.0208333 0
-0.09375 -0.0625 0
-0.15625 -0.104167 0
-0.09375 -0.104167 0
-0.125 -0.125 0
-0.125 -0.0416667 0
-0.15625 -0.0625 0
0.09375 0.0625 0
0.15625 0.104167 0
0.09375 0.104167 0
0.125 0.125 0
0.125 0.0416667 0
0.15625 0.0625 0
-0.09375 0.0625 0
-0.15625 0.104167 0
-0.09375 0.104167 0
-0.125 0.125 0
-0.125 0.0416667 0
-0.15625 0.0625 0
-0.25 -0.0416667 0
-0.25 0.0416667 0
-0.28125 -0.0208333 0
-0.28125 0.0208333 0
-0.21875 -0.0208333 0
-0.21875 0.0208333 0
0.4375 0.21875 0
0.3625 0.197917 0
0.43125 0.1875 0
0.39375 0.177083 0
0.40625 0.239583 0
0.36875 0.229167 0
0.45625 0.3125 0
0.39375 0.354167 0
0.4625 0.34375 0
0.43125 0.364583 0
0.41875 0.302083 0
0.3875 0.322917 0
0.26875 0.260417 0
0.28125 0.322917 0
0.2375 0.28125 0
0.24375 0.3125 0
0.30625 0.270833 0
0.3125 0.302083 0
-0.28125 0.322917 0
-0.26875 0.260417 0
-0.24375 0.3125 0
-0.2375 0.28125 0
-0.3125 0.302083 0
-0.30625 0.270833 0
-0.39375 0.354167 0
-0.45625 0.3125 0
-0.43125 0.364583 0
-0.4625 0.34375 0
-0.3875 0.322917 0
-0.41875 0.302083 0
-0.3625 0.197917 0
-0.4375 0.21875 0
-0.39375 0.177083 0
-0.43125 0.1875 0
-0.36875 0.229167 0
-0.40625 0.239583 0
-0.933333 -0.96875 0
-0.891667 -0.96875 0
-0.975 -0.927083 0
-0.975 -0.885417 0
-0.908333 -0.9375 0
-0.95 -0.895833 0
-0.391667 -0.96875 0
-0.433333 -0.96875 0
-0.270833 -0.958333 0
-0.229167 -0.958333 0
-0.329167 -0.927083 0
-0.408333 -0.9375 0
-0.345833 -0.895833 0
-0.25 -0.916667 0
-0.308333 -0.885417 0
0.270833 -0.958333 0
0.229167 -0.958333 0
0.391667 -0.96875 0
0.433333 -0.96875 0
0.329167 -0.927083 0
0.25 -0.916667 0
0.308333 -0.885417 0
0.408333 -0.9375 0
0.345833 -0.895833 0
0.933333 -0.96875 0
0.891667 -0.96875 0
0.975 -0.927083 0
0.975 -0.885417 0
0.908333 -0.9375 0
0.95 -0.895833 0
0.975 -0.385417 0
0.975 -0.427083 0
0.96875 -0.270833 0
0.96875 -0.229167 0
0.94375 -0.322917 0
0.95 -0.395833 0
0.91875 -0.333333 0
0.9375 -0.25 0
0.9125 -0.302083 0
0.96875 0.270833 0
0.96875 0.229167 0
0.975 0.385417 0
0.975 0.427083 0
0.94375 0.322917 0
0.9375 0.25 0
0.9125 0.302083 0
0.95 0.395833 0
0.91875 0.333333 0
0.975 0.927083 0
0.975 0.885417 0
0.933333 0.96875 0
0.891667 0.96875 0
0.95 0.895833 0
0.908333 0.9375 0
0.391667 0.96875 0
0.433333 0.96875 0
0.270833 0.958333 0
0.229167 0.958333 0
0.329167 0.927083 0
0.408333 0.9375 0
0.345833 0.895833 0
0.25 0.916667 0
0.308333 0.885417 0
-0.270833 0.958333 0
-0.229167 0.958333 0
-0.391667 0.96875 0
-0.433333 0.96875 0
-0.329167 0.927083 0
-0.25 0.916667 0
-0.308333 0.885417 0
-0.408333 0.9375 0
-0.345833 0.895833 0
-0.933333 0.96875 0
-0.891667 0.96875 0
-0.975 0.927083 0
-0.975 0.885417 0
-0.908333 0.9375 0
-0.95 0.895833 0
-0.975 0.385417 0
-0.975 0.427083 0
-0.96875 0.270833 0
-0.96875 0.229167 0
-0.94375 0.322917 0
-0.95 0.395833 0
-0.91875 0.333333 0
-0.9375 0.25 0
-0.9125 0.302083 0
-0.975 -0.385417 0
-0.975 -0.427083 0
-0.96875 -0.270833 0
-0.96875 -0.229167 0
-0.94375 -0.322917 0
-0.95 -0.395833 0
-0.91875 -0.333333 0
-0.9375 -0.25 0
-0.9125 -0.302083 0
-0.608333 -0.5625 0
-0.65 -0.520833 0
-0.633333 -0.59375 0
-0.675 -0.552083 0
-0.545833 -0.520833 0
-0.591667 -0.59375 0
-0.529167 -0.552083 0
-0.61875 -0.458333 0
-0.675 -0.510417 0
-0.64375 -0.447917 0
-0.55625 -0.458333 0
-0.508333 -0.510417 0
-0.51875 -0.447917 0
-0.6125 -0.427083 0
-0.55 -0.427083 0
0 -0.416667 0
-0.0583333 -0.385417 0
-0.0208333 -0.458333 0
-0.0791667 -0.427083 0
0.0583333 -0.385417 0
0.0208333 -0.458333 0
0.0791667 -0.427083 0
-0.06875 -0.322917 0
-0.0958333 -0.395833 0
-0.10625 -0.333333 0
0.06875 -0.322917 0
0.0958333 -0.395833 0
0.10625 -0.333333 0
0.03125 -0.270833 0
0.1 -0.302083 0
0.0625 -0.25 0
-0.03125 -0.270833 0
0.03125 -0.229167 0
-0.03125 -0.229167 0
-0.1 -0.302083 0
-0.0625 -0.25 0
0.608333 -0.5625 0
0.545833 -0.520833 0
0.591667 -0.59375 0
0.529167 -0.552083 0
0.65 -0.520833 0
0.633333 -0.59375 0
0.675 -0.552083 0
0.61875 -0.458333 0
0.675 -0.510417 0
0.64375 -0.447917 0
0.55625 -0.458333 0
0.508333 -0.510417 0
0.51875 -0.447917 0
0.6125 -0.427083 0
0.55 -0.427083 0
0.5625 0 0
0.5375 -0.0520833 0
0.59375 -0.0208333 0
0.56875 -0.0729167 0
0.5375 0.0520833 0
0.59375 0.0208333 0
0.56875 0.0729167 0
0.475 -0.0520833 0
0.4375 0 0
0.44375 -0.0729167 0
0.40625 -0.0208333 0
0.54375 -0.0833333 0
0.48125 -0.0833333 0
0.475 0.0520833 0
0.54375 0.0833333 0
0.48125 0.0833333 0
0.40625 0.0208333 0
0.44375 0.0729167 0
0.65 0.520833 0
0.61875 0.458333 0
0.675 0.510417 0
0.64375 0.447917 0
0.608333 0.5625 0
0.675 0.552083 0
0.633333 0.59375 0
0.545833 0.520833 0
0.591667 0.59375 0
0.529167 0.552083 0
0.55625 0.458333 0
0.6125 0.427083 0
0.55 0.427083 0
0.508333 0.510417 0
0.51875 0.447917 0
0 0.416667 0
0.0583333 0.385417 0
0.0208333 0.458333 0
0.0791667 0.427083 0
-0.0583333 0.385417 0
-0.0208333 0.458333 0
-0.0791667 0.427083 0
0.03125 0.270833 0
-0.03125 0.270833 0
0.03125 0.229167 0
-0.03125 0.229167 0
0.06875 0.322917 0
0.0625 0.25 0
0.1 0.302083 0
0.0958333 0.395833 0
0.10625 0.333333 0
-0.06875 0.322917 0
-0.0958333 0.395833 0
-0.10625 0.333333 0
-0.0625 0.25 0
-0.1 0.302083 0
-0.608333 0.5625 0
-0.545833 0.520833 0
-0.591667 0.59375 0
-0.529167 0.552083 0
-0.65 0.520833 0
-0.633333 0.59375 0
-0.675 0.552083 0
-0.61875 0.458333 0
-0.675 0.510417 0
-0.64375 0.447917 0
-0.55625 0.458333 0
-0.508333 0.510417 0
-0.51875 0.447917 0
-0.6125 0.427083 0
-0.55 0.427083 0
-0.5625 0 0
-0.5375 0.0520833 0
-0.59375 0.0208333 0
-0.56875 0.0729167 0
-0.5375 -0.0520833 0
-0.59375 -0.0208333 0
-0.56875 -0.0729167 0
-0.475 -0.0520833 0
-0.54375 -0.0833333 0
-0.48125 -0.0833333 0
-0.4375 0 0
-0.44375 -0.0729167 0
-0.40625 -0.0208333 0
-0.475 0.0520833 0
-0.40625 0.0208333 0
-0.44375 0.0729167 0
-0.54375 0.0833333 0
-0.48125 0.0833333 0
-0.725 -0.96875 0
-0.766667 -0.96875 0
-0.6 -0.96875 0
-0.558333 -0.96875 0
-0.658333 -0.9375 0
-0.741667 -0.9375 0
-0.675 -0.90625 0
-0.575 -0.9375 0
-0.633333 -0.90625 0
-0.975 -0.71875 0
-0.975 -0.760417 0
-0.975 -0.59375 0
-0.975 -0.552083 0
-0.95 -0.645833 0
-0.95 -0.729167 0
-0.925 -0.65625 0
-0.95 -0.5625 0
-0.925 -0.614583 0
-0.808333 -0.8125 0
-0.85 -0.770833 0
-0.833333 -0.84375 0
-0.875 -0.802083 0
-0.733333 -0.71875 0
-0.775 -0.677083 0
-0.708333 -0.6875 0
-0.75 -0.645833 0
-0.741667 -0.78125 0
-0.791667 -0.84375 0
-0.725 -0.8125 0
-0.825 -0.697917 0
-0.875 -0.760417 0
-0.85 -0.6875 0
-0.691667 -0.71875 0
-0.7 -0.78125 0
-0.775 -0.635417 0
-0.825 -0.65625 0
-0.0625 -0.958333 0
-0.104167 -0.958333 0
0.0625 -0.958333 0
0.104167 -0.958333 0
0 -0.916667 0
-0.0833334 -0.916667 0
-0.0208333 -0.875 0
0.0833334 -0.916667 0
0.0208333 -0.875 0
-0.475 -0.8125 0
-0.4125 -0.770833 0
-0.458333 -0.84375 0
-0.395833 -0.802083 0
-0.525 -0.71875 0
-0.4625 -0.677083 0
-0.541667 -0.6875 0
-0.479167 -0.645833 0
-0.533333 -0.78125 0
-0.5 -0.84375 0
-0.558333 -0.8125 0
-0.566667 -0.71875 0
-0.575 -0.78125 0
-0.408333 -0.697917 0
-0.375 -0.760417 0
-0.370833 -0.6875 0
-0.441667 -0.635417 0
-0.3875 -0.65625 0
-0.166667 -0.75 0
-0.225 -0.71875 0
-0.1875 -0.791667 0
-0.245833 -0.760417 0
-0.104167 -0.625 0
-0.1625 -0.59375 0
-0.0833334 -0.583333 0
-0.141667 -0.552083 0
-0.104167 -0.708333 0
-0.145833 -0.791667 0
-0.0833334 -0.75 0
-0.220833 -0.645833 0
-0.2625 -0.729167 0
-0.258333 -0.65625 0
-0.0625 -0.625 0
-0.0625 -0.708333 0
-0.179167 -0.5625 0
-0.2375 -0.614583 0
0.6 -0.96875 0
0.558333 -0.96875 0
0.725 -0.96875 0
0.766667 -0.96875 0
0.658333 -0.9375 0
0.575 -0.9375 0
0.633333 -0.90625 0
0.741667 -0.9375 0
0.675 -0.90625 0
0.166667 -0.75 0
0.225 -0.71875 0
0.1875 -0.791667 0
0.245833 -0.760417 0
0.104167 -0.625 0
0.1625 -0.59375 0
0.0833334 -0.583333 0
0.141667 -0.552083 0
0.104167 -0.708333 0
0.145833 -0.791667 0
0.0833334 -0.75 0
0.0625 -0.625 0
0.0625 -0.708333 0
0.220833 -0.645833 0
0.2625 -0.729167 0
0.258333 -0.65625 0
0.179167 -0.5625 0
0.2375 -0.614583 0
0.475 -0.8125 0
0.4125 -0.770833 0
0.458333 -0.84375 0
0.395833 -0.802083 0
0.525 -0.71875 0
0.4625 -0.677083 0
0.541667 -0.6875 0
0.479167 -0.645833 0
0.533333 -0.78125 0
0.5 -0.84375 0
0.558333 -0.8125 0
0.408333 -0.697917 0
0.375 -0.760417 0
0.370833 -0.6875 0
0.566667 -0.71875 0
0.575 -0.78125 0
0.441667 -0.635417 0
0.3875 -0.65625 0
0.975 -0.71875 0
0.975 -0.760417 0
0.975 -0.59375 0
0.975 -0.552083 0
0.95 -0.645833 0
0.95 -0.729167 0
0.925 -0.65625 0
0.95 -0.5625 0
0.925 -0.614583 0
0.808333 -0.8125 0
0.85 -0.770833 0
0.833333 -0.84375 0
0.875 -0.802083 0
0.733333 -0.71875 0
0.775 -0.677083 0
0.708333 -0.6875 0
0.75 -0.645833 0
0.741667 -0.78125 0
0.791667 -0.84375 0
0.725 -0.8125 0
0.691667 -0.71875 0
0.7 -0.78125 0
0.825 -0.697917 0
0.875 -0.760417 0
0.85 -0.6875 0
0.775 -0.635417 0
0.825 -0.65625 0
0.96875 -0.0625 0
0.96875 -0.104167 0
0.96875 0.0625 0
0.96875 0.104167 0
0.9375 0 0
0.9375 -0.0833334 0
0.90625 -0.0208333 0
0.9375 0.0833334 0
0.90625 0.0208333 0
0.85 -0.4375 0
0.81875 -0.375 0
0.875 -0.427083 0
0.84375 -0.364583 0
0.775 -0.46875 0
0.74375 -0.40625 0
0.75 -0.479167 0
0.71875 -0.416667 0
0.825 -0.489583 0
0.875 -0.46875 0
0.85 -0.520833 0
0.775 -0.510417 0
0.825 -0.53125 0
0.7625 -0.364583 0
0.8125 -0.34375 0
0.75625 -0.333333 0
0.7125 -0.385417 0
0.73125 -0.34375 0
0.8125 -0.166667 0
0.7875 -0.21875 0
0.84375 -0.1875 0
0.81875 -0.239583 0
0.71875 -0.104167 0
0.69375 -0.15625 0
0.6875 -0.0833334 0
0.6625 -0.135417 0
0.78125 -0.104167 0
0.84375 -0.145833 0
0.8125 -0.0833334 0
0.73125 -0.208333 0
0.79375 -0.25 0
0.7375 -0.239583 0
0.71875 -0.0625 0
0.78125 -0.0625 0
0.66875 -0.166667 0
0.70625 -0.21875 0
0.975 0.59375 0
0.975 0.552083 0
0.975 0.71875 0
0.975 0.760417 0
0.95 0.645833 0
0.95 0.5625 0
0.925 0.614583 0
0.95 0.729167 0
0.925 0.65625 0
0.8125 0.166667 0
0.7875 0.21875 0
0.84375 0.1875 0
0.81875 0.239583 0
0.71875 0.104167 0
0.69375 0.15625 0
0.6875 0.0833334 0
0.6625 0.135417 0
0.78125 0.104167 0
0.84375 0.145833 0
0.8125 0.0833334 0
0.71875 0.0625 0
0.78125 0.0625 0
0.73125 0.208333 0
0.79375 0.25 0
0.7375 0.239583 0
0.66875 0.166667 0
0.70625 0.21875 0
0.85 0.4375 0
0.81875 0.375 0
0.875 0.427083 0
0.84375 0.364583 0
0.775 0.46875 0
0.74375 0.40625 0
0.75 0.479167 0
0.71875 0.416667 0
0.825 0.489583 0
0.875 0.46875 0
0.85 0.520833 0
0.7625 0.364583 0
0.8125 0.34375 0
0.75625 0.333333 0
0.775 0.510417 0
0.825 0.53125 0
0.7125 0.385417 0
0.73125 0.34375 0
0.725 0.96875 0
0.766667 0.96875 0
0.6 0.96875 0
0.558333 0.96875 0
0.658333 0.9375 0
0.741667 0.9375 0
0.675 0.90625 0
0.575 0.9375 0
0.633333 0.90625 0
0.85 0.770833 0
0.808333 0.8125 0
0.875 0.802083 0
0.833333 0.84375 0
0.775 0.677083 0
0.733333 0.71875 0
0.75 0.645833 0
0.708333 0.6875 0
0.825 0.697917 0
0.875 0.760417 0
0.85 0.6875 0
0.775 0.635417 0
0.825 0.65625 0
0.741667 0.78125 0
0.791667 0.84375 0
0.725 0.8125 0
0.691667 0.71875 0
0.7 0.78125 0
0.0625 0.958333 0
0.104167 0.958333 0
-0.0625 0.958333 0
-0.104167 0.958333 0
0 0.916667 0
0.0833334 0.916667 0
0.0208333 0.875 0
-0.0833334 0.916667 0
-0.0208333 0.875 0
0.475 0.8125 0
0.4125 0.770833 0
0.458333 0.84375 0
0.395833 0.802083 0
0.525 0.71875 0
0.4625 0.677083 0
0.541667 0.6875 0
0.479167 0.645833 0
0.533333 0.78125 0
0.5 0.84375 0
0.558333 0.8125 0
0.566667 0.71875 0
0.575 0.78125 0
0.408333 0.697917 0
0.375 0.760417 0
0.370833 0.6875 0
0.441667 0.635417 0
0.3875 0.65625 0
0.166667 0.75 0
0.225 0.71875 0
0.1875 0.791667 0
0.245833 0.760417 0
0.104167 0.625 0
0.1625 0.59375 0
0.0833334 0.583333 0
0.141667 0.552083 0
0.104167 0.708333 0
0.145833 0.791667 0
0.0833334 0.75 0
0.220833 0.645833 0
0.2625 0.729167 0
0.258333 0.65625 0
0.0625 0.625 0
0.0625 0.708333 0
0.179167 0.5625 0
0.2375 0.614583 0
-0.6 0.96875 0
-0.558333 0.96875 0
-0.725 0.96875 0
-0.766667 0.96875 0
-0.658333 0.9375 0
-0.575 0.9375 0
-0.633333 0.90625 0
-0.741667 0.9375 0
-0.675 0.90625 0
-0.166667 0.75 0
-0.225 0.71875 0
-0.1875 0.791667 0
-0.245833 0.760417 0
-0.104167 0.625 0
-0.1625 0.59375 0
-0.0833334 0.583333 0
-0.141667 0.552083 0
-0.104167 0.708333 0
-0.145833 0.791667 0
-0.0833334 0.75 0
-0.0625 0.625 0
-0.0625 0.708333 0
-0.220833 0.645833 0
-0.2625 0.729167 0
-0.258333 0.65625 0
-0.179167 0.5625 0
-0.2375 0.614583 0
-0.475 0.8125 0
-0.4125 0.770833 0
-0.458333 0.84375 0
-0.395833 0.802083 0
-0.525 0.71875 0
-0.4625 0.677083 0
-0.541667 0.6875 0
-0.479167 0.645833 0
-0.533333 0.78125 0
-0.5 0.84375 0
-0.558333 0.8125 0
-0.408333 0.697917 0
-0.375 0.760417 0
-0.370833 0.6875 0
-0.566667 0.71875 0
-0.575 0.78125 0
-0.441667 0.635417 0
-0.3875 0.65625 0
-0.975 0.71875 0
-0.975 0.760417 0
-0.975 0.59375 0
-0.975 0.552083 0
-0.95 0.645833 0
-0.95 0.729167 0
-0.925 0.65625 0
-0.95 0.5625 0
-0.925 0.614583 0
-0.808333 0.8125 0
-0.85 0.770833 0
-0.833333 0.84375 0
-0.875 0.802083 0
-0.733333 0.71875 0
-0.775 0.677083 0
-0.708333 0.6875 0
-0.75 0.645833 0
-0.741667 0.78125 0
-0.791667 0.84375 0
-0.725 0.8125 0
-0.691667 0.71875 0
-0.7 0.78125 0
-0.825 0.697917 0
-0.875 0.760417 0
-0.85 0.6875 0
-0.775 0.635417 0
-0.825 0.65625 0
-0.96875 0.0625 0
-0.96875 0.104167 0
-0.96875 -0.0625 0
-0.96875 -0.104167 0
-0.9375 0 0
-0.9375 0.0833334 0
-0.90625 0.0208333 0
-0.9375 -0.0833334 0
-0.90625 -0.0208333 0
-0.85 0.4375 0
-0.81875 0.375 0
-0.875 0.427083 0
-0.84375 0.364583 0
-0.775 0.46875 0
-0.74375 0.40625 0
-0.75 0.479167 0
-0.71875 0.416667 0
-0.825 0.489583 0
-0.875 0.46875 0
-0.85 0.520833 0
-0.775 0.510417 0
-0.825 0.53125 0
-0.7625 0.364583 0
-0.8125 0.34375 0
-0.75625 0.333333 0
-0.7125 0.385417 0
-0.73125 0.34375 0
-0.8125 0.166667 0
-0.7875 0.21875 0
-0.84375 0.1875 0
-0.81875 0.239583 0
-0.71875 0.104167 0
-0.69375 0.15625 0
-0.6875 0.0833334 0
-0.6625 0.135417 0
-0.78125 0.104167 0
-0.84375 0.145833 0
-0.8125 0.0833334 0
-0.73125 0.208333 0
-0.79375 0.25 0
-0.7375 0.239583 0
-0.71875 0.0625 0
-0.78125 0.0625 0
-0.66875 0.166667 0
-0.70625 0.21875 0
-0.85 -0.4375 0
-0.81875 -0.375 0
-0.875 -0.427083 0
-0.84375 -0.364583 0
-0.775 -0.46875 0
-0.74375 -0.40625 0
-0.75 -0.479167 0
-0.71875 -0.416667 0
-0.825 -0.489583 0
-0.875 -0.46875 0
-0.85 -0.520833 0
-0.775 -0.510417 0
-0.825 -0.53125 0
-0.7625 -0.364583 0
-0.8125 -0.34375 0
-0.75625 -0.333333 0
-0.7125 -0.385417 0
-0.73125 -0.34375 0
-0.8125 -0.166667 0
-0.7875 -0.21875 0
-0.84375 -0.1875 0
-0.81875 -0.239583 0
-0.71875 -0.104167 0
-0.69375 -0.15625 0
-0.6875 -0.0833334 0
-0.6625 -0.135417 0
-0.78125 -0.104167 0
-0.84375 -0.145833 0
-0.8125 -0.0833334 0
-0.71875 -0.0625 0
-0.78125 -0.0625 0
-0.73125 -0.208333 0
-0.79375 -0.25 0
-0.7375 -0.239583 0
-0.66875 -0.166667 0
-0.70625 -0.21875 0
-0.358333 -0.46875 0
-0.36875 -0.40625 0
-0.395833 -0.479167 0
-0.40625 -0.416667 0
-0.245833 -0.4375 0
-0.25625 -0.375 0
-0.208333 -0.427083 0
-0.21875 -0.364583 0
-0.304167 -0.489583 0
-0.379167 -0.510417 0
-0.325 -0.53125 0
-0.229167 -0.46875 0
-0.2875 -0.520833 0
-0.325 -0.364583 0
-0.4 -0.385417 0
-0.35625 -0.34375 0
-0.25 -0.34375 0
-0.31875 -0.333333 0
-0.5875 -0.302083 0
-0.525 -0.302083 0
-0.59375 -0.333333 0
-0.53125 -0.333333 0
-0.56875 -0.208333 0
-0.50625 -0.208333 0
-0.5625 -0.177083 0
-0.5 -0.177083 0
-0.60625 -0.260417 0
-0.61875 -0.322917 0
-0.6375 -0.28125 0
-0.59375 -0.197917 0
-0.63125 -0.25 0
-0.48125 -0.260417 0
-0.49375 -0.322917 0
-0.45 -0.28125 0
-0.46875 -0.197917 0
-0.44375 -0.25 0
0.245833 -0.4375 0
0.25625 -0.375 0
0.208333 -0.427083 0
0.21875 -0.364583 0
0.358333 -0.46875 0
0.36875 -0.40625 0
0.395833 -0.479167 0
0.40625 -0.416667 0
0.304167 -0.489583 0
0.229167 -0.46875 0
0.2875 -0.520833 0
0.379167 -0.510417 0
0.325 -0.53125 0
0.325 -0.364583 0
0.25 -0.34375 0
0.31875 -0.333333 0
0.4 -0.385417 0
0.35625 -0.34375 0
0.225 -0.21875 0
0.1875 -0.166667 0
0.19375 -0.239583 0
0.15625 -0.1875 0
0.31875 -0.15625 0
0.28125 -0.104167 0
0.35 -0.135417 0
0.3125 -0.0833334 0
0.29375 -0.208333 0
0.23125 -0.25 0
0.3 -0.239583 0
0.21875 -0.104167 0
0.15625 -0.145833 0
0.1875 -0.0833334 0
0.35625 -0.166667 0
0.33125 -0.21875 0
0.28125 -0.0625 0
0.21875 -0.0625 0
0.03125 -0.0625 0
-0.03125 -0.0625 0
0.03125 -0.104167 0
-0.03125 -0.104167 0
0.03125 0.0625 0
-0.03125 0.0625 0
0.03125 0.104167 0
-0.03125 0.104167 0
0.0625 0 0
0.0625 -0.0833334 0
0.09375 -0.0208333 0
-0.0625 0 0
-0.0625 -0.0833334 0
-0.09375 -0.0208333 0
0.0625 0.0833334 0
0.09375 0.0208333 0
-0.0625 0.0833334 0
-0.09375 0.0208333 0
-0.225 -0.21875 0
-0.1875 -0.166667 0
-0.19375 -0.239583 0
-0.15625 -0.1875 0
-0.31875 -0.15625 0
-0.28125 -0.104167 0
-0.35 -0.135417 0
-0.3125 -0.0833334 0
-0.29375 -0.208333 0
-0.23125 -0.25 0
-0.3 -0.239583 0
-0.35625 -0.166667 0
-0.33125 -0.21875 0
-0.21875 -0.104167 0
-0.15625 -0.145833 0
-0.1875 -0.0833334 0
-0.28125 -0.0625 0
-0.21875 -0.0625 0
0.5875 -0.302083 0
0.525 -0.302083 0
0.59375 -0.333333 0
0.53125 -0.333333 0
0.56875 -0.208333 0
0.50625 -0.208333 0
0.5625 -0.177083 0
0.5 -0.177083 0
0.60625 -0.260417 0
0.61875 -0.322917 0
0.6375 -0.28125 0
0.59375 -0.197917 0
0.63125 -0.25 0
0.48125 -0.260417 0
0.49375 -0.322917 0
0.45 -0.28125 0
0.46875 -0.197917 0
0.44375 -0.25 0
0.56875 0.208333 0
0.50625 0.208333 0
0.5625 0.177083 0
0.5 0.177083 0
0.5875 0.302083 0
0.525 0.302083 0
0.59375 0.333333 0
0.53125 0.333333 0
0.60625 0.260417 0
0.59375 0.197917 0
0.63125 0.25 0
0.61875 0.322917 0
0.6375 0.28125 0
0.48125 0.260417 0
0.46875 0.197917 0
0.44375 0.25 0
0.49375 0.322917 0
0.45 0.28125 0
0.28125 0.104167 0
0.31875 0.15625 0
0.3125 0.0833334 0
0.35 0.135417 0
0.1875 0.166667 0
0.225 0.21875 0
0.15625 0.1875 0
0.19375 0.239583 0
0.21875 0.104167 0
0.28125 0.0625 0
0.21875 0.0625 0
0.15625 0.145833 0
0.1875 0.0833334 0
0.29375 0.208333 0
0.35625 0.166667 0
0.33125 0.21875 0
0.23125 0.25 0
0.3 0.239583 0
0.358333 0.46875 0
0.36875 0.40625 0
0.395833 0.479167 0
0.40625 0.416667 0
0.245833 0.4375 0
0.25625 0.375 0
0.208333 0.427083 0
0.21875 0.364583 0
0.304167 0.489583 0
0.379167 0.510417 0
0.325 0.53125 0
0.229167 0.46875 0
0.2875 0.520833 0
0.325 0.364583 0
0.4 0.385417 0
0.35625 0.34375 0
0.25 0.34375 0
0.31875 0.333333 0
-0.245833 0.4375 0
-0.25625 0.375 0
-0.208333 0.427083 0
-0.21875 0.364583 0
-0.358333 0.46875 0
-0.36875 0.40625 0
-0.395833 0.479167 0
-0.40625 0.416667 0
-0.304167 0.489583 0
-0.229167 0.46875 0
-0.2875 0.520833 0
-0.379167 0.510417 0
-0.325 0.53125 0
-0.325 0.364583 0
-0.25 0.34375 0
-0.31875 0.333333 0
-0.4 0.385417 0
-0.35625 0.34375 0
-0.1875 0.166667 0
-0.225 0.21875 0
-0.15625 0.1875 0
-0.19375 0.239583 0
-0.28125 0.104167 0
-0.31875 0.15625 0
-0.3125 0.0833334 0
-0.35 0.135417 0
-0.21875 0.104167 0
-0.15625 0.145833 0
-0.1875 0.0833334 0
-0.28125 0.0625 0
-0.21875 0.0625 0
-0.29375 0.208333 0
-0.23125 0.25 0
-0.3 0.239583 0
-0.35625 0.166667 0
-0.33125 0.21875 0
-0.5875 0.302083 0
-0.525 0.302083 0
-0.59375 0.333333 0
-0.53125 0.333333 0
-0.56875 0.208333 0
-0.50625 0.208333 0
-0.5625 0.177083 0
-0.5 0.177083 0
-0.60625 0.260417 0
-0.61875 0.322917 0
-0.6375 0.28125 0
-0.59375 0.197917 0
-0.63125 0.25 0
-0.48125 0.260417 0
-0.49375 0.322917 0
-0.45 0.28125 0
-0.46875 0.197917 0
-0.44375 0.25 0
-0.825 -0.9375 0
-0.841667 -0.90625 0
-0.8 -0.90625 0
-0.95 -0.8125 0
-0.925 -0.822917 0
-0.925 -0.78125 0
-0.491667 -0.9375 0
-0.466667 -0.90625 0
-0.508333 -0.90625 0
-0.166667 -0.916667 0
-0.1875 -0.875 0
-0.145833 -0.875 0
-0.341667 -0.822917 0
-0.304167 -0.8125 0
-0.320833 -0.78125 0
0.166667 -0.916667 0
0.1875 -0.875 0
0.145833 -0.875 0
0.491667 -0.9375 0
0.466667 -0.90625 0
0.508333 -0.90625 0
0.304167 -0.8125 0
0.341667 -0.822917 0
0.320833 -0.78125 0
0.825 -0.9375 0
0.841667 -0.90625 0
0.8 -0.90625 0
0.95 -0.8125 0
0.925 -0.822917 0
0.925 -0.78125 0
0.95 -0.479167 0
0.925 -0.447917 0
0.925 -0.489583 0
0.9375 -0.166667 0
0.90625 -0.1875 0
0.90625 -0.145833 0
0.8625 -0.322917 0
0.85625 -0.291667 0
0.83125 -0.302083 0
0.9375 0.166667 0
0.90625 0.1875 0
0.90625 0.145833 0
0.95 0.479167 0
0.925 0.447917 0
0.925 0.489583 0
0.85625 0.291667 0
0.8625 0.322917 0
0.83125 0.302083 0
0.95 0.8125 0
0.925 0.822917 0
0.925 0.78125 0
0.825 0.9375 0
0.841667 0.90625 0
0.8 0.90625 0
0.491667 0.9375 0
0.466667 0.90625 0
0.508333 0.90625 0
0.166667 0.916667 0
0.1875 0.875 0
0.145833 0.875 0
0.341667 0.822917 0
0.304167 0.8125 0
0.320833 0.78125 0
-0.166667 0.916667 0
-0.1875 0.875 0
-0.145833 0.875 0
-0.491667 0.9375 0
-0.466667 0.90625 0
-0.508333 0.90625 0
-0.304167 0.8125 0
-0.341667 0.822917 0
-0.320833 0.78125 0
-0.825 0.9375 0
-0.841667 0.90625 0
-0.8 0.90625 0
-0.95 0.8125 0
-0.925 0.822917 0
-0.925 0.78125 0
-0.95 0.479167 0
-0.925 0.447917 0
-0.925 0.489583 0
-0.9375 0.166667 0
-0.90625 0.1875 0
-0.90625 0.145833 0
-0.8625 0.322917 0
-0.85625 0.291667 0
-0.83125 0.302083 0
-0.95 -0.479167 0
-0.925 -0.447917 0
-0.925 -0.489583 0
-0.9375 -0.166667 0
-0.90625 -0.1875 0
-0.90625 -0.145833 0
-0.8625 -0.322917 0
-0.85625 -0.291667 0
-0.83125 -0.302083 0
-0.641667 -0.65625 0
-0.6 -0.65625 0
-0.725 -0.572917 0
-0.725 -0.53125 0
-0.625 -0.6875 0
-0.75 -0.5625 0
-0.475 -0.572917 0
-0.454167 -0.53125 0
-0.4375 -0.5625 0
-0.6625 -0.40625 0
-0.63125 -0.385417 0
-0.65625 -0.375 0
-0.475 -0.40625 0
-0.50625 -0.385417 0
-0.46875 -0.375 0
-0.0208333 -0.541667 0
0.0208333 -0.541667 0
-0.1375 -0.479167 0
-0.154167 -0.447917 0
0 -0.583333 0
-0.175 -0.489583 0
0.1375 -0.479167 0
0.154167 -0.447917 0
0.175 -0.489583 0
-0.175 -0.322917 0
-0.16875 -0.291667 0
-0.20625 -0.302083 0
0.175 -0.322917 0
0.16875 -0.291667 0
0.20625 -0.302083 0
0.09375 -0.1875 0
0.0625 -0.166667 0
0.09375 -0.145833 0
-0.0625 -0.166667 0
-0.09375 -0.1875 0
-0.09375 -0.145833 0
0.6 -0.65625 0
0.641667 -0.65625 0
0.475 -0.572917 0
0.454167 -0.53125 0
0.625 -0.6875 0
0.4375 -0.5625 0
0.725 -0.572917 0
0.725 -0.53125 0
0.75 -0.5625 0
0.6625 -0.40625 0
0.63125 -0.385417 0
0.65625 -0.375 0
0.475 -0.40625 0
0.50625 -0.385417 0
0.46875 -0.375 0
0.65625 -0.0208333 0
0.65625 0.0208333 0
0.60625 -0.125 0
0.58125 -0.135417 0
0.6875 0 0
0.6125 -0.15625 0
0.60625 0.125 0
0.58125 0.135417 0
0.6125 0.15625 0
0.41875 -0.125 0
0.45625 -0.135417 0
0.34375 -0.0208333 0
0.34375 0.0208333 0
0.425 -0.15625 0
0.3125 0 0
0.45625 0.135417 0
0.41875 0.125 0
0.425 0.15625 0
0.725 0.53125 0
0.725 0.572917 0
0.6625 0.40625 0
0.63125 0.385417 0
0.75 0.5625 0
0.65625 0.375 0
0.641667 0.65625 0
0.6 0.65625 0
0.625 0.6875 0
0.475 0.572917 0
0.454167 0.53125 0
0.4375 0.5625 0
0.50625 0.385417 0
0.475 0.40625 0
0.46875 0.375 0
0.0208333 0.541667 0
-0.0208333 0.541667 0
0.1375 0.479167 0
0.154167 0.447917 0
0 0.583333 0
0.175 0.489583 0
-0.1375 0.479167 0
-0.154167 0.447917 0
-0.175 0.489583 0
0.0625 0.166667 0
0.09375 0.1875 0
-0.0625 0.166667 0
-0.09375 0.1875 0
0.09375 0.145833 0
-0.09375 0.145833 0
0.16875 0.291667 0
0.175 0.322917 0
0.20625 0.302083 0
-0.175 0.322917 0
-0.16875 0.291667 0
-0.20625 0.302083 0
-0.6 0.65625 0
-0.641667 0.65625 0
-0.475 0.572917 0
-0.454167 0.53125 0
-0.625 0.6875 0
-0.4375 0.5625 0
-0.725 0.572917 0
-0.725 0.53125 0
-0.75 0.5625 0
-0.6625 0.40625 0
-0.63125 0.385417 0
-0.65625 0.375 0
-0.475 0.40625 0
-0.50625 0.385417 0
-0.46875 0.375 0
-0.65625 0.0208333 0
-0.65625 -0.0208333 0
-0.60625 0.125 0
-0.58125 0.135417 0
-0.6875 0 0
-0.6125 0.15625 0
-0.60625 -0.125 0
-0.58125 -0.135417 0
-0.6125 -0.15625 0
-0.45625 -0.135417 0
-0.41875 -0.125 0
-0.425 -0.15625 0
-0.34375 -0.0208333 0
-0.34375 0.0208333 0
-0.3125 0 0
-0.41875 0.125 0
-0.45625 0.135417 0
-0.425 0.15625 0
-0.666667 -0.84375 0
-0.625 -0.84375 0
-0.641667 -0.8125 0
-0.875 -0.635417 0
-0.875 -0.59375 0
-0.85 -0.604167 0
-0.0208333 -0.791667 0
0.0208333 -0.791667 0
0 -0.75 0
-0.3125 -0.635417 0
-0.329167 -0.604167 0
-0.291667 -0.59375 0
0.625 -0.84375 0
0.666667 -0.84375 0
0.641667 -0.8125 0
0.3125 -0.635417 0
0.291667 -0.59375 0
0.329167 -0.604167 0
0.875 -0.635417 0
0.875 -0.59375 0
0.85 -0.604167 0
0.84375 -0.0208333 0
0.84375 0.0208333 0
0.8125 0 0
0.71875 -0.28125 0
0.69375 -0.291667 0
0.6875 -0.260417 0
0.875 0.59375 0
0.875 0.635417 0
0.85 0.604167 0
0.71875 0.28125 0
0.6875 0.260417 0
0.69375 0.291667 0
0.666667 0.84375 0
0.625 0.84375 0
0.641667 0.8125 0
0.0208333 0.791667 0
-0.0208333 0.791667 0
0 0.75 0
0.3125 0.635417 0
0.329167 0.604167 0
0.291667 0.59375 0
-0.625 0.84375 0
-0.666667 0.84375 0
-0.641667 0.8125 0
-0.3125 0.635417 0
-0.291667 0.59375 0
-0.329167 0.604167 0
-0.875 0.635417 0
-0.875 0.59375 0
-0.85 0.604167 0
-0.84375 0.0208333 0
-0.84375 -0.0208333 0
-0.8125 0 0
-0.71875 0.28125 0
-0.69375 0.291667 0
-0.6875 0.260417 0
-0.71875 -0.28125 0
-0.69375 -0.291667 0
-0.6875 -0.260417 0
-0.38125 -0.291667 0
-0.34375 -0.28125 0
-0.375 -0.260417 0
0.34375 -0.28125 0
0.38125 -0.291667 0
0.375 -0.260417 0
0.15625 -0.0208333 0
0.1875 0 0
0.15625 0.0208333 0
-0.15625 -0.0208333 0
-0.15625 0.0208333 0
-0.1875 0 0
0.375 0.260417 0
0.38125 0.291667 0
0.34375 0.28125 0
-0.34375 0.28125 0
-0.38125 0.291667 0
-0.375 0.260417 0
3 13  934  935
3 286  2301  934
3 287  935  2301
3 934  2301  935
3 118  1490  1487
3 693  2303  1490
3 286  1487  2303
3 1490  2303  1487
3 119  1493  1495
3 287  2305  1493
3 693  1495  2305
3 1493  2305  1495
3 286  2303  2301
3 693  2305  2303
3 287  2301  2305
3 2303  2305  2301
3 55  1160  1157
3 512  2934  1160
3 509  1157  2934
3 1160  2934  1157
3 220  2101  2099
3 695  2945  2101
3 512  2099  2945
3 2101  2945  2099
3 118  1488  1492
3 509  2936  1488
3 695  1492  2936
3 1488  2936  1492
3 512  2945  2934
3 695  2936  2945
3 509  2934  2936
3 2945  2936  2934
3 56  1163  1165
3 515  2951  1163
3 517  1165  2951
3 1163  2951  1165
3 119  1497  1494
3 697  2953  1497
3 515  1494  2953
3 1497  2953  1494
3 220  2100  2102
3 517  2960  2100
3 697  2102  2960
3 2100  2960  2102
3 515  2953  2951
3 697  2960  2953
3 517  2951  2960
3 2953  2960  2951
3 118  1492  1490
3 695  3239  1492
3 693  1490  3239
3 1492  3239  1490
3 220  2102  2101
3 697  3241  2102
3 695  2101  3241
3 2102  3241  2101
3 119  1495  1497
3 693  3240  1495
3 697  1497  3240
3 1495  3240  1497
3 695  3241  3239
3 697  3240  3241
3 693  3239  3240
3 3241  3240  3239
3 15  947  944
3 299  2332  947
3 296  944  2332
3 947  2332  944
3 131  1567  1565
3 724  2340  1567
3 299  1565  2340
3 1567  2340  1565
3 128  1547  1550
3 296  2334  1547
3 724  1550  2334
3 1547  2334  1550
3 299  2340  2332
3 724  2334  2340
3 296  2332  2334
3 2340  2334  2332
3 60  1189  1187
3 541  3023  1189
3 539  1187  3023
3 1189  3023  1187
3 222  2114  2112
3 732  3032  2114
3 541  2112  3032
3 2114  3032  2112
3 131  1566  1569
3 539  3025  1566
3 732  1569  3025
3 1566  3025  1569
3 541  3032  3023
3 732  3025  3032
3 539  3023  3025
3 3032  3025  3023
3 55  1158  1162
3 510  2938  1158
3 514  1162  2938
3 1158  2938  1162
3 128  1552  1548
3 726  2940  1552
3 510  1548  2940
3 1552  2940  1548
3 222  2111  2113
3 514  2949  2111
3 726  2113  2949
3 2111  2949  2113
3 510  2940  2938
3 726  2949  2940
3 514  2938  2949
3 2940  2949  2938
3 131  1569  1567
3 732  3272  1569
3 724  1567  3272
3 1569  3272  1567
3 222  2113  2114
3 726  3274  2113
3 732  2114  3274
3 2113  3274  2114
3 128  1550  1552
3 724  3271  1550
3 726  1552  3271
3 1550  3271  1552
3 732  3274  3272
3 726  3271  3274
3 724  3272  3271
3 3274  3271  3272
3 17  955  956
3 307  2364  955
3 308  956  2364
3 955  2364  956
3 139  1615  1613
3 756  2366  1615
3 307  1613  2366
3 1615  2366  1613
3 140  1619  1621
3 308  2369  1619
3 756  1621  2369
3 1619  2369  1621
3 307  2366  2364
3 756  2369  2366
3 308  2364  2369
3 2366  2369  2364
3 56  1167  1164
3 519  2955  1167
3 516  1164  2955
3 1167  2955  1164
3 224  2125  2123
3 758  2965  2125
3 519  2123  2965
3 2125  2965  2123
3 139  1614  1617
3 516  2957  1614
3 758  1617  2957
3 1614  2957  1617
3 519  2965  2955
3 758  2957  2965
3 516  2955  2957
3 2965  2957  2955
3 60  1188  1190
3 540  3027  1188
3 542  1190  3027
3 1188  3027  1190
3 140  1623  1620
3 761  3029  1623
3 540  1620  3029
3 1623  3029  1620
3 224  2124  2126
3 542  3034  2124
3 761  2126  3034
3 2124  3034  2126
3 540  3029  3027
3 761  3034  3029
3 542  3027  3034
3 3029  3034  3027
3 139  1617  1615
3 758  3302  1617
3 756  1615  3302
3 1617  3302  1615
3 224  2126  2125
3 761  3306  2126
3 758  2125  3306
3 2126  3306  2125
3 140  1621  1623
3 756  3303  1621
3 761  1623  3303
3 1621  3303  1623
3 758  3306  3302
3 761  3303  3306
3 756  3302  3303
3 3306  3303  3302
3 55  1162  1160
3 514  2944  1162
3 512  1160  2944
3 1162  2944  1160
3 222  2115  2111
3 869  2950  2115
3 514  2111  2950
3 2115  2950  2111
3 220  2099  2103
3 512  2946  2099
3 869  2103  2946
3 2099  2946  2103
3 514  2950  2944
3 869  2946  2950
3 512  2944  2946
3 2950  2946  2944
3 60  1190  1189
3 542  3031  1190
3 541  1189  3031
3 1190  3031  1189
3 224  2128  2124
3 871  3035  2128
3 542  2124  3035
3 2128  3035  2124
3 222  2112  2116
3 541  3033  2112
3 871  2116  3033
3 2112  3033  2116
3 542  3035  3031
3 871  3033  3035
3 541  3031  3033
3 3035  3033  3031
3 56  1165  1167
3 517  2959  1165
3 519  1167  2959
3 1165  2959  1167
3 220  2104  2100
3 870  2961  2104
3 517  2100  2961
3 2104  2961  2100
3 224  2123  2127
3 519  2966  2123
3 870  2127  2966
3 2123  2966  2127
3 517  2961  2959
3 870  2966  2961
3 519  2959  2966
3 2961  2966  2959
3 222  2116  2115
3 871  3414  2116
3 869  2115  3414
3 2116  3414  2115
3 224  2127  2128
3 870  3415  2127
3 871  2128  3415
3 2127  3415  2128
3 220  2103  2104
3 869  3413  2103
3 870  2104  3413
3 2103  3413  2104
3 871  3415  3414
3 870  3413  3415
3 869  3414  3413
3 3415  3413  3414
3 13  935  936
3 287  2304  935
3 288  936  2304
3 935  2304  936
3 119  1496  1493
3 696  2306  1496
3 287  1493  2306
3 1496  2306  1493
3 120  1499  1502
3 288  2308  1499
3 696  1502  2308
3 1499  2308  1502
3 287  2306  2304
3 696  2308  2306
3 288  2304  2308
3 2306  2308  2304
3 56  1166  1163
3 518  2952  1166
3 515  1163  2952
3 1166  2952  1163
3 223  2119  2117
3 698  2963  2119
3 518  2117  2963
3 2119  2963  2117
3 119  1494  1498
3 515  2954  1494
3 698  1498  2954
3 1494  2954  1498
3 518  2963  2952
3 698  2954  2963
3 515  2952  2954
3 2963  2954  2952
3 57  1169  1173
3 521  2970  1169
3 525  1173  2970
3 1169  2970  1173
3 120  1504  1500
3 700  2972  1504
3 521  1500  2972
3 1504  2972  1500
3 223  2118  2120
3 525  2983  2118
3 700  2120  2983
3 2118  2983  2120
3 521  2972  2970
3 700  2983  2972
3 525  2970  2983
3 2972  2983  2970
3 119  1498  1496
3 698  3242  1498
3 696  1496  3242
3 1498  3242  1496
3 223  2120  2119
3 700  3244  2120
3 698  2119  3244
3 2120  3244  2119
3 120  1502  1504
3 696  3243  1502
3 700  1504  3243
3 1502  3243  1504
3 698  3244  3242
3 700  3243  3244
3 696  3242  3243
3 3244  3243  3242
3 17  959  955
3 311  2365  959
3 307  955  2365
3 959  2365  955
3 143  1639  1637
3 757  2376  1639
3 311  1637  2376
3 1639  2376  1637
3 139  1613  1616
3 307  2367  1613
3 757  1616  2367
3 1613  2367  1616
3 311  2376  2365
3 757  2367  2376
3 307  2365  2367
3 2376  2367  2365
3 63  1207  1205
3 559  3077  1207
3 557  1205  3077
3 1207  3077  1205
3 225  2132  2130
3 768  3086  2132
3 559  2130  3086
3 2132  3086  2130
3 143  1638  1641
3 557  3079  1638
3 768  1641  3079
3 1638  3079  1641
3 559  3086  3077
3 768  3079  3086
3 557  3077  3079
3 3086  3079  3077
3 56  1164  1168
3 516  2956  1164
3 520  1168  2956
3 1164  2956  1168
3 139  1618  1614
3 759  2958  1618
3 516  1614  2958
3 1618  2958  1614
3 225  2129  2131
3 520  2967  2129
3 759  2131  2967
3 2129  2967  2131
3 516  2958  2956
3 759  2967  2958
3 520  2956  2967
3 2958  2967  2956
3 143  1641  1639
3 768  3305  1641
3 757  1639  3305
3 1641  3305  1639
3 225  2131  2132
3 759  3307  2131
3 768  2132  3307
3 2131  3307  2132
3 139  1616  1618
3 757  3304  1616
3 759  1618  3304
3 1616  3304  1618
3 768  3307  3305
3 759  3304  3307
3 757  3305  3304
3 3307  3304  3305
3 19  968  969
3 320  2403  968
3 321  969  2403
3 968  2403  969
3 152  1694  1691
3 795  2405  1694
3 320  1691  2405
3 1694  2405  1691
3 153  1697  1699
3 321  2407  1697
3 795  1699  2407
3 1697  2407  1699
3 320  2405  2403
3 795  2407  2405
3 321  2403  2407
3 2405  2407  2403
3 57  1174  1170
3 526  2974  1174
3 522  1170  2974
3 1174  2974  1170
3 226  2137  2135
3 797  2985  2137
3 526  2135  2985
3 2137  2985  2135
3 152  1692  1696
3 522  2976  1692
3 797  1696  2976
3 1692  2976  1696
3 526  2985  2974
3 797  2976  2985
3 522  2974  2976
3 2985  2976  2974
3 63  1206  1208
3 558  3081  1206
3 560  1208  3081
3 1206  3081  1208
3 153  1701  1698
3 799  3083  1701
3 558  1698  3083
3 1701  3083  1698
3 226  2136  2138
3 560  3088  2136
3 799  2138  3088
3 2136  3088  2138
3 558  3083  3081
3 799  3088  3083
3 560  3081  3088
3 3083  3088  3081
3 152  1696  1694
3 797  3341  1696
3 795  1694  3341
3 1696  3341  1694
3 226  2138  2137
3 799  3343  2138
3 797  2137  3343
3 2138  3343  2137
3 153  1699  1701
3 795  3342  1699
3 799  1701  3342
3 1699  3342  1701
3 797  3343  3341
3 799  3342  3343
3 795  3341  3342
3 3343  3342  3341
3 56  1168  1166
3 520  2962  1168
3 518  1166  2962
3 1168  2962  1166
3 225  2133  2129
3 872  2968  2133
3 520  2129  2968
3 2133  2968  2129
3 223  2117  2121
3 518  2964  2117
3 872  2121  2964
3 2117  2964  2121
3 520  2968  2962
3 872  2964  2968
3 518  2962  2964
3 2968  2964  2962
3 63  1208  1207
3 560  3085  1208
3 559  1207  3085
3 1208  3085  1207
3 226  2140  2136
3 874  3089  2140
3 560  2136  3089
3 2140  3089  2136
3 225  2130  2134
3 559  3087  2130
3 874  2134  3087
3 2130  3087  2134
3 560  3089  3085
3 874  3087  3089
3 559  3085  3087
3 3089  3087  3085
3 57  1173  1174
3 525  2982  1173
3 526  1174  2982
3 1173  2982  1174
3 223  2122  2118
3 873  2984  2122
3 525  2118  2984
3 2122  2984  2118
3 226  2135  2139
3 526  2986  2135
3 873  2139  2986
3 2135  2986  2139
3 525  2984  2982
3 873  2986  2984
3 526  2982  2986
3 2984  2986  2982
3 225  2134  2133
3 874  3417  2134
3 872  2133  3417
3 2134  3417  2133
3 226  2139  2140
3 873  3418  2139
3 874  2140  3418
3 2139  3418  2140
3 223  2121  2122
3 872  3416  2121
3 873  2122  3416
3 2121  3416  2122
3 874  3418  3417
3 873  3416  3418
3 872  3417  3416
3 3418  3416  3417
3 13  933  934
3 285  2298  933
3 286  934  2298
3 933  2298  934
3 117  1484  1481
3 690  2300  1484
3 285  1481  2300
3 1484  2300  1481
3 118  1487  1489
3 286  2302  1487
3 690  1489  2302
3 1487  2302  1489
3 285  2300  2298
3 690  2302  2300
3 286  2298  2302
3 2300  2302  2298
3 54  1155  1151
3 507  2916  1155
3 503  1151  2916
3 1155  2916  1151
3 218  2089  2087
3 692  2929  2089
3 507  2087  2929
3 2089  2929  2087
3 117  1482  1486
3 503  2918  1482
3 692  1486  2918
3 1482  2918  1486
3 507  2929  2916
3 692  2918  2929
3 503  2916  2918
3 2929  2918  2916
3 55  1157  1159
3 509  2933  1157
3 511  1159  2933
3 1157  2933  1159
3 118  1491  1488
3 694  2935  1491
3 509  1488  2935
3 1491  2935  1488
3 218  2088  2090
3 511  2942  2088
3 694  2090  2942
3 2088  2942  2090
3 509  2935  2933
3 694  2942  2935
3 511  2933  2942
3 2935  2942  2933
3 117  1486  1484
3 692  3236  1486
3 690  1484  3236
3 1486  3236  1484
3 218  2090  2089
3 694  3238  2090
3 692  2089  3238
3 2090  3238  2089
3 118  1489  1491
3 690  3237  1489
3 694  1491  3237
3 1489  3237  1491
3 692  3238  3236
3 694  3237  3238
3 690  3236  3237
3 3238  3237  3236
3 14  941  940
3 293  2319  941
3 292  940  2319
3 941  2319  940
3 125  1532  1529
3 711  2323  1532
3 293  1529  2323
3 1532  2323  1529
3 124  1523  1526
3 292  2321  1523
3 711  1526  2321
3 1523  2321  1526
3 293  2323  2319
3 711  2321  2323
3 292  2319  2321
3 2323  2321  2319
3 58  1179  1175
3 531  2988  1179
3 527  1175  2988
3 1179  2988  1175
3 219  2096  2094
3 715  3001  2096
3 531  2094  3001
3 2096  3001  2094
3 125  1530  1534
3 527  2990  1530
3 715  1534  2990
3 1530  2990  1534
3 531  3001  2988
3 715  2990  3001
3 527  2988  2990
3 3001  2990  2988
3 54  1152  1156
3 504  2920  1152
3 508  1156  2920
3 1152  2920  1156
3 124  1528  1524
3 713  2922  1528
3 504  1524  2922
3 1528  2922  1524
3 219  2093  2095
3 508  2931  2093
3 713  2095  2931
3 2093  2931  2095
3 504  2922  2920
3 713  2931  2922
3 508  2920  2931
3 2922  2931  2920
3 125  1534  1532
3 715  3258  1534
3 711  1532  3258
3 1534  3258  1532
3 219  2095  2096
3 713  3259  2095
3 715  2096  3259
3 2095  3259  2096
3 124  1526  1528
3 711  3257  1526
3 713  1528  3257
3 1526  3257  1528
3 715  3259  3258
3 713  3257  3259
3 711  3258  3257
3 3259  3257  3258
3 15  944  945
3 296  2331  944
3 297  945  2331
3 944  2331  945
3 128  1549  1547
3 723  2333  1549
3 296  1547  2333
3 1549  2333  1547
3 129  1553  1556
3 297  2336  1553
3 723  1556  2336
3 1553  2336  1556
3 296  2333  2331
3 723  2336  2333
3 297  2331  2336
3 2333  2336  2331
3 55  1161  1158
3 513  2937  1161
3 510  1158  2937
3 1161  2937  1158
3 221  2107  2105
3 725  2947  2107
3 513  2105  2947
3 2107  2947  2105
3 128  1548  1551
3 510  2939  1548
3 725  1551  2939
3 1548  2939  1551
3 513  2947  2937
3 725  2939  2947
3 510  2937  2939
3 2947  2939  2937
3 58  1176  1180
3 528  2992  1176
3 532  1180  2992
3 1176  2992  1180
3 129  1558  1554
3 728  2994  1558
3 528  1554  2994
3 1558  2994  1554
3 221  2106  2108
3 532  3003  2106
3 728  2108  3003
3 2106  3003  2108
3 528  2994  2992
3 728  3003  2994
3 532  2992  3003
3 2994  3003  2992
3 128  1551  1549
3 725  3269  1551
3 723  1549  3269
3 1551  3269  1549
3 221  2108  2107
3 728  3273  2108
3 725  2107  3273
3 2108  3273  2107
3 129  1556  1558
3 723  3270  1556
3 728  1558  3270
3 1556  3270  1558
3 725  3273  3269
3 728  3270  3273
3 723  3269  3270
3 3273  3270  3269
3 54  1156  1155
3 508  2928  1156
3 507  1155  2928
3 1156  2928  1155
3 219  2097  2093
3 866  2932  2097
3 508  2093  2932
3 2097  2932  2093
3 218  2087  2091
3 507  2930  2087
3 866  2091  2930
3 2087  2930  2091
3 508  2932  2928
3 866  2930  2932
3 507  2928  2930
3 2932  2930  2928
3 58  1180  1179
3 532  3000  1180
3 531  1179  3000
3 1180  3000  1179
3 221  2110  2106
3 868  3004  2110
3 532  2106  3004
3 2110  3004  2106
3 219  2094  2098
3 531  3002  2094
3 868  2098  3002
3 2094  3002  2098
3 532  3004  3000
3 868  3002  3004
3 531  3000  3002
3 3004  3002  3000
3 55  1159  1161
3 511  2941  1159
3 513  1161  2941
3 1159  2941  1161
3 218  2092  2088
3 867  2943  2092
3 511  2088  2943
3 2092  2943  2088
3 221  2105  2109
3 513  2948  2105
3 867  2109  2948
3 2105  2948  2109
3 511  2943  2941
3 867  2948  2943
3 513  2941  2948
3 2943  2948  2941
3 219  2098  2097
3 868  3411  2098
3 866  2097  3411
3 2098  3411  2097
3 221  2109  2110
3 867  3412  2109
3 868  2110  3412
3 2109  3412  2110
3 218  2091  2092
3 866  3410  2091
3 867  2092  3410
3 2091  3410  2092
3 868  3412  3411
3 867  3410  3412
3 866  3411  3410
3 3412  3410  3411
3 15  946  947
3 298  2337  946
3 299  947  2337
3 946  2337  947
3 130  1562  1559
3 729  2339  1562
3 298  1559  2339
3 1562  2339  1559
3 131  1565  1568
3 299  2341  1565
3 729  1568  2341
3 1565  2341  1568
3 298  2339  2337
3 729  2341  2339
3 299  2337  2341
3 2339  2341  2337
3 59  1185  1181
3 537  3006  1185
3 533  1181  3006
3 1185  3006  1181
3 227  2143  2141
3 731  3019  2143
3 537  2141  3019
3 2143  3019  2141
3 130  1560  1564
3 533  3008  1560
3 731  1564  3008
3 1560  3008  1564
3 537  3019  3006
3 731  3008  3019
3 533  3006  3008
3 3019  3008  3006
3 60  1187  1191
3 539  3024  1187
3 543  1191  3024
3 1187  3024  1191
3 131  1570  1566
3 733  3026  1570
3 539  1566  3026
3 1570  3026  1566
3 227  2142  2144
3 543  3037  2142
3 733  2144  3037
3 2142  3037  2144
3 539  3026  3024
3 733  3037  3026
3 543  3024  3037
3 3026  3037  3024
3 130  1564  1562
3 731  3275  1564
3 729  1562  3275
3 1564  3275  1562
3 227  2144  2143
3 733  3277  2144
3 731  2143  3277
3 2144  3277  2143
3 131  1568  1570
3 729  3276  1568
3 733  1570  3276
3 1568  3276  1570
3 731  3277  3275
3 733  3276  3277
3 729  3275  3276
3 3277  3276  3275
3 16  952  951
3 304  2352  952
3 303  951  2352
3 952  2352  951
3 136  1598  1595
3 744  2356  1598
3 304  1595  2356
3 1598  2356  1595
3 135  1589  1592
3 303  2354  1589
3 744  1592  2354
3 1589  2354  1592
3 304  2356  2352
3 744  2354  2356
3 303  2352  2354
3 2356  2354  2352
3 61  1197  1193
3 549  3042  1197
3 545  1193  3042
3 1197  3042  1193
3 228  2150  2148
3 748  3055  2150
3 549  2148  3055
3 2150  3055  2148
3 136  1596  1600
3 545  3044  1596
3 748  1600  3044
3 1596  3044  1600
3 549  3055  3042
3 748  3044  3055
3 545  3042  3044
3 3055  3044  3042
3 59  1182  1186
3 534  3010  1182
3 538  1186  3010
3 1182  3010  1186
3 135  1594  1590
3 746  3012  1594
3 534  1590  3012
3 1594  3012  1590
3 228  2147  2149
3 538  3021  2147
3 746  2149  3021
3 2147  3021  2149
3 534  3012  3010
3 746  3021  3012
3 538  3010  3021
3 3012  3021  3010
3 136  1600  1598
3 748  3291  1600
3 744  1598  3291
3 1600  3291  1598
3 228  2149  2150
3 746  3292  2149
3 748  2150  3292
3 2149  3292  2150
3 135  1592  1594
3 744  3290  1592
3 746  1594  3290
3 1592  3290  1594
3 748  3292  3291
3 746  3290  3292
3 744  3291  3290
3 3292  3290  3291
3 17  956  957
3 308  2368  956
3 309  957  2368
3 956  2368  957
3 140  1622  1619
3 760  2370  1622
3 308  1619  2370
3 1622  2370  1619
3 141  1625  1628
3 309  2372  1625
3 760  1628  2372
3 1625  2372  1628
3 308  2370  2368
3 760  2372  2370
3 309  2368  2372
3 2370  2372  2368
3 60  1192  1188
3 544  3028  1192
3 540  1188  3028
3 1192  3028  1188
3 229  2155  2153
3 762  3039  2155
3 544  2153  3039
3 2155  3039  2153
3 140  1620  1624
3 540  3030  1620
3 762  1624  3030
3 1620  3030  1624
3 544  3039  3028
3 762  3030  3039
3 540  3028  3030
3 3039  3030  3028
3 61  1194  1198
3 546  3046  1194
3 550  1198  3046
3 1194  3046  1198
3 141  1630  1626
3 764  3048  1630
3 546  1626  3048
3 1630  3048  1626
3 229  2154  2156
3 550  3057  2154
3 764  2156  3057
3 2154  3057  2156
3 546  3048  3046
3 764  3057  3048
3 550  3046  3057
3 3048  3057  3046
3 140  1624  1622
3 762  3308  1624
3 760  1622  3308
3 1624  3308  1622
3 229  2156  2155
3 764  3310  2156
3 762  2155  3310
3 2156  3310  2155
3 141  1628  1630
3 760  3309  1628
3 764  1630  3309
3 1628  3309  1630
3 762  3310  3308
3 764  3309  3310
3 760  3308  3309
3 3310  3309  3308
3 59  1186  1185
3 538  3018  1186
3 537  1185  3018
3 1186  3018  1185
3 228  2151  2147
3 875  3022  2151
3 538  2147  3022
3 2151  3022  2147
3 227  2141  2145
3 537  3020  2141
3 875  2145  3020
3 2141  3020  2145
3 538  3022  3018
3 875  3020  3022
3 537  3018  3020
3 3022  3020  3018
3 61  1198  1197
3 550  3054  1198
3 549  1197  3054
3 1198  3054  1197
3 229  2158  2154
3 877  3058  2158
3 550  2154  3058
3 2158  3058  2154
3 228  2148  2152
3 549  3056  2148
3 877  2152  3056
3 2148  3056  2152
3 550  3058  3054
3 877  3056  3058
3 549  3054  3056
3 3058  3056  3054
3 60  1191  1192
3 543  3036  1191
3 544  1192  3036
3 1191  3036  1192
3 227  2146  2142
3 876  3038  2146
3 543  2142  3038
3 2146  3038  2142
3 229  2153  2157
3 544  3040  2153
3 876  2157  3040
3 2153  3040  2157
3 543  3038  3036
3 876  3040  3038
3 544  3036  3040
3 3038  3040  3036
3 228  2152  2151
3 877  3420  2152
3 875  2151  3420
3 2152  3420  2151
3 229  2157  2158
3 876  3421  2157
3 877  2158  3421
3 2157  3421  2158
3 227  2145  2146
3 875  3419  2145
3 876  2146  3419
3 2145  3419  2146
3 877  3421  3420
3 876  3419  3421
3 875  3420  3419
3 3421  3419  3420
3 17  958  959
3 310  2373  958
3 311  959  2373
3 958  2373  959
3 142  1634  1631
3 765  2375  1634
3 310  1631  2375
3 1634  2375  1631
3 143  1637  1640
3 311  2377  1637
3 765  1640  2377
3 1637  2377  1640
3 310  2375  2373
3 765  2377  2375
3 311  2373  2377
3 2375  2377  2373
3 62  1203  1199
3 555  3060  1203
3 551  1199  3060
3 1203  3060  1199
3 230  2161  2159
3 767  3073  2161
3 555  2159  3073
3 2161  3073  2159
3 142  1632  1636
3 551  3062  1632
3 767  1636  3062
3 1632  3062  1636
3 555  3073  3060
3 767  3062  3073
3 551  3060  3062
3 3073  3062  3060
3 63  1205  1209
3 557  3078  1205
3 561  1209  3078
3 1205  3078  1209
3 143  1642  1638
3 769  3080  1642
3 557  1638  3080
3 1642  3080  1638
3 230  2160  2162
3 561  3091  2160
3 769  2162  3091
3 2160  3091  2162
3 557  3080  3078
3 769  3091  3080
3 561  3078  3091
3 3080  3091  3078
3 142  1636  1634
3 767  3311  1636
3 765  1634  3311
3 1636  3311  1634
3 230  2162  2161
3 769  3313  2162
3 767  2161  3313
3 2162  3313  2161
3 143  1640  1642
3 765  3312  1640
3 769  1642  3312
3 1640  3312  1642
3 767  3313  3311
3 769  3312  3313
3 765  3311  3312
3 3313  3312  3311
3 18  964  963
3 316  2388  964
3 315  963  2388
3 964  2388  963
3 148  1670  1667
3 780  2392  1670
3 316  1667  2392
3 1670  2392  1667
3 147  1661  1664
3 315  2390  1661
3 780  1664  2390
3 1661  2390  1664
3 316  2392  2388
3 780  2390  2392
3 315  2388  2390
3 2392  2390  2388
3 64  1215  1211
3 567  3096  1215
3 563  1211  3096
3 1215  3096  1211
3 231  2168  2166
3 784  3109  2168
3 567  2166  3109
3 2168  3109  2166
3 148  1668  1672
3 563  3098  1668
3 784  1672  3098
3 1668  3098  1672
3 567  3109  3096
3 784  3098  3109
3 563  3096  3098
3 3109  3098  3096
3 62  1200  1204
3 552  3064  1200
3 556  1204  3064
3 1200  3064  1204
3 147  1666  1662
3 782  3066  1666
3 552  1662  3066
3 1666  3066  1662
3 231  2165  2167
3 556  3075  2165
3 782  2167  3075
3 2165  3075  2167
3 552  3066  3064
3 782  3075  3066
3 556  3064  3075
3 3066  3075  3064
3 148  1672  1670
3 784  3327  1672
3 780  1670  3327
3 1672  3327  1670
3 231  2167  2168
3 782  3328  2167
3 784  2168  3328
3 2167  3328  2168
3 147  1664  1666
3 780  3326  1664
3 782  1666  3326
3 1664  3326  1666
3 784  3328  3327
3 782  3326  3328
3 780  3327  3326
3 3328  3326  3327
3 19  969  970
3 321  2406  969
3 322  970  2406
3 969  2406  970
3 153  1700  1697
3 798  2408  1700
3 321  1697  2408
3 1700  2408  1697
3 154  1703  1706
3 322  2410  1703
3 798  1706  2410
3 1703  2410  1706
3 321  2408  2406
3 798  2410  2408
3 322  2406  2410
3 2408  2410  2406
3 63  1210  1206
3 562  3082  1210
3 558  1206  3082
3 1210  3082  1206
3 232  2173  2171
3 800  3093  2173
3 562  2171  3093
3 2173  3093  2171
3 153  1698  1702
3 558  3084  1698
3 800  1702  3084
3 1698  3084  1702
3 562  3093  3082
3 800  3084  3093
3 558  3082  3084
3 3093  3084  3082
3 64  1212  1216
3 564  3100  1212
3 568  1216  3100
3 1212  3100  1216
3 154  1708  1704
3 802  3102  1708
3 564  1704  3102
3 1708  3102  1704
3 232  2172  2174
3 568  3111  2172
3 802  2174  3111
3 2172  3111  2174
3 564  3102  3100
3 802  3111  3102
3 568  3100  3111
3 3102  3111  3100
3 153  1702  1700
3 800  3344  1702
3 798  1700  3344
3 1702  3344  1700
3 232  2174  2173
3 802  3346  2174
3 800  2173  3346
3 2174  3346  2173
3 154  1706  1708
3 798  3345  1706
3 802  1708  3345
3 1706  3345  1708
3 800  3346  3344
3 802  3345  3346
3 798  3344  3345
3 3346  3345  3344
3 62  1204  1203
3 556  3072  1204
3 555  1203  3072
3 1204  3072  1203
3 231  2169  2165
3 878  3076  2169
3 556  2165  3076
3 2169  3076  2165
3 230  2159  2163
3 555  3074  2159
3 878  2163  3074
3 2159  3074  2163
3 556  3076  3072
3 878  3074  3076
3 555  3072  3074
3 3076  3074  3072
3 64  1216  1215
3 568  3108  1216
3 567  1215  3108
3 1216  3108  1215
3 232  2176  2172
3 880  3112  2176
3 568  2172  3112
3 2176  3112  2172
3 231  2166  2170
3 567  3110  2166
3 880  2170  3110
3 2166  3110  2170
3 568  3112  3108
3 880  3110  3112
3 567  3108  3110
3 3112  3110  3108
3 63  1209  1210
3 561  3090  1209
3 562  1210  3090
3 1209  3090  1210
3 230  2164  2160
3 879  3092  2164
3 561  2160  3092
3 2164  3092  2160
3 232  2171  2175
3 562  3094  2171
3 879  2175  3094
3 2171  3094  2175
3 561  3092  3090
3 879  3094  3092
3 562  3090  3094
3 3092  3094  3090
3 231  2170  2169
3 880  3423  2170
3 878  2169  3423
3 2170  3423  2169
3 232  2175  2176
3 879  3424  2175
3 880  2176  3424
3 2175  3424  2176
3 230  2163  2164
3 878  3422  2163
3 879  2164  3422
3 2163  3422  2164
3 880  3424  3423
3 879  3422  3424
3 878  3423  3422
3 3424  3422  3423
3 19  967  968
3 319  2400  967
3 320  968  2400
3 967  2400  968
3 151  1688  1685
3 792  2402  1688
3 319  1685  2402
3 1688  2402  1685
3 152  1691  1693
3 320  2404  1691
3 792  1693  2404
3 1691  2404  1693
3 319  2402  2400
3 792  2404  2402
3 320  2400  2404
3 2402  2404  2400
3 53  1150  1146
3 502  2902  1150
3 498  1146  2902
3 1150  2902  1146
3 217  2083  2081
3 794  2913  2083
3 502  2081  2913
3 2083  2913  2081
3 151  1686  1690
3 498  2904  1686
3 794  1690  2904
3 1686  2904  1690
3 502  2913  2902
3 794  2904  2913
3 498  2902  2904
3 2913  2904  2902
3 57  1170  1172
3 522  2973  1170
3 524  1172  2973
3 1170  2973  1172
3 152  1695  1692
3 796  2975  1695
3 522  1692  2975
3 1695  2975  1692
3 217  2082  2084
3 524  2980  2082
3 796  2084  2980
3 2082  2980  2084
3 522  2975  2973
3 796  2980  2975
3 524  2973  2980
3 2975  2980  2973
3 151  1690  1688
3 794  3338  1690
3 792  1688  3338
3 1690  3338  1688
3 217  2084  2083
3 796  3340  2084
3 794  2083  3340
3 2084  3340  2083
3 152  1693  1695
3 792  3339  1693
3 796  1695  3339
3 1693  3339  1695
3 794  3340  3338
3 796  3339  3340
3 792  3338  3339
3 3340  3339  3338
3 12  928  929
3 280  2283  928
3 281  929  2283
3 928  2283  929
3 112  1454  1451
3 675  2285  1454
3 280  1451  2285
3 1454  2285  1451
3 113  1457  1460
3 281  2287  1457
3 675  1460  2287
3 1457  2287  1460
3 280  2285  2283
3 675  2287  2285
3 281  2283  2287
3 2285  2287  2283
3 52  1143  1139
3 495  2880  1143
3 491  1139  2880
3 1143  2880  1139
3 215  2071  2069
3 677  2893  2071
3 495  2069  2893
3 2071  2893  2069
3 112  1452  1456
3 491  2882  1452
3 677  1456  2882
3 1452  2882  1456
3 495  2893  2880
3 677  2882  2893
3 491  2880  2882
3 2893  2882  2880
3 53  1145  1149
3 497  2898  1145
3 501  1149  2898
3 1145  2898  1149
3 113  1462  1458
3 679  2900  1462
3 497  1458  2900
3 1462  2900  1458
3 215  2070  2072
3 501  2911  2070
3 679  2072  2911
3 2070  2911  2072
3 497  2900  2898
3 679  2911  2900
3 501  2898  2911
3 2900  2911  2898
3 112  1456  1454
3 677  3221  1456
3 675  1454  3221
3 1456  3221  1454
3 215  2072  2071
3 679  3223  2072
3 677  2071  3223
3 2072  3223  2071
3 113  1460  1462
3 675  3222  1460
3 679  1462  3222
3 1460  3222  1462
3 677  3223  3221
3 679  3222  3223
3 675  3221  3222
3 3223  3222  3221
3 13  936  932
3 288  2295  936
3 284  932  2295
3 936  2295  932
3 120  1501  1499
3 687  2307  1501
3 288  1499  2307
3 1501  2307  1499
3 116  1475  1478
3 284  2297  1475
3 687  1478  2297
3 1475  2297  1478
3 288  2307  2295
3 687  2297  2307
3 284  2295  2297
3 2307  2297  2295
3 57  1171  1169
3 523  2969  1171
3 521  1169  2969
3 1171  2969  1169
3 216  2078  2076
3 699  2978  2078
3 523  2076  2978
3 2078  2978  2076
3 120  1500  1503
3 521  2971  1500
3 699  1503  2971
3 1500  2971  1503
3 523  2978  2969
3 699  2971  2978
3 521  2969  2971
3 2978  2971  2969
3 52  1140  1144
3 492  2884  1140
3 496  1144  2884
3 1140  2884  1144
3 116  1480  1476
3 689  2886  1480
3 492  1476  2886
3 1480  2886  1476
3 216  2075  2077
3 496  2895  2075
3 689  2077  2895
3 2075  2895  2077
3 492  2886  2884
3 689  2895  2886
3 496  2884  2895
3 2886  2895  2884
3 120  1503  1501
3 699  3234  1503
3 687  1501  3234
3 1503  3234  1501
3 216  2077  2078
3 689  3235  2077
3 699  2078  3235
3 2077  3235  2078
3 116  1478  1480
3 687  3233  1478
3 689  1480  3233
3 1478  3233  1480
3 699  3235  3234
3 689  3233  3235
3 687  3234  3233
3 3235  3233  3234
3 53  1149  1150
3 501  2910  1149
3 502  1150  2910
3 1149  2910  1150
3 215  2074  2070
3 864  2912  2074
3 501  2070  2912
3 2074  2912  2070
3 217  2081  2085
3 502  2914  2081
3 864  2085  2914
3 2081  2914  2085
3 501  2912  2910
3 864  2914  2912
3 502  2910  2914
3 2912  2914  2910
3 52  1144  1143
3 496  2892  1144
3 495  1143  2892
3 1144  2892  1143
3 216  2079  2075
3 863  2896  2079
3 496  2075  2896
3 2079  2896  2075
3 215  2069  2073
3 495  2894  2069
3 863  2073  2894
3 2069  2894  2073
3 496  2896  2892
3 863  2894  2896
3 495  2892  2894
3 2896  2894  2892
3 57  1172  1171
3 524  2977  1172
3 523  1171  2977
3 1172  2977  1171
3 217  2086  2082
3 865  2981  2086
3 524  2082  2981
3 2086  2981  2082
3 216  2076  2080
3 523  2979  2076
3 865  2080  2979
3 2076  2979  2080
3 524  2981  2977
3 865  2979  2981
3 523  2977  2979
3 2981  2979  2977
3 215  2073  2074
3 863  3407  2073
3 864  2074  3407
3 2073  3407  2074
3 216  2080  2079
3 865  3408  2080
3 863  2079  3408
3 2080  3408  2079
3 217  2085  2086
3 864  3409  2085
3 865  2086  3409
3 2085  3409  2086
3 863  3408  3407
3 865  3409  3408
3 864  3407  3409
3 3408  3409  3407
3 15  942  943
3 294  2324  942
3 295  943  2324
3 942  2324  943
3 126  1537  1535
3 716  2326  1537
3 294  1535  2326
3 1537  2326  1535
3 127  1541  1543
3 295  2329  1541
3 716  1543  2329
3 1541  2329  1543
3 294  2326  2324
3 716  2329  2326
3 295  2324  2329
3 2326  2329  2324
3 33  1041  1038
3 393  2595  1041
3 390  1038  2595
3 1041  2595  1038
3 180  1861  1859
3 718  2605  1861
3 393  1859  2605
3 1861  2605  1859
3 126  1536  1539
3 390  2597  1536
3 718  1539  2597
3 1536  2597  1539
3 393  2605  2595
3 718  2597  2605
3 390  2595  2597
3 2605  2597  2595
3 35  1048  1050
3 400  2622  1048
3 402  1050  2622
3 1048  2622  1050
3 127  1545  1542
3 721  2624  1545
3 400  1542  2624
3 1545  2624  1542
3 180  1860  1862
3 402  2629  1860
3 721  1862  2629
3 1860  2629  1862
3 400  2624  2622
3 721  2629  2624
3 402  2622  2629
3 2624  2629  2622
3 126  1539  1537
3 718  3260  1539
3 716  1537  3260
3 1539  3260  1537
3 180  1862  1861
3 721  3264  1862
3 718  1861  3264
3 1862  3264  1861
3 127  1543  1545
3 716  3261  1543
3 721  1545  3261
3 1543  3261  1545
3 718  3264  3260
3 721  3261  3264
3 716  3260  3261
3 3264  3261  3260
3 4  896  898
3 248  2209  896
3 250  898  2209
3 896  2209  898
3 80  1291  1289
3 601  2210  1291
3 248  1289  2210
3 1291  2210  1289
3 82  1299  1301
3 250  2214  1299
3 601  1301  2214
3 1299  2214  1301
3 248  2210  2209
3 601  2214  2210
3 250  2209  2214
3 2210  2214  2209
3 31  1029  1027
3 381  2564  1029
3 379  1027  2564
3 1029  2564  1027
3 176  1837  1835
3 602  2569  1837
3 381  1835  2569
3 1837  2569  1835
3 80  1290  1292
3 379  2565  1290
3 602  1292  2565
3 1290  2565  1292
3 381  2569  2564
3 602  2565  2569
3 379  2564  2565
3 2569  2565  2564
3 33  1037  1039
3 389  2591  1037
3 391  1039  2591
3 1037  2591  1039
3 82  1303  1300
3 606  2593  1303
3 389  1300  2593
3 1303  2593  1300
3 176  1836  1838
3 391  2600  1836
3 606  1838  2600
3 1836  2600  1838
3 389  2593  2591
3 606  2600  2593
3 391  2591  2600
3 2593  2600  2591
3 80  1292  1291
3 602  3146  1292
3 601  1291  3146
3 1292  3146  1291
3 176  1838  1837
3 606  3148  1838
3 602  1837  3148
3 1838  3148  1837
3 82  1301  1303
3 601  3147  1301
3 606  1303  3147
3 1301  3147  1303
3 602  3148  3146
3 606  3147  3148
3 601  3146  3147
3 3148  3147  3146
3 5  901  899
3 253  2216  901
3 251  899  2216
3 901  2216  899
3 85  1315  1313
3 608  2221  1315
3 253  1313  2221
3 1315  2221  1313
3 83  1305  1307
3 251  2217  1305
3 608  1307  2217
3 1305  2217  1307
3 253  2221  2216
3 608  2217  2221
3 251  2216  2217
3 2221  2217  2216
3 35  1049  1047
3 401  2618  1049
3 399  1047  2618
3 1049  2618  1047
3 177  1844  1842
3 613  2627  1844
3 401  1842  2627
3 1844  2627  1842
3 85  1314  1317
3 399  2620  1314
3 613  1317  2620
3 1314  2620  1317
3 401  2627  2618
3 613  2620  2627
3 399  2618  2620
3 2627  2620  2618
3 31  1028  1030
3 380  2566  1028
3 382  1030  2566
3 1028  2566  1030
3 83  1308  1306
3 609  2567  1308
3 380  1306  2567
3 1308  2567  1306
3 177  1841  1843
3 382  2571  1841
3 609  1843  2571
3 1841  2571  1843
3 380  2567  2566
3 609  2571  2567
3 382  2566  2571
3 2567  2571  2566
3 85  1317  1315
3 613  3153  1317
3 608  1315  3153
3 1317  3153  1315
3 177  1843  1844
3 609  3154  1843
3 613  1844  3154
3 1843  3154  1844
3 83  1307  1308
3 608  3152  1307
3 609  1308  3152
3 1307  3152  1308
3 613  3154  3153
3 609  3152  3154
3 608  3153  3152
3 3154  3152  3153
3 33  1039  1041
3 391  2599  1039
3 393  1041  2599
3 1039  2599  1041
3 176  1840  1836
3 825  2601  1840
3 391  1836  2601
3 1840  2601  1836
3 180  1859  1863
3 393  2606  1859
3 825  1863  2606
3 1859  2606  1863
3 391  2601  2599
3 825  2606  2601
3 393  2599  2606
3 2601  2606  2599
3 31  1030  1029
3 382  2568  1030
3 381  1029  2568
3 1030  2568  1029
3 177  1845  1841
3 824  2572  1845
3 382  1841  2572
3 1845  2572  1841
3 176  1835  1839
3 381  2570  1835
3 824  1839  2570
3 1835  2570  1839
3 382  2572  2568
3 824  2570  2572
3 381  2568  2570
3 2572  2570  2568
3 35  1050  1049
3 402  2626  1050
3 401  1049  2626
3 1050  2626  1049
3 180  1864  1860
3 826  2630  1864
3 402  1860  2630
3 1864  2630  1860
3 177  1842  1846
3 401  2628  1842
3 826  1846  2628
3 1842  2628  1846
3 402  2630  2626
3 826  2628  2630
3 401  2626  2628
3 2630  2628  2626
3 176  1839  1840
3 824  3368  1839
3 825  1840  3368
3 1839  3368  1840
3 177  1846  1845
3 826  3369  1846
3 824  1845  3369
3 1846  3369  1845
3 180  1863  1864
3 825  3370  1863
3 826  1864  3370
3 1863  3370  1864
3 824  3369  3368
3 826  3370  3369
3 825  3368  3370
3 3369  3370  3368
3 15  943  946
3 295  2328  943
3 298  946  2328
3 943  2328  946
3 127  1544  1541
3 720  2330  1544
3 295  1541  2330
3 1544  2330  1541
3 130  1559  1561
3 298  2338  1559
3 720  1561  2338
3 1559  2338  1561
3 295  2330  2328
3 720  2338  2330
3 298  2328  2338
3 2330  2338  2328
3 35  1052  1048
3 404  2623  1052
3 400  1048  2623
3 1052  2623  1048
3 185  1891  1889
3 722  2634  1891
3 404  1889  2634
3 1891  2634  1889
3 127  1542  1546
3 400  2625  1542
3 722  1546  2625
3 1542  2625  1546
3 404  2634  2623
3 722  2625  2634
3 400  2623  2625
3 2634  2625  2623
3 59  1181  1183
3 533  3005  1181
3 535  1183  3005
3 1181  3005  1183
3 130  1563  1560
3 730  3007  1563
3 533  1560  3007
3 1563  3007  1560
3 185  1890  1892
3 535  3014  1890
3 730  1892  3014
3 1890  3014  1892
3 533  3007  3005
3 730  3014  3007
3 535  3005  3014
3 3007  3014  3005
3 127  1546  1544
3 722  3266  1546
3 720  1544  3266
3 1546  3266  1544
3 185  1892  1891
3 730  3268  1892
3 722  1891  3268
3 1892  3268  1891
3 130  1561  1563
3 720  3267  1561
3 730  1563  3267
3 1561  3267  1563
3 722  3268  3266
3 730  3267  3268
3 720  3266  3267
3 3268  3267  3266
3 5  902  901
3 254  2220  902
3 253  901  2220
3 902  2220  901
3 86  1322  1319
3 612  2224  1322
3 254  1319  2224
3 1322  2224  1319
3 85  1313  1316
3 253  2222  1313
3 612  1316  2222
3 1313  2222  1316
3 254  2224  2220
3 612  2222  2224
3 253  2220  2222
3 2224  2222  2220
3 36  1056  1053
3 408  2637  1056
3 405  1053  2637
3 1056  2637  1053
3 184  1886  1884
3 616  2648  1886
3 408  1884  2648
3 1886  2648  1884
3 86  1320  1324
3 405  2639  1320
3 616  1324  2639
3 1320  2639  1324
3 408  2648  2637
3 616  2639  2648
3 405  2637  2639
3 2648  2639  2637
3 35  1047  1051
3 399  2619  1047
3 403  1051  2619
3 1047  2619  1051
3 85  1318  1314
3 614  2621  1318
3 399  1314  2621
3 1318  2621  1314
3 184  1883  1885
3 403  2632  1883
3 614  1885  2632
3 1883  2632  1885
3 399  2621  2619
3 614  2632  2621
3 403  2619  2632
3 2621  2632  2619
3 86  1324  1322
3 616  3159  1324
3 612  1322  3159
3 1324  3159  1322
3 184  1885  1886
3 614  3160  1885
3 616  1886  3160
3 1885  3160  1886
3 85  1316  1318
3 612  3158  1316
3 614  1318  3158
3 1316  3158  1318
3 616  3160  3159
3 614  3158  3160
3 612  3159  3158
3 3160  3158  3159
3 16  951  948
3 303  2343  951
3 300  948  2343
3 951  2343  948
3 135  1591  1589
3 735  2353  1591
3 303  1589  2353
3 1591  2353  1589
3 132  1571  1574
3 300  2345  1571
3 735  1574  2345
3 1571  2345  1574
3 303  2353  2343
3 735  2345  2353
3 300  2343  2345
3 2353  2345  2343
3 59  1184  1182
3 536  3009  1184
3 534  1182  3009
3 1184  3009  1182
3 187  1904  1902
3 745  3016  1904
3 536  1902  3016
3 1904  3016  1902
3 135  1590  1593
3 534  3011  1590
3 745  1593  3011
3 1590  3011  1593
3 536  3016  3009
3 745  3011  3016
3 534  3009  3011
3 3016  3011  3009
3 36  1054  1058
3 406  2641  1054
3 410  1058  2641
3 1054  2641  1058
3 132  1576  1572
3 737  2643  1576
3 406  1572  2643
3 1576  2643  1572
3 187  1901  1903
3 410  2652  1901
3 737  1903  2652
3 1901  2652  1903
3 406  2643  2641
3 737  2652  2643
3 410  2641  2652
3 2643  2652  2641
3 135  1593  1591
3 745  3281  1593
3 735  1591  3281
3 1593  3281  1591
3 187  1903  1904
3 737  3283  1903
3 745  1904  3283
3 1903  3283  1904
3 132  1574  1576
3 735  3280  1574
3 737  1576  3280
3 1574  3280  1576
3 745  3283  3281
3 737  3280  3283
3 735  3281  3280
3 3283  3280  3281
3 35  1051  1052
3 403  2631  1051
3 404  1052  2631
3 1051  2631  1052
3 184  1887  1883
3 833  2633  1887
3 403  1883  2633
3 1887  2633  1883
3 185  1889  1893
3 404  2635  1889
3 833  1893  2635
3 1889  2635  1893
3 403  2633  2631
3 833  2635  2633
3 404  2631  2635
3 2633  2635  2631
3 36  1058  1056
3 410  2647  1058
3 408  1056  2647
3 1058  2647  1056
3 187  1905  1901
3 834  2653  1905
3 410  1901  2653
3 1905  2653  1901
3 184  1884  1888
3 408  2649  1884
3 834  1888  2649
3 1884  2649  1888
3 410  2653  2647
3 834  2649  2653
3 408  2647  2649
3 2653  2649  2647
3 59  1183  1184
3 535  3013  1183
3 536  1184  3013
3 1183  3013  1184
3 185  1894  1890
3 835  3015  1894
3 535  1890  3015
3 1894  3015  1890
3 187  1902  1906
3 536  3017  1902
3 835  1906  3017
3 1902  3017  1906
3 535  3015  3013
3 835  3017  3015
3 536  3013  3017
3 3015  3017  3013
3 184  1888  1887
3 834  3377  1888
3 833  1887  3377
3 1888  3377  1887
3 187  1906  1905
3 835  3379  1906
3 834  1905  3379
3 1906  3379  1905
3 185  1893  1894
3 833  3378  1893
3 835  1894  3378
3 1893  3378  1894
3 834  3379  3377
3 835  3378  3379
3 833  3377  3378
3 3379  3378  3377
3 16  948  949
3 300  2342  948
3 301  949  2342
3 948  2342  949
3 132  1573  1571
3 734  2344  1573
3 300  1571  2344
3 1573  2344  1571
3 133  1577  1579
3 301  2347  1577
3 734  1579  2347
3 1577  2347  1579
3 300  2344  2342
3 734  2347  2344
3 301  2342  2347
3 2344  2347  2342
3 36  1057  1054
3 409  2640  1057
3 406  1054  2640
3 1057  2640  1054
3 186  1897  1895
3 736  2650  1897
3 409  1895  2650
3 1897  2650  1895
3 132  1572  1575
3 406  2642  1572
3 736  1575  2642
3 1572  2642  1575
3 409  2650  2640
3 736  2642  2650
3 406  2640  2642
3 2650  2642  2640
3 38  1064  1066
3 416  2667  1064
3 418  1066  2667
3 1064  2667  1066
3 133  1581  1578
3 739  2669  1581
3 416  1578  2669
3 1581  2669  1578
3 186  1896  1898
3 418  2674  1896
3 739  1898  2674
3 1896  2674  1898
3 416  2669  2667
3 739  2674  2669
3 418  2667  2674
3 2669  2674  2667
3 132  1575  1573
3 736  3278  1575
3 734  1573  3278
3 1575  3278  1573
3 186  1898  1897
3 739  3282  1898
3 736  1897  3282
3 1898  3282  1897
3 133  1579  1581
3 734  3279  1579
3 739  1581  3279
3 1579  3279  1581
3 736  3282  3278
3 739  3279  3282
3 734  3278  3279
3 3282  3279  3278
3 5  900  902
3 252  2218  900
3 254  902  2218
3 900  2218  902
3 84  1311  1309
3 610  2219  1311
3 252  1309  2219
3 1311  2219  1309
3 86  1319  1321
3 254  2223  1319
3 610  1321  2223
3 1319  2223  1321
3 252  2219  2218
3 610  2223  2219
3 254  2218  2223
3 2219  2223  2218
3 34  1045  1043
3 397  2609  1045
3 395  1043  2609
3 1045  2609  1043
3 182  1873  1871
3 611  2614  1873
3 397  1871  2614
3 1873  2614  1871
3 84  1310  1312
3 395  2610  1310
3 611  1312  2610
3 1310  2610  1312
3 397  2614  2609
3 611  2610  2614
3 395  2609  2610
3 2614  2610  2609
3 36  1053  1055
3 405  2636  1053
3 407  1055  2636
3 1053  2636  1055
3 86  1323  1320
3 615  2638  1323
3 405  1320  2638
3 1323  2638  1320
3 182  1872  1874
3 407  2645  1872
3 615  1874  2645
3 1872  2645  1874
3 405  2638  2636
3 615  2645  2638
3 407  2636  2645
3 2638  2645  2636
3 84  1312  1311
3 611  3155  1312
3 610  1311  3155
3 1312  3155  1311
3 182  1874  1873
3 615  3157  1874
3 611  1873  3157
3 1874  3157  1873
3 86  1321  1323
3 610  3156  1321
3 615  1323  3156
3 1321  3156  1323
3 611  3157  3155
3 615  3156  3157
3 610  3155  3156
3 3157  3156  3155
3 6  905  903
3 257  2225  905
3 255  903  2225
3 905  2225  903
3 89  1335  1333
3 617  2229  1335
3 257  1333  2229
3 1335  2229  1333
3 87  1325  1327
3 255  2226  1325
3 617  1327  2226
3 1325  2226  1327
3 257  2229  2225
3 617  2226  2229
3 255  2225  2226
3 2229  2226  2225
3 38  1065  1063
3 417  2663  1065
3 415  1063  2663
3 1065  2663  1063
3 183  1880  1878
3 621  2672  1880
3 417  1878  2672
3 1880  2672  1878
3 89  1334  1337
3 415  2665  1334
3 621  1337  2665
3 1334  2665  1337
3 417  2672  2663
3 621  2665  2672
3 415  2663  2665
3 2672  2665  2663
3 34  1044  1046
3 396  2611  1044
3 398  1046  2611
3 1044  2611  1046
3 87  1328  1326
3 618  2612  1328
3 396  1326  2612
3 1328  2612  1326
3 183  1877  1879
3 398  2616  1877
3 618  1879  2616
3 1877  2616  1879
3 396  2612  2611
3 618  2616  2612
3 398  2611  2616
3 2612  2616  2611
3 89  1337  1335
3 621  3162  1337
3 617  1335  3162
3 1337  3162  1335
3 183  1879  1880
3 618  3163  1879
3 621  1880  3163
3 1879  3163  1880
3 87  1327  1328
3 617  3161  1327
3 618  1328  3161
3 1327  3161  1328
3 621  3163  3162
3 618  3161  3163
3 617  3162  3161
3 3163  3161  3162
3 36  1055  1057
3 407  2644  1055
3 409  1057  2644
3 1055  2644  1057
3 182  1876  1872
3 831  2646  1876
3 407  1872  2646
3 1876  2646  1872
3 186  1895  1899
3 409  2651  1895
3 831  1899  2651
3 1895  2651  1899
3 407  2646  2644
3 831  2651  2646
3 409  2644  2651
3 2646  2651  2644
3 34  1046  1045
3 398  2613  1046
3 397  1045  2613
3 1046  2613  1045
3 183  1881  1877
3 830  2617  1881
3 398  1877  2617
3 1881  2617  1877
3 182  1871  1875
3 397  2615  1871
3 830  1875  2615
3 1871  2615  1875
3 398  2617  2613
3 830  2615  2617
3 397  2613  2615
3 2617  2615  2613
3 38  1066  1065
3 418  2671  1066
3 417  1065  2671
3 1066  2671  1065
3 186  1900  1896
3 832  2675  1900
3 418  1896  2675
3 1900  2675  1896
3 183  1878  1882
3 417  2673  1878
3 832  1882  2673
3 1878  2673  1882
3 418  2675  2671
3 832  2673  2675
3 417  2671  2673
3 2675  2673  2671
3 182  1875  1876
3 830  3374  1875
3 831  1876  3374
3 1875  3374  1876
3 183  1882  1881
3 832  3375  1882
3 830  1881  3375
3 1882  3375  1881
3 186  1899  1900
3 831  3376  1899
3 832  1900  3376
3 1899  3376  1900
3 830  3375  3374
3 832  3376  3375
3 831  3374  3376
3 3375  3376  3374
3 16  949  950
3 301  2346  949
3 302  950  2346
3 949  2346  950
3 133  1580  1577
3 738  2348  1580
3 301  1577  2348
3 1580  2348  1577
3 134  1583  1585
3 302  2350  1583
3 738  1585  2350
3 1583  2350  1585
3 301  2348  2346
3 738  2350  2348
3 302  2346  2350
3 2348  2350  2346
3 38  1068  1064
3 420  2668  1068
3 416  1064  2668
3 1068  2668  1064
3 190  1921  1919
3 740  2679  1921
3 420  1919  2679
3 1921  2679  1919
3 133  1578  1582
3 416  2670  1578
3 740  1582  2670
3 1578  2670  1582
3 420  2679  2668
3 740  2670  2679
3 416  2668  2670
3 2679  2670  2668
3 40  1074  1076
3 426  2694  1074
3 428  1076  2694
3 1074  2694  1076
3 134  1587  1584
3 742  2696  1587
3 426  1584  2696
3 1587  2696  1584
3 190  1920  1922
3 428  2701  1920
3 742  1922  2701
3 1920  2701  1922
3 426  2696  2694
3 742  2701  2696
3 428  2694  2701
3 2696  2701  2694
3 133  1582  1580
3 740  3284  1582
3 738  1580  3284
3 1582  3284  1580
3 190  1922  1921
3 742  3286  1922
3 740  1921  3286
3 1922  3286  1921
3 134  1585  1587
3 738  3285  1585
3 742  1587  3285
3 1585  3285  1587
3 740  3286  3284
3 742  3285  3286
3 738  3284  3285
3 3286  3285  3284
3 6  904  905
3 256  2227  904
3 257  905  2227
3 904  2227  905
3 88  1331  1329
3 619  2228  1331
3 256  1329  2228
3 1331  2228  1329
3 89  1333  1336
3 257  2230  1333
3 619  1336  2230
3 1333  2230  1336
3 256  2228  2227
3 619  2230  2228
3 257  2227  2230
3 2228  2230  2227
3 37  1061  1059
3 413  2654  1061
3 411  1059  2654
3 1061  2654  1059
3 188  1909  1907
3 620  2659  1909
3 413  1907  2659
3 1909  2659  1907
3 88  1330  1332
3 411  2655  1330
3 620  1332  2655
3 1330  2655  1332
3 413  2659  2654
3 620  2655  2659
3 411  2654  2655
3 2659  2655  2654
3 38  1063  1067
3 415  2664  1063
3 419  1067  2664
3 1063  2664  1067
3 89  1338  1334
3 622  2666  1338
3 415  1334  2666
3 1338  2666  1334
3 188  1908  1910
3 419  2677  1908
3 622  1910  2677
3 1908  2677  1910
3 415  2666  2664
3 622  2677  2666
3 419  2664  2677
3 2666  2677  2664
3 88  1332  1331
3 620  3164  1332
3 619  1331  3164
3 1332  3164  1331
3 188  1910  1909
3 622  3166  1910
3 620  1909  3166
3 1910  3166  1909
3 89  1336  1338
3 619  3165  1336
3 622  1338  3165
3 1336  3165  1338
3 620  3166  3164
3 622  3165  3166
3 619  3164  3165
3 3166  3165  3164
3 7  908  906
3 260  2231  908
3 258  906  2231
3 908  2231  906
3 92  1349  1347
3 623  2236  1349
3 260  1347  2236
3 1349  2236  1347
3 90  1339  1341
3 258  2232  1339
3 623  1341  2232
3 1339  2232  1341
3 260  2236  2231
3 623  2232  2236
3 258  2231  2232
3 2236  2232  2231
3 40  1075  1073
3 427  2690  1075
3 425  1073  2690
3 1075  2690  1073
3 189  1916  1914
3 628  2699  1916
3 427  1914  2699
3 1916  2699  1914
3 92  1348  1351
3 425  2692  1348
3 628  1351  2692
3 1348  2692  1351
3 427  2699  2690
3 628  2692  2699
3 425  2690  2692
3 2699  2692  2690
3 37  1060  1062
3 412  2656  1060
3 414  1062  2656
3 1060  2656  1062
3 90  1342  1340
3 624  2657  1342
3 412  1340  2657
3 1342  2657  1340
3 189  1913  1915
3 414  2661  1913
3 624  1915  2661
3 1913  2661  1915
3 412  2657  2656
3 624  2661  2657
3 414  2656  2661
3 2657  2661  2656
3 92  1351  1349
3 628  3168  1351
3 623  1349  3168
3 1351  3168  1349
3 189  1915  1916
3 624  3169  1915
3 628  1916  3169
3 1915  3169  1916
3 90  1341  1342
3 623  3167  1341
3 624  1342  3167
3 1341  3167  1342
3 628  3169  3168
3 624  3167  3169
3 623  3168  3167
3 3169  3167  3168
3 38  1067  1068
3 419  2676  1067
3 420  1068  2676
3 1067  2676  1068
3 188  1912  1908
3 837  2678  1912
3 419  1908  2678
3 1912  2678  1908
3 190  1919  1923
3 420  2680  1919
3 837  1923  2680
3 1919  2680  1923
3 419  2678  2676
3 837  2680  2678
3 420  2676  2680
3 2678  2680  2676
3 37  1062  1061
3 414  2658  1062
3 413  1061  2658
3 1062  2658  1061
3 189  1917  1913
3 836  2662  1917
3 414  1913  2662
3 1917  2662  1913
3 188  1907  1911
3 413  2660  1907
3 836  1911  2660
3 1907  2660  1911
3 414  2662  2658
3 836  2660  2662
3 413  2658  2660
3 2662  2660  2658
3 40  1076  1075
3 428  2698  1076
3 427  1075  2698
3 1076  2698  1075
3 190  1924  1920
3 838  2702  1924
3 428  1920  2702
3 1924  2702  1920
3 189  1914  1918
3 427  2700  1914
3 838  1918  2700
3 1914  2700  1918
3 428  2702  2698
3 838  2700  2702
3 427  2698  2700
3 2702  2700  2698
3 188  1911  1912
3 836  3380  1911
3 837  1912  3380
3 1911  3380  1912
3 189  1918  1917
3 838  3381  1918
3 836  1917  3381
3 1918  3381  1917
3 190  1923  1924
3 837  3382  1923
3 838  1924  3382
3 1923  3382  1924
3 836  3381  3380
3 838  3382  3381
3 837  3380  3382
3 3381  3382  3380
3 17  957  953
3 309  2358  957
3 305  953  2358
3 957  2358  953
3 141  1627  1625
3 750  2371  1627
3 309  1625  2371
3 1627  2371  1625
3 137  1601  1604
3 305  2360  1601
3 750  1604  2360
3 1601  2360  1604
3 309  2371  2358
3 750  2360  2371
3 305  2358  2360
3 2371  2360  2358
3 61  1196  1194
3 548  3045  1196
3 546  1194  3045
3 1196  3045  1194
3 196  1958  1956
3 763  3052  1958
3 548  1956  3052
3 1958  3052  1956
3 141  1626  1629
3 546  3047  1626
3 763  1629  3047
3 1626  3047  1629
3 548  3052  3045
3 763  3047  3052
3 546  3045  3047
3 3052  3047  3045
3 41  1080  1084
3 432  2713  1080
3 436  1084  2713
3 1080  2713  1084
3 137  1606  1602
3 752  2715  1606
3 432  1602  2715
3 1606  2715  1602
3 196  1955  1957
3 436  2724  1955
3 752  1957  2724
3 1955  2724  1957
3 432  2715  2713
3 752  2724  2715
3 436  2713  2724
3 2715  2724  2713
3 141  1629  1627
3 763  3296  1629
3 750  1627  3296
3 1629  3296  1627
3 196  1957  1958
3 752  3298  1957
3 763  1958  3298
3 1957  3298  1958
3 137  1604  1606
3 750  3295  1604
3 752  1606  3295
3 1604  3295  1606
3 763  3298  3296
3 752  3295  3298
3 750  3296  3295
3 3298  3295  3296
3 16  950  952
3 302  2349  950
3 304  952  2349
3 950  2349  952
3 134  1586  1583
3 741  2351  1586
3 302  1583  2351
3 1586  2351  1583
3 136  1595  1597
3 304  2355  1595
3 741  1597  2355
3 1595  2355  1597
3 302  2351  2349
3 741  2355  2351
3 304  2349  2355
3 2351  2355  2349
3 40  1078  1074
3 430  2695  1078
3 426  1074  2695
3 1078  2695  1074
3 194  1945  1943
3 743  2706  1945
3 430  1943  2706
3 1945  2706  1943
3 134  1584  1588
3 426  2697  1584
3 743  1588  2697
3 1584  2697  1588
3 430  2706  2695
3 743  2697  2706
3 426  2695  2697
3 2706  2697  2695
3 61  1193  1195
3 545  3041  1193
3 547  1195  3041
3 1193  3041  1195
3 136  1599  1596
3 747  3043  1599
3 545  1596  3043
3 1599  3043  1596
3 194  1944  1946
3 547  3050  1944
3 747  1946  3050
3 1944  3050  1946
3 545  3043  3041
3 747  3050  3043
3 547  3041  3050
3 3043  3050  3041
3 134  1588  1586
3 743  3287  1588
3 741  1586  3287
3 1588  3287  1586
3 194  1946  1945
3 747  3289  1946
3 743  1945  3289
3 1946  3289  1945
3 136  1597  1599
3 741  3288  1597
3 747  1599  3288
3 1597  3288  1599
3 743  3289  3287
3 747  3288  3289
3 741  3287  3288
3 3289  3288  3287
3 7  909  908
3 261  2235  909
3 260  908  2235
3 909  2235  908
3 93  1356  1353
3 627  2239  1356
3 261  1353  2239
3 1356  2239  1353
3 92  1347  1350
3 260  2237  1347
3 627  1350  2237
3 1347  2237  1350
3 261  2239  2235
3 627  2237  2239
3 260  2235  2237
3 2239  2237  2235
3 41  1082  1079
3 434  2709  1082
3 431  1079  2709
3 1082  2709  1079
3 193  1940  1938
3 631  2720  1940
3 434  1938  2720
3 1940  2720  1938
3 93  1354  1358
3 431  2711  1354
3 631  1358  2711
3 1354  2711  1358
3 434  2720  2709
3 631  2711  2720
3 431  2709  2711
3 2720  2711  2709
3 40  1073  1077
3 425  2691  1073
3 429  1077  2691
3 1073  2691  1077
3 92  1352  1348
3 629  2693  1352
3 425  1348  2693
3 1352  2693  1348
3 193  1937  1939
3 429  2704  1937
3 629  1939  2704
3 1937  2704  1939
3 425  2693  2691
3 629  2704  2693
3 429  2691  2704
3 2693  2704  2691
3 93  1358  1356
3 631  3174  1358
3 627  1356  3174
3 1358  3174  1356
3 193  1939  1940
3 629  3175  1939
3 631  1940  3175
3 1939  3175  1940
3 92  1350  1352
3 627  3173  1350
3 629  1352  3173
3 1350  3173  1352
3 631  3175  3174
3 629  3173  3175
3 627  3174  3173
3 3175  3173  3174
3 61  1195  1196
3 547  3049  1195
3 548  1196  3049
3 1195  3049  1196
3 194  1948  1944
3 844  3051  1948
3 547  1944  3051
3 1948  3051  1944
3 196  1956  1960
3 548  3053  1956
3 844  1960  3053
3 1956  3053  1960
3 547  3051  3049
3 844  3053  3051
3 548  3049  3053
3 3051  3053  3049
3 40  1077  1078
3 429  2703  1077
3 430  1078  2703
3 1077  2703  1078
3 193  1941  1937
3 842  2705  1941
3 429  1937  2705
3 1941  2705  1937
3 194  1943  1947
3 430  2707  1943
3 842  1947  2707
3 1943  2707  1947
3 429  2705  2703
3 842  2707  2705
3 430  2703  2707
3 2705  2707  2703
3 41  1084  1082
3 436  2719  1084
3 434  1082  2719
3 1084  2719  1082
3 196  1959  1955
3 843  2725  1959
3 436  1955  2725
3 1959  2725  1955
3 193  1938  1942
3 434  2721  1938
3 843  1942  2721
3 1938  2721  1942
3 436  2725  2719
3 843  2721  2725
3 434  2719  2721
3 2725  2721  2719
3 194  1947  1948
3 842  3387  1947
3 844  1948  3387
3 1947  3387  1948
3 193  1942  1941
3 843  3386  1942
3 842  1941  3386
3 1942  3386  1941
3 196  1960  1959
3 844  3388  1960
3 843  1959  3388
3 1960  3388  1959
3 842  3386  3387
3 843  3388  3386
3 844  3387  3388
3 3386  3388  3387
3 17  953  954
3 305  2357  953
3 306  954  2357
3 953  2357  954
3 137  1603  1601
3 749  2359  1603
3 305  1601  2359
3 1603  2359  1601
3 138  1607  1609
3 306  2362  1607
3 749  1609  2362
3 1607  2362  1609
3 305  2359  2357
3 749  2362  2359
3 306  2357  2362
3 2359  2362  2357
3 41  1083  1080
3 435  2712  1083
3 432  1080  2712
3 1083  2712  1080
3 195  1951  1949
3 751  2722  1951
3 435  1949  2722
3 1951  2722  1949
3 137  1602  1605
3 432  2714  1602
3 751  1605  2714
3 1602  2714  1605
3 435  2722  2712
3 751  2714  2722
3 432  2712  2714
3 2722  2714  2712
3 43  1090  1092
3 442  2739  1090
3 444  1092  2739
3 1090  2739  1092
3 138  1611  1608
3 754  2741  1611
3 442  1608  2741
3 1611  2741  1608
3 195  1950  1952
3 444  2746  1950
3 754  1952  2746
3 1950  2746  1952
3 442  2741  2739
3 754  2746  2741
3 444  2739  2746
3 2741  2746  2739
3 137  1605  1603
3 751  3293  1605
3 749  1603  3293
3 1605  3293  1603
3 195  1952  1951
3 754  3297  1952
3 751  1951  3297
3 1952  3297  1951
3 138  1609  1611
3 749  3294  1609
3 754  1611  3294
3 1609  3294  1611
3 751  3297  3293
3 754  3294  3297
3 749  3293  3294
3 3297  3294  3293
3 7  907  909
3 259  2233  907
3 261  909  2233
3 907  2233  909
3 91  1345  1343
3 625  2234  1345
3 259  1343  2234
3 1345  2234  1343
3 93  1353  1355
3 261  2238  1353
3 625  1355  2238
3 1353  2238  1355
3 259  2234  2233
3 625  2238  2234
3 261  2233  2238
3 2234  2238  2233
3 39  1071  1069
3 423  2681  1071
3 421  1069  2681
3 1071  2681  1069
3 191  1927  1925
3 626  2686  1927
3 423  1925  2686
3 1927  2686  1925
3 91  1344  1346
3 421  2682  1344
3 626  1346  2682
3 1344  2682  1346
3 423  2686  2681
3 626  2682  2686
3 421  2681  2682
3 2686  2682  2681
3 41  1079  1081
3 431  2708  1079
3 433  1081  2708
3 1079  2708  1081
3 93  1357  1354
3 630  2710  1357
3 431  1354  2710
3 1357  2710  1354
3 191  1926  1928
3 433  2717  1926
3 630  1928  2717
3 1926  2717  1928
3 431  2710  2708
3 630  2717  2710
3 433  2708  2717
3 2710  2717  2708
3 91  1346  1345
3 626  3170  1346
3 625  1345  3170
3 1346  3170  1345
3 191  1928  1927
3 630  3172  1928
3 626  1927  3172
3 1928  3172  1927
3 93  1355  1357
3 625  3171  1355
3 630  1357  3171
3 1355  3171  1357
3 626  3172  3170
3 630  3171  3172
3 625  3170  3171
3 3172  3171  3170
3 8  912  910
3 264  2240  912
3 262  910  2240
3 912  2240  910
3 96  1369  1367
3 632  2245  1369
3 264  1367  2245
3 1369  2245  1367
3 94  1359  1361
3 262  2241  1359
3 632  1361  2241
3 1359  2241  1361
3 264  2245  2240
3 632  2241  2245
3 262  2240  2241
3 2245  2241  2240
3 43  1091  1089
3 443  2735  1091
3 441  1089  2735
3 1091  2735  1089
3 192  1934  1932
3 637  2744  1934
3 443  1932  2744
3 1934  2744  1932
3 96  1368  1371
3 441  2737  1368
3 637  1371  2737
3 1368  2737  1371
3 443  2744  2735
3 637  2737  2744
3 441  2735  2737
3 2744  2737  2735
3 39  1070  1072
3 422  2683  1070
3 424  1072  2683
3 1070  2683  1072
3 94  1362  1360
3 633  2684  1362
3 422  1360  2684
3 1362  2684  1360
3 192  1931  1933
3 424  2688  1931
3 633  1933  2688
3 1931  2688  1933
3 422  2684  2683
3 633  2688  2684
3 424  2683  2688
3 2684  2688  2683
3 96  1371  1369
3 637  3177  1371
3 632  1369  3177
3 1371  3177  1369
3 192  1933  1934
3 633  3178  1933
3 637  1934  3178
3 1933  3178  1934
3 94  1361  1362
3 632  3176  1361
3 633  1362  3176
3 1361  3176  1362
3 637  3178  3177
3 633  3176  3178
3 632  3177  3176
3 3178  3176  3177
3 41  1081  1083
3 433  2716  1081
3 435  1083  2716
3 1081  2716  1083
3 191  1930  1926
3 840  2718  1930
3 433  1926  2718
3 1930  2718  1926
3 195  1949  1953
3 435  2723  1949
3 840  1953  2723
3 1949  2723  1953
3 433  2718  2716
3 840  2723  2718
3 435  2716  2723
3 2718  2723  2716
3 39  1072  1071
3 424  2685  1072
3 423  1071  2685
3 1072  2685  1071
3 192  1935  1931
3 839  2689  1935
3 424  1931  2689
3 1935  2689  1931
3 191  1925  1929
3 423  2687  1925
3 839  1929  2687
3 1925  2687  1929
3 424  2689  2685
3 839  2687  2689
3 423  2685  2687
3 2689  2687  2685
3 43  1092  1091
3 444  2743  1092
3 443  1091  2743
3 1092  2743  1091
3 195  1954  1950
3 841  2747  1954
3 444  1950  2747
3 1954  2747  1950
3 192  1932  1936
3 443  2745  1932
3 841  1936  2745
3 1932  2745  1936
3 444  2747  2743
3 841  2745  2747
3 443  2743  2745
3 2747  2745  2743
3 191  1929  1930
3 839  3383  1929
3 840  1930  3383
3 1929  3383  1930
3 192  1936  1935
3 841  3384  1936
3 839  1935  3384
3 1936  3384  1935
3 195  1953  1954
3 840  3385  1953
3 841  1954  3385
3 1953  3385  1954
3 839  3384  3383
3 841  3385  3384
3 840  3383  3385
3 3384  3385  3383
3 17  954  958
3 306  2361  954
3 310  958  2361
3 954  2361  958
3 138  1610  1607
3 753  2363  1610
3 306  1607  2363
3 1610  2363  1607
3 142  1631  1633
3 310  2374  1631
3 753  1633  2374
3 1631  2374  1633
3 306  2363  2361
3 753  2374  2363
3 310  2361  2374
3 2363  2374  2361
3 43  1094  1090
3 446  2740  1094
3 442  1090  2740
3 1094  2740  1090
3 200  1981  1979
3 755  2751  1981
3 446  1979  2751
3 1981  2751  1979
3 138  1608  1612
3 442  2742  1608
3 755  1612  2742
3 1608  2742  1612
3 446  2751  2740
3 755  2742  2751
3 442  2740  2742
3 2751  2742  2740
3 62  1199  1201
3 551  3059  1199
3 553  1201  3059
3 1199  3059  1201
3 142  1635  1632
3 766  3061  1635
3 551  1632  3061
3 1635  3061  1632
3 200  1980  1982
3 553  3068  1980
3 766  1982  3068
3 1980  3068  1982
3 551  3061  3059
3 766  3068  3061
3 553  3059  3068
3 3061  3068  3059
3 138  1612  1610
3 755  3299  1612
3 753  1610  3299
3 1612  3299  1610
3 200  1982  1981
3 766  3301  1982
3 755  1981  3301
3 1982  3301  1981
3 142  1633  1635
3 753  3300  1633
3 766  1635  3300
3 1633  3300  1635
3 755  3301  3299
3 766  3300  3301
3 753  3299  3300
3 3301  3300  3299
3 8  913  912
3 265  2244  913
3 264  912  2244
3 913  2244  912
3 97  1376  1373
3 636  2248  1376
3 265  1373  2248
3 1376  2248  1373
3 96  1367  1370
3 264  2246  1367
3 636  1370  2246
3 1367  2246  1370
3 265  2248  2244
3 636  2246  2248
3 264  2244  2246
3 2248  2246  2244
3 44  1098  1095
3 450  2754  1098
3 447  1095  2754
3 1098  2754  1095
3 199  1976  1974
3 640  2765  1976
3 450  1974  2765
3 1976  2765  1974
3 97  1374  1378
3 447  2756  1374
3 640  1378  2756
3 1374  2756  1378
3 450  2765  2754
3 640  2756  2765
3 447  2754  2756
3 2765  2756  2754
3 43  1089  1093
3 441  2736  1089
3 445  1093  2736
3 1089  2736  1093
3 96  1372  1368
3 638  2738  1372
3 441  1368  2738
3 1372  2738  1368
3 199  1973  1975
3 445  2749  1973
3 638  1975  2749
3 1973  2749  1975
3 441  2738  2736
3 638  2749  2738
3 445  2736  2749
3 2738  2749  2736
3 97  1378  1376
3 640  3183  1378
3 636  1376  3183
3 1378  3183  1376
3 199  1975  1976
3 638  3184  1975
3 640  1976  3184
3 1975  3184  1976
3 96  1370  1372
3 636  3182  1370
3 638  1372  3182
3 1370  3182  1372
3 640  3184  3183
3 638  3182  3184
3 636  3183  3182
3 3184  3182  3183
3 18  963  960
3 315  2379  963
3 312  960  2379
3 963  2379  960
3 147  1663  1661
3 771  2389  1663
3 315  1661  2389
3 1663  2389  1661
3 144  1643  1646
3 312  2381  1643
3 771  1646  2381
3 1643  2381  1646
3 315  2389  2379
3 771  2381  2389
3 312  2379  2381
3 2389  2381  2379
3 62  1202  1200
3 554  3063  1202
3 552  1200  3063
3 1202  3063  1200
3 202  1994  1992
3 781  3070  1994
3 554  1992  3070
3 1994  3070  1992
3 147  1662  1665
3 552  3065  1662
3 781  1665  3065
3 1662  3065  1665
3 554  3070  3063
3 781  3065  3070
3 552  3063  3065
3 3070  3065  3063
3 44  1096  1100
3 448  2758  1096
3 452  1100  2758
3 1096  2758  1100
3 144  1648  1644
3 773  2760  1648
3 448  1644  2760
3 1648  2760  1644
3 202  1991  1993
3 452  2769  1991
3 773  1993  2769
3 1991  2769  1993
3 448  2760  2758
3 773  2769  2760
3 452  2758  2769
3 2760  2769  2758
3 147  1665  1663
3 781  3317  1665
3 771  1663  3317
3 1665  3317  1663
3 202  1993  1994
3 773  3319  1993
3 781  1994  3319
3 1993  3319  1994
3 144  1646  1648
3 771  3316  1646
3 773  1648  3316
3 1646  3316  1648
3 781  3319  3317
3 773  3316  3319
3 771  3317  3316
3 3319  3316  3317
3 43  1093  1094
3 445  2748  1093
3 446  1094  2748
3 1093  2748  1094
3 199  1977  1973
3 848  2750  1977
3 445  1973  2750
3 1977  2750  1973
3 200  1979  1983
3 446  2752  1979
3 848  1983  2752
3 1979  2752  1983
3 445  2750  2748
3 848  2752  2750
3 446  2748  2752
3 2750  2752  2748
3 44  1100  1098
3 452  2764  1100
3 450  1098  2764
3 1100  2764  1098
3 202  1995  1991
3 849  2770  1995
3 452  1991  2770
3 1995  2770  1991
3 199  1974  1978
3 450  2766  1974
3 849  1978  2766
3 1974  2766  1978
3 452  2770  2764
3 849  2766  2770
3 450  2764  2766
3 2770  2766  2764
3 62  1201  1202
3 553  3067  1201
3 554  1202  3067
3 1201  3067  1202
3 200  1984  1980
3 850  3069  1984
3 553  1980  3069
3 1984  3069  1980
3 202  1992  1996
3 554  3071  1992
3 850  1996  3071
3 1992  3071  1996
3 553  3069  3067
3 850  3071  3069
3 554  3067  3071
3 3069  3071  3067
3 199  1978  1977
3 849  3392  1978
3 848  1977  3392
3 1978  3392  1977
3 202  1996  1995
3 850  3394  1996
3 849  1995  3394
3 1996  3394  1995
3 200  1983  1984
3 848  3393  1983
3 850  1984  3393
3 1983  3393  1984
3 849  3394  3392
3 850  3393  3394
3 848  3392  3393
3 3394  3393  3392
3 18  960  961
3 312  2378  960
3 313  961  2378
3 960  2378  961
3 144  1645  1643
3 770  2380  1645
3 312  1643  2380
3 1645  2380  1643
3 145  1649  1651
3 313  2383  1649
3 770  1651  2383
3 1649  2383  1651
3 312  2380  2378
3 770  2383  2380
3 313  2378  2383
3 2380  2383  2378
3 44  1099  1096
3 451  2757  1099
3 448  1096  2757
3 1099  2757  1096
3 201  1987  1985
3 772  2767  1987
3 451  1985  2767
3 1987  2767  1985
3 144  1644  1647
3 448  2759  1644
3 772  1647  2759
3 1644  2759  1647
3 451  2767  2757
3 772  2759  2767
3 448  2757  2759
3 2767  2759  2757
3 46  1106  1108
3 458  2784  1106
3 460  1108  2784
3 1106  2784  1108
3 145  1653  1650
3 775  2786  1653
3 458  1650  2786
3 1653  2786  1650
3 201  1986  1988
3 460  2791  1986
3 775  1988  2791
3 1986  2791  1988
3 458  2786  2784
3 775  2791  2786
3 460  2784  2791
3 2786  2791  2784
3 144  1647  1645
3 772  3314  1647
3 770  1645  3314
3 1647  3314  1645
3 201  1988  1987
3 775  3318  1988
3 772  1987  3318
3 1988  3318  1987
3 145  1651  1653
3 770  3315  1651
3 775  1653  3315
3 1651  3315  1653
3 772  3318  3314
3 775  3315  3318
3 770  3314  3315
3 3318  3315  3314
3 8  911  913
3 263  2242  911
3 265  913  2242
3 911  2242  913
3 95  1365  1363
3 634  2243  1365
3 263  1363  2243
3 1365  2243  1363
3 97  1373  1375
3 265  2247  1373
3 634  1375  2247
3 1373  2247  1375
3 263  2243  2242
3 634  2247  2243
3 265  2242  2247
3 2243  2247  2242
3 42  1087  1085
3 439  2726  1087
3 437  1085  2726
3 1087  2726  1085
3 197  1963  1961
3 635  2731  1963
3 439  1961  2731
3 1963  2731  1961
3 95  1364  1366
3 437  2727  1364
3 635  1366  2727
3 1364  2727  1366
3 439  2731  2726
3 635  2727  2731
3 437  2726  2727
3 2731  2727  2726
3 44  1095  1097
3 447  2753  1095
3 449  1097  2753
3 1095  2753  1097
3 97  1377  1374
3 639  2755  1377
3 447  1374  2755
3 1377  2755  1374
3 197  1962  1964
3 449  2762  1962
3 639  1964  2762
3 1962  2762  1964
3 447  2755  2753
3 639  2762  2755
3 449  2753  2762
3 2755  2762  2753
3 95  1366  1365
3 635  3179  1366
3 634  1365  3179
3 1366  3179  1365
3 197  1964  1963
3 639  3181  1964
3 635  1963  3181
3 1964  3181  1963
3 97  1375  1377
3 634  3180  1375
3 639  1377  3180
3 1375  3180  1377
3 635  3181  3179
3 639  3180  3181
3 634  3179  3180
3 3181  3180  3179
3 9  916  914
3 268  2249  916
3 266  914  2249
3 916  2249  914
3 100  1389  1387
3 641  2253  1389
3 268  1387  2253
3 1389  2253  1387
3 98  1379  1381
3 266  2250  1379
3 641  1381  2250
3 1379  2250  1381
3 268  2253  2249
3 641  2250  2253
3 266  2249  2250
3 2253  2250  2249
3 46  1107  1105
3 459  2780  1107
3 457  1105  2780
3 1107  2780  1105
3 198  1970  1968
3 645  2789  1970
3 459  1968  2789
3 1970  2789  1968
3 100  1388  1391
3 457  2782  1388
3 645  1391  2782
3 1388  2782  1391
3 459  2789  2780
3 645  2782  2789
3 457  2780  2782
3 2789  2782  2780
3 42  1086  1088
3 438  2728  1086
3 440  1088  2728
3 1086  2728  1088
3 98  1382  1380
3 642  2729  1382
3 438  1380  2729
3 1382  2729  1380
3 198  1967  1969
3 440  2733  1967
3 642  1969  2733
3 1967  2733  1969
3 438  2729  2728
3 642  2733  2729
3 440  2728  2733
3 2729  2733  2728
3 100  1391  1389
3 645  3186  1391
3 641  1389  3186
3 1391  3186  1389
3 198  1969  1970
3 642  3187  1969
3 645  1970  3187
3 1969  3187  1970
3 98  1381  1382
3 641  3185  1381
3 642  1382  3185
3 1381  3185  1382
3 645  3187  3186
3 642  3185  3187
3 641  3186  3185
3 3187  3185  3186
3 44  1097  1099
3 449  2761  1097
3 451  1099  2761
3 1097  2761  1099
3 197  1966  1962
3 846  2763  1966
3 449  1962  2763
3 1966  2763  1962
3 201  1985  1989
3 451  2768  1985
3 846  1989  2768
3 1985  2768  1989
3 449  2763  2761
3 846  2768  2763
3 451  2761  2768
3 2763  2768  2761
3 42  1088  1087
3 440  2730  1088
3 439  1087  2730
3 1088  2730  1087
3 198  1971  1967
3 845  2734  1971
3 440  1967  2734
3 1971  2734  1967
3 197  1961  1965
3 439  2732  1961
3 845  1965  2732
3 1961  2732  1965
3 440  2734  2730
3 845  2732  2734
3 439  2730  2732
3 2734  2732  2730
3 46  1108  1107
3 460  2788  1108
3 459  1107  2788
3 1108  2788  1107
3 201  1990  1986
3 847  2792  1990
3 460  1986  2792
3 1990  2792  1986
3 198  1968  1972
3 459  2790  1968
3 847  1972  2790
3 1968  2790  1972
3 460  2792  2788
3 847  2790  2792
3 459  2788  2790
3 2792  2790  2788
3 197  1965  1966
3 845  3389  1965
3 846  1966  3389
3 1965  3389  1966
3 198  1972  1971
3 847  3390  1972
3 845  1971  3390
3 1972  3390  1971
3 201  1989  1990
3 846  3391  1989
3 847  1990  3391
3 1989  3391  1990
3 845  3390  3389
3 847  3391  3390
3 846  3389  3391
3 3390  3391  3389
3 18  961  962
3 313  2382  961
3 314  962  2382
3 961  2382  962
3 145  1652  1649
3 774  2384  1652
3 313  1649  2384
3 1652  2384  1649
3 146  1655  1657
3 314  2386  1655
3 774  1657  2386
3 1655  2386  1657
3 313  2384  2382
3 774  2386  2384
3 314  2382  2386
3 2384  2386  2382
3 46  1110  1106
3 462  2785  1110
3 458  1106  2785
3 1110  2785  1106
3 205  2011  2009
3 776  2796  2011
3 462  2009  2796
3 2011  2796  2009
3 145  1650  1654
3 458  2787  1650
3 776  1654  2787
3 1650  2787  1654
3 462  2796  2785
3 776  2787  2796
3 458  2785  2787
3 2796  2787  2785
3 48  1116  1118
3 468  2811  1116
3 470  1118  2811
3 1116  2811  1118
3 146  1659  1656
3 778  2813  1659
3 468  1656  2813
3 1659  2813  1656
3 205  2010  2012
3 470  2818  2010
3 778  2012  2818
3 2010  2818  2012
3 468  2813  2811
3 778  2818  2813
3 470  2811  2818
3 2813  2818  2811
3 145  1654  1652
3 776  3320  1654
3 774  1652  3320
3 1654  3320  1652
3 205  2012  2011
3 778  3322  2012
3 776  2011  3322
3 2012  3322  2011
3 146  1657  1659
3 774  3321  1657
3 778  1659  3321
3 1657  3321  1659
3 776  3322  3320
3 778  3321  3322
3 774  3320  3321
3 3322  3321  3320
3 9  915  916
3 267  2251  915
3 268  916  2251
3 915  2251  916
3 99  1385  1383
3 643  2252  1385
3 267  1383  2252
3 1385  2252  1383
3 100  1387  1390
3 268  2254  1387
3 643  1390  2254
3 1387  2254  1390
3 267  2252  2251
3 643  2254  2252
3 268  2251  2254
3 2252  2254  2251
3 45  1103  1101
3 455  2771  1103
3 453  1101  2771
3 1103  2771  1101
3 203  1999  1997
3 644  2776  1999
3 455  1997  2776
3 1999  2776  1997
3 99  1384  1386
3 453  2772  1384
3 644  1386  2772
3 1384  2772  1386
3 455  2776  2771
3 644  2772  2776
3 453  2771  2772
3 2776  2772  2771
3 46  1105  1109
3 457  2781  1105
3 461  1109  2781
3 1105  2781  1109
3 100  1392  1388
3 646  2783  1392
3 457  1388  2783
3 1392  2783  1388
3 203  1998  2000
3 461  2794  1998
3 646  2000  2794
3 1998  2794  2000
3 457  2783  2781
3 646  2794  2783
3 461  2781  2794
3 2783  2794  2781
3 99  1386  1385
3 644  3188  1386
3 643  1385  3188
3 1386  3188  1385
3 203  2000  1999
3 646  3190  2000
3 644  1999  3190
3 2000  3190  1999
3 100  1390  1392
3 643  3189  1390
3 646  1392  3189
3 1390  3189  1392
3 644  3190  3188
3 646  3189  3190
3 643  3188  3189
3 3190  3189  3188
3 10  919  917
3 271  2255  919
3 269  917  2255
3 919  2255  917
3 103  1403  1401
3 647  2260  1403
3 271  1401  2260
3 1403  2260  1401
3 101  1393  1395
3 269  2256  1393
3 647  1395  2256
3 1393  2256  1395
3 271  2260  2255
3 647  2256  2260
3 269  2255  2256
3 2260  2256  2255
3 48  1117  1115
3 469  2807  1117
3 467  1115  2807
3 1117  2807  1115
3 204  2006  2004
3 652  2816  2006
3 469  2004  2816
3 2006  2816  2004
3 103  1402  1405
3 467  2809  1402
3 652  1405  2809
3 1402  2809  1405
3 469  2816  2807
3 652  2809  2816
3 467  2807  2809
3 2816  2809  2807
3 45  1102  1104
3 454  2773  1102
3 456  1104  2773
3 1102  2773  1104
3 101  1396  1394
3 648  2774  1396
3 454  1394  2774
3 1396  2774  1394
3 204  2003  2005
3 456  2778  2003
3 648  2005  2778
3 2003  2778  2005
3 454  2774  2773
3 648  2778  2774
3 456  2773  2778
3 2774  2778  2773
3 103  1405  1403
3 652  3192  1405
3 647  1403  3192
3 1405  3192  1403
3 204  2005  2006
3 648  3193  2005
3 652  2006  3193
3 2005  3193  2006
3 101  1395  1396
3 647  3191  1395
3 648  1396  3191
3 1395  3191  1396
3 652  3193  3192
3 648  3191  3193
3 647  3192  3191
3 3193  3191  3192
3 46  1109  1110
3 461  2793  1109
3 462  1110  2793
3 1109  2793  1110
3 203  2002  1998
3 852  2795  2002
3 461  1998  2795
3 2002  2795  1998
3 205  2009  2013
3 462  2797  2009
3 852  2013  2797
3 2009  2797  2013
3 461  2795  2793
3 852  2797  2795
3 462  2793  2797
3 2795  2797  2793
3 45  1104  1103
3 456  2775  1104
3 455  1103  2775
3 1104  2775  1103
3 204  2007  2003
3 851  2779  2007
3 456  2003  2779
3 2007  2779  2003
3 203  1997  2001
3 455  2777  1997
3 851  2001  2777
3 1997  2777  2001
3 456  2779  2775
3 851  2777  2779
3 455  2775  2777
3 2779  2777  2775
3 48  1118  1117
3 470  2815  1118
3 469  1117  2815
3 1118  2815  1117
3 205  2014  2010
3 853  2819  2014
3 470  2010  2819
3 2014  2819  2010
3 204  2004  2008
3 469  2817  2004
3 853  2008  2817
3 2004  2817  2008
3 470  2819  2815
3 853  2817  2819
3 469  2815  2817
3 2819  2817  2815
3 203  2001  2002
3 851  3395  2001
3 852  2002  3395
3 2001  3395  2002
3 204  2008  2007
3 853  3396  2008
3 851  2007  3396
3 2008  3396  2007
3 205  2013  2014
3 852  3397  2013
3 853  2014  3397
3 2013  3397  2014
3 851  3396  3395
3 853  3397  3396
3 852  3395  3397
3 3396  3397  3395
3 19  970  965
3 322  2394  970
3 317  965  2394
3 970  2394  965
3 154  1705  1703
3 786  2409  1705
3 322  1703  2409
3 1705  2409  1703
3 149  1673  1676
3 317  2396  1673
3 786  1676  2396
3 1673  2396  1676
3 322  2409  2394
3 786  2396  2409
3 317  2394  2396
3 2409  2396  2394
3 64  1214  1212
3 566  3099  1214
3 564  1212  3099
3 1214  3099  1212
3 211  2048  2046
3 801  3106  2048
3 566  2046  3106
3 2048  3106  2046
3 154  1704  1707
3 564  3101  1704
3 801  1707  3101
3 1704  3101  1707
3 566  3106  3099
3 801  3101  3106
3 564  3099  3101
3 3106  3101  3099
3 49  1122  1126
3 474  2830  1122
3 478  1126  2830
3 1122  2830  1126
3 149  1678  1674
3 788  2832  1678
3 474  1674  2832
3 1678  2832  1674
3 211  2045  2047
3 478  2841  2045
3 788  2047  2841
3 2045  2841  2047
3 474  2832  2830
3 788  2841  2832
3 478  2830  2841
3 2832  2841  2830
3 154  1707  1705
3 801  3332  1707
3 786  1705  3332
3 1707  3332  1705
3 211  2047  2048
3 788  3334  2047
3 801  2048  3334
3 2047  3334  2048
3 149  1676  1678
3 786  3331  1676
3 788  1678  3331
3 1676  3331  1678
3 801  3334  3332
3 788  3331  3334
3 786  3332  3331
3 3334  3331  3332
3 18  962  964
3 314  2385  962
3 316  964  2385
3 962  2385  964
3 146  1658  1655
3 777  2387  1658
3 314  1655  2387
3 1658  2387  1655
3 148  1667  1669
3 316  2391  1667
3 777  1669  2391
3 1667  2391  1669
3 314  2387  2385
3 777  2391  2387
3 316  2385  2391
3 2387  2391  2385
3 48  1120  1116
3 472  2812  1120
3 468  1116  2812
3 1120  2812  1116
3 209  2035  2033
3 779  2823  2035
3 472  2033  2823
3 2035  2823  2033
3 146  1656  1660
3 468  2814  1656
3 779  1660  2814
3 1656  2814  1660
3 472  2823  2812
3 779  2814  2823
3 468  2812  2814
3 2823  2814  2812
3 64  1211  1213
3 563  3095  1211
3 565  1213  3095
3 1211  3095  1213
3 148  1671  1668
3 783  3097  1671
3 563  1668  3097
3 1671  3097  1668
3 209  2034  2036
3 565  3104  2034
3 783  2036  3104
3 2034  3104  2036
3 563  3097  3095
3 783  3104  3097
3 565  3095  3104
3 3097  3104  3095
3 146  1660  1658
3 779  3323  1660
3 777  1658  3323
3 1660  3323  1658
3 209  2036  2035
3 783  3325  2036
3 779  2035  3325
3 2036  3325  2035
3 148  1669  1671
3 777  3324  1669
3 783  1671  3324
3 1669  3324  1671
3 779  3325  3323
3 783  3324  3325
3 777  3323  3324
3 3325  3324  3323
3 10  920  919
3 272  2259  920
3 271  919  2259
3 920  2259  919
3 104  1410  1407
3 651  2263  1410
3 272  1407  2263
3 1410  2263  1407
3 103  1401  1404
3 271  2261  1401
3 651  1404  2261
3 1401  2261  1404
3 272  2263  2259
3 651  2261  2263
3 271  2259  2261
3 2263  2261  2259
3 49  1124  1121
3 476  2826  1124
3 473  1121  2826
3 1124  2826  1121
3 208  2030  2028
3 655  2837  2030
3 476  2028  2837
3 2030  2837  2028
3 104  1408  1412
3 473  2828  1408
3 655  1412  2828
3 1408  2828  1412
3 476  2837  2826
3 655  2828  2837
3 473  2826  2828
3 2837  2828  2826
3 48  1115  1119
3 467  2808  1115
3 471  1119  2808
3 1115  2808  1119
3 103  1406  1402
3 653  2810  1406
3 467  1402  2810
3 1406  2810  1402
3 208  2027  2029
3 471  2821  2027
3 653  2029  2821
3 2027  2821  2029
3 467  2810  2808
3 653  2821  2810
3 471  2808  2821
3 2810  2821  2808
3 104  1412  1410
3 655  3198  1412
3 651  1410  3198
3 1412  3198  1410
3 208  2029  2030
3 653  3199  2029
3 655  2030  3199
3 2029  3199  2030
3 103  1404  1406
3 651  3197  1404
3 653  1406  3197
3 1404  3197  1406
3 655  3199  3198
3 653  3197  3199
3 651  3198  3197
3 3199  3197  3198
3 64  1213  1214
3 565  3103  1213
3 566  1214  3103
3 1213  3103  1214
3 209  2038  2034
3 859  3105  2038
3 565  2034  3105
3 2038  3105  2034
3 211  2046  2050
3 566  3107  2046
3 859  2050  3107
3 2046  3107  2050
3 565  3105  3103
3 859  3107  3105
3 566  3103  3107
3 3105  3107  3103
3 48  1119  1120
3 471  2820  1119
3 472  1120  2820
3 1119  2820  1120
3 208  2031  2027
3 857  2822  2031
3 471  2027  2822
3 2031  2822  2027
3 209  2033  2037
3 472  2824  2033
3 857  2037  2824
3 2033  2824  2037
3 471  2822  2820
3 857  2824  2822
3 472  2820  2824
3 2822  2824  2820
3 49  1126  1124
3 478  2836  1126
3 476  1124  2836
3 1126  2836  1124
3 211  2049  2045
3 858  2842  2049
3 478  2045  2842
3 2049  2842  2045
3 208  2028  2032
3 476  2838  2028
3 858  2032  2838
3 2028  2838  2032
3 478  2842  2836
3 858  2838  2842
3 476  2836  2838
3 2842  2838  2836
3 209  2037  2038
3 857  3402  2037
3 859  2038  3402
3 2037  3402  2038
3 208  2032  2031
3 858  3401  2032
3 857  2031  3401
3 2032  3401  2031
3 211  2050  2049
3 859  3403  2050
3 858  2049  3403
3 2050  3403  2049
3 857  3401  3402
3 858  3403  3401
3 859  3402  3403
3 3401  3403  3402
3 19  965  966
3 317  2393  965
3 318  966  2393
3 965  2393  966
3 149  1675  1673
3 785  2395  1675
3 317  1673  2395
3 1675  2395  1673
3 150  1679  1681
3 318  2398  1679
3 785  1681  2398
3 1679  2398  1681
3 317  2395  2393
3 785  2398  2395
3 318  2393  2398
3 2395  2398  2393
3 49  1125  1122
3 477  2829  1125
3 474  1122  2829
3 1125  2829  1122
3 210  2041  2039
3 787  2839  2041
3 477  2039  2839
3 2041  2839  2039
3 149  1674  1677
3 474  2831  1674
3 787  1677  2831
3 1674  2831  1677
3 477  2839  2829
3 787  2831  2839
3 474  2829  2831
3 2839  2831  2829
3 51  1134  1136
3 486  2865  1134
3 488  1136  2865
3 1134  2865  1136
3 150  1683  1680
3 790  2867  1683
3 486  1680  2867
3 1683  2867  1680
3 210  2040  2042
3 488  2872  2040
3 790  2042  2872
3 2040  2872  2042
3 486  2867  2865
3 790  2872  2867
3 488  2865  2872
3 2867  2872  2865
3 149  1677  1675
3 787  3329  1677
3 785  1675  3329
3 1677  3329  1675
3 210  2042  2041
3 790  3333  2042
3 787  2041  3333
3 2042  3333  2041
3 150  1681  1683
3 785  3330  1681
3 790  1683  3330
3 1681  3330  1683
3 787  3333  3329
3 790  3330  3333
3 785  3329  3330
3 3333  3330  3329
3 10  918  920
3 270  2257  918
3 272  920  2257
3 918  2257  920
3 102  1399  1397
3 649  2258  1399
3 270  1397  2258
3 1399  2258  1397
3 104  1407  1409
3 272  2262  1407
3 649  1409  2262
3 1407  2262  1409
3 270  2258  2257
3 649  2262  2258
3 272  2257  2262
3 2258  2262  2257
3 47  1113  1111
3 465  2798  1113
3 463  1111  2798
3 1113  2798  1111
3 206  2017  2015
3 650  2803  2017
3 465  2015  2803
3 2017  2803  2015
3 102  1398  1400
3 463  2799  1398
3 650  1400  2799
3 1398  2799  1400
3 465  2803  2798
3 650  2799  2803
3 463  2798  2799
3 2803  2799  2798
3 49  1121  1123
3 473  2825  1121
3 475  1123  2825
3 1121  2825  1123
3 104  1411  1408
3 654  2827  1411
3 473  1408  2827
3 1411  2827  1408
3 206  2016  2018
3 475  2834  2016
3 654  2018  2834
3 2016  2834  2018
3 473  2827  2825
3 654  2834  2827
3 475  2825  2834
3 2827  2834  2825
3 102  1400  1399
3 650  3194  1400
3 649  1399  3194
3 1400  3194  1399
3 206  2018  2017
3 654  3196  2018
3 650  2017  3196
3 2018  3196  2017
3 104  1409  1411
3 649  3195  1409
3 654  1411  3195
3 1409  3195  1411
3 650  3196  3194
3 654  3195  3196
3 649  3194  3195
3 3196  3195  3194
3 11  924  922
3 276  2266  924
3 274  922  2266
3 924  2266  922
3 108  1429  1427
3 658  2271  1429
3 276  1427  2271
3 1429  2271  1427
3 106  1417  1419
3 274  2267  1417
3 658  1419  2267
3 1417  2267  1419
3 276  2271  2266
3 658  2267  2271
3 274  2266  2267
3 2271  2267  2266
3 51  1135  1133
3 487  2861  1135
3 485  1133  2861
3 1135  2861  1133
3 207  2024  2022
3 663  2870  2024
3 487  2022  2870
3 2024  2870  2022
3 108  1428  1431
3 485  2863  1428
3 663  1431  2863
3 1428  2863  1431
3 487  2870  2861
3 663  2863  2870
3 485  2861  2863
3 2870  2863  2861
3 47  1112  1114
3 464  2800  1112
3 466  1114  2800
3 1112  2800  1114
3 106  1420  1418
3 659  2801  1420
3 464  1418  2801
3 1420  2801  1418
3 207  2021  2023
3 466  2805  2021
3 659  2023  2805
3 2021  2805  2023
3 464  2801  2800
3 659  2805  2801
3 466  2800  2805
3 2801  2805  2800
3 108  1431  1429
3 663  3204  1431
3 658  1429  3204
3 1431  3204  1429
3 207  2023  2024
3 659  3205  2023
3 663  2024  3205
3 2023  3205  2024
3 106  1419  1420
3 658  3203  1419
3 659  1420  3203
3 1419  3203  1420
3 663  3205  3204
3 659  3203  3205
3 658  3204  3203
3 3205  3203  3204
3 49  1123  1125
3 475  2833  1123
3 477  1125  2833
3 1123  2833  1125
3 206  2020  2016
3 855  2835  2020
3 475  2016  2835
3 2020  2835  2016
3 210  2039  2043
3 477  2840  2039
3 855  2043  2840
3 2039  2840  2043
3 475  2835  2833
3 855  2840  2835
3 477  2833  2840
3 2835  2840  2833
3 47  1114  1113
3 466  2802  1114
3 465  1113  2802
3 1114  2802  1113
3 207  2025  2021
3 854  2806  2025
3 466  2021  2806
3 2025  2806  2021
3 206  2015  2019
3 465  2804  2015
3 854  2019  2804
3 2015  2804  2019
3 466  2806  2802
3 854  2804  2806
3 465  2802  2804
3 2806  2804  2802
3 51  1136  1135
3 488  2869  1136
3 487  1135  2869
3 1136  2869  1135
3 210  2044  2040
3 856  2873  2044
3 488  2040  2873
3 2044  2873  2040
3 207  2022  2026
3 487  2871  2022
3 856  2026  2871
3 2022  2871  2026
3 488  2873  2869
3 856  2871  2873
3 487  2869  2871
3 2873  2871  2869
3 206  2019  2020
3 854  3398  2019
3 855  2020  3398
3 2019  3398  2020
3 207  2026  2025
3 856  3399  2026
3 854  2025  3399
3 2026  3399  2025
3 210  2043  2044
3 855  3400  2043
3 856  2044  3400
3 2043  3400  2044
3 854  3399  3398
3 856  3400  3399
3 855  3398  3400
3 3399  3400  3398
3 19  966  967
3 318  2397  966
3 319  967  2397
3 966  2397  967
3 150  1682  1679
3 789  2399  1682
3 318  1679  2399
3 1682  2399  1679
3 151  1685  1687
3 319  2401  1685
3 789  1687  2401
3 1685  2401  1687
3 318  2399  2397
3 789  2401  2399
3 319  2397  2401
3 2399  2401  2397
3 51  1138  1134
3 490  2866  1138
3 486  1134  2866
3 1138  2866  1134
3 214  2065  2063
3 791  2877  2065
3 490  2063  2877
3 2065  2877  2063
3 150  1680  1684
3 486  2868  1680
3 791  1684  2868
3 1680  2868  1684
3 490  2877  2866
3 791  2868  2877
3 486  2866  2868
3 2877  2868  2866
3 53  1146  1148
3 498  2901  1146
3 500  1148  2901
3 1146  2901  1148
3 151  1689  1686
3 793  2903  1689
3 498  1686  2903
3 1689  2903  1686
3 214  2064  2066
3 500  2908  2064
3 793  2066  2908
3 2064  2908  2066
3 498  2903  2901
3 793  2908  2903
3 500  2901  2908
3 2903  2908  2901
3 150  1684  1682
3 791  3335  1684
3 789  1682  3335
3 1684  3335  1682
3 214  2066  2065
3 793  3337  2066
3 791  2065  3337
3 2066  3337  2065
3 151  1687  1689
3 789  3336  1687
3 793  1689  3336
3 1687  3336  1689
3 791  3337  3335
3 793  3336  3337
3 789  3335  3336
3 3337  3336  3335
3 11  923  924
3 275  2268  923
3 276  924  2268
3 923  2268  924
3 107  1424  1421
3 660  2270  1424
3 275  1421  2270
3 1424  2270  1421
3 108  1427  1430
3 276  2272  1427
3 660  1430  2272
3 1427  2272  1430
3 275  2270  2268
3 660  2272  2270
3 276  2268  2272
3 2270  2272  2268
3 50  1131  1127
3 483  2844  1131
3 479  1127  2844
3 1131  2844  1127
3 212  2053  2051
3 662  2857  2053
3 483  2051  2857
3 2053  2857  2051
3 107  1422  1426
3 479  2846  1422
3 662  1426  2846
3 1422  2846  1426
3 483  2857  2844
3 662  2846  2857
3 479  2844  2846
3 2857  2846  2844
3 51  1133  1137
3 485  2862  1133
3 489  1137  2862
3 1133  2862  1137
3 108  1432  1428
3 664  2864  1432
3 485  1428  2864
3 1432  2864  1428
3 212  2052  2054
3 489  2875  2052
3 664  2054  2875
3 2052  2875  2054
3 485  2864  2862
3 664  2875  2864
3 489  2862  2875
3 2864  2875  2862
3 107  1426  1424
3 662  3206  1426
3 660  1424  3206
3 1426  3206  1424
3 212  2054  2053
3 664  3208  2054
3 662  2053  3208
3 2054  3208  2053
3 108  1430  1432
3 660  3207  1430
3 664  1432  3207
3 1430  3207  1432
3 662  3208  3206
3 664  3207  3208
3 660  3206  3207
3 3208  3207  3206
3 12  929  927
3 281  2280  929
3 279  927  2280
3 929  2280  927
3 113  1459  1457
3 672  2286  1459
3 281  1457  2286
3 1459  2286  1457
3 111  1445  1448
3 279  2282  1445
3 672  1448  2282
3 1445  2282  1448
3 281  2286  2280
3 672  2282  2286
3 279  2280  2282
3 2286  2282  2280
3 53  1147  1145
3 499  2897  1147
3 497  1145  2897
3 1147  2897  1145
3 213  2060  2058
3 678  2906  2060
3 499  2058  2906
3 2060  2906  2058
3 113  1458  1461
3 497  2899  1458
3 678  1461  2899
3 1458  2899  1461
3 499  2906  2897
3 678  2899  2906
3 497  2897  2899
3 2906  2899  2897
3 50  1128  1132
3 480  2848  1128
3 484  1132  2848
3 1128  2848  1132
3 111  1450  1446
3 674  2850  1450
3 480  1446  2850
3 1450  2850  1446
3 213  2057  2059
3 484  2859  2057
3 674  2059  2859
3 2057  2859  2059
3 480  2850  2848
3 674  2859  2850
3 484  2848  2859
3 2850  2859  2848
3 113  1461  1459
3 678  3219  1461
3 672  1459  3219
3 1461  3219  1459
3 213  2059  2060
3 674  3220  2059
3 678  2060  3220
3 2059  3220  2060
3 111  1448  1450
3 672  3218  1448
3 674  1450  3218
3 1448  3218  1450
3 678  3220  3219
3 674  3218  3220
3 672  3219  3218
3 3220  3218  3219
3 51  1137  1138
3 489  2874  1137
3 490  1138  2874
3 1137  2874  1138
3 212  2056  2052
3 861  2876  2056
3 489  2052  2876
3 2056  2876  2052
3 214  2063  2067
3 490  2878  2063
3 861  2067  2878
3 2063  2878  2067
3 489  2876  2874
3 861  2878  2876
3 490  2874  2878
3 2876  2878  2874
3 50  1132  1131
3 484  2856  1132
3 483  1131  2856
3 1132  2856  1131
3 213  2061  2057
3 860  2860  2061
3 484  2057  2860
3 2061  2860  2057
3 212  2051  2055
3 483  2858  2051
3 860  2055  2858
3 2051  2858  2055
3 484  2860  2856
3 860  2858  2860
3 483  2856  2858
3 2860  2858  2856
3 53  1148  1147
3 500  2905  1148
3 499  1147  2905
3 1148  2905  1147
3 214  2068  2064
3 862  2909  2068
3 500  2064  2909
3 2068  2909  2064
3 213  2058  2062
3 499  2907  2058
3 862  2062  2907
3 2058  2907  2062
3 500  2909  2905
3 862  2907  2909
3 499  2905  2907
3 2909  2907  2905
3 212  2055  2056
3 860  3404  2055
3 861  2056  3404
3 2055  3404  2056
3 213  2062  2061
3 862  3405  2062
3 860  2061  3405
3 2062  3405  2061
3 214  2067  2068
3 861  3406  2067
3 862  2068  3406
3 2067  3406  2068
3 860  3405  3404
3 862  3406  3405
3 861  3404  3406
3 3405  3406  3404
3 12  927  925
3 279  2274  927
3 277  925  2274
3 927  2274  925
3 111  1447  1445
3 666  2281  1447
3 279  1445  2281
3 1447  2281  1445
3 109  1433  1436
3 277  2276  1433
3 666  1436  2276
3 1433  2276  1436
3 279  2281  2274
3 666  2276  2281
3 277  2274  2276
3 2281  2276  2274
3 50  1130  1128
3 482  2847  1130
3 480  1128  2847
3 1130  2847  1128
3 160  1742  1740
3 673  2854  1742
3 482  1740  2854
3 1742  2854  1740
3 111  1446  1449
3 480  2849  1446
3 673  1449  2849
3 1446  2849  1449
3 482  2854  2847
3 673  2849  2854
3 480  2847  2849
3 2854  2849  2847
3 22  980  984
3 332  2434  980
3 336  984  2434
3 980  2434  984
3 109  1438  1434
3 668  2436  1438
3 332  1434  2436
3 1438  2436  1434
3 160  1739  1741
3 336  2445  1739
3 668  1741  2445
3 1739  2445  1741
3 332  2436  2434
3 668  2445  2436
3 336  2434  2445
3 2436  2445  2434
3 111  1449  1447
3 673  3212  1449
3 666  1447  3212
3 1449  3212  1447
3 160  1741  1742
3 668  3214  1741
3 673  1742  3214
3 1741  3214  1742
3 109  1436  1438
3 666  3211  1436
3 668  1438  3211
3 1436  3211  1438
3 673  3214  3212
3 668  3211  3214
3 666  3212  3211
3 3214  3211  3212
3 11  921  923
3 273  2264  921
3 275  923  2264
3 921  2264  923
3 105  1415  1413
3 656  2265  1415
3 273  1413  2265
3 1415  2265  1413
3 107  1421  1423
3 275  2269  1421
3 656  1423  2269
3 1421  2269  1423
3 273  2265  2264
3 656  2269  2265
3 275  2264  2269
3 2265  2269  2264
3 21  978  976
3 330  2422  978
3 328  976  2422
3 978  2422  976
3 158  1729  1727
3 657  2427  1729
3 330  1727  2427
3 1729  2427  1727
3 105  1414  1416
3 328  2423  1414
3 657  1416  2423
3 1414  2423  1416
3 330  2427  2422
3 657  2423  2427
3 328  2422  2423
3 2427  2423  2422
3 50  1127  1129
3 479  2843  1127
3 481  1129  2843
3 1127  2843  1129
3 107  1425  1422
3 661  2845  1425
3 479  1422  2845
3 1425  2845  1422
3 158  1728  1730
3 481  2852  1728
3 661  1730  2852
3 1728  2852  1730
3 479  2845  2843
3 661  2852  2845
3 481  2843  2852
3 2845  2852  2843
3 105  1416  1415
3 657  3200  1416
3 656  1415  3200
3 1416  3200  1415
3 158  1730  1729
3 661  3202  1730
3 657  1729  3202
3 1730  3202  1729
3 107  1423  1425
3 656  3201  1423
3 661  1425  3201
3 1423  3201  1425
3 657  3202  3200
3 661  3201  3202
3 656  3200  3201
3 3202  3201  3200
3 0  883  882
3 235  2179  883
3 234  882  2179
3 883  2179  882
3 67  1228  1225
3 571  2182  1228
3 235  1225  2182
3 1228  2182  1225
3 66  1221  1223
3 234  2180  1221
3 571  1223  2180
3 1221  2180  1223
3 235  2182  2179
3 571  2180  2182
3 234  2179  2180
3 2182  2180  2179
3 22  982  979
3 334  2430  982
3 331  979  2430
3 982  2430  979
3 157  1724  1722
3 574  2441  1724
3 334  1722  2441
3 1724  2441  1722
3 67  1226  1230
3 331  2432  1226
3 574  1230  2432
3 1226  2432  1230
3 334  2441  2430
3 574  2432  2441
3 331  2430  2432
3 2441  2432  2430
3 21  975  977
3 327  2420  975
3 329  977  2420
3 975  2420  977
3 66  1224  1222
3 572  2421  1224
3 327  1222  2421
3 1224  2421  1222
3 157  1721  1723
3 329  2425  1721
3 572  1723  2425
3 1721  2425  1723
3 327  2421  2420
3 572  2425  2421
3 329  2420  2425
3 2421  2425  2420
3 67  1230  1228
3 574  3117  1230
3 571  1228  3117
3 1230  3117  1228
3 157  1723  1724
3 572  3118  1723
3 574  1724  3118
3 1723  3118  1724
3 66  1223  1224
3 571  3116  1223
3 572  1224  3116
3 1223  3116  1224
3 574  3118  3117
3 572  3116  3118
3 571  3117  3116
3 3118  3116  3117
3 50  1129  1130
3 481  2851  1129
3 482  1130  2851
3 1129  2851  1130
3 158  1732  1728
3 808  2853  1732
3 481  1728  2853
3 1732  2853  1728
3 160  1740  1744
3 482  2855  1740
3 808  1744  2855
3 1740  2855  1744
3 481  2853  2851
3 808  2855  2853
3 482  2851  2855
3 2853  2855  2851
3 21  977  978
3 329  2424  977
3 330  978  2424
3 977  2424  978
3 157  1725  1721
3 806  2426  1725
3 329  1721  2426
3 1725  2426  1721
3 158  1727  1731
3 330  2428  1727
3 806  1731  2428
3 1727  2428  1731
3 329  2426  2424
3 806  2428  2426
3 330  2424  2428
3 2426  2428  2424
3 22  984  982
3 336  2440  984
3 334  982  2440
3 984  2440  982
3 160  1743  1739
3 807  2446  1743
3 336  1739  2446
3 1743  2446  1739
3 157  1722  1726
3 334  2442  1722
3 807  1726  2442
3 1722  2442  1726
3 336  2446  2440
3 807  2442  2446
3 334  2440  2442
3 2446  2442  2440
3 158  1731  1732
3 806  3351  1731
3 808  1732  3351
3 1731  3351  1732
3 157  1726  1725
3 807  3350  1726
3 806  1725  3350
3 1726  3350  1725
3 160  1744  1743
3 808  3352  1744
3 807  1743  3352
3 1744  3352  1743
3 806  3350  3351
3 807  3352  3350
3 808  3351  3352
3 3350  3352  3351
3 12  925  926
3 277  2273  925
3 278  926  2273
3 925  2273  926
3 109  1435  1433
3 665  2275  1435
3 277  1433  2275
3 1435  2275  1433
3 110  1439  1441
3 278  2278  1439
3 665  1441  2278
3 1439  2278  1441
3 277  2275  2273
3 665  2278  2275
3 278  2273  2278
3 2275  2278  2273
3 22  983  980
3 335  2433  983
3 332  980  2433
3 983  2433  980
3 159  1735  1733
3 667  2443  1735
3 335  1733  2443
3 1735  2443  1733
3 109  1434  1437
3 332  2435  1434
3 667  1437  2435
3 1434  2435  1437
3 335  2443  2433
3 667  2435  2443
3 332  2433  2435
3 2443  2435  2433
3 24  990  992
3 342  2460  990
3 344  992  2460
3 990  2460  992
3 110  1443  1440
3 670  2462  1443
3 342  1440  2462
3 1443  2462  1440
3 159  1734  1736
3 344  2467  1734
3 670  1736  2467
3 1734  2467  1736
3 342  2462  2460
3 670  2467  2462
3 344  2460  2467
3 2462  2467  2460
3 109  1437  1435
3 667  3209  1437
3 665  1435  3209
3 1437  3209  1435
3 159  1736  1735
3 670  3213  1736
3 667  1735  3213
3 1736  3213  1735
3 110  1441  1443
3 665  3210  1441
3 670  1443  3210
3 1441  3210  1443
3 667  3213  3209
3 670  3210  3213
3 665  3209  3210
3 3213  3210  3209
3 0  881  883
3 233  2177  881
3 235  883  2177
3 881  2177  883
3 65  1219  1217
3 569  2178  1219
3 233  1217  2178
3 1219  2178  1217
3 67  1225  1227
3 235  2181  1225
3 569  1227  2181
3 1225  2181  1227
3 233  2178  2177
3 569  2181  2178
3 235  2177  2181
3 2178  2181  2177
3 20  973  971
3 325  2411  973
3 323  971  2411
3 973  2411  971
3 155  1711  1709
3 570  2416  1711
3 325  1709  2416
3 1711  2416  1709
3 65  1218  1220
3 323  2412  1218
3 570  1220  2412
3 1218  2412  1220
3 325  2416  2411
3 570  2412  2416
3 323  2411  2412
3 2416  2412  2411
3 22  979  981
3 331  2429  979
3 333  981  2429
3 979  2429  981
3 67  1229  1226
3 573  2431  1229
3 331  1226  2431
3 1229  2431  1226
3 155  1710  1712
3 333  2438  1710
3 573  1712  2438
3 1710  2438  1712
3 331  2431  2429
3 573  2438  2431
3 333  2429  2438
3 2431  2438  2429
3 65  1220  1219
3 570  3113  1220
3 569  1219  3113
3 1220  3113  1219
3 155  1712  1711
3 573  3115  1712
3 570  1711  3115
3 1712  3115  1711
3 67  1227  1229
3 569  3114  1227
3 573  1229  3114
3 1227  3114  1229
3 570  3115  3113
3 573  3114  3115
3 569  3113  3114
3 3115  3114  3113
3 1  886  884
3 238  2183  886
3 236  884  2183
3 886  2183  884
3 70  1241  1239
3 575  2188  1241
3 238  1239  2188
3 1241  2188  1239
3 68  1231  1233
3 236  2184  1231
3 575  1233  2184
3 1231  2184  1233
3 238  2188  2183
3 575  2184  2188
3 236  2183  2184
3 2188  2184  2183
3 24  991  989
3 343  2456  991
3 341  989  2456
3 991  2456  989
3 156  1718  1716
3 580  2465  1718
3 343  1716  2465
3 1718  2465  1716
3 70  1240  1243
3 341  2458  1240
3 580  1243  2458
3 1240  2458  1243
3 343  2465  2456
3 580  2458  2465
3 341  2456  2458
3 2465  2458  2456
3 20  972  974
3 324  2413  972
3 326  974  2413
3 972  2413  974
3 68  1234  1232
3 576  2414  1234
3 324  1232  2414
3 1234  2414  1232
3 156  1715  1717
3 326  2418  1715
3 576  1717  2418
3 1715  2418  1717
3 324  2414  2413
3 576  2418  2414
3 326  2413  2418
3 2414  2418  2413
3 70  1243  1241
3 580  3120  1243
3 575  1241  3120
3 1243  3120  1241
3 156  1717  1718
3 576  3121  1717
3 580  1718  3121
3 1717  3121  1718
3 68  1233  1234
3 575  3119  1233
3 576  1234  3119
3 1233  3119  1234
3 580  3121  3120
3 576  3119  3121
3 575  3120  3119
3 3121  3119  3120
3 22  981  983
3 333  2437  981
3 335  983  2437
3 981  2437  983
3 155  1714  1710
3 804  2439  1714
3 333  1710  2439
3 1714  2439  1710
3 159  1733  1737
3 335  2444  1733
3 804  1737  2444
3 1733  2444  1737
3 333  2439  2437
3 804  2444  2439
3 335  2437  2444
3 2439  2444  2437
3 20  974  973
3 326  2415  974
3 325  973  2415
3 974  2415  973
3 156  1719  1715
3 803  2419  1719
3 326  1715  2419
3 1719  2419  1715
3 155  1709  1713
3 325  2417  1709
3 803  1713  2417
3 1709  2417  1713
3 326  2419  2415
3 803  2417  2419
3 325  2415  2417
3 2419  2417  2415
3 24  992  991
3 344  2464  992
3 343  991  2464
3 992  2464  991
3 159  1738  1734
3 805  2468  1738
3 344  1734  2468
3 1738  2468  1734
3 156  1716  1720
3 343  2466  1716
3 805  1720  2466
3 1716  2466  1720
3 344  2468  2464
3 805  2466  2468
3 343  2464  2466
3 2468  2466  2464
3 155  1713  1714
3 803  3347  1713
3 804  1714  3347
3 1713  3347  1714
3 156  1720  1719
3 805  3348  1720
3 803  1719  3348
3 1720  3348  1719
3 159  1737  1738
3 804  3349  1737
3 805  1738  3349
3 1737  3349  1738
3 803  3348  3347
3 805  3349  3348
3 804  3347  3349
3 3348  3349  3347
3 12  926  928
3 278  2277  926
3 280  928  2277
3 926  2277  928
3 110  1442  1439
3 669  2279  1442
3 278  1439  2279
3 1442  2279  1439
3 112  1451  1453
3 280  2284  1451
3 669  1453  2284
3 1451  2284  1453
3 278  2279  2277
3 669  2284  2279
3 280  2277  2284
3 2279  2284  2277
3 24  994  990
3 346  2461  994
3 342  990  2461
3 994  2461  990
3 164  1765  1763
3 671  2472  1765
3 346  1763  2472
3 1765  2472  1763
3 110  1440  1444
3 342  2463  1440
3 671  1444  2463
3 1440  2463  1444
3 346  2472  2461
3 671  2463  2472
3 342  2461  2463
3 2472  2463  2461
3 52  1139  1141
3 491  2879  1139
3 493  1141  2879
3 1139  2879  1141
3 112  1455  1452
3 676  2881  1455
3 491  1452  2881
3 1455  2881  1452
3 164  1764  1766
3 493  2888  1764
3 676  1766  2888
3 1764  2888  1766
3 491  2881  2879
3 676  2888  2881
3 493  2879  2888
3 2881  2888  2879
3 110  1444  1442
3 671  3215  1444
3 669  1442  3215
3 1444  3215  1442
3 164  1766  1765
3 676  3217  1766
3 671  1765  3217
3 1766  3217  1765
3 112  1453  1455
3 669  3216  1453
3 676  1455  3216
3 1453  3216  1455
3 671  3217  3215
3 676  3216  3217
3 669  3215  3216
3 3217  3216  3215
3 1  887  886
3 239  2187  887
3 238  886  2187
3 887  2187  886
3 71  1248  1245
3 579  2191  1248
3 239  1245  2191
3 1248  2191  1245
3 70  1239  1242
3 238  2189  1239
3 579  1242  2189
3 1239  2189  1242
3 239  2191  2187
3 579  2189  2191
3 238  2187  2189
3 2191  2189  2187
3 25  998  995
3 350  2475  998
3 347  995  2475
3 998  2475  995
3 163  1760  1758
3 583  2486  1760
3 350  1758  2486
3 1760  2486  1758
3 71  1246  1250
3 347  2477  1246
3 583  1250  2477
3 1246  2477  1250
3 350  2486  2475
3 583  2477  2486
3 347  2475  2477
3 2486  2477  2475
3 24  989  993
3 341  2457  989
3 345  993  2457
3 989  2457  993
3 70  1244  1240
3 581  2459  1244
3 341  1240  2459
3 1244  2459  1240
3 163  1757  1759
3 345  2470  1757
3 581  1759  2470
3 1757  2470  1759
3 341  2459  2457
3 581  2470  2459
3 345  2457  2470
3 2459  2470  2457
3 71  1250  1248
3 583  3126  1250
3 579  1248  3126
3 1250  3126  1248
3 163  1759  1760
3 581  3127  1759
3 583  1760  3127
3 1759  3127  1760
3 70  1242  1244
3 579  3125  1242
3 581  1244  3125
3 1242  3125  1244
3 583  3127  3126
3 581  3125  3127
3 579  3126  3125
3 3127  3125  3126
3 13  932  930
3 284  2289  932
3 282  930  2289
3 932  2289  930
3 116  1477  1475
3 681  2296  1477
3 284  1475  2296
3 1477  2296  1475
3 114  1463  1466
3 282  2291  1463
3 681  1466  2291
3 1463  2291  1466
3 284  2296  2289
3 681  2291  2296
3 282  2289  2291
3 2296  2291  2289
3 52  1142  1140
3 494  2883  1142
3 492  1140  2883
3 1142  2883  1140
3 166  1778  1776
3 688  2890  1778
3 494  1776  2890
3 1778  2890  1776
3 116  1476  1479
3 492  2885  1476
3 688  1479  2885
3 1476  2885  1479
3 494  2890  2883
3 688  2885  2890
3 492  2883  2885
3 2890  2885  2883
3 25  996  1000
3 348  2479  996
3 352  1000  2479
3 996  2479  1000
3 114  1468  1464
3 683  2481  1468
3 348  1464  2481
3 1468  2481  1464
3 166  1775  1777
3 352  2490  1775
3 683  1777  2490
3 1775  2490  1777
3 348  2481  2479
3 683  2490  2481
3 352  2479  2490
3 2481  2490  2479
3 116  1479  1477
3 688  3227  1479
3 681  1477  3227
3 1479  3227  1477
3 166  1777  1778
3 683  3229  1777
3 688  1778  3229
3 1777  3229  1778
3 114  1466  1468
3 681  3226  1466
3 683  1468  3226
3 1466  3226  1468
3 688  3229  3227
3 683  3226  3229
3 681  3227  3226
3 3229  3226  3227
3 24  993  994
3 345  2469  993
3 346  994  2469
3 993  2469  994
3 163  1761  1757
3 812  2471  1761
3 345  1757  2471
3 1761  2471  1757
3 164  1763  1767
3 346  2473  1763
3 812  1767  2473
3 1763  2473  1767
3 345  2471  2469
3 812  2473  2471
3 346  2469  2473
3 2471  2473  2469
3 25  1000  998
3 352  2485  1000
3 350  998  2485
3 1000  2485  998
3 166  1779  1775
3 813  2491  1779
3 352  1775  2491
3 1779  2491  1775
3 163  1758  1762
3 350  2487  1758
3 813  1762  2487
3 1758  2487  1762
3 352  2491  2485
3 813  2487  2491
3 350  2485  2487
3 2491  2487  2485
3 52  1141  1142
3 493  2887  1141
3 494  1142  2887
3 1141  2887  1142
3 164  1768  1764
3 814  2889  1768
3 493  1764  2889
3 1768  2889  1764
3 166  1776  1780
3 494  2891  1776
3 814  1780  2891
3 1776  2891  1780
3 493  2889  2887
3 814  2891  2889
3 494  2887  2891
3 2889  2891  2887
3 163  1762  1761
3 813  3356  1762
3 812  1761  3356
3 1762  3356  1761
3 166  1780  1779
3 814  3358  1780
3 813  1779  3358
3 1780  3358  1779
3 164  1767  1768
3 812  3357  1767
3 814  1768  3357
3 1767  3357  1768
3 813  3358  3356
3 814  3357  3358
3 812  3356  3357
3 3358  3357  3356
3 13  930  931
3 282  2288  930
3 283  931  2288
3 930  2288  931
3 114  1465  1463
3 680  2290  1465
3 282  1463  2290
3 1465  2290  1463
3 115  1469  1471
3 283  2293  1469
3 680  1471  2293
3 1469  2293  1471
3 282  2290  2288
3 680  2293  2290
3 283  2288  2293
3 2290  2293  2288
3 25  999  996
3 351  2478  999
3 348  996  2478
3 999  2478  996
3 165  1771  1769
3 682  2488  1771
3 351  1769  2488
3 1771  2488  1769
3 114  1464  1467
3 348  2480  1464
3 682  1467  2480
3 1464  2480  1467
3 351  2488  2478
3 682  2480  2488
3 348  2478  2480
3 2488  2480  2478
3 27  1006  1008
3 358  2505  1006
3 360  1008  2505
3 1006  2505  1008
3 115  1473  1470
3 685  2507  1473
3 358  1470  2507
3 1473  2507  1470
3 165  1770  1772
3 360  2512  1770
3 685  1772  2512
3 1770  2512  1772
3 358  2507  2505
3 685  2512  2507
3 360  2505  2512
3 2507  2512  2505
3 114  1467  1465
3 682  3224  1467
3 680  1465  3224
3 1467  3224  1465
3 165  1772  1771
3 685  3228  1772
3 682  1771  3228
3 1772  3228  1771
3 115  1471  1473
3 680  3225  1471
3 685  1473  3225
3 1471  3225  1473
3 682  3228  3224
3 685  3225  3228
3 680  3224  3225
3 3228  3225  3224
3 1  885  887
3 237  2185  885
3 239  887  2185
3 885  2185  887
3 69  1237  1235
3 577  2186  1237
3 237  1235  2186
3 1237  2186  1235
3 71  1245  1247
3 239  2190  1245
3 577  1247  2190
3 1245  2190  1247
3 237  2186  2185
3 577  2190  2186
3 239  2185  2190
3 2186  2190  2185
3 23  987  985
3 339  2447  987
3 337  985  2447
3 987  2447  985
3 161  1747  1745
3 578  2452  1747
3 339  1745  2452
3 1747  2452  1745
3 69  1236  1238
3 337  2448  1236
3 578  1238  2448
3 1236  2448  1238
3 339  2452  2447
3 578  2448  2452
3 337  2447  2448
3 2452  2448  2447
3 25  995  997
3 347  2474  995
3 349  997  2474
3 995  2474  997
3 71  1249  1246
3 582  2476  1249
3 347  1246  2476
3 1249  2476  1246
3 161  1746  1748
3 349  2483  1746
3 582  1748  2483
3 1746  2483  1748
3 347  2476  2474
3 582  2483  2476
3 349  2474  2483
3 2476  2483  2474
3 69  1238  1237
3 578  3122  1238
3 577  1237  3122
3 1238  3122  1237
3 161  1748  1747
3 582  3124  1748
3 578  1747  3124
3 1748  3124  1747
3 71  1247  1249
3 577  3123  1247
3 582  1249  3123
3 1247  3123  1249
3 578  3124  3122
3 582  3123  3124
3 577  3122  3123
3 3124  3123  3122
3 2  890  888
3 242  2192  890
3 240  888  2192
3 890  2192  888
3 74  1261  1259
3 584  2197  1261
3 242  1259  2197
3 1261  2197  1259
3 72  1251  1253
3 240  2193  1251
3 584  1253  2193
3 1251  2193  1253
3 242  2197  2192
3 584  2193  2197
3 240  2192  2193
3 2197  2193  2192
3 27  1007  1005
3 359  2501  1007
3 357  1005  2501
3 1007  2501  1005
3 162  1754  1752
3 589  2510  1754
3 359  1752  2510
3 1754  2510  1752
3 74  1260  1263
3 357  2503  1260
3 589  1263  2503
3 1260  2503  1263
3 359  2510  2501
3 589  2503  2510
3 357  2501  2503
3 2510  2503  2501
3 23  986  988
3 338  2449  986
3 340  988  2449
3 986  2449  988
3 72  1254  1252
3 585  2450  1254
3 338  1252  2450
3 1254  2450  1252
3 162  1751  1753
3 340  2454  1751
3 585  1753  2454
3 1751  2454  1753
3 338  2450  2449
3 585  2454  2450
3 340  2449  2454
3 2450  2454  2449
3 74  1263  1261
3 589  3129  1263
3 584  1261  3129
3 1263  3129  1261
3 162  1753  1754
3 585  3130  1753
3 589  1754  3130
3 1753  3130  1754
3 72  1253  1254
3 584  3128  1253
3 585  1254  3128
3 1253  3128  1254
3 589  3130  3129
3 585  3128  3130
3 584  3129  3128
3 3130  3128  3129
3 25  997  999
3 349  2482  997
3 351  999  2482
3 997  2482  999
3 161  1750  1746
3 810  2484  1750
3 349  1746  2484
3 1750  2484  1746
3 165  1769  1773
3 351  2489  1769
3 810  1773  2489
3 1769  2489  1773
3 349  2484  2482
3 810  2489  2484
3 351  2482  2489
3 2484  2489  2482
3 23  988  987
3 340  2451  988
3 339  987  2451
3 988  2451  987
3 162  1755  1751
3 809  2455  1755
3 340  1751  2455
3 1755  2455  1751
3 161  1745  1749
3 339  2453  1745
3 809  1749  2453
3 1745  2453  1749
3 340  2455  2451
3 809  2453  2455
3 339  2451  2453
3 2455  2453  2451
3 27  1008  1007
3 360  2509  1008
3 359  1007  2509
3 1008  2509  1007
3 165  1774  1770
3 811  2513  1774
3 360  1770  2513
3 1774  2513  1770
3 162  1752  1756
3 359  2511  1752
3 811  1756  2511
3 1752  2511  1756
3 360  2513  2509
3 811  2511  2513
3 359  2509  2511
3 2513  2511  2509
3 161  1749  1750
3 809  3353  1749
3 810  1750  3353
3 1749  3353  1750
3 162  1756  1755
3 811  3354  1756
3 809  1755  3354
3 1756  3354  1755
3 165  1773  1774
3 810  3355  1773
3 811  1774  3355
3 1773  3355  1774
3 809  3354  3353
3 811  3355  3354
3 810  3353  3355
3 3354  3355  3353
3 13  931  933
3 283  2292  931
3 285  933  2292
3 931  2292  933
3 115  1472  1469
3 684  2294  1472
3 283  1469  2294
3 1472  2294  1469
3 117  1481  1483
3 285  2299  1481
3 684  1483  2299
3 1481  2299  1483
3 283  2294  2292
3 684  2299  2294
3 285  2292  2299
3 2294  2299  2292
3 27  1010  1006
3 362  2506  1010
3 358  1006  2506
3 1010  2506  1006
3 170  1801  1799
3 686  2517  1801
3 362  1799  2517
3 1801  2517  1799
3 115  1470  1474
3 358  2508  1470
3 686  1474  2508
3 1470  2508  1474
3 362  2517  2506
3 686  2508  2517
3 358  2506  2508
3 2517  2508  2506
3 54  1151  1153
3 503  2915  1151
3 505  1153  2915
3 1151  2915  1153
3 117  1485  1482
3 691  2917  1485
3 503  1482  2917
3 1485  2917  1482
3 170  1800  1802
3 505  2924  1800
3 691  1802  2924
3 1800  2924  1802
3 503  2917  2915
3 691  2924  2917
3 505  2915  2924
3 2917  2924  2915
3 115  1474  1472
3 686  3230  1474
3 684  1472  3230
3 1474  3230  1472
3 170  1802  1801
3 691  3232  1802
3 686  1801  3232
3 1802  3232  1801
3 117  1483  1485
3 684  3231  1483
3 691  1485  3231
3 1483  3231  1485
3 686  3232  3230
3 691  3231  3232
3 684  3230  3231
3 3232  3231  3230
3 2  891  890
3 243  2196  891
3 242  890  2196
3 891  2196  890
3 75  1268  1265
3 588  2200  1268
3 243  1265  2200
3 1268  2200  1265
3 74  1259  1262
3 242  2198  1259
3 588  1262  2198
3 1259  2198  1262
3 243  2200  2196
3 588  2198  2200
3 242  2196  2198
3 2200  2198  2196
3 28  1014  1011
3 366  2520  1014
3 363  1011  2520
3 1014  2520  1011
3 169  1796  1794
3 592  2531  1796
3 366  1794  2531
3 1796  2531  1794
3 75  1266  1270
3 363  2522  1266
3 592  1270  2522
3 1266  2522  1270
3 366  2531  2520
3 592  2522  2531
3 363  2520  2522
3 2531  2522  2520
3 27  1005  1009
3 357  2502  1005
3 361  1009  2502
3 1005  2502  1009
3 74  1264  1260
3 590  2504  1264
3 357  1260  2504
3 1264  2504  1260
3 169  1793  1795
3 361  2515  1793
3 590  1795  2515
3 1793  2515  1795
3 357  2504  2502
3 590  2515  2504
3 361  2502  2515
3 2504  2515  2502
3 75  1270  1268
3 592  3135  1270
3 588  1268  3135
3 1270  3135  1268
3 169  1795  1796
3 590  3136  1795
3 592  1796  3136
3 1795  3136  1796
3 74  1262  1264
3 588  3134  1262
3 590  1264  3134
3 1262  3134  1264
3 592  3136  3135
3 590  3134  3136
3 588  3135  3134
3 3136  3134  3135
3 14  940  937
3 292  2310  940
3 289  937  2310
3 940  2310  937
3 124  1525  1523
3 702  2320  1525
3 292  1523  2320
3 1525  2320  1523
3 121  1505  1508
3 289  2312  1505
3 702  1508  2312
3 1505  2312  1508
3 292  2320  2310
3 702  2312  2320
3 289  2310  2312
3 2320  2312  2310
3 54  1154  1152
3 506  2919  1154
3 504  1152  2919
3 1154  2919  1152
3 172  1814  1812
3 712  2926  1814
3 506  1812  2926
3 1814  2926  1812
3 124  1524  1527
3 504  2921  1524
3 712  1527  2921
3 1524  2921  1527
3 506  2926  2919
3 712  2921  2926
3 504  2919  2921
3 2926  2921  2919
3 28  1012  1016
3 364  2524  1012
3 368  1016  2524
3 1012  2524  1016
3 121  1510  1506
3 704  2526  1510
3 364  1506  2526
3 1510  2526  1506
3 172  1811  1813
3 368  2535  1811
3 704  1813  2535
3 1811  2535  1813
3 364  2526  2524
3 704  2535  2526
3 368  2524  2535
3 2526  2535  2524
3 124  1527  1525
3 712  3248  1527
3 702  1525  3248
3 1527  3248  1525
3 172  1813  1814
3 704  3250  1813
3 712  1814  3250
3 1813  3250  1814
3 121  1508  1510
3 702  3247  1508
3 704  1510  3247
3 1508  3247  1510
3 712  3250  3248
3 704  3247  3250
3 702  3248  3247
3 3250  3247  3248
3 27  1009  1010
3 361  2514  1009
3 362  1010  2514
3 1009  2514  1010
3 169  1797  1793
3 818  2516  1797
3 361  1793  2516
3 1797  2516  1793
3 170  1799  1803
3 362  2518  1799
3 818  1803  2518
3 1799  2518  1803
3 361  2516  2514
3 818  2518  2516
3 362  2514  2518
3 2516  2518  2514
3 28  1016  1014
3 368  2530  1016
3 366  1014  2530
3 1016  2530  1014
3 172  1815  1811
3 819  2536  1815
3 368  1811  2536
3 1815  2536  1811
3 169  1794  1798
3 366  2532  1794
3 819  1798  2532
3 1794  2532  1798
3 368  2536  2530
3 819  2532  2536
3 366  2530  2532
3 2536  2532  2530
3 54  1153  1154
3 505  2923  1153
3 506  1154  2923
3 1153  2923  1154
3 170  1804  1800
3 820  2925  1804
3 505  1800  2925
3 1804  2925  1800
3 172  1812  1816
3 506  2927  1812
3 820  1816  2927
3 1812  2927  1816
3 505  2925  2923
3 820  2927  2925
3 506  2923  2927
3 2925  2927  2923
3 169  1798  1797
3 819  3362  1798
3 818  1797  3362
3 1798  3362  1797
3 172  1816  1815
3 820  3364  1816
3 819  1815  3364
3 1816  3364  1815
3 170  1803  1804
3 818  3363  1803
3 820  1804  3363
3 1803  3363  1804
3 819  3364  3362
3 820  3363  3364
3 818  3362  3363
3 3364  3363  3362
3 14  937  938
3 289  2309  937
3 290  938  2309
3 937  2309  938
3 121  1507  1505
3 701  2311  1507
3 289  1505  2311
3 1507  2311  1505
3 122  1511  1513
3 290  2314  1511
3 701  1513  2314
3 1511  2314  1513
3 289  2311  2309
3 701  2314  2311
3 290  2309  2314
3 2311  2314  2309
3 28  1015  1012
3 367  2523  1015
3 364  1012  2523
3 1015  2523  1012
3 171  1807  1805
3 703  2533  1807
3 367  1805  2533
3 1807  2533  1805
3 121  1506  1509
3 364  2525  1506
3 703  1509  2525
3 1506  2525  1509
3 367  2533  2523
3 703  2525  2533
3 364  2523  2525
3 2533  2525  2523
3 30  1022  1024
3 374  2550  1022
3 376  1024  2550
3 1022  2550  1024
3 122  1515  1512
3 706  2552  1515
3 374  1512  2552
3 1515  2552  1512
3 171  1806  1808
3 376  2557  1806
3 706  1808  2557
3 1806  2557  1808
3 374  2552  2550
3 706  2557  2552
3 376  2550  2557
3 2552  2557  2550
3 121  1509  1507
3 703  3245  1509
3 701  1507  3245
3 1509  3245  1507
3 171  1808  1807
3 706  3249  1808
3 703  1807  3249
3 1808  3249  1807
3 122  1513  1515
3 701  3246  1513
3 706  1515  3246
3 1513  3246  1515
3 703  3249  3245
3 706  3246  3249
3 701  3245  3246
3 3249  3246  3245
3 2  889  891
3 241  2194  889
3 243  891  2194
3 889  2194  891
3 73  1257  1255
3 586  2195  1257
3 241  1255  2195
3 1257  2195  1255
3 75  1265  1267
3 243  2199  1265
3 586  1267  2199
3 1265  2199  1267
3 241  2195  2194
3 586  2199  2195
3 243  2194  2199
3 2195  2199  2194
3 26  1003  1001
3 355  2492  1003
3 353  1001  2492
3 1003  2492  1001
3 167  1783  1781
3 587  2497  1783
3 355  1781  2497
3 1783  2497  1781
3 73  1256  1258
3 353  2493  1256
3 587  1258  2493
3 1256  2493  1258
3 355  2497  2492
3 587  2493  2497
3 353  2492  2493
3 2497  2493  2492
3 28  1011  1013
3 363  2519  1011
3 365  1013  2519
3 1011  2519  1013
3 75  1269  1266
3 591  2521  1269
3 363  1266  2521
3 1269  2521  1266
3 167  1782  1784
3 365  2528  1782
3 591  1784  2528
3 1782  2528  1784
3 363  2521  2519
3 591  2528  2521
3 365  2519  2528
3 2521  2528  2519
3 73  1258  1257
3 587  3131  1258
3 586  1257  3131
3 1258  3131  1257
3 167  1784  1783
3 591  3133  1784
3 587  1783  3133
3 1784  3133  1783
3 75  1267  1269
3 586  3132  1267
3 591  1269  3132
3 1267  3132  1269
3 587  3133  3131
3 591  3132  3133
3 586  3131  3132
3 3133  3132  3131
3 3  894  892
3 246  2201  894
3 244  892  2201
3 894  2201  892
3 78  1281  1279
3 593  2205  1281
3 246  1279  2205
3 1281  2205  1279
3 76  1271  1273
3 244  2202  1271
3 593  1273  2202
3 1271  2202  1273
3 246  2205  2201
3 593  2202  2205
3 244  2201  2202
3 2205  2202  2201
3 30  1023  1021
3 375  2546  1023
3 373  1021  2546
3 1023  2546  1021
3 168  1790  1788
3 597  2555  1790
3 375  1788  2555
3 1790  2555  1788
3 78  1280  1283
3 373  2548  1280
3 597  1283  2548
3 1280  2548  1283
3 375  2555  2546
3 597  2548  2555
3 373  2546  2548
3 2555  2548  2546
3 26  1002  1004
3 354  2494  1002
3 356  1004  2494
3 1002  2494  1004
3 76  1274  1272
3 594  2495  1274
3 354  1272  2495
3 1274  2495  1272
3 168  1787  1789
3 356  2499  1787
3 594  1789  2499
3 1787  2499  1789
3 354  2495  2494
3 594  2499  2495
3 356  2494  2499
3 2495  2499  2494
3 78  1283  1281
3 597  3138  1283
3 593  1281  3138
3 1283  3138  1281
3 168  1789  1790
3 594  3139  1789
3 597  1790  3139
3 1789  3139  1790
3 76  1273  1274
3 593  3137  1273
3 594  1274  3137
3 1273  3137  1274
3 597  3139  3138
3 594  3137  3139
3 593  3138  3137
3 3139  3137  3138
3 28  1013  1015
3 365  2527  1013
3 367  1015  2527
3 1013  2527  1015
3 167  1786  1782
3 816  2529  1786
3 365  1782  2529
3 1786  2529  1782
3 171  1805  1809
3 367  2534  1805
3 816  1809  2534
3 1805  2534  1809
3 365  2529  2527
3 816  2534  2529
3 367  2527  2534
3 2529  2534  2527
3 26  1004  1003
3 356  2496  1004
3 355  1003  2496
3 1004  2496  1003
3 168  1791  1787
3 815  2500  1791
3 356  1787  2500
3 1791  2500  1787
3 167  1781  1785
3 355  2498  1781
3 815  1785  2498
3 1781  2498  1785
3 356  2500  2496
3 815  2498  2500
3 355  2496  2498
3 2500  2498  2496
3 30  1024  1023
3 376  2554  1024
3 375  1023  2554
3 1024  2554  1023
3 171  1810  1806
3 817  2558  1810
3 376  1806  2558
3 1810  2558  1806
3 168  1788  1792
3 375  2556  1788
3 817  1792  2556
3 1788  2556  1792
3 376  2558  2554
3 817  2556  2558
3 375  2554  2556
3 2558  2556  2554
3 167  1785  1786
3 815  3359  1785
3 816  1786  3359
3 1785  3359  1786
3 168  1792  1791
3 817  3360  1792
3 815  1791  3360
3 1792  3360  1791
3 171  1809  1810
3 816  3361  1809
3 817  1810  3361
3 1809  3361  1810
3 815  3360  3359
3 817  3361  3360
3 816  3359  3361
3 3360  3361  3359
3 14  938  939
3 290  2313  938
3 291  939  2313
3 938  2313  939
3 122  1514  1511
3 705  2315  1514
3 290  1511  2315
3 1514  2315  1511
3 123  1517  1519
3 291  2317  1517
3 705  1519  2317
3 1517  2317  1519
3 290  2315  2313
3 705  2317  2315
3 291  2313  2317
3 2315  2317  2313
3 30  1026  1022
3 378  2551  1026
3 374  1022  2551
3 1026  2551  1022
3 175  1831  1829
3 707  2562  1831
3 378  1829  2562
3 1831  2562  1829
3 122  1512  1516
3 374  2553  1512
3 707  1516  2553
3 1512  2553  1516
3 378  2562  2551
3 707  2553  2562
3 374  2551  2553
3 2562  2553  2551
3 32  1032  1034
3 384  2577  1032
3 386  1034  2577
3 1032  2577  1034
3 123  1521  1518
3 709  2579  1521
3 384  1518  2579
3 1521  2579  1518
3 175  1830  1832
3 386  2584  1830
3 709  1832  2584
3 1830  2584  1832
3 384  2579  2577
3 709  2584  2579
3 386  2577  2584
3 2579  2584  2577
3 122  1516  1514
3 707  3251  1516
3 705  1514  3251
3 1516  3251  1514
3 175  1832  1831
3 709  3253  1832
3 707  1831  3253
3 1832  3253  1831
3 123  1519  1521
3 705  3252  1519
3 709  1521  3252
3 1519  3252  1521
3 707  3253  3251
3 709  3252  3253
3 705  3251  3252
3 3253  3252  3251
3 3  893  894
3 245  2203  893
3 246  894  2203
3 893  2203  894
3 77  1277  1275
3 595  2204  1277
3 245  1275  2204
3 1277  2204  1275
3 78  1279  1282
3 246  2206  1279
3 595  1282  2206
3 1279  2206  1282
3 245  2204  2203
3 595  2206  2204
3 246  2203  2206
3 2204  2206  2203
3 29  1019  1017
3 371  2537  1019
3 369  1017  2537
3 1019  2537  1017
3 173  1819  1817
3 596  2542  1819
3 371  1817  2542
3 1819  2542  1817
3 77  1276  1278
3 369  2538  1276
3 596  1278  2538
3 1276  2538  1278
3 371  2542  2537
3 596  2538  2542
3 369  2537  2538
3 2542  2538  2537
3 30  1021  1025
3 373  2547  1021
3 377  1025  2547
3 1021  2547  1025
3 78  1284  1280
3 598  2549  1284
3 373  1280  2549
3 1284  2549  1280
3 173  1818  1820
3 377  2560  1818
3 598  1820  2560
3 1818  2560  1820
3 373  2549  2547
3 598  2560  2549
3 377  2547  2560
3 2549  2560  2547
3 77  1278  1277
3 596  3140  1278
3 595  1277  3140
3 1278  3140  1277
3 173  1820  1819
3 598  3142  1820
3 596  1819  3142
3 1820  3142  1819
3 78  1282  1284
3 595  3141  1282
3 598  1284  3141
3 1282  3141  1284
3 596  3142  3140
3 598  3141  3142
3 595  3140  3141
3 3142  3141  3140
3 4  897  895
3 249  2207  897
3 247  895  2207
3 897  2207  895
3 81  1295  1293
3 599  2212  1295
3 249  1293  2212
3 1295  2212  1293
3 79  1285  1287
3 247  2208  1285
3 599  1287  2208
3 1285  2208  1287
3 249  2212  2207
3 599  2208  2212
3 247  2207  2208
3 2212  2208  2207
3 32  1033  1031
3 385  2573  1033
3 383  1031  2573
3 1033  2573  1031
3 174  1826  1824
3 604  2582  1826
3 385  1824  2582
3 1826  2582  1824
3 81  1294  1297
3 383  2575  1294
3 604  1297  2575
3 1294  2575  1297
3 385  2582  2573
3 604  2575  2582
3 383  2573  2575
3 2582  2575  2573
3 29  1018  1020
3 370  2539  1018
3 372  1020  2539
3 1018  2539  1020
3 79  1288  1286
3 600  2540  1288
3 370  1286  2540
3 1288  2540  1286
3 174  1823  1825
3 372  2544  1823
3 600  1825  2544
3 1823  2544  1825
3 370  2540  2539
3 600  2544  2540
3 372  2539  2544
3 2540  2544  2539
3 81  1297  1295
3 604  3144  1297
3 599  1295  3144
3 1297  3144  1295
3 174  1825  1826
3 600  3145  1825
3 604  1826  3145
3 1825  3145  1826
3 79  1287  1288
3 599  3143  1287
3 600  1288  3143
3 1287  3143  1288
3 604  3145  3144
3 600  3143  3145
3 599  3144  3143
3 3145  3143  3144
3 30  1025  1026
3 377  2559  1025
3 378  1026  2559
3 1025  2559  1026
3 173  1822  1818
3 822  2561  1822
3 377  1818  2561
3 1822  2561  1818
3 175  1829  1833
3 378  2563  1829
3 822  1833  2563
3 1829  2563  1833
3 377  2561  2559
3 822  2563  2561
3 378  2559  2563
3 2561  2563  2559
3 29  1020  1019
3 372  2541  1020
3 371  1019  2541
3 1020  2541  1019
3 174  1827  1823
3 821  2545  1827
3 372  1823  2545
3 1827  2545  1823
3 173  1817  1821
3 371  2543  1817
3 821  1821  2543
3 1817  2543  1821
3 372  2545  2541
3 821  2543  2545
3 371  2541  2543
3 2545  2543  2541
3 32  1034  1033
3 386  2581  1034
3 385  1033  2581
3 1034  2581  1033
3 175  1834  1830
3 823  2585  1834
3 386  1830  2585
3 1834  2585  1830
3 174  1824  1828
3 385  2583  1824
3 823  1828  2583
3 1824  2583  1828
3 386  2585  2581
3 823  2583  2585
3 385  2581  2583
3 2585  2583  2581
3 173  1821  1822
3 821  3365  1821
3 822  1822  3365
3 1821  3365  1822
3 174  1828  1827
3 823  3366  1828
3 821  1827  3366
3 1828  3366  1827
3 175  1833  1834
3 822  3367  1833
3 823  1834  3367
3 1833  3367  1834
3 821  3366  3365
3 823  3367  3366
3 822  3365  3367
3 3366  3367  3365
3 14  939  941
3 291  2316  939
3 293  941  2316
3 939  2316  941
3 123  1520  1517
3 708  2318  1520
3 291  1517  2318
3 1520  2318  1517
3 125  1529  1531
3 293  2322  1529
3 708  1531  2322
3 1529  2322  1531
3 291  2318  2316
3 708  2322  2318
3 293  2316  2322
3 2318  2322  2316
3 32  1036  1032
3 388  2578  1036
3 384  1032  2578
3 1036  2578  1032
3 179  1855  1853
3 710  2589  1855
3 388  1853  2589
3 1855  2589  1853
3 123  1518  1522
3 384  2580  1518
3 710  1522  2580
3 1518  2580  1522
3 388  2589  2578
3 710  2580  2589
3 384  2578  2580
3 2589  2580  2578
3 58  1175  1177
3 527  2987  1175
3 529  1177  2987
3 1175  2987  1177
3 125  1533  1530
3 714  2989  1533
3 527  1530  2989
3 1533  2989  1530
3 179  1854  1856
3 529  2996  1854
3 714  1856  2996
3 1854  2996  1856
3 527  2989  2987
3 714  2996  2989
3 529  2987  2996
3 2989  2996  2987
3 123  1522  1520
3 710  3254  1522
3 708  1520  3254
3 1522  3254  1520
3 179  1856  1855
3 714  3256  1856
3 710  1855  3256
3 1856  3256  1855
3 125  1531  1533
3 708  3255  1531
3 714  1533  3255
3 1531  3255  1533
3 710  3256  3254
3 714  3255  3256
3 708  3254  3255
3 3256  3255  3254
3 4  898  897
3 250  2211  898
3 249  897  2211
3 898  2211  897
3 82  1302  1299
3 603  2215  1302
3 250  1299  2215
3 1302  2215  1299
3 81  1293  1296
3 249  2213  1293
3 603  1296  2213
3 1293  2213  1296
3 250  2215  2211
3 603  2213  2215
3 249  2211  2213
3 2215  2213  2211
3 33  1040  1037
3 392  2592  1040
3 389  1037  2592
3 1040  2592  1037
3 178  1850  1848
3 607  2603  1850
3 392  1848  2603
3 1850  2603  1848
3 82  1300  1304
3 389  2594  1300
3 607  1304  2594
3 1300  2594  1304
3 392  2603  2592
3 607  2594  2603
3 389  2592  2594
3 2603  2594  2592
3 32  1031  1035
3 383  2574  1031
3 387  1035  2574
3 1031  2574  1035
3 81  1298  1294
3 605  2576  1298
3 383  1294  2576
3 1298  2576  1294
3 178  1847  1849
3 387  2587  1847
3 605  1849  2587
3 1847  2587  1849
3 383  2576  2574
3 605  2587  2576
3 387  2574  2587
3 2576  2587  2574
3 82  1304  1302
3 607  3150  1304
3 603  1302  3150
3 1304  3150  1302
3 178  1849  1850
3 605  3151  1849
3 607  1850  3151
3 1849  3151  1850
3 81  1296  1298
3 603  3149  1296
3 605  1298  3149
3 1296  3149  1298
3 607  3151  3150
3 605  3149  3151
3 603  3150  3149
3 3151  3149  3150
3 15  945  942
3 297  2325  945
3 294  942  2325
3 945  2325  942
3 129  1555  1553
3 717  2335  1555
3 297  1553  2335
3 1555  2335  1553
3 126  1535  1538
3 294  2327  1535
3 717  1538  2327
3 1535  2327  1538
3 297  2335  2325
3 717  2327  2335
3 294  2325  2327
3 2335  2327  2325
3 58  1178  1176
3 530  2991  1178
3 528  1176  2991
3 1178  2991  1176
3 181  1868  1866
3 727  2998  1868
3 530  1866  2998
3 1868  2998  1866
3 129  1554  1557
3 528  2993  1554
3 727  1557  2993
3 1554  2993  1557
3 530  2998  2991
3 727  2993  2998
3 528  2991  2993
3 2998  2993  2991
3 33  1038  1042
3 390  2596  1038
3 394  1042  2596
3 1038  2596  1042
3 126  1540  1536
3 719  2598  1540
3 390  1536  2598
3 1540  2598  1536
3 181  1865  1867
3 394  2607  1865
3 719  1867  2607
3 1865  2607  1867
3 390  2598  2596
3 719  2607  2598
3 394  2596  2607
3 2598  2607  2596
3 129  1557  1555
3 727  3263  1557
3 717  1555  3263
3 1557  3263  1555
3 181  1867  1868
3 719  3265  1867
3 727  1868  3265
3 1867  3265  1868
3 126  1538  1540
3 717  3262  1538
3 719  1540  3262
3 1538  3262  1540
3 727  3265  3263
3 719  3262  3265
3 717  3263  3262
3 3265  3262  3263
3 32  1035  1036
3 387  2586  1035
3 388  1036  2586
3 1035  2586  1036
3 178  1851  1847
3 827  2588  1851
3 387  1847  2588
3 1851  2588  1847
3 179  1853  1857
3 388  2590  1853
3 827  1857  2590
3 1853  2590  1857
3 387  2588  2586
3 827  2590  2588
3 388  2586  2590
3 2588  2590  2586
3 33  1042  1040
3 394  2602  1042
3 392  1040  2602
3 1042  2602  1040
3 181  1869  1865
3 828  2608  1869
3 394  1865  2608
3 1869  2608  1865
3 178  1848  1852
3 392  2604  1848
3 828  1852  2604
3 1848  2604  1852
3 394  2608  2602
3 828  2604  2608
3 392  2602  2604
3 2608  2604  2602
3 58  1177  1178
3 529  2995  1177
3 530  1178  2995
3 1177  2995  1178
3 179  1858  1854
3 829  2997  1858
3 529  1854  2997
3 1858  2997  1854
3 181  1866  1870
3 530  2999  1866
3 829  1870  2999
3 1866  2999  1870
3 529  2997  2995
3 829  2999  2997
3 530  2995  2999
3 2997  2999  2995
3 178  1852  1851
3 828  3371  1852
3 827  1851  3371
3 1852  3371  1851
3 181  1870  1869
3 829  3373  1870
3 828  1869  3373
3 1870  3373  1869
3 179  1857  1858
3 827  3372  1857
3 829  1858  3372
3 1857  3372  1858
3 828  3373  3371
3 829  3372  3373
3 827  3371  3372
3 3373  3372  3371