OFF
14535 6656 0
0 0 0
0.87400082000000001 0.59370575000000003 0
0.87400188999999995 0.10897745 0
0 0.0065826599999999997 0
0.9949479 0.62569693000000004 0
0 0.016972350000000001 0
0 0.037839079999999997 0
0 0.046444119999999998 0
0.87341676000000001 0.71872944999999999 0
0 0.056789270000000003 0
0 0.060855739999999998 0
0 0.076744199999999999 0
0.87304755999999994 0.39714410999999999 0
0 0.090370619999999999 0
0 0.10421722 0
0.87294892000000002 0.24868307000000001 0
0 0.11496031 0
0 0.12533142999999999 0
0 0.13090748999999999 0
0.87336347999999997 0.15582567 0
0 0.14574965000000001 0
0 0.16537673999999999 0
0.87323269999999997 0.12129647 0
0 0.18079713 0
0 0.18614061000000001 0
0.87332054999999997 0.56364742999999995 0
0.87333298999999998 0.08162925 0
0 0.19881450000000001 0
0 0.20475309999999999 0
0 0.21543902000000001 0
0.99616517000000004 0.54604861999999998 0
0 0.22634570000000001 0
0 0.2326925 0
0 0.23810100000000001 0
0.87153389999999997 0.13018996999999999 0
0 0.26216799000000002 0
0.87152943999999999 0.95612171000000001 0
0 0.26841331000000002 0
0.87151140999999999 0.92991893999999997 0
0 0.28916448 0
0.87160053999999998 0.89605539999999995 0
0.87182086000000003 0.72145709999999996 0
0 0.30703380000000002 0
0 0.31804801999999999 0
0.87197811000000003 0.74568292999999997 0
0 0.32777273000000001 0
0 0.35044962000000002 0
0 0.35560363 0
0 0.35902613999999999 0
0 0.38084688 0
0.96513272000000006 0.072075559999999997 0
0 0.39697091000000001 0
0.87205615999999997 0.90661115999999997 0
0.87206711000000003 0.71059021 0
0 0.40814120999999998 0
0.87217699999999998 0.94865993000000004 0
0.87223172999999998 0.24215941999999999 0
0.87225898000000002 0.62443439000000001 0
0.96862780000000004 0.82268311000000005 0
0 0.4192014 0
0 0.42265802000000002 0
0.87210266000000003 0.64644758999999996 0
0.87216417999999996 0.33441177 0
0 0.44914465999999997 0
0 0.47302440000000001 0
0 0.48337358000000002 0
0.86545311000000003 0.83646746999999999 0
0 0.49682736999999999 0
0.86543904999999999 0.10671992 0
0.86543990000000004 0.75382629000000001 0
0 0.51932884000000001 0
0 0.52737951000000005 0
0.86554863999999998 0.51909031999999999 0
0 0.53285905 0
0 0.54320086999999995 0
0.86550141000000003 0.56933756999999996 0
0.86550574000000002 0.66669891999999997 0
0 0.56093826000000002 0
0.86551292000000002 0.1246337 0
0 0.57035579000000003 0
0 0.59165458999999998 0
0.8655581 0.13977160999999999 0
0 0.59587498000000005 0
0 0.60717818999999995 0
0 0.62392619000000005 0
0 0.62536782999999996 0
0 0.62741206999999999 0
0 0.63098409 0
0.86504435999999996 0.36149934 0
0 0.64519413999999997 0
0.86519433000000001 0.091606580000000007 0
0 0.65458808999999996 0
0.86531749000000002 0.66282392000000001 0
0 0.67983508000000004 0
0 0.68089798000000001 0
0 0.69317218000000003 0
0.86534654 0.22202733999999999 0
0 0.71265809000000002 0
0.86534915000000001 0.084377279999999999 0
0 0.73737255999999995 0
0.86540463000000001 0.50586156999999998 0
0.86543075000000003 0.86942302000000005 0
0 0.77607373000000002 0
0.86715598000000005 0.91849840999999999 0
0 0.79750368999999999 0
0 0.81306973999999999 0
0.86712959999999994 0.46435206000000001 0
0 0.84327342999999999 0
0.86707652000000002 0.0064464800000000001 0
0 0.85850581999999998 0
0.87736261000000004 0.82327826999999998 0
1 0.11990455999999999 0
0 0.86784026000000003 0
0 0.87874202000000001 0
0 0.90643302999999997 0
0.86581348999999996 0.95468094999999997 0
0 0.91086221999999994 0
0 0.91798047999999999 0
0.87744146000000001 0.50156592 0
0 0.92569420000000002 0
0.86583946000000001 0.01529397 0
0 0.94676488000000003 0
0 0.94892083000000005 0
0.86585069000000003 0.90803283999999995 0
0 0.96258579 0
0.86593947999999998 0.074668670000000006 0
0 0.98240812 0
0.86610005999999995 0.24243650999999999 0
0.86612593000000004 0.47366413000000002 0
0 1 0
0.87957671000000004 0.24993671000000001 0
2.9519999999999999e-05 0.99151807999999997 0
0.87946780000000002 0.97800911999999995 0
5.2389999999999998e-05 0.75196112000000004 0
9.8809999999999998e-05 0.34149516000000002 0
0.00016726999999999999 0.10781644999999999 0
0.99547814000000001 0.85736617999999998 0
0.99754113 0.42762751999999998 0
0.87904842999999999 0.22641374 0
0.00048707999999999998 0.78860567000000004 0
0.88657090999999999 0.40039082999999998 0
0.91544256999999996 0.18988608000000001 0
0.00058828000000000005 0.58724387 0
0.87969953000000001 0.17114831999999999 0
0.91351123999999995 0.69220793000000003 0
0.00066169000000000004 0.45030046000000001 0
0.88139487999999999 0.71939995999999995 0
0.00113327 0.26870983999999998 0
0.00113889 0.13950438000000001 0
0.88835154000000005 0.57115895000000005 0
0.0012412 0.37883438000000003 0
0.88618395000000005 0.97633961999999996 0
0.0012818899999999999 0.63795930000000001 0
0.0012868700000000001 0.70836686000000004 0
0.91351236999999996 0.84571673999999997 0
0.88106262999999996 0.74041040000000002 0
0.88100811000000001 0.83320234000000004 0
0.88611055000000005 0.92800930999999998 0
0.0014136699999999999 0.63144487999999999 0
0.92330175999999997 0.79070536999999996 0
0.0015956099999999999 0.82715274999999999 0
0.86617244999999998 0.35626279999999999 0
0.97117936000000005 0.38014226000000001 0
0.0016189399999999999 0.93227753999999996 0
0.0016607600000000001 0.60191132000000003 0
0.0016713399999999999 0.28058418000000002 0
0.0018279800000000001 0.24172671000000001 0
0.96457550000000003 0.21247521999999999 0
0.0019390799999999999 0.55980781999999996 0
0.91273017000000001 0.98220837999999999 0
0.92148523999999998 0.80347637999999999 0
1 0.50882203999999998 0
0.87877925999999995 0.98875760999999995 0
0.0022000399999999999 0.048243069999999999 0
0.0022324799999999998 0.81753279999999995 0
0.88733249999999997 0.86212306000000005 0
0.0022952599999999999 0.67383238999999995 0
0.0023605900000000001 0.47215520999999999 0
0.0023990499999999998 0.1062258 0
0.00241033 0.36100601999999998 0
0.88717606999999998 0.66151726 0
0.0024352100000000002 0.55074045999999999 0
0.91325345999999996 0.74988054999999998 0
0.88599972999999999 0.12161798 0
0.0027099899999999998 0.73784992999999999 0
0.00279225 0.22368940000000001 0
0.0028641000000000001 0.95103800999999999 0
0.96446217000000001 0.31742368999999998 0
0.0029802100000000001 0.41208226999999997 0
0.88872242000000001 0.91637420999999997 0
0.0030341700000000001 0.85685946000000002 0
0.87865612000000004 0.13505001 0
0.87993076000000003 0.02835911 0
0.00344553 0.17829587999999999 0
0.97333194000000001 0.55683868000000003 0
0.0034868500000000001 0.22811903 0
0.0035370699999999998 0.74431102999999998 0
0.91471685000000003 0.52864314000000001 0
0.0036283700000000001 0.15213061999999999 0
0.92367756000000001 0.39954592999999999 0
0.99720812999999997 0.10352325 0
0.92375499000000005 0.35238709000000001 0
0.0038671700000000001 0.70414209999999999 0
0.0039128599999999998 0.25266311000000002 0
0.0039356 0.93136260000000004 0
0.0039963100000000003 0.85702279000000003 0
0.88841473999999998 0.089336239999999997 0
0.0040686699999999999 0.49235602000000001 0
0.0040729399999999997 0.81751052999999996 0
0.00412123 0.12467122 0
0.0041846499999999998 0.16412098999999999 0
0.0044335499999999996 0.49874478 0
0.0044985499999999996 0.35564919 0
0.0045712799999999996 0.052653060000000002 0
0.96197770999999999 0.54104198000000003 0
0.0046101600000000003 0.56684407000000003 0
0.0047711200000000002 0.62132038999999994 0
0.0047790200000000001 0.49436237 0
0.0048583999999999997 0.52283742 0
0.0048651099999999997 0.90525352000000003 0
0.0049073299999999997 0.18181404000000001 0
0.0049659099999999996 0.18962628000000001 0
0.0049784499999999997 0.90345892000000005 0
0.0051130899999999998 0.11104532 0
1 0.69687043000000004 0
0.0052255299999999999 0.10178411 0
0.92352966999999997 0.38933890999999998 0
0.0052769100000000001 0.97221497000000001 0
0.0052897300000000003 0.59635042000000005 0
0.0053788400000000002 0.11063041 0
0.0053873599999999999 0.64943165999999997 0
0.00545 0.91042531000000004 0
0.0055395699999999997 0.53572368000000004 0
0.0055882800000000002 0.66432374000000005 0
0.0056465400000000002 0.80685320999999999 0
0.0056663900000000003 0.94113853000000003 0
0.0057321999999999998 0 0
0.0057695799999999998 0.0796761 0
0.0058594399999999996 0.070618700000000006 0
0.0059468999999999998 0.0909832 0
0.0059611200000000003 0.88972790000000002 0
0.0060341700000000002 0.91191549000000005 0
0.0060483200000000003 0.41421619999999998 0
0.0060937400000000003 0.92779383999999998 0
0.0061277199999999997 0.63499967999999996 0
0.0064501000000000003 0.43253588999999998 0
0.0064663899999999998 0.61302793 0
0.0064947499999999997 0.48738218999999999 0
0.0065032700000000002 0.22470344 0
0.0065128 0.40749612000000002 0
0.0065570999999999997 0.16827159 0
0.0065973899999999999 0.14702633000000001 0
0.0067092699999999998 0.57504822 0
0.0067277300000000003 0.025292510000000001 0
0.0067384699999999999 0.65423355999999999 0
0.0068019899999999999 0.18543957999999999 0
0.0068698500000000003 0.10789003 0
0.0069015999999999999 0.37307557000000002 0
0.0069490699999999999 0.44438044999999998 0
0.0069952699999999996 0.37717917000000001 0
0.0070844100000000002 0.47563808000000002 0
0.0071287800000000004 0.71457409000000005 0
0.0071431799999999998 0.13814525999999999 0
0.88870972999999998 0.48742496000000002 0
0.0071914500000000003 0.89085826000000001 0
0.0074004400000000003 0.62843313999999995 0
0.0074125600000000003 0.30740343999999997 0
0.0074458500000000004 0.93150235999999997 0
0.0074933999999999999 0.50890400999999996 0
0.0075031100000000003 0.30037429999999998 0
0.0075216800000000002 0.77267755000000005 0
0.0077429700000000001 0.97163770999999999 0
0.0077921900000000001 0.75030045000000001 0
0.0078131999999999993 0.42431212000000001 0
0.88881721000000002 0.30795961999999999 0
0.0079344700000000008 0.68124567000000003 0
0.0079528099999999994 0.20609884000000001 0
0.0080166899999999999 0.37667531999999998 0
0.00810372 0.40771835000000001 0
0.0081416000000000006 0.79773428999999996 0
0.0081830700000000006 0.19491506 0
0.0082401599999999998 0.13695115999999999 0
0.0083180600000000004 0.62540306000000001 0
0.0083890700000000002 0.96774055000000003 0
0.0086192500000000002 0.59846299999999997 0
0.0089092200000000007 0.34455075000000002 0
0.88131417999999995 0.68253408000000004 0
0.0092356499999999998 0.85143511999999999 0
0.0094493200000000006 0.70831286000000004 0
0.0094754899999999996 0.091357090000000002 0
0.0095313800000000008 0.36571491 0
0.0095381600000000004 0.54091498999999998 0
0.0095484699999999999 0.66282474000000002 0
0.00980783 0.0063349499999999998 0
0.0099171299999999997 0.34071265000000001 0
0.0099310700000000002 0.94762745000000004 0
0.0099546400000000007 0.48724772 0
0.01001811 0.094519539999999999 0
0.88657967999999998 0.91857761000000004 0
0.88636433999999997 0.92261707000000004 0
0.87976825000000003 0.15703476999999999 0
0.01039998 0.83437863999999995 0
0.010424009999999999 0.24994817 0
0.010591969999999999 0.056816949999999998 0
0.01062914 0.55560463999999998 0
0.01066566 0.33554708 0
0.01070806 0.86768948000000001 0
0.01076993 0.48690934000000002 0
0.01077709 0.93852150000000001 0
0.01088572 0.51548775000000002 0
0.010951499999999999 0.77711439999999998 0
0.011046169999999999 0.88076505000000005 0
0.011101639999999999 0.41178368999999998 0
0.011119169999999999 0.68052970000000002 0
0.01119882 0.58217887999999995 0
0.011378640000000001 0.63883694999999996 0
0.011392380000000001 0.92991409000000003 0
0.01142541 0.27542056999999998 0
0.011465339999999999 0.64939838000000005 0
0.01155918 0.98927781000000004 0
0.92369957000000003 0.97282341000000006 0
0.011613119999999999 0.97909489999999999 0
0.01167347 0.59439030999999998 0
0.01174558 0.55513548999999995 0
0.011771520000000001 0.67349177999999998 0
0.011817350000000001 0.0022714800000000002 0
0.01182826 0.48255805000000002 0
0.011867920000000001 0.090315010000000001 0
0.011941530000000001 0.97303359 0
0.01200115 0.26591157999999998 0
0.88659348999999998 0.044423400000000002 0
0.0120508 0.45389373999999999 0
0.01205257 0.16171820000000001 0
0.01210724 0.98517814000000004 0
0.012216039999999999 0.35318934000000002 0
0.01227546 0.20883188999999999 0
0.01244953 0.92239890000000002 0
0.01245488 0.35853768000000003 0
0.0125136 0.87703023999999996 0
0.012542579999999999 0.94244843 0
0.01256912 0.12292781 0
0.012701509999999999 0.91499744000000005 0
0.01275282 0.27896893 0
0.012816950000000001 0.32925715999999999 0
0.0128188 0.69264862999999999 0
0.88704468000000003 0.89704273999999995 0
0.012865089999999999 0.18725078000000001 0
0.0129459 0.11514827 0
0.013027230000000001 0.83484066999999995 0
0.01309776 0.95618179999999997 0
0.86638744000000001 0.049537480000000002 0
0.91346579999999999 0.20387939999999999 0
0.01315769 0.74627078000000002 0
0.013184329999999999 0.37171115999999998 0
0.013216820000000001 0.26119027 0
0.01329468 0.24809827000000001 0
0.01335076 0.94521705 0
0.013431759999999999 0.14780304 0
0.88655333999999997 0.70975734000000001 0
0.01360981 0.56723765999999998 0
0.013794549999999999 0.31580592000000002 0
0.013811199999999999 0.048395750000000001 0
0.92198829999999998 0.77253846000000004 0
0.013925359999999999 0.29164155000000003 0
0.01406781 0.76012232999999996 0
0.014070559999999999 0.48137217999999998 0
0.01418024 0.47527937999999997 0
0.01421239 0.49665071999999999 0
0.014301009999999999 0.52229685000000003 0
0.014306940000000001 0.92976844999999997 0
0.01432859 0.72632843000000002 0
0.014356030000000001 0.78689483000000005 0
0.87867799000000002 0.042670689999999997 0
0.01452676 0.11933009999999999 0
0.01460502 0.47295182000000002 0
0.014626409999999999 0.46254024999999999 0
0.01466363 0.40888731 0
0.01476126 0.76815953999999997 0
0.014826860000000001 0.45958078000000002 0
0.01495851 0.77894852999999997 0
0.0149777 0.62714188000000004 0
0.01498849 0.34484140000000002 0
0.01499616 0.092606789999999994 0
0.01501153 0.52619468000000003 0
0.91273132000000001 0.79796486 0
0.01508762 0.88645293000000003 0
0.01514132 0.44359893 0
0.01520529 0.71262751000000002 0
0.01523684 0.099405370000000007 0
0.01525249 0.39320440000000001 0
0.01543752 0.60229714000000001 0
0.015540999999999999 0.23186106000000001 0
0.01554467 0.70273220999999997 0
0.01556166 0.25983023 0
0.015601250000000001 0.66397516999999995 0
0.015662880000000001 0.66585123999999996 0
0.88636486999999997 0.14619220999999999 0
0.0158078 0.23579581999999999 0
0.01589248 1 0
0.86639487000000004 0.65605230999999997 0
0.91554064999999996 0.072394340000000001 0
0.016231949999999998 0.73702034000000005 0
0.01632786 0.27165663000000001 0
0.016350920000000001 0.14068927000000001 0
0.016367940000000001 0.95667248000000005 0
0.016427110000000002 0.90104253999999995 0
0.016443889999999999 0.81581022999999997 0
0.016443889999999999 0.91962522999999996 0
0.016456129999999999 0.49196197000000003 0
0.016457030000000001 0.20070899 0
0.016536390000000002 0.43474717000000002 0
0.016632350000000001 0.55888077000000003 0
0.88872066999999999 0.10953845 0
0.01669491 0.82126993999999998 0
0.016783949999999999 0.76404362999999997 0
0.91333127000000003 0.74014082000000003 0
0.016873200000000001 0.28033078 0
0.01690968 0.74903275999999996 0
0.016911160000000001 0.45717133999999998 0
0.92202848000000004 0.54273678999999997 0
0.017021560000000002 0.10954716 0
0.01711439 0.0047526399999999998 0
0.017117790000000001 0.29569489999999998 0
0.92339068999999996 0.43739170999999999 0
0.01725252 0.80690251999999996 0
0.01737814 0.90530292000000001 0
0.01749446 0.36431507000000002 0
0.88700235999999999 0.43299121000000002 0
0.017524379999999999 0.82256815000000005 0
0.01753656 0.73050738999999998 0
0.017617569999999999 0.51856139999999995 0
0.01764777 0.70168651000000004 0
0.97312704000000005 0.59388390999999996 0
0.017729869999999998 0.045562829999999999 0
0.017776799999999999 0.12655593000000001 0
0.01793695 0.62625847000000001 0
0.01796588 0.68104611999999998 0
0.018428569999999998 0.33321669999999998 0
0.01846165 0.98179782000000004 0
0.018521470000000002 0.88501037000000005 0
0.018528949999999999 0.35827617 0
0.01853376 0.30816130000000003 0
0.88893635999999998 0.15322875999999999 0
0.018731020000000001 0.93934832999999995 0
0.018769750000000002 0.32760642000000001 0
0.018770729999999999 0.69719757000000004 0
0.01880826 0.86033448999999995 0
0.01882611 0.91263928999999999 0
0.018856310000000001 0.71739805000000001 0
0.018874220000000001 0.32808605000000002 0
0.018882469999999998 0.48227777999999999 0
0.018976380000000001 0.81355401000000005 0
0.018987810000000001 0.24624873 0
0.019065740000000001 0.42495896999999999 0
0.019212549999999998 0.43613909000000001 0
0.01922198 0.85091583000000004 0
0.019228039999999998 0.82496091000000005 0
0.019233500000000001 0.64469370999999998 0
0.019292480000000001 0.44937634999999998 0
0.019357139999999998 0.25259612999999997 0
0.0195666 0.87930244999999996 0
0.019605290000000001 0.63195376999999997 0
0.019671109999999999 0.66369893999999996 0
0.019761029999999999 0.43004649 0
0.92152794999999998 0.083178740000000001 0
0.01991973 0.60903149000000001 0
0.88836641999999999 0.41086515000000001 0
0.020001410000000001 0.10972265 0
0.020041949999999999 0.37565805000000002 0
0.020152509999999998 0.91780368999999995 0
0.020158240000000001 0.33561803000000001 0
0.02018932 0.11563851999999999 0
0.020232239999999999 0.84779579999999999 0
0.92346339 0.86013041000000001 0
0.020349869999999999 0.97815576000000004 0
0.020392589999999999 0.37068452000000002 0
0.020421109999999999 0.040682019999999999 0
0.020504060000000001 0.15156442000000001 0
0.020706809999999999 0.67199112999999999 0
0.92126072999999997 0.061094549999999997 0
0.020808150000000001 0.23581796999999999 0
0.020880240000000001 0.041039190000000003 0
0.020883639999999998 0.039692369999999998 0
0.020941919999999999 0.19818359999999999 0
0.021379749999999999 0.81703448000000001 0
0.021426560000000001 0.20829400000000001 0
0.02147802 0.50595356000000002 0
0.02149102 0.13238849 0
0.91355783000000002 0.45037450000000001 0
0.02157067 0.2938656 0
0.021692240000000002 0.75897535000000005 0
0.021801770000000002 0.11961816 0
0.02187368 0.10174147 0
0.021919480000000002 0.080636280000000005 0
0.021933310000000001 0.31435232000000002 0
0.022055580000000002 0.42360713999999999 0
0.88122493000000002 0.55660036000000002 0
0.87910085000000004 0.16672580000000001 0
0.022196529999999999 0.92706480000000002 0
0.022198659999999999 0.61687349000000002 0
0.022266210000000002 0.83255906000000002 0
0.022366219999999999 0.65313105999999999 0
0.022642010000000001 0.47529838000000002 0
0.022677320000000001 0.59399632999999996 0
0.022679620000000001 0.27874195000000002 0
0.02271331 0.37338567 0
0.022775630000000002 0.15107311000000001 0
0.022967939999999999 0.87472145000000001 0
0.022979639999999999 0.0032885599999999998 0
0.02303084 0.10655703 0
0.023169889999999999 0.50108518000000002 0
0.02329873 0.042254930000000003 0
0.02330925 0.92648543000000005 0
0.023386259999999999 0.71418110999999995 0
0.023409940000000001 0.62455729000000004 0
0.023582809999999999 0.96435342999999996 0
0.0236022 0.15379390000000001 0
0.02363146 0.25318023000000001 0
0.023863909999999999 0.13476352 0
0.02388098 0.43666161999999997 0
0.92372290000000001 0.13996348 0
0.023955730000000001 0.10922853 0
0.024008310000000001 0.29891262000000002 0
0.02415726 0.00097530000000000002 0
0.02421746 0.90093572 0
0.92346676999999999 0.91028686999999997 0
0.024417350000000001 0.5716985 0
0.024457659999999999 0.45495183 0
0.91279522000000002 0.035611440000000001 0
0.024481860000000001 0.043418749999999999 0
0.024592280000000001 0.73107385999999996 0
0.024662679999999999 0.44732673000000001 0
0.02468536 0.16668694000000001 0
0.99704283999999999 0.18802679 0
0.02474531 0.63676518000000004 0
0.024753460000000001 0.73503185000000004 0
0.024835940000000001 0.22951928999999999 0
0.024915280000000001 0.25550700999999998 0
0.02499465 0.78812826999999996 0
0.02500136 0.72768922000000003 0
0.025047779999999999 0.094984330000000006 0
0.025059870000000001 0.76350273999999996 0
0.025238190000000001 0.77197842999999999 0
0.92139921000000002 0.87556427000000003 0
0.025403530000000001 0.13764510999999999 0
0.025462019999999998 0.67978680999999996 0
0.025488150000000001 0.91400004000000001 0
0.025577180000000001 0.79562927000000006 0
0.025587019999999999 0.024331620000000002 0
0.02558703 0.47276433000000001 0
0.025599719999999999 0.18582709 0
0.025662290000000001 0.15936495000000001 0
0.025735290000000001 0.59405993999999995 0
0.025768989999999999 0.12809197999999999 0
0.92213480999999997 0.22827175999999999 0
0.02582624 0.36810409999999999 0
0.025923410000000001 0.85387654999999996 0
0.025926379999999999 0.3202257 0
0.025998070000000002 0.68424954000000004 0
0.026012360000000002 0.33926003999999998 0
0.02602463 0.95566381 0
0.026065939999999999 0.10875514 0
0.026076249999999999 0.38875273999999999 0
0.0261389 0 0
0.02617417 0.55414529999999995 0
0.91553227999999998 0.60370197999999997 0
0.02620167 0.80227802000000004 0
0.026235189999999999 0.97784057000000002 0
0.026361140000000002 0.092189759999999996 0
0.026409350000000002 0.31185246 0
0.026414070000000001 0.96974969 0
0.026442630000000002 0.44011488999999998 0
0.026598839999999999 0.66486193999999998 0
0.0266284 0.98304758000000003 0
0.87977147 0.26200399000000002 0
0.026694720000000002 1 0
0.026745560000000002 0.60541005999999997 0
0.02678813 0.60882804999999995 0
0.026877390000000001 0.50821700000000003 0
0.026968760000000001 0.69180889000000001 0
0.027038449999999999 0.89794996000000005 0
0.02711067 0.24487028999999999 0
0.027111619999999999 0.49580380000000002 0
0.02712003 0.48325702999999998 0
0.02713343 0.58241845999999997 0
0.027169749999999999 0.93810605999999996 0
0.027259490000000001 0.97006729000000003 0
0.88036088999999995 0.49682123 0
0.02729728 0.29998143999999999 0
0.027318660000000002 0.73729637000000003 0
0.027408200000000001 0.018474689999999998 0
0.027553319999999999 0.86939575000000002 0
0.87908902 0.75362545000000003 0
0.027573810000000001 0.35294931000000002 0
0.027738769999999999 0.87783644000000005 0
0.027739960000000001 0.60308543000000003 0
0.027755330000000002 0.54685326999999995 0
0.027782169999999998 0.43718004999999999 0
0.027909880000000001 0.91439945 0
0.02791213 0.33506532999999999 0
0.02796454 0.98722703000000001 0
0.027968679999999999 0.20199121 0
0.02800884 0.34090701000000001 0
0.028169969999999999 0.96316975000000005 0
0.96906700000000001 0.82134366999999997 0
0.028283050000000001 0.067382929999999994 0
0.028327120000000001 0.92061289000000002 0
0.028400580000000002 0.73850026000000002 0
0.0284809 0.23936735000000001 0
0.028625890000000001 0.05522581 0
0.028648949999999999 0.21873268000000001 0
0.88664986999999995 0.64993898000000005 0
0.92186493000000003 0.39616831000000002 0
0.02872222 0.35665379000000003 0
0.02879965 0.38140597999999998 0
0.02881591 0.36351340999999998 0
0.028834749999999999 0.41627227999999999 0
0.028882120000000001 0.18469700999999999 0
0.028913299999999999 0.76807877999999996 0
0.028982000000000001 0.79219200999999995 0
0.02898858 0.44708492999999999 0
0.91356254999999997 0.55334826999999998 0
0.87816033999999998 0.22166246000000001 0
0.029395850000000001 0.021614040000000001 0
0.029469760000000001 0.74290157999999995 0
0.029604189999999999 0.94962131999999999 0
0.029605030000000001 0.45324268000000001 0
0.02966543 0.65096611000000004 0
0.02967523 0.29975934999999998 0
0.029677640000000002 0.020894469999999998 0
0.029716369999999999 0.40810279999999999 0
0.029736329999999998 0.23354570999999999 0
0.029761530000000001 0.37294704000000001 0
0.029846830000000001 0.042679630000000003 0
0.92356519999999998 0.33836749999999999 0
0.029986260000000001 0.58452210000000004 0
0.030096009999999999 0.72666573999999995 0
0.030147130000000001 0.42604361000000002 0
0.030186689999999999 0.56937393999999997 0
0.030195679999999999 0.074584780000000003 0
0.030242789999999999 0.24990378999999999 0
0.030371619999999998 0.30950864 0
0.030412930000000001 0.80450107999999998 0
0.030519540000000001 0.84262181999999997 0
0.03076477 0.30032689000000001 0
0.030776439999999999 0.019938270000000001 0
0.91560153 0.48661742000000002 0
0.92357376999999996 0.46817172000000001 0
0.03086303 0.79707159999999999 0
0.87998535 0.19566500000000001 0
0.031131570000000001 0.3194051 0
0.03121614 0.93260958000000005 0
0.031219650000000002 0.78980664 0
0.031256289999999999 0.38966181 0
0.031293700000000001 0.11085083 0
0.031325079999999998 0.49099888000000003 0
0.03142358 0.34511392000000002 0
0.031533279999999997 0.90532011999999995 0
0.031707340000000001 0.74755992000000004 0
0.92186098999999999 0.101911 0
0.0319276 0.085563189999999997 0
0.031928339999999999 0.81156669000000003 0
0.031953219999999997 0.22177793000000001 0
0.032041199999999999 0.18063369000000001 0
0.032126330000000002 0.86702992000000001 0
0.032154080000000002 0.52606328000000002 0
0.03218969 0.37704454999999998 0
0.032251349999999998 0.88653842000000005 0
0.91489290000000001 0.42386868999999999 0
0.032638180000000003 0.60557364000000002 0
0.03269623 0.079225690000000001 0
0.032756170000000001 0.33257463999999998 0
0.03276047 0.23165516999999999 0
0.032773139999999999 0.73697564999999998 0
0.032873720000000002 0.28171141 0
0.032947400000000002 0.01032831 0
0.032989089999999999 0.62477653 0
0.033008469999999998 0.23242468999999999 0
0.033022450000000002 0.42285128 0
0.033101970000000001 0.92521998999999999 0
0.033117840000000003 0.53576332999999998 0
0.033179599999999997 0.72141255999999998 0
0.88845545000000004 0.75332927000000005 0
0.033190699999999997 0.21341060000000001 0
0.033230379999999997 0.12908225000000001 0
0.033240069999999997 0.15817880000000001 0
0.033536580000000003 0.19195981000000001 0
0.87993403000000003 0.16516337 0
0.88018352 0.97073980999999998 0
0.033727109999999998 0.58835391000000004 0
0.033784109999999999 0.33961131999999999 0
0.033816529999999997 0.95864989 0
0.033911459999999997 0.50732924000000001 0
0.033971420000000002 0.28536625999999998 0
0.033989239999999997 0.71742024999999998 0
0.034022299999999998 0.94261980999999995 0
0.034050160000000003 0.83051417000000005 0
0.91578773999999996 0.15156425000000001 0
0.034111750000000003 0.25705644 0
0.034186109999999999 0.60462864999999999 0
0.88859628000000002 0.24380972000000001 0
0.034315070000000003 0.29240513000000001 0
0.03433216 0.91891655999999999 0
0.034352180000000003 0.099280229999999997 0
0.034353450000000001 0.61747547000000003 0
0.034440529999999997 0.50629851999999997 0
0.034482810000000003 0.15027631999999999 0
0.034534450000000001 0.074574319999999999 0
0.88734548000000002 0.01284941 0
0.034563829999999997 0.98808098 0
0.034656770000000003 0.024018749999999998 0
0.034698350000000003 0.54949826000000002 0
0.88920089999999996 0.34097641000000001 0
0.034733840000000002 0.44368934999999998 0
0.87402787999999998 0.055909069999999998 0
0.92378194000000002 0.90639764 0
0.035017899999999998 0.42730950000000001 0
0.035026210000000002 0.36117220999999999 0
0.035081899999999999 0.93462329 0
0.92362232 0.78466908999999996 0
0.035259220000000001 0.30967011 0
0.035320699999999997 0.28473369999999998 0
0.035505380000000003 0.87986801999999997 0
0.0355993 0.21847546000000001 0
0.035616309999999998 0.51785882000000005 0
0.035804870000000003 0.67120904000000003 0
0.03582685 0.72591760999999999 0
0.03588943 0.61298931000000001 0
0.035922429999999998 0.067044090000000001 0
0.035965150000000001 0.32224354999999999 0
0.035972610000000002 0.97600765 0
0.99789185000000002 0.80815574999999995 0
0.036004500000000002 0.61172400000000005 0
0.036018309999999998 0.11878714 0
0.88126691999999995 0.29972449000000001 0
0.036281470000000003 0.73953310999999999 0
0.036341940000000003 0.73138524999999999 0
0.036447109999999998 0.38277177000000001 0
0.036541070000000002 0.36798594000000001 0
0.036663220000000003 0.36871957999999999 0
0.92399469999999995 1 0
0.036891739999999999 0.98508651000000003 0
0.036924619999999998 0.30758601000000002 0
0.92160982999999996 0.31853578999999999 0
0.037012089999999997 0.59734379999999998 0
0.037030649999999998 1 0
0.037056859999999997 0.94260341000000003 0
0.037093540000000001 0.99626870999999995 0
0.037107269999999998 0.48190897999999999 0
0.037333539999999998 0.12198607 0
0.037371389999999997 0.73448838999999999 0
0.037456429999999999 0.44747893 0
0.037456610000000001 0.26899118 0
0.037477000000000003 0.41291287999999998 0
0.037511709999999997 0.78568985000000002 0
0.037523649999999999 0.57534372 0
0.037533289999999997 0.45550647 0
0.037558399999999999 0.95038988999999996 0
0.03756868 0.92233533000000001 0
0.037578109999999998 0.45004190999999999 0
0.037672749999999998 0.91726315999999997 0
0.037854890000000002 0.62953968999999999 0
0.037876100000000003 0.75112869999999998 0
0.037884010000000003 0.4791649 0
0.037887700000000003 0.60034456999999997 0
0.037915450000000003 0.72913099000000003 0
0.037962469999999998 0.66356008 0
0.038118539999999999 0.059406760000000003 0
0.038300720000000003 0.37860568999999999 0
0.87941312999999999 0.087488899999999994 0
0.038409600000000002 0.76638987999999997 0
0.038418809999999998 0.55319832000000002 0
0.038648429999999998 0.21339183 0
0.038846859999999997 0.047140469999999997 0
0.92382852000000004 0.93304869999999995 0
0.038873390000000001 0.29651994999999998 0
0.038901690000000003 0.36063299999999998 0
0.038931769999999997 0.20805904 0
0.03900149 0.70038725000000002 0
0.039109610000000003 0.4228073 0
0.039146300000000002 0.091087609999999999 0
0.039189120000000001 0.87350616999999997 0
0.039264970000000003 0.81945299000000005 0
0.039305189999999997 0.58178967999999998 0
0.039532699999999997 0 0
0.039543519999999999 0.02073674 0
0.039570969999999997 0.33853608000000002 0
0.039581329999999998 0.63674564 0
0.039665550000000001 0.78088678 0
0.87931928000000004 0.65075055000000004 0
0.87993725 0.2051557 0
0.039733039999999997 0.32060729999999998 0
0.039795329999999997 0.88828488999999999 0
0.99441394000000005 0.46615201000000001 0
0.039978 0.84121807000000004 0
0.040022870000000002 0.87209060999999999 0
0.040052039999999997 0.39576696 0
0.04008867 0.61866209000000005 0
0.040117720000000003 0.31905302000000002 0
0.91560156999999998 0.39887344000000002 0
0.92244771999999997 0.60398894000000003 0
0.87394216999999996 0.93311586999999996 0
0.040238969999999999 0.82055716000000001 0
0.040275730000000003 0.31503999999999999 0
0.040303119999999998 0.74284974999999998 0
0.88702345999999999 0.85079768 0
0.040537570000000002 0.60729637000000003 0
0.88743214999999998 0.83620645000000005 0
0.040736389999999997 0.36949334 0
0.040740350000000002 0.89556528000000002 0
0.040768770000000003 0.20592615 0
0.040768800000000001 0.64626569 0
0.040790559999999997 0.88426709000000003 0
0.92364657999999999 0.74475595999999999 0
0.040864360000000002 0.96925362000000004 0
0.040901100000000003 0.51636243000000004 0
0.040913369999999998 0.074842210000000006 0
0.92234391999999998 0.22570412000000001 0
0.040949840000000001 0.84901877000000003 0
0.041048759999999997 0.66540125999999999 0
0.041078450000000002 0.26150256999999999 0
0.91481840999999997 0.18195637000000001 0
0.041104160000000001 0.99388818000000001 0
0.041206340000000001 0.23241079000000001 0
0.041270969999999997 0.38812985 0
0.041404870000000003 0.51212272000000003 0
0.04145923 0.28243084000000002 0
0.041652450000000001 0.86150198 0
0.041816079999999999 0.22779909000000001 0
0.041842530000000003 0.96692 0
0.042034740000000001 0.82762842000000003 0
0.042079730000000003 0.62453614000000002 0
0.92219781999999995 0.39744913999999998 0
0.042244709999999998 0.90617113000000005 0
0.042381050000000003 0.72167068999999995 0
0.042382080000000003 0.71731906999999995 0
0.042385350000000002 0.60759719000000001 0
0.042492240000000001 0.52948359 0
0.042517310000000003 0.73295842 0
0.042568479999999999 0.086078989999999994 0
0.042574550000000003 0.66593239000000004 0
0.042600310000000002 0.01474374 0
0.88918052999999997 0.24603206999999999 0
0.042763610000000001 0.13132482000000001 0
0.042777889999999999 0.60636920000000005 0
0.042836270000000003 0.40390448000000001 0
0.042897690000000002 0.36575489 0
0.042934029999999998 0.89110732000000004 0
0.043067080000000001 0.15467162000000001 0
0.043128640000000003 0.39846282 0
0.043132629999999998 0.38760736000000001 0
0.88668102999999998 0.27125116999999999 0
0.043135960000000001 0.69089568999999995 0
0.043221170000000003 0.56337453000000004 0
0.043261309999999997 0.12382389000000001 0
0.88026435000000003 0.25171262 0
0.043406220000000002 0.23880266 0
0.91307612000000005 0.89414125 0
0.043477189999999999 0.30902254000000001 0
0.043704560000000003 0.27361150000000001 0
0.99724294000000002 0.51746775 0
0.043772239999999997 0.68484413 0
0.043788630000000002 0.93236604999999995 0
0.043864220000000002 0.024227350000000002 0
0.043909589999999998 0.050998050000000003 0
0.043910909999999997 0.43855231 0
0.043944219999999999 0.57753365999999995 0
0.044313110000000003 0.87997643999999997 0
0.044374219999999999 0.018817770000000001 0
0.044391180000000002 0.79600291000000001 0
0.04441295 0.64050048000000004 0
0.044520219999999999 0.21628595 0
0.044551750000000001 0.11018814 0
0.87924555999999998 0.35466209999999998 0
0.044603770000000001 0.19066346000000001 0
0.044637259999999998 0.88950381000000001 0
0.044654220000000001 0.15731323999999999 0
0.044666160000000003 0.95701930000000002 0
0.0447274 0.61792128000000002 0
0.044836500000000001 0.46215298999999999 0
0.92223259000000002 0.2377947 0
0.044891939999999998 0.15453138 0
0.04499044 0.57577670000000003 0
0.045133489999999998 0.0033768499999999998 0
0.88140689000000005 0.57482003999999998 0
0.045203189999999997 0.64786637000000002 0
0.045210239999999999 0.30879580000000001 0
0.045265079999999999 0.36590798000000002 0
0.045393379999999997 0.86367075999999998 0
0.045425979999999998 0.60858276 0
0.045496540000000002 0.17746497999999999 0
0.045585349999999997 0.94395912000000004 0
0.045586260000000003 0.32366913000000003 0
0.045600069999999999 0.49880116000000002 0
0.045608179999999998 0.29455269000000001 0
0.045805020000000002 0.90119685999999999 0
0.045812430000000001 0.74026307999999996 0
0.045813 0.42836897000000002 0
0.04592533 0.12200747000000001 0
0.045934639999999999 0.46156276000000002 0
0.045960349999999997 0.35811900000000002 0
0.045987189999999997 0.69443792000000004 0
0.046004910000000003 0.15628796 0
0.046027449999999998 0.092565179999999997 0
0.046219929999999999 0.57055526999999995 0
0.88915776999999996 0.31239402999999999 0
0.046271359999999997 0.16830175999999999 0
0.046284840000000001 0.98659441000000003 0
0.046311419999999999 0.50650532000000004 0
0.046373860000000003 0.97836743000000004 0
0.91582576999999998 0.23023165000000001 0
0.046450779999999997 0.41309038999999997 0
0.046530950000000001 0.41333083999999998 0
0.046568869999999998 0.27339975 0
0.046634540000000002 0.099510660000000001 0
0.046720879999999999 0.43784563999999998 0
0.046746719999999999 0.67764866000000001 0
0.046828700000000001 0.31777904000000001 0
0.046894169999999999 0.57687907000000005 0
0.046936489999999997 0.03311103 0
0.046970350000000001 0.39387640000000002 0
0.91359056000000005 0.92898135999999998 0
0.047195340000000002 0.84380719000000004 0
0.04720419 0.78843162 0
0.047429640000000002 0.93426107000000003 0
0.047517129999999998 0.73921393000000002 0
0.92386762 0.046441919999999998 0
0.91571875000000003 0.62005944000000002 0
0.047662219999999998 0.72832456000000001 0
0.047665689999999997 0.26867497000000001 0
0.047709519999999998 0.23444406000000001 0
0.047735029999999998 0.01601737 0
0.047908249999999999 0.82190576999999998 0
0.048007979999999999 0.65696102000000001 0
0.04824962 0.86754883999999999 0
0.88013715999999997 0.01532468 0
0.048306429999999997 0.42042512999999998 0
0.048363030000000001 0.98217798999999995 0
0.91315568999999996 0.93164842999999997 0
0.048382050000000003 0.59451860000000001 0
0.048485840000000002 0.049239039999999998 0
0.048520389999999997 0.20968502 0
0.88118688999999994 0.92292646 0
0.048564179999999998 0.99571514000000005 0
0.04859078 0.29495071 0
0.048603880000000002 0.56691093999999997 0
0.048609260000000001 0.84918262 0
0.04862184 0.22956341 0
0.048665769999999997 0.40275674 0
0.048668490000000002 0.71690036999999995 0
0.88141689999999995 0.50042277000000002 0
0.048754569999999997 0.72097571999999999 0
0.04877563 0.71940707999999998 0
0.048794709999999998 0.79428145000000006 0
0.048799210000000003 0.088960600000000001 0
0.048830320000000003 0.65473767000000005 0
0.048839920000000002 0.90670351999999999 0
0.88117886000000001 0.55651043 0
0.048890099999999999 0.94565332999999996 0
0.048895719999999997 0.57886543000000001 0
0.91310639000000005 0.24612213999999999 0
0.049039319999999997 0.37160264999999998 0
0.04905371 0.39981803999999999 0
0.049059169999999999 0.91005013000000001 0
0.049122609999999997 0.24753285999999999 0
0.049127589999999999 0.26994417999999998 0
0.04921735 0.36015459999999999 0
0.88030381000000002 0.186033 0
0.049255800000000002 0.89150242000000002 0
0.049376700000000003 0.065121180000000001 0
0.04940373 0.65297002999999998 0
0.88674081000000005 0.64394021999999995 0
0.049519380000000002 0.35073599 0
0.91496838000000003 0.45898962999999998 0
0.049609279999999999 0.75190168000000002 0
0.049653219999999998 0.96515455999999999 0
0.92413129000000005 0.72187223 0
0.049666139999999998 0.12707202000000001 0
0.049700149999999998 0.17569456 0
0.049717909999999997 0.71194049999999998 0
0.049728639999999998 0.14657904999999999 0
0.049799459999999997 0.85811976999999995 0
0.049875509999999998 0.90990992000000004 0
0.049897270000000001 0.58404277000000004 0
0.049908340000000002 0.30382933000000001 0
0.049917410000000002 0.27715866 0
0.049998670000000002 0.57407989000000004 0
0.91364009000000002 0.30432483999999999 0
0.050101029999999998 0.98332143000000005 0
0.050110250000000002 0.19658605000000001 0
0.050162350000000001 0.40996433999999998 0
0.050249349999999998 0.82503104999999999 0
0.050251049999999998 0.42500487999999997 0
0.050289050000000002 0.23066421000000001 0
0.050379729999999998 0.89454557999999995 0
0.05046606 0.035386529999999999 0
0.88863974999999995 0.80339640999999995 0
0.050585060000000001 0.47761661999999999 0
0.050591539999999997 0.68977052999999999 0
0.0506951 0.80391190999999995 0
0.87398439999999999 0.67128655000000004 0
0.050745650000000003 0.83937868000000004 0
0.050752499999999999 0.90342531999999998 0
0.050795729999999997 0.51634718000000002 0
0.050956109999999999 0.11282059 0
0.050972160000000002 0.70890922000000001 0
0.05098403 0.61029520999999998 0
0.051001110000000002 1 0
0.051040460000000003 0.86452419000000003 0
0.05104885 0.50764642000000004 0
0.05107254 0.68752528999999996 0
0.0511169 0 0
0.051141239999999998 0.47024197000000001 0
0.051153499999999998 0.81336008000000004 0
0.051194719999999999 0.70594325999999996 0
0.0512173 0.64564343999999996 0
0.051333480000000001 0.34065337000000001 0
0.92246921999999998 0.91361380000000003 0
0.92164376000000003 0.48829059000000002 0
1 0.66548841999999997 0
0.051958989999999997 0.67748317000000002 0
0.92422349999999998 0.029200259999999999 0
0.05210882 0.69698174000000002 0
0.052180209999999998 0.42964783000000001 0
0.88807444999999996 0.31002691999999998 0
0.91311463999999998 0.86071056000000001 0
0.052321670000000001 0.66249842999999997 0
0.052333900000000003 0.015329870000000001 0
0.052355779999999998 0.36344407000000001 0
0.052362730000000003 0.98581401999999996 0
0.052368720000000001 0.44971346000000001 0
0.052434639999999998 0.46162607999999999 0
0.0525201 0.079768790000000006 0
0.92170680000000005 0.20839479999999999 0
0.052631589999999999 0.97672572999999996 0
0.052635170000000002 0.87810440999999995 0
0.052765769999999997 0.19783981 0
0.052781509999999997 0.34421787999999998 0
0.05281512 0.76686251000000005 0
0.053096499999999998 0.87492681000000005 0
0.92432994000000002 0.73874304999999996 0
0.053159339999999999 0.83855394000000005 0
0.053193650000000002 0.85101819000000001 0
0.053202760000000002 0.40317467000000001 0
0.053361520000000003 0.062575569999999997 0
0.053429879999999999 0.1858937 0
0.053458249999999999 0.15178792999999999 0
0.91494834999999997 0.61001483999999995 0
0.053527199999999997 0.26174687000000002 0
0.053552049999999997 0.93082483000000005 0
0.053743989999999998 0.029877339999999999 0
0.053764909999999999 0.76326766000000001 0
0.053839310000000001 0.059099180000000001 0
0.053874440000000003 0.41780572999999999 0
0.053897649999999998 0.48498012000000001 0
0.05390764 0.92959263999999997 0
0.053971249999999998 0.84321816000000005 0
0.053982530000000001 0.47133977999999999 0
0.054044639999999998 0.074167700000000003 0
0.054138850000000002 0.31412138000000001 0
0.054269190000000002 0.48862375000000002 0
0.054290350000000001 0.38496616 0
0.97301225999999996 0.34693452000000002 0
0.054446670000000003 0.89943576999999997 0
0.054456989999999997 0.97474397999999995 0
0.054494979999999998 0.46769132000000002 0
0.054601869999999997 0.45333151999999999 0
0.054665859999999997 0.91877008999999998 0
0.054718200000000002 0.35826707000000002 0
0.054719650000000002 0.36469171 0
0.054751660000000001 0.41096844999999999 0
0.054801709999999997 0.64679196999999999 0
0.054814380000000003 0.98227469999999995 0
0.054890630000000003 0.88706929999999995 0
0.054905299999999997 0.88453459000000001 0
0.054993970000000003 0.96842793000000005 0
0.055038129999999998 0.82117494999999996 0
0.055095619999999998 0.13943868000000001 0
0.055180750000000001 0.092699619999999996 0
0.055416170000000001 0.026809820000000002 0
0.055463279999999997 0.35636680999999998 0
0.055465529999999999 0.64514521000000002 0
0.055567020000000002 0.75583237000000003 0
0.055569029999999998 0.65285775000000001 0
0.05558097 0.49476900000000001 0
0.055612259999999997 0.80234614999999998 0
0.055762810000000003 0.30863697000000001 0
0.055833569999999999 0.75153588999999998 0
0.055921079999999998 0.44428300999999998 0
0.05593306 0.34734868000000002 0
0.88748497000000004 0.94764336999999998 0
0.056052879999999999 0.91338518999999996 0
0.056137489999999998 0.59908105 0
0.056162990000000003 0.70146003999999995 0
0.87381505999999998 0.40720118999999999 0
0.056203129999999997 0.78333902 0
0.056261459999999999 0.93127806999999996 0
0.056272540000000003 0.55106169999999999 0
0.056292979999999999 0.87149533000000001 0
0.87383504999999995 0.71508260999999995 0
0.87385438000000004 0.83848915999999996 0
0.056494170000000003 0.53679884 0
0.05657413 0.15844918 0
0.056574489999999998 0.32244252000000001 0
0.056626379999999997 0.65556060000000005 0
0.05677915 0.52196328000000003 0
0.056999439999999998 0.42294690000000001 0
0.88157653000000002 0.10414124 0
0.92179226999999997 0.52283643000000002 0
0.057073770000000003 0.14464755000000001 0
0.057090839999999997 0.77837244000000005 0
0.88845649999999998 0.62170402000000002 0
0.92248894000000004 0.87723437999999998 0
0.057362950000000003 0.10074792 0
0.057374319999999999 0.55491077 0
0.057546449999999999 0.35727513 0
0.057650140000000002 0.10690731000000001 0
0.88143857999999997 0.032447810000000001 0
0.97328044000000002 0.87591209999999997 0
0.91320018000000003 0.48048331999999999 0
0.05799646 0.76458941000000002 0
0.058016690000000003 0.16118052999999999 0
0.058027160000000001 0.84513028999999995 0
0.92484327 0.92996016000000004 0
0.058372739999999999 0.74138048999999995 0
0.058384819999999997 0.99213291999999997 0
0.058402740000000002 0.75980027999999999 0
0.058511920000000002 0.79236728000000001 0
0.058582629999999997 0.20756811999999999 0
0.05859056 0.76937716 0
0.058659549999999998 0.86838702999999995 0
0.92502068000000004 0.89920741000000004 0
0.058744459999999998 0.66984980999999999 0
0.058745789999999999 0.34021064000000001 0
0.05875822 0.52792260000000002 0
0.058818420000000003 0.79558784999999999 0
0.058871399999999997 0.85999097999999996 0
0.059101729999999998 0.27123800999999997 0
0.059262299999999997 0.38909097999999998 0
0.05928373 0.22211787 0
0.059388690000000001 0.79536121000000004 0
0.059419699999999999 0.36405973000000003 0
0.059446489999999998 0.41588868000000001 0
0.059520280000000002 0.59639907000000003 0
0.059637129999999997 0.57650833000000001 0
0.059733880000000003 0 0
0.059798230000000001 0.29084515999999999 0
0.05979959 0.75497323000000005 0
0.059852269999999999 0.88349619999999995 0
0.99544476999999998 0.49282865999999997 0
0.059926239999999999 0.19791686 0
0.06000432 0.3107856 0
0.060123969999999999 0.21867590000000001 0
0.060159079999999997 0.056780860000000002 0
0.060267899999999999 0.17172541999999999 0
0.060325860000000002 0.18931695000000001 0
0.060366950000000003 0.13779369999999999 0
0.060527930000000001 0.87203366000000004 0
0.060541879999999999 0.28888928000000003 0
0.060560030000000001 0.016390709999999999 0
0.06056856 0.63966254 0
0.060603259999999999 0.050845029999999999 0
0.060690000000000001 0.45904202 0
0.060690750000000002 0.080643190000000003 0
0.060808180000000003 0.98395387999999995 0
0.060951360000000003 0.0066631800000000003 0
0.060963440000000001 0.48802330999999999 0
0.061030319999999999 0.76938956000000003 0
0.061059500000000003 0.78636103999999996 0
0.061065729999999999 0.53673369999999998 0
0.061065920000000003 0.95393598999999996 0
0.88781880999999996 0.71357479999999995 0
0.061417140000000002 0.83055635999999999 0
0.061532820000000002 0.47350060999999999 0
0.061639109999999997 0.77751983000000002 0
0.061680249999999999 0.32409616000000002 0
0.061824690000000002 0.22285514000000001 0
0.061922440000000002 0.87799702000000002 0
0.062023269999999998 0.92804679000000001 0
0.062030540000000002 0.84554072000000002 0
0.062049180000000002 0.18291136999999999 0
0.97335201000000005 0.66412813999999998 0
0.062097279999999998 0.02145644 0
0.062101120000000003 0.26960095000000001 0
0.91370141999999999 0.21369595 0
0.062111220000000002 0.69956583999999999 0
0.062125769999999997 0.46287699999999998 0
0.062126840000000003 0.65422563 0
0.062176710000000003 0.91742288999999999 0
0.062236149999999997 0.68568693999999997 0
0.062274900000000001 0.97770120999999999 0
0.062295900000000001 0.43786681999999999 0
0.06234191 0.52803137 0
0.062361340000000001 0.45287632999999999 0
0.062583420000000001 0.49002562 0
0.062982730000000001 0.27787476 0
0.06298956 0.23507865999999999 0
0.063009309999999999 0.51455534000000003 0
0.063077320000000006 0.02555957 0
0.86587950999999996 0.22418331999999999 0
0.87932102000000001 0.36558381000000001 0
0.063293840000000004 0.72974178000000001 0
0.063366500000000006 0.50834548999999996 0
0.06341397 0.36955550999999998 0
0.063489889999999993 0.56241224999999995 0
0.0635627 0.96911228999999999 0
0.88960077000000004 0.72941049000000002 0
0.063613020000000006 0.079796930000000002 0
0.063660439999999999 0.73586856 0
0.063663049999999999 0.062483030000000002 0
0.86592590000000003 0.65264164000000002 0
0.06372775 0.53184056000000002 0
0.063752030000000001 0.84170626000000004 0
0.063842720000000006 0.72312679999999996 0
0.88162209000000002 0.85980287 0
0.064131579999999994 0.55138279000000001 0
0.064154359999999994 0.56250785000000003 0
0.064238299999999998 0.32989005999999998 0
0.06434819 0.83394970000000002 0
0.064369969999999999 0.83984336999999998 0
0.064414079999999999 0.15621739000000001 0
0.064642110000000003 0.62780374999999999 0
0.064662659999999997 0.091928490000000002 0
0.064690419999999998 0.89340235000000001 0
0.91377465000000002 0.99651394000000004 0
0.064867069999999999 0.25493697999999998 0
1 0.73054273000000003 0
0.88920410000000005 0.92989082999999995 0
0.06509848 1 0
0.065299170000000004 0.36887504999999998 0
0.065312999999999996 0.80699918999999998 0
0.06531737 0.048862839999999998 0
0.91582629999999998 0.54494027 0
0.065424250000000003 0.22958434 0
0.065466629999999998 0.60550024000000002 0
0.065504019999999996 0.16408076999999999 0
0.06552856 0.63907712999999999 0
0.065593730000000003 0.86441886999999995 0
0.87925553999999995 1 0
0.06576121 0.84689561999999996 0
0.88973804999999995 0.48103117000000001 0
0.065793260000000006 0.68116633999999998 0
0.06603009 0.54815179999999997 0
0.92442177999999997 0.13859787000000001 0
0.066280459999999999 0.035955920000000002 0
0.91613738 0.38251981000000002 0
0.066449330000000001 0.37231709000000002 0
0.066549209999999998 0.24910134 0
0.066573709999999994 0.11174945 0
0.066764480000000001 0.54442100000000004 0
0.067031179999999996 0.056874630000000002 0
0.067046590000000003 0.14754423 0
0.067087980000000005 0.085500989999999999 0
0.88221945000000002 0.72537399999999996 0
0.067297060000000006 0.033406980000000003 0
0.92277469000000001 0.33503086999999998 0
0.067473920000000007 0.71629918000000004 0
0.88040355000000003 0.37380481999999998 0
0.067509009999999994 0.14452282 0
0.067517999999999995 0.26063820999999998 0
0.067554310000000006 0.078518829999999998 0
0.067836510000000003 0.27618082999999999 0
0.068347130000000006 0.46860341 0
0.068356459999999994 0.30697136000000003 0
0.068362119999999998 0.64654836999999998 0
0.068363160000000006 0.12618560000000001 0
0.068396579999999998 0.83958648000000002 0
0.068497699999999995 0.38186463999999998 0
0.068573480000000006 0.14089394 0
0.068593299999999996 0.89192227000000002 0
0.068635199999999993 0.68184332999999997 0
0.068681140000000002 0.60225298000000005 0
0.068692909999999996 0.58565151000000004 0
0.068780839999999996 0.27815305000000001 0
0.068910109999999997 0.88524860000000005 0
0.068941219999999998 0 0
0.068978890000000001 1 0
0.069026390000000007 0.59154726999999996 0
0.91371491999999999 1 0
0.069072229999999998 0.78806679999999996 0
0.88799048000000003 0.45598201999999999 0
0.069100079999999994 0.53389774999999995 0
0.069183739999999994 0.24050017000000001 0
0.069231570000000006 0.73239924000000001 0
0.069236569999999997 0.18799370000000001 0
0.06924408 0.083952109999999996 0
0.069267860000000001 0.01434705 0
0.069287699999999994 0.69690925999999997 0
0.069319179999999994 0.59248860000000003 0
0.069335380000000002 0.62939025999999998 0
0.069419019999999998 0.83434843000000003 0
0.069490259999999998 0.83191961999999997 0
0.069504410000000003 0.0063987799999999997 0
0.069587720000000006 0.43680444000000002 0
0.069666919999999993 0.077549229999999997 0
0.069714940000000003 0.29138614000000002 0
0.87088217999999995 0.69889398000000003 0
0.069908289999999998 0.89563974000000002 0
0.070100090000000004 0.73033291 0
0.88053543000000001 0.78948430000000003 0
0.070304160000000004 0.40132967000000003 0
0.070360759999999994 0.73416501000000001 0
0.07044512 0.085624270000000002 0
0.070486729999999997 0.98371447999999995 0
0.070494780000000007 0.37212737000000001 0
0.070567370000000004 0.20466075 0
0.070618879999999995 0.92936218999999998 0
0.070695460000000002 0.86169987000000003 0
0.070707359999999997 0.26842470000000002 0
0.070724389999999998 0.17789036 0
0.070784630000000001 0.47171359000000002 0
0.070792499999999994 0.51289638000000004 0
0.070816130000000005 0.94779040000000003 0
0.070827349999999997 0.82068028000000004 0
0.070909769999999997 0.35402558000000001 0
0.070909829999999993 0.45062605 0
0.071059940000000002 0.75088208999999995 0
0.96535952000000003 0.16205739 0
0.071218190000000001 0.74966359999999999 0
0.071243089999999995 0.79414499999999999 0
0.071259719999999999 0.19169977999999999 0
0.071273320000000001 0.33279439 0
0.071275329999999998 0.24827527999999999 0
0.071353639999999996 0.32694651000000002 0
0.071403369999999994 0.96531677000000005 0
0.071412950000000003 0.74539438000000002 0
0.88789172000000005 0.96764386000000002 0
0.071550649999999993 0.92022725999999999 0
0.071626330000000002 0.37901539000000001 0
0.071765570000000001 0.099895629999999999 0
0.071985030000000005 0.21546473999999999 0
0.072078790000000004 0.81345190999999994 0
0.072205450000000004 0.01274193 0
0.072426180000000007 0.96207900000000002 0
0.072444830000000002 0.52684414999999996 0
0.072492799999999996 0.10111349 0
0.072494459999999997 0.12347326 0
0.072530620000000004 0.46389490999999999 0
0.072559520000000002 0.57788183999999998 0
0.072694460000000002 0.82723356999999997 0
0.072826230000000006 0.023817109999999999 0
0.072864540000000005 0.31000294 0
0.07292208 0.038689519999999998 0
0.92263786000000003 0.22742752999999999 0
0.073020740000000001 0.50978000000000001 0
0.073110839999999996 0.062135839999999998 0
0.073181800000000005 0.8028054 0
0.073217710000000005 0.39767540000000001 0
0.073235149999999999 0.0034889500000000002 0
0.073336760000000001 0.43728286 0
0.073354870000000003 0.58650367999999997 0
0.073366089999999995 0.88561383999999999 0
0.073512750000000002 0.81623696000000001 0
0.073569380000000004 0.73251754999999996 0
0.073633710000000005 0.91505543 0
0.073657020000000004 0.27561313999999998 0
0.073828530000000003 0.28509119999999999 0
0.073966779999999996 0.18490116000000001 0
0.074062749999999997 0.24058015999999999 0
0.074142970000000002 0.74333512000000002 0
0.074199509999999996 0.64226868999999998 0
0.074224369999999998 0.74030777000000003 0
0.074231759999999994 0.74367795999999997 0
0.074359709999999996 0.32582326 0
0.074415529999999994 0.57929801999999997 0
0.074450589999999997 0.39057407999999999 0
0.074601039999999993 0.69590350000000001 0
0.074756900000000001 0.23252837000000001 0
0.074933070000000004 0.66806615000000003 0
0.075113180000000002 0.097136159999999999 0
0.075128059999999997 0.42980676000000001 0
0.92279573000000004 0.58390673000000004 0
0.075206270000000006 0 0
0.91377832999999997 0.42550208 0
0.07522276 0.50557286999999995 0
0.075234789999999996 0.83876172999999998 0
0.07535095 0.13518039000000001 0
0.075402650000000002 0.40261720000000001 0
0.075452229999999995 0.11405922 0
0.075486029999999996 0.75045613 0
0.075613810000000004 0.1453757 0
0.075644810000000007 0.24841310999999999 0
0.075838089999999997 0.78196049000000001 0
0.92504226000000001 0.55599845999999997 0
0.075987360000000004 0.68469221999999996 0
0.076160229999999995 0.31047096000000002 0
0.076167730000000003 0.97749967000000004 0
0.07617575 0.79938102 0
0.076195180000000001 0.73703350999999995 0
0.92253633000000002 0.73148329999999995 0
0.076330949999999995 0.072356630000000005 0
0.076387899999999995 0.18476253000000001 0
0.076416960000000006 0.29503307000000001 0
0.076425030000000005 0.04886886 0
0.076438489999999998 0.83539695000000003 0
0.076500609999999997 0.76226364000000002 0
0.076664860000000001 0.50657295999999996 0
0.076696200000000006 0.33449822000000001 0
0.076714099999999993 0.87489048000000003 0
0.076789620000000003 0.023570359999999999 0
0.076805689999999996 0.40096553000000001 0
0.07684009 0.56356130999999998 0
0.076876979999999998 0.82876245000000004 0
0.076958730000000003 0.88738866000000005 0
0.077168520000000004 0.25616183999999997 0
0.077278570000000005 0.23590416 0
0.077287129999999996 0.36814732 0
0.077287350000000005 0.37831803000000003 0
0.077453659999999994 0.48097543999999998 0
0.077489470000000005 0.46832399000000002 0
0.077521190000000004 0.53729263999999999 0
0.077595410000000004 0.32018141 0
0.077610020000000002 0.75694854 0
0.077664629999999998 0.16401578999999999 0
0.077757030000000005 0.89669637000000002 0
0.077782870000000004 0.15303396 0
0.97404873000000003 0.59161487000000001 0
0.077904399999999999 0.40519208000000001 0
0.077930250000000006 0.98792031999999996 0
0.077943750000000006 0.78366038000000005 0
0.07794835 0.45259730999999997 0
0.077975639999999999 0.14247841 0
0.0779942 0.049927859999999998 0
0.07800493 0.20735363000000001 0
0.078041369999999999 0.97973295999999999 0
0.078223490000000007 0.62012650999999996 0
0.078282980000000002 0.45936194000000002 0
0.91589829 0.61690612 0
0.88929864999999997 0.50328227000000003 0
0.078500020000000004 0.11527029 0
0.078555280000000005 0.55842910000000001 0
0.078705159999999996 0.39376906 0
0.078743460000000001 0.23473742 0
0.078816549999999999 0.22173428000000001 0
0.078898789999999996 0.1733787 0
0.078923779999999999 0.71099626999999999 0
0.078993740000000007 0.07915295 0
0.079042589999999996 0.15442334999999999 0
0.079051789999999997 0.47521904999999998 0
0.079200469999999995 0.71575042 0
0.079283740000000005 0.59919451999999995 0
0.079310160000000005 0.58476525000000001 0
0.079341140000000004 0.33816171 0
0.079368560000000005 0.84867453999999998 0
0.079484750000000007 0.35533746999999999 0
0.079503110000000002 0.93970505000000004 0
0.079532270000000002 0.17564573999999999 0
0.079654450000000002 0.98973414999999998 0
0.079838930000000002 0.82543295999999999 0
0.91390786000000002 0.80401882999999996 0
0.079912549999999999 0.64526684000000001 0
0.079966999999999996 0.72921433000000002 0
0.080043370000000003 0.84778354 0
0.080272129999999997 0.94876932999999997 0
0.080318100000000003 0.088507279999999994 0
0.080329579999999998 0.80182730999999996 0
0.080436530000000006 0.47996497999999999 0
0.91381040999999996 0.44251251000000003 0
0.08055089 0.29099886000000003 0
0.92470732 0.39344736000000002 0
0.88989339000000001 0.42103466000000001 0
0.080680080000000001 0.62612681999999997 0
0.88948802999999999 0.21109058 0
0.080717540000000004 0.050356619999999998 0
0.080730179999999999 0.56843876999999998 0
0.080848589999999998 0.0087978899999999992 0
0.081022769999999994 0.48141210000000001 0
0.92286855999999995 0.51279642999999997 0
0.081096390000000004 0.63550901999999998 0
0.081099470000000007 0.96910803999999995 0
0.97442076 0.53409271000000003 0
0.08123582 0.43419377999999997 0
0.081386349999999996 0.85431798000000003 0
0.081478030000000007 0.78711061000000004 0
0.081495440000000002 0.06128902 0
0.081674440000000001 0.95507573000000001 0
0.081730609999999995 0.55399522000000001 0
0.081758999999999998 0.039693340000000001 0
0.081766469999999994 0.41654417999999999 0
0.081877770000000002 0.54230730999999999 0
0.081879809999999997 0.70238403999999999 0
0.081932019999999994 0.70757258000000001 0
0.08203568 0.93165726000000004 0
0.082124130000000004 0.5012702 0
0.08220732 0.67510380000000003 0
0.08224737 0.92416889000000002 0
0.082335749999999999 0.54634727999999999 0
0.08246204 0.78578104999999998 0
0.9159429 0.49929771000000001 0
0.082550380000000007 0.27517740000000002 0
0.082558770000000004 0.86510337999999998 0
0.082559129999999994 0.25586614000000002 0
0.082589599999999999 0.40632074000000001 0
0.082616750000000003 0.37038137999999998 0
0.082716570000000003 0.38970526 0
0.082849569999999997 0.72691651000000002 0
0.082893040000000001 0.0077136899999999996 0
0.082951849999999994 0.46543666 0
0.083239170000000001 0.83605828000000004 0
0.083263379999999998 0.28055271999999998 0
0.083314739999999998 0.30635936000000002 0
0.083442589999999997 0.36241031000000001 0
0.083460619999999999 0.14839526 0
0.083472530000000003 0.72161766999999999 0
0.083506819999999995 0.49492562000000001 0
0.083571430000000002 0.50175362999999995 0
0.083762400000000001 0.21261537999999999 0
0.083899489999999993 0.046135460000000003 0
0.083903920000000007 0.61694523999999995 0
0.083963330000000003 0.45385181000000002 0
0.084081639999999999 0.64083193000000005 0
0.88755766999999997 0.16446640000000001 0
0.92285649000000003 0.035538760000000003 0
0.084230440000000004 0.074959349999999994 0
0.084240819999999994 0.20107157000000001 0
0.96906908999999997 0.76812634000000002 0
0.084412200000000007 0.78603109999999998 0
0.084459999999999993 0.18564465999999999 0
0.084506639999999994 0.75200683000000001 0
0.084522719999999996 0.61650733999999996 0
0.084569939999999996 0.29788848000000001 0
0.084608920000000004 0.22242567999999999 0
0.084610969999999994 0.84099393 0
0.084630659999999996 0.26715983999999998 0
0.96435433000000004 0.46667199999999998 0
0.084773440000000005 0.039406339999999998 0
0.084782570000000002 0.75753740000000003 0
0.084859539999999997 0.77432743999999998 0
0.084899829999999996 0.79064243000000001 0
0.084981169999999995 0.086294499999999996 0
0.88991575999999994 0.33632245999999999 0
0.085199049999999998 0.38410677999999998 0
0.085214739999999997 0.47413634999999998 0
0.085241369999999997 0.24150687000000001 0
0.085242369999999998 0.33011765999999998 0
0.085259740000000001 0.48530657999999999 0
0.085550860000000006 0.79740200999999999 0
0.08557911 0.020601660000000001 0
0.085615350000000007 0.03183097 0
0.085652580000000006 0.51807665999999997 0
0.085677260000000005 0.30436640999999998 0
0.085689440000000006 1 0
0.91592123999999997 0.17128888 0
0.085870589999999997 0.23845214000000001 0
0.085905709999999996 0.66262356 0
0.085974110000000006 0.77436112000000001 0
0.87134977999999996 0.63282991 0
0.086085809999999999 0.88991679999999995 0
0.92289460000000001 0.66554548000000002 0
0.086268929999999994 0.22259001 0
0.086328859999999993 0.26646534999999999 0
0.086366490000000004 0.56239205000000003 0
0.086381899999999998 0.81012103000000002 0
0.086438589999999996 0.0050065200000000004 0
0.086673860000000005 0.71439881000000005 0
0.086692060000000001 0.34089226 0
0.086692359999999996 0.63567499000000005 0
0.086747740000000004 0.45929806000000001 0
0.086763460000000001 0.92469477 0
0.086821620000000002 0.069585839999999996 0
0.08706759 0.87534696999999995 0
0.087216799999999997 0.86636950999999995 0
0.087254869999999998 0.01569802 0
0.92303365000000004 0.12788932 0
0.087409920000000002 0.88334639999999998 0
0.88052732 0.69601614000000001 0
0.087482000000000004 0.48911422999999998 0
0.087559780000000004 0.81029868999999999 0
0.087580679999999994 0.44094397000000002 0
0.087600449999999996 0.70551861000000005 0
0.087653110000000006 0.53213856000000004 0
0.087725890000000001 0.74067574999999997 0
0.087821709999999997 0.26421105 0
0.08783552 0.61419325000000002 0
0.087948219999999994 0.80074383999999998 0
0.088006119999999993 0.25769618999999999 0
0.088054339999999995 0.39800864000000002 0
0.088055939999999999 0.31527379999999999 0
0.088102600000000003 0.85179967000000001 0
0.08815286 0.64944882000000004 0
0.088253689999999996 0.2204689 0
0.088487319999999994 0.80906120000000004 0
0.088547059999999997 0.97707177999999995 0
0.088550680000000007 0.55895890000000004 0
0.088571269999999994 0.61318121000000003 0
0.088599220000000006 0.021415469999999999 0
0.088808100000000001 0.28621064000000002 0
0.088819229999999999 0.82408579000000004 0
0.088956300000000002 0.44582662000000001 0
0.08901734 0.83035097999999996 0
0.089019840000000003 0.27124424000000003 0
0.089094380000000001 0.89379025999999995 0
0.86853104999999997 0.39191008999999999 0
0.089235380000000003 0.97247311000000003 0
0.089238310000000001 0.27595942000000001 0
0.089313009999999998 0.89644933000000004 0
0.089314420000000005 0.48073379999999999 0
0.089461689999999996 0.72536241999999995 0
0.089510610000000004 0.83498897999999999 0
1 0.76915056999999998 0
0.089570529999999995 0.93940025999999999 0
0.99644538000000005 0.17195183 0
0.089596369999999995 0.65310113999999997 0
0.089616989999999994 0.49023989000000001 0
0.88990400000000003 0.27744869999999999 0
0.089632859999999995 0.93105663999999999 0
0.089754299999999995 0.016790010000000001 0
0.91390616000000002 0.051550279999999997 0
0.91412033000000004 0.30671018999999999 0
0.089879909999999993 0.62495111000000003 0
0.09025975 0.1196422 0
0.090322659999999999 0 0
0.090348159999999997 0.11074945999999999 0
0.090386750000000002 0.46853183999999998 0
0.090400599999999998 0.40490757999999999 0
0.090419869999999999 0.40413328999999998 0
0.090435009999999996 0.097304119999999994 0
0.090437050000000005 0.69644753000000004 0
0.090473899999999996 0.03101369 0
1 0.721248 0
0.090617539999999996 0.42474034999999999 0
0.090667460000000005 0.19023292999999999 0
0.091073559999999998 0.11715130999999999 0
0.88810725999999995 0.58735912999999995 0
0.091155860000000005 0.48539734000000001 0
0.091179789999999997 0.51972715000000003 0
0.091193860000000002 0.33576199000000001 0
0.091200760000000006 0.029710520000000001 0
0.88810542000000003 0.78495906999999998 0
0.88057019999999997 0.18197995 0
0.92256068999999996 0.55498018999999998 0
0.91396365999999996 0.27572025999999999 0
0.09137969 0.96699906000000002 0
0.91373585999999996 0.49117664999999999 0
0.091574649999999994 0.51269275999999997 0
0.091695059999999995 0.67464891999999999 0
0.091712660000000001 0.95700193 0
0.091836630000000002 0.59391090000000002 0
0.091847719999999994 0.24427686000000001 0
0.091853240000000003 0.043703579999999999 0
0.091986219999999994 0.19871353999999999 0
0.092030100000000004 0.86675831000000003 0
0.092068150000000001 0.30638623999999998 0
0.092175729999999997 0.76869324000000006 0
0.092177369999999995 0.76124069999999999 0
0.092308280000000006 0.60090352000000002 0
0.092321269999999997 0.88815288000000003 0
0.09236163 0.67978875999999999 0
0.99425657999999995 0.57260257999999997 0
0.092477219999999999 0.87847821000000004 0
0.88067543999999998 0.38347133999999999 0
0.092488860000000006 0.56489272999999995 0
0.91371983000000001 0.059288689999999998 0
0.092563640000000003 0.0082687100000000003 0
0.092599130000000002 0.74566575999999996 0
0.092649770000000006 0.52438320000000005 0
0.092651360000000002 0.17411663999999999 0
0.092712849999999999 0.33674727999999998 0
0.092874040000000005 0.33856950000000002 0
0.092947440000000006 0.59440921000000002 0
0.092974909999999994 0.90533598999999998 0
0.093065739999999994 0.55831984999999995 0
0.093320669999999994 0.79572282999999999 0
0.093340320000000004 0.22833966999999999 0
0.093368649999999997 0.26227945000000003 0
0.093413830000000003 0.38112677 0
0.09345821 0.35818311000000003 0
0.093503950000000002 0.51827087000000005 0
0.093526799999999993 0.55092964 0
0.093548859999999998 0.76026108999999997 0
0.093598070000000005 0.84901481999999995 0
0.093601359999999995 0.26220099000000002 0
0.093748440000000002 0.53403334999999996 0
0.093759739999999994 0.23220278999999999 0
0.093790250000000006 0.16569555 0
0.093791719999999995 0.82117260999999997 0
0.093849630000000003 0.77726214999999999 0
0.093859189999999995 0.92992205999999999 0
0.92307028000000002 0.38848786000000002 0
0.093989699999999995 0.062887029999999997 0
0.88770227000000002 0.88784054999999995 0
0.094034679999999995 0.70376083 0
0.094066960000000005 0.44916889999999998 0
0.094131019999999996 0.66888126999999997 0
0.094135839999999998 0.20039715 0
0.09421794 0.42730336000000002 0
0.094283450000000005 0.11008896999999999 0
0.094308879999999998 0.32355358000000001 0
0.094326240000000006 0.35412993999999998 0
0.094505220000000001 0.077909389999999995 0
0.094708269999999997 0.74718063999999995 0
0.094717969999999999 0.75790563 0
0.094725439999999994 0.061694890000000002 0
0.094726950000000004 0.023171029999999999 0
0.87232662000000005 0.22541359999999999 0
0.094779390000000005 0.99325638999999999 0
0.094838859999999997 0.84350736999999998 0
0.88166977999999996 0.79366296000000003 0
0.094901399999999997 0.54685921000000004 0
0.095020560000000004 0.4349633 0
0.095066819999999996 0.15826557999999999 0
0.095108470000000001 0.91458642000000001 0
0.095160069999999999 0.26868393000000002 0
0.095167950000000001 0.521424 0
1 0.21040787999999999 0
0.095485680000000003 0.03746903 0
0.88061973000000004 0.59840610999999999 0
0.095618750000000002 0.098762559999999999 0
0.095631099999999997 0.28596574000000002 0
0.095667119999999994 0.77997245000000004 0
0.095740759999999994 0.46100546999999997 0
0.096048309999999998 0.072192450000000005 0
0.09607011 0.04943525 0
0.096127180000000007 0.57194036999999998 0
0.096168600000000007 0.33225643999999999 0
0.096273429999999993 0.54065616000000005 0
0.096330399999999997 0.1313281 0
0.096385559999999995 0.63933435999999999 0
0.096399239999999997 0.97332088999999999 0
0.096482390000000001 0.035794430000000002 0
0.096507250000000003 0.63084918000000001 0
0.096552559999999996 0.58540729999999996 0
0.096561900000000006 0.61988672 0
0.09669469 0.15768375000000001 0
0.096706589999999995 0.43891629999999998 0
0.096744549999999999 0.63783122999999997 0
0.88088907999999999 0.40071294000000002 0
0.097107730000000003 0.74532330999999996 0
0.097141980000000003 0.55404967000000005 0
0.097157259999999995 0.56744837000000004 0
0.09721014 0.46454489999999998 0
0.097291329999999995 0.76665505 0
0.097327129999999998 0.10292991999999999 0
0.097355670000000005 0.72696072 0
0.92326543999999999 0.89691905000000005 0
0.88070066000000002 0.24159219000000001 0
0.097371700000000005 0.26429511999999999 0
0.92474813 0.16889229 0
0.91617669000000002 0.72417993000000003 0
0.097452609999999995 0.84956058000000001 0
0.097493490000000002 0.58105313999999997 0
0.09750462 0.39445439999999998 0
0.097513290000000002 0.12349594 0
0.097599400000000003 0.75468661000000004 0
0.88237555000000001 0.99447684999999997 0
0.097630339999999996 0.55280116999999995 0
0.097687129999999997 0.94809898999999997 0
0.09779649 0.092891169999999995 0
0.097824969999999997 0.69093813000000004 0
0.097930760000000006 0.59418791000000004 0
0.91424216000000003 0.81315280999999995 0
0.098119219999999993 0.18843392 0
0.098168050000000007 0.067690899999999998 0
0.09818578 0.11313165 0
0.098346059999999999 0.76530951000000003 0
0.09836926 0.38484239999999997 0
0.098424780000000003 0.080539669999999994 0
0.098430580000000004 0.37722524000000002 0
0.098433000000000007 0.78316496999999996 0
0.098478159999999995 0.78638936000000004 0
0.88951102000000004 0.55624127000000001 0
0.098623489999999994 0.82718376999999998 0
0.91664146000000002 0.98058482000000002 0
0.098873290000000003 0.45894823000000001 0
0.098873589999999997 0.54670600000000003 0
0.098889850000000001 0.84221314000000003 0
0.099108169999999995 0.47169984999999998 0
0.88951762000000001 0.39682242000000001 0
0.88956234000000001 0.88762004999999999 0
0.91597337000000001 0.12057329999999999 0
0.099307850000000003 0.33447913000000001 0
0.099389770000000002 0.29144646000000002 0
0.099390329999999999 0.026264079999999999 0
0.099506049999999999 0.82108713 0
0.099521879999999993 0.31640795999999999 0
0.099529909999999999 0.89216004999999998 0
0.099565819999999999 0.46098134000000002 0
0.099695629999999993 0.62716083 0
0.87242211999999997 0.61445669999999997 0
0.099891359999999998 0.82264857999999996 0
0.099893830000000003 0.040150940000000003 0
0.099940619999999994 0.64026645000000004 0
0.09994422 0.095222829999999994 0
0.099989499999999995 0.060691910000000002 0
0.10027089 0.56081864999999997 0
0.10028932 0.56422183000000004 0
0.10040737 0.90625498000000004 0
1 0.35129178999999999 0
0.10046372000000001 0.60489612000000004 0
0.10055979 0.17353036999999999 0
0.10057321 0.69672723999999997 0
0.10059319 0.73685407999999997 0
0.10060442 0.59833375 0
0.10061075999999999 0.79475149 0
0.10061644 0.80903623000000002 0
0.10068973000000001 0.32325267000000002 0
0.88072203000000004 0 0
0.1008386 0.058388009999999997 0
0.10087717 0.13729775 0
0.88175044000000002 0.69987538999999999 0
0.10091205 0.66042383000000005 0
0.1009477 0.88173329 0
0.10096225 0.52683075999999995 0
0.10096758 0.58109376000000001 0
0.10105160000000001 0.66103369000000001 0
0.10106082 0.14577905999999999 0
0.10127197 0.074568300000000004 0
0.10130492000000001 0.10099853 0
1 0.64160724000000002 0
0.10153603999999999 0.32965468999999997 0
0.10165798 0.71878386000000005 0
0.10172402999999999 0.054486390000000003 0
0.89020571999999998 0.88198644999999998 0
0.10185506 0.13440009999999999 0
0.10187620999999999 0.49808116000000002 0
0.10202853000000001 0.52791127999999998 0
0.10203718000000001 0.21996926999999999 0
0.10228545999999999 0.14042880999999999 0
0.10229521 0.67429903999999996 0
0.88190592999999995 0.64054802 0
0.10239281 0.96075595000000003 0
0.10243157999999999 0.0099672600000000004 0
0.10260324999999999 0.91967047000000002 0
0.10279683000000001 0.61637609999999998 0
0.10280665 0.99481759999999997 0
0.10282500999999999 0.36822855999999998 0
0.10282692 0.75742887000000003 0
0.10290083 0.41606294999999999 0
0.10291541 0.91902021 0
0.10292148 0.015399400000000001 0
0.10303137 0.57333009000000001 0
0.10305389 0.02523777 0
0.10309181000000001 0.89413282000000005 0
0.10317353 0.13116226 0
0.10326005000000001 0.42461503 0
0.10327192 0.17610433 0
0.92518601 0.95586552999999996 0
0.10339971000000001 0.95745787000000004 0
0.10344837 0.66104185999999998 0
0.10350296 0.44995370000000001 0
0.10358603 0.61542443999999996 0
0.10361181 0.93385693999999997 0
0.10363061 0.93138177 0
0.10368881000000001 1 0
0.10370351999999999 0.87345711999999998 0
0.10370591 0.038161540000000001 0
0.1037877 0.50752392999999996 0
0.10389134 0.40645568999999998 0
0.10393357 0.25195359000000001 0
0.97158425999999998 0.054224460000000002 0
0.10398597 0.22965951000000001 0
0.10400205 0.10163966000000001 0
0.10405488 0.68881988999999999 0
0.10414574 0.90384343 0
0.10415109 0.43692201000000003 0
0.10420532 0.38179341999999999 0
0.92539952000000003 0.59779819000000001 0
0.10422927 0.56935566000000004 0
0.10427939999999999 0.71112266000000002 0
0.1042945 0.75765589 0
0.10430159 0.68901477 0
0.10433648 0.26090187999999997 0
0.10434714 0.14985604999999999 0
0.10436006 0.95131719999999997 0
0.10438854 0.30481373 0
0.10448464 0.62129535999999996 0
0.10452905999999999 0.65515811999999995 0
0.1045329 0.17075293 0
0.91624539000000005 0.080102950000000006 0
0.10458267 0.91407870000000002 0
0.92273150000000004 0.99377961999999997 0
0.10470643 0.25305825999999998 0
0.10471455 0.67913129000000005 0
0.86653106999999996 0.85751597999999996 0
0.10490969 0.25569803000000002 0
0.10496426 0.40874781999999998 0
0.10499116 0.44000624999999999 0
0.10499441 0.65513442 0
0.10501516 0.96769651000000001 0
0.96398119000000004 0.018534370000000001 0
0.92318383000000004 0.87034520999999998 0
0.10519945999999999 0.98662453999999999 0
0.10524309 0.47330042 0
0.86667064000000005 0.41337742 0
0.10526658999999999 0 0
0.10529884 0.90996734000000001 0
0.10531587000000001 0.070263679999999995 0
0.10545291 0.95957937000000004 0
0.91442049999999997 0.30178189 0
0.10559049 0.49857056999999999 0
0.10572431 0.79477461000000005 0
0.10574446 0.077998189999999995 0
0.88771180000000005 0.17017742999999999 0
0.10618203 0.74443371999999997 0
0.1064457 0.088067740000000005 0
0.10648857 0.86150473000000005 0
0.10665419 0.095832630000000002 0
0.10667038 0.27863626000000002 0
0.10673729999999999 0.43705214999999997 0
0.1067439 0.29290783999999997 0
0.10681167 0.20670686999999999 0
0.10686539 0.20522853999999999 0
0.10693237 0.71830181000000004 0
0.10706097000000001 0.28878984000000002 0
0.10710160000000001 0.35773286999999998 0
0.10719006 0.03451137 0
0.10721515 0.61040291999999996 0
0.99703196000000005 0.80364077 0
0.10732377 0.22338656000000001 0
0.10733682999999999 0.85259256999999999 0
0.88956727999999996 0.82803245999999997 0
0.10739785 0.31857655000000001 0
0.10740384 0.26307429999999998 0
0.10747022000000001 0.54008780999999995 0
0.10749683 0.41479273 0
0.10749929 0.078476809999999994 0
0.10753765999999999 0.48544531000000002 0
0.10759608 0.43836370000000002 0
0.10759655999999999 0.97981171 0
0.96858831999999995 0.23836388999999999 0
0.10769301000000001 0.24105322000000001 0
0.92317859000000002 0.07292796 0
0.1077943 0.018983179999999999 0
0.10786845 0.075847360000000003 0
0.10787323 0.54733783999999996 0
0.10790370000000001 0.82771921999999998 0
0.10791278 0.52115549999999999 0
0.10798085 0.82088791000000005 0
0.10799994 0.52315036999999998 0
0.10803651 0.39271049000000002 0
0.88208487000000002 0.88315690999999996 0
0.10819882 0.46917170000000002 0
0.10824118000000001 0.33252774000000002 0
0.10825339 0.077654109999999998 0
0.10827576 0.15781835 0
0.88226329999999997 0.47763276999999998 0
0.1083722 0.45411133999999997 0
0.10847513 0.68685041999999996 0
0.10849397 0.15860447 0
0.88208770999999997 0.74509650000000005 0
0.1086647 0.36520383000000001 0
0.10871179 0.55171486999999997 0
0.10878475 0.39673460999999999 0
0.10879224 0.27620069000000003 0
0.10894062 0.99773535999999996 0
0.10904332 0.32095971000000001 0
0.10904560000000001 0.89452346000000005 0
0.10908395999999999 0.62148842000000004 0
0.10911485999999999 0.81364707000000003 0
0.10913496 0.69914498000000003 0
0.10924961 0.75547507000000003 0
0.10933668000000001 0.28162010999999998 0
0.10934752 0.91983771000000003 0
0.10950411 0.89231565999999995 0
0.10952176 0.05890368 0
0.88237586000000001 0.32174479 0
0.10975651 0.25389381999999999 0
0.1098431 0.37225971000000002 0
0.10989655 0.80315404000000001 0
0.10995841000000001 0.33723040999999998 0
0.11002719 0.25997881 0
0.11005168 0.78642347000000001 0
0.1103686 0.83748469000000003 0
0.11050266 0.57705965999999997 0
0.88955550000000005 0.48696466999999999 0
0.11069209000000001 0.76151027999999998 0
0.11087079 0.74731570999999997 0
0.11093582 0.068802390000000005 0
0.11109669 0.68911836000000004 0
0.11129371 0.72207315999999999 0
0.11131518 0.85899216 0
0.11131812000000001 0.45797339999999997 0
0.11135022 1 0
0.11148271 0.55020818000000005 0
0.11161152000000001 0.82752137999999997 0
0.11166191 0.84267647000000001 0
0.11172869000000001 0.60123594999999996 0
0.11177131 0.52599021999999995 0
0.97100421000000003 0.034532420000000001 0
0.11186044000000001 0.05358425 0
0.11186841 0.82644452000000002 0
0.11187486000000001 0.22626113 0
0.97067943999999995 0.077745889999999998 0
0.11204347000000001 0.14534332999999999 0
0.11223972 0.75136533999999999 0
0.11227281 0.084532270000000007 0
1 0.52334069999999999 0
0.92272637000000002 0.040520430000000003 0
0.11238101 0.27533951000000001 0
0.11242583 0.17191780000000001 0
0.11255776000000001 0.05649568 0
0.1126002 0.86731990999999997 0
0.11268568 0.66908246000000005 0
0.91431006000000004 0.39492447000000003 0
0.11280772 0.93367831999999995 0
0.11281715 0.40316860999999998 0
0.97091106000000005 0.35705969999999998 0
0.11284866 0.86371144 0
0.11289528 0.17233285000000001 0
0.11294413 0.067517019999999997 0
0.11298161 0.78284122 0
0.88258910000000002 0.52121719 0
0.11301011 0.61337048000000005 0
0.11306056 0.56141587000000004 0
0.11309595 0.70886503999999995 0
0.11311118000000001 0.28445625000000002 0
0.11311135 0.81252188000000003 0
0.11312377 0.51681743999999996 0
0.11323596 0.53674606000000002 0
0.11332328999999999 0.096052129999999999 0
0.88217175999999997 0.12404258 0
0.1134066 0.56854766000000001 0
0.11356494 0.65947500000000003 0
0.11371224000000001 0.081014050000000004 0
0.11375663 0.22289586 0
0.1137706 0.13232105 0
0.11381405 0.55101018000000002 0
0.11384851 0.1447618 0
0.86641318 0.77495541999999995 0
0.88494695999999995 0.46124203000000003 0
0.11410945 0.68007309000000005 0
0.11414077 0.50551069999999998 0
0.11421823 0.79547445000000006 0
0.11422762 0.86818203000000005 0
0.11425961 0.74025697999999995 0
0.11429003 0.59354185999999998 0
0.11429372 0.94947587 0
0.11441489000000001 0.79237047999999999 0
0.11445759 0.0068435900000000001 0
0.11462027 0.4000205 0
0.92471205000000001 0.055904250000000003 0
0.1147022 0.63739981999999995 0
0.11471159 0.94817236999999999 0
0.11477566 0.40646811999999999 0
0.11489410999999999 0.16067799999999999 0
0.11490243999999999 0.34047122000000002 0
0.11492740999999999 0.92341499000000005 0
0.11498812999999999 0.64658322000000001 0
0.11506776000000001 0.23236337000000001 0
0.11513337 0.80014244999999995 0
0.11526303 0.66828816000000002 0
0.11528165999999999 0.97875643999999995 0
0.11562247 0.84875164999999997 0
0.11567456 0.067625199999999996 0
0.11569781 0.83546056000000002 0
0.11574561 0.072756100000000004 0
0.11575938 0.10087193 0
0.11587609 0.24583988000000001 0
0.91658483000000002 0.10403622999999999 0
0.11628677 0.11185078 0
0.11636624 0.37368997999999998 0
0.86644213000000003 0.82160946999999995 0
0.11639078 0.39223058 0
0.1165067 0.35534884999999999 0
0.11653186 0.44587787000000001 0
0.88831861999999995 0.62372824000000004 0
0.11671049 0.90108860999999996 0
0.11674403 0.26532052 0
0.11679556000000001 0.40701568999999999 0
0.11680901 0.71863376999999995 0
0.11689004 0.12958274 0
0.1169882 0.029640340000000001 0
0.11704368 0.84260398000000003 0
0.11704651000000001 0.32508134999999999 0
0.11721877 0.30010625000000002 0
0.11724735 0.61961001999999998 0
0.11752667999999999 0.18063533000000001 0
0.11786501000000001 0.12062009999999999 0
0.11791509 0.97479519999999997 0
0.11800766 0.85781216000000005 0
0.91662204999999997 0.62705447999999997 0
0.11807726 0.88747768000000005 0
0.11811574 0.69497383999999995 0
0.11824119 0.98544856999999997 0
0.11828561 0.075459910000000005 0
0.11832757000000001 0.032322549999999999 0
0.11852119 0.36261801999999999 0
0.11856499 0.37200411999999999 0
0.99578361000000004 0.98346694999999995 0
0.88089154000000003 0.36704269 0
0.11861386 0.70041547999999998 0
0.11871092 0.95475074999999998 0
0.11871896 0.54173576000000001 0
0.86649821999999999 0.40099952 0
0.11876066 0.77377386999999997 0
0.11882885 0.33546728999999997 0
0.11883451 0.090462689999999998 0
0.89078592000000001 0.053820890000000003 0
0.11890652 0.56004483000000005 0
0.11893526 0.75337902999999995 0
0.11901196999999999 0.88630600999999998 0
0.11901436999999999 0.016764379999999999 0
0.11903054 0.10628071 0
0.1190465 0.85638481 0
0.11918076 0.81489750000000005 0
0.11925711999999999 0.58419721000000002 0
0.11932708 0.020194440000000001 0
0.11943875 0.24595902 0
0.11969063000000001 0.34837203999999999 0
0.11983702 0.33815662000000002 0
0.1198401 0 0
0.11984436 0.97254642000000002 0
0.11995673 0.93600439999999996 0
0.11998557 0.08863422 0
0.12001149999999999 0.60089515999999998 0
0.88179622000000002 0.69018829999999998 0
0.12016035 0.39475839000000001 0
0.86919367999999997 0.78861037 0
0.12026319000000001 0.70033354999999997 0
0.12035357000000001 0.53481232999999995 0
0.88058051999999998 0.89681966000000002 0
0.12038863 0.039574089999999999 0
0.12051637 0.36831058999999999 0
0.12055631999999999 0.79109461999999997 0
0.12058828000000001 0.39942899999999998 0
0.12060108999999999 0.087618790000000002 0
0.12062924999999999 0.46400738000000002 0
0.97329518000000004 0.51903971999999998 0
0.12063507 0.042077959999999998 0
0.92672303 0.63085422999999996 0
0.12069609000000001 0.59981899999999999 0
0.12071058 0.050900260000000003 0
0.12087820000000001 0.026473630000000001 0
0.12092561 0.57292003000000002 0
0.12095673 0.61590095 0
0.12100154 0.86907575000000004 0
0.12105211 0.77959615999999998 0
0.12109378 0.54681668999999999 0
0.12117662 0.42902480999999998 0
0.1212078 0.98432586 0
0.1213341 0.50163727999999996 0
0.12135026 0.87186648 0
0.12138905999999999 0.71275962000000004 0
0.12147845 0.63802656999999996 0
0.91450516000000004 0.25218085000000001 0
0.12156143 0.38898495999999999 0
0.12157654 0.085761069999999995 0
0.12164332 0.95345084000000002 0
0.12165193000000001 0.18329092 0
0.91671121 0.97208192999999998 0
0.12175672 0.10870942 0
0.12184634 0.25105983999999998 0
0.12186888999999999 0.41286328999999999 0
0.12190257 0.76047226999999995 0
0.12191291 0.34329366 0
0.12193911 0.98176448999999999 0
0.92542732000000005 0.38158874999999998 0
0.12203066 0.62466493999999995 0
0.12207021999999999 0.98601404999999998 0
0.12208942 0.16829624000000001 0
0.12209937999999999 0.15223914999999999 0
0.12220238999999999 0.35107819000000001 0
0.12221482 0.17797677000000001 0
0.12223397 0.25462772 0
0.1223278 0.44109686999999997 0
0.12246545 0.46100849999999999 0
0.12248742 0.29797764999999998 0
0.12252755 0.85355616999999995 0
0.12256979 0.31820079000000001 0
0.12258703999999999 0.19588731000000001 0
0.12265925 0.49963806999999999 0
0.91989995999999996 0.98578149000000004 0
0.12282466 0.65693402999999995 0
0.88212975000000005 0.066572370000000006 0
0.12286147 0.10050049 0
0.12291478 0.28474137999999999 0
0.12295432000000001 0.19431092999999999 0
0.12297445 0.21453811 0
0.12297495 0.20570548 0
0.88245295000000001 0.28308650000000002 0
0.12299134 0.61665258000000001 0
0.12299184000000001 0.13990748 0
0.12310246 0.49491796999999998 0
0.12314164 0.84375646999999998 0
0.12323531 0.80523336000000001 0
0.12325421 0.72616972999999996 0
0.12325915 0.365786 0
0.12328502 0.39523824000000002 0
0.91664305999999995 0.14902072 0
0.12347756999999999 0.81110561999999997 0
1 0.48112726 0
0.1235175 0.83107145000000004 0
0.1235425 0.30585312999999997 0
0.12367783 0.40316477000000001 0
0.12372656999999999 0.23750764999999999 0
0.12372851999999999 0.54134002999999997 0
0.12376301000000001 0.044370060000000003 0
0.12396414 0.011780000000000001 0
0.91730504999999996 0.26411900999999999 0
0.88243523999999995 0.54982319000000002 0
0.12407876 0.31567898 0
0.12411353999999999 0.41916396 0
1 0.70657028 0
0.12411783999999999 0.92430321000000004 0
0.1241568 0.86842677000000001 0
1 0.53865925999999997 0
0.12418171 0.13684486000000001 0
0.12421992 0.48311077000000002 0
0.12422564 0.56560571000000004 0
0.1242456 0.082499840000000005 0
0.12426508 0.83334845999999996 0
0.12429301 0.31519465000000002 0
0.88249721000000003 0.71898594999999998 0
0.12445324000000001 0.57492063999999998 0
0.12453179 0.75048831999999999 0
0.12453485 0.69015857000000003 0
0.12457319 0.58949878 0
0.12460081000000001 0.0094456899999999996 0
0.12464875 0.33948065999999999 0
0.12467395000000001 0.33279818999999999 0
0.12467887 0.44932096999999999 0
0.12468062000000001 0.92241695999999995 0
0.92570476000000002 0.71419867999999997 0
0.1247849 1 0
0.12482834 0.61207964999999998 0
0.12503889000000001 0.10190602 0
0.12512401000000001 0.43520679000000001 0
0.92665019999999998 0.079578670000000004 0
0.12523529 0.18296905999999999 0
0.12526973999999999 0.034238070000000002 0
0.12532545 0.094996739999999996 0
0.12547654 0.82562771999999995 0
0.12550874000000001 0.81209100000000001 0
0.12554329 0.037651940000000002 0
0.12557645000000001 0.26962616 0
0.89045569999999996 0.68878678000000004 0
0.12559629 0.85846577000000002 0
0.12569114000000001 0.028939570000000001 0
0.12571546 0.81959804000000003 0
0.12572216 0.64860936999999996 0
0.89045936000000003 0.13368244000000001 0
0.12580733999999999 0.32736461 0
0.12588646000000001 0.38541484999999998 0
0.88267932000000004 0.12440205999999999 0
0.12605760999999999 0.80724468000000005 0
0.12610218000000001 0.61289744999999995 0
0.12611764 0.95036001000000003 0
0.12613631 0.086236300000000002 0
0.12617763000000001 0.64753395999999996 0
0.12619873000000001 0.95748736000000001 0
0.12627669 0.52523394000000001 0
0.126356 0.94592036999999995 0
0.12635937 0.89818920000000002 0
0.12651761 0.22191702999999999 0
0.1265251 0.31910756000000001 0
0.12665589999999999 0.97610216999999999 0
0.12671872000000001 0.62571867000000003 0
0.126884 0.72106950000000003 0
0.12688867000000001 0.17531190999999999 0
0.91893780999999997 0.90257315000000005 0
0.12705706999999999 0.47595632999999998 0
0.91912229000000001 0.73537671999999998 0
0.12712266999999999 0.55725283999999997 0
0.1271304 0.58396093999999998 0
0.12724991999999999 0.00369317 0
0.12728830999999999 0.34580999000000001 0
0.12731160999999999 0.68360337999999998 0
0.12736771999999999 0.67059815 0
0.12740546999999999 0.11857415 0
0.12753041000000001 0.74899779 0
0.1275625 0.96147724999999995 0
0.12760120999999999 0.44868366999999998 0
0.12770982 0.66607033999999998 0
0.12779281000000001 0.22986628000000001 0
0.12783126 0.06189708 0
0.89259094000000005 0.54770998999999998 0
0.12812101000000001 0.63354748999999999 0
0.12817060999999999 0.87386975 0
0.12817503 0.71934640000000005 0
0.12829903000000001 0.44779492999999998 0
0.12833128999999999 0.58529684999999998 0
0.12836107999999999 0.84956951999999997 0
0.12841230000000001 0.67397733000000004 0
0.12841839999999999 0.15974505 0
0.12842605000000001 0.71551242999999998 0
0.12848613 0.94266888999999998 0
0.12852965 0.30569833000000002 0
0.12857679999999999 0.073395189999999999 0
0.12862282999999999 0.32395964999999999 0
0.12873345 0.57987719999999998 0
0.12874004999999999 0.018791200000000001 0
0.12874857000000001 0.65571897999999995 0
0.12878253000000001 0.47262660000000001 0
0.12882936 0.055063069999999999 0
0.12884171999999999 0.55760008000000005 0
0.12897728 0.77174648999999995 0
0.91906933999999996 0.59789658000000001 0
0.12907773 0.86547353000000005 0
0.12909709999999999 0.24577558999999999 0
0.12914427000000001 0.78388159999999996 0
0.12915903000000001 0.44380838 0
0.12920539 0.080808980000000002 0
0.12923928000000001 0.070087360000000001 0
0.12930805000000001 0.048005970000000002 0
0.12941219000000001 0.19571477000000001 0
0.87290862999999996 0.46685978 0
0.88301379000000002 0.11934196 0
0.12955987999999999 0.32972291999999997 0
0.92646600000000001 0.50233295 0
0.12970075 0.24123538999999999 0
0.12979924000000001 0.17998241000000001 0
0.12979978 0.93793826000000002 0
0.88332471000000001 0.23649447000000001 0
0.12988707999999999 0.30097932999999999 0
0.91986588999999996 0.84088850999999998 0
0.12993384999999999 0.56234550000000005 0
0.12994280999999999 0.49214730000000001 0
0.12995696000000001 0.90980119000000004 0
0.12999369999999999 0.94347769000000004 0
0.91929959999999999 0.3718978 0
0.13020142000000001 0.63283261000000002 0
0.13023187999999999 0.72728537999999998 0
0.13037482 0.26402613000000003 0
0.13039661999999999 0.92190088999999997 0
0.13041596999999999 0.68435305000000002 0
0.13047237 0.51261369000000001 0
0.13061523999999999 0.10497953 0
0.13064983999999999 0.10918185 0
0.13069570999999999 0.16882438 0
0.96549865000000001 0.41177059999999999 0
0.13073383999999999 0.73143981000000002 0
0.13081129999999999 0.021648009999999999 0
0.13092384000000001 0.54695240000000001 0
0.89073122999999998 0.88922663999999996 0
0.13101330999999999 0.32389157000000002 0
0.13104668 0.53854334999999998 0
0.13106786000000001 0.59669757999999995 0
0.13109799 0.81570074000000004 0
0.13112434000000001 0.071678939999999997 0
0.13117002999999999 0.14793825999999999 0
0.13118414 0.0019605899999999999 0
0.13131630999999999 0.61545379 0
0.13149456000000001 0.95204337000000006 0
0.13151536 0.31430302999999998 0
0.92688391000000003 0.29217638000000001 0
0.13173631999999999 0.41820647999999999 0
0.91685914000000002 0.25357374999999999 0
0.13189834 0.033044829999999997 0
0.1319237 0.2117762 0
0.13197254999999999 0.091558669999999995 0
0.13207949999999999 0.24385255 0
0.13207984 0.28677735999999998 0
0.97320876000000001 0.73067196999999995 0
0.13220345 0.43996128000000001 0
0.13221163999999999 0.26544294000000002 0
0.13225279000000001 0.62501282999999996 0
0.13257089999999999 0.84885575000000002 0
0.13257774 0.80755259999999995 0
0.13268136 0.68854517999999998 0
0.13270571 0.94578189000000001 0
0.92832291 0.84713442999999999 0
0.13293832999999999 0.80416876000000004 0
0.13297175999999999 0.84500217 0
0.91673523999999995 0.53035973000000003 0
0.13311753000000001 0.42684142000000003 0
0.13319958000000001 0.40758623999999999 0
0.13320812000000001 0.099909040000000005 0
0.13334074000000001 0.032342820000000001 0
0.13340468999999999 0.21713003 0
0.13343711999999999 0.82461607999999997 0
0.13343940000000001 0.54699341000000001 0
0.13352143999999999 0.83591342000000002 0
0.13360536000000001 0.95962537999999997 0
0.13361961 0.69410435000000004 0
0.92574725000000002 0.017052810000000002 0
0.13363957000000001 0.96825983999999998 0
0.13377781 0.91572019000000004 0
0.13417825999999999 0.1662401 0
0.13424159999999999 0.62661155000000002 0
0.13428588999999999 0.31678806999999998 0
0.13431320999999999 0.38141278000000001 0
0.13433672999999999 0.18646807000000001 0
0.91674226000000003 0.62993231999999999 0
0.13435695 0.50081215000000001 0
0.96452320000000002 0.2380437 0
0.13469656999999999 0.24625426 0
0.13476311999999999 0.92877556999999999 0
0.13478108999999999 0.72107944999999996 0
0.13492534 0.55594518999999998 0
0.1350324 0.55357889999999998 0
0.13503425999999999 0.57211356999999996 0
0.13511518 0.50765510999999996 0
0.13512837 0.097193340000000003 0
0.13513810000000001 0.86015529000000002 0
0.13518980999999999 0.63640408000000004 0
0.88502365999999999 0.21949985999999999 0
0.13523679 0.42212345000000001 0
0.13526499 0.32877255 0
0.13546917999999999 0.94756872000000003 0
0.13548429000000001 0.20341184000000001 0
0.13550516000000001 0.2419905 0
0.13550904999999999 0.80891394999999999 0
0.92893780000000004 0.41328840999999999 0
0.13576652 0.58567963999999995 0
0.13585443 0.078004110000000002 0
0.13588394000000001 0.1706918 0
0.1359852 0.35509979000000003 0
0.13602782999999999 0.91381232999999995 0
0.13604329000000001 0.6593753 0
0.13610725000000001 0.02764459 0
0.88473108 0.58204551999999998 0
0.13630845999999999 0.050295880000000001 0
0.13637302000000001 0.060973260000000001 0
0.89279942000000001 0.22478948000000001 0
0.92878421 0.73120582999999995 0
0.13662969999999999 0.87671047000000002 0
0.88436835000000003 0.73970468 0
0.13667116000000001 0.23605284000000001 0
0.13667694 0.21354708999999999 0
0.13678654000000001 0.52205942999999999 0
0.13682435000000001 0.11472931 0
0.13694034999999999 0.01624946 0
0.13695162999999999 0.15181053999999999 0
0.13697828000000001 0.18331383000000001 0
0.13717616999999999 0.81736790000000004 0
0.13723669999999999 0.23944272 0
0.13724828 0.028423230000000001 0
0.13732558 0.4007424 0
0.13743343 0.43449606000000002 0
0.13747670000000001 0.37530728000000002 0
0.13757438 0.86718483999999996 0
0.13759083 0.95873074000000003 0
0.13760342 0.99697226000000005 0
0.13761829 0.84480785000000003 0
0.13771019000000001 0.85319814000000005 0
0.13772801000000001 0.15591604000000001 0
0.13774395 0.77606766999999999 0
0.13775767999999999 0.02991386 0
0.88266829000000002 0.22386818 0
0.13780924 0.13751996999999999 0
0.13788993999999999 0.96825225999999998 0
0.13791164 0.70885721000000002 0
0.13796547000000001 0.99324561 0
0.13805486 0.47326650999999997 0
0.1380564 0.18420781999999999 0
0.92544826000000002 0.83802933000000002 0
0.13817602000000001 0.4377702 0
0.13828821999999999 0.10280131000000001 0
0.13829651000000001 0.44646533999999999 0
0.13841892 0.82009467000000003 0
0.13844698999999999 0.67308924000000003 0
0.13849814999999999 0.57663986 0
0.13850471 0.0032892300000000002 0
0.13862785999999999 0.54943843000000003 0
0.13864023 0.79167370999999997 0
0.88481854999999998 0.59779157999999999 0
0.13866665 0.62607489999999999 0
0.13871923 0.46031242 0
0.13879954999999999 0.49664577999999998 0
0.91733560999999997 0.27833772000000001 0
0.13900778 0.20773565999999999 0
0.13903133000000001 0.25280840999999998 0
0.13909806 0.79501975000000003 0
0.13915843999999999 0.27517056000000001 0
0.13918691 0.13475032000000001 0
0.13919996000000001 0.43392206999999999 0
0.92673053999999999 0.77513262999999999 0
0.13930687999999999 0.22219226 0
0.13933824 0.56430128999999996 0
0.13962711999999999 0.53919530999999998 0
0.13966343000000001 0.45962631999999998 0
0.91687187000000003 0.94152952999999995 0
0.1397321 0.27178396999999999 0
0.92688532999999995 0.94491625999999995 0
0.13975130999999999 0.62730216999999999 0
0.91682050000000004 0.67440264000000005 0
0.13982575999999999 0.38059057000000002 0
0.1398508 0.95365586999999996 0
0.13987521999999999 0.095234319999999997 0
0.13993795000000001 0.43653977999999999 0
0.92894259000000001 0.087806490000000001 0
0.14000617000000001 0.78479540000000003 0
0.14004462000000001 0.10230556 0
0.14005276 0.61518331999999998 0
0.14031416999999999 0.3130136 0
0.14033466999999999 0.15861517 0
0.14037204 0.51101103000000003 0
0.14040461000000001 0.17692488000000001 0
0.14040486999999999 0.83075169999999998 0
0.14054291999999999 0.72882910999999995 0
0.14059255000000001 0.34047102000000001 0
0.14059928999999999 0.68095039999999996 0
0.14072949000000001 0.0086005999999999999 0
0.89077994000000005 0.47291407000000002 0
0.14087748999999999 0.44776736 0
0.88273639999999998 0.15566889 0
0.14114457999999999 0.74672260999999995 0
0.14118066000000001 0.31674992000000002 0
0.14128113 0.54583926999999999 0
0.14128203 0.17248187000000001 0
0.14131383 0.14482157000000001 0
0.14141525999999999 0.64884596999999999 0
0.14148137 0.69419222000000003 0
0.14154723999999999 0.58449662999999996 0
0.14155882 0.36951686 0
0.14158792000000001 0.032038839999999999 0
0.14164977000000001 0.76826622 0
0.14169551999999999 0 0
0.14171110000000001 0.32922630000000003 0
0.14176784000000001 0.86036623000000001 0
0.14185064999999999 0.18899891999999999 0
0.14187981999999999 0.41505648000000001 0
0.14194997000000001 0.48610001000000003 0
0.92549488000000002 0.72546056999999997 0
0.14206331 0.39234105000000002 0
0.14208871000000001 0.54741364000000003 0
0.88482746000000001 0.73014526999999996 0
0.14217953 0.29485917 0
0.14219799 0.55948264000000003 0
0.14222470000000001 0.14092615 0
0.14223477000000001 0.99641683999999997 0
0.14230751 0.23781996 0
0.14231510999999999 0.89569204999999996 0
0.14233123 0.28255213000000001 0
0.14237519000000001 0.44183782999999999 0
0.14245902999999999 0.24362412 0
0.14257242000000001 0.53050772999999996 0
0.14269485000000001 0.63871511999999997 0
0.14270899000000001 0.064320219999999997 0
0.14278803000000001 0.73350307000000003 0
0.14291728000000001 0.25880915999999998 0
0.14298599000000001 0.97673438999999995 0
0.14300673 0.98404283000000004 0
0.14306657 0.061929060000000001 0
0.14329501 0.014075590000000001 0
0.14338318 0.074505920000000003 0
0.14348515000000001 0.34977798999999998 0
0.14348686999999999 0.40175938 0
0.14364534000000001 0.12246868 0
0.14375906999999999 0.21782766000000001 0
0.14379685 0.60291300000000003 0
0.14382903 0.88504815999999997 0
0.14386571000000001 0.0083877299999999995 0
0.14390430000000001 0.79389288000000002 0
0.14399345999999999 0.79491117 0
0.14404542000000001 0.63606574999999999 0
0.14405361 0.60930845 0
0.14406617999999999 0.79348406000000005 0
0.14423630000000001 0.42178015000000002 0
0.14425658 0.2197798 0
0.14434183 0.22461930999999999 0
0.89255185000000004 0.23973574 0
0.92825046 0.91991692999999997 0
0.14446068000000001 0.030468700000000001 0
0.14450504 0.68501955999999997 0
0.92826138000000002 0.70763116000000004 0
0.14474841999999999 0.70303479000000002 0
0.14484013000000001 0.38651796999999999 0
0.14488640999999999 0.63075855999999997 0
0.14494681000000001 0.67799642999999998 0
0.14504929 0.04777054 0
0.14509173 0.65954257999999999 0
0.14514319000000001 0.4669275 0
0.14523257000000001 0.2338924 0
0.92895545999999996 0.26133061000000002 0
0.14541951 0.95385167000000004 0
0.14542629000000001 0.94814436999999996 0
0.14546455 0.63955956000000003 0
0.14546903 0.84298326999999995 0
0.92851479000000003 0.47131571 0
0.14556759 0.61575603999999995 0
0.14560876 0.25545435999999999 0
0.14562806 0.96464715999999995 0
0.14573125000000001 0.30922208000000001 0
0.14574327000000001 0.74683076999999998 0
0.14586065000000001 0.11820542000000001 0
0.14604718 0.52735770000000004 0
0.1460526 0.42270342 0
0.14606164999999999 0.77894509999999995 0
0.14613176999999999 0.78226830000000003 0
0.14625508000000001 0.85593441000000003 0
0.89229795000000001 0.073655529999999997 0
0.14627130999999999 0.51463064999999997 0
0.96568116000000004 0.38530497000000002 0
0.14629191 0.92870874999999997 0
0.14629865 0.90487452999999995 0
0.14646155 0.30797843000000003 0
0.14653503000000001 0.81995138000000001 0
0.14655080000000001 0.48307542999999997 0
0.14658018 0.45706425000000001 0
0.14659481999999999 0.47408294000000001 0
0.14663097 0.20885300000000001 0
0.14664325 0.71725645999999998 0
0.14676838 0.84846827000000002 0
0.14676839 0.16024385999999999 0
0.14677253000000001 0.92976621000000004 0
0.14688842999999999 0.75508660999999999 0
0.91917426999999996 0.13812236 0
0.14689287000000001 1 0
0.14695348999999999 0.87481498000000002 0
0.14699271999999999 0.44297153 0
0.14702354000000001 0.11138923000000001 0
0.14709833999999999 0.43062078999999998 0
0.14714003 0.53261247 0
0.14717506 0.032155799999999998 0
0.14727717000000001 0.94805337000000001 0
0.14733299 0.23692205 0
0.14734978000000001 0.32029685000000002 0
0.14764415 0.21593937999999999 0
0.14767192000000001 0.62923187000000003 0
0.87542518999999996 0.81575896999999997 0
0.89050216999999998 0.71236876000000005 0
0.14780932999999999 0.28281666 0
0.14781333999999999 0.23307330000000001 0
0.1479202 0.18122653999999999 0
0.14795757000000001 0.63995579000000002 0
0.14796293999999999 0.47570602000000001 0
0.14800108000000001 0.10064476999999999 0
0.14804635999999999 0.56447210000000003 0
0.87292820999999998 0.96510425 0
0.14813654000000001 0.074288030000000005 0
0.14814609000000001 0.19179706999999999 0
0.14816562999999999 0.43612251000000002 0
0.14821936999999999 0.17578052 0
0.14837053 0.90612983999999996 0
0.14844977000000001 0.76577516999999995 0
0.14858615 0.28600310000000001 0
0.88440001999999995 0.073816329999999999 0
0.14864366000000001 0.79082246 0
0.14883360000000001 0.33636483 0
0.14886199999999999 0.15449329000000001 0
0.14904049999999999 0.78307662 0
0.14907152000000001 0.08433599 0
0.14939099 0.15216320999999999 0
0.14945702 0.49032722000000001 0
0.14959024000000001 0.10015713 0
0.14964087000000001 0.21218924 0
0.14974014999999999 0.19295127000000001 0
0.14974244 0.2239042 0
0.14982719 0.059687070000000002 0
0.15008331999999999 0.3387752 0
0.15009063 0.69872246000000005 0
0.15019548999999999 0.16920903000000001 0
0.15021200000000001 0.69922947999999996 0
0.15024245 0.39296796000000001 0
0.15025435000000001 0.83683182 0
0.15031138999999999 0.11938735 0
0.15036756000000001 0.95052521999999995 0
0.15053274 0.63603933000000001 0
0.15056396999999999 0.45537008000000001 0
0.89258340999999997 0.37561749 0
0.15059531000000001 0.17311028000000001 0
0.15087025000000001 0.45785134999999999 0
0.15089411 0.056650979999999997 0
0.91971172999999995 0.03588061 0
0.15103596999999999 0.98728033000000004 0
0.15104513 0.68071714000000005 0
0.15105326999999999 0.99310027000000001 0
0.15115559000000001 0.29216438 0
0.15121337000000001 0.43855446999999997 0
0.15124746 0.93971727999999999 0
0.15126640999999999 0.65652076000000004 0
0.88318461000000004 0.19047665 0
0.15140224999999999 0.11241627 0
0.15140597 0.82232234999999998 0
0.91906414999999997 0.24157264000000001 0
0.1515504 0.69351684999999996 0
0.89252293000000005 0.54072039000000005 0
0.92587975 0.26754549 0
0.15172346 0.13855439999999999 0
0.15177574999999999 0.39705109999999999 0
0.15185752 0.49429951 0
0.15186221 0.053015319999999998 0
0.15189484 0.91935849000000003 0
0.15192067000000001 0.036164689999999999 0
0.15201597 0.073957739999999994 0
0.15206760999999999 0.61366653000000004 0
0.15213888 0.14587754 0
0.15215628 0.18922469 0
0.15219469999999999 0.44618805 0
0.15227315 0.49565091 0
0.15231070999999999 0.36898431999999998 0
0.15239177000000001 0.051093039999999999 0
0.15241822999999999 0.30489138999999998 0
0.91693827000000006 0.23840662000000001 0
0.15286255000000001 0.58788890999999999 0
0.15296612000000001 0.30398815000000001 0
0.15302884999999999 0.52729506000000004 0
0.15303512 0.032322480000000001 0
0.15304329 0.18704266999999999 0
0.91691602999999999 0.17434704000000001 0
0.15307803 0.41154906000000002 0
0.15308727999999999 0.36627083999999999 0
0.15310761000000001 0.93168366999999996 0
0.88440761000000001 0.56590647999999999 0
0.15316673 0.99531086000000002 0
0.91986619000000003 0.78920139 0
0.15334100000000001 0.12320426 0
0.15334834999999999 0.37507711999999999 0
0.15339860999999999 0.12866583000000001 0
0.15341842999999999 0.96328601999999997 0
0.15362492999999999 0.69986342000000001 0
0.15366853999999999 0.89124165 0
0.15377252999999999 0.02535774 0
0.15381109000000001 0.65830458000000003 0
0.15389521 0.15870310000000001 0
0.15390401000000001 0.50592550999999997 0
0.15391479 0.65414508000000005 0
0.15391668999999999 0.33722600000000003 0
0.15399259000000001 0.9623273 0
0.88278245 0.38768227 0
0.15407551999999999 0.24755192000000001 0
0.87840351000000005 0.26837936000000001 0
0.86671509000000002 0.76246513000000005 0
0.15445078000000001 0.3478482 0
0.92860757999999999 0.12854423000000001 0
0.15454860000000001 0.77277562 0
0.15454982 0.19766123999999999 0
0.92692821000000003 0.43648639 0
0.15459706000000001 0.35498062000000002 0
0.15467053 0.49665051999999998 0
0.15472043999999999 0.13188369999999999 0
0.15480538999999999 0.82680012000000003 0
0.15485884 0.93465933999999995 0
0.15486670999999999 0.72950095999999998 0
0.89271716000000001 0.40063545 0
0.15495579000000001 0.67989100999999996 0
0.15506684000000001 0.82667161 0
0.15521841 0.35639923000000001 0
0.15524608000000001 0.18863029000000001 0
0.15524908000000001 0.42809427 0
0.15525053999999999 0.43736860999999999 0
0.15535141999999999 0.027313299999999999 0
0.15539952000000001 0.35163025999999997 0
0.15540955000000001 0.33417839999999999 0
0.15542255999999999 0.33594487000000001 0
0.1554517 0.57482708000000005 0
0.15545908 0.66946660000000002 0
0.88509989 0.51516041999999995 0
0.15561285 0.40136057000000003 0
0.15566626 0.24149833000000001 0
0.89088548000000001 0.90537891999999998 0
0.15568626999999999 0.77846055999999997 0
0.15569304 0.26490667000000001 0
0.15572984000000001 0.95501544000000005 0
0.15573719 0.46674238000000001 0
0.88443737 0.62437986000000001 0
0.15595070999999999 0.77140052999999997 0
0.88340319 0.65110718000000001 0
0.15599930000000001 0.17643638 0
0.15602609000000001 0.23141205000000001 0
0.15606107999999999 0.85219524999999996 0
0.97308245999999998 0.48517367 0
0.15609327000000001 0.79769973999999999 0
0.15613059000000001 0.86878012999999998 0
0.15614800000000001 0.71831224999999999 0
0.15623197999999999 0.62885166999999997 0
0.15625910000000001 0.71749359999999995 0
0.15626242000000001 0.18044312000000001 0
0.15630632 0.48146870000000003 0
0.15632531 0.059299409999999997 0
0.15636733 0.44215599 0
0.15640435 0.36671454999999997 0
0.15650792999999999 0.14891378 0
0.15658849999999999 0.053595820000000002 0
0.15665276 0.57448032999999998 0
0.15666756000000001 0.21914686 0
0.15684364000000001 0.91592954999999998 0
0.15691284999999999 0.32827065 0
0.15694743 0.097440639999999995 0
0.1569856 0.69787655000000004 0
0.88460083 0.062685870000000005 0
0.15707699999999999 0.45599777000000002 0
0.15710906999999999 0.52010785999999998 0
0.15711087000000001 0.18396022000000001 0
0.15715597000000001 0.75877391000000005 0
0.15722405 0.84072188999999997 0
0.15739302999999999 0.67429748 0
0.89238903000000003 0.39376723000000002 0
0.15750665 0.17531646000000001 0
0.15755709000000001 0.85676726999999997 0
0.15758565999999999 0.14415910000000001 0
0.15761247 0.42399967 0
0.1576166 0.35571553 0
0.15767028 0.036171979999999999 0
0.15768708000000001 0.065402299999999997 0
0.15782246 0.35847316000000001 0
0.88469604000000002 0.057549280000000001 0
0.89090647999999995 0.22661039999999999 0
0.15784899999999999 0.084772180000000003 0
0.15790261999999999 0.017809269999999999 0
0.15793299999999999 0.27656577999999998 0
0.15796214 0.044053950000000001 0
0.15808950999999999 0.72860002000000001 0
0.15820153000000001 0.41923384000000002 0
0.88338315000000001 0.18743890999999999 0
0.15833148999999999 0.23775008 0
0.15835444000000001 0.74993127999999998 0
0.15849905 0.87880786 0
0.15867774000000001 0.46950004000000001 0
0.15873449000000001 0.60472495999999998 0
0.89253886999999998 0.62501549999999995 0
0.15883306999999999 0.89823251999999998 0
0.15888316 0.77747710000000003 0
0.15888904000000001 0.68205243000000004 0
0.15891189 0.46936204999999998 0
0.15891269 0.55160036000000001 0
0.97149914999999998 0.34715994999999999 0
0.15900321000000001 0.83447631 0
0.15902952000000001 0.94512609999999997 0
0.15905543999999999 0.070814539999999995 0
0.15914634 0.061634950000000001 0
0.15915251999999999 0.48936897000000001 0
0.15923660000000001 0.23096140000000001 0
0.15925354 0.53520033 0
0.92620458000000006 0.60253097 0
0.15929304 0.21877616 0
0.15931765000000001 0.16885696 0
0.88352269000000005 0.66007327999999998 0
0.15937791000000001 0.37906495000000001 0
0.15938011999999999 0 0
0.15942866999999999 0.78411503000000005 0
0.15947713999999999 0.18287143 0
0.15951419 0.93111277000000003 0
0.15952883000000001 0.43462571999999999 0
0.15954573999999999 0.19183443 0
0.15958776999999999 0.20463476999999999 0
0.15965095000000001 0.075587199999999993 0
0.15972325000000001 0.35581647999999999 0
0.15983186999999999 0.25865747 0
0.15986312999999999 0.39746670000000001 0
0.15990712000000001 0.25471303000000001 0
0.15990972000000001 0.12340037 0
0.15991130000000001 0.30894571999999998 0
0.15994069999999999 0.19040893 0
0.16009593 0.88570411999999998 0
0.16015672 0.41760417999999999 0
0.16021766000000001 0.29896616999999998 0
0.16024266000000001 0.99495407999999996 0
0.16027104 0.62093120999999996 0
0.16039036000000001 0.78793592000000001 0
0.16040586000000001 0.42637581000000002 0
0.16043584999999999 0.46370065999999999 0
0.16054698000000001 0.79614326999999996 0
0.16058518999999999 0.19839572999999999 0
0.16060815000000001 0.58154726000000001 0
0.91747928000000001 0.84105017999999998 0
0.16064302999999999 0.34776707000000001 0
0.89274195000000001 0.62965422000000004 0
0.92904863999999998 0.15502347 0
0.16092956999999999 0.44868624000000001 0
0.16096194999999999 0.69219892000000005 0
0.16099467000000001 0.26261058999999998 0
0.16103903999999999 0.61100900999999996 0
0.16103991000000001 0.57867599000000003 0
0.16105088000000001 0.25906927000000002 0
0.16107276000000001 0.25127177000000001 0
0.16111942000000001 0.25104520000000002 0
0.16113392000000001 0.40819440000000001 0
0.1611428 0.51785957999999999 0
0.16132115 0.43496312999999998 0
0.16132477000000001 0.36980168000000002 0
0.16139903 0.69298448000000001 0
0.16148825999999999 0.60767331000000002 0
0.16149327999999999 0.41705418999999999 0
0.16152016 0.66070165000000003 0
0.16153281 0.93876767999999999 0
0.16161985000000001 1 0
0.16173275000000001 0.01520201 0
0.16194955999999999 0.34568010999999998 0
0.92865359999999997 0.24197278 0
0.1621409 0.76035900000000001 0
0.89279385 0.27590420999999998 0
0.16231571 0.53672924 0
0.89078957000000003 0.091494350000000002 0
0.88517931999999999 0.36599441999999999 0
0.16245319 0.96049457000000005 0
0.16247506 0.80656203999999998 0
0.91751746000000001 0.54561899999999997 0
0.16249922999999999 0.33516812000000001 0
0.16255827 0.11562090999999999 0
0.16265611999999999 0.44702344999999999 0
0.16276689 0.54984511999999997 0
0.16280063 0.88811967000000003 0
0.16289433 0.87996227999999999 0
0.16295319 0.81291822999999996 0
0.1629708 0.043290710000000003 0
0.92640546999999995 0.46806406 0
0.16313231 0.73017211999999998 0
0.86681598000000004 0.22298951 0
0.16322948000000001 0.59368251999999999 0
0.16324672000000001 0.89453442999999999 0
0.1633231 0.68922329999999998 0
0.89272987999999998 0.52128260000000004 0
0.16352923 0.21250464999999999 0
0.16363148999999999 0.95377403999999999 0
0.16363343999999999 0.016578519999999999 0
0.16375216000000001 0.57567687999999995 0
0.1638027 0.59910516000000003 0
0.16380703999999999 0.062824969999999994 0
0.16383797 0.84693348999999996 0
0.87564428000000005 0.83610549999999995 0
0.16404746000000001 0.76543512000000002 0
0.16406306000000001 0.61403556000000004 0
0.16408808 0.65290223000000003 0
0.16416305 0.40675199000000001 0
0.16417372999999999 0.84357340999999997 0
0.16418047 0.24877060000000001 0
0.16427052 0.95284884999999997 0
0.16431965000000001 0.90906189999999998 0
0.16435110999999999 0.31698315999999999 0
0.16440804000000001 0.55363377999999996 0
0.16471336 0.43686122999999999 0
0.16472766999999999 0.29466311000000001 0
0.92001387999999995 0.67812640000000002 0
0.16505122 0.68750756000000002 0
0.16507483000000001 0.80134629000000002 0
0.16514517000000001 0.74618593 0
0.16518342 0.87866778000000001 0
0.16520758999999999 0.66778634000000003 0
0.16530974000000001 0.82065652 0
0.87254533999999995 0.32058898000000002 0
0.16534804 0.04112503 0
0.16552864 0.058383480000000001 0
0.16565678 0.13272229999999999 0
0.16567430999999999 0.38893128999999999 0
0.16568356000000001 0.49175985 0
0.16575008999999999 0.31022691000000002 0
0.16576066 0.64879520999999996 0
0.16586403999999999 0.22524757000000001 0
0.16599808999999999 0.60816645999999996 0
0.16622496 0.030269540000000001 0
0.16623028000000001 0.77200785000000005 0
0.16628531999999999 0.23605014999999999 0
0.16647129999999999 0.91291299999999997 0
0.16652343 0.55110875000000004 0
0.16652413999999999 0.28590777000000001 0
0.16657873000000001 0.48379046999999997 0
0.1666048 0.60135221000000005 0
0.16673178 0.72837892000000004 0
0.16693482000000001 0.80143023000000002 0
0.16699696 0.42107869999999997 0
0.16708029999999999 0.33677368000000002 0
0.91978863 0.87024928999999995 0
0.16735152 0.63928479999999999 0
0.16737608000000001 0.50558060000000005 0
0.16739267999999999 0.93889763999999998 0
0.16747502 0.33105212000000001 0
0.16763370999999999 0.70528310000000005 0
0.16763849 0.95262519000000001 0
0.16789295000000001 0.41200125999999998 0
0.16791018999999999 0.10081785 0
0.16792043000000001 1 0
0.16794178000000001 0.61624281000000003 0
0.96417317999999996 0.25402848 0
0.16803317000000001 0.98714133999999998 0
0.89241658999999995 0.38127580999999999 0
0.16813645999999999 0.32103116999999998 0
0.16822277999999999 0.43046633000000001 0
0.16823627999999999 0.79700322000000001 0
0.16824327 0.84524443999999999 0
0.92876881 0.03659221 0
0.16834151 0.72133499999999995 0
0.16834573 0.54999606999999995 0
0.16841429999999999 0.55381100000000005 0
0.91972436999999996 0.19537788 0
0.16846495 0.23362941000000001 0
0.16847361999999999 0.36743775000000001 0
0.16852924 0.47309919 0
0.16855955 0.92872001000000004 0
0.16870149000000001 0.22091917999999999 0
0.16880724 0.81353715000000004 0
0.16881503 0.94201272000000003 0
0.16884922999999999 0.71674576000000001 0
0.16889608 0.92717028999999995 0
0.16896285 0.21554327000000001 0
0.16899897999999999 0.60415770000000002 0
0.16905039999999999 0.050809519999999997 0
0.16925277999999999 0.45038041000000001 0
0.16929701 0.64714749000000005 0
0.1693017 0.80405850000000001 0
0.16933967999999999 0.97793702999999998 0
0.16952127 0.12389127 0
0.16972469000000001 0.21637946 0
0.16975668999999999 0.16242187999999999 0
0.16976574999999999 0.68336337000000003 0
0.16977101999999999 0.46595896999999997 0
0.16979837 0.73194331999999995 0
0.91752977999999996 0.4310292 0
0.16990754999999999 0.45465049000000002 0
0.16991471 0.94597233999999997 0
0.92579551000000004 0 0
0.16993527 0.55787244999999996 0
0.16997898 0.86027591000000003 0
0.17001809000000001 0.21932383999999999 0
0.17004757000000001 0.91469858999999998 0
0.17027920999999999 0.84293375000000004 0
0.17028515999999999 0.56441547999999997 0
0.17029335000000001 0.82503950000000004 0
0.17037907999999999 0.58395472999999998 0
0.17048278 0.79235988000000002 0
0.17050598 0.12768942999999999 0
0.17051622 0.84314674999999994 0
0.17058022 0 0
0.17058978999999999 0.097005289999999994 0
0.17061148000000001 0.17392925000000001 0
0.17067185000000001 0.19867816999999999 0
0.17067776000000001 0.64423916999999997 0
0.91734139999999997 0.10669713 0
0.17071258 0.54631775999999999 0
0.17071575 0.28656647000000002 0
0.17077914 0.11891251999999999 0
0.17094390000000001 0.75145830999999996 0
0.17098515 0.52648408000000002 0
0.17103341 0.41261789999999998 0
0.17108010000000001 0.02673735 0
0.17116566 0.18825822 0
0.17135387999999999 0.78219622 0
0.17145636 0.39266465 0
0.17145688000000001 0.81732289999999996 0
0.17150023 0.64803385999999996 0
0.17161065 0.95928630999999998 0
0.17173099 0.60945203000000003 0
0.17174096999999999 0.99196112000000003 0
0.17175856 0.59994312999999999 0
0.17176474999999999 0.18599027000000001 0
0.1718151 0.00060300000000000002 0
0.17191788999999999 0.91149585 0
0.17193156000000001 0.051577289999999998 0
0.17196586999999999 0.86302579999999995 0
0.17198487000000001 0.11261027 0
0.17202667999999999 0.58848307 0
0.17210476 0.31907888000000001 0
0.17215174999999999 0.40738186999999998 0
0.17218475999999999 0.91284686999999998 0
0.17227554 0.046166539999999999 0
0.17248158999999999 0.50931501999999995 0
0.1725015 0.19534275000000001 0
0.17272456999999999 0.99393765000000001 0
0.17292181000000001 0.44019787999999999 0
0.172926 0.30720336999999998 0
0.17293717 0.20451363 0
0.17296608999999999 0.69477433 0
0.17301484 0.94588978999999995 0
0.17305234 0.3181985 0
0.17331173 0.32374729000000002 0
0.17337551000000001 0.24789520000000001 0
0.17346561999999999 0.82527978000000002 0
0.17350861000000001 0.28199046 0
0.17356578 0.26281417000000001 0
0.17356582000000001 0.20551667000000001 0
0.1737601 0.51013673999999998 0
0.17380034 0.47763903000000002 0
0.88462375999999998 0.39637646999999998 0
0.17394082999999999 0.094193269999999996 0
0.17395049000000001 0.54050067000000002 0
0.17402669000000001 0.63388840000000002 0
0.17425239000000001 0.97340713999999995 0
0.17426335000000001 0.52812747000000004 0
0.17426845999999999 0.25796612000000002 0
0.92716736 0.43071599999999999 0
0.17457512 0.54779584000000003 0
0.17464324000000001 0.14511213000000001 0
0.17471221000000001 0.43833092000000001 0
0.17472372999999999 0.10581055 0
0.17474112 0.13926125 0
0.17479971 0.52489613000000002 0
0.17483860000000001 0.35756937 0
0.17486345 0.62025598999999998 0
0.17486690999999999 0.55364301999999999 0
0.1748846 0.99239469999999996 0
0.17489366000000001 0.75399636999999997 0
0.17492890999999999 0.70975535999999995 0
0.17492898000000001 0.83327874999999996 0
0.17494846 0.20979834999999999 0
0.17495774 0.27331872000000001 0
0.17498947000000001 0.92093754000000005 0
0.17499208999999999 0.66450558000000004 0
0.17500474999999999 0.97121800999999996 0
0.17503081000000001 0.28249776999999998 0
0.17505705999999999 0.60915927999999997 0
0.17526712999999999 0.32178400000000001 0
0.89245275000000002 0.86364982000000001 0
0.17550563999999999 0.11159938 0
0.17554897999999999 0.48847177000000003 0
0.91737791999999996 0.01667246 0
0.17587074 0.87406651000000002 0
0.99596987999999997 0.65805395 0
0.87140941000000005 0.23246758000000001 0
0.17623237999999999 0.044232010000000002 0
0.88452553 0.63763208000000005 0
0.17631041 0.38746335999999998 0
0.17633148000000001 0.69036998999999999 0
0.17649139999999999 0.84884976999999995 0
0.17652261999999999 0.75992658999999996 0
0.17653922999999999 0.14712716000000001 0
0.17657782 0.32661294000000002 0
0.17662186999999999 0.55291239999999997 0
0.17669670000000001 0.057579180000000001 0
0.17671017 0.46673113999999999 0
0.17671713999999999 0.86263199000000002 0
0.17672442999999999 0.90243556999999996 0
0.17673542 0.50405018000000001 0
0.17673585 0.083160159999999997 0
0.17686334000000001 0.85600511000000001 0
0.17698828 0.051373509999999997 0
0.17699203999999999 0.021831949999999999 0
0.17701277000000001 0.81770774999999996 0
0.17706129000000001 0.98503472000000003 0
0.17720906 0.42170870999999999 0
0.17724757999999999 0.30940072000000002 0
0.89071639000000002 0.29791683000000002 0
0.17743138 0.66257052000000005 0
0.92869351 0.21762546999999999 0
0.91730175999999997 0.93818718999999995 0
0.17748288000000001 0.059228030000000001 0
0.17751885000000001 0.48761216000000002 0
0.91745144000000001 0.037572559999999998 0
0.17770388000000001 0.68284880000000003 0
0.17781642 0.95944858 0
0.17784021999999999 0.23042456 0
0.17794465000000001 0.91358693999999996 0
0.17798386999999999 0.59614741999999998 0
0.17804010000000001 0.03018496 0
0.17805572 0.45564650000000001 0
0.17806662000000001 0.57258154999999999 0
0.17816567999999999 0.37357837999999999 0
0.17824516000000001 0.67228993000000004 0
0.17836978000000001 0.23531262999999999 0
0.89175167 0.42217563000000002 0
0.92006599 0.36081755999999998 0
0.17859881 0.53617952999999996 0
0.89084768000000003 0.49101054 0
0.17870156000000001 0.23202681999999999 0
0.17875381000000001 0.19040394999999999 0
0.17875877000000001 0.80570978000000004 0
0.17879023999999999 0.19733687999999999 0
0.17880455000000001 0.37984616999999998 0
0.17885502 0.015801599999999999 0
0.17890785000000001 0.60707873999999995 0
0.17895742000000001 0.69805684000000001 0
0.17899382999999999 0.91788530999999995 0
0.17900297000000001 0.040230370000000001 0
0.17903047999999999 0.56528336000000001 0
0.91932813999999996 0.56789365000000003 0
0.17908603000000001 0.65368225999999996 0
0.91739241999999999 0.88620388999999999 0
0.17933333000000001 0.32971326000000001 0
0.17943539 0.71328868000000001 0
0.17945259999999999 0.11714951 0
0.17945526000000001 0.46747866999999999 0
0.17951872999999999 0.35822498000000003 0
0.92699229999999999 0.7612525 0
0.17956150000000001 0.76138136000000001 0
0.88286931999999996 0.33569399999999999 0
0.17960509999999999 0.75299201999999998 0
0.1796838 0.49662582 0
0.17974002 0.57244293999999996 0
0.17998102999999999 0.63190849000000004 0
0.18007778999999999 0.36547331 0
0.18008362999999999 0.58245860999999999 0
0.91735285 0.61491865999999995 0
0.18033968 0.16548357999999999 0
0.1804211 0.89319274999999998 0
0.18042184 0.75006603000000005 0
0.18042295999999999 0.96487478999999998 0
0.18047956000000001 0.26149470000000002 0
0.18051565 0.73405962999999996 0
0.18055688 0.78738536000000003 0
0.18067236 0.9981816 0
0.18073047 0.69495735000000003 0
0.18081996 0.53057732999999996 0
0.18095249999999999 0.97750451000000005 0
0.18100661000000001 0.75232540000000003 0
0.18104284000000001 0.87417416999999997 0
0.18104732000000001 0.24827141999999999 0
0.18108642999999999 0.23544957 0
0.18142031 0.68814812999999997 0
0.87248316000000004 0.21336689 0
0.18147471000000001 0.47524485 0
0.18149488999999999 0.77115644999999999 0
0.18150812 0.54294808000000006 0
0.18153581999999999 0.62475027999999999 0
0.18157145999999999 0.06151624 0
0.91819309999999998 0.41265963999999999 0
0.18171264000000001 0.24167172000000001 0
0.18175158 0.41760005 0
0.1817763 0.32600773 0
0.18182725999999999 0.10636515000000001 0
0.18184186999999999 0.12945835999999999 0
0.91939353000000001 0.36711273999999999 0
0.1819143 0.56889898999999999 0
0.92732555999999999 0.61339423999999998 0
0.89388610999999996 0.84424284000000005 0
0.18215901000000001 0.29616028999999999 0
0.92701765000000003 0.49290528 0
0.92895830999999995 0.95928385999999999 0
0.18235404999999999 0.60485641999999995 0
0.18236025 0.98744544000000001 0
0.18244188 0.83921559999999995 0
0.18249244000000001 0.33842562999999998 0
0.18260275000000001 0.51570822999999999 0
0.88555623000000006 0.0211919 0
0.18268491000000001 0.78407969 0
0.18272161000000001 0.84751209999999999 0
0.89084715000000003 0.037710920000000002 0
0.18276550999999999 0.94963244000000002 0
0.18276862999999999 0.01443792 0
0.18285702000000001 0.13949690000000001 0
1 0.66921027 0
0.18317174 0.34843390000000002 0
0.18318802000000001 0.11237778 0
0.18328404000000001 0.29324281000000002 0
0.92596845999999999 0.50016565999999996 0
0.18335704999999999 0.85801587000000001 0
0.92701718 0.13733032000000001 0
0.18340173000000001 0.21004312 0
0.18341962000000001 0.089240589999999995 0
0.18348025000000001 0.10156205 0
0.18354079000000001 0.087144189999999996 0
0.18366608000000001 0.0040293899999999999 0
0.18368493 0.52878033999999996 0
0.18373974000000001 0.49640387000000002 0
0.18378855999999999 0.18191959999999999 0
0.89358678999999996 0.40288627999999999 0
0.18385107000000001 0.99826271 0
0.18387102999999999 0.13457847000000001 0
0.18389394000000001 0.82372981999999995 0
0.18398671 0.61718589999999995 0
0.18408547 0.37281788999999999 0
0.18425870999999999 0.43902036 0
0.18428863000000001 0.85103914000000003 0
0.18430424000000001 0.070521940000000005 0
0.88518697999999996 0.22808526000000001 0
0.18445438 0.65423096999999997 0
0.91765048000000005 0.35899697000000003 0
0.18465022 0.64512955999999999 0
0.18470935999999999 0.34305653000000003 0
0.18475158999999999 0.89044787999999997 0
0.88359730999999997 0.79595698999999998 0
0.18483516999999999 0.21926957999999999 0
0.18483579999999999 0.062010280000000001 0
0.18489106 0.052813369999999998 0
0.18491548999999999 0.10625121999999999 0
0.18499929000000001 0.94051799000000003 0
0.18516574999999999 0.39824733000000001 0
0.18516933999999999 0.50833620000000002 0
0.18530245000000001 0.22920760000000001 0
0.18543617000000001 0.27261857 0
0.18552674999999999 0.27964344000000002 0
0.92992498999999995 0.11814029 0
0.18571393 0.56291705000000003 0
0.18576200000000001 0.25286589999999998 0
0.18582815999999999 0.27345254000000002 0
0.18584153 0.50960260999999996 0
0.18585077999999999 0.016631070000000001 0
0.18590640999999999 0.98318174999999997 0
0.92901456000000004 0.47411172000000001 0
0.18602411999999999 0.22412464000000001 0
0.88571235000000004 0.76952752999999996 0
0.18606316000000001 0.85976297999999995 0
0.18613013 0.19332228000000001 0
0.18617107999999999 0.027265439999999998 0
0.88357240999999997 0.16474809000000001 0
0.18634572999999999 0.37519661999999998 0
0.18649073999999999 0.32185931000000001 0
0.18650528 0.047857539999999997 0
0.18672764 0.54981152 0
0.18683781999999999 0.80402921999999999 0
0.18686549999999999 0.35374360999999999 0
0.18690592 0.98097849999999998 0
0.18695909999999999 0.23437651000000001 0
0.1869826 0.94803084000000004 0
0.18705901999999999 0.61344043000000004 0
0.18706110000000001 0.19207298 0
0.18706835999999999 0.54688382999999996 0
0.18708726000000001 0.50917809000000003 0
0.18713284999999999 0.27771828999999998 0
0.18713494999999999 0.11222235 0
0.18716158999999999 0.52007528999999997 0
0.18722786999999999 0.67497996999999998 0
0.18734445 0.91767122999999995 0
0.18742397 0.98955822999999998 0
0.18761005 0.63398483999999999 0
0.187698 0.02945366 0
0.18788708000000001 0.060334029999999997 0
0.18793973 0.99705785000000002 0
0.18814012999999999 0.89511726000000003 0
0.18829112000000001 0.50426053999999998 0
0.18831208999999999 0.56050933999999997 0
0.18836649999999999 0.61158073000000002 0
0.18836918999999999 0.0082221900000000007 0
0.18842780000000001 0.49102182999999999 0
0.18850254999999999 0.84630868999999997 0
0.18854468999999999 0.56016811 0
0.18858053999999999 0.62050108000000004 0
0.18868602000000001 0.81364112 0
0.18880251000000001 0.53597824000000005 0
0.18884667999999999 0.36642149000000002 0
0.18886275999999999 0.73609340000000001 0
0.18887499999999999 0.58670644000000005 0
0.18913770999999999 0.90158870000000002 0
0.1892469 0.79198731 0
0.18924701999999999 0.72053381000000005 0
0.18926915 0.56162007000000003 0
0.18928956999999999 0.50484947999999996 0
0.18935916 0.40507398 0
0.189446 0.082309419999999994 0
0.18953492999999999 0.96682193000000005 0
0.18955605 0.80273163000000003 0
0.92620431999999997 0.80137353 0
0.18960827 0.90600062999999997 0
0.18962603 0.3902677 0
0.18965707000000001 0.91964005000000004 0
0.18973288999999999 0.57353582000000003 0
0.18983758000000001 0.82071726 0
0.1898967 0.54899564999999995 0
0.1900163 0.41214263000000001 0
0.19003746999999999 0.27052242999999998 0
0.19011749999999999 0.069227239999999995 0
0.19017269000000001 0.16380505000000001 0
0.92908864999999996 0.88841375 0
0.19025278000000001 0.12434677 0
0.19031780000000001 0.038490080000000003 0
0.19033438999999999 0.95936571000000004 0
0.19041090999999999 0.73452651000000002 0
0.19042920999999999 0.87251025999999998 0
0.19044008000000001 0.98981171000000001 0
0.19046803000000001 0.62915589999999999 0
0.19047201 0.39054283000000001 0
0.19050843000000001 0.80916476999999998 0
0.19060398000000001 0.94867685000000002 0
0.88560720999999998 0.71981068999999998 0
0.89118987999999999 0.97869890000000004 0
0.19076025999999999 0.19211384000000001 0
0.19076267 0.77543329000000005 0
0.19085298000000001 0.1249577 0
0.19086475999999999 0.24509876 0
0.19088589 0.87974753000000006 0
0.89282768000000001 0.94088057999999997 0
0.19091253 0.49762332999999997 0
0.19100344999999999 0.64864244999999998 0
0.19120975000000001 0.17602522000000001 0
0.92022676999999997 0.39677456999999999 0
0.19136506 0.62163475000000001 0
0.19158301 0.72662053999999998 0
0.19169128999999999 0.78871583999999995 0
0.19177474 0.90594755999999999 0
0.19187621999999999 0.40152588 0
0.19199239000000001 0.068567160000000002 0
0.87543992999999998 0.071589959999999994 0
0.19209903 0.037119109999999997 0
0.91821162000000001 0.12974628999999999 0
0.19229634000000001 0.99153080999999998 0
0.19229909000000001 0.42446451000000002 0
0.19238817999999999 0.99557421000000001 0
0.19243307000000001 0.21593424 0
0.19249474999999999 0.27510628999999998 0
0.19249674999999999 0.95885476999999997 0
0.19249923999999999 0.94396977999999998 0
0.99692281999999999 0.47607891000000002 0
0.19265885999999999 0.47693069999999999 0
0.88520410000000005 0.95562791000000002 0
0.19268555000000001 0.055199070000000003 0
0.19276014999999999 0.21234165999999999 0
0.19276082999999999 0.56065255000000003 0
0.19285627 1 0
0.19288287000000001 0.74661527000000005 0
0.19297102999999999 0.47889261999999999 0
0.19301320999999999 0.67909980000000003 0
0.19305111 0.18757805999999999 0
0.19305464999999999 0 0
0.19309488999999999 0.56816701999999997 0
0.88366272000000001 0.36957753999999998 0
0.19312853999999999 0.027215389999999999 0
0.19321642999999999 0.63266531000000004 0
0.19328632000000001 0.65955353000000005 0
0.19330248 0.77916903000000004 0
0.19331527000000001 0.19056555999999999 0
0.19332484 0.70706216 0
0.19339656 0.59252468000000003 0
0.19341652000000001 0.74238433000000004 0
0.19344396 0.66915336000000003 0
0.19356887 0.55199505000000004 0
0.19359003999999999 0.99704694999999999 0
0.19360327999999999 0.45606625000000001 0
0.92075461999999997 0.59574280000000002 0
0.19374090999999999 0.36364379000000002 0
0.19382192000000001 0.01374824 0
0.19383659 0.72088171999999995 0
0.19387500999999999 0.65491754000000002 0
0.92078671000000001 0.050642270000000003 0
0.19414427000000001 0.36601761999999999 0
0.194157 0.29257430000000001 0
0.19423248000000001 0.53558969000000001 0
0.19423637999999999 0.18213646 0
0.19425553000000001 0.22997861999999999 0
0.99256467000000004 0.096755019999999997 0
0.19427674 0.31842353000000001 0
0.92959166000000004 0.73881377999999998 0
0.19438063 0.0079885600000000005 0
0.19460485 0.26929914999999999 0
0.89360748000000001 0.10064608999999999 0
0.19494913999999999 0.023688520000000001 0
0.19516096999999999 0.88193737999999999 0
0.19519998999999999 0.59174358999999999 0
0.19528217 0.02113601 0
0.19532666000000001 0.29378534000000001 0
0.19537561000000001 0.013449620000000001 0
0.19538467000000001 0.95557596 0
0.19540826 0.39401568999999997 0
0.19540998000000001 0.92286992000000001 0
0.19542536999999999 0.90040606999999995 0
0.19544913 0.19392553000000001 0
0.87271926 0.84459976999999997 0
0.19565822999999999 0.023528230000000001 0
0.19574327999999999 0.3404045 0
0.19575058000000001 0.28180512000000002 0
0.19587864999999999 0.86840965000000003 0
0.19591606 0.33010907 0
0.86689196999999996 0.75031479000000001 0
0.19601419 0.27369126999999999 0
0.19608788999999999 0.76901993999999996 0
1 0.77475205000000003 0
0.19629474 0.063901650000000004 0
0.19643234000000001 0.97517615000000002 0
0.92737840000000005 0.63856957999999997 0
0.89287479000000003 0.70590123999999999 0
0.91812327999999999 0.29318136 0
0.19670460000000001 0.00158665 0
0.19673836 0.22856025999999999 0
0.19679642999999999 0.46715586999999997 0
0.19709552 0.79407044000000004 0
0.19714524 0.046126710000000001 0
0.19717793 0.76895957999999998 0
0.19735196999999999 0.22514187999999999 0
0.19735229000000001 0.78794114000000004 0
0.19740448999999999 0.12678078000000001 0
0.19740845000000001 0.62536601999999997 0
0.1974138 0.53540122000000001 0
0.19744058 0.84645884999999998 0
0.1975083 0.62644942999999997 0
0.19757748 0.93193384000000001 0
0.19759816999999999 0.94863058 0
0.19760237 0.71241082 0
0.19763206999999999 0.64707135999999998 0
0.19777631000000001 0.73941705999999996 0
0.92746408999999996 0.82311666000000006 0
0.19782578000000001 0.87745408000000003 0
0.19782585 0.88830151000000002 0
0.1979245 0.67130555000000003 0
0.1979737 0.53679631999999999 0
0.19810659999999999 0.84784963000000002 0
0.19814250999999999 0.83888121000000004 0
0.19815932 0.14651607 0
0.19817434 0.81536878000000002 0
0.19817957 0.59719719000000004 0
0.19833398999999999 0.56804211000000004 0
0.19834652 0.018540549999999999 0
0.19836453000000001 0.61622357000000005 0
0.19839283999999999 0.47415654000000002 0
0.92911677000000004 0.31880728000000003 0
0.19842699 0.52363886000000004 0
0.99726029999999999 0.68942342999999995 0
0.19860067000000001 0.10149756 0
0.1986009 0.94297425000000001 0
0.19863607999999999 0.30407361999999999 0
0.19867460000000001 0.82443379999999999 0
0.89130434000000003 0.26174766999999999 0
0.19877834999999999 0.19009501000000001 0
0.19878504 0.75334709 0
0.19886873999999999 0.97056308999999996 0
0.19892965000000001 0.97892223 0
0.19897008999999999 0.75287247999999996 0
0.19900142000000001 0.41092159 0
0.19917410999999999 0.27928538000000003 0
0.19919813 0.66746854 0
0.19931188 0.66143788999999997 0
0.19935886 0.36489642999999999 0
0.19937015 0.41521328000000002 0
0.19937626 0.51676285 0
0.89400179000000002 0.71695288999999995 0
0.19950077999999999 0.77789618000000005 0
0.19954726 0.65051102000000005 0
0.19955995000000001 0.31204109000000002 0
0.19969637000000001 0.72635890000000003 0
0.19971812999999999 0.23775228000000001 0
0.19982211999999999 0.26627943999999998 0
0.19997461 0.48407624999999999 0
0.88578844000000001 0.98084309000000003 0
0.20005265999999999 0.88274956999999998 0
0.20006436 0.32767646 0
0.88420029 0.47921746999999998 0
0.20010180999999999 0.41272331000000001 0
0.92788411999999998 0.18000682000000001 0
0.20028788 0.71815519999999999 0
0.20030924 0.88119177999999998 0
0.20040551000000001 0.87017929000000005 0
0.2004348 0.93477449999999995 0
0.20060032999999999 0.58869755000000001 0
0.20062482000000001 0.35500367999999999 0
0.20066818 0.83821195999999998 0
0.20068015 0.98775648000000005 0
0.20069068000000001 0.080368640000000005 0
0.20075968 0 0
0.20085185999999999 0.28719194999999997 0
0.20087297000000001 0.93113723999999998 0
0.20090047 0.35581594 0
0.20095769999999999 0.77901617999999995 0
0.20108358000000001 0.024474969999999999 0
0.20113533 0.63037657999999996 0
0.20121839999999999 0.75746917000000002 0
0.20122825 0.39456824000000001 0
0.20128354000000001 0.31609785000000001 0
0.20131663999999999 0.15537771 0
0.92768843000000001 0.58936429000000001 0
0.20148658999999999 0.034871050000000001 0
0.20148923999999999 0.17238143 0
0.20155961999999999 0.37091401000000002 0
0.92022932999999996 0.68439070999999996 0
0.20173569 0 0
0.2018201 0.51201339999999995 0
0.20187542 0.82316476000000005 0
0.92038264999999997 0.68884880999999998 0
0.20211614999999999 0.12157879000000001 0
0.20212451000000001 0.22851189 0
0.20220958 0.47778046000000002 0
0.89375939999999998 0.63703012999999997 0
0.20251640000000001 0.85231937999999996 0
0.20253202000000001 0.64367406000000005 0
0.20253409999999999 0.48629455999999999 0
0.20257985000000001 0.72343294000000002 0
0.20267373 0.85554947000000003 0
0.20271423999999999 0.91247933999999997 0
0.20276762000000001 0.43919045000000001 0
0.20279343 0.47568473999999999 0
0.20281613000000001 0.035576240000000002 0
0.92057142999999997 0.59543014999999999 0
0.20292980999999999 0.064399100000000001 0
0.20301094 1 0
0.20301918999999999 0.50427569000000005 0
0.20309004999999999 0.55097404999999999 0
0.20327954000000001 0.89175614000000003 0
0.20346138 0.51567174999999998 0
0.20352197 0.40688170000000001 0
0.20354136 0.00208208 0
0.20355672 0.18183061 0
0.2035573 0.65544696000000002 0
0.20360654 0.25164122999999999 0
0.20373104 0.34095352000000001 0
0.20377418999999999 0.35294133999999999 0
0.20398210999999999 0.26717015999999999 0
0.20399031000000001 0.29884094999999999 0
0.97338835000000001 0.86401322000000003 0
0.91769237000000004 0.73412937 0
0.96556403999999996 0.043610740000000002 0
0.20427437000000001 0.68033202000000004 0
0.20427748000000001 0.76345313000000004 0
0.20431045 0.95272734999999997 0
0.20444011000000001 0.33486643999999999 0
0.20448756000000001 0.75407705999999997 0
0.20454442 0.20197851 0
0.20464146999999999 0.94085211000000002 0
0.20471038999999999 0.68409365 0
0.20517664999999999 0.75874147000000003 0
0.20520773 0.67465512999999999 0
0.20520874 0.70976209000000001 0
0.20522918000000001 0.055175330000000002 0
0.92912941000000004 0.035496470000000002 0
0.2053556 0.19295638000000001 0
0.20539954999999999 0.70353286000000004 0
0.20544156999999999 0.58039286000000001 0
0.20548880999999999 0.8669945 0
0.20552565 0.75743581999999998 0
0.97300821000000004 0.27862443999999997 0
0.20574939 0.64924548000000004 0
0.20594167999999999 0.12272848 0
0.20599028 0.53017555000000005 0
0.20600315 0.68947526000000003 0
0.88530527000000003 0.69681103 0
0.20615131 0.61472439999999995 0
0.2063461 0.83040371999999996 0
0.20644262999999999 0.94365326999999999 0
0.20644314999999999 0.68963030999999997 0
0.20659717999999999 0.96309526000000001 0
0.20662753 0.45037340999999997 0
0.20670975 0.55079182000000004 0
0.20680283999999999 0.23969123000000001 0
0.20681099 0.29997815 0
0.20687995000000001 0.93431944 0
0.20697098 0.36626869000000001 0
0.20719038000000001 0.80743248000000001 0
0.89305593000000005 0.92286500000000005 0
0.20740522 0.15193034999999999 0
0.2074531 0.76845843000000003 0
0.20755232000000001 0.54876950000000002 0
0.20766181 0.61143756999999999 0
0.20784585 0.90484381999999997 0
0.20788133 0.74806594000000004 0
0.20792690999999999 0.12209979999999999 0
0.20800223000000001 0.17607679000000001 0
0.20801112999999999 0.79302229000000002 0
0.20802966000000001 0.43803562000000001 0
0.92778784000000003 0.80367666999999998 0
0.20815153 0.22856724 0
0.20819098999999999 0.49745713000000003 0
0.20819847 0.39993562999999999 0
0.20821795000000001 0.90318746000000005 0
0.20824529 0.76597815999999996 0
0.20826222 0.77548594999999998 0
0.20826471999999999 0.20052485 0
0.20827975000000001 0.39121804999999998 0
0.20830339 0.30655389999999999 0
0.20831873000000001 0.93029706000000001 0
0.20834894000000001 0.67042108 0
0.20837230000000001 0.73452132000000003 0
0.20849777 0.33891673 0
0.20857748000000001 0.054390819999999999 0
0.20858405999999999 0.84292666000000005 0
0.20863683999999999 0.59200257000000001 0
0.20866776000000001 0.074834339999999999 0
0.20868059 0.38841189999999998 0
0.20868921000000001 0.084396020000000002 0
0.20871366 0.46035040999999999 0
0.20872647 0.91609719000000001 0
0.88581445000000003 0.81425044000000002 0
0.20878717999999999 0.85834823999999998 0
0.20883083999999999 0.70171280000000003 0
0.20883383999999999 0.18798987 0
0.20884035000000001 0.37863490999999999 0
0.20890558000000001 0.91273258000000002 0
0.20891612000000001 0.74254248 0
0.20900560000000001 0.22062735999999999 0
0.86690663000000001 0.39897199 0
0.20910914 0.35631675000000002 0
0.20912860999999999 0.79326302000000004 0
0.87817909999999999 0.43123661000000002 0
0.20915402999999999 0.16964051999999999 0
0.96415644 0.021560780000000002 0
0.96565431000000002 0.10170434 0
0.20936605 0.34262047000000001 0
0.20945153999999999 0.51847962999999997 0
0.20949380000000001 0.83764609999999995 0
0.20952952 0.57971077000000004 0
0.20963213999999999 0.42136275000000001 0
0.20969372999999999 0.56404971000000004 0
0.89281882000000001 0.47012672999999999 0
0.20973715000000001 0.25595069999999998 0
0.20983760000000001 0.32306288999999999 0
0.20996603 0.47615942999999999 0
0.21005661 0.78107638000000001 0
0.21025619000000001 0.62235251000000003 0
0.21033711999999999 0.086626259999999997 0
0.89180568000000005 0.56757380000000002 0
0.21035698 0.68265891000000001 0
0.21036226999999999 0.62365762000000002 0
0.21043823 0.72396066000000003 0
0.2104868 0.24703075999999999 0
0.21053115999999999 0.27790555 0
0.21053206999999999 0.11495105999999999 0
0.21059721000000001 0.17554333999999999 0
0.21068123 0.85548904999999997 0
0.21075316999999999 0.50038996999999996 0
0.92970081000000004 0.29501462000000001 0
0.21083879999999999 0.18702173 0
0.99565272999999999 0.17061056999999999 0
0.21096132000000001 0.95882215999999998 0
0.21096807000000001 0.079988459999999997 0
0.21111405999999999 0.63675877000000003 0
0.21119519 0.89027964000000004 0
0.21124055 0.61679722000000003 0
0.21132252000000001 0.49174774999999998 0
0.21132297 0.85098328999999995 0
0.92084630999999995 0.71226091999999996 0
0.88581520999999996 0.64285157000000004 0
0.2114316 0.37102089999999999 0
0.21144203 0.92705590999999998 0
0.21150814000000001 0.73857149 0
0.21163504999999999 0.30578916 0
0.92049592999999996 0.54454515000000003 0
0.21183125 0.89232597999999996 0
0.21190173000000001 0.44593294999999999 0
0.21196074000000001 0.95219805000000002 0
0.21205938999999999 0.95134030000000003 0
0.21209866999999999 0.17745494000000001 0
0.21214021 0.94202235000000001 0
0.21219123000000001 0.97850881999999995 0
0.21221972 0.01074612 0
0.21232038 0.14396675 0
0.21232868999999999 0.50745702000000004 0
0.21236637 0.67796254 0
0.21251803999999999 0.28106955 0
0.21252294999999999 0.053484839999999999 0
0.92769444999999995 0.39232553999999997 0
0.21258319000000001 0.19215478999999999 0
0.21264031999999999 0.0046464399999999999 0
0.89364893999999995 0.68108382999999995 0
0.21269033000000001 0.95841166 0
0.89174209999999998 0.96449302999999997 0
0.21280563 0.70548255000000004 0
0.21290063000000001 0.52357498999999996 0
0.21295256000000001 0.26613955 0
0.89172885000000002 0.017270810000000001 0
0.21300139000000001 0.48019517 0
0.21306126 0.67723633999999999 0
0.21309571999999999 0.80954353000000001 0
0.92105965000000001 0.76016839000000003 0
0.21319225 0.0089996999999999994 0
0.21326628 0.94924878999999995 0
0.21332254 0.20227200000000001 0
0.21343692 0.97085146 0
0.21345417 0.11357326 0
0.21353559 0.81589769000000001 0
0.88534394999999999 0.054728300000000001 0
0.91867944999999995 0.097219819999999998 0
0.21377874999999999 0.27115474000000001 0
0.92077872000000005 0.33640661999999999 0
0.21383306999999999 0.72664991999999995 0
0.21388234 0.02746347 0
0.21390189000000001 0.89895294000000003 0
0.21392833999999999 0.074682879999999993 0
0.21393213999999999 0.55391889000000005 0
0.21399114 0.64455209000000002 0
0.21404876 0.43631678000000002 0
0.21411454999999999 0.45933152999999999 0
0.21413486000000001 0.76430602999999997 0
0.21415729 0.76634891999999999 0
0.21416698000000001 0.61060961000000002 0
0.92793650000000005 0.90671193999999999 0
0.21418718 0.66920135000000003 0
0.21418744000000001 0.23455677999999999 0
0.21426028 0.83510357999999996 0
0.21430444000000001 0.27328762000000001 0
0.21433236999999999 0.69231836000000002 0
0.21436868000000001 0.60683860999999995 0
0.91794184000000001 0.63755852999999996 0
0.21438178999999999 0.72999088000000001 0
0.21444445000000001 0.82155730000000005 0
0.21445260999999999 0.4753481 0
0.21446888 0.83079696999999997 0
0.21447009 0.18307527000000001 0
0.2145958 0.81856348000000001 0
0.21472216999999999 0.39172000000000001 0
0.21480560000000001 0.51927586999999997 0
0.21501624999999999 0.066026219999999997 0
0.21501909 0.77886946999999995 0
0.21513611999999999 0.83997465999999998 0
0.21515480000000001 0.10025713999999999 0
0.21535968 0.73166562000000002 0
0.21540344 0.84885829999999995 0
0.21543586000000001 0.61253886000000002 0
0.21546143000000001 0.25348055000000003 0
0.21546162999999999 0.91806536000000005 0
0.88366831999999995 0.47307397000000001 0
0.21547253999999999 0.23802059 0
0.21554359000000001 0.38566042 0
0.21555052999999999 0.020378400000000001 0
0.21571987000000001 0.10892158 0
0.21581777999999999 0.86334127000000005 0
1 0.54460218999999999 0
0.21598313999999999 0.65901949000000004 0
0.21604652999999999 0.50727774999999997 0
0.21621539000000001 0.17635219999999999 0
0.21629862 0.70033522000000004 0
0.21633480999999999 0.89790088999999995 0
0.21648264 0.37641551000000001 0
0.21651906000000001 0.64474416999999995 0
0.21653006999999999 0.86909071999999998 0
0.21658691999999999 0.62432321000000002 0
0.88379976000000005 0.78576051999999996 0
0.21667423999999999 0.43946031000000002 0
0.21686765 0.14070079999999999 0
0.21691342999999999 0.42305955000000001 0
0.21697206999999999 0.52284322999999999 0
0.21699874 0.33624458000000002 0
0.88422405000000004 0.76633505000000002 0
0.91772339000000003 0.64577035000000005 0
0.21708089 0.93452334000000004 0
0.21717201999999999 0.58377818000000004 0
0.21719211999999999 0.31980151000000001 0
0.21724721 0.01666865 0
0.21732884 0.88008710999999995 0
0.21734440999999999 0.10575609 0
0.21737147000000001 0.93759809999999999 0
0.21745801000000001 0.78317208000000005 0
0.21750069 0.72495719000000003 0
0.87425648 0.65023626999999995 0
0.21754620999999999 0.086333409999999999 0
0.21755315 0.38370781999999998 0
0.21759112999999999 0.63564885999999998 0
0.21759587999999999 0.11304733 0
0.21783079999999999 0.90820508 0
0.21794593000000001 0.10310134999999999 0
0.21799257 0.34539702 0
0.21811453 0.29740712000000002 0
0.21813759999999999 0.66456713999999995 0
0.21842323999999999 0.84360451000000003 0
0.21853457000000001 0.12335351 0
0.21853721000000001 0.83254112999999996 0
0.21854989999999999 0.34763513000000001 0
0.21856787999999999 0.20103287 0
0.21857631 0.051185639999999998 0
0.21858153 0.38957238999999999 0
0.21858636000000001 0.71695681 0
0.21859004000000001 0.35242688 0
0.21859461999999999 0.23275338000000001 0
0.21871149000000001 0.60620447 0
0.89408975000000002 0.94344205000000003 0
0.21880192000000001 1 0
0.21892828 0.98674974000000004 0
0.21899787000000001 0.32639611000000002 0
0.219218 0.81317273000000001 0
0.21940202 0.12262381999999999 0
0.91769453999999995 0.91526174000000005 0
0.21944226 0.63686449999999994 0
0.21947738 0.057585860000000003 0
0.21950190999999999 0.026663329999999999 0
0.21951528000000001 0.80107700000000004 0
0.21955838 0.068018729999999999 0
0.21971133000000001 0.59169649999999996 0
0.21982599 0.53545863999999999 0
0.21983015 0.034732600000000002 0
0.89305858000000005 0.058255330000000001 0
0.21988527999999999 0.50473411999999995 0
0.22016431 0.35895157999999999 0
0.89308942000000002 0.23487584 0
0.22020298999999999 0.40534319000000002 0
0.22026956 0.93868936999999997 0
0.22029619 0.34007702000000001 0
0.87433017000000002 0.60779779 0
0.89162896999999997 0.23456708000000001 0
0.22046172 0.21133398 0
0.22060948999999999 0.42824594999999999 0
0.89170221999999999 0.81020798999999999 0
0.22091962000000001 0.53592094000000001 0
0.22095393999999999 0.94020643999999998 0
0.22099446 0.27073575999999999 0
0.22110846000000001 0.04308273 0
0.89183133999999997 0.57965226999999997 0
0.22118624000000001 0.22729808000000001 0
0.22120335999999999 0.83736361000000004 0
0.22139919 0.80425027999999998 0
0.22159664000000001 0.40983086000000002 0
0.22160054000000001 0.36737512999999999 0
0.22166197000000001 0.27679941000000002 0
0.22174691999999999 0.61817922000000003 0
0.22193562999999999 1 0
0.22197676 0.79924852999999996 0
0.22199426999999999 0.77704715999999996 0
0.22204505999999999 0.57983709000000005 0
0.22217924 0.64469673000000005 0
0.22231550999999999 0.099578079999999999 0
1 0.75705301000000003 0
0.89202809000000005 0.24123202999999999 0
0.22248562 0.78025104000000001 0
0.22252366000000001 0.94843421999999999 0
0.22261491 0.41206114999999999 0
0.22261581999999999 0.27898863000000002 0
0.22268876000000001 0.45480145999999999 0
0.88429345000000004 0.77020820000000001 0
0.22278653000000001 0.16889625999999999 0
0.22284756999999999 0.39023224000000001 0
0.89186664999999998 0.46165767000000002 0
0.22289829999999999 0.46921856000000001 0
0.22294381999999999 0.52654635000000005 0
0.22301196000000001 0.19049961000000001 0
0.22305989000000001 0.58344404999999999 0
0.22320258000000001 0.02406407 0
0.22326724000000001 0.97881404999999999 0
0.92752946999999997 0.18140001 0
0.22335213000000001 0.66059036999999998 0
0.22338659 0.20099824999999999 0
0.22341288000000001 0.43713038999999998 0
0.22348035999999999 0.92760138999999997 0
0.22355702999999999 0.21574973 0
0.22368673 0.18790992000000001 0
0.88593113999999995 0.81896181999999995 0
0.22393344000000001 0.25298689000000002 0
0.22396858 0.39503298999999997 0
0.22398993 0.12640979999999999 0
0.22401890999999999 0.56104564999999995 0
0.22402187000000001 0.066727560000000005 0
0.22415377 0.42323891000000002 0
0.96458266999999998 0.36463036999999998 0
0.22416485999999999 0.26770705 0
0.99721552000000002 0.32928779000000002 0
0.22430875 0.40152536 0
0.22431712000000001 0.37017810000000001 0
0.22435662000000001 0.33576245999999998 0
0.22445764000000001 0.053000459999999999 0
0.22450018999999999 0.34150141000000001 0
0.22455389000000001 0.84710806999999999 0
0.22457590999999999 0.84279758999999999 0
0.22461532000000001 0.82018637999999999 0
0.22477204000000001 0.79069562000000004 0
0.22477601999999999 0.45067956999999997 0
0.22486816000000001 0.86016714000000005 0
0.22494104000000001 0.070114469999999998 0
0.22512767 0.5446377 0
0.22543912999999999 0.11887899 0
0.92935287 0.039463709999999999 0
0.22557720000000001 0.069846619999999998 0
0.91826476999999995 0.83700616999999999 0
0.22585540000000001 0.01233482 0
0.22593471000000001 0.46804203999999999 0
0.225937 0.51207276000000002 0
0.22597787999999999 0.47878309000000002 0
0.22604753999999999 0.11378716 0
0.22606466 0.42301865999999999 0
0.22614395000000001 0.15179338000000001 0
0.22620141999999999 0.65699580000000002 0
0.22635462000000001 0.31453252999999998 0
0.22636816000000001 0.46313953000000002 0
0.2263889 0.59155751000000001 0
0.22641053999999999 0.77925091000000002 0
0.22656396000000001 0.03836908 0
0.22661891000000001 0.53253697 0
0.22663620000000001 0.33244275000000001 0
0.22686722000000001 0.74339705 0
0.22686867999999999 0.48563231000000001 0
0.22691726000000001 0.47925898 0
0.22694285 0.24942220000000001 0
0.22712726999999999 0.42760152000000001 0
0.22713852000000001 0.081394019999999997 0
0.22714891000000001 0.15244574 0
0.22719734999999999 0.35335397000000002 0
0.22727611 0.98765289000000001 0
0.22737899 0.65355631000000003 0
0.9185179 0.28505216999999999 0
0.22741337 0.62210421000000005 0
0.22742258000000001 0.43222550999999998 0
0.22751429000000001 0.59763719999999998 0
0.22754431 0.063059050000000005 0
0.22763710000000001 0.96889815000000001 0
0.22771159999999999 0.87048731000000001 0
0.22779325 0.046936039999999998 0
0.2279458 0.10288561 0
0.22796649999999999 0.42169620000000002 0
0.22798098999999999 0.70067539000000001 0
0.22806736 0.60073489999999996 0
0.22806920999999999 0.05494897 0
1 0.58196645999999996 0
0.22854569999999999 0.42243742000000001 0
0.22857964 0.85374134000000002 0
0.22858281999999999 0.87323647000000004 0
0.22865569999999999 0.40084386999999999 0
0.22867483999999999 0.17447846 0
0.22868345000000001 0 0
0.22881539000000001 0.27922837 0
0.22887546 0.39392679000000003 0
0.22909656 0.10742404999999999 0
0.92039278999999996 0.087283910000000006 0
0.22945268999999999 0.12874847 0
0.22965831 0.84228431000000004 0
0.22971237999999999 0.91432575000000005 0
0.22984441 0.93393258000000001 0
0.87423426999999998 0.61245556999999995 0
0.22993225 0.64243002999999999 0
0.22998062999999999 0.089075840000000003 0
0.23009772000000001 0.85036655999999999 0
0.23023435 0.26524610999999998 0
0.23025513 0.30540938000000001 0
0.91877648000000001 0.19734346 0
0.99743870000000001 0.88750737999999996 0
0.23035475999999999 0.96704321999999998 0
0.23036975000000001 0.75091184 0
0.23046136 0.13490147 0
0.23050942999999999 0.36978358 0
0.23053997000000001 0.47542147000000001 0
0.23064224 0.67915393999999996 0
0.23066863000000001 0.16502321 0
0.23070857 0.80327610000000005 0
0.23076288 0.45474556999999999 0
0.23086957 0.11118488 0
0.23088444999999999 0.85380058999999997 0
0.23088633 0.27748005999999997 0
0.23089209999999999 0.16449433999999999 0
0.23089894 0.22716006999999999 0
0.23105608 0.25387401999999998 0
0.23106313000000001 0.63168933999999999 0
0.23110293000000001 0.53123480000000001 0
0.23114059000000001 0.97320985999999998 0
0.23120083 0.36539484999999999 0
0.23123869 0.013644160000000001 0
0.23131289999999999 0.91920088 0
0.96385328999999997 0.62534458999999998 0
0.23144273000000001 0.18578947000000001 0
0.23144302999999999 0.56040906999999995 0
0.23155584000000001 0.16435996999999999 0
0.23158432000000001 0.94424934000000005 0
0.23161615999999999 0.26673666000000001 0
0.23166086999999999 0.32747559999999998 0
0.23180001 0.46976765999999998 0
0.23181513000000001 0.45263915999999998 0
0.23195794 0.68552245000000001 0
0.23197264000000001 0.19191464 0
0.23200176 0.12820097999999999 0
0.23200577999999999 0.051478650000000001 0
0.23205624999999999 0.84441513999999995 0
0.23205759000000001 0.0042686199999999999 0
0.23207301999999999 0.80106884 0
0.23215271000000001 0.36863818999999998 0
0.23219295000000001 0.36018056999999998 0
0.23224450999999999 0.12006135 0
0.23230050999999999 0.42638258000000001 0
0.23243122999999999 0.50480011000000002 0
0.23245830000000001 0.13379199 0
0.23255866 0.86597546999999997 0
0.89224241999999998 0.68492445999999996 0
0.92824302000000003 0.75225637000000001 0
0.23262284 0.017883980000000001 0
0.23262471000000001 0.21363786000000001 0
0.88545684999999996 0.36975677000000001 0
0.88380329999999996 0.027035469999999999 0
0.91782067000000001 0.20264098999999999 0
0.2327419 0.24360414 0
0.23278377 0.10331715 0
0.23288629999999999 0.83022867 0
0.23292877000000001 0.98071171000000001 0
0.23302796000000001 0.19594094000000001 0
0.23306531 0.88118748999999996 0
0.23307854 0.47009119999999999 0
0.23315324000000001 0.49850352999999997 0
0.23316020000000001 0.11572275999999999 0
0.23321866999999999 0.60598443999999996 0
0.2332496 0.81987863000000005 0
0.23329268 0.48280653000000001 0
0.23335998999999999 0.062499529999999998 0
0.23336324 0.97343204999999999 0
0.23344908 0.34245335999999998 0
0.23383072999999999 0.45855609000000003 0
0.23386625999999999 0.85991187000000002 0
0.23400307000000001 0.91585006000000002 0
0.23406872000000001 0.01980848 0
0.2340826 0.039616390000000001 0
0.23410215000000001 0.72797729 0
0.23414407000000001 0.45184359000000002 0
0.89213622999999997 0.14560372999999999 0
0.23415495 0.76386401000000004 0
0.23426009 0.64624411999999998 0
0.23427585000000001 0.53016753000000005 0
0.2343402 0.061843960000000003 0
0.23435981 0.51387685000000005 0
0.23444444 0.81600373000000004 0
0.23450392 0.44215786000000001 0
0.23452487999999999 0.62702473999999997 0
0.23452722000000001 0.17674492999999999 0
0.23457620000000001 0.044419899999999998 0
0.23461802000000001 0.85597245 0
0.23468706 0.11190376 0
0.89400422999999996 0.44668063000000002 0
0.23484716999999999 0.34026260000000003 0
0.23490325000000001 0.097793519999999995 0
0.23492594999999999 0.34669330999999998 0
0.23497464000000001 0.92779425999999998 0
0.23527276 0.81118829000000003 0
0.88596136999999997 0.13315162 0
0.23548131 0.15673661999999999 0
0.23549980000000001 0.52641777000000001 0
0.23552902000000001 0.19409932999999999 0
0.23557102999999999 0.099129590000000004 0
0.23559637 1 0
0.86740379999999995 0.29093608999999998 0
0.23563533 0.53047854000000005 0
0.23569309999999999 0.67447351 0
0.23592013000000001 0.85302029000000001 0
0.23595849999999999 0.73892690000000005 0
0.23596913999999999 0.90090992999999997 0
0.23599935999999999 0.96217622999999997 0
0.23605701000000001 0.66211927999999998 0
0.23613511000000001 0.0517595 0
0.23617110999999999 0.75634455 0
0.23630014999999999 0.99550660999999996 0
0.23635138 0.42719341 0
0.23635258000000001 0.93459387999999999 0
0.23658905999999999 0.18553816000000001 0
0.23662857000000001 0.095225119999999996 0
0.23663039999999999 0.39040270999999999 0
0.23666635999999999 0.42282734999999999 0
0.91800965000000001 0.032036099999999998 0
0.23669391000000001 0.24654245999999999 0
0.23671384000000001 0.13373062999999999 0
0.23675541999999999 0.87176662000000005 0
0.23679632 0.89690948999999998 0
0.23680691000000001 0.76594211000000001 0
0.93005895000000005 0.24612727000000001 0
0.23682478000000001 0.86304075999999996 0
0.88418112000000004 0.50008216000000005 0
0.23691266 0.65507546999999999 0
0.23692484999999999 0.35747744999999997 0
0.23696523 0.45915256999999998 0
0.23703088 0.02950239 0
0.92117784999999996 0.58685016999999995 0
0.23720860999999999 0.73745227000000002 0
0.23730957 0.83127885999999995 0
0.23736186000000001 0.99027838000000001 0
0.92042373 0.99097552 0
0.23742621999999999 0.20180355 0
0.23744936999999999 0.25573765999999998 0
0.23754696 0.03062264 0
0.23763166999999999 0.40233718000000002 0
0.23763502 0.080402189999999998 0
0.23791423 0.71572835000000001 0
0.23798553 0.76755055999999999 0
0.23810692999999999 0.23646460999999999 0
0.23817601999999999 0.024191230000000001 0
0.23818238999999999 0.24665717000000001 0
0.23826395 0.4791628 0
0.99545178999999995 0.82576782999999998 0
0.23839527999999999 0.65861707999999997 0
0.23860933000000001 0.057542169999999997 0
0.99539040999999995 0.52349747999999996 0
0.23885137000000001 0.27686253999999999 0
0.23896825999999999 0.65318949000000004 0
0.23901775 0.068142250000000001 0
0.23902593999999999 0.26217469999999998 0
0.23903621999999999 0.10369183999999999 0
0.23911238000000001 0.45596740000000002 0
0.23920657000000001 0.16855048 0
0.23922234000000001 0.47068966000000001 0
0.23929455999999999 0.82421535000000001 0
0.23929471999999999 0.97897699999999999 0
0.88434078999999999 0.23972143000000001 0
0.23933083999999999 0.89257432000000003 0
0.23949027000000001 0.66769407999999997 0
0.23960005000000001 0.060167520000000002 0
0.23963108999999999 0.92609224999999995 0
0.23971761 0.047377080000000002 0
0.23977936 0.85078622000000004 0
0.23980677 0.14507032 0
0.23988201000000001 0.27691901000000002 0
0.23989672000000001 0.45063562000000001 0
0.24018856 0.49303019999999997 0
0.24025381000000001 0.58706190000000003 0
0.24033082 0.33057223000000002 0
0.24035675000000001 0.33992959 0
0.24037854 0.24941690999999999 0
0.86752231000000002 0.37489391 0
0.24053986999999999 0.33509456999999998 0
0.24059667000000001 0.12908965999999999 0
0.24068163000000001 0.15187788999999999 0
0.2407147 0.93780052999999997 0
0.24075787000000001 0.16402146000000001 0
0.24083088999999999 0.13357805 0
0.24087797999999999 0.057440430000000001 0
0.24094866000000001 0 0
0.24097892000000001 0.23090421999999999 0
0.24113365 0.83051624999999996 0
0.2411896 0.97493079000000005 0
0.24122813000000001 0.40174837000000002 0
0.24136112000000001 0.63919046999999996 0
0.24148992999999999 0.25068659999999998 0
0.24163238000000001 0.077531539999999996 0
0.24166135999999999 0.11317159 0
0.24172885999999999 0.12010902 0
0.24176216 0.82918323000000005 0
0.24179871999999999 0.53167898999999996 0
0.24182555999999999 0.55208389999999996 0
0.24187072000000001 0.38302469 0
0.24189872000000001 0.82412739999999995 0
0.24196956999999999 0.11466693999999999 0
0.89135699000000002 0.25270765000000001 0
0.24207090000000001 0.70378940999999995 0
0.24209713999999999 0.81412203000000005 0
0.24214276000000001 0.30686579000000003 0
0.24220053999999999 0.87122257999999997 0
0.24229553000000001 0.05797567 0
0.24239799000000001 0.53474706000000005 0
0.24246139 0.69750029999999996 0
0.24247526 0.42150546999999999 0
0.89200736999999997 0.60751261000000001 0
0.2425349 0.31448902000000001 0
0.88436322999999994 0.0064736300000000002 0
0.24257419 0.34132224999999999 0
0.2426286 0.79092107 0
0.24262903999999999 0.97807124999999995 0
0.24263642999999999 0.78818964999999996 0
0.24265875000000001 0.85573063999999999 0
0.24279740999999999 0.089653969999999999 0
0.24289261000000001 0.54075801999999995 0
0.24291620999999999 0.053921289999999997 0
0.24303415 0.62572264 0
0.88542144 0.78913911999999997 0
0.24328781999999999 0.042047750000000002 0
0.24334831000000001 0.68762595999999998 0
0.24342226 0.19627405000000001 0
0.24350722999999999 0.38140039999999997 0
0.24353146000000001 0.087957140000000003 0
0.24361103000000001 0.47868424999999998 0
0.24363578 0.20748154999999999 0
0.24366879999999999 0.71286704000000001 0
0.24367332 0.31305147999999999 0
0.24369613000000001 0.75471509000000003 0
0.89349047999999998 0.53174637000000002 0
0.24383748 0.73611888000000003 0
0.24391342999999999 0.62230542 0
0.24397041 0.14959156000000001 0
0.24412976 0.94813771999999996 0
0.24425575999999999 0.051307600000000002 0
0.24430204 0.75473559999999995 0
0.24440935999999999 0.92659923 0
0.24446212 0.42934507999999999 0
0.24447573 0.013681540000000001 0
0.24452637999999999 0.17893086999999999 0
0.24455379999999999 0.41480595999999997 0
0.88553493999999999 0.63049120000000003 0
0.24474673999999999 0.51009614000000003 0
0.24478774 0.18501334999999999 0
0.92116525000000005 0.66334736000000005 0
0.24488599 1 0
0.87102809999999997 0.29825518000000001 0
0.24518943000000001 0.71132171 0
0.24529033 0.24942531000000001 0
0.24529467999999999 0.16742957 0
0.24532741999999999 0.79184723999999995 0
0.89201947000000004 0.10536205999999999 0
0.24540414999999999 0.78863331000000003 0
0.24540961999999999 0.95939070000000004 0
0.24556349999999999 0.13998986999999999 0
0.92754230000000004 0.93949329999999998 0
0.24568955000000001 0.29743117000000002 0
0.24577088 0.7604419 0
0.24581127999999999 0.91392839999999997 0
0.24582539 0.46425898999999998 0
0.89411035000000005 0.93021489999999996 0
0.24585198 0.98259569000000002 0
0.24591688 0.78313595999999996 0
0.24598084000000001 0.84258675000000005 0
0.24598961 0.95328674000000002 0
0.24601239 0.52019188000000005 0
0.24605794 0.61097221999999995 0
0.24630995 0.12140184 0
0.24632424 0.22876323000000001 0
0.24632729 0.16479791999999999 0
0.92124618000000003 0.21796531999999999 0
0.24653828 0.88559827999999996 0
0.24654329999999999 0.55191667 0
0.24654462999999999 0.33401240999999998 0
0.24655506999999999 0.80267352999999997 0
0.91805957000000005 0.23755494999999999 0
0.24669419000000001 0.74285177999999996 0
0.92113889000000004 0.51459549000000004 0
0.24683194999999999 0.2078499 0
0.24706906000000001 0.66969314999999996 0
0.24715098999999999 0.20124708999999999 0
0.24725902 0.076836699999999994 0
0.24731891 0.32607404000000001 0
0.92751172000000004 0.19263706999999999 0
0.24752637999999999 0.12354643999999999 0
0.24755202000000001 0.1066604 0
0.89314766999999995 0.55598283999999998 0
0.24771656 0.43259426000000001 0
0.24788884999999999 0.18811277000000001 0
0.89719285999999998 0.90181153999999997 0
0.24817332 0.69449660000000002 0
0.24819121 0.25784267 0
0.24820115000000001 0.063778630000000003 0
0.24820898999999999 0.56451432000000001 0
0.24832915999999999 0.86316504000000005 0
0.24856692999999999 0.11524731000000001 0
0.92820972000000002 0.75746278 0
0.24871850000000001 0.63957554999999999 0
0.24878675 0.74919546000000004 0
0.24886833999999999 0.36546796999999998 0
0.24892114000000001 0.34646209 0
0.89410471999999996 0.1000269 0
0.24899678 0.02004912 0
0.24901704 0.50580104999999997 0
0.24910689 0.74183684999999999 0
0.24924542 0.057285490000000001 0
0.24935957 0.13387027000000001 0
0.92797764999999999 0.05075089 0
0.90645933000000001 0.29629728 0
0.2494537 0.93601878000000005 0
0.24957245 0.15222337 0
0.24958408000000001 0.42388924 0
0.92797366000000003 0.95502578000000005 0
0.24967618999999999 0.34779268000000002 0
0.24968588 0.34723928999999998 0
0.24969943999999999 0.47523774000000002 0
0.24974395999999999 0.16449823 0
0.24978273000000001 0.70323283000000003 0
0.24981016 0.58117898999999995 0
0.93004964000000001 0.68822797999999996 0
0.24988949999999999 0.45627014999999999 0
0.24999492000000001 0.46851768999999999 0
0.25001388000000002 0.61606333999999996 0
0.25002590000000002 0.93464948999999997 0
0.25002751000000001 0.92704752999999995 0
0.90415975000000004 1 0
0.9032519 0.77677057999999999 0
0.25022242 0.32084606999999998 0
0.25030741000000001 0.5074147 0
0.97088748999999996 0.38314806000000001 0
0.25052056 0.53889160000000003 0
0.25053467000000001 0.70843562000000004 0
0.25066411999999999 0.89223564 0
0.25072434999999998 0.063056290000000001 0
0.25083689999999997 0.38622448999999998 0
0.25087958999999999 0.82369031999999998 0
0.25092039999999999 0.98629540999999998 0
0.25092386 0.80391639000000004 0
0.25095086 0.86082915999999998 0
0.90320900999999998 0.50203443999999997 0
0.25097226 0.053427559999999999 0
0.25099559999999999 0.31671473999999999 0
0.25101194999999998 0.43118190000000001 0
0.91791792000000005 0.22558244999999999 0
0.25107220000000002 0.82459101999999995 0
0.25116808000000002 0.41610625000000001 0
0.25117277999999998 0.92590331000000003 0
0.25120738999999997 0.81951008999999997 0
0.25120795000000001 0.39257889000000001 0
0.25129551999999999 0.32644859999999998 0
0.25131794000000002 0.10526981000000001 0
0.25132410999999999 0.27418548999999998 0
0.25141593000000001 0.50310133000000001 0
0.87110228000000001 0.29901989000000001 0
0.25145599000000002 0.85103178999999995 0
0.25150475999999999 0.30062708999999999 0
0.25151212000000001 0.24883390999999999 0
0.25152786999999999 0.78165638999999998 0
0.25156542999999998 0.57356448000000004 0
0.25161225999999998 0.29631784999999999 0
0.25161401 0.13581865000000001 0
0.25165628000000001 0.84818258000000002 0
0.25170208999999999 0.46900895999999997 0
0.25179109999999999 0.99283357999999999 0
0.25183518999999999 0.0036690400000000001 0
0.2518743 0.44845067999999999 0
0.25188459000000002 0.65148810000000001 0
0.25192609999999999 0.28393822000000002 0
0.25196153999999998 0.13208606000000001 0
0.25221571999999998 0.30380823000000001 0
0.25225430999999998 0.14197035999999999 0
0.25225911000000001 0.040665949999999999 0
0.93819744999999999 0.047347300000000002 0
0.89677468999999999 0.86880334000000004 0
0.25232040999999999 0.98088781999999997 0
0.25239367000000001 0.90070954999999997 0
0.25239384999999998 0.20405808 0
0.25244112000000002 0.35209886000000001 0
0.89416499999999999 0.24322922999999999 0
0.25249745000000001 0.48621954000000001 0
0.25249774000000003 0.23080305000000001 0
0.25263721 0.36194512000000001 0
0.25265389999999999 0.81269765000000005 0
0.25266367000000001 0.10713172 0
0.25272869999999997 0.75580714000000004 0
0.25275814000000002 0.95391961999999997 0
0.25276804000000003 0.52757432000000004 0
0.25279723999999998 0.90325915000000001 0
0.25280039999999998 0.39518101 0
0.90427135999999997 0.45339793 0
0.25283242 0.015660839999999999 0
0.25291032000000002 0.89734046000000001 0
0.25312361 0.76441159000000003 0
0.25315964000000002 0.77037043999999999 0
0.25316791 0.62965510999999996 0
0.25324893999999998 0.57433334999999996 0
0.25334870999999998 0.26127990000000001 0
0.25347170000000002 0.44858226000000001 0
0.25348788999999999 0.56540117000000001 0
0.25357507000000001 0.62449812000000005 0
0.25366392999999998 0.35679965000000002 0
0.25367641000000002 0.19733382999999999 0
0.25368773 0.85824628000000003 0
0.25374275000000002 0.11491169 0
0.25377022999999999 0.28636080000000003 0
0.25381988 0.96840621999999998 0
0.25389128 0.19841399000000001 0
0.25390916000000002 0 0
0.25398557999999999 0.93230464999999996 0
0.25404116999999998 0.43362684000000001 0
0.25404431999999999 0.68878740000000005 0
0.25408238 0.88448486000000004 0
0.25411581 0.11550332000000001 0
0.25412396999999998 0.93542400999999997 0
0.25414375 0.94238734000000002 0
0.25415103999999999 0.71449326999999996 0
0.89764421000000005 0.60359472999999997 0
0.25416505 0.60953288999999999 0
0.25420838000000001 0.75352198999999997 0
0.25432448000000002 0.97354689000000005 0
0.25455056999999998 0.15288012000000001 0
0.25463439999999998 0.32338559 0
0.25468549000000001 0.84512761000000003 0
0.25475082999999998 0.13495892000000001 0
0.25481867000000002 0.40437726000000002 0
0.25485457 0.38165631999999999 0
0.25499873000000001 0.99585813999999995 0
0.25501114000000003 0.16981102000000001 0
0.25522257999999998 0.043367290000000003 0
0.25524923999999999 0.086836389999999999 0
0.25526167 0.14952076 0
0.25530763000000001 0.25476523000000001 0
0.25531941000000002 0.23968216000000001 0
0.25534496000000001 0.19498662 0
0.25542589999999998 0.42780715000000002 0
0.25550830000000002 0.018198209999999999 0
0.25552140000000001 0.16642291000000001 0
0.25552250999999998 0.78334841 0
0.25561668999999998 0.46939550000000002 0
0.25573507000000001 0.60240108000000003 0
0.25576652 0.60044549999999997 0
0.25581745 0.27694913999999998 0
0.25587140000000003 0.37742133999999999 0
0.89765742999999998 0.94943812000000005 0
0.25595438999999998 0.021097970000000001 0
0.25599168999999999 0.083942970000000006 0
0.25606906000000001 0.82377652000000001 0
0.25613996 0.46696376000000001 0
0.25620992999999997 0.079513609999999998 0
0.25628107999999999 0.99323998000000002 0
0.25639499999999998 0.36714902999999999 0
0.25650020000000001 0.87785223000000001 0
0.90318693999999999 0.29092498 0
0.25666820000000001 0.21948287 0
0.25667525000000002 0.52172006999999998 0
0.89419428999999995 0.0074752200000000003 0
0.25675586 0.45267888000000001 0
0.25679611000000002 0.60762203000000004 0
0.25684372 0.99364722999999999 0
0.25688225999999997 0.71766052000000002 0
0.25689350999999999 0.099069660000000004 0
0.25689632000000001 0.22934689 0
0.25689993 0.18059146000000001 0
0.25692545 0.78071676999999995 0
0.25693153000000002 0.36177968999999999 0
0.25701270999999998 0.93044322999999995 0
0.25704167 0.32542111000000001 0
0.25704247000000002 0.37933876999999999 0
0.25709742000000002 0.80440478000000004 0
0.25720286999999997 0.67938915 0
0.25756862000000003 0.2442057 0
0.25757489 0.13587483 0
0.25758744 0.30355971999999998 0
0.25761008000000002 0.070049009999999995 0
0.25763717000000003 0.54100077999999996 0
0.25767110999999998 0 0
0.25775003000000002 0.52714863000000001 0
0.25779488 0.54973298000000004 0
0.25781863999999999 0.16981133000000001 0
0.25786061999999998 0.92498480000000005 0
0.99665992000000003 0.16090066 0
0.25808077000000001 0.31357068999999999 0
0.25815009999999999 0.4080047 0
0.25821543000000002 0.93318555000000003 0
0.25822209000000002 0.18100942 0
0.25825891000000001 0.28553233 0
0.25833779000000001 0.081358529999999998 0
0.25839900999999998 0.15727907999999999 0
0.25846301999999999 0.56945486999999995 0
0.25847407 0.30131891 0
0.25847796000000001 0.50052750999999995 0
0.25849708999999998 0.82092151999999996 0
0.25857486000000002 0.27839217999999999 0
0.25857763 0.00167479 0
0.25859048000000001 0.74483898000000004 0
0.93731337999999997 0.9052538 0
0.25866245999999998 0.79346872000000002 0
0.89486785999999996 0.74938877999999998 0
0.87477090000000002 0.27725548 0
0.25879090999999999 0.9062673 0
0.25885411000000003 0.69443105999999999 0
0.25892674999999998 0.61660320000000002 0
0.25900441000000002 0.87138053000000004 0
0.25900906000000001 0.99298396 0
0.25902037999999999 0.15075831000000001 0
0.25902115999999997 0.89676937000000001 0
0.25914897999999997 1 0
0.25922555000000003 0.84248729 0
0.87481483999999998 0.59609237999999998 0
0.93011259000000002 0.80957203 0
0.25928261000000002 0.18347332999999999 0
0.25929823000000002 0.94428188999999996 0
0.25932912000000002 0.58605172999999999 0
0.25938074 0.23472108 0
0.25953942000000002 0.73179287999999998 0
0.25956073000000002 0.22789138 0
0.25960566000000002 0.42327975000000001 0
0.25962937000000003 0.20533702000000001 0
1 0.19045732000000001 0
0.25986315999999998 0.70813687000000003 0
0.25996278 0.022144270000000001 0
0.25997274999999997 0.53216193000000001 0
0.26004105999999999 0.61595787000000002 0
0.26027073000000001 0.83289007000000004 0
0.26046535999999998 0.90661877999999996 0
0.26047264999999997 0.97060900999999999 0
0.26066922999999997 0.011238140000000001 0
0.26073031000000002 0.55630880000000005 0
0.2609534 0.48255564000000001 0
0.26106224 0.48277307000000003 0
0.26107037999999999 0.63590007000000004 0
0.26114491000000001 0.64743824999999999 0
0.26127687999999999 0.19184192 0
0.26139384999999998 0.70479866000000002 0
0.26140089 0.0039562399999999998 0
0.26149288999999998 0.96949574999999999 0
0.26149481000000002 0.36083787 0
0.96554852999999996 0.017843049999999999 0
0.26157439999999998 0.33592063 0
0.26157601000000003 0.49569456000000001 0
0.26159613999999998 0.48189574000000002 0
0.93931489000000001 0.68238723000000001 0
0.26167565999999998 0.031607209999999997 0
0.26180837000000001 0.50720715999999999 0
0.26185513999999999 0.88408361999999996 0
0.26185810999999998 0.088823070000000004 0
0.26186372000000002 0.92200576000000001 0
0.26205266999999999 0.96660252999999996 0
0.26209147999999999 0.72354388999999997 0
0.26214474999999998 0.72270849000000004 0
0.26216615999999998 0.11616605000000001 0
0.90616468999999999 0.93425320000000001 0
0.87482729999999997 0.46292928 0
0.26235604000000001 0.77867523999999999 0
0.26237365000000001 0.70133761999999999 0
0.26239430000000002 0.69167844999999994 0
0.26253373000000002 0.58217865000000002 0
0.26261232000000001 0.91248439999999997 0
0.26261904000000003 0.93112611000000001 0
0.26266794999999998 0.043171040000000001 0
0.26290244000000002 0.81877221 0
0.26291028 0.14522336999999999 0
0.26297618 0.93742861 0
0.26303427000000001 0.55309609999999998 0
0.26304525000000001 0.95603333000000001 0
0.26305477999999999 0.85067740000000003 0
0.26308242999999998 0.071130349999999995 0
0.93174880000000004 0.70253916000000005 0
0.26314559999999998 0.72109367999999996 0
0.89696372999999996 0.014599040000000001 0
0.26335268000000001 0.36357974999999998 0
0.26346623000000002 0.29810873999999998 0
0.26362385999999999 0.57474800999999998 0
0.93955456000000004 0.77445445999999996 0
0.26371973999999998 0.68108204999999999 0
0.26380843999999998 0.22852225000000001 0
0.26386999 0.01065207 0
0.26390548000000003 0.40492917 0
0.2639146 0.28855452999999998 0
0.93813400999999996 0.25537895999999999 0
0.26392532000000002 0.76482954000000003 0
0.26397042999999998 0.29632403000000002 0
0.26399355000000002 0.89901392999999996 0
0.26412484000000003 0.27827880999999999 0
0.26413242999999997 0.13171215999999999 0
0.26416094000000001 0.19957850999999999 0
0.87144197999999995 0 0
0.26420118999999997 0.69065346999999999 0
0.26457161000000001 0.67330120999999998 0
0.26459386000000001 0.34909713999999997 0
0.26465091000000002 0.27015004999999997 0
0.26465956000000002 0.077670970000000006 0
0.26467125000000002 0.73270064999999995 0
0.26471115000000001 0.48385809000000002 0
0.26472830000000003 0.99443148999999997 0
0.97018853999999999 0.16455703999999999 0
0.26476444999999998 0.86071189999999997 0
0.87806225999999998 0.85143557000000003 0
0.26482472000000001 0 0
0.26485136999999997 0.74108406999999998 0
0.26490154999999999 0.43068195999999997 0
0.26497755000000001 0.81432464999999998 0
0.93820313 0.77395683999999998 0
0.89487017000000002 0.11455985 0
0.26517033000000001 0.82667146000000002 0
0.26522359000000001 0.66036086999999999 0
0.26532514000000001 0.49879627999999998 0
0.26533442000000002 0.070116250000000005 0
0.26538229000000002 0 0
0.26540943 0.35510186999999999 0
0.26550434000000001 0.78587189000000002 0
0.26560053 0.45608335999999999 0
0.93174117000000001 0.0041514100000000003 0
0.26567480999999998 0.50420885000000004 0
0.26575913000000001 0.76618816000000001 0
0.26587739999999999 0.59697959 0
0.26596787999999999 0.56876972000000003 0
0.2660226 0.53546669000000002 0
0.90646183000000002 0.73014181 0
0.26612317000000002 0.070654430000000004 0
0.26625927999999999 0.65675561999999998 0
0.26632109999999998 0.16304434000000001 0
0.87560506000000005 0.61343881 0
0.26639221000000002 0.12743635 0
0.26643844 0.64214117000000004 0
0.26646454000000003 0.47249903999999998 0
0.26649435999999999 0.84363542999999996 0
0.26657743 0.46741028000000001 0
0.26669338999999997 0.71513751000000003 0
0.86726117999999996 0.94700578000000002 0
0.26680830999999999 0.070127640000000005 0
0.26684954999999999 0.73395730000000003 0
0.26715029000000001 0.62938530000000004 0
0.26715728 0.60796967999999996 0
0.26733118 0.60501826999999997 0
0.89490729999999996 0.12039909 0
0.26739676000000001 0.25496827 0
0.90655372000000001 0.37771020999999999 0
0.26745775999999999 0.91635538000000005 0
0.26781110000000002 0.11411244 0
0.26784043000000002 0.70829447999999995 0
0.26784176999999998 0.83432740999999999 0
0.26784529000000001 0.63107376000000004 0
0.26789703999999998 0.22183296 0
0.26791020999999998 0.17162732999999999 0
0.26798371999999998 0.62243672999999999 0
0.26805521999999998 0.91251125 0
0.26807065000000002 0.85631303000000003 0
0.26807626000000001 0.97920954999999998 0
0.26808419999999999 0.94253872000000005 0
0.26810413999999999 0.42074146000000001 0
0.26811276000000001 0.81175459999999999 0
0.26834441999999997 0.27370778000000001 0
0.26841093999999999 0.59951721999999996 0
0.26852584000000002 0.52216837999999999 0
0.26852859000000001 0.50433938 0
0.26865375000000002 0.93888892999999995 0
0.26869197 0.70954021 0
0.26880741000000002 0.92487522 0
0.26881167 0.27897440000000001 0
0.26887526 0.95931608999999995 0
0.26906598999999998 0.94930274999999997 0
0.26922843000000002 0.41622846000000002 0
0.26924395000000001 0.32660857999999998 0
0.26927272000000002 0.62676469999999995 0
0.26932398000000002 0.58593894999999996 0
0.90421088999999999 0.43501685000000001 0
0.26941834999999997 0.99814765999999999 0
0.26945572000000001 0.011933559999999999 0
0.26947080000000001 1 0
0.26959418000000002 0.31488194000000003 0
0.26966118 0.80214576999999998 0
0.26978134999999998 0.21376653000000001 0
0.2697967 0.62933706 0
0.26987116 0.27098169999999999 0
0.26999156000000002 0.82648535000000001 0
0.26999420000000002 0.96545566000000005 0
0.87509186999999999 0.28682657 0
0.27014558 0.093529870000000001 0
0.27017089999999999 0.80339139000000004 0
0.27024784000000002 0.36628993999999998 0
0.27028604000000001 0.52267019000000003 0
0.27028866000000001 0.15501223 0
0.27030599999999999 0.38533304000000002 0
0.27031654999999999 0.77909185000000003 0
0.27038561999999999 0.81698992999999998 0
0.27055268999999998 0.80149700999999995 0
0.27065270000000002 0.37469418999999998 0
0.27066945999999997 0.91355836999999995 0
0.2708354 0.42910934000000001 0
0.93747572999999995 0.15012228999999999 0
0.27112023000000002 0.79157896000000005 0
0.27114396000000002 0.48906412999999999 0
0.27127533999999998 0.92178903000000001 0
0.27152099000000002 0.77286065000000004 0
0.27155066999999999 0.28109012 0
0.27165486999999999 0.38134779000000002 0
0.2718373 0.12052443 0
0.27206075000000002 0.34332692999999997 0
0.27210115000000001 0.39533675000000001 0
0.27212002000000002 0.0076124000000000001 0
0.27216532999999998 0.54994723000000001 0
0.27224193000000002 0.15741437999999999 0
0.27234721000000001 0.64653165000000001 0
0.27236213999999997 0.95326206000000002 0
0.27236359999999998 0.40548227999999997 0
0.27243806999999998 0.71990525999999999 0
0.89418361999999996 0.19824919999999999 0
0.27257461999999999 0.10629891 0
0.27264809000000001 0.40045532 0
0.27272635000000001 0.69941467999999996 0
0.27277684000000002 0.84187654999999995 0
0.27283425 0.51651698999999995 0
0.89722798000000004 0.68152754000000004 0
0.93007492999999997 0.39059025000000003 0
0.87484839999999997 0.59158007000000001 0
0.27318346999999998 0.66829026000000002 0
0.27327035 0.94274234000000001 0
0.27335848000000001 0.98961889999999997 0
0.27341870000000001 0.67542685000000002 0
0.27348067999999998 0.71959434 0
0.2735146 0.43237471999999999 0
0.27357538999999997 0.52650326000000003 0
0.27359423999999999 0.26535365 0
0.27363722000000001 0.79272007 0
0.27384923 0.76749939 0
0.27392875 0.98181185999999998 0
0.27400493999999997 0.25438340999999998 0
0.27408439000000001 0.73288021000000003 0
0.27421968000000002 0.70121814000000005 0
0.27423649 0.83185724000000005 0
0.27425136999999999 0.91159058999999998 0
0.27430441999999999 0.71973567000000005 0
0.27431674 0.59622721999999995 0
0.27440086000000002 0.94739397000000003 0
0.27445655000000002 0.90656192000000002 0
0.27446179999999998 0.24906169 0
0.27448487999999999 0.46973232999999998 0
0.27449317000000001 0.22262655000000001 0
0.27450158000000002 0.45687647999999997 0
0.27457621999999998 0.2468457 0
0.27465293000000002 0.02975769 0
0.27468989999999999 0.70362241999999997 0
0.27471677 0.26101119 0
0.27477761000000001 0.16915715000000001 0
0.93962858000000005 0.58417034000000001 0
0.87490822999999995 0.40899849999999999 0
0.89750110999999999 0.022851659999999999 0
0.27505193999999999 0.10154663999999999 0
0.27509804999999998 0.94831801999999998 0
0.93191011999999995 0.91524538 0
0.27521706000000001 0.1450002 0
0.27521826999999999 0.85172956 0
0.27528750000000002 0.52013991999999998 0
0.27534142 0.18045852000000001 0
0.27535536999999999 0.92811480000000002 0
0.27537313000000002 0.88959516999999999 0
0.27537384999999998 0.37155740999999998 0
0.27544295000000002 0.38245024999999999 0
0.27551763000000001 0.87353285000000003 0
0.27560001000000001 0.089325280000000007 0
0.27567153999999999 0.035339559999999999 0
0.27567547999999997 0.4623853 0
0.27568155 0.1349717 0
0.27581271000000002 0.16153983999999999 0
0.27588411000000002 0.41218617000000002 0
0.27593729 0.59092789000000001 0
0.27599069999999998 0.95140005999999999 0
0.27600897000000002 0.72475767999999996 0
0.27603939999999999 0.33520316 0
0.27605390000000002 0.25708202000000002 0
0.27609991 0.17953214000000001 0
0.27617281999999999 0.18974849999999999 0
0.27622595999999999 0.12852647 0
0.27631107999999999 0.19725616000000001 0
0.27633301999999998 0.80735442999999996 0
0.27638151999999999 0.34099137000000002 0
0.90321677 0.12680258999999999 0
0.89431068999999996 0.11404367 0
0.27657331000000002 0.13868359 0
0.27663236000000002 0.25503879000000002 0
0.27668331000000002 0.33620705000000001 0
0.27681992 0.72449123000000004 0
0.27684188999999998 0.82760650999999996 0
0.27684419999999998 0.39913109000000002 0
0.27685811999999999 0.40705917000000003 0
0.93017114999999995 0.38780508000000002 0
0.27704526000000002 0.52756667999999995 0
0.27708827000000003 0.82271223999999998 0
0.27710873000000003 0.92079511999999997 0
0.27713302000000001 0.70429478999999995 0
0.27716257 0.62735326999999996 0
0.27719880000000002 0.10036846000000001 0
0.27741421999999999 0.66359636 0
0.27748928 0.41564464000000001 0
0.27749161 0.60705392000000002 0
0.27764619000000001 0.24882846 0
0.27769257000000003 0.51934902999999999 0
0.27769911000000003 0.10396137 0
0.27785395000000002 0.85845028999999995 0
0.27791538999999998 0.12332489000000001 0
0.27793019000000002 0.58575739999999998 0
0.27794116000000002 0.64016585999999998 0
0.27803748 0.60923179999999999 0
0.27811299 0.85099572999999995 0
0.27813668000000003 0.28794776 0
0.27819386000000002 0.69659636999999996 0
0.27820506 0.75444244000000005 0
0.27820748000000001 0.55320088999999995 0
0.27821875000000001 0.12252718999999999 0
0.27833670999999999 0.66260580999999996 0
0.27839039999999998 0.97226151999999999 0
0.27842061000000001 0.69330522000000006 0
0.27844405999999999 0.032696570000000001 0
0.27848569000000001 0.61904360000000003 0
0.27851019999999999 0.015979940000000002 0
0.27854510999999998 0.49164538000000002 0
0.27856196 0.085366010000000006 0
0.27858649000000002 0.45927435999999999 0
0.27869147 0.77752231999999999 0
0.27874637000000002 0.42297369000000001 0
0.27879283999999999 0.14085876 0
0.27882085000000001 0.22478667999999999 0
0.93818723000000004 0.51735483999999998 0
0.27884273999999998 0.068348599999999995 0
0.27888209000000003 0.62929363999999999 0
0.27909355000000002 0.84187579000000001 0
0.27911827 0.87660199999999999 0
0.27915518 0.82931907999999999 0
0.27925347 0.13781177 0
0.27932148000000001 0.42897014999999999 0
0.27933870999999999 0.35690674 0
0.27955074000000002 0.50119840999999998 0
0.90617674999999998 0.75381670000000001 0
0.27962890000000001 0.64298436000000003 0
0.27967216 0.25888014999999998 0
0.27968942000000002 0.37652249999999998 0
0.27973510000000001 0.50549263 0
0.27978197999999999 0.90740343000000001 0
0.27992186000000002 0.23038980000000001 0
0.27997150999999998 0.53307384000000002 0
0.27999414 0.54876784999999995 0
0.28004952 0.60507378000000001 0
0.28013353000000002 0.10139193000000001 0
0.93170991000000003 0.82788786000000003 0
0.28034416000000001 0.078537350000000006 0
0.28065973 0.17957007 0
0.28067646000000002 0.047213110000000003 0
0.28070855 0.79832625000000002 0
0.28072462999999998 0.99120529000000002 0
0.28085371999999997 0.35203983999999999 0
0.28090124 0.38736335999999999 0
0.93766987999999996 0.54261324 0
0.28100079 0.13380033999999999 0
0.28126149 0.96338157999999996 0
0.28128923 0.85485913000000002 0
0.28140950999999997 0.17981515000000001 0
0.28145451999999999 0.50095482999999996 0
0.28145921000000002 0.94938184999999997 0
0.28152571999999998 0.92379995000000004 0
0.28157428000000001 0.81777858000000003 0
0.28158090000000002 0.28838985 0
0.28158733000000002 0.95149059999999996 0
0.28166256000000001 0.24073088000000001 0
0.28166733999999999 0.86768023000000005 0
0.28176398000000002 0.41673210999999999 0
0.28180389 0.3846559 0
0.2818387 0.29584150999999997 0
0.28188096000000001 0.73486085999999995 0
0.28193924999999997 0.92667100000000002 0
0.28195709000000002 0.80343129999999996 0
0.28196063999999998 0.38137868000000003 0
0.28207887999999998 0.31587452999999999 0
0.28213027000000002 0.028077419999999999 0
0.28214367000000001 0.43794809000000001 0
0.28219713000000002 0.31993994999999997 0
0.28223166999999999 0.10447053000000001 0
0.28227291999999998 0.64863327000000004 0
0.28244784000000001 0.42554454000000003 0
0.28247338999999999 0.21781412999999999 0
0.28252335000000001 0.67737409000000004 0
0.28263575000000002 0.098861749999999998 0
0.28271467 0.79089036999999995 0
0.28274293 0.16618260000000001 0
0.28283185 0.57829036 0
0.28284114999999999 0.50839727000000001 0
0.93172951999999998 0 0
0.28304151 0.82609122999999995 0
0.28304660999999998 0.62528854 0
0.28306529000000002 0.010651539999999999 0
0.28312879000000002 0.03505175 0
0.28319946000000001 0.63025047000000001 0
0.90657237999999996 0.91729470000000002 0
0.89455541999999999 0.98378434999999997 0
0.28339921000000001 0.75617133999999997 0
0.28353979000000001 0.98234867999999997 0
0.28355981000000002 0.32287906 0
0.28358474 0.23429336000000001 0
0.28365591000000001 0.055623480000000003 0
0.28367459 0.76962273000000003 0
0.28375897 0.60003490999999998 0
0.28381711999999998 0.28956566 0
0.28386060000000002 0.87483734999999996 0
0.28388749000000002 0.016465770000000001 0
0.93191387999999997 0.77325518000000004 0
0.89783579999999996 0.24444277 0
0.28403851000000002 0.72350172999999995 0
0.28407843999999999 0.51288686999999999 0
0.28422199999999997 0.69693059000000002 0
0.28428513999999999 0.44870225000000002 0
0.28429729999999998 0.73211811999999998 0
0.28433928000000003 0.99317595999999997 0
0.28439898000000002 0.25383415999999998 0
0.28447288999999998 0.93948805000000002 0
0.28447517 0.53645533000000001 0
0.28450698000000002 0.069616230000000001 0
0.28460938000000002 0.079218629999999998 0
0.28469070000000002 0.78371531999999999 0
0.28471708000000001 0.14270492000000001 0
0.28474102000000001 0.87209440999999999 0
0.28476586999999998 0.73536628999999998 0
0.28482943999999999 0.80117737 0
0.28512509000000003 0.37520276000000002 0
0.93193950000000003 0.60830185000000003 0
0.90451046000000002 0.059953020000000003 0
0.28537970000000001 0.55482737000000004 0
0.28558700999999997 0.96026212 0
0.28559149 0.99697270999999998 0
0.28567674999999998 0.50457870999999999 0
0.28585546000000001 0.75983000000000001 0
0.2858754 0.36889005000000002 0
0.285885 0.42944991999999998 0
0.28598899999999999 0.84667126000000004 0
0.28600613000000003 0.63110306000000005 0
0.28604129 0.86016176 0
0.28605525999999998 0.68343606999999995 0
0.28622537999999997 0.40920868999999999 0
0.28624941999999998 0.78778935999999999 0
0.28640378999999999 0.97357874 0
0.28643285000000002 0.53172613999999996 0
0.28644308000000002 0.56748368000000005 0
0.28648152999999998 0.60040616000000002 0
0.28658520999999998 0.15990874999999999 0
0.28662082999999999 0.50095113999999996 0
0.90448428999999997 0.48708431000000002 0
0.28669833 0.50996540999999995 0
0.28675465999999999 0.35833076000000003 0
0.28677469999999999 0.82777615000000004 0
0.28681235999999999 0.29342267 0
0.28692658999999998 0.16989308 0
0.28703497 0.20013056000000001 0
0.28712557 0.47171352 0
0.28718786000000002 0.93228263 0
0.28727883999999998 0.69530440999999998 0
0.28729105999999999 0.45208911000000002 0
0.28743070999999998 0.19405819999999999 0
0.28769151999999998 0.61679006999999997 0
0.28775221000000001 0.35272564000000001 0
0.28780349999999999 0.92966439999999995 0
0.28782689 0.39830823999999998 0
0.93966722999999996 0.39698960999999999 0
0.90669263 0.43798157999999998 0
0.28801510000000002 0.27835349999999998 0
0.28802597000000002 0.30897689 0
0.28803346000000002 0.41667598 0
0.28809022000000001 0.59651818000000001 0
0.28814279999999998 0.22738828999999999 0
0.28816079999999999 0.88496366000000004 0
0.28816280999999999 0.87458935999999998 0
0.28819447999999998 0.59507966000000001 0
0.28828278000000002 0.49093508000000002 0
0.28840444999999998 0.47603577000000002 0
0.28842585999999998 0.78185265000000004 0
0.28866146999999998 0.21169060000000001 0
0.28869017000000002 0.69602242999999997 0
0.28871876000000002 0.84599862000000003 0
0.28885877999999998 0.13490055000000001 0
0.89493697999999999 0.65971983999999995 0
0.28900147999999998 0.32994879999999999 0
0.28908854 0.79908080999999997 0
0.28911587999999999 0.80036733999999998 0
0.28916574 0.66835913000000002 0
0.28921226 0.98696835000000005 0
0.28928409999999999 0.29098779000000002 0
0.28928746 0.11871288000000001 0
0.28936318999999999 0.85401733000000002 0
0.86771560999999997 0.59883410000000004 0
1 0.59051575000000001 0
0.89498286999999999 0.21000382000000001 0
0.28960307000000002 0.69971052 0
0.96475032000000005 0.1517975 0
0.28983294999999998 0.63071054999999998 0
0.28987417999999998 0.68431090000000006 0
0.28995852 0.079884949999999996 0
0.28996467999999997 0.99738574999999996 0
0.90383416999999999 0.83960239000000003 0
0.29019351999999998 0.40666521999999999 0
0.29020076 0.50677353000000003 0
0.29026123999999998 0.0054712800000000002 0
0.29027857000000001 0.5331207 0
0.29028899000000002 0.62209232000000003 0
0.29033873999999998 0.67697160999999995 0
0.29034575000000001 0.72097074999999999 0
0.29037833000000002 0.51723226 0
0.29052252000000001 0.64606045000000001 0
0.93961667999999998 0.49196953999999998 0
0.29052841000000001 0.94321851999999995 0
1 0.79094324999999999 0
0.29056119000000002 0.72966474999999997 0
0.29064894000000002 0.93238555999999995 0
0.90689348999999997 0.088476970000000002 0
0.29075097999999999 0.047643600000000001 0
0.93790273999999996 0.58566651999999997 0
0.93790764000000004 0.70856129999999995 0
0.29089175 0.63529537999999997 0
0.89791949000000004 0.93893278999999996 0
0.29112705 0.033227300000000001 0
0.29128524 0.77035074000000003 0
0.29134491000000001 0.23775583 0
0.29136721999999998 0.29855609999999999 0
0.29139922000000001 0.91481108 0
0.29149318000000002 0.93940506000000001 0
0.29152855 0.76041992000000003 0
0.29157198000000001 0.37140355000000003 0
0.29158233 0.23075778999999999 0
0.29165527000000002 0.57885140000000002 0
0.29170880999999999 0.57680361000000002 0
0.29172938999999998 0.31726140000000003 0
0.29177790999999997 0.90160625999999999 0
0.29179959 0.17857982999999999 0
0.29182798999999998 0.31072307999999998 0
0.29203954999999998 0.24546936 0
0.89794927000000002 0.84840287000000003 0
0.90468468999999996 0.59724356000000001 0
0.29215489 0.40103833 0
0.29216245000000002 0.91754398000000004 0
0.29219915000000002 0.22207761000000001 0
0.2922806 0.10223479000000001 0
0.29230097999999999 1 0
0.29234198 0.51788827999999998 0
0.93185375999999998 0.6687246 0
0.29244967999999999 0.054578939999999999 0
0.29245710000000003 0.40675587000000002 0
0.29253417999999998 0.13188042 0
0.29255746999999999 0.25689857999999999 0
0.29262345000000001 0.089966779999999996 0
0.29268266999999998 0.20454892 0
0.93829182 0.93019598999999997 0
0.29276057999999999 0.62951891999999998 0
0.29285717 0.58776821000000001 0
0.29293072999999997 0.071673689999999998 0
0.29294780999999998 0.04125032 0
0.89448872999999995 0.12979331999999999 0
0.29312793999999998 0.060520730000000002 0
0.29315730000000001 0.87600624000000005 0
0.29324952999999998 0.26598369999999999 0
0.29336993 0.52807077999999996 0
0.29337469999999999 0.23435590000000001 0
0.29347790000000001 0.70887564999999997 0
0.29348075000000001 0.64258187 0
0.29366298000000002 0.29819004999999998 0
0.29375588000000002 0.44899420000000001 0
0.29375638999999998 0.55326723 0
0.29376422000000002 0.80754941999999996 0
0.29378600999999999 0.19869385000000001 0
0.29381618999999998 0.44494919999999999 0
0.93988313000000001 0.75744621999999995 0
0.2938984 0.33353952999999997 0
0.29393626 0.19120835 0
0.29399465000000002 0.14260109000000001 0
0.29411578999999999 0.56386334999999999 0
0.29442383999999999 0.094799170000000002 0
0.29442550000000001 0.98333800000000005 0
0.29455223000000003 0.77790387000000005 0
0.29462851000000001 0.95712474000000003 0
0.29468962999999998 0.59387906000000001 0
0.29476448999999999 0.11296924999999999 0
0.29479360999999998 0.79429059999999996 0
1 0.82618491999999999 0
0.8949762 0.48693543 0
0.29531323999999998 0.28879603999999998 0
0.29536828999999998 0.83378768999999997 0
0.93027910999999996 0.23279032 0
0.29541003999999998 0.10257476 0
0.29542178000000002 0.66669071999999996 0
0.29542794999999999 0.67511500000000002 0
0.29543650999999999 0.40460913999999998 0
0.29547679999999998 0.86760517999999998 0
0.29548503999999998 0.58049446999999998 0
0.93063145000000003 0.32997894999999999 0
0.89457355000000005 0.034826549999999998 0
0.89725588999999994 0.79365129000000001 0
0.29587553 0.67195289000000002 0
0.29592984 0.71726822000000001 0
0.29594364000000001 0.62148515999999998 0
0.29597783 0.54215405000000005 0
0.29601431 0.34451004000000002 0
0.90683961000000002 0.0097829400000000004 0
0.90405813999999995 0.51524185 0
0.29619589000000002 0.49371134999999999 0
0.29625818999999998 0.92811639999999995 0
0.29631473000000003 0.75269556000000004 0
0.29632824000000002 0.84732932999999999 0
0.29641071000000002 0.87995672000000003 0
0.29648169000000002 0.88565106000000005 0
0.29649186 0.70119123000000005 0
0.29663845 0.21691477000000001 0
0.29692080999999998 0.22986285000000001 0
0.29697773 0.25613601000000003 0
0.93823129999999999 0.98689258999999996 0
0.29714097 0.27446196 0
0.29719564999999998 0.72823928999999998 0
0.29732658000000001 0.10699684 0
0.29735292000000002 0.78868121999999996 0
0.29744345 0.80809600999999998 0
0.29753292999999997 0.045554989999999997 0
0.29757676 0.79015025999999999 0
0.29763537000000001 0.48298765999999999 0
0.29765895999999997 0.92673815000000004 0
0.29768567000000001 0.22123451 0
0.29786185999999998 0.93559077000000002 0
0.93196294000000002 0.071228260000000002 0
0.29804068 0.84594237000000005 0
0.29806547999999999 0.74659995999999995 0
0.29816313999999999 0.29280590000000001 0
0.29822324 0.16731987000000001 0
0.29830607999999997 0.96095980999999997 0
0.29839773000000003 0.62568526999999996 0
0.29840665999999999 0.24810478999999999 0
0.29840804999999998 0.56810589 0
0.29840995999999997 0.43028146 0
0.29844627000000001 0.23167362999999999 0
0.29847932999999999 0.46890714 0
0.29860245000000002 0.44837067000000003 0
0.29862779 0.21390348000000001 0
0.29864138000000001 0.13904575 0
0.93184476000000005 0.85591183999999998 0
0.29871461999999999 0.71858420999999995 0
0.93989515999999995 0.85120722999999998 0
0.29877248000000001 0.37750546000000001 0
0.29877657000000002 0.23576525000000001 0
0.29880983999999999 0.47408159999999999 0
0.29883124999999999 0.054364500000000003 0
0.29885005999999997 0.23739365000000001 0
0.29890934000000002 0.37343375000000001 0
0.29892513999999998 0.91127267999999995 0
0.29893656000000002 0 0
0.29912291000000002 0.66229336999999999 0
0.29921924999999999 0.15921038000000001 0
0.29925715000000003 0.22204323000000001 0
0.29928558 0.59716895999999997 0
0.29935654 0.75816037000000003 0
0.29943012000000002 0.28544355999999999 0
0.29949853999999998 0.076027159999999996 0
0.29959974 0.86708896000000002 0
0.29960989999999998 0.98939615000000003 0
0.29964523999999998 0.30550841000000001 0
0.29979500999999997 0.11380405 0
0.29987740000000002 0.51057494000000003 0
0.29993765999999999 0.26707110000000001 0
0.29994494999999999 0.98247713000000003 0
0.29995892000000002 0.49796448999999998 0
0.30001736000000001 0.61421771000000003 0
0.30010710000000002 0.64861738999999996 0
0.90692556999999996 0.65403654 0
0.30025418999999998 0.91418034000000004 0
0.30029194999999997 0.94787485999999999 0
0.30032002000000002 0.66577182999999995 0
0.30036912999999998 0.96883706000000003 0
0.30040964999999997 0.85053891000000004 0
0.30041726000000002 0.86207869000000004 0
0.89828264999999996 0.23030191999999999 0
0.30052097999999999 0.93133763999999997 0
0.30054214000000001 0.18034845999999999 0
0.30054674999999997 0.072737079999999996 0
0.30055035000000002 0.025255 0
0.30060075000000003 0.68531690000000001 0
0.30060284999999998 0.97335214999999997 0
0.30067934000000002 0.93956083999999995 0
0.30083800999999999 0.080688780000000002 0
0.30092403000000001 0.11988329 0
1 0.65280662 0
0.30114305000000002 0.61868387999999996 0
0.89447558000000005 0.093822320000000001 0
0.30126327000000003 0.32062596999999998 0
0.30137081999999998 0.36477731000000002 0
0.30142433000000002 0.37103533 0
0.30145818000000002 0.80472052000000005 0
0.90408244999999998 0.82554647999999997 0
0.30173266999999998 0.68696358999999996 0
0.30175997999999998 0.70477959000000001 0
0.30203725999999997 0.45864039000000001 0
0.30211082 0.54190448000000002 0
0.30219392 0.15080176000000001 0
0.30229022999999999 0.98232311999999999 0
0.30230924999999997 0.086492520000000003 0
0.30234053 0.98928925000000001 0
0.30240692000000002 0.38321882000000002 0
0.30242200000000002 0.25161946000000002 0
0.30246903000000003 1 0
0.30249999 0.38033747000000001 0
0.30257408000000002 0.28590362000000002 0
0.89496761000000002 0.34393209000000002 0
0.30265840999999999 0.68522105 0
0.93982743000000002 0.57558498000000002 0
0.30286357000000003 0.86168686999999999 0
0.30286851999999997 0.32555210000000001 0
0.30290113000000002 0.65599043999999995 0
0.30293807 0.64220635999999998 0
0.30297360000000001 0.089421039999999993 0
0.30297537000000002 0.94704562999999997 0
0.30310912000000001 0.91918756000000001 0
0.30313244 0.48147363999999998 0
0.30315978999999998 0.67036311999999998 0
0.30318395999999997 0.037940639999999998 0
0.30323956000000002 0.26602443999999997 0
0.30328599000000001 0.58665098000000004 0
0.86776063999999997 0.51390906999999997 0
0.93019043000000001 0.14641582 0
0.30341421000000002 0.89032982999999999 0
0.30342000000000002 0.13487061 0
0.30344093 0.098392129999999994 0
0.30352402000000001 0.54336510999999998 0
0.93075322999999999 0.026225620000000002 0
0.30358528000000001 0.80010281999999999 0
0.30369485000000002 0.60276991999999996 0
0.30371600999999998 0.93771877000000003 0
0.30389210999999999 0.50957129999999995 0
0.30393861999999999 0.95511210999999996 0
0.30397094000000002 0.12068367000000001 0
0.93967663999999995 0.36234717 0
0.30414982000000002 0.78198213999999999 0
0.30418524000000002 0.84725351000000004 0
0.30443989999999999 0.23893053 0
0.30453338000000002 0.36787225000000001 0
0.30456107999999998 0.88705913999999997 0
0.30457437999999998 0.36347998999999998 0
0.30457588000000002 0.73567965000000002 0
0.30463707000000001 0.41791326000000001 0
0.30468378000000002 0.06164526 0
0.30468978000000002 0.14203347999999999 0
0.30469252000000002 0.35348760000000001 0
0.30471904 0.65010645 0
0.30477422999999998 0.66540310999999996 0
0.30477936999999999 0.67263810000000002 0
0.30480305000000002 0.66349628000000005 0
0.30482640999999999 0.74717692999999996 0
0.30483764000000002 0.19922381 0
0.86783125000000005 0.43564006999999999 0
0.89803818999999996 0.69991093000000004 0
0.30510006000000001 0.46091828000000001 0
0.30511344000000001 0.23095889 0
0.90490868999999996 0.20670051 0
0.30525364999999999 0.67017258000000002 0
0.30527743000000002 0.97005532999999999 0
0.30536936999999997 0.39593108999999999 0
0.30540989000000002 0.18379876000000001 0
0.30547068999999999 0.62162930000000005 0
0.89471756000000002 0.96154605000000004 0
0.30554508000000002 0.92645772000000004 0
0.30555639000000001 0.21520020000000001 0
0.30566373000000002 0.81594197999999996 0
0.30568362999999998 0.083572170000000001 0
0.96489738000000003 0.26056604999999999 0
0.30587840999999999 0.83588552999999999 0
0.30590181 0.78945301999999995 0
0.30595799000000001 0.81189020999999995 0
0.30603068 0.51623869 0
0.30619899 0.55884705999999995 0
0.30620734999999999 0.22741623999999999 0
0.30632419999999999 0.066776349999999998 0
0.30635422000000001 0.61431628000000005 0
0.30637595000000001 0.59707566999999995 0
0.30644945000000001 0.40618522000000001 0
0.30651033 0.26902706999999998 0
0.30651568000000001 0.10148996 0
0.89738735000000003 0.17668016 0
0.93970489000000001 0.57189919 0
0.30662989000000002 0.02707116 0
0.30663836999999999 0.049645469999999997 0
0.30670862999999998 0.37185877000000001 0
0.30673940999999999 0.90918284999999999 0
0.30687473999999998 0.64489165999999998 0
0.30689498999999998 0.01192385 0
0.30693595000000001 0.11727714 0
0.30695887999999999 0.11432841000000001 0
0.30698027999999999 0.89138609000000002 0
0.30702753999999999 0.69550564000000004 0
0.307035 0.90132977999999997 0
0.30706762999999998 0.94467573999999999 0
0.30717445999999998 0.82481735 0
0.90366816000000005 0.94380881000000005 0
0.30721007 0.13219196999999999 0
0.30722323000000001 0.79926127999999996 0
0.30731032000000003 0.85770709999999994 0
0.30734715000000001 0.84578255999999996 0
0.30737057000000001 0.20715453 0
0.30755226000000002 0.92500342000000002 0
0.30766861000000001 0.85041966999999996 0
0.30781724999999999 0.28870507000000001 0
0.30793220999999998 0.91908904999999996 0
0.30794555000000001 0.45190852999999997 0
0.30797847 0.86733156 0
0.30803306000000003 0.19617143000000001 0
0.30805109000000003 0.6862994 0
0.90681248000000003 0.66966165 0
0.30811189 0.087931990000000002 0
0.30814232000000003 0.77055203000000005 0
0.30814362000000001 0.42646197000000002 0
0.30815737999999998 0.72240863 0
0.30823604999999998 0.50183392999999998 0
0.90482536000000002 0.95210384999999997 0
0.30831575 0.38001392000000001 0
0.30832967 0.92459756000000004 0
0.89755346999999996 0.26022878999999999 0
0.30848277000000002 0.22744492999999999 0
0.30848931000000002 0.58041359999999997 0
0.89803988000000001 0.22565431999999999 0
0.30850506 0.43925955 0
0.30862577000000002 0.51299965000000003 0
0.90625356999999995 0.39133602000000001 0
0.30870192000000002 0.67671804999999996 0
0.30884019000000001 0.88539319999999999 0
0.3089942 0.31552682999999998 0
0.30905409 0.10629714 0
0.30908636 0.39286481000000001 0
0.30910114999999999 0.53245748999999998 0
0.90564191000000005 0.91300643000000004 0
0.30911719999999998 0.19135801 0
0.30925738000000003 0.52911719000000002 0
0.30931778999999998 0.33979413000000003 0
0.30939794999999998 0.00894994 0
0.30941102999999998 0.65394606 0
0.30949151000000003 0.89016004000000004 0
0.99565265000000003 0.59735026999999996 0
0.90557529999999997 0.81728654999999995 0
0.30955219 0.17490267000000001 0
0.30955997000000002 0.76244993000000005 0
0.30965461 0.46717794000000001 0
0.30977190999999998 0.35751557 0
0.30984102000000002 0.37473114000000002 0
0.30989791999999999 0.60074917999999999 0
0.31000303000000001 0.79931746000000004 0
0.31005323000000001 0.54819488999999999 0
0.96474075999999997 0.91437115999999996 0
0.31007929000000001 0.49317750999999999 0
0.89591065999999997 0.46858630000000001 0
0.31014387999999998 0.44575176999999999 0
0.31020145999999998 0.026821950000000001 0
0.31021910000000003 0.95765274 0
0.31023564999999997 0.69378812000000001 0
0.86784161000000004 0.62022542999999997 0
0.89518038 0.84979453000000005 0
0.31049057000000002 0.17111282999999999 0
0.31050977000000002 0.65898405000000004 0
0.93843061000000005 0.58393320000000004 0
0.31055361999999997 0.75876217999999995 0
0.31058559000000002 0.85016168999999997 0
0.89504786999999997 0.21828760999999999 0
0.31072288999999997 0.62810674 0
0.31076536999999999 0.46936270000000002 0
0.31076911000000002 0.040973580000000002 0
0.31078846999999998 0.35570657 0
0.31080871999999998 0.36128321000000002 0
0.31084018000000002 0.017405879999999999 0
0.31093676999999997 0.32324636000000001 0
0.31096077999999999 0.24700083 0
0.31098541000000002 0.11994013000000001 0
0.31107591000000001 0.34806970999999998 0
0.31107739000000001 0.88119201999999996 0
0.31116178999999999 0.77903237999999997 0
0.90621967999999997 0.261847 0
0.31120586 0.69383158 0
0.31159983000000002 0.23401619000000001 0
0.31166370999999998 0.38887250000000001 0
0.31177634999999998 0.84395056999999996 0
0.31181519000000002 0.39837193999999998 0
0.31182939999999998 0.89342942000000003 0
0.31201569000000001 0.13955619999999999 0
0.31206526000000001 0.66216010000000003 0
0.31217154000000003 0.15595033999999999 0
0.31219989999999997 0.65354895999999996 0
0.31225418999999999 0.66101962000000003 0
0.31225766999999999 0.88713286000000002 0
0.31228382999999998 0.92196988000000002 0
0.31230444000000002 0.39475348999999998 0
0.31233929999999999 0.67796820999999996 0
0.31236161000000001 0.67490879000000004 0
0.31237749999999997 0.47678545 0
0.31239961999999999 0.075895589999999999 0
0.31246491999999998 0.68631836999999996 0
0.31254961999999997 0.59662859000000001 0
0.31256716000000001 0.35680927000000001 0
0.90643478 0.77763789999999999 0
0.90591915000000001 0.0076429799999999997 0
0.31265248000000001 0.54211016000000001 0
0.31268828999999998 0.48405922000000001 0
0.93190605000000004 0.80700987999999996 0
0.31271318999999997 0.94581727999999998 0
0.89583051000000002 0.41541887999999999 0
0.31282341000000002 0.81487509000000002 0
0.31284951 0.87178021000000006 0
0.31285151999999999 0.68046054 0
0.31286762000000001 0.094428349999999994 0
0.31294764000000003 0.41935011999999999 0
0.31295256999999999 0.24886021 0
0.31298087000000002 0.69776833999999999 0
0.93209158000000003 0.12666331 0
0.31314587999999999 0.70015839999999996 0
0.31314901000000001 0.86450751000000003 0
0.31329915000000003 0.58070719000000004 0
0.3133147 0.24671148000000001 0
0.31333250000000001 0.36715789999999998 0
0.31336213000000002 0.18283086000000001 0
0.31341957999999998 0.04853056 0
0.31342980999999998 1 0
0.89590084000000003 0.19532093 0
0.31351190000000001 0.13315233000000001 0
0.31359308000000002 0.12568752 0
0.31362485000000001 0.03014857 0
0.31363442000000002 0.85833641999999999 0
0.31366840000000001 0.42722796000000002 0
0.31373003999999999 0.063394489999999998 0
0.31375562000000001 0.10842153 0
0.31382318999999997 0.52864363999999997 0
0.93060208 0.13031111000000001 0
0.31390920999999999 0.37005158999999999 0
0.31402259999999999 0.14550937 0
0.31402561000000001 0 0
0.31407665000000001 0.19983160999999999 0
0.31414055000000002 0.77562615999999995 0
0.31423667 0.77828092000000004 0
0.31427244999999998 0.35980595999999998 0
0.31431646000000002 0.38050304000000001 0
0.31431847000000002 0.31643558999999999 0
0.31443590999999999 0.099005850000000006 0
0.31454298000000003 0.90127983 0
0.31457502999999998 0.71234470000000005 0
0.31468278 0.041235470000000003 0
0.31484255 0.074777629999999998 0
0.31484947000000002 0.47225606999999997 0
0.31487501000000001 0.15607774999999999 0
0.31488168999999999 0.27965400000000001 0
0.31490166000000003 0.55243708000000002 0
0.31498774000000002 0.60646089000000003 0
0.31508480999999999 0.21858831000000001 0
0.31518081999999997 0.93537729000000003 0
0.31527527 0.38089845999999999 0
0.31528170999999999 0.98183087999999996 0
0.31528645 0.74350859000000002 0
0.86820030000000004 0.49883649000000002 0
0.31530221000000003 0.19430749 0
0.31531330000000002 0.28777008999999998 0
0.31535443000000002 0.62608180999999996 0
0.31541570000000002 0.62926294000000005 0
0.31543398 0.84667062000000004 0
0.31549199 0.63565835000000004 0
0.31567063000000001 0.61887113000000005 0
0.31568785999999999 0.46800382000000001 0
0.31573287 0.60962227000000002 0
0.31573874000000002 0.68083691000000002 0
0.31574023000000001 0.58473573000000001 0
0.31586335999999998 0.74744911999999997 0
0.31593078000000002 0.66911814000000003 0
0.31607579000000002 0.23964318000000001 0
0.31608728000000003 0.37270311 0
0.31623096000000001 0.68752612999999996 0
0.31633674000000001 0.57798461000000001 0
0.31634477999999999 0.89228810000000003 0
0.31634519 0.54447301000000004 0
0.31640230000000003 0.84358679999999997 0
0.31641515999999997 0.76847957 0
0.31643207000000001 0.25946068 0
0.31654917999999999 0.46065244999999999 0
0.31667083000000001 0.96366828999999998 0
0.31667768000000002 0.39109079000000002 0
0.31670587 0.56752175999999999 0
0.31671348999999999 0.34930920999999998 0
0.31673403999999999 0.19831672 0
0.31676406000000001 0.83227404000000005 0
0.31683628000000003 0.59490173999999996 0
0.31683792 0.23751001999999999 0
0.31688026000000002 0.020339380000000001 0
0.31690668999999999 0.12814295000000001 0
0.31693507999999998 0.7640574 0
0.93096656 0.035126030000000003 0
0.31701326000000002 0.42014057999999999 0
0.31714196 0.76906118000000001 0
0.31718438999999998 0.15120353 0
0.31727948 0.76422100999999998 0
0.31730910000000001 0.43761123000000002 0
0.31733928 0.13446636000000001 0
0.31735155999999998 0.21219561000000001 0
0.31738581999999999 0.27269566000000001 0
0.31742682999999999 0.18096717000000001 0
0.31752913999999999 0.89501997 0
0.31754176000000001 0.87747136999999997 0
0.31755439000000002 0.069210629999999995 0
0.31756498999999999 0.18004706000000001 0
0.31773301999999998 0.58440318000000002 0
0.31778919999999999 0.72294729000000002 0
0.31784083000000002 0.16678265 0
0.31785638999999999 0.0035369899999999998 0
0.31796384 0.90221994999999999 0
0.31800700999999998 0.45095735999999997 0
0.31802622000000003 0.50189653999999995 0
0.31807372 0.67610912999999995 0
0.31816077999999998 0.12551643000000001 0
0.31819637000000001 0.92621849999999994 0
0.31821976000000002 0.69892443000000004 0
0.31822306 0.32766862000000002 0
0.31833345000000002 0.18189981999999999 0
0.31838875 0.035607 0
0.31841724999999999 0.23448501999999999 0
0.31857428999999998 0.11790906 0
0.31862477 0.02261813 0
0.31881489000000002 0.55852504999999997 0
0.93078733999999996 0.11495651 0
0.96433444000000001 0.39406024000000001 0
0.31897304999999998 0.08246328 0
0.31898136999999999 0.62380429999999998 0
0.31909598 0.72784497000000004 0
0.31910897999999999 0.95638645 0
0.94054484999999999 0.15617116 0
0.31912452000000002 0.41965348000000002 0
0.31919319000000002 0.41989763000000002 0
0.93059407999999999 0.41928158999999998 0
0.31929998999999998 0.85454909000000001 0
0.31933541999999998 0.14730987000000001 0
0.31937861000000001 0.91657171999999998 0
0.31938756000000001 0.59723598 0
0.31939687 1 0
0.89832076999999999 0.93237948000000004 0
0.31960253999999999 0.90167870000000006 0
0.31960802999999999 0.056772030000000001 0
0.31964157999999998 0.15062064999999999 0
0.31979805 0.39368249 0
0.3198357 0.30065508000000002 0
0.31984901999999998 0.12947821000000001 0
0.31989147000000001 0.94487982999999998 0
0.96489278000000001 0.33588721999999999 0
0.32003951000000003 0.40492034999999998 0
0.93096973000000005 0.67661249000000001 0
0.32007664000000002 0.86702349000000001 0
0.32008750000000002 0.91593469999999999 0
0.32023251000000003 0.82743962000000004 0
0.32039330999999999 0.72211431999999998 0
0.32039687 0.51221978999999995 0
0.32041694999999998 0.40742316000000001 0
0.32053118000000003 0.26446312999999999 0
0.93992235000000002 0.47262936999999999 0
0.32068595 0.35990601999999999 0
0.32077175000000002 0.53880117999999999 0
0.32079528000000002 0.93715362999999996 0
0.32082490000000002 0.74986934000000005 0
0.89875139999999998 0.16139965000000001 0
0.32090111999999998 0.13446551000000001 0
0.32094792 0.39702520000000002 0
0.94074601999999996 0.16385893000000001 0
0.32104160999999998 0.72167340000000002 0
0.32117000000000001 0.33988881999999998 0
0.32117931 0.64967458 0
0.32132465999999998 0.84076371999999999 0
0.93097127000000002 0.91953377999999997 0
0.90736675 0.55143492999999999 0
0.32148817000000002 0.14662513999999999 0
0.32160433999999999 0.82356092999999997 0
0.89879326000000004 0.38862362 0
0.32174643000000003 0.093829319999999994 0
0.32176156 0.49172855999999998 0
0.32179721 0.31100080000000002 0
0.32187895999999999 0.12715366 0
0.32191463999999997 0.54599785000000001 0
0.32196254000000002 0.13007253999999999 0
0.32201457 0.56199471999999995 0
0.32201550000000001 0.87244650999999995 0
0.32205658999999998 0.97137242999999995 0
0.32205689999999998 0.64548620000000001 0
0.32216624999999999 0.097902699999999995 0
0.32222457999999998 0.39207765999999999 0
0.32224858000000001 0.36095472000000001 0
0.93839908999999999 0.19673624000000001 0
0.90695013000000002 0.10115874 0
0.32251187999999997 0.74809822999999998 0
0.32254563000000003 0.35886813000000001 0
0.90699417999999998 0.88978188000000002 0
0.32265572999999997 0.23663952999999999 0
0.32270897999999998 0.98787342 0
0.32273585999999999 0.98731555000000004 0
0.32284252000000002 0.53231001 0
0.32287227000000002 0.24606389000000001 0
0.94068278999999999 0.040427989999999997 0
0.32291171000000002 0.65026837999999998 0
0.32295719000000001 0.95182191000000005 0
0.32310549999999999 0.17265944 0
0.32311359000000001 0.16057188999999999 0
0.32314515999999999 0.67584283999999994 0
0.32315754000000002 0.42425748000000002 0
0.32315832999999999 0.10169399 0
0.32317476000000001 0.99492986000000005 0
0.32339528000000001 0.21490714999999999 0
0.32341192000000002 0.84715775999999998 0
0.32342117999999997 0.41617945000000001 0
0.32352172000000001 0.47912046000000003 0
0.32353601999999998 0.84866584 0
0.32358819 0.70854139999999999 0
0.32360740999999998 0.38661204999999998 0
0.32367119999999999 0.19111729 0
0.32372158000000001 0.56679685999999996 0
0.32376211999999999 0.88891516999999998 0
0.32379780000000002 0.17438196 0
0.32383757000000002 0.43936265000000002 0
0.32384902999999998 0.55297985999999999 0
0.90490881000000001 0.25062230000000002 0
0.93831447999999995 0.082823099999999997 0
0.32395827999999999 0.73111610999999999 0
0.32399098999999998 0.96882696999999995 0
0.93872630000000001 0.96803916999999995 0
0.32412123999999998 0.68816047999999996 0
0.32422426999999998 0.63356919 0
0.32423638999999999 0.034589780000000001 0
0.90513284000000005 0.83372117000000001 0
0.90515356000000002 0.30431582000000001 0
0.32437965000000002 0.058630969999999998 0
0.32438344000000002 0.022180990000000001 0
0.32439643000000001 0.34317785000000001 0
0.32446423000000002 0.35315835000000001 0
0.32450499999999999 0.076248969999999999 0
0.32451094000000003 0.22137856 0
0.32453289000000002 0.29934944000000002 0
0.32455895000000001 0.77512331999999995 0
0.32459796000000002 0.95045296999999995 0
0.32471038000000002 0.97372082000000004 0
0.32477715000000001 0.48127217999999999 0
0.32490101999999998 0.36421281999999999 0
0.32491233000000003 0.43294253999999999 0
0.94064492 0.41279029 0
0.32494812000000001 0.25822044999999999 0
0.32498153000000002 0.019964659999999999 0
0.32510084 0.31934905000000002 0
0.32510683000000001 0.23318605000000001 0
0.32523447999999999 0.76974567000000005 0
0.32525659000000001 0.73531862999999997 0
0.32529587999999998 0.58190006999999999 0
0.32547161000000002 0.76532093999999995 0
0.32554712000000002 0.59005936999999997 0
0.32555864000000001 0.90441817000000002 0
0.32559049000000001 0.33706240999999998 0
0.32571477999999998 0.96329538999999997 0
0.32575174000000001 0.37262996999999998 0
0.32575416000000001 0.92255768000000005 0
0.32588047999999997 0.42809954 0
0.32593569999999999 0.13021002000000001 0
0.32604221 0.46512303999999999 0
0.32626588000000001 1 0
0.32632894000000001 0.68074230000000002 0
0.32634920000000001 0.054322450000000001 0
0.32648327999999999 0.46927155999999998 0
0.32650422000000001 0.4805007 0
0.32655957000000002 0.75937114999999999 0
0.32659311000000002 0.95464627999999996 0
0.90533770000000002 0.35471724999999998 0
0.97255543 0.15112487999999999 0
0.32680469000000001 0.14061702000000001 0
0.32689593 0.37976890000000002 0
0.32694263000000001 0.42567524000000001 0
0.32698074999999999 0.78452582000000004 0
0.32700699 0.41008196000000002 0
0.32713302999999999 0.83050984999999999 0
0.32717492999999997 0.96667835000000002 0
0.32726298999999998 0.76473166999999997 0
0.32726872000000001 0.62100515000000001 0
0.32756298 0.11157918 0
0.93228390000000005 0.086487229999999998 0
0.32758990999999998 0.58074650000000005 0
0.32762857000000001 0.0041730700000000001 0
0.32776586000000002 0.87955015999999997 0
0.32777110999999998 0.69353410999999998 0
0.32777957000000002 0.75430715999999998 0
0.32806818999999998 0.54673386000000002 0
0.90600985999999994 0.38764025000000002 0
0.32814712000000001 0.84802383999999997 0
0.32819139000000003 0.21745917000000001 0
0.32836370999999998 0.25022759999999999 0
0.32836683999999999 0.066514390000000007 0
0.32839233000000001 0.35609748000000002 0
0.32839953 0.54006986999999995 0
0.32841066000000002 0.38865918999999999 0
0.32843249000000002 0.62048389999999998 0
0.93232983000000003 0.15331875 0
0.94014145000000005 0.50387576000000001 0
0.32857391000000002 0.32821299999999998 0
0.32862896000000003 0.0062666600000000003 0
0.32866906000000001 0.58258982999999998 0
0.32877803999999999 0.97528599999999999 0
0.93881044000000002 0.67059005000000005 0
0.32883104000000002 0.85783434999999997 0
0.32890092999999998 0.58878132999999999 0
0.32895500999999999 0.44285934999999998 0
0.32899833000000001 0.91634886999999998 0
0.32903975000000002 0.12258924 0
0.90732889999999999 0.60059655000000001 0
0.32934246 0.77017933000000005 0
0.32936752000000002 0.75926132999999996 0
0.32940768999999998 0.32818496000000003 0
0.32944129 0.50814994000000002 0
0.32948139999999998 0.88651111999999999 0
0.32960513000000002 0.33118536999999998 0
0.32962849 0.96288094999999996 0
0.32973580000000002 0.24267778000000001 0
0.32990046000000001 0.61999159000000004 0
0.32992164000000002 0.82460226000000003 0
0.93900828999999997 0.93606263000000001 0
0.93211124000000001 0.60036864999999995 0
0.33010837999999998 0.57153774999999996 0
0.33018952000000001 0.40414251000000001 0
0.33024331000000001 0.65568899000000003 0
0.33025534000000001 0.10464289 0
0.33029517000000003 0.31485890999999999 0
0.33031057000000003 0.30165624000000002 0
0.90740889999999996 0.34185426000000002 0
0.33034936999999998 0.21006499000000001 0
0.33039338000000001 0.59351915 0
0.90721731000000005 0.87226406999999995 0
0.33039784 0.23059235 0
0.33040070999999999 0.67020966999999998 0
0.90729393000000003 0.079597829999999994 0
0.33056546999999997 0.47641888999999998 0
0.33066086 0.51583579999999996 0
0.97146951999999998 0.36125307000000001 0
0.99782020999999999 0.81285187000000003 0
0.33086016000000001 0.089590680000000006 0
0.89511686000000001 0.69080492000000004 0
0.33095129000000001 0.91156806000000001 0
0.33112552000000001 0.75336307000000002 0
0.33118219999999998 0.77747339000000004 0
0.33118449 0.58753199 0
0.33120170999999998 0.78743808000000004 0
0.33122955999999998 0.78556026000000001 0
0.33124365 0.75415226999999996 0
0.33127798000000003 0.13101410999999999 0
0.33129091999999999 0.45658469000000002 0
0.33132228000000002 0.073645589999999997 0
0.33137107999999998 0.68081851000000004 0
0.331426 0.237038 0
0.89658013999999997 0.60238347999999997 0
0.33170264999999999 0.87070895999999998 0
0.33185363000000001 0.92928745000000001 0
0.33187011999999999 0.85026738000000002 0
0.33199413 0.47789219999999999 0
0.93891585 0.85462291000000001 0
0.94030230999999997 0.11470357 0
0.33204366000000002 0.72690436000000003 0
0.33211130999999999 0.65471634000000001 0
0.33229655000000002 0.53694845000000002 0
0.33244881999999998 0.43762547000000002 0
0.33248301000000002 0.19763249999999999 0
0.33259661000000001 0.64875563000000003 0
0.33274645000000003 0.18188283 0
0.33290614000000002 0.75836585999999995 0
0.33290816000000001 0.74579269000000004 0
0.33294205999999998 0.37091772000000001 0
0.89842725999999995 0.88503690000000002 0
0.33316927000000002 0.16847308999999999 0
0.33324003000000002 0.022448650000000001 0
0.33326156000000001 0.86181996000000005 0
0.33343413999999999 0.99037721000000001 0
0.33354834999999999 0.22217407 0
0.89508443000000004 0.36042669999999999 0
0.96552623999999998 0.70683755000000004 0
0.33374895999999998 0.20206113000000001 0
0.33382471000000002 0.31874681999999999 0
0.33382849999999997 0.85283492999999999 0
0.33391670000000001 0.062118319999999998 0
0.33398786000000003 0.83809014999999998 0
0.93076968999999998 0.25817962 0
0.33411185999999998 0.71217359000000002 0
0.33422649999999998 0.2101095 0
0.33426655999999999 0.90791162000000003 0
0.33441259000000001 0.15853418 0
0.33443215999999998 0.26159746 0
0.33443361999999999 0.74820909999999996 0
0.33462735999999998 0.21609164 0
0.33463954000000001 0.5313118 0
0.33491205000000002 0.030130899999999999 0
0.3349666 0.80757798999999997 0
0.33503416000000003 0.90126430000000002 0
0.33507300000000001 0.92891296000000001 0
0.33509372999999998 0.074439649999999996 0
0.33514938999999999 0.94108086000000002 0
0.33526222 0.37959214000000002 0
0.33526431000000001 0.82778030999999996 0
0.93863381000000001 0.95364073000000005 0
0.33529123999999999 0.54502410000000001 0
0.33534704999999998 0.78938260999999998 0
0.33535330000000002 0.83086864999999999 0
0.33540697000000003 0.73923693999999995 0
0.33542060000000001 0.52963857000000003 0
0.33547142000000002 0.56075227999999999 0
0.33549086 0.53329742999999996 0
0.33553195000000002 0.63463740000000002 0
0.33576155000000002 0.16302688000000001 0
0.89526198999999995 0.43856933999999997 0
0.33578345999999998 0.16407743999999999 0
0.33588917000000001 0.065811540000000002 0
0.33610358000000001 0.13324911 0
0.33617195999999999 0.022183789999999998 0
0.33624185000000001 0.18527527999999999 0
0.33630792999999998 0.85285549000000005 0
0.33635261 0.67110787999999999 0
0.33641622999999998 0.15089569999999999 0
0.33654240000000002 0.73934873999999995 0
0.3366749 0.29957416999999997 0
0.33669265999999998 0.80496617999999998 0
0.33671171 0.58265856999999999 0
0.33673657000000001 0.72692403000000005 0
0.33675248000000002 0.39417182000000001 0
0.33683650999999998 0.096965930000000006 0
0.33686043999999998 0 0
0.89596259 0.89079386999999999 0
0.33695557999999998 0.51565614999999998 0
0.33696106999999997 0.94319987000000005 0
0.33703657999999997 0.19949854 0
0.33715714000000002 0.53806266999999997 0
0.33719002999999997 0.28954184999999999 0
0.33725159999999998 0.64482698000000005 0
0.33739234000000001 0.19241926000000001 0
0.33754211000000001 0.44563419999999998 0
0.33757274999999998 0.23552661 0
0.90712269000000001 0.59453624999999999 0
1 0.49787429999999999 0
0.33764022999999999 0.53971601000000002 0
0.33773836000000002 0.33476230000000001 0
0.33777460999999998 0.86257320000000004 0
0.33778111999999999 0.99107447000000004 0
0.33778138000000002 0.40953089999999998 0
0.90543874999999996 0.48865502 0
0.33798386000000002 0.14451015 0
0.33805842000000003 0.81712311000000004 0
0.93910457000000003 0.42783959999999999 0
0.33818365 0.60484051000000005 0
0.33822402000000001 0.75242962999999996 0
0.93864440000000005 0.66621942000000001 0
0.33827603000000001 0.37584952999999999 0
0.33827916000000002 0.50117944000000003 0
0.33830505 0.63429265999999995 0
0.33834689000000001 0.83401259999999999 0
0.33854583999999999 0.32490580000000002 0
0.33859847999999998 0.68447170999999996 0
0.93107949000000001 0.24258988000000001 0
0.33886794999999997 0.56782169000000005 0
0.93087461999999999 0.98946058000000003 0
0.33893220000000002 0.92379434999999999 0
0.33895286000000002 0.47986897000000001 0
0.33941029 0.54436529 0
0.33949078999999999 0.20014325999999999 0
0.33958168 0.31646267 0
0.87808681 0.74527622999999998 0
0.33958813999999998 0.87592678999999996 0
0.33959025999999998 0.67109025 0
0.33959086999999999 0.052371849999999998 0
0.33959495000000001 0.79185908000000005 0
0.33967191000000002 0.68127546999999999 0
0.33967996 0.92718507999999999 0
0.33977086000000001 0.038354550000000001 0
0.33985090000000001 0.1903465 0
0.33989409999999998 0.599858 0
0.34022116000000002 0.29696931999999998 0
0.34027974999999999 0.89649153000000004 0
0.34044341 0.48579208000000001 0
0.34047446999999997 0.4192361 0
0.34053957000000001 0.98758509999999999 0
0.34054873000000002 0.60815514000000004 0
0.34063011999999998 0.88559383000000003 0
0.34064892000000002 0.32207891999999999 0
0.34067254000000002 0.21075984 0
0.34096513000000001 0.80644528000000004 0
0.34109666999999999 0.57794221999999995 0
0.34127860999999998 0.77046857999999996 0
0.34131525000000001 0.84565201999999995 0
0.34143526000000002 0.79126806999999999 0
0.89600729999999995 0.31280731000000001 0
0.34145808999999999 0.079840649999999999 0
0.34146768999999999 0.57431589999999999 0
0.34162193000000002 0.53431496000000001 0
0.34171617999999998 0.40441136999999999 0
0.34182095000000001 0.045989380000000003 0
0.34187986999999997 0.91298170000000001 0
0.34191822999999999 0.74155300000000002 0
0.34194358000000002 0.98195047000000002 0
0.34199446999999999 0.64544586999999998 0
0.34200522999999999 0.87856833000000001 0
0.34203581999999999 0.69782789999999995 0
0.34204039000000003 0.10430679 0
0.34213989 0.25716576000000002 0
0.34222235000000001 0.33121086999999999 0
0.34226975999999998 0.47385624999999998 0
0.34240552000000002 0.90867796000000001 0
0.34249121999999999 0.62076980000000004 0
0.34257903000000001 0.57799836999999998 0
0.90746534000000001 0.54610835999999996 0
0.93912039999999997 0.11092779999999999 0
0.34281447999999998 0.49890062000000002 0
0.34284329000000002 0.40042907 0
0.34297477999999998 0.78055068999999999 0
0.34299172 0.42137465000000002 0
0.34309968000000002 0.43960728999999998 0
0.34313663999999999 0.26848358999999999 0
0.34315546000000002 0.64685839000000001 0
0.34315780000000001 0.73886852999999997 0
0.34317334999999999 0.10253922 0
0.34322244000000002 0.068929180000000007 0
0.34322788999999998 0.28497264 0
0.34330814999999998 0.67469266000000006 0
0.34333119000000001 0.61721177999999999 0
0.34336470000000002 0.68378269999999997 0
0.3433773 0.094334000000000001 0
0.34343238999999998 0.14190985 0
0.34346937999999999 0.66343839000000004 0
0.34354614 0.35729845999999998 0
0.34357493 0.7331723 0
0.34358379 0.079548439999999998 0
0.34359885000000001 0.36447921 0
0.34364998000000002 0.20157053 0
0.34385577000000001 0.93468070000000003 0
0.34398208000000002 0.77930794000000003 0
0.34405208999999998 0.46623622999999997 0
0.34411340000000001 0.48234554000000002 0
0.34416384999999999 0.72864600999999996 0
0.34428005 0.61309290000000005 0
0.34435880000000002 0.59371538000000001 0
0.34436125000000001 0.47525597000000003 0
0.94039141000000004 0.14171415000000001 0
0.96474000000000004 0.35344199999999998 0
0.34452494 0.99370468000000001 0
0.34458875 0.92646717000000001 0
0.34469469000000003 0.95700649000000004 0
0.89560704000000002 0.34761343 0
0.34476522999999998 0.71465374000000004 0
0.34479587 0.21396682 0
0.34483349000000002 0.024518189999999999 0
0.90757226000000002 0.24070543 0
0.34491395000000002 0.70344119000000005 0
0.86827613000000003 0.010548689999999999 0
0.34496450000000001 0.86704528999999997 0
0.34516340000000001 0.30173882000000002 0
0.34523417000000001 0.073442590000000002 0
0.34526818999999997 0.92901948000000001 0
0.93219251000000003 0.80064614000000001 0
0.34541105999999999 0.67109317999999996 0
0.34546468000000002 0.56530955999999999 0
0.34549834000000001 0.65210033000000001 0
0.34556215000000001 0.41635736000000001 0
0.34557089000000002 0.35740337 0
0.93205906999999999 0.78786294999999995 0
0.34568559999999998 0.49410113999999999 0
0.90753097999999999 0.99621784999999996 0
0.99428888000000004 0.63835235999999995 0
0.34585006000000001 0.66428061000000005 0
0.34586546000000001 0.87042302000000005 0
0.90548624 0.31402005999999999 0
0.34590198 0.84604416000000005 0
0.34601185000000001 0.62595259000000003 0
0.34608768000000001 0.60283176000000005 0
0.34612928999999998 0.93603482999999998 0
0.34621053000000002 0.11674895 0
0.34624547999999999 0.43106422 0
0.34628124999999998 0.29174213999999998 0
0.90731510999999998 0.40775914000000002 0
0.34634474999999998 0.81080602999999996 0
0.34642719 0.10438843 0
0.34644820999999998 0.047912709999999997 0
0.34651785000000002 0.40457135 0
0.34658463 0.44701260999999998 0
0.93256695999999994 0.64096034000000002 0
0.34666578999999997 0.87695864999999995 0
0.34678974000000001 0.68884206999999997 0
0.34679306999999998 0.47371980000000002 0
0.34680022999999999 0.45979755 0
0.34686502000000002 0.055897049999999997 0
0.34687620000000002 0.15144262 0
0.34689639999999999 0.48641941999999999 0
0.34697676 0.36042812000000002 0
0.34699553 0.47903987999999997 0
0.34702412999999999 0.87498321999999995 0
0.93250420000000001 0.62257393000000005 0
0.34711871999999999 0.01453663 0
0.34715362 0.11928401 0
0.99562835999999999 0.96117732 0
0.34720744999999997 0.38653706999999998 0
0.34737762 0.15814948000000001 0
0.34744265000000002 0.18666568 0
0.34753192999999999 0.15726135999999999 0
0.34770655 0.13509773 0
0.34777998999999998 0.20234037999999999 0
0.34786250000000002 0.89068926000000004 0
0.34788309000000001 0.49900510999999997 0
0.34796221999999999 0.35971168999999997 0
0.94050628000000003 0.66353050999999996 0
0.34801098000000003 0.33658136999999999 0
0.34803845999999999 0.94517863000000002 0
0.34806458000000001 0.23302903999999999 0
0.34807934000000001 0.40332099999999999 0
0.34814791 0.53746903999999995 0
0.90786111999999997 0.79924751999999999 0
0.3481919 0.27396299000000002 0
0.34819911999999997 0.77213248000000001 0
0.34825652000000001 0.25045353999999997 0
0.34831487 0.49591077 0
0.34835749999999999 0.96971753000000005 0
0.34845165 0.75028532000000003 0
0.34848722999999998 0.69358509000000002 0
0.34861186999999999 0.22562873999999999 0
0.34863747 0 0
0.34863881000000002 0.74202650999999997 0
0.34867912000000001 0.34065860999999997 0
0.34879162000000002 0.17803543999999999 0
0.34893242000000002 0.37215106999999997 0
0.3489372 0.72280639000000002 0
0.34895784000000002 0.37396329 0
0.34897114000000001 0.84087009999999995 0
0.34900340000000002 0.69260323000000001 0
0.34907033999999998 1 0
0.34907768 0.058037129999999999 0
0.34919435999999998 0.17761958999999999 0
0.34922782000000002 0.95066207000000003 0
0.87130693000000004 0.33817565999999999 0
0.99674505000000002 0.25352276000000001 0
0.89893884000000002 0.92063382000000005 0
0.34948003 0.039814219999999997 0
0.94047811999999997 0.81395667000000005 0
0.94041428000000005 0.65409987000000003 0
0.34959857 0.66954871000000005 0
0.90719377999999995 0.74196386000000003 0
0.34961344 0.18762796000000001 0
0.34966702 0.82470772999999997 0
0.34967468000000002 0.0089420200000000002 0
0.86841409999999997 0.84524710000000003 0
0.34983946999999999 0.070049009999999995 0
0.34984765000000001 0.95944045 0
0.34985677999999998 0.31160621999999999 0
0.93865012000000003 0.51265947999999995 0
0.34991076999999998 0.31986102999999999 0
0.86848128999999996 0.63369982000000002 0
0.35016206 0.40725021 0
0.35029568999999999 0.98033073000000004 0
0.35040471000000001 0.16862361000000001 0
0.35040749999999998 0.18322284999999999 0
0.35041116999999999 0.21549072 0
0.35041545000000002 0.57254322000000002 0
0.35055480999999999 0.41846189 0
0.35056742000000002 0.54467754000000002 0
0.89579228 0.83560424 0
0.35064564999999998 0.48600168999999999 0
0.35071079999999999 0.53431119999999999 0
0.35087687000000001 0.63056018999999996 0
0.35101490000000002 0.85214886000000001 0
0.35110930000000001 0.99463436999999999 0
0.35124823999999999 0.84007620999999999 0
0.87469202000000001 0.69386517999999997 0
0.35132117000000002 0.13194803999999999 0
0.35138554999999999 0.63884320000000006 0
0.35150334 0.0014311 0
0.35152137999999999 0.65119163000000002 0
0.96491232000000005 0.74926497000000003 0
0.35163222999999999 0.72965681000000004 0
0.35166182000000001 0.35945006000000002 0
0.35166446000000001 1 0
0.35172973000000002 0.79273952999999997 0
0.35173241999999999 0.28539849 0
0.35178168999999998 0.50881018 0
0.35187591000000001 0.92441348999999995 0
0.35190877999999998 0.41318118999999998 0
0.35193217999999998 0.074690370000000006 0
0.35210043000000002 0.29408641000000002 0
0.35217860000000001 0.20563914 0
0.35220121999999998 0.60036789999999995 0
0.35223439000000001 0.98814159999999995 0
0.35228384000000001 0.59590156999999999 0
0.35251474999999999 0.11459531000000001 0
0.35261094999999998 0.73959187999999998 0
0.35263222 0.38906901999999999 0
0.35271962000000001 0.30363404999999999 0
0.97286408999999996 0.42239434999999997 0
0.35276051000000003 0.43106527 0
0.35276606999999999 0 0
0.35286936000000002 0.55730615999999999 0
0.35287940000000001 0.90736793000000004 0
0.35290229000000001 0.46895562000000002 0
0.35314289999999998 0.23906026999999999 0
0.35331762999999999 0.21338862 0
0.35335461000000001 0.85398688 0
0.35340642999999999 0.20920741000000001 0
0.35341994999999998 0.48678872000000001 0
0.35357621 0.90736927999999994 0
0.35370097 0.32645745999999998 0
0.90548823000000001 0.57955111000000004 0
0.35381074000000001 0.66817336999999999 0
0.35383727999999998 0.99258851000000003 0
0.35384423999999998 0.85599833999999997 0
0.35385654 0.13920283 0
0.35386039000000002 0.89341954000000001 0
0.35393428999999998 0.8188936 0
0.35401063999999999 0.19515584999999999 0
0.3540469 0.40334650999999999 0
0.354099 0.69976795999999997 0
0.35412828000000002 0.18717043 0
0.89890961000000003 0.52408334999999995 0
0.35415134999999998 0.42849501000000001 0
0.35423969 0.49743894 0
0.35424394999999997 0.31131361000000002 0
0.35425579000000001 0.67426693000000004 0
0.35435101000000002 0.50711346999999996 0
0.35438125999999998 0.88169916000000004 0
0.35441015999999997 0.70491451999999999 0
0.35444066000000002 0.11609107 0
0.35446644999999999 0.412522 0
0.35448100999999999 0.01319043 0
0.35451179999999999 0.86028188999999999 0
0.35451542000000003 0.81140665000000001 0
0.35457828000000002 0.89721810000000002 0
0.35462294999999999 0.31892084999999998 0
0.3547421 0.68150736999999995 0
0.35474284 0.63925734999999995 0
0.35489446000000002 0.30508796999999999 0
0.35493175999999999 0.26085613000000002 0
0.35511780999999998 0.080432939999999994 0
0.35511952000000002 0.55115117999999996 0
0.35518187000000001 0.72472097999999996 0
0.35524646999999998 0.93212521000000004 0
0.35525200000000001 0.36056953000000003 0
0.35537770000000002 0.15362792 0
0.35543722999999999 0.0061393000000000003 0
0.35566038999999999 0.78115031999999995 0
0.35567848000000002 0.98080215999999998 0
0.35568759 0.78507106000000004 0
0.86853142000000005 0.01222238 0
0.35612512000000002 0.52137643 0
0.35615190000000002 0.69229582999999995 0
0.35646159999999999 0.75978383999999999 0
0.35653029000000003 0.99664187999999998 0
0.35654293999999997 0.71736842000000001 0
0.35670866000000001 0.81280158000000002 0
0.89868652999999998 0.87123536000000001 0
0.35673092000000001 0.065293180000000006 0
0.90545896999999997 0.36329309999999998 0
0.35682313999999998 0.76472658999999998 0
0.93213376000000003 0.59106287999999996 0
0.35685554000000003 0.00232592 0
0.35698481999999998 0.37408246000000001 0
0.35699056000000001 0.089879050000000002 0
0.93863693000000004 0.96251125000000004 0
0.35704462999999997 0.93604918999999998 0
0.35708764999999998 0.15097046 0
0.35713179 0.67296394999999998 0
0.35724603999999999 0.35962058000000002 0
0.35725699 0.91977690999999995 0
0.35731905000000003 0.3525221 0
0.35750247000000002 0.073396760000000005 0
0.35756346 0.35131430000000002 0
0.35765762000000001 0.50356190000000001 0
0.35805678000000002 0.74974372 0
0.35808831000000002 0.53232120000000005 0
0.35809309 0.55908513999999998 0
0.35816257000000001 0.53563388999999995 0
0.35816436000000001 0.42344915 0
0.35819443000000001 0.16771125000000001 0
0.35823923000000002 0.80279873999999996 0
0.35837751000000001 0.60997522000000004 0
0.35841128999999999 0.76835262000000004 0
0.94075401999999997 0.41187212000000001 0
0.35850057000000002 0.53922497000000003 0
0.89621359 0.42974187000000003 0
0.35860520000000001 0.35650008999999999 0
0.35886772 0.73974828999999998 0
0.35889748999999999 0.37354710000000002 0
0.35890950999999999 0.44109814000000003 0
0.35892238999999998 0.79985066999999999 0
0.93124496999999995 0.77202636000000002 0
0.35911496999999998 0.56990293999999997 0
0.35921524999999999 0.81849039000000001 0
0.35934614999999998 0.97968641000000001 0
0.35936941999999999 0.99277884000000005 0
0.35941582999999999 0.11939805000000001 0
0.35944247000000001 0.98166845999999996 0
0.35944862999999999 0.49346373999999998 0
0.97142589000000001 0.038809929999999999 0
0.35968868999999998 0.03011488 0
0.35974694000000002 0.89065269999999996 0
0.35977027 0.22527965999999999 0
0.35984823999999999 0.99054487000000002 0
0.35988961000000003 0.34305306000000002 0
0.93090843000000001 0.05662441 0
0.36008604 0.50357496999999996 0
0.94119054999999996 0.26763352000000001 0
0.36051672000000001 0.95718649 0
0.36062738999999999 0.85939889999999997 0
0.36065005 0.83907482 0
0.36066325999999999 0.13265446 0
0.36071482999999999 0.61948771000000002 0
0.36072703 0.71726193000000005 0
0.36079892000000002 0.57009222999999998 0
0.36086234 0.25368772000000001 0
0.36092296000000001 0.64472598000000003 0
0.36105936999999999 0.83383446000000006 0
0.36106741999999997 0.27239447999999999 0
0.36106937 0.044516680000000003 0
0.36109448999999999 0.62713781999999996 0
0.36114679 0.18028021 0
0.89626117999999999 0.20172466 0
0.36117685999999999 0.30398256000000001 0
0.36124117 0.77647703000000001 0
0.36125504000000003 0.78233573000000001 0
0.36129140999999998 0.1755671 0
0.36130443000000001 0.48029730999999998 0
0.36141149 0.10724309 0
0.36149959999999998 0.32544922999999998 0
0.36158286000000001 0.61494265999999997 0
0.93168841000000002 0.50847010999999998 0
0.36162438000000002 0.80813953999999999 0
0.94046932000000005 0.62063047000000005 0
0.36173829000000002 0.91529830000000001 0
0.93261004000000003 0.10010072 0
0.94104319000000003 0.15488335 0
0.36190228000000002 0.58613616000000002 0
0.36192648999999999 0.80422506999999999 0
0.36207147000000001 0.23882680000000001 0
0.93169378999999997 0.35565075000000002 0
0.36212475 0.75481039000000005 0
0.89575861000000001 0.64051192999999995 0
0.36213516000000001 0.61873677999999999 0
0.36214023000000001 0.85538048 0
0.36215902 0.66544163999999995 0
0.36219219000000002 0.042939140000000001 0
0.36223849000000002 0.36192822000000002 0
0.36242192000000001 0.056851310000000002 0
0.36243536999999998 0.16096592000000001 0
0.36245593999999998 0.84118490999999995 0
0.36255556999999999 0.72288198999999997 0
0.36255676999999997 0.84106773999999995 0
0.36266734 0.32935659 0
0.36271165 0.95553381999999998 0
0.36273508999999998 0.44721086999999998 0
0.36275737000000002 0.27242676999999998 0
0.36278591999999998 0.14656309000000001 0
0.36280663000000002 0.20254164999999999 0
0.36282672999999999 0.39996213000000003 0
0.36303523999999998 0.28214853000000001 0
0.36305906999999998 0.53480338999999999 0
0.36311862 0.59031412999999999 0
0.36318595999999997 0.53198352000000004 0
0.90798842000000002 0.16436421000000001 0
0.36328549999999998 0.94714374999999995 0
0.36330444000000001 0.59573538000000004 0
0.36336147000000002 0.63450134999999996 0
0.36376671999999999 0.82541615000000002 0
0.36377035000000002 0.37987695999999999 0
0.36385323000000003 0.81115868999999996 0
0.36402554999999998 0.72281799999999996 0
0.36408703999999997 0.09975821 0
0.36427756999999999 0.23683617000000001 0
0.36434687999999998 0.70027622 0
0.36438936 0.44810383999999998 0
0.36455845999999997 0.37885166999999997 0
0.89850664999999996 0.47468479000000002 0
0.36469475000000001 0.17115643 0
0.93258863000000003 0.96491598000000001 0
0.36479422 0.74517122000000002 0
0.36494926 0.028022890000000002 0
0.36500397000000001 0.90302428000000001 0
0.36514981000000002 0.71150069999999999 0
0.36528000999999999 0.40259927000000001 0
0.36528219000000001 0.15138056 0
0.36528755000000002 0.62116450000000001 0
0.36551328 0.26127063 0
0.36558837 0.703843 0
0.36560495999999998 0.88174251000000003 0
0.36592281999999998 0.25883918 0
0.93144618000000001 0.68131832000000003 0
0.36599259000000001 0.50857832999999997 0
0.36601809000000002 0.38980354 0
0.36605140000000003 0.075428229999999999 0
0.36632531000000002 0.81870732999999996 0
0.36637220999999998 0.39483864000000002 0
0.36645842000000001 0.97661960000000003 0
0.36653307000000002 0.16651039000000001 0
0.36653444000000002 0.26197661999999999 0
0.36664418999999998 0.89625832000000005 0
0.36666331000000002 0.85927617999999995 0
0.36671531000000002 0.11364842999999999 0
0.36696795999999998 0.85453051999999996 0
0.36713346000000002 0.72618369000000005 0
0.36716397000000001 0.64446081 0
0.36718862000000002 0.58596828999999995 0
0.36719721 0.75421916 0
0.36720635000000001 0.34981087999999999 0
0.36728237000000002 0.21840312000000001 0
0.36734265999999999 0.98381163000000005 0
0.36744565000000001 0.83453873000000001 0
0.36748556999999998 0.19369697999999999 0
0.89886555000000001 0.71180376000000001 0
0.36767035999999997 0.41211331000000001 0
0.36772629000000001 0.77172178000000002 0
0.89527679999999998 0.32045109999999999 0
0.36777063999999998 0.87632191999999998 0
0.36780723999999998 0.89025041999999999 0
0.36794956000000001 0.27745565999999999 0
0.36795443 0.61443194000000001 0
0.36801172999999998 0.66034870999999995 0
0.90604625000000005 0.28483247 0
0.36816679000000002 0.066556329999999997 0
0.36827191999999997 0.54415932 0
0.36846192999999999 0.4922472 0
0.36848473999999998 0.43959851 0
0.36854797 0.42532764000000001 0
0.36865189999999998 0.81542842000000004 0
0.36889477999999998 0.95346578000000004 0
0.36891426999999999 0.31862751 0
0.36894881000000002 0.64050300999999998 0
0.36894964000000002 0.041792700000000002 0
0.36899850000000001 0.15871842999999999 0
0.36903132999999999 0.67177893 0
0.89545056000000001 0.13240019 0
0.36914197999999998 0.16951596999999999 0
0.36917169999999999 0.60406382999999997 0
0.36936495000000003 0.76610518000000005 0
0.36937489000000001 0.86927306999999998 0
0.36937513 0.47581335000000002 0
0.36946271000000003 0.93502492000000004 0
0.36946303000000003 0.98775716000000002 0
0.36949006000000001 0.12267297000000001 0
0.94184272999999996 0.73554127000000002 0
0.36952400000000002 0.38346770000000002 0
0.36961936000000001 0.090374270000000007 0
0.36965208999999999 0.35276202000000001 0
0.36968593 0.1129978 0
0.36968645 0.84847963999999998 0
0.36983969999999999 0.73491114999999996 0
0.36986175999999998 0.72344215000000001 0
0.36999292 0.89051374999999999 0
0.37005560999999998 1 0
0.89629387999999999 0.24840519 0
0.37017803999999999 0.057804349999999997 0
0.37018174999999998 0.34282257999999999 0
0.37018605999999998 0.68826228 0
0.37030506000000002 0.32638876 0
0.37031777999999999 0.61343351999999995 0
0.37032758999999998 0.74323039000000002 0
0.37033269000000002 0.34295440999999999 0
0.37038007000000001 0.45249857999999998 0
0.37067601999999999 0.89956283999999997 0
0.86850167 0.15179762999999999 0
0.37069596999999999 0.43575112999999999 0
0.37071906999999998 0.59268878999999997 0
0.37073545000000002 0.78177083000000003 0
0.90822411999999997 0.14709261000000001 0
0.37078403999999998 0.13759141999999999 0
0.37078685 0.0043721999999999997 0
0.37080856000000001 0.41753067999999999 0
0.37088766000000001 0.49914830999999998 0
0.37093118000000003 0.33350192000000001 0
0.37094401999999999 0.05864523 0
0.37094581999999998 0.066382540000000004 0
0.37095666999999999 0.53813372000000004 0
0.37111102000000001 0.14674276 0
0.37116001999999998 0.66943202000000002 0
0.37119491999999998 0.69760856999999998 0
0.37127672 0.52449709 0
0.37130334999999998 0.90237491000000003 0
0.37134435999999998 0.28612748999999998 0
0.37141858 0.26892042999999999 0
0.37143138999999997 0.63116985000000003 0
0.93144006999999995 0.26728202000000001 0
0.37156439000000002 0.86389055999999997 0
0.37156963999999998 0.085555400000000004 0
0.37160465999999998 0.50905624000000005 0
0.37165512000000001 0.96093879999999998 0
0.37165994000000002 0.53285930000000004 0
0.37178581999999999 0.42854604000000002 0
0.37181110000000001 0.82449961999999999 0
1 0.59227536000000003 0
0.37188682000000001 0.40113911000000002 0
0.37198083999999998 0.24699811999999999 0
0.37202368000000002 0.68765827000000002 0
0.37205249000000001 0.13696523999999999 0
0.37210012999999997 0.34667946999999999 0
0.94195220999999996 0.07344668 0
0.37215249 0.33491799999999999 0
0.90554765999999998 0.98628097999999997 0
0.37221769999999998 0.51818350999999996 0
0.93220336999999998 0.12701907000000001 0
0.37238990999999999 0.18417189 0
0.37240980000000001 0.11338959999999999 0
0.37241276000000001 0.68310309000000002 0
0.37245929 0.56263682999999998 0
0.37250060000000002 0.71472376999999998 0
0.94353922000000001 0.69355747000000001 0
0.37259266000000002 0.1057622 0
0.37263994 0.48007209000000001 0
0.37270162000000001 0.24959086 0
0.37276005000000001 0.24995732000000001 0
0.37278967000000002 0.73779748000000001 0
0.37279223 0.38965288999999997 0
0.37291411000000002 0.12883923999999999 0
0.37291749000000002 0.62589050000000002 0
0.37303603000000002 0.25720807000000001 0
0.89578265999999995 0.1008211 0
0.37312436999999998 0.77916682999999998 0
0.37318377000000003 0.21178468 0
0.37320872999999999 0.34694952000000001 0
0.37323489999999998 0.85434531000000002 0
0.37327047000000002 0.92948721999999995 0
0.96469572000000003 0.42301830000000001 0
0.37336090999999999 0.13064255 0
0.37345117999999999 0.23584121 0
0.37350786000000002 0.17838419999999999 0
0.37359698000000002 0.57098861000000001 0
0.37363666000000001 0.72558807000000003 0
0.37371959999999999 0.12223483 0
0.90712773999999996 0.32976541999999998 0
0.37387590999999998 0.91932524999999998 0
0.93142493000000004 0.58538573999999999 0
0.37400245999999998 0.82666010000000001 0
0.37415284999999998 0.56606820999999996 0
0.37416050000000001 0.68333836000000003 0
0.37441612000000002 0.77999300000000005 0
0.37443300000000002 0.87890203 0
0.37447269 0.57819423999999997 0
0.37452141 0.20582147000000001 0
0.37454757 0.53074418999999995 0
0.374556 0.59599533999999998 0
0.37467412999999999 0.58592166000000001 0
0.37468445 0.57105055999999998 0
0.37474816 0.98493470999999999 0
0.37497070999999998 0.93194832000000005 0
0.37507539000000001 0.58045667999999995 0
0.37513867000000001 0.49666708999999998 0
0.37514613000000002 0.88753715 0
0.37525282999999998 0.22794012999999999 0
0.90139577999999998 0.21365943000000001 0
0.37540369000000001 0.64703204000000003 0
0.37566864999999999 0.40713600999999999 0
0.37567362999999998 0.15153841000000001 0
0.37570889000000002 0.45800556999999997 0
0.89901222000000003 0.14949894999999999 0
0.37582800999999999 0.55205322999999995 0
0.37582981999999998 0.12323263 0
0.37589709999999998 0.24660293 0
0.37590828999999998 0.086916549999999995 0
0.3759535 0.74862276999999999 0
0.37598776 0.3190944 0
0.37601589000000002 0.24095227999999999 0
0.37608371000000002 0.89711474000000002 0
0.37636830999999998 0.66252814000000004 0
0.37638218000000001 0.86314661999999998 0
0.37639039000000002 0.90196615000000002 0
0.37644620000000001 0.57366381 0
0.37644914000000002 0.87343389000000005 0
0.90825369 0.15161942 0
0.37647926999999998 0.028467849999999999 0
0.37657233000000001 0.12797201 0
0.37661024999999998 0.85384271 0
0.90842455 0.10827183 0
0.37671495999999999 0.83801899999999996 0
0.37672434999999999 0.80445195000000003 0
0.37680891999999999 0.17305043000000001 0
0.37685036999999999 0.31446404999999999 0
0.37690945999999997 0.20531674 0
0.3769612 0.26167542999999999 0
0.37698924 0.95288154000000003 0
0.93259040000000004 0.86461018999999995 0
0.37704700000000002 0.39001533999999999 0
0.37706150999999999 0.37984559000000001 0
0.37713275000000002 0.049958420000000003 0
0.37717858999999998 0.10996831999999999 0
0.3772663 1 0
0.90187386000000003 0.38308165 0
0.37734593999999999 0.51360097000000005 0
0.37737356 0.84407136000000005 0
0.37747625000000001 0.62759359999999997 0
0.37751093000000002 0.61138844000000003 0
0.37760173000000002 0.92064338999999995 0
0.93370944 0.43487710000000002 0
0.37782188 0.082255090000000003 0
0.3778243 0.70568034000000002 0
0.37788266999999998 0.037245830000000001 0
0.37796152999999999 0.96265701999999997 0
0.37800473000000001 0.53336322999999997 0
0.37805577000000001 0.73474751000000005 0
0.37806244 0.30519686000000001 0
0.37809615000000002 0.026776709999999999 0
0.37810891000000002 0.26299033999999999 0
0.37814693999999999 0.44555442000000001 0
0.37815408 0.33903086999999998 0
0.93564099000000001 0.28321053000000002 0
0.37834390000000001 0.25574026 0
0.90146002000000003 0.64048616000000003 0
0.37845473000000002 0.56682376999999995 0
0.37847505999999997 0.36693836000000002 0
0.37848714999999999 0.65707249000000001 0
0.37862283000000002 0.23361037000000001 0
0.90193754999999998 0.87564609000000004 0
0.37873667 0.92433463999999999 0
0.37882549999999998 0.80226611000000003 0
0.37888895 0.84059625999999998 0
0.37894263 0.14856510000000001 0
0.37901393 0.42530263000000001 0
0.37921495999999999 0.57615413000000004 0
0.37949813999999998 0.21800894000000001 0
0.37950432000000001 0.70199990999999995 0
0.37957728000000002 0.092546729999999994 0
0.37972738 0.75979207000000004 0
0.37977292000000001 0.43362096 0
0.37981317999999997 0.74057351000000005 0
0.91141461000000001 0.29662644999999999 0
0.37983641000000001 0.20608217000000001 0
0.37992429999999999 0.48155523 0
0.37993103 0.36802559000000001 0
0.37999276999999998 0.24652855000000001 0
0.38004261 0.83466804999999999 0
0.38016601999999999 0.18231573000000001 0
0.38044372999999998 0.50244453 0
0.38053798999999999 0.66139709000000002 0
0.89943647000000004 0.49986234000000002 0
0.38062608999999997 0.13631666000000001 0
0.38063142999999999 0.43205673 0
0.38063163 0.23743368000000001 0
0.38067106000000001 0.11610790999999999 0
0.38070467000000002 0.64505860000000004 0
0.38071403999999998 0.97605500000000001 0
0.3807915 0.022135169999999999 0
0.38082414999999997 0.76415272999999995 0
0.38084003999999999 0.406059 0
0.38088048000000002 0.13027669 0
0.96533933999999999 0.16623436999999999 0
0.38119248 0.88568957000000004 0
0.38123456999999999 0.028613240000000002 0
0.38135166999999998 0.27434863999999998 0
0.38136956999999999 0.86948879000000001 0
0.38138926000000001 0.75611954999999997 0
0.38142881000000001 0.65479036000000002 0
0.38148248000000001 0.40280939999999998 0
0.38159409999999999 0.16521338999999999 0
0.38171822999999999 0.34965801000000002 0
0.99707670999999998 0.36641362999999999 0
0.38179173 0.74040141000000004 0
0.38179911 0.33200099 0
0.90902837999999997 0 0
0.38197107000000002 0.67179058999999997 0
0.38197195 0.45902896999999998 0
0.38230984000000001 0.30872298999999997 0
0.38250453000000001 0.95535745999999999 0
0.3825326 0.02609272 0
0.38263075000000002 0.04553546 0
0.38266409000000001 0.02057024 0
0.90115330000000005 0.45649445999999999 0
0.38272049000000002 0.12169397999999999 0
0.38275190999999997 0.80840997999999997 0
0.38277399000000001 0.83223334999999998 0
0.38285318000000002 0.29557097999999998 0
0.38289653000000001 0 0
0.38292016000000001 0.23432897 0
0.94341355000000005 0 0
0.38305091000000002 0.33106681999999998 0
0.91105113999999998 0.44791025000000001 0
0.38311922999999998 0.084252480000000005 0
0.38321937 0.71432324999999997 0
0.38336953000000001 0.15901119999999999 0
0.99635830999999997 0.70298207000000001 0
0.38346581000000002 0.52781237000000003 0
0.38353144 0.81683083999999995 0
0.38356122999999998 0.43294394000000003 0
0.38364252999999998 0.85748899999999995 0
0.93266919999999998 0.98631356999999997 0
0.38372920999999999 0.027181549999999999 0
0.38388676999999999 0.28017184000000001 0
0.38391121 0.72281335999999996 0
0.38393733000000002 0.22359986000000001 0
0.38400847999999999 0.85018238999999995 0
0.38402894999999998 0.53221799999999997 0
0.38409112000000001 0.88307429000000004 0
0.38413049999999999 0.73508631000000002 0
0.38425788 0.21664748 0
0.38438513000000002 0.067302650000000006 0
0.38450087999999999 0.94515636000000003 0
0.38456438999999998 0.62553024000000002 0
0.38459443999999998 0.65261544000000005 0
0.38469702 0.94083346000000001 0
0.38486492 0.44826980999999999 0
0.38493595000000003 0.77518483000000005 0
0.38506932999999999 0.23819000000000001 0
0.38508144999999999 0.68227917999999999 0
0.93565469000000001 0.71793079999999998 0
0.38510531999999997 0.52329064000000003 0
0.38511208000000002 0.42667380999999999 0
0.38511387000000002 0.34759364999999998 0
0.38513652999999998 0.072785559999999999 0
0.38519112 0.0052757100000000003 0
0.38539859999999998 0.67947679999999999 0
0.38541985000000001 0.80255239 0
0.93573574000000004 0.70054720000000004 0
0.94371802000000005 0.71786541999999998 0
0.38590648999999999 0.90232482000000003 0
0.38620239000000001 0.69603638999999995 0
0.38623533999999998 0.91104169999999995 0
0.38628404 0.46631444 0
0.3864493 0.2052928 0
0.38645594999999999 0.67662922999999997 0
0.97099588000000003 0.044275799999999997 0
0.89914576999999996 0.33535552000000002 0
0.38651166999999997 0.97688657000000001 0
0.38673224 0.39051550000000002 0
0.38674353 0.71883788000000004 0
0.38678132999999998 0.28316823000000002 0
0.38681152000000002 0.14058085000000001 0
0.38683941999999999 0.86019588999999996 0
0.38694210000000001 0.15213950000000001 0
0.38699551999999998 0.10277277999999999 0
0.38731795000000002 0.41161313999999999 0
0.93511801999999999 0.95115291000000002 0
0.38762626999999999 0.13280159 0
0.38775079000000001 0.31675488000000002 0
0.94122165000000002 0.31258910000000001 0
0.38782868999999998 0.93052226999999998 0
0.38785387999999998 0.67658865999999995 0
0.38795018999999997 0.94984345000000003 0
0.38795263000000002 0.96683368000000003 0
0.38797931000000002 0.80813776000000004 0
0.90863161999999997 0.74287439 0
0.38805392 0.55401184000000003 0
0.38807154999999999 0.83234352 0
0.38840993000000001 0.28087271000000003 0
0.38842756000000001 0.40826541999999999 0
0.38854910999999998 0.60185137 0
0.38857448 0.71740121000000001 0
0.87471984000000003 0.77027000000000001 0
0.38876801999999999 0.56539145999999996 0
0.38878047999999998 0.48997274000000002 0
0.38878432000000002 0.83953553999999997 0
0.93337057000000001 0.89012221999999996 0
0.91109837000000005 0.71723002999999996 0
0.38885840999999999 0.26149452000000001 0
0.38895676000000001 0.39247072999999999 0
0.38900453000000002 0.79672363000000002 0
0.99874218000000003 0.74081350999999995 0
0.38911663000000002 0.17368011 0
0.38916329 0.067847859999999996 0
0.38924186 0.22605659 0
0.86931778999999998 0.68510462000000005 0
0.38944673000000002 0.70411738999999995 0
0.38946483999999998 0.91931014 0
0.87473582999999999 0.89131892999999995 0
0.38958019999999999 0.33883351 0
0.38959665999999998 0.0096441500000000006 0
0.99600706000000006 0.94898800999999999 0
0.38976677999999998 0.92772818000000001 0
0.90133903999999998 0.26164552000000002 0
0.38981702000000001 0.50885924999999999 0
0.38996924999999999 0.047534630000000001 0
0.39005697 0.89621996999999998 0
0.39020698999999998 0.32375446000000002 0
0.39037622999999999 0.64461420999999997 0
0.39043935000000002 0.93553032000000003 0
0.39048643999999999 0.52817133999999999 0
0.39050824000000001 0.54668618000000002 0
0.39052437000000001 0.16538127 0
0.94353231000000004 0.49040531999999998 0
0.39056742999999999 0.29901450000000002 0
0.39067030000000003 0.035967039999999999 0
0.39067457 0.51052185000000005 0
0.39071872000000002 0.090628669999999995 0
0.39072747000000002 0.76430348000000004 0
0.39076683000000001 0.24373773000000001 0
0.94326127000000004 0.091996499999999995 0
0.39081853 0.67938646000000003 0
0.39084648999999999 0.13778167999999999 0
0.39087159999999999 0.85162592999999998 0
0.39089474000000002 0.27534027 0
0.39099175000000003 0.0406218 0
0.93375845000000002 0.16582135000000001 0
0.39110520999999998 0.88921033000000005 0
0.39115345000000001 0.11670224999999999 0
0.91145253999999998 0.46733528000000002 0
0.39128792000000001 0.11973847999999999 0
0.39132082000000001 0.60032967000000004 0
0.93352707999999995 0.76405895000000001 0
0.39147149999999997 0.87715571000000003 0
0.39149454 0 0
0.39177104000000001 0.045776850000000001 0
0.39184175999999998 0.37254343000000001 0
0.39184856000000001 0.35034193000000002 0
0.90907802000000004 0.84856728999999997 0
0.39188493000000002 0.31115147999999998 0
0.94204208 0.13537962000000001 0
0.39206026999999999 0.24088587 0
0.39215143000000002 0.039209140000000003 0
0.39236652 0.55975330000000001 0
0.39240586999999999 0.56751607999999998 0
0.39242975000000002 0.28584538999999998 0
0.39245802000000002 0.61614225 0
0.39250837 0.12808533 0
0.39256887000000001 0.97080416999999997 0
0.39257425000000001 0.46054919 0
0.94363423000000002 0.53049000999999996 0
0.39260265 0.01330917 0
0.39264557 0.82666437999999998 0
0.90863936000000001 0.64723189000000003 0
0.39278475000000002 0.75417230000000002 0
0.39285941000000002 0.47578853999999998 0
0.39288726000000002 0.54268351000000004 0
0.39307648000000001 0.030597470000000002 0
0.39309466999999998 0.25895263000000002 0
0.39310240000000002 0.98773213000000004 0
0.89922192000000001 0.60242722999999998 0
0.39317575999999999 0.3239725 0
0.39321898999999999 0.96616701999999999 0
0.39326304000000001 0.77659652999999995 0
0.39327967000000003 0.38733241000000002 0
0.39328292999999998 0.21718572999999999 0
0.39330001999999997 0.33031115 0
0.39333045999999999 0.37759374000000001 0
0.39347219 0.47453339999999999 0
0.93281075999999996 0.36515694999999998 0
0.39354197000000002 0.81160628999999995 0
0.39385142000000001 0.41195536999999999 0
0.39388898999999999 0.93221246999999996 0
0.93293572999999996 0.85408861000000003 0
0.39410708 0.10085804 0
0.39412812000000003 0.52422195999999999 0
0.39444742999999999 0.90668238000000001 0
0.39445450999999998 0.43792165 0
0.39448577000000001 0.83417138999999996 0
0.39455193999999999 0.55018184000000003 0
0.39468889000000001 0.071704820000000002 0
0.39474268000000001 0.19113603000000001 0
0.39512636000000001 0.31843474999999999 0
0.39519292 0.21505384999999999 0
0.39525281000000001 0.60952501999999997 0
0.39528678 0.86524683999999996 0
0.39529269 0.70604407000000002 0
0.39529703999999999 0.21636543 0
0.39543186000000002 0.74926018999999999 0
0.90916264999999996 0.13401853 0
0.39560594999999998 0.93745935000000002 0
0.39566512999999998 0.95880071 0
0.39568413000000002 0.45059156 0
0.39581222999999999 0.55227678999999996 0
0.39583698 0.86335081000000002 0
0.94193397999999995 0.78582129000000001 0
0.39604071000000002 0.86304901000000001 0
0.93270403000000002 0.65066250000000003 0
0.39609962999999998 0.41519389000000001 0
0.93261271999999995 0.53967072000000005 0
0.39626660000000002 0.34911584000000001 0
0.39629851999999999 0.83664486999999998 0
0.39634214000000001 0.28177087000000001 0
0.90930266000000004 0.25850188000000002 0
0.39639228999999998 0.0077844699999999999 0
0.39639521999999999 0.66028991000000004 0
0.39642090000000002 0.53583334999999999 0
0.39642106999999999 0.30564422000000002 0
0.39644388000000003 0.37858330000000001 0
0.39645192000000001 0.84757883999999994 0
0.91147336000000001 0.02322397 0
0.39656815000000001 0.11144587 0
0.39660549 0.1770602 0
0.39663290000000001 0.86094959000000004 0
0.39664258000000002 0.36589623999999998 0
0.3966751 0.42264422000000001 0
0.39670242 0.77282492000000003 0
0.39673660999999999 0.47138215 0
0.39674985000000002 0.40453143000000003 0
0.39678012000000001 0.57580350000000002 0
0.39686976000000002 0.66947084999999995 0
0.39690268000000001 0.63181602000000003 0
0.86789576999999996 0.98959843000000003 0
0.39699593999999999 1 0
0.39711928000000002 0.87513812999999996 0
0.39711964999999999 0.61915790999999998 0
0.39721254 0.027248620000000001 0
0.93294096000000004 0.75686589999999998 0
0.39728059999999998 0.33826052000000001 0
0.39730775000000002 0.58608037999999996 0
0.39740620999999998 0.72324116999999999 0
0.39744600000000002 0.16311116000000001 0
0.39747502000000001 0.19218414 0
0.39751173000000001 0.24573322 0
0.39753105 0.083248440000000007 0
0.90125588999999995 0.50692274000000004 0
0.39780567999999999 0.18690897000000001 0
0.39780926 0.79762345999999995 0
0.39783833000000002 0.59509588999999996 0
0.39790207 0.80461072 0
0.39799900999999999 0.97728495999999998 0
0.39800069999999999 0.64920485999999999 0
0.39804349 0.99351526999999995 0
0.39810952999999999 0.94358383000000001 0
0.39812129000000002 0.33153579999999999 0
0.39813178999999999 0.58847408999999995 0
0.39815655999999999 0.84719686000000005 0
0.39816886000000001 0.067856059999999996 0
0.39829220999999998 0.6563947 0
0.39834595 0.36462021 0
0.39839316000000002 0.68113084000000002 0
0.39841131000000002 0.92345431 0
0.39853757000000001 0.39476746000000001 0
0.91101399000000005 0.77647432999999999 0
0.39862067000000001 0.38257838999999999 0
0.39863066000000003 0.50931413000000003 0
0.39880395000000002 0.37470696999999997 0
0.39880628000000001 0.96681318000000005 0
0.39882782 0.31251415999999999 0
0.94353788000000005 0.16458324999999999 0
0.39907907999999997 0.072966349999999999 0
0.39921814 0.04193964 0
0.39923684999999998 0.98006696000000004 0
0.39940136999999998 0.55955151000000003 0
0.39941193000000003 0.058221299999999997 0
0.39943145000000002 0.84787995000000005 0
0.39951882 0.17946037000000001 0
0.39959150999999998 0.83489150000000001 0
1 0.38023336000000002 0
0.39977397999999997 0.11373922 0
0.39980194000000002 0.22155543999999999 0
0.39983995 0.73886432000000002 0
0.93383742999999997 0.38675213000000003 0
0.39989225 0.78526108999999999 0
0.39990885999999998 0.051231029999999997 0
0.40005798999999997 0.37339958000000001 0
0.40011142 0.64700027000000004 0
0.94123933999999998 0.62766111999999996 0
0.40030887999999998 0.16633644 0
0.40033297000000001 0.87158899999999995 0
0.40041571999999997 0.61104868999999995 0
0.40043242000000001 0.34233752000000001 0
0.90117621000000003 0.78275114999999995 0
0.40044323999999998 0.13759252 0
0.40054444 0.9399672 0
0.40080312000000001 0.17133127000000001 0
0.40093757000000002 0.66602872000000002 0
0.40095141000000001 0.70797668999999996 0
0.4009529 0.89940655999999997 0
0.40109723000000003 0.82844470999999997 0
0.40113043999999998 0.28944308000000002 0
0.40120670000000003 0.016110329999999999 0
0.40128870999999999 0.95574555999999999 0
0.40131742999999998 0.33688806999999998 0
0.40138020000000002 0.69169121 0
0.94133988000000002 0.42357686999999999 0
0.40167323999999999 0.16404265000000001 0
0.40169630000000001 0.018326169999999999 0
0.40172978999999998 0.73498368000000003 0
0.40183592000000001 0.91490442000000005 0
0.40190643999999998 0.13239474000000001 0
0.89958967999999995 0.19762088999999999 0
0.40204957000000002 0.12445895999999999 0
0.40234673999999998 0.094366249999999999 0
0.40239954999999999 1 0
0.40253257999999997 0.91243856000000001 0
0.40253968000000001 0.60556456999999997 0
0.40259665 0.18742573000000001 0
0.40260161999999999 0.47751800999999999 0
0.40264002999999998 0.13167448000000001 0
0.40266244000000001 0.099098309999999995 0
0.40290142000000001 0.95921502999999997 0
0.40291918999999998 0.83149297 0
0.40315368000000001 0.48735980000000001 0
0.40324122000000001 0.4312993 0
0.40328111999999999 0.29142322999999998 0
0.40335017000000001 0.40752284 0
0.40336706999999999 0.69771178 0
0.40336896 0.16085646000000001 0
0.40342670000000003 0.28909509 0
0.40343419000000003 0.59243316999999995 0
0.4034836 0.27965005999999998 0
0.40358733000000002 0.39252493999999999 0
0.40361849999999999 0.34998404999999999 0
0.40363573000000003 0.74626234000000002 0
0.40364663000000001 0.40491433999999998 0
0.40371400000000002 1 0
0.40379495999999998 0.88328530000000005 0
0.40381242000000001 0.23443955999999999 0
0.40386337999999999 0.29832226000000001 0
0.40407875999999998 0.44248428000000001 0
0.90157938999999998 0.71160219000000002 0
0.40423069 0.32333147000000001 0
0.93580967000000004 0.14470773000000001 0
0.94179891999999998 0.24392261000000001 0
0.40427706000000002 0.17704992999999999 0
0.40429280000000001 0.11598907 0
0.40434373000000001 0.39690607999999999 0
0.40437104000000001 0.81310872999999995 0
0.40437485000000001 0.14655862 0
0.40454389000000002 0.56836059999999999 0
0.40461876000000002 0.34946661000000001 0
0.91152078000000003 0.94043918999999998 0
0.40479744000000001 0.57756260000000004 0
0.40487791000000001 0.81871969 0
0.40490936999999999 0.31344413999999998 0
0.90184059999999999 0.33937898999999999 0
0.40498743999999998 0.17773797 0
0.40506624000000002 0.51805582999999999 0
0.40516117000000001 0.55101480999999997 0
0.40518359999999998 0.59696331999999996 0
0.40520012 0.16323956000000001 0
0.40522668000000001 0.61430435999999999 0
0.40524255999999997 0.24111078 0
0.89956239000000005 0.065387520000000005 0
0.40528786999999999 0.71175394000000003 0
0.40545514999999999 0.52515391 0
0.40549172 0.80670973000000001 0
0.40552216000000002 0.30461416000000002 0
0.40566477000000001 0.52018363000000001 0
0.40571763999999999 0.92393360000000002 0
0.40578160000000002 0.93172743000000002 0
0.90868766999999995 0.68603892 0
0.90932769999999996 0.38260402999999998 0
0.40615080999999997 0.45393087999999998 0
0.40623626000000002 0.3350051 0
0.40625232 0.99222953000000003 0
0.40633919000000002 0.30706549 0
0.40642001 0.80914554000000005 0
0.40649542 0.91180063 0
0.40664487999999999 0.97396327000000005 0
0.40672365999999999 0.58267787999999998 0
0.40679393000000003 0.90682582 0
0.40683042000000003 0.85333313 0
0.40689906999999997 0.49986891 0
0.4069063 0.67923990000000001 0
0.40692207000000002 0.76160998000000002 0
0.86939727 0.049637750000000001 0
0.40699510999999999 0.95869269000000001 0
0.40701436000000002 0.10410461999999999 0
0.40704008000000003 0.22403339999999999 0
0.90197490000000002 0.47431764999999998 0
0.97201656000000003 0.51907736000000004 0
0.40738101999999998 0.23627453000000001 0
0.40740211999999998 0.0057848300000000004 0
0.40741210999999999 0.71138663999999996 0
0.40743252000000002 0.53792357000000002 0
0.40745889000000002 0.89635094999999998 0
0.40755242000000003 0.23854146000000001 0
0.40772654000000003 0.94237890999999996 0
0.40775428000000002 0.36392645000000001 0
0.40800724999999999 0.083128960000000002 0
0.40804046999999999 0.71743816999999999 0
0.40811571000000002 0.19454178 0
0.40813379999999999 0.93385306999999995 0
0.40813454999999998 0.45369225000000002 0
0.40823901000000001 0.37802785 0
0.40824350999999998 0.27530715 0
0.40848954999999998 0.36153459999999998 0
0.40850309000000001 0.98293750999999996 0
0.40854078999999999 0.49931473999999998 0
0.40856882 0.18267553 0
0.40861549000000003 0.80288945 0
0.40866139000000001 0.61262897000000005 0
0.40871832000000002 0.97865994999999995 0
0.40872087000000001 0.47248071000000003 0
0.40883857000000001 0.15956756999999999 0
0.40884029999999999 0.99937933000000001 0
0.40886692000000002 0.53206401000000003 0
0.91147036999999997 0.79338112000000005 0
0.40896600999999999 0.17118242 0
0.40906596000000001 0.6836352 0
0.40907609 0.90799890999999999 0
0.40920520999999999 0.19208338 0
0.40929613999999997 0.14200890999999999 0
0.89960558999999995 0.45194225999999998 0
0.40953674000000001 0.63137823999999998 0
0.40961117000000002 0.86167057000000002 0
0.40962356999999999 0.42986148000000002 0
0.40963148999999999 0.25303445000000002 0
0.93275036 0.49336356999999997 0
0.40965352999999999 0.70521643000000001 0
0.40971781000000002 0.19948732 0
0.40973867000000003 0.0364284 0
0.40974149999999998 0.51443894000000001 0
0.40974569 0.60298423999999995 0
0.40981634 0.74268255000000005 0
0.94410017000000002 0.1462849 0
0.41005226 0.41279518999999998 0
0.93571154000000001 0.58156162 0
0.90150056999999995 0.17717263999999999 0
0.41027671999999998 0.37914702 0
0.41032002000000001 0.64833331000000005 0
0.41033115999999997 0.87584952000000005 0
0.41037167000000002 0.14989733999999999 0
0.41038818999999999 0.16355243999999999 0
0.94148050999999999 0.92990112000000003 0
0.93596636 0.24870419999999999 0
0.41048558000000002 0.80591098000000005 0
0.93559448999999995 0.52218030999999998 0
0.41053093000000002 0.40165429000000002 0
0.41057367 0.69679760000000002 0
0.41063467999999997 0.44728340999999999 0
0.41075389000000001 0.26460413999999999 0
0.41085965000000002 0.33756479 0
0.41093837 0.23159125 0
0.41095549999999997 0.59095874000000004 0
0.41097474000000001 0.31771674 0
0.41098744999999998 0.75555123999999996 0
0.41100411999999997 0.59819672000000002 0
0.41110151 0.61536807999999998 0
0.41111657000000001 0.90208555000000001 0
0.41115374999999998 0.39245934999999998 0
0.91166913999999999 0.73452675000000001 0
0.41127828 0.095509839999999999 0
0.93297052000000003 0.50219636000000001 0
0.93271574999999995 0.57069791000000003 0
0.41134026000000001 0.28526924999999997 0
0.41142355000000003 0.86056862000000001 0
0.41143985 0.38622242000000001 0
0.87470767000000005 0.35552489999999998 0
0.41152353000000003 0.0112969 0
0.41154305000000002 0.022884850000000002 0
0.41160648999999999 0.79984664999999999 0
0.41168207000000001 0.43886351000000001 0
0.41189058000000001 0.64022741999999999 0
0.41189493999999999 0.055687159999999999 0
0.41199942000000001 0.64391536999999999 0
0.41201306999999998 0.81452928000000002 0
0.41214761999999999 0.94644638999999997 0
0.41220902999999998 0.46465714000000002 0
0.41225124000000002 0.96948646999999999 0
0.41252666999999998 0.51242767 0
0.4125315 0.38513202000000002 0
0.41258430000000001 0.52662701999999995 0
0.41260637999999999 0.90487057000000004 0
0.41260943 0.05101373 0
0.41261724999999999 0.12474267999999999 0
0.94373934999999998 0.45833813000000001 0
0.41274856999999998 0.29036677 0
0.90878791999999997 0.76288754999999997 0
0.41293670999999998 0.94924470999999999 0
0.41307970999999999 0.28325409000000001 0
0.41310859999999999 0.56364320999999995 0
0.99567086999999999 0.45228553999999999 0
0.90962613000000003 0.56950076999999999 0
0.41324959999999999 0.93637197000000005 0
0.41328354 0.19446150000000001 0
0.89926841000000002 0.97414476999999999 0
0.41347237999999997 0.02891707 0
0.41347262000000001 0.055245660000000002 0
0.41364008000000002 0.63267415000000005 0
0.41377891999999999 0.35361151000000002 0
0.41378113999999999 0.53721582000000001 0
0.41379848000000002 0.14920491999999999 0
0.41381279999999998 0.46870188000000002 0
0.41381920999999999 0.76948930999999998 0
0.94336871 0.59519292000000001 0
0.41385195000000002 0.72451071 0
0.41390955000000001 0.36819413000000001 0
0.41393735999999998 0.82448452999999999 0
0.94235252999999997 0.17422836 0
0.41399227999999999 0.65767357999999998 0
0.90893383000000005 0.29112244999999998 0
0.41410042000000002 0.37515765000000001 0
0.41413114000000001 0.18542568000000001 0
0.41414961 0.59399464000000002 0
0.93523040999999996 0.61066142999999995 0
0.90965541999999999 0.91671016999999999 0
0.91125389999999995 0.89731828000000002 0
0.41421646000000001 0.73235764999999997 0
0.41422824000000003 0.92282668999999995 0
0.41430717 0.77208986000000002 0
0.41433118000000002 0.49891881999999999 0
0.41451131000000002 0.86602086 0
0.41472994000000002 0.46776377000000002 0
0.41481236999999999 0.92601946000000002 0
0.97063235000000003 0.47562444999999998 0
0.41495293 0.84593938000000002 0
0.41500598 0.78457124 0
0.41508689999999998 0.49370388999999998 0
0.41518619000000001 0.41793105000000003 0
0.41520856 0.52183067999999999 0
0.93598060000000005 0.76593011 0
0.41528947999999999 0.37085382 0
0.41532333999999999 0.74735488000000005 0
0.41540485999999999 0.71729368000000004 0
0.41545079000000001 0.54797534000000003 0
0.41562696999999998 0.96654015999999998 0
0.41562927999999999 0.2096422 0
0.41566206 0.1800851 0
0.94170617999999995 0.70811922000000005 0
0.41568333000000002 0.55453401999999996 0
0.89929910000000002 0.61351244000000005 0
0.4158385 0.88309771000000004 0
0.41590199 0.22877791 0
0.41590690000000002 0.28064170999999999 0
0.41592667999999999 0.60672230999999999 0
0.41598618999999998 0.045734329999999997 0
0.90202985000000002 0.34831674000000001 0
0.41608286 0.53722059 0
0.41610506000000003 0.075163049999999995 0
0.41620697000000001 0.66914713000000003 0
0.41637169000000002 0.41984662 0
0.41638906999999997 0.089070780000000002 0
0.41638914999999999 0.38338466999999998 0
0.41639008999999999 0.67934578999999995 0
0.41654205 0.84235738000000004 0
0.41656017000000001 0.92747184999999999 0
0.93387945000000006 0.67529908000000005 0
0.90185733000000001 0.04571998 0
0.41669089999999998 0.39788394999999999 0
0.41672097000000002 0.66350100000000001 0
0.41672731000000002 0.49947399999999997 0
0.4167708 0.90568488000000003 0
0.41677238999999999 0.78619039999999996 0
0.41684486999999998 0.17499545999999999 0
0.41694587 0.086585280000000001 0
0.41697927000000001 0.39625633999999998 0
0.41706947999999999 0.22075033999999999 0
0.41708009000000001 0.60158736000000002 0
0.41710493999999998 0.13143139000000001 0
0.41713339999999999 0.024118179999999999 0
0.41718408000000001 0.99185827999999998 0
0.41727081999999999 0.44499424999999998 0
0.41727378999999998 0.32456422000000001 0
0.41730655 0.40713477999999997 0
0.41737213000000001 0.23723194 0
0.41740864999999999 0.74508041999999997 0
0.94197355000000005 0.11948019999999999 0
0.41754876000000002 0.46197345000000001 0
0.41754943 0.34279819 0
0.41763734000000002 0.33389857000000001 0
0.41768571999999998 0.32621991 0
0.41772274999999998 0.54962920999999998 0
0.90218768999999999 0.97552854 0
0.41781205999999999 0.3394855 0
0.41790007000000001 0.89875636000000003 0
0.41793353 0.49504351000000002 0
0.93550226000000003 0.42166160000000003 0
0.4179599 0.37616403999999998 0
0.41800523000000001 0.19806826 0
0.41802549 0.010670310000000001 0
0.41809613000000001 0.31438906 0
0.41824934000000002 0.18192296999999999 0
0.41828506999999998 0.064220070000000004 0
0.41831404999999999 0.57885854999999997 0
0.41833658000000001 0.43374496000000001 0
0.41842882999999997 0.24595438 0
0.91126046999999999 0.95103599000000005 0
0.41850420999999999 0.14089845000000001 0
0.41851482000000001 0.70448661999999995 0
0.41852347000000001 0.025739560000000002 0
0.41857046999999997 0.20695614000000001 0
0.41869782 0.81652886000000002 0
0.94199695999999999 0.94635526000000003 0
0.41871962000000001 0.69093755999999995 0
0.41874067999999998 0.39506447 0
0.41876061999999997 0.0059066300000000004 0
0.41876170000000001 0.34449964999999999 0
0.41880174999999997 0.012918880000000001 0
0.41880508999999999 0.75886851 0
0.41892636999999999 0.65121222000000001 0
0.41894889000000002 0.85767647999999996 0
0.41895120000000002 0.13779437999999999 0
0.90149807999999998 0.80346640000000003 0
0.41907153000000003 0.61645417000000002 0
0.41922326999999998 0.29675056 0
0.41923568999999999 0.20903505 0
0.41929453999999999 0.66082189000000002 0
0.41931284000000002 0.56050949000000005 0
0.41936188000000002 0.44716584999999998 0
0.94340767000000003 0.54993745999999999 0
0.41954678000000001 0.62760243999999998 0
0.41959911 0.36488342000000001 0
0.41960624000000002 0.25931045000000003 0
0.41967360999999997 0.84682217000000004 0
0.41980173999999998 0.28532053000000002 0
0.41980338 0 0
0.4198076 0.32843139999999998 0
0.94335228999999998 0.29613420000000001 0
0.42000217000000001 0.18454540999999999 0
0.90934870000000001 0.82770642000000005 0
0.42004460999999998 0.89712860000000005 0
0.90231923000000003 0.90982706999999996 0
0.42013836999999998 0.076541100000000001 0
0.42016176999999999 0.54620897000000002 0
0.42027797 0.70492759999999999 0
0.42045413999999998 0.051061530000000001 0
0.42047687 0.89259728000000005 0
0.42048050999999997 0.44592915999999999 0
0.42055990999999998 0.80527455000000003 0
0.42063420000000001 0.72560913999999999 0
0.42066943000000001 0.90026622000000001 0
0.42091861000000003 0.32943367000000001 0
0.42104195 0.38852012000000002 0
0.94175604000000002 0.44909896999999999 0
0.93523606999999997 0.60905553999999995 0
0.42129368 0.044513879999999999 0
0.42132051999999998 0.92054091999999998 0
0.42143304999999998 0.18422456000000001 0
0.42153241000000002 0.99138877000000003 0
0.42153413000000001 0.56427300000000002 0
0.42159119 0.14242113000000001 0
0.42174648999999997 0.05495626 0
0.94333405999999997 0.78999951000000002 0
0.42182344999999999 0.6892625 0
0.42183587 0.051902770000000001 0
0.42184073999999999 0.25334514000000002 0
0.42185507999999999 0.51576588000000001 0
0.42189645999999997 0.83471598999999996 0
0.4219502 0.25340147000000002 0
0.42196291000000002 0.75287397 0
0.42204501999999999 0.95549956999999996 0
0.94388411999999999 0.037609789999999997 0
0.42220150000000001 0.41334226000000002 0
0.42220982000000001 0.92912839999999997 0
0.94149285000000005 0.9945562 0
0.89926238000000003 0.90323492999999999 0
0.42230245 0.58820052 0
0.42230884000000002 0.14097562999999999 0
0.42233314999999999 0.66083817 0
0.42235761999999999 0.19925586000000001 0
0.42237164999999999 0.37910707999999999 0
0.42250578 0.083421869999999995 0
0.42258857999999999 0.97976918000000002 0
0.42265394000000001 0.34228148000000003 0
0.42267325 0.23240893000000001 0
0.42293260999999999 0.36845017000000002 0
0.42334985000000003 0 0
0.42338448000000001 0.38599845999999999 0
0.42348284000000003 0.12332985 0
0.4235546 0.87478875 0
0.42369231000000002 0.33243749 0
0.42373824999999998 0.85997334000000003 0
0.42377949999999998 0.23830011000000001 0
0.42389726999999999 0.46076065999999999 0
0.94440394999999999 0.37279152999999998 0
0.42394301000000001 0.17484759999999999 0
0.42407359 0.021365220000000001 0
0.42413394999999998 0.59415825 0
0.42423252 0.43116251 0
0.42433621999999999 0.50646245999999995 0
0.42434384000000003 0.82041628 0
0.42437503999999998 0.44931276999999997 0
0.42445845999999998 0.22522384000000001 0
0.42449529000000003 0.26523841999999997 0
0.42458752999999999 0.86801976000000003 0
0.42459238999999999 0.13451837999999999 0
0.42483822999999998 0.42767749999999999 0
0.42485251000000002 0.53593995999999999 0
0.42490829000000002 0.28829642 0
0.42525159000000001 0.10256817999999999 0
0.42531079999999999 0.70021443999999999 0
0.42531765999999999 0.15401311000000001 0
0.42544957 0.67552875999999995 0
0.42545839000000002 0.42631468 0
0.42549183000000002 0.94307116999999996 0
0.42559859 0.1567163 0
0.42561991999999998 0.77448494999999995 0
0.42564018999999997 0.21847786 0
0.42565712999999999 0.92355288999999996 0
0.42576427 0.21476632000000001 0
0.42578034999999997 0.99628344000000002 0
0.42581347000000003 0.54649866000000002 0
0.42588668000000002 0.78093840999999997 0
0.97030240999999995 0.75301578999999996 0
0.42589368999999999 0.51114364999999995 0
0.42596629000000003 0.72525832999999995 0
0.42603376999999998 0.043463519999999999 0
0.42605615000000002 0.57881327999999999 0
0.90168499000000002 0.47332452000000003 0
0.93391188999999997 0.87624937000000003 0
0.42620560000000002 0.58451927999999997 0
0.42632500000000001 0.11962900999999999 0
0.42632540000000002 0.44697309000000002 0
0.42633332000000002 0.28950384000000001 0
0.42635917000000001 0.069943900000000003 0
0.42646752999999998 0.32138299999999997 0
0.42648085000000002 0.20819903000000001 0
0.42664248999999999 0.52648620000000002 0
0.42666923000000001 0.60704301000000005 0
0.93389286000000005 0.96087568000000001 0
0.42677359999999998 0.01008099 0
0.42688987 0.22766800000000001 0
0.42696617999999997 0.92633900000000002 0
0.42702447999999998 0.24903833 0
0.42704382000000002 0.43067171999999998 0
0.42705462 0.79697549000000001 0
0.42707030000000001 0.83875096999999998 0
0.42709058 0.96672577000000004 0
0.42730066 0.58183362999999999 0
0.42731122999999999 0.61716055000000003 0
0.90946537999999999 0.19963749 0
0.90941875999999999 0.64132798000000002 0
0.42742492999999998 0.54206027999999995 0
0.42751099999999997 0.80598824999999996 0
0.42755493 0.62377084000000005 0
0.42755838000000002 0.39965355000000002 0
0.42758906000000002 0.42511824999999998 0
0.42759476000000002 0.30867137 0
0.42762053999999999 0.20148835000000001 0
0.42765210999999997 0.82668092999999998 0
0.42775698000000001 0.80779723999999997 0
0.42777681000000001 0.76449040999999995 0
0.42778231 0.85861330000000002 0
0.42783678000000003 0.67249148999999997 0
0.42789667999999997 0.30076899000000001 0
0.42795037000000002 0.46809651000000002 0
0.42795372999999998 0.88664865000000004 0
0.42798153 0.1580973 0
0.42800325 0.58527059999999997 0
0.42806149999999998 0.80213372999999999 0
0.42813593 0.34875753999999998 0
0.42814463000000003 0.49240822000000001 0
0.42817885999999999 0.58241275999999997 0
0.42824805999999999 0.90692077999999998 0
0.42831424000000001 0.42446728 0
0.42838521000000002 0.49516199999999999 0
0.42845138999999999 0.78624161000000004 0
0.90215157000000001 0.27371441000000002 0
0.42851883000000002 0.27264122000000002 0
0.93303272000000004 0.29996481000000003 0
0.42862190999999999 0.64991460000000001 0
0.91170958000000002 0.33073152 0
0.42879946000000002 0.29546302000000002 0
0.42888112 0.40824142000000002 0
0.42890660000000003 0.60120008999999996 0
0.42895280000000002 0.033410389999999998 0
0.97339133 0.34387087 0
0.93531196000000005 0.22898351 0
0.93324658000000005 0.34112087000000002 0
0.42917527999999999 0.31896317000000002 0
0.42918835 0.32431029 0
0.94178589000000001 0.18729223 0
0.42920159000000002 0.20018443999999999 0
0.42924158000000001 0.89834075000000002 0
0.42926031999999997 0.59459346000000002 0
0.42932357999999998 0.38009775000000001 0
0.42936126000000002 0.15403944 0
0.42937308000000002 0.43501761 0
0.42937669000000001 0.50713366999999998 0
0.42940038000000003 0.051608670000000002 0
0.42945422999999999 0.55430351 0
0.42945536000000001 0.58316281999999997 0
0.42949855999999997 0.45556108000000001 0
0.42952181 0.56698691000000001 0
0.42953802000000002 0.98684247000000003 0
0.42956924000000002 0.56244601000000005 0
0.42963979000000002 0.52454120999999998 0
0.42970767999999998 0.52354581 0
0.42975632000000002 0.29671507000000003 0
0.42975855000000002 0.17811204 0
0.42982451999999999 0.61149096000000003 0
0.89939082999999997 0.73650985000000002 0
0.42993870000000001 0.29211408 0
0.43004917999999998 0.76928439000000004 0
0.93311142999999996 0.86758718000000001 0
0.43011835999999998 0.98785294999999995 0
0.43012853000000001 0.52200939999999996 0
0.43015815000000002 0.036187799999999999 0
0.43018638999999997 0.39613032999999997 0
0.43029416999999998 0.58588828000000004 0
0.43030457999999999 0.73472042000000004 0
0.43034440000000002 0.51477592999999999 0
0.43045001999999999 0.084728499999999998 0
0.43046339 0.86607087000000005 0
0.43055470000000001 0.55531313999999998 0
0.43059273999999997 0.50281986000000001 0
0.43059551000000001 0.071617680000000003 0
0.43066306999999998 0.19890508000000001 0
0.43069721 0.37510951999999997 0
0.94168872000000003 0.29763741999999999 0
0.43079418000000003 0.74553627 0
0.43081015 0.17657252000000001 0
0.43095233999999999 0.81020108999999996 0
0.43105170999999998 0.010941380000000001 0
0.43109951000000002 0.88055631999999995 0
0.43118993 0.66351196000000001 0
0.43125637999999999 0.75073597000000003 0
0.43131195 0.81966422999999999 0
0.43133607000000002 0.69895633999999995 0
0.43137181000000002 0.50202252000000003 0
0.87448945 0.87709773000000002 0
0.43154445000000002 0.75985320000000001 0
0.43159239999999999 0.77056228000000004 0
0.43169235 0.75244661000000002 0
0.43170385 0.26826153000000003 0
0.43171537999999998 0.22300265 0
0.43176382000000002 0.70926365999999996 0
0.87452909000000001 0.40039078 0
0.43206739 0.80454669999999995 0
0.43209096000000002 0.90409309999999998 0
0.43209934 0.56069528999999996 0
0.43211751999999998 0.58602639000000001 0
0.43222184000000002 0.60094373000000001 0
0.43225560000000002 0.0041859899999999997 0
0.43231282999999998 0.20633689999999999 0
0.43243509000000002 0.13011822000000001 0
0.43245715000000001 0.48248252000000003 0
0.43246561 0.83453297999999998 0
0.43251041000000001 0.79759559999999996 0
0.43253553 0.95319343000000001 0
0.43256011 0 0
0.43264324999999998 0.052605720000000002 0
0.43266357999999999 0.30557898 0
0.43277375000000001 0.42117758 0
0.43279019000000002 0.72695405999999996 0
0.43287055000000002 0.96204840000000003 0
0.43288768999999999 0.050528129999999997 0
0.43294107999999998 0.89139148000000001 0
0.43295854 0.85737973000000001 0
0.43303366999999998 0.70322647000000005 0
0.43316471000000001 0.24542130000000001 0
0.43317375000000002 0.74470491000000005 0
0.94252970000000003 0.40878286000000003 0
0.90226308 0.18415770000000001 0
0.43351779000000001 0.87451953000000004 0
0.43365079000000001 0.61770617000000005 0
0.43366072999999999 0.87749586000000002 0
0.43373273000000001 0.48713708 0
0.89979195000000001 0.077511930000000007 0
0.43376061999999999 0.20902105000000001 0
0.43398397999999999 0.18105512000000001 0
0.43398534999999999 0.64152567999999999 0
0.43404020999999998 0.70384994000000001 0
0.43411117999999999 0.34408446999999998 0
0.43431789999999998 0.67727596999999995 0
0.43447233000000002 0.65742100999999997 0
0.43457321999999998 0.013279259999999999 0
0.43471568999999999 0.63418014 0
0.93597927999999997 0.48012751999999997 0
0.43492386999999999 0.50655021 0
0.43494997000000002 0.94192989000000005 0
0.43495874000000001 0.98901391000000005 0
0.43507151999999999 0.66363028000000002 0
0.43511159999999999 0.19902232 0
0.43523811000000001 0 0
0.43526925 0.55627788 0
0.43540188000000002 0.11757624 0
0.43560707999999998 0.59366187999999998 0
0.93419151 0.50357379999999996 0
0.43567512000000003 0.0083440100000000007 0
0.43589 0.43069089999999999 0
0.43592684999999998 0.07607614 0
0.90885554999999996 0.061109459999999997 0
0.43602626999999999 0.67213447999999998 0
0.43616568 0.74548731999999995 0
0.43619922999999999 0.70128794000000005 0
0.43622302000000002 0.25196950000000001 0
0.43632072999999999 0.76988378999999996 0
0.43632668000000002 0.038254950000000003 0
0.89973462000000004 0.71421087999999999 0
0.43646416999999998 0.087098690000000006 0
0.43654668000000002 0.7717619 0
0.43658411000000003 0.16922290000000001 0
0.43659615000000002 0.99640152000000004 0
0.43659667000000002 0.52603460000000002 0
0.43661506999999999 0.15557404999999999 0
0.43664227999999999 0.45396143 0
0.43665317999999997 0.95662997000000005 0
0.43668488999999999 0.85578403999999997 0
0.94453575000000001 0.63185097000000001 0
0.43673360999999999 0.29667782999999998 0
0.93538211999999998 0.42549136999999998 0
0.43681126999999997 0.61020220999999997 0
0.43685299 0.67787401000000003 0
0.43704707999999998 0.23056238000000001 0
0.43718389000000002 0.62734179999999995 0
0.43721204000000002 0.083340170000000005 0
0.43739008000000001 0.91060401999999996 0
0.93558152999999999 0.038967979999999999 0
0.93474060000000003 0.70075054000000003 0
0.43749933000000002 0.33869886999999999 0
0.43750721999999997 0.04653757 0
0.43752166999999997 0.28538531 0
0.43762744999999997 0.73593240000000004 0
0.94456699 0.05725235 0
0.43763575999999998 0.80353923000000005 0
0.91127754000000005 0.87905628000000002 0
0.43772463 0.26702425000000002 0
0.43773371999999999 0.41905344 0
0.43788522000000002 0.74837403999999996 0
0.43798657000000002 0.0082247799999999992 0
0.91033686999999996 0.58297494999999999 0
0.43811948000000001 0.14053199999999999 0
0.43816843 0.36169959000000002 0
0.43824373999999999 0.062462419999999998 0
0.43828338 0.90860503000000004 0
0.43830057 0.062334779999999999 0
0.43849091000000001 0.057431129999999997 0
0.43852509000000001 0.01225072 0
0.43854185000000001 0.22473601000000001 0
0.93543792000000003 0.33373979999999998 0
0.43865564000000001 0.48280636999999998 0
0.43875035000000001 0.27180135 0
0.43881086000000002 0.75235916000000003 0
0.43884100999999998 0.40790377999999999 0
0.43884118999999999 0.90011938999999996 0
0.43888567000000001 0.56478846000000005 0
0.43889600000000001 0.61984371000000005 0
0.93539055999999998 0.40650299000000001 0
0.43904568999999999 0.65629433999999998 0
0.4391062 0.12475562 0
0.43926332000000001 0.020939099999999999 0
0.43927502000000002 0.47354378000000003 0
0.43928803 0.67731386000000005 0
0.43929794999999999 0.48329685999999999 0
0.43952786999999999 0.47853012 0
0.43956406999999997 0.91659027999999998 0
0.43963259999999998 0.24662709999999999 0
0.43972275999999999 0.66372836999999996 0
0.43972316 0.062312569999999998 0
0.90973663999999999 0.60743862999999998 0
0.43978437999999997 0.16654901 0
0.43984512999999997 0.13781934000000001 0
0.43987052999999998 0.16080038999999999 0
0.43996559000000002 0.74929840000000003 0
0.44011818000000003 0.20756400999999999 0
0.44019796 0.60695317000000004 0
0.44023517000000001 0.35792549000000001 0
0.44024565999999998 0.17005131000000001 0
0.93553070000000005 0.91604348999999996 0
0.44029118 0.93025595000000005 0
0.44041566999999998 0.81555500999999997 0
0.44052183 0.068056870000000005 0
0.44056518 0.90566303000000004 0
0.44068131999999999 0.75714665999999997 0
0.44069170000000002 0.39201137000000003 0
0.94238343000000002 0.61177899000000002 0
0.44075667000000002 0.38592459000000001 0
0.44078553999999998 0.59009847999999998 0
0.44081809999999999 0.71195416 0
0.44082262 0.21040271999999999 0
0.44082390999999999 0.70840871999999999 0
0.44086741000000002 0.45303643999999998 0
0.44092366 0.61025890000000005 0
0.44095794999999999 0.015024559999999999 0
0.44098916999999999 0.69735292999999998 0
0.44101322999999998 0.12743672 0
0.44109863999999999 0.42365119000000001 0
0.44110178 0.5963714 0
0.44120366999999999 0.56405684 0
0.44121400999999999 0.96448034000000005 0
0.44122362999999998 0.46605791000000002 0
0.94275485000000003 0.27530384000000002 0
0.44134947000000002 0.55829782999999999 0
0.44149537 0.098303260000000003 0
0.44150569000000001 0.067631010000000005 0
0.44152750000000002 0.79791456999999999 0
0.44153488000000002 0.28477997999999999 0
0.44159389999999998 0.32030339000000002 0
0.44167958000000002 0.26872897000000001 0
0.96544377999999997 0.87409183999999995 0
0.44181561000000003 0.76463645000000002 0
0.44187483999999999 0.98915260999999999 0
0.44187612999999998 0.55114505999999996 0
0.44192990999999998 0.045511339999999997 0
0.44197934 0.41140101000000001 0
0.44209766 0.32762774 0
0.44215318999999997 0.44064162000000001 0
0.44217202 0.39294006999999997 0
0.44224658999999999 0.14493768000000001 0
0.44234678999999999 1 0
0.44254230999999999 0.056553810000000003 0
0.94242926000000005 0.34020646999999998 0
0.93479453999999995 0.49904113999999999 0
0.44281203000000002 0.73688651999999999 0
0.44282072 0.60857812 0
0.44306003999999999 0.52345894999999998 0
0.44321601999999999 0.67784783000000004 0
0.44355908999999999 0.12533178 0
0.44366609000000001 0 0
0.44379174999999998 0.84413137000000005 0
0.44383211 0.39870781 0
0.44387196000000001 0.94425320000000001 0
0.44397809999999999 0.75812710999999999 0
0.44424984000000001 0.67348432000000003 0
0.44429523999999998 0.44804449000000002 0
0.44434191000000001 0.37220550000000002 0
0.93652086999999995 0.94066263999999999 0
0.44446438999999999 0.63677914000000002 0
0.44447713 0.11618153000000001 0
0.44449535000000001 0.0061760499999999998 0
0.94464212999999997 0.62124422999999995 0
0.44455677999999998 0.76977876000000001 0
0.44457856000000001 0.58471664999999995 0
0.44463248999999999 0.085009199999999993 0
0.44468693999999998 0.010357450000000001 0
0.44475194000000001 0.20063086999999999 0
0.4448221 0.69089995999999998 0
0.4449111 0.29673554000000002 0
0.44503672 0.88848614000000004 0
0.97130709999999998 0.068678409999999995 0
0.44533409000000002 0.059205689999999998 0
0.89971608000000003 0.83991035000000003 0
0.44564028 0.17394313 0
0.44569798999999999 0.53530942000000004 0
0.44571145000000001 0.50241013999999995 0
0.44576031999999999 0.50319245999999995 0
0.44579434000000001 0.90909839999999997 0
0.44596773000000001 0.39240279 0
0.44602990999999997 0.93761890999999997 0
0.446077 0.70749488000000005 0
0.44613478000000001 0.22609429 0
0.44616287999999998 0.23075502000000001 0
0.44616616999999997 0.36650623999999998 0
0.44619883999999999 0.61285228000000003 0
0.44639845 0.80904763999999996 0
0.44646940000000002 0.90897934000000002 0
0.44647524999999999 0.62200469000000003 0
0.44650392999999999 0.081252550000000007 0
0.44663760000000002 0.27685746999999999 0
0.94506429999999997 0.47051252999999998 0
0.44684037999999998 0.20612415000000001 0
0.44684274000000002 0.10685479000000001 0
0.44703693 0.92948631999999998 0
0.44706189000000002 0.88428382000000005 0
0.44710101000000002 0.48924004999999998 0
0.44715737999999999 0.62247434999999995 0
0.44719174 0.74285142999999998 0
0.44725420999999999 0.49686814000000001 0
0.44726848000000002 0.075328660000000006 0
0.90264253000000005 0.12144813 0
0.44763637000000001 0.13950638000000001 0
0.44763908000000002 0.52781918000000005 0
0.44768977999999998 0.9539299 0
0.94280269000000005 0.24329486 0
0.44773170000000001 0.58818077999999996 0
0.96491678999999997 0.60867241999999999 0
0.93600506000000006 0.29078344 0
0.91073159000000004 0.19792835 0
0.44782619000000001 0.22925614999999999 0
0.44804532000000002 0.78938638000000005 0
0.93475375999999999 0.52214326 0
0.44821008000000001 0.93011513000000001 0
0.44837468000000003 0.43812199000000002 0
0.44840291999999998 0.67119256999999999 0
0.44841567999999998 0.11169414 0
0.44848078000000002 0.43728041000000001 0
0.44851020000000003 0.72299588000000004 0
0.44864154000000001 0.16725035999999999 0
0.44896812000000003 0.25474949000000002 0
0.44909228000000001 0.24539279 0
0.44918781000000002 0.23939574999999999 0
0.44926083999999999 0.60347826000000004 0
0.93614626999999995 0.13499667000000001 0
0.91036207000000002 0.72730311999999997 0
0.44944363999999998 0.19024084999999999 0
0.44945892999999998 0.59624902999999996 0
0.44946156999999998 0.79625062999999996 0
0.44955555000000003 0.53125829000000002 0
0.44956794999999999 0.42352717000000001 0
0.44961057999999998 0.51427168000000001 0
0.89984836999999995 0.30549641 0
0.44965523000000002 0.19519427 0
0.44972142999999998 0.53733089999999994 0
0.44973266000000001 0.70487363999999997 0
0.44978072000000002 0.35145293 0
0.44990205 0.86974516000000002 0
0.44992528999999998 0.80126218999999999 0
0.44998325 0.32992426000000002 0
0.45017922999999999 0.15148656999999999 0
0.45031026000000002 0.9824368 0
0.45033731999999999 0.089920189999999997 0
0.45036929999999997 0.99468014999999999 0
0.91173930000000003 0.95451436999999995 0
0.45043128999999998 0.91215694999999997 0
0.45049217000000003 0.0097163900000000001 0
0.45052439 0.69358249999999999 0
0.45055155000000002 0.58192659000000002 0
0.45058608999999999 0.76173226000000005 0
0.45065273 0.37972868999999998 0
0.45067511999999998 0.014807590000000001 0
0.87456259000000003 0.94977075 0
0.45073953999999999 0.18123226000000001 0
0.45075164000000001 0.20988092999999999 0
0.45085691999999999 0.049335539999999997 0
0.45089407999999997 0.053574379999999998 0
0.45093539999999999 0.79656455999999998 0
0.94470883000000005 0.43217517 0
0.45108536999999999 0.48265638999999999 0
0.45110407000000002 0.19078843000000001 0
0.45117806999999999 0.23706424000000001 0
0.94457449999999998 0.33621617999999998 0
0.45132667999999998 0.91322513999999999 0
0.45132900999999997 0.28458855 0
0.94277701000000003 0.96665204000000005 0
0.45136704 0.49970182000000002 0
0.45137894000000001 0.24480041 0
0.45140296000000002 0.21920094000000001 0
0.45143445999999998 0.27453159999999999 0
0.45143713000000002 0.21150442 0
0.91219691999999997 0.23984415000000001 0
0.90968912999999996 0.26259622999999999 0
0.45168075000000002 0.94833129999999999 0
0.45168228999999999 0.28256050999999999 0
0.45173612000000002 0.67999907999999998 0
0.45174143999999999 0.13146999000000001 0
0.45179302999999998 0.81699073 0
0.45180681 0.4261085 0
0.45189293000000003 0.83115139999999998 0
0.45189853000000002 0.032119700000000001 0
0.45189968000000003 0.52336437999999996 0
0.45203410999999999 0.94247627 0
0.45211403 0.36223557000000001 0
0.45221085999999999 0.095922859999999999 0
0.45221614999999998 0.71941281000000001 0
0.45224974000000001 0.10235482999999999 0
0.45226054999999998 0.63859783999999997 0
0.45230566999999999 0.070013809999999996 0
0.45231047000000002 0.90200184999999999 0
0.45236328999999997 0.76924939000000003 0
0.45259326999999999 0.98204082999999998 0
0.45259586000000002 0.31053323999999999 0
0.45266810000000002 0.24689153999999999 0
0.89979461000000005 0.63536844999999997 0
0.45291547999999998 0.74511501000000002 0
0.45294865000000001 0.02495586 0
0.45298405000000003 0.91918761000000004 0
0.93446501999999998 1 0
0.45300352999999999 0.20733463999999999 0
0.45301873999999998 0.71991073999999999 0
0.45307020999999997 0.41567078000000002 0
0.45311635 0.19568891999999999 0
0.45312190000000002 0.85234337000000004 0
0.87843327999999998 0.58874451999999999 0
0.45333815 0.53110999000000003 0
0.45335385 0.11622468 0
0.45345579000000003 0.42285486999999999 0
0.45352393000000002 0.26168278 0
0.45356501999999999 0.029787040000000001 0
0.45366010000000001 0.32002709000000001 0
0.90241760000000004 0.049852050000000002 0
0.45379343999999999 0.59549403999999995 0
0.45384716000000003 0.19776494 0
0.93680333000000005 0.10867523 0
0.45395693999999998 0.21555136 0
0.45417722999999999 0.75248713 0
0.96536643 0.081673120000000002 0
0.45425892000000001 0.94063313999999998 0
0.45441249 0.80710963000000002 0
0.45451275000000002 0.0016667299999999999 0
0.45454028000000002 0.98176273999999997 0
0.4546713 0.1212621 0
0.45470582999999998 0.72580363000000003 0
0.45477886000000001 0.65193542000000004 0
0.93405811999999999 0.43691022000000002 0
0.45502282999999999 0.56508422000000003 0
0.45512236 0.64521355999999996 0
0.45513083999999998 0.85042859000000004 0
0.45520467999999997 0.21138349000000001 0
0.45524186999999999 0.36977348999999998 0
0.45531019 0.87900734000000003 0
0.93423599000000002 0.36293405000000001 0
0.45535635000000002 0.41913813 0
0.45537829000000002 0.68282628000000001 0
0.45541459000000001 0.19723525 0
0.45545205 0.54814068999999999 0
0.94497863999999998 0.41083973000000001 0
0.45570571999999998 0.084251770000000004 0
0.45573921000000001 0.03688338 0
0.45583859999999998 0.43620418 0
0.45587358 0.082063369999999997 0
0.45587612 0.97562731000000003 0
0.45599068999999998 0.31627493000000001 0
0.45605101999999997 0.27546756999999999 0
0.45605521999999998 0.01666014 0
0.45609425999999997 0.27856133 0
0.45612238999999999 0.81214038 0
0.45616096 0.00102714 0
0.45618597999999999 0.22636271999999999 0
0.45619695999999998 0.71885977000000001 0
0.97317662999999999 0.89119183999999996 0
0.45629523999999999 0.33466200000000002 0
0.93601831999999996 0.85311397 0
0.45639923999999998 0.70835278000000002 0
0.45640538000000003 0.48216747999999998 0
0.45650192000000001 0.29667797000000001 0
0.45657788999999999 0.61570227 0
0.45668702 0.02063214 0
0.45672193999999999 0.44613183000000001 0
0.45681913000000002 0.15445608999999999 0
0.45683744999999998 0.39083329999999999 0
0.45686227000000001 0.016997979999999999 0
0.45689075000000001 0.98081309999999999 0
0.94507405 0.92127177999999998 0
0.90287914999999996 0.30931218999999999 0
0.45705846999999999 0.02421092 0
0.45706085000000002 0.18024957999999999 0
0.45717103999999997 0.22018504 0
0.45717835000000001 0.79200291 0
0.45728542999999999 0.90598405000000004 0
0.45734527000000003 0.015776760000000001 0
0.45735133 0.049735010000000003 0
0.45739770000000002 0.79807801 0
0.45744386999999997 0.23167766000000001 0
0.45748688999999998 0.72408779999999995 0
0.45755061000000002 0.47705017999999999 0
0.45755943999999998 0.85188410999999997 0
0.45761775999999998 0.17064855000000001 0
0.45764458000000002 0.62358354000000005 0
0.45775136 0.075190460000000001 0
0.97159152000000004 0.92134897999999998 0
0.45781359999999999 0.23792429000000001 0
0.45782630000000002 0.61479399999999995 0
0.45801866000000002 0 0
0.45804921999999998 0.48908510999999999 0
0.45808197 0.55324684999999996 0
0.90241607000000001 0.23739806999999999 0
0.45821036999999998 1 0
0.45837255999999998 0.61673913000000002 0
0.4584723 0.52917570999999997 0
0.45847275999999998 0.26504587000000002 0
0.45850407999999998 0.79175488999999999 0
0.45854201999999999 0.29035717999999999 0
0.90983018999999998 0.29705878000000002 0
0.45877854000000001 0.14608878 0
0.90986652999999995 0.39064190999999998 0
0.45896169999999997 0.03635008 0
0.45902593000000003 0.053298449999999997 0
0.45905358000000002 0.29232974 0
0.45919558999999999 0.10775137999999999 0
0.45930167 0.39864006000000002 0
0.45930659000000001 0.33856587999999999 0
0.91081617999999998 0.60710036000000001 0
0.45961028999999998 0.13468784 0
0.45969674999999999 0.38336657000000002 0
0.45974058000000001 0.75859138999999998 0
0.45976348 0.77387961999999999 0
0.45977033 0.96609299000000004 0
0.45990448 0.74370621000000003 0
0.90080687000000004 0.60355488999999996 0
0.93608595999999999 0.33330390999999998 0
0.90993352999999999 0.633745 0
0.46010992000000001 0.59724842 0
0.46011806999999999 0.030036859999999999 0
0.46024522000000001 0.30366789 0
0.46025093 0.16415689 0
0.46029365999999999 0.11378583 0
0.86873613999999999 0.68159923 0
0.4603392 0.37546771000000001 0
0.4603506 0.053357920000000003 0
0.93614925000000004 0.14679782999999999 0
0.94282527000000005 0.84426067999999999 0
0.46045089 0.68931785000000001 0
0.46049143999999997 0.49060735999999999 0
0.46053339999999998 0.42544462 0
0.46060258999999998 0.069521669999999994 0
0.46070059000000002 0.76246329999999995 0
0.46078205999999999 0.94713048 0
0.46083157000000002 0.29956434999999998 0
0.46085798 0.36295606000000002 0
0.46094081999999997 0.66118792000000004 0
0.46094296000000001 0.95773392000000002 0
0.46097900000000003 0.69932594999999997 0
0.46099108 0.58247108999999997 0
0.46100113999999998 0.93743341000000002 0
0.46108065999999998 0.37408052000000003 0
0.46119374000000002 0.92767266999999998 0
0.46120309999999998 0.028166940000000001 0
0.46120497999999999 0.25740623000000001 0
0.46130631999999999 0.45520147 0
0.46138178000000002 0.077846460000000006 0
0.90076381000000005 0.76438253 0
0.46163106999999998 0.20575562999999999 0
0.46176982999999999 0.81505841000000001 0
0.90985969 0.73844436000000002 0
0.46184736999999998 0.54067533999999995 0
0.46192995999999997 0.04600812 0
0.46202135999999999 0.67486727000000002 0
0.46203743000000003 0.2836225 0
0.90247526 0.96389360999999996 0
0.46237413999999999 0.80384197000000002 0
0.46240902 0.74749502000000001 0
0.93440392999999999 0.55219923999999998 0
0.46245375 0.65619693999999995 0
0.46246564000000001 0.65543516999999996 0
0.46255520999999999 0.15362397 0
0.46264402999999998 0.47301036000000002 0
0.91075393000000004 0.81148551999999996 0
0.46269186000000001 0.96250435000000001 0
0.46273639 0.24729935 0
0.46275119999999997 0.26605285000000001 0
0.46295323999999999 0.56837649999999995 0
0.46299248999999998 0.47972314999999999 0
0.46299301999999998 0.20249784000000001 0
0.46312797 0.19456646999999999 0
0.46324566 0.91620102000000003 0
0.46325623999999999 0.56037261000000005 0
0.46327824000000001 0.057315449999999997 0
0.46336070000000001 0.57565918000000005 0
0.46336899999999998 0.053347680000000001 0
0.46341344000000001 0.21245011999999999 0
0.46341468000000002 0.31687340000000003 0
0.46346599999999999 0.22205642 0
0.4634895 0.96769914999999995 0
0.94492558000000004 0.47816976 0
0.46354058999999997 0.71862979000000005 0
0.46373398999999998 0.19679605 0
0.46374296999999998 0.39525512000000002 0
0.46377114000000003 0.27320846999999998 0
0.46384201000000003 0.92155120000000001 0
0.46385103999999999 0.71552674000000005 0
0.46385875999999998 0.20824759000000001 0
0.90265545000000003 0.076783580000000004 0
0.46414908999999999 0.61499652999999999 0
0.46419874 0.81173549 0
0.46422400000000003 0.87320154999999999 0
0.46422430999999997 0.52029868000000001 0
0.46442158 0.76046369000000003 0
0.46447143000000002 0.71390595000000001 0
0.46452590999999999 0.63249531999999997 0
0.46461789999999997 0.77430043999999998 0
0.46467291999999999 0.54382713000000005 0
0.46470755000000002 0.41562183000000003 0
0.46478270999999999 0.99186706000000002 0
0.46479990999999998 0.28916723999999999 0
0.46486429000000001 0.12307121 0
0.46491345000000001 0.030799150000000001 0
0.46496562000000002 0.22409092 0
0.46510937000000002 0.73114228000000003 0
0.46515914000000003 0.37827811 0
0.46518983000000003 0.81820276999999997 0
0.46523407 0.68218480999999997 0
0.46532635 0.33800543999999999 0
0.46532836 0.75735578000000003 0
0.46539218999999998 0.097189709999999999 0
0.46548858999999998 0.90016903000000004 0
0.46553756000000002 0.68852674999999997 0
0.93408500000000005 0.83878063999999997 0
0.46563104 0.063135200000000002 0
0.46565914000000003 0.95212545999999998 0
0.46571814 0.43504134 0
0.46578930000000002 0.97979099999999997 0
0.46580980999999999 0.79245792000000004 0
0.46581641000000001 0.74248285000000003 0
0.46586815999999998 0.88536274000000004 0
0.46592833 0.41050555999999999 0
0.46598582 0.73095111999999995 0
0.46607091 0.36336327000000002 0
0.46607736999999999 0.60083193999999995 0
0.46612618 0.10293172 0
0.46613295999999999 0.48694663999999999 0
0.46615563999999998 0.15748620999999999 0
0.46617378999999998 0.60125885000000001 0
0.46623870000000001 0.055404019999999998 0
0.46630393999999997 0.33031413999999998 0
0.90084220000000004 0.10884626999999999 0
0.46638521999999999 0.92793559000000003 0
0.46640714999999999 0.13836576 0
0.46644750000000001 0.60123990000000005 0
0.46655595 0.65436070999999996 0
0.46656201000000003 0.30813828999999998 0
0.46675233999999999 0.57113813000000002 0
0.46680094 0.35072988999999999 0
0.46685908999999998 0.44178265 0
0.46688115000000002 0.17696862999999999 0
0.46691160999999998 0.72498370999999995 0
0.46714965000000003 0.89177987000000003 0
0.46721466 0.25690096000000001 0
0.94471709000000004 0.31596382000000001 0
0.46734821999999998 0.40248282000000002 0
0.46743361999999999 0.079739790000000005 0
0.46751995000000002 0.21094452 0
0.46755699000000001 0.50391728000000002 0
0.46756850999999999 0.65395161000000002 0
0.46758828000000002 0.94355480999999997 0
0.46759729 0.83710415000000005 0
0.46759855 0.40904944999999998 0
0.46774800999999999 0.29192563999999999 0
0.46783408999999998 0.12673856 0
0.46787065999999999 0.79904697000000002 0
0.46804831000000002 0.82068401999999996 0
0.46811679 0.85462309999999997 0
0.46818253999999998 0.33841238000000001 0
0.46823871 0.41691717 0
0.46830302000000001 0.28772766999999999 0
0.46833922 0.83004712000000003 0
0.93418299999999999 0.22687278 0
0.46840338999999998 0.54078669000000001 0
0.46847233999999999 0.96380737000000005 0
0.46852004000000003 0.67423875 0
0.46853947000000001 0.68084944000000003 0
0.46858021999999999 0.71266717999999996 0
0.46859603999999999 0.57743286000000005 0
0.46859813 0.14548163 0
0.4687209 0.51045799999999997 0
0.46874974000000003 0.049230120000000002 0
0.46879242999999998 0.17429653000000001 0
0.46886221 0.71460610000000002 0
0.46889035000000001 0.61144293999999999 0
0.46903317999999999 0.50942807000000001 0
0.46914676999999999 0.69037952999999996 0
0.46925507999999999 0.86079605000000003 0
0.46927711 0.74262243999999999 0
0.46928713 0.043350050000000001 0
0.46929164000000001 0.86702102999999997 0
0.46931980000000001 0.71772882000000005 0
0.46934105999999998 0.18755511 0
0.99686682000000004 0.58799095999999995 0
0.94256702999999997 0.070118269999999996 0
0.46947267999999998 0.02002876 0
0.46951576 0.31788392999999998 0
0.46952221 0.69620033000000003 0
0.46956649 0 0
0.46957768999999999 0.92288484000000004 0
0.46962237000000001 0.70247232000000004 0
0.46967567999999998 0.42849735999999999 0
0.46979662999999999 0.43528611 0
0.46987130999999999 0.59617913 0
0.46988438999999999 0.8150847 0
0.46989564 0.64358168000000004 0
0.46990862999999999 0.04713788 0
1 0.90563910000000003 0
0.47006954000000001 0.32758814000000003 0
0.47030550999999998 0.22130557000000001 0
0.47033019999999998 0.59144733999999999 0
0.94283989000000001 0.75197703999999999 0
0.47049617999999999 0.26452007999999999 0
0.47077845000000001 0.52711569999999996 0
0.47081049000000003 0.52294077000000005 0
0.47084673999999999 0.63003251999999998 0
0.4708637 0.11218763 0
0.47110316000000002 0.90717625999999996 0
0.47130557000000001 0.71929801000000004 0
0.47144198999999998 1 0
0.97122765 0.98424171000000005 0
0.47155076000000001 0.79628485999999998 0
0.47161891 0.12625666999999999 0
0.47166018999999998 0.15242673000000001 0
0.47174485999999999 0.34159771 0
0.47179506999999998 0.36626460999999999 0
0.93635195000000004 0.77972507000000002 0
0.47186792 0.2267836 0
0.91082848999999999 0.90092669999999997 0
0.47198761 0.38017587000000003 0
0.47202498999999998 0.81334554999999997 0
0.47203303000000002 0.50034100999999997 0
0.47204600000000002 0.48122816000000002 0
0.47208467999999998 0.3056353 0
0.47210734999999998 0.67935272000000002 0
0.47218428000000001 0.61340574999999997 0
0.47222078000000001 0.80406275999999999 0
0.47223084999999998 0.70595827 0
0.47224719999999998 0.65936287000000005 0
0.47227319000000001 0.86137121000000005 0
0.47232480999999998 0.058921559999999998 0
0.93502889 0.30268398000000002 0
0.47241941999999998 0.83881572999999998 0
0.47246818000000002 0.48951530999999998 0
0.47248494000000002 0.74758583999999995 0
0.47249259999999998 0.98764479999999999 0
0.47261772000000002 0.66888981000000003 0
0.47263736000000001 0.70319494999999999 0
0.47266323999999998 0.15091505999999999 0
0.90010042999999995 0.79332776999999999 0
0.47291654 0.77628748999999997 0
0.47291811 0.57958003999999996 0
0.47299808999999998 0.03141704 0
0.47302267999999997 0.60346781999999999 0
0.47316551000000001 0.044159410000000003 0
0.47317499000000002 0.74593825999999996 0
0.47320664000000001 0.0048711500000000003 0
0.47322521000000001 0.77402300999999996 0
0.47327162 0.72317262999999998 0
0.47330352999999997 0.76367547999999996 0
0.93700865 0.89627933999999998 0
0.47338849999999999 0.20603883000000001 0
0.47341536000000001 0.45776464 0
0.93694794000000003 0.39290488000000001 0
0.47345621999999998 0.23956184999999999 0
0.47351151000000002 0.93316831 0
0.47351307999999998 0.38789715000000002 0
0.47351504999999999 0.66703818999999998 0
0.47351586000000001 0.29125072000000002 0
0.90301299000000002 0.19477848 0
0.47354496000000001 0.94543538000000005 0
0.94509003000000003 0.85951465999999999 0
0.91219802000000005 0.019554160000000001 0
0.47380742999999997 0.69508586000000006 0
0.47383494999999998 0.97533882999999999 0
0.47394132999999999 0.89023914999999998 0
0.47402558 0.10490376999999999 0
0.47402759999999999 0.26058195000000001 0
0.47411586999999999 0.42674339999999999 0
0.47413993999999998 0.73761211000000004 0
0.47416232000000003 0.28069205000000003 0
0.47430164000000002 0.39037326 0
0.47430983999999998 0.72857229999999995 0
0.47451538999999998 0.90133615 0
0.47452367000000001 0.53317336000000004 0
0.97330384000000003 0.13851793000000001 0
0.94263043999999996 0.95980575999999995 0
0.47459411000000001 0.47018379999999999 0
0.47462426000000002 0.16438952000000001 0
0.47463 0.13755975000000001 0
0.47471189000000003 0.43714247000000001 0
0.47475451000000002 0.21651930999999999 0
0.93621273999999999 0.10051968 0
0.47488444000000002 0.028252909999999999 0
0.47495322000000001 0.74128004000000003 0
0.47497753999999998 0.30510258000000001 0
0.47510563 0.38686467000000002 0
0.47511956 0.023749530000000001 0
0.47513873000000001 0.42912689999999998 0
0.47525277999999999 0.88265081000000001 0
0.91235741000000004 0.62124208999999997 0
0.47535094 0.11480712 0
0.47563919999999998 0.48081738000000002 0
0.47570678999999999 0.16677005 0
0.47585762999999998 0.85262658999999996 0
0.47587164999999998 0.27837061000000002 0
0.47589157999999998 0.97011926000000004 0
0.47614937000000002 0.46282256999999999 0
0.47618667999999997 0.56953869999999995 0
0.47628261 0.73683737000000005 0
0.47631572999999999 0.050016150000000002 0
0.47637289999999999 0.46257334 0
0.47642644000000001 0.63270130999999996 0
0.47650584000000001 0.43161210999999999 0
0.47659634000000001 0.95679510999999995 0
0.87858159000000002 0.14712712 0
0.99569624999999995 0.92103049999999997 0
0.47673933000000002 0.24411401999999999 0
0.93481144999999999 0.099140160000000005 0
0.47681892999999997 0.80506403999999998 0
0.47683678000000002 0.17582236000000001 0
0.47684165000000001 0.33509955000000002 0
0.47684438000000001 0.92634910999999998 0
0.47686762999999999 0.61370108000000001 0
0.47694487000000002 0.68938306999999999 0
0.47698285000000001 0.68597870999999999 0
0.93449347000000005 0.26034359000000001 0
0.47703333999999997 0.55982862 0
0.47710784000000001 0.96645756000000005 0
0.47712681000000001 0.74854916000000005 0
0.47715839999999998 0.99186582999999995 0
0.47722334 0.52045682999999998 0
0.47731227999999998 0.27384355999999999 0
0.47750058000000001 0.99572501999999996 0
0.47752401999999999 0.81625333 0
0.47755751000000002 0.47073469000000001 0
0.47762817000000002 0.84562979999999999 0
0.94532463 0.28562653999999998 0
0.47769433 0.78415499 0
0.47771915999999998 0.65141780000000005 0
0.47772100000000001 0.83143202000000005 0
0.47777871 0.21961848 0
0.47783045000000002 0.43814286000000002 0
0.91036665000000005 0.91392267000000005 0
0.47791454999999999 0.4961023 0
0.93681926999999998 0.15540053000000001 0
0.47794857000000002 0.45623985 0
0.47801652 0.88737160000000004 0
0.47802328999999999 0.66822294000000004 0
0.47809430000000003 0.66913515000000001 0
0.47809708000000001 0.10638519 0
0.90263190999999998 0.77116470000000004 0
0.97342046999999998 0.46775413999999998 0
0.47819824 0.32257627999999999 0
0.47838164 0.18527593000000001 0
0.47859890999999999 0.54815714999999998 0
0.47864305000000001 0.082346790000000003 0
0.47870559000000001 0.58054324000000002 0
0.91182046000000005 0.57867564999999999 0
1 0.74406395000000003 0
0.47883139000000002 0.10855072 0
0.47883557999999998 0.46304699999999999 0
0.47887030000000003 0.29917203999999997 0
0.47889267000000002 0.51901491 0
0.47897969000000001 0.70929043000000003 0
0.47908294000000001 0.43070826000000001 0
0.47918614999999998 0.80478362000000003 0
0.47928876999999998 0.39109975000000002 0
0.47934339999999998 0.046614370000000002 0
0.4795335 0.93932287000000003 0
0.47956075999999997 0.57332762999999998 0
0.47957376000000002 0.40948380000000001 0
0.47957697999999999 0.66450522999999995 0
0.47964855000000001 0.72957061999999995 0
0.47965566999999998 0.24106801999999999 0
0.47978556 0.40607723000000001 0
0.91187331999999999 0.14870359 0
0.90263254000000004 0.72536595000000004 0
0.47992639999999998 0.47007180999999998 0
0.47992984999999999 0.81608128999999996 0
0.48001681000000002 0.87568159000000001 0
0.48010511 0.98421943999999995 0
0.48011239999999999 0.35566293999999998 0
0.87003039000000004 0.67625835999999995 0
0.48015573 0.16847367999999999 0
0.48020450999999997 0.33428644000000002 0
0.93629839999999998 0.046122469999999999 0
0.48039302 0.042295659999999999 0
0.90255116000000002 0.52730147000000005 0
0.48079677999999998 0.55351545000000002 0
0.48083934 0.50480387000000004 0
0.48085217000000002 0.10830011 0
0.94513276000000002 0.99345886000000005 0
0.48097063000000001 0.56610534999999995 0
0.48106285999999998 0.74229213000000005 0
0.48109285000000002 0.14828817 0
0.48114182 0.80809969999999998 0
0.96455055999999995 0.54951198999999995 0
0.48126426999999999 0.54500442999999998 0
0.48131785999999999 0.61219056999999999 0
0.48135219000000001 0.34936128 0
0.48159051000000003 0.52612225000000001 0
0.48160308000000002 0.23531784 0
0.48160613000000002 0.46901921000000002 0
0.48170228999999998 0.45897060000000001 0
0.48173050000000001 0.25293980999999999 0
0.48188627000000001 0.42784747000000001 0
0.48189029999999999 0.41370193 0
0.48192555999999998 0.68246291999999997 0
0.48200632999999998 0.16602700000000001 0
0.48201643999999999 0.87104762999999996 0
0.48202875000000001 0.75246818000000004 0
0.48205003000000002 0.82654063 0
0.48205399999999998 0.61621705999999998 0
0.93455684000000006 0.71851187999999999 0
0.48216582000000002 0.83501009999999998 0
0.48226342999999999 0.4809581 0
0.48259258999999999 0.53286429000000002 0
0.48261995000000002 0.0033078600000000001 0
0.48265078 0.14813138000000001 0
0.48268097999999998 0.62406077000000004 0
0.48271247 0.90440947000000005 0
0.48274829000000002 0.92252442999999995 0
0.48287168000000003 0.073942620000000001 0
0.48288008999999998 0.43567536000000001 0
0.48288530000000002 0.89230920000000002 0
0.48301013999999998 0.48715646000000001 0
0.48314170000000001 0.70427744999999997 0
0.48314427999999998 0.36581166999999998 0
0.48317360999999998 0.85877203000000002 0
0.48322530000000002 0.16079468 0
0.48322968999999999 0.14287722999999999 0
0.48325024 0.26517254000000001 0
0.94302717000000003 0.81072988999999995 0
0.48350029999999999 0.67487993000000002 0
0.48351345000000001 0.53528920000000002 0
0.94313811000000003 0.90631145000000002 0
0.48366461999999999 0.80553282000000004 0
0.90092353999999997 0.44407352 0
0.48372596000000001 0.068054729999999994 0
0.48374313000000002 0.38912229999999998 0
0.48381518000000001 0.90942889999999998 0
0.48390666999999998 0.013094740000000001 0
0.48395824999999998 0.01058596 0
0.48402307 0.79740116000000005 0
0.48412750999999998 0.63856453999999996 0
0.48420649999999998 0.64016910999999999 0
0.48423586000000002 0.098304470000000005 0
0.93454146999999999 0.84142444999999999 0
0.48427105999999998 0.25329027999999998 0
0.48436709999999999 0.89590121 0
0.48436845000000001 0.3013188 0
0.97189956 0.55489473 0
0.48443199999999997 0.12933700000000001 0
0.48453176999999997 0.070996699999999996 0
0.48460923 0.40997700999999998 0
0.48462357 0.17767953 0
0.48480319999999999 0.39048727 0
0.48496521999999997 0.15691009 0
0.48508635 0.34455696000000002 0
0.48508693000000003 0.53439270000000005 0
0.48512912000000002 0.14297375000000001 0
0.48516172000000002 0.73644591000000004 0
0.48516673999999999 0.041643199999999998 0
0.48521379999999997 0.51484823000000002 0
0.48530065 0.046228239999999997 0
0.48538240999999999 0.28971635000000001 0
0.91093972000000001 0.65307241000000005 0
0.48550968999999999 0.63404269999999996 0
0.48551290000000003 0.59979574999999996 0
0.48553093000000003 0.28879297999999998 0
0.48559712999999999 0.20742331999999999 0
0.48564490999999999 0.98050223000000003 0
0.48577637000000001 0.86742043000000002 0
0.93503650999999999 0.42894093999999999 0
0.48584429000000001 0.036327060000000001 0
0.4858769 0.20022583999999999 0
0.48605151000000002 0.26967824000000001 0
0.48613981000000001 0.72327213999999995 0
0.48616599999999999 0.82331346000000005 0
0.48623847999999997 0.059768050000000003 0
0.48631464000000002 0.29593508000000002 0
0.48634068000000003 0.89399974999999998 0
0.48639102000000001 0.79858887000000001 0
0.48643402000000002 0.61344695000000005 0
0.91188504000000004 0.19501229 0
0.48645463 0.24683147999999999 0
0.48652878999999999 0.87078783999999998 0
0.48652989000000002 0.42103661999999997 0
0.48661975000000002 0.84540581999999997 0
0.90105822999999996 0.81261380000000005 0
0.48678837000000003 0.42684714000000001 0
0.90255611000000002 0.42517576000000001 0
0.48713056999999998 0.13306599 0
0.48717767000000001 0.85681072999999996 0
0.48724928000000001 0.50851047000000005 0
0.48727225000000002 0.83300015999999999 0
0.48738894999999999 0.023181650000000002 0
0.48742967999999998 0.74875502000000005 0
0.48744648000000002 0.27795930000000002 0
0.97121656000000001 0.59806791000000004 0
0.48766964000000002 0.19570956 0
0.48776185 0.53592437000000004 0
0.48782228 0.93042035000000001 0
0.48789879000000003 0.15755812999999999 0
0.48793677000000002 0.76368354999999999 0
0.48795358999999999 0.2624397 0
0.48795428000000002 0.65376175000000003 0
0.48819718000000001 0.56396645999999995 0
0.48827368999999998 0.66030789999999995 0
0.48828009999999999 0.064489240000000003 0
0.4885274 0.98470367999999997 0
0.48856690000000003 0.67239769000000005 0
0.48867197000000001 0.94710907 0
0.48869057999999999 0.31234049000000003 0
0.48876206 0.91988751000000002 0
0.48878796000000002 0.41105850999999999 0
0.4888402 0.84883881000000005 0
0.48885650000000003 0.89739376000000004 0
0.48896990000000001 0.26669996000000001 0
0.48899413000000003 0.011899959999999999 0
0.91053638000000003 0.91986590999999995 0
0.48909228999999999 0.67069089000000004 0
0.48912153000000003 0.17538208999999999 0
0.48916657000000002 0.097321930000000001 0
0.93729958999999996 0.62592879000000001 0
0.48936586999999998 0.10359351 0
0.48938309000000002 0.3818685 0
0.48939545000000001 0.49387468000000001 0
0.48949196 0.7214834 0
0.48963873000000002 0.29074204999999997 0
0.48967704000000001 0.053633750000000001 0
0.87513713000000004 0.22732280999999999 0
0.93627488999999997 0.35490730999999998 0
0.48984193999999998 0.47172629999999999 0
0.91085006999999996 0.082440020000000003 0
0.49002340999999999 0.70426014999999997 0
0.49011261 0.20857651999999999 0
0.49026068 0.68632254000000004 0
0.4904655 0.94991040000000004 0
0.49050200999999999 0.22834757 0
0.49055463999999999 0.77293248000000003 0
0.49062295 0.41240599 0
0.49070592000000002 0.96190366000000005 0
0.49078878999999997 0.88903907000000004 0
0.49088157999999998 0.87310929000000004 0
0.49088271999999999 0.45953433999999999 0
0.49088553000000001 1 0
0.49090573999999998 0.19969122 0
0.49092873999999997 0.43935633000000002 0
0.49098141000000001 0.34869278999999997 0
0.94485390999999996 0.12151642999999999 0
0.49116140000000003 0.82859068999999996 0
0.49125945999999998 0.57357358999999997 0
0.49131290999999999 0.90977991000000002 0
0.49133665999999998 0.52706067999999995 0
0.49135501999999998 0.92924313999999997 0
0.4914133 0.75730348999999997 0
0.4914829 0.28852448000000003 0
0.49158203 0.68232048999999995 0
0.49176135999999998 0.87499842999999999 0
0.49182878000000002 0.69492012000000003 0
0.49184575000000003 0.93752902000000005 0
0.49186336000000003 0.042851470000000003 0
0.49191865000000001 0.81543949999999998 0
0.49215239 0.24438125999999999 0
0.49215980999999998 0.62464847999999995 0
0.4921854 0.47150789999999998 0
0.49230296000000001 0.78793164999999998 0
0.97378628 0.62506424000000005 0
0.49253447 0.89604578999999995 0
0.49255796000000002 0.20540349999999999 0
0.49268813 0.32814894999999999 0
0.49273031 0.35489975000000001 0
0.90305289 0.60821451000000004 0
0.49290036999999998 0.32975190999999998 0
0.49301621000000001 0.2748641 0
0.49305546 0.38565740999999998 0
0.49311248000000002 0.70148398999999995 0
0.49344669000000002 0.63259631999999999 0
0.49345434999999999 0.66636848000000004 0
0.49345826999999998 0.48318875 0
0.94487686000000004 0.065518649999999998 0
0.49353725999999998 0.53459144999999997 0
0.49366955000000001 0.64394479000000004 0
0.49373221 0.38766705000000001 0
0.49374219000000003 0.55792253000000003 0
0.91182278000000005 0.53214465 0
0.49398929000000003 0.38760224999999998 0
0.96214677000000004 0.81094812999999999 0
0.90056959000000003 0.0097210600000000001 0
0.49401724000000002 0.01203451 0
0.49403616 0.31685996 0
0.49404759999999998 0.13319523 0
0.49421439 0.25368927000000002 0
0.49445929 0.93449483 0
0.49459836000000001 0.69296120999999999 0
0.49464935999999998 0.87341806 0
0.49465631999999998 0.14652396000000001 0
0.49470531000000001 0.44400495000000001 0
0.49475156999999997 0.45804273000000001 0
0.49484922999999997 0.23399924999999999 0
0.49495013999999998 0.50444624999999998 0
0.49495038000000002 0.88109477999999997 0
0.49499209999999999 0.90358168000000005 0
0.49503672999999998 0.067881590000000006 0
0.49504770999999997 0.36525584999999999 0
0.49505675999999998 0.88066825999999998 0
0.49517347 0.61983856000000004 0
0.49533672000000001 0.86319349999999995 0
0.91098113999999997 0.92700512999999996 0
0.49537257000000001 0.27767109000000001 0
0.90107360000000003 0.29697209000000002 0
0.97143283000000002 0.68331593999999996 0
0.49577473 0.25193327999999998 0
0.49583222999999998 0.94761642000000001 0
0.49585771000000001 0.47870604999999999 0
0.49590545000000003 0.52761420000000003 0
0.49603544999999999 0.43879054000000001 0
0.49605026000000002 0.28993706000000002 0
0.49608666000000001 0.27294721999999999 0
0.49611602999999999 0.92020296000000001 0
0.49613369000000002 0.53158123999999995 0
0.49619096000000001 0.51603770000000004 0
0.9430887 0.84994400999999997 0
0.4962666 0.021236870000000001 0
0.49627127999999998 0.55934737000000001 0
0.49639483000000001 0.51233459999999997 0
0.49640737000000001 0.38884015 0
0.49647181000000001 0.99638824999999998 0
0.49647242000000003 0.64388427000000004 0
0.49651127 0.22019716 0
0.91257027999999996 0.12787138000000001 0
0.49686804000000001 0.26575534000000001 0
0.49689686999999999 0.11057403 0
0.91058514000000002 0.042764539999999997 0
0.49713689 0.19538490999999999 0
0.49715334 0.79662504000000001 0
0.49738413999999997 0.54785079999999997 0
0.49742878000000001 0.95299098000000004 0
0.49744026000000002 0.53597468999999998 0
0.49748827000000001 0.1780262 0
0.49751919 0.00144914 0
0.49752221000000002 0.88903798999999994 0
0.49756673000000001 0.65297185000000002 0
0.49757189000000002 0.34435048000000001 0
0.49760743000000002 0.18617749 0
0.49767131999999997 0.60315695000000003 0
0.49770825000000002 0.70677542999999998 0
0.94550529000000005 0.64432484000000001 0
0.49782079000000001 0.098550150000000003 0
0.49782581999999997 0.68873903000000003 0
0.49789107999999999 0.96743714999999997 0
0.49791038999999998 0.63098330000000002 0
0.49791113999999997 0.15561992999999999 0
0.49799218000000001 0.66623569000000005 0
0.49812627999999998 1 0
0.49822501000000002 0.013664890000000001 0
0.49825856000000002 0.58584301000000005 0
0.49832482 0.20358076 0
0.49845948000000001 0.78581619999999996 0
0.49847387999999998 0.079232120000000003 0
0.91254712999999998 0.041804170000000002 0
0.49859052999999998 0.19316953000000001 0
0.49865966 0.17159408000000001 0
0.49873412 0.090706960000000003 0
0.91065019999999997 0.11056957000000001 0
0.49885744999999998 0.94320389000000004 0
0.49887355999999999 0.46920210000000001 0
0.93494580000000005 0.39509865999999999 0
0.49890799000000002 0.02980756 0
0.96471516999999996 0.53694648 0
0.49909234000000002 0.22060895999999999 0
0.94306201000000001 0.28297133000000002 0
0.49925626000000001 0.11983899000000001 0
0.49927259000000002 0.28849977999999998 0
0.49928584999999998 0.18211783000000001 0
0.49929140999999999 0.48963383999999999 0
0.49932341000000002 0.66293749999999996 0
0.49939130999999998 0.73217253000000004 0
0.49957135000000003 0.093361760000000002 0
0.49959930000000002 0.82452479999999995 0
0.49963360000000001 0.42695602999999999 0
0.49969395999999999 0.76138821000000001 0
0.49984076 0.47234921000000002 0
0.50000513000000002 0.74913258000000005 0
0.50001846999999999 0.44342820999999999 0
0.50002197999999998 0.24330199999999999 0
0.50002639000000004 0.14324431000000001 0
0.94254866999999998 0.18844848 0
0.50012405000000004 0.38871935000000002 0
0.50021733999999995 0.78287593 0
0.50023596000000004 0.047057590000000003 0
0.50025399000000004 0.49563594999999999 0
0.94255518999999999 0.53943472999999997 0
0.50046263999999996 0.55534662000000001 0
0.50046926000000003 0.64822820000000003 0
0.90108010999999999 0.03927141 0
0.91084589000000005 0.42406721000000003 0
0.91046804000000003 0.97172080999999999 0
0.50098997000000001 0.13349635000000001 0
0.50107889999999999 0.21694522999999999 0
0.50109535000000005 0.56559716999999998 0
0.50111892999999996 0.10068763999999999 0
0.50115739999999998 0.76230268000000001 0
0.50117577000000002 0.20063714999999999 0
0.50119802000000002 0.33358859000000002 0
0.50120843999999998 0.051075679999999998 0
0.50123348000000001 0.50417942000000004 0
0.50124058000000005 0.96330583999999997 0
0.50127113000000001 0.63383867999999999 0
0.50131601999999997 0.59972893999999999 0
0.50132818000000001 0.36835804999999999 0
0.50140277 0.40555415 0
0.50154902000000001 0.94350977999999996 0
0.99572411999999999 0.55630586999999998 0
0.50159480000000001 0.75338048999999996 0
0.50164087999999996 0.39772687000000001 0
0.50169845999999996 0.62562965000000004 0
0.50178135000000001 0.46360336000000002 0
0.50196428999999998 0.17357019000000001 0
0.50198005999999995 0.98000695999999998 0
0.50198202999999997 0.71045048 0
0.50198841999999999 0.2976396 0
0.50206711999999998 0.086857229999999994 0
0.50226219999999999 0.70207976000000005 0
0.50232639000000001 0.37501377000000002 0
0.50249668000000003 0.78976075999999995 0
0.50252523000000004 0.69386278000000001 0
0.50262414 0.38944711999999998 0
0.50262803 0.66863572999999998 0
0.50268696999999996 0.05984946 0
0.96424739999999998 0.26629398999999998 0
0.50279299 0.96347304 0
0.50283106 0.89770046000000003 0
0.93503782000000002 0.52026260000000002 0
0.50307245 0.74187267000000001 0
0.50311116 0.11850713 0
0.50324975999999999 0.66528708000000003 0
0.50330163999999999 0.65301629000000005 0
0.50332155000000001 0.82540051999999997 0
0.50339423000000005 0.91346176999999995 0
0.50343872000000001 0.83472345000000003 0
0.50345309999999999 0.78698431999999996 0
0.97656799000000005 0.92326622000000003 0
0.97723607999999995 0.41613918 0
0.50366491000000002 0.62236820000000004 0
0.50369896000000003 0.57918685000000003 0
0.50380230999999998 0.33897602999999998 0
0.50386982000000002 0.30568568000000002 0
0.50396797000000004 0.80523062000000001 0
0.50405500000000003 0.81299189000000005 0
0.50415933999999996 0.44761753999999998 0
0.50426696000000004 0.94585578000000003 0
0.50437672 0.60846153999999997 0
0.50440907999999995 0.55638330000000003 0
0.94559453000000004 0.39597156999999999 0
0.50465287000000003 0.70805096999999995 0
0.94324224000000001 0.85862402999999998 0
0.50482629999999995 0.092906050000000004 0
0.50484605000000005 0.73080299000000004 0
0.97479684 0.15242898999999999 0
0.50500014000000004 0.31598538999999998 0
0.50514848000000001 0.65773320000000002 0
0.50518299 0.65517228999999999 0
0.50520827000000001 0.48515914999999998 0
0.99633159999999998 0.41861185000000001 0
0.50523388999999996 0.41507654999999999 0
0.50540032999999995 0.32863545999999999 0
0.95245716000000002 0.86087647 0
0.50542904 0.074610480000000007 0
0.50544955000000003 0.80381102000000004 0
0.50552792999999996 0.65715089000000004 0
0.50564893 0.10419206 0
0.50574903999999998 0.65416308999999995 0
0.50581416000000001 0.71898823000000001 0
0.50602804999999995 0.39063893 0
0.50605506 0.67915636000000001 0
0.50607764 0.33208615000000002 0
0.50612570999999995 0.93930605 0
0.50620041000000005 0.094854069999999999 0
0.50630368000000003 0.87655996000000003 0
0.95443060000000002 0.63991710999999996 0
0.50644823000000005 0.98948437 0
0.50645883999999997 0.63664796000000001 0
0.50648897999999998 0.56206929999999999 0
0.50655817999999997 0.48900737 0
0.50657074000000002 0.45467598999999997 0
0.50668515000000003 0.71932680999999998 0
0.50676681000000001 0.57440256000000001 0
0.50717449000000003 0.83789740000000001 0
0.50717743999999998 0.54929147 0
0.50730949000000003 0.15844696999999999 0
0.97398373999999999 0.87584881000000003 0
0.50754113999999995 0.94090450999999997 0
0.95311692000000003 0.39044484000000002 0
0.50758407000000005 0.97430678000000004 0
0.50763223999999996 0.36473738999999999 0
0.50771895 0.036999480000000001 0
0.50778595000000004 0.80975319000000001 0
0.50779750000000001 0.28249981000000002 0
0.50784267999999999 0.085708400000000004 0
0.50795299000000005 0.64700453000000002 0
0.50799028999999996 0.51218573000000001 0
0.50799209999999995 0.61278147000000005 0
0.98552691999999997 0.71752755999999995 0
0.50807924000000004 0.75528960999999994 0
0.50817650999999997 0.17856398000000001 0
0.50821371000000004 0.49227672 0
0.50822237000000003 0.81468963000000005 0
0.50830839000000005 0.46744718000000002 0
0.50831154000000001 0.89792331000000003 0
0.50832929999999998 0.31671792999999998 0
0.50852299000000001 0.58990134000000005 0
0.98496912000000003 0.90779425999999996 0
0.50856984999999999 0.12995385000000001 0
0.50857673999999997 0.51315343999999996 0
0.50870716000000005 0.78231119000000005 0
0.50880278999999995 0.22076045999999999 0
0.50885389999999997 0.43828436999999998 0
0.50893703999999995 0.0075353800000000004 0
0.87027564000000002 0.060979800000000001 0
0.50897356000000005 0.70120579000000005 0
0.50901346000000003 0.45417383 0
0.50909689999999996 0.25621917 0
0.50910752999999997 0.54366570000000003 0
0.50914999999999999 0.7510829 0
0.50917648000000004 0.0493718 0
0.50919563999999995 0.95882973999999999 0
0.50922652999999996 0.84746484 0
0.95457314000000004 0.93947365000000005 0
0.94557407000000004 0.53063470999999995 0
0.50932394000000003 0.086302950000000003 0
0.50932626999999997 0.91875912999999998 0
0.50940695999999996 0.36078744000000001 0
0.50941833000000003 0.10555537 0
0.50949049999999996 0.42711632999999999 0
0.50955033000000005 0.56858883000000005 0
0.50960183999999997 0.67180023 0
0.50962869 0.91120464999999995 0
0.50964332999999995 0.49199231999999998 0
0.50968648000000005 0.99786688999999995 0
0.50979156999999997 0.48269919999999999 0
0.50986334 0.25695548000000001 0
0.50987983999999997 0.66247042 0
0.50991646000000002 0.39050404 0
0.50994432000000001 0.97128353000000001 0
0.51004066000000003 0.85477444999999996 0
0.51004607999999996 0.0078884100000000002 0
0.51010106 0.92830555000000003 0
0.51029530000000001 0.92749349999999997 0
0.51037880000000002 0.46277353999999998 0
0.97452850999999996 0.38554138999999998 0
0.51049385000000003 0.48455038 0
0.51081704000000006 0.76406543999999998 0
0.51083268999999998 0.27575059000000002 0
0.51084947999999997 0.63803153000000001 0
0.51087638999999996 0.36916769999999999 0
0.51095528000000001 0.053664200000000002 0
0.51102654000000003 0.01420103 0
0.51114767000000005 0.40115658999999998 0
0.51123909000000001 0.68825338999999996 0
0.51124387999999998 0.094450980000000004 0
0.51153632000000004 0.87732401999999998 0
0.51154449999999996 0.35717544000000001 0
0.51167717000000001 0.99851608000000003 0
0.51173632000000002 0.85431791999999995 0
0.51181061999999999 0.37082536999999999 0
0.51181975999999996 0.86724646000000005 0
0.51183129999999999 0.67679175999999996 0
0.51195398000000003 0.75176633000000004 0
0.51205606999999997 0.77194726999999996 0
0.97666368000000003 0.140657 0
0.51215812999999999 0.10455038 0
0.51218673000000003 0.82253668999999996 0
0.51224508000000002 0.53570832999999995 0
0.95239594999999999 0.97507268999999996 0
0.51242511000000002 0.51954787999999996 0
0.51242748999999999 0.25269204000000001 0
0.51250245999999999 0.30655012999999998 0
0.51254445999999998 0.16600907000000001 0
0.51254621 0.41653687 0
0.51258676999999997 0.14223953 0
0.51260669999999997 0.063216240000000007 0
0.51261215000000004 0.22955043999999999 0
0.51262595 0.84357574000000002 0
0.51265717 0.75119983000000001 0
0.51278586999999998 0.29921022000000003 0
0.51279171000000001 0.62946155000000004 0
0.51279596000000005 0.20829432000000001 0
0.94707392000000001 0.30584439000000002 0
0.51283228000000003 0.79952480000000004 0
0.94704902999999996 0.70263423999999997 0
0.97716135999999998 0.36818264000000001 0
0.51301233000000002 0.97106239999999999 0
0.51306441999999997 0.49600358 0
0.51310462999999995 0.48062153000000002 0
0.51314658999999996 0.82019350000000002 0
0.51316382999999999 0.73555740999999997 0
0.98505602999999997 0.14330064000000001 0
0.51327944999999997 0.16799564 0
0.51337233999999998 0.69741476000000002 0
0.51339561 0.20791116000000001 0
0.95477067999999998 0.093532530000000003 0
0.51344661999999996 0.19690682000000001 0
0.87457921999999999 0.083779199999999998 0
0.51347891999999995 0.33113098000000002 0
0.51379096000000002 0.54161499000000002 0
0.51379889999999995 0.43812709999999999 0
0.51380252000000004 0.051681030000000003 0
0.51408584000000002 0.91590108999999997 0
0.51419736000000005 0.48055695999999998 0
0.51420509000000003 0.67968534000000003 0
0.51420867000000003 0.42934890999999997 0
0.51437390999999999 0.66168596999999996 0
0.51438545000000002 0.92847040999999997 0
0.51439204000000005 0.87876712000000001 0
0.51441333 0.17401096999999999 0
0.51453477000000003 0.26909021 0
0.51461511000000004 0.98741652000000002 0
0.51472783 0.088166060000000004 0
0.51478811999999996 0.65604043999999995 0
0.51487552999999997 0.15150279999999999 0
0.51502762000000002 0.15333823999999999 0
0.51510206000000003 0.88376220999999999 0
0.51517133999999998 0.97721676000000002 0
0.51541519999999996 0.79448383 0
0.51547326999999998 0.090897619999999998 0
0.51550574999999998 0 0
0.51566007999999997 0.57481547 0
0.51571553999999997 0.96387655999999999 0
0.51574869999999995 0.42783713000000001 0
0.51589461999999997 0.28329241999999999 0
0.51595855000000002 0.92110776000000005 0
0.51597517000000004 0.076506679999999994 0
0.51606229999999997 0.72052203000000004 0
0.51617663000000003 0.32787134000000001 0
0.51618512000000005 0.018274909999999998 0
0.97716331999999995 0.34390627000000001 0
0.98547945999999997 0.58726621000000001 0
0.51675727999999999 0.33421211000000001 0
0.51678762 0.93124691999999998 0
0.51688237000000004 0.93781126000000004 0
0.51688716999999995 0.73976514000000004 0
0.51705601000000001 0.092604469999999994 0
0.51706954999999999 0 0
0.51707196 0.32948232 0
0.51708964999999996 0.32088461000000001 0
0.51724585999999995 0.87044838999999996 0
0.98520923999999999 0.13799787999999999 0
0.51726183999999997 0.91979341999999997 0
0.51729601999999997 0.86319623999999995 0
0.51731313999999995 0.49048218999999998 0
0.51747520999999996 0.10079109999999999 0
0.51754597000000002 0.20542889 0
0.51770539000000004 0.58053379000000005 0
0.51776049999999996 0.94135937000000003 0
0.51778776000000004 0.49139205000000002 0
0.51789233999999995 0.068729499999999999 0
0.98236506999999995 0.16614196000000001 0
0.51815997999999996 0.81289285 0
0.51816132999999998 0.55079310999999997 0
0.51820436000000003 0.65189056999999995 0
0.51820575999999996 0.97752863000000001 0
0.51827376000000003 0.71355246999999999 0
0.51830160999999997 0.17246265 0
0.51841431000000004 0.77004516999999995 0
0.5184917 0.46412088000000001 0
0.51856643999999996 0.070882260000000002 0
0.51858590000000004 0.23779125000000001 0
0.94595552000000005 0.34664941999999999 0
0.51865198999999995 0.44897072999999998 0
0.51871274000000001 0.12563954999999999 0
0.51873524000000004 0.35929170999999999 0
0.51877510000000004 0.093134709999999996 0
0.51879171999999996 0.98460029999999998 0
0.51885809999999999 0.81623698 0
0.51889931 0.71051803000000002 0
0.51894945999999997 0.45135818 0
0.51898599000000001 0.080617320000000006 0
0.51903562000000003 0.066664989999999993 0
0.51903701999999996 0.72888476999999996 0
0.51908889000000003 0.20888976000000001 0
0.51909528000000005 0.92154557999999998 0
0.51919296000000004 0.044870920000000002 0
0.51922040999999997 0.11487911000000001 0
0.51923308000000001 0.40065614999999999 0
0.51932933000000003 0.50760150000000004 0
0.51933300000000004 0.19613393000000001 0
0.51933331000000005 0.2661538 0
0.51935640000000005 0.94110128999999998 0
0.51938256999999999 0.86229665 0
0.5194008 0.27122213000000001 0
0.98488763999999995 0.94025391999999997 0
0.51950127999999995 0.83417019000000003 0
0.51957423999999997 0.67177469000000001 0
0.51959275999999999 0.29779881000000002 0
0.51966968000000002 0.0065566599999999997 0
0.51977406000000004 0.67770989999999998 0
0.51979439000000005 0.20308931 0
0.51980384000000002 0.27987066999999999 0
0.51988807000000004 0.29017446000000002 0
0.51989328000000001 0.77821488000000005 0
0.52001240999999998 0.23642049000000001 0
0.52001352999999995 0.68105903999999995 0
0.52020328999999998 0.84420631999999995 0
0.52026406999999997 0.55377288000000002 0
0.52028430999999997 0.43346512999999998 0
0.52033357999999996 0.35271469 0
0.52036081999999995 0.90687366999999997 0
0.99690615999999999 0.19169299000000001 0
0.99813848000000005 0.02329177 0
0.52041071000000005 0.28630147 0
0.52041179000000004 0.92898614000000002 0
0.52043865 0.62426879999999996 0
0.52048764000000003 0.44240306000000001 0
0.52049904000000002 0.44321448000000002 0
0.98533954000000001 0.85767190999999998 0
0.52058342999999996 0.85597350999999999 0
0.52077512000000004 0.78632290999999999 0
0.52092890999999997 0.74535973 0
0.52093988999999996 0.061108259999999998 0
0.52102696000000004 0.20454232999999999 0
0.87663508000000001 0.84190692 0
0.52115277999999998 0.089335510000000007 0
0.52121974999999998 0.56579137999999995 0
0.52124389999999998 0.13858255 0
0.52130078999999996 0.082930359999999995 0
0.52133695999999996 0.88425763000000002 0
0.52134464000000003 0.50494782000000005 0
0.52169969999999999 0.93874555000000004 0
0.52178464000000002 0.069538920000000004 0
0.52179622000000003 0.71008539999999998 0
0.52181902000000002 0.34239355999999999 0
0.52184746000000004 0.96672026 0
0.52200701000000005 0.42049196999999999 0
0.94758383999999996 0.76778692000000004 0
0.52203641999999995 0.38437892000000001 0
0.97469497999999999 0.71577223999999995 0
0.94758922000000001 0.38513354999999999 0
0.52214848999999997 0.54423219 0
0.52231704000000001 0.32195085000000001 0
0.52241059000000001 0.74438758000000005 0
0.99694784000000003 0.63255154999999996 0
0.52261237999999999 0.056177089999999999 0
0.52264761999999998 0.92517517000000005 0
0.52271186999999997 0.71859804000000005 0
0.52288891999999998 0.85446551000000004 0
0.52295495999999997 0.81557566999999997 0
0.52297119000000003 0.99499753000000002 0
0.52298564000000003 0.26113482999999998 0
0.52311357999999997 0.70339395000000005 0
0.52314780999999999 0.95666832000000002 0
0.94598260000000001 0.91196761000000004 0
0.52320047999999997 0.01363408 0
0.52326815999999998 0.41101115999999999 0
0.95458573999999996 0.38572609000000002 0
0.52329744 0.072584389999999999 0
0.52338110000000004 0.68349705000000005 0
0.97480794999999998 0.24345321 0
0.98250786000000001 0.047138569999999998 0
0.52356796000000005 0.67471537999999998 0
0.52368650999999999 0.84456410999999998 0
0.52382938999999995 0.0081329799999999997 0
0.52388394000000005 0.57349176000000002 0
0.52414273 0.87264538000000003 0
0.52415334000000002 0.94552572999999995 0
0.52422029999999997 0.86459423000000002 0
0.52422186000000004 0.75608063000000003 0
0.52428516000000003 0.47615270999999998 0
0.52428551999999995 0.052929360000000002 0
0.52437124999999996 0.93699029 0
0.98273588999999995 0.46208637000000002 0
0.94611942999999998 0.99830817999999999 0
0.52444661000000004 0.73649268000000001 0
0.52449003999999999 0.97891996999999997 0
0.52449367999999996 0.96261976000000005 0
0.52449656 0.24127135 0
0.52465830999999996 0.92764632000000002 0
0.52469792000000004 0.26890087000000001 0
0.52477549000000001 0.79091416999999997 0
0.52486231000000005 0.85816888999999996 0
0.52489843000000003 0.14718545 0
0.52507583000000002 0.94808519000000002 0
0.52521503000000003 0.67082140999999995 0
0.52524128000000003 0.38006770000000001 0
0.52524820000000005 0.79374878999999998 0
0.52525069000000002 0.31105249000000001 0
0.52533556999999997 0.91721308000000001 0
0.95451934999999999 0.53528456999999996 0
0.52542005000000003 0.91752082000000001 0
0.52547368000000005 0.082139599999999993 0
0.52566765000000004 0.92815632000000003 0
0.52572032999999996 0.74648406 0
0.52573751000000002 1 0
0.52574471 0.76924356999999999 0
0.52574721000000002 0.1340973 0
0.52578325000000004 0.18958700000000001 0
0.52582801999999995 0.87548446000000002 0
0.52584438 0.42286810000000002 0
0.52586211999999999 0.31701820000000003 0
0.52590742000000001 0.17085502999999999 0
0.98556252 0.098255590000000004 0
0.52605899 0.18032175 0
0.52626969000000001 0.96120335999999995 0
0.52628732 0.58773903999999999 0
0.52638638999999998 0.022832450000000001 0
0.52670322999999997 0.17611099 0
0.52671166999999997 0.70745806 0
0.52674038999999995 0.0018777799999999999 0
0.52682198999999996 0.27709687 0
0.98300874000000005 0.69217620999999996 0
0.52710659000000004 0.033439120000000003 0
0.52714830000000001 0.87645229999999996 0
0.52716419999999997 0.54878375000000001 0
0.52718885000000004 0.64396688000000002 0
0.52727104999999996 0.52120354000000002 0
0.52727793999999995 0.11774216999999999 0
0.98249721999999995 0.075860469999999999 0
0.52734482999999999 0.63852239 0
0.52735038999999995 0.1735439 0
0.52736485 0.098567139999999998 0
0.52738236999999999 0.43293858000000002 0
0.52738271000000003 0.60508300999999998 0
0.52750131 0.091397610000000004 0
0.52753068000000003 0.11926924999999999 0
0.52761928999999996 0.41747811000000001 0
0.52765046000000004 0.84035859999999996 0
0.52766031000000002 0.15710821999999999 0
0.52786736000000001 0.31875007999999999 0
0.52786807999999996 0.83093773000000004 0
0.52786935000000001 1 0
0.52797110999999997 0.66525294000000001 0
0.52801350999999996 0.77812400999999998 0
0.52810705999999996 0.042838399999999999 0
0.52811279 0.20433292 0
0.52831220999999995 0.17284691999999999 0
0.52837274000000001 0.94122472000000001 0
0.52837962000000005 0.14605957 0
0.52853338999999999 0.34909430000000002 0
0.94558107999999996 0.92632484999999998 0
0.52863446000000003 0.55754004999999995 0
0.52871804 0.83838780999999996 0
0.52873276000000002 0.59448407000000003 0
0.52882494999999996 0.050043209999999998 0
0.52892919000000005 0.23472551 0
0.52892929 0.054867440000000003 0
0.52896918999999998 0.48710912000000001 0
0.52900990999999997 0.66140920999999997 0
0.52911229000000004 0.35397368000000001 0
0.52931010999999994 0.14931468000000001 0
0.52934983999999996 0.26251355999999998 0
0.52937656 0.64012418000000004 0
0.52940891000000001 0.76866833000000001 0
0.95312470000000005 0.29985933999999997 0
0.52958664 0.22223377 0
0.52962114999999998 0.12879429000000001 0
0.52973044999999996 0.52402462999999999 0
0.52985724999999995 0.043207080000000002 0
0.52988619999999997 0.68224452999999996 0
0.52990857000000002 0.21892159999999999 0
0.52996286999999997 0.52874856000000003 0
0.53005342 0.20104981 0
0.53010413999999995 0.095287490000000002 0
0.53016666999999995 0.44496797999999999 0
0.53020597000000003 0.29193233000000002 0
0.53042577000000002 0.70452826999999996 0
0.97740844999999998 0.43364079 0
0.53053656999999999 0.10800047 0
0.53053950000000005 0.73199444999999996 0
0.53060649999999998 0.97201530999999997 0
0.53069529000000004 0.19139595000000001 0
0.53070395000000004 0.67353198999999997 0
0.53072169999999996 0.98248257999999999 0
0.53091043999999998 0.10538912 0
0.53110835999999995 0.54258605999999998 0
0.53115944999999998 0.79508243000000001 0
0.96573505999999998 0.67100627000000002 0
0.53121505000000002 0.28021488999999999 0
0.95252270999999999 0.83509230000000001 0
0.53147398000000001 0.60722262999999999 0
0.53156599000000004 0.34214988000000002 0
0.53180567000000001 0.67005316999999998 0
0.53190543000000001 0.60481857000000006 0
0.53192508999999999 0.02344007 0
0.53195543000000001 0.46793164999999998 0
0.53199004999999999 0.72781176000000003 0
0.53200491000000005 0.79711911999999996 0
0.53204929000000001 0.37136662999999998 0
0.53205334000000004 0.020646339999999999 0
0.53206476000000003 0.067516060000000003 0
0.53206503999999999 0.33956280999999999 0
0.53213681999999995 0.91321489 0
0.53214733999999997 0.18743542999999999 0
0.53221951000000001 0.17903558 0
0.53225067999999998 0.74491143000000004 0
0.97767983999999997 0.87401331000000004 0
0.53234974999999995 0.29028501000000001 0
0.53236565000000002 0.94594539 0
0.53240633999999998 0.53680187999999995 0
0.53242553000000004 0.82238736999999995 0
0.53244345999999998 0.50226406999999995 0
0.53253181999999999 0.30714111999999999 0
0.53255704000000004 0.65161073999999997 0
0.53264518000000005 0.81308882999999998 0
0.53270381 0.80694926 0
0.53277838 0.59734370999999997 0
0.53280077999999997 0.51833664000000002 0
0.53291792000000004 0.86917867999999998 0
0.53292980000000001 0.88874737000000004 0
0.97681403 0.57148248000000001 0
0.53302914999999995 0.68844552000000003 0
0.53307294000000005 0.27069568999999999 0
0.53325562000000004 0.31385617999999998 0
0.53329811999999999 0.2067302 0
0.53333478000000001 0.75710003000000003 0
0.53335107999999998 0.76779995999999995 0
0.53336433000000005 0.34581876 0
0.97454706000000002 0.27324980999999998 0
0.53354659000000004 0.89213262999999998 0
0.53355662999999998 0.89067103000000003 0
0.53361610999999998 0.97568432000000005 0
0.53364109999999998 0.30167989000000001 0
0.53365885999999996 0.86302771 0
0.53369907999999999 0.40868146 0
0.53371561000000001 0.12408659 0
0.53373784999999996 0.27780595000000002 0
0.53376254000000001 0.020940150000000001 0
0.53379611000000005 0.38257119000000001 0
0.53398687 0.96655332000000005 0
0.53400345999999999 0.73916093999999999 0
0.53404777000000003 0.046818579999999999 0
0.53406671999999999 0.27523366999999999 0
0.53414117999999999 0.16935486 0
0.95477420000000002 0.98880301999999998 0
0.53417535000000005 0.84118455999999997 0
0.53418858999999996 0.80168150000000005 0
0.53419483999999995 0.47524574000000003 0
0.53434523 0.51314998999999994 0
0.53438620000000003 0.07606955 0
0.53442314000000002 0.30146653000000001 0
0.53456433999999997 0.82501188999999997 0
0.53457882000000001 0.18346651999999999 0
0.53459959999999995 0.17417288 0
0.53471780999999996 0.52576149999999999 0
0.98556920999999997 0.01547313 0
0.53493990999999996 0.29369898 0
0.53495250000000005 0.25315476999999997 0
0.53497289000000003 0.68136171000000001 0
0.53503504999999996 0.56704206000000001 0
0.53506476000000003 0.68166243000000004 0
0.53512051000000005 0.71109478999999998 0
0.53512868999999996 0.42786179000000002 0
0.53513016000000002 0.82237402999999998 0
0.99629670999999997 0.44214386 0
0.53516810000000004 0.85694917999999998 0
0.53525197000000002 0.55406124000000001 0
0.53526147999999996 0.31469375999999999 0
0.94587350000000003 0.73506804000000003 0
0.95463503999999999 0.02529754 0
0.53552089999999997 0.94673474999999996 0
0.53553030999999995 0.075355309999999995 0
0.53555496999999996 0.62501130999999999 0
0.53556462999999999 0.39487063 0
0.53564645 0.84724270000000002 0
0.53573696999999998 0.73103956000000003 0
0.53577140000000001 0 0
0.53579091000000001 0.99224380000000001 0
0.97225967000000002 0.62534352000000004 0
0.53586495000000001 0.11794027 0
0.53592311000000004 0.21011484999999999 0
0.53594825000000001 0.12111528000000001 0
0.53595101999999994 0.15257245999999999 0
0.53611973999999996 0.17696676 0
0.53625542999999998 0.96106256999999995 0
0.53628105999999998 0.10083592 0
0.53638470999999999 0.45250690999999998 0
0.53645582000000003 0.33050281999999997 0
0.53647111000000003 0.083206050000000004 0
0.53650355999999999 0.029443799999999999 0
0.53653602 0.88137153000000001 0
0.53655008000000004 0.11349637999999999 0
0.97461741000000002 0.47337773999999999 0
0.94705357999999995 0.72244648 0
0.53661638 0.26145231000000002 0
0.53668294000000005 0.22628945 0
0.53681213000000005 0.69643904000000001 0
0.98310129000000002 0.18113477 0
0.53708440999999996 0.12998033000000001 0
0.53718533000000002 0.22796216999999999 0
0.53731783 0.33148909999999998 0
0.53737329 0.72276620000000003 0
0.53738909000000001 0.29707017000000002 0
0.97159158999999995 0.94003223999999996 0
0.53749318000000001 0.99623222 0
0.53760350000000001 0.33915474000000001 0
0.53764389999999995 0.15131562000000001 0
0.98564083000000002 0.65584865999999997 0
0.53785236000000003 0.91203888 0
0.53790755999999995 0.72251573000000002 0
0.53795404000000002 0.41731405999999999 0
0.53798438000000004 0.12416766999999999 0
0.53801896000000005 0.52006163999999999 0
0.53816677999999996 0.64331046000000003 0
0.53817506999999998 0.13223672 0
0.53830491000000003 0.82375206000000001 0
0.53832338000000002 0.085149610000000001 0
0.53832669 0.54074372000000004 0
0.53841696000000006 0.03140954 0
0.53849084999999997 0.92878567999999995 0
0.53852571999999999 0.12157484 0
0.53860582000000001 0.30133355000000001 0
0.53866992000000002 0.018103629999999999 0
0.53869310999999998 0.74350031000000005 0
0.53869613999999999 0.43538812999999998 0
0.98536489999999999 0.09038583 0
0.53879902999999996 0.20136175000000001 0
0.53883046000000001 0.23803540000000001 0
0.53887609000000003 0.51219760000000003 0
0.53897735999999996 0.79281480999999998 0
0.53901290000000002 0.068016579999999993 0
0.94562276999999995 0.0084886900000000001 0
0.53906984999999996 0.87646124999999997 0
0.53921059000000005 0.70238825999999999 0
0.53927493999999998 0.56028787999999996 0
0.53930758999999995 0.10668229 0
0.53932612000000002 0.32723089 0
0.53936094000000001 0.11803797000000001 0
0.53941605999999998 0.37336998999999998 0
0.53941819999999996 0.0051296299999999996 0
0.98281998000000004 0 0
0.53944128000000002 0.47022866000000002 0
0.53956981000000004 0.46605526000000003 0
0.53957231000000005 0.17740898999999999 0
0.53966912 0.37453235000000001 0
0.53971891999999999 0.28541370999999999 0
0.53973996000000002 0.82024277999999995 0
0.53983532000000001 0.24081443 0
0.53990057000000002 0.74505177 0
0.98276048000000005 0.10498301 0
0.54000090000000001 0.98906298000000004 0
0.54004156000000003 0.82562789000000003 0
0.54005707000000003 0.46050223000000001 0
0.54007236999999997 0.46543751 0
0.54012106999999998 0.84207449000000001 0
0.54012768 0.47889213000000003 0
0.54018231999999999 0.97045612000000003 0
0.54018491999999996 0.34072985 0
0.98545307999999998 0.11440393 0
0.54029117999999998 0.2464442 0
0.54050491000000001 0.36403323999999998 0
0.54056850000000001 0.25262702999999997 0
0.54065127000000002 0.60473834999999998 0
0.54066048 0.92106988000000001 0
0.54070324000000003 0.24472758999999999 0
0.54087549000000001 0.10227952999999999 0
0.54089609000000005 0.40544111999999999 0
0.54093824999999995 0.78959190999999995 0
0.54104874999999997 0.15089875 0
0.54120853000000002 0.48647493000000003 0
0.54123984999999997 0.40306342000000001 0
0.54167721000000002 0.091598100000000002 0
0.54191641999999995 0.34698321999999998 0
0.54197037999999997 0.97522956999999999 0
0.54207596000000002 0.25758341000000001 0
0.54211914000000005 0.62457088000000005 0
0.98558372000000005 0.3307871 0
0.54224919999999999 0.63200365999999997 0
0.54230025999999998 0.31794459000000003 0
0.54240111000000002 0.30875173 0
0.54250966 0.80971833999999998 0
0.54256022000000004 0.028480849999999999 0
0.54262029000000001 0.27615065 0
0.54264279000000004 0.11308992 0
0.54266060000000005 0.081876409999999997 0
0.54271413000000002 0.69422191 0
0.54271499999999995 0.97888416 0
0.54274149000000005 0.20935898999999999 0
0.54275337000000001 0.84963734999999996 0
0.54279394999999997 0.97593724999999998 0
0.54281915000000003 0.45113309000000001 0
0.54300103 0.43412993999999999 0
0.94724560999999996 0.39579072999999998 0
0.54309227000000004 0.040896689999999999 0
0.54320380999999995 0.38881632999999999 0
0.54321861000000005 0.11954484 0
0.54327259999999999 0.65211752000000001 0
0.54344106999999997 0.77011775000000005 0
0.54352518000000005 0.60126707999999995 0
0.54355845000000003 0.22073203 0
0.54361632999999998 0.42437145999999998 0
0.54367085999999998 0.75776410000000005 0
0.54371612000000002 0.91979074000000005 0
0.54378252999999999 0.93581669999999995 0
0.54378311999999995 0.31655214999999998 0
0.54384308999999997 0.58264099999999996 0
0.54388091999999999 0.97827474999999997 0
0.54401891999999996 0.77506596999999999 0
0.54408144999999997 0.54681698999999995 0
0.54409297000000001 0.16262194999999999 0
0.54424731000000004 0.49576221999999998 0
0.54430822999999995 0.17013191999999999 0
0.98279181999999998 0.29414404 0
0.54437363000000005 0.80345911999999997 0
0.54444594000000002 0.86844723000000001 0
0.54449283000000004 0.79375180000000001 0
0.54455447000000001 0.96039812999999996 0
0.54459897999999995 0.36727997000000001 0
0.54462898000000004 0.55663607000000004 0
0.54469928000000001 0.13447780000000001 0
0.97486782999999999 0.30377885999999998 0
0.9462469 0.64920858999999997 0
0.98361951999999997 0.84413892000000001 0
0.54492160999999995 0.13091747000000001 0
0.54498985 0.68289372999999998 0
0.54502737999999995 0.81416352000000003 0
0.54510101 0.27861033000000002 0
0.54515495000000003 0.14012552 0
0.54520405000000005 0.58100266 0
0.54522592999999997 0.62974841000000004 0
0.54527455000000002 0.14190942000000001 0
0.94775189999999998 0.22337784999999999 0
0.54540602000000005 0.67440456000000004 0
0.94569802000000003 0.41441812 0
0.54554289 0.34775671000000002 0
0.54557451999999995 0.91443023000000001 0
0.95482120999999998 0.50305348000000005 0
0.54560874999999998 0.24173056000000001 0
0.54562078999999997 0.18421217000000001 0
0.54573475000000005 0.19326747999999999 0
0.54581809999999997 0.90653097000000005 0
0.54583148000000004 0.45806849999999999 0
0.54604131 0.94943458000000003 0
0.54609651999999997 0.78979957999999995 0
0.54611193000000002 0.60415565000000004 0
0.54620471999999998 0.094172480000000003 0
0.54621478000000001 0.57318318999999995 0
0.54629755999999996 0.97355875000000003 0
0.54637402999999996 0.39204823999999999 0
0.54640137 0.17358339 0
0.54660397999999999 0.71427494999999996 0
0.54662058000000002 0.48820103999999998 0
0.54670679 0.78802485 0
0.95280726999999998 0.060530710000000001 0
0.54675757999999997 0.38281323 0
0.54686374000000004 0.73135371000000005 0
0.54699087000000002 0.17369525999999999 0
0.54699646999999996 0.94799728000000005 0
0.54700276000000003 0.77205659999999998 0
0.54704467000000001 0.72906146999999999 0
0.54708924000000003 0.2529826 0
0.54712022999999999 0.47853641000000002 0
0.94708550000000002 0.23043577000000001 0
0.54719609000000002 0.95018648000000006 0
0.96515499999999999 0.87620953000000001 0
0.54725517000000001 0.25229066999999999 0
0.54731076000000001 0.20501837000000001 0
0.54731783000000001 0.85578516000000004 0
0.54753107999999995 0.38093726999999999 0
0.54761592999999997 0.34473392000000003 0
0.54775446999999999 0.8229554 0
0.54779703000000002 0.0044483300000000003 0
0.54784871999999996 0.58658288999999997 0
0.54784902000000002 0.65181354999999996 0
0.54794865999999998 0.18405914000000001 0
0.54798473999999997 0.14828299 0
0.54811979 0.44136115999999997 0
0.54812589 0.93364153999999999 0
0.54814313000000003 0.88558351000000002 0
0.54817346 0.21246095000000001 0
0.54841892000000003 0.24643846999999999 0
0.54863209999999996 0.22953783 0
0.54866059 0.23496531000000001 0
0.54869458999999998 0.78486250999999996 0
0.54881749999999996 0.68383300999999996 0
0.54890218000000002 0.26109600999999999 0
0.54890941999999998 0.65874244000000004 0
0.54892662999999997 0.44039341999999998 0
0.54899905000000004 0.95301364 0
0.95312867999999995 0.69262838999999998 0
0.54906586000000002 0.83918725999999999 0
0.54923202999999998 0.76349875 0
0.54938527000000004 0.67527691000000001 0
0.54945001999999998 0.33245209999999997 0
0.54956066000000003 0.062830839999999999 0
0.54957758000000001 0.083730970000000002 0
0.54967007999999995 0.46559147000000001 0
0.54978875000000005 0.70382456000000004 0
0.54993661999999999 0.10829893 0
0.55006094999999999 0.10113563 0
0.55008842000000002 0.64143231000000001 0
0.55012232999999999 0.20969281000000001 0
0.55017472000000001 0.28641597000000002 0
0.98276905000000003 0.16142212 0
0.55032667000000002 0.062554869999999999 0
0.55040222000000005 0.56715789999999999 0
0.55045456000000004 0.016624320000000001 0
0.55055922000000002 0.27710433000000001 0
0.55059981000000002 0.98328654000000004 0
0.55061687000000004 0.32198587000000001 0
0.55061850000000001 1 0
0.55076517000000003 0.91279794000000003 0
0.94616526000000001 0.95980337999999998 0
0.55083704 0.58067413999999995 0
0.5509117 0.98942691999999999 0
0.55112079999999997 0.55751910999999998 0
0.55112192999999998 0.84441560999999998 0
0.55120084999999996 0.81624954000000005 0
0.55122587000000001 0.37324963 0
0.55129044999999999 0.027849369999999998 0
1 0.55780280000000004 0
0.55146152000000004 0.62756690999999998 0
0.55146587999999996 0.037312529999999997 0
0.55149358000000004 0.23633414 0
0.55151337 0.88175804999999996 0
0.55165655000000002 0.59582022999999995 0
0.98317317000000004 0.30107094000000001 0
0.55184661000000002 0.45098439000000001 0
0.55185673000000002 0.71838690999999999 0
0.55198146999999997 0.96055743999999998 0
0.55203749999999996 0.62862956999999997 0
0.55208639999999998 0.27207735999999999 0
0.98539644000000004 0.80947084999999996 0
0.55221324000000005 0.18950866999999999 0
0.55225963 0.13253329999999999 0
0.55226644999999996 0.34674413999999998 0
0.55227819 0.21581734 0
0.55234167999999995 0.13639734000000001 0
0.55236052000000002 0.60456511999999996 0
0.97742061000000002 0.74795862000000002 0
0.55239883999999995 0.15136069999999999 0
0.55240966000000002 0.54504171000000001 0
0.97478765000000001 0.79316224000000002 0
0.55245032000000005 0.073003380000000007 0
0.94579506999999996 0.93131562000000001 0
0.55256070000000002 0.98504926000000004 0
0.55259736000000004 0.90915988000000003 0
0.55265713999999999 0.82977752000000005 0
0.55277105000000004 0.29659780000000002 0
0.55294264999999998 0.88348183000000002 0
0.55294834999999998 0.17158592 0
0.55305196000000001 0.16265926 0
0.55308078999999999 0.058111320000000001 0
0.97490288999999997 0.62384315000000001 0
0.55325731 0.68634938999999995 0
0.55329457000000004 0.47362188 0
0.97708912999999997 0.84421133000000004 0
0.55338498999999997 0.16317015000000001 0
0.55340014000000004 0.75541528999999996 0
0.55343582999999996 0.68990426999999999 0
0.55345465000000005 0.071796559999999995 0
0.55350010999999999 0.36317680000000002 0
0.55352762 0.51493710999999998 0
0.98559185999999999 0.76851382999999995 0
0.87024162999999999 0.57960566999999996 0
0.55389549999999999 0.39991422999999998 0
0.55389971999999998 0.11311371000000001 0
0.55397620000000003 0.38862015999999999 0
0.55398798000000005 0.58748031999999994 0
0.55401416999999997 0.50726130000000003 0
0.94804029999999995 0.19918343999999999 0
0.95480951999999997 0.53493095000000002 0
0.55431881000000005 0.23265090999999999 0
0.55433323000000001 0.91135586999999996 0
0.55448302000000005 0.68426377999999999 0
0.55449769000000004 0.31102784 0
0.55455946 0.84942211000000001 0
0.55457906999999995 0.75191843999999997 0
0.55463123999999997 0.12116954000000001 0
0.55464354999999999 0.074914129999999995 0
0.55465905000000004 0.53370461999999996 0
0.55467392000000004 0.27154931999999998 0
0.55470109000000001 0.51181233000000004 0
0.55473295 0.88659871999999995 0
0.55479305000000001 0.19402542 0
0.55490247999999998 0.21576796000000001 0
0.55491352999999999 0.25408891 0
0.55497235 0.35452561999999999 0
0.55511758 0.27641212999999998 0
0.55520793000000002 0.46507180999999997 0
0.55550462 0.41367071999999999 0
0.55554822999999998 0.054628860000000001 0
0.55562792999999999 0.89015217000000002 0
0.55565847999999995 0.34876192 0
0.55570799999999998 0.78441194000000003 0
0.95469422999999998 0.50758395000000001 0
0.55578055999999998 0.90588365000000004 0
0.55583707000000004 0.92322314999999999 0
0.55588866999999997 0.20305115000000001 0
0.55590483999999996 0.26597332000000001 0
0.55596259000000003 0.84513331999999997 0
0.55600574999999997 0.61651995000000004 0
0.55605196999999995 0.57257237999999999 0
0.55619812999999996 0.32280487000000002 0
0.55630029000000003 0.95118435999999995 0
0.55632652000000005 0.10380420999999999 0
0.55637342999999995 0.60059373999999999 0
0.55639629999999995 0.16408574000000001 0
0.55641355999999997 0.18206555999999999 0
0.55641383 0.31973501999999998 0
0.55649669999999996 0.86348393999999995 0
0.55654621000000004 0.87190230000000002 0
0.55655686999999998 0.15342205 0
0.55658563999999999 0.46653584999999997 0
0.55662025000000004 0.44835824000000002 0
0.94788567000000001 0.88913960000000003 0
0.94729419000000004 0.91832444000000002 0
0.55666702999999995 0.062033850000000001 0
0.55670114999999998 0.20991768 0
0.97505944 0.63757602999999996 0
0.55673112999999996 0.0022267900000000002 0
0.55679449000000003 0.30864902 0
0.55680238000000004 0.52044153000000004 0
0.55681583000000001 0.090940419999999994 0
0.55684193000000004 0.056677180000000001 0
0.55695287999999998 0.66901692000000001 0
0.55713045000000005 0.85982095999999997 0
0.55716456000000003 0.78382573 0
0.55758426000000005 0.078259209999999996 0
0.55759806999999995 0.98772145 0
0.55761088999999997 0.91773064000000004 0
0.55766035000000003 0.96105689999999999 0
0.97476114000000003 0.40700564 0
0.55771594000000002 0.69661317 0
0.55771806000000002 0.74423309999999998 0
0.55772277000000003 0.40589055000000002 0
0.55773881999999997 0.3543249 0
0.55774886999999995 0.46523389999999998 0
0.55776112 0.93306573000000004 0
0.98571600000000004 0.95902827000000002 0
0.55792156000000004 0.14194747999999999 0
0.55797282000000004 0.83174696999999997 0
0.55800495999999999 0.25466942999999997 0
0.55807507000000001 0.56364491999999999 0
0.55819697999999995 0.85929906 0
0.55826772999999996 0.046503290000000003 0
0.55832291999999994 0.071060529999999997 0
0.55836522 0.28944134999999999 0
0.94625084000000004 0.75435352 0
0.55865759000000004 0.054872539999999997 0
0.55880262000000003 0.033253150000000002 0
0.55886913000000005 0.67549020999999998 0
0.55889241000000001 0.72977773999999995 0
0.98605204000000002 0.87140459999999997 0
0.55904114999999999 0.37146597999999997 0
0.55921827000000002 0.00037289000000000002 0
0.95322883999999997 0.72259129 0
0.55932287999999997 0.59506170999999997 0
0.55932472 0.57419958000000004 0
0.55949249999999995 0.54898044999999995 0
0.55950462999999995 0.79787125999999997 0
0.55962027000000003 0.072079820000000003 0
0.95471430999999995 0.069816690000000001 0
0.95323831000000003 0.7189354 0
0.55976033999999997 0.46001824000000002 0
0.55993696000000004 0.34182900999999999 0
0.55994951000000004 0.68026196000000005 0
0.55999259999999995 0.11482655 0
0.56010747000000005 0.45708520000000002 0
0.56017585999999997 0.43512346000000002 0
0.56024045 0.49041338000000001 0
0.56026880999999995 0.83321796999999997 0
0.56036951999999995 0.77686153000000002 0
0.56037645999999997 0.093198710000000004 0
0.56042818000000005 0.72297045000000004 0
0.56054437000000001 0.91163885 0
0.56056950999999999 0.35946023999999999 0
0.56057281000000003 0.90019868000000003 0
0.56058792000000002 0.62116519000000003 0
0.97479585000000002 0.87701116000000001 0
0.56079179000000001 0.72416952000000001 0
0.56080255999999995 0.63557713000000005 0
0.56081007999999999 0.64469454999999998 0
0.56085974000000005 0.050606720000000001 0
0.95472089999999998 0.0062664900000000004 0
0.56101721000000004 0.42168554000000003 0
0.94580045999999995 0.29056052999999998 0
0.56119931999999995 0.98118651999999995 0
0.56121401999999998 0.48636122999999998 0
0.56121606999999996 0.39982008000000002 0
0.56131454000000003 0.80847963 0
0.56140171000000005 0.36572419 0
0.56141722999999999 0.12449283 0
0.56144251999999994 0.92510223000000003 0
0.98286187999999997 0.70305914999999997 0
0.56147696999999996 0.53686666999999999 0
0.56148593999999996 0.76743927000000001 0
0.56150882999999996 0.30379429000000002 0
0.94741253999999997 0.10235441000000001 0
0.56157287 0.59541284000000005 0
0.56187759999999998 0.85229120000000003 0
0.56187891000000001 0.20140076000000001 0
0.56191999999999998 0.83177089999999998 0
0.56198199999999998 0.36852911999999999 0
0.5621524 0.50841996 0
0.56218422000000001 0.34481437999999998 0
0.56219076999999995 0.79203491000000004 0
0.56221650000000001 0.93043087000000002 0
0.56227976999999996 0.82291643000000003 0
0.94587279999999996 0.68907854999999996 0
0.56244802000000005 1 0
0.56250957000000001 0.85996421999999995 0
0.56258456000000001 0.30919851999999998 0
0.56268899999999999 0.96993713999999998 0
0.56269504000000004 0.35658640000000003 0
0.56270025999999995 0.32221949999999999 0
0.56274930000000001 0.60221486000000002 0
0.56280892000000005 0.91469992 0
0.95338343000000003 0.19330214000000001 0
0.56298651 0.03606231 0
0.56300481999999996 0.051738329999999999 0
0.56305609999999995 0.76133355000000003 0
0.56306575999999997 0.86851612 0
0.97503903000000003 0.49174443000000001 0
0.56322373999999997 0.21867945 0
0.56328263999999995 0.31491939000000002 0
0.56333602000000005 0.68291491999999998 0
0.97786550000000005 0.25659200999999998 0
0.56345316999999995 0.88824840999999999 0
0.56363582000000001 0.35561768999999999 0
0.56364060000000005 0.85887164999999999 0
0.56377052000000005 0.59162627000000001 0
0.56378994999999998 0.018879679999999999 0
0.56381862000000005 0.14318679000000001 0
0.56382047000000002 0.47297081000000002 0
0.56389358000000001 0.62654940000000003 0
0.97694723000000006 0.39090702999999999 0
0.56390275999999995 0.27045693999999998 0
0.56390295999999995 0.98312387999999995 0
0.56395731999999998 0.15739485 0
0.56397063000000003 0.26013271999999998 0
0.56402909999999995 0.13185306999999999 0
0.56408332999999999 0.85912476000000004 0
0.56414684000000004 0.97555581000000002 0
0.56416337999999999 0.33320127999999999 0
0.56421403000000003 0.01009811 0
0.56425893999999999 0.75455201000000005 0
0.56427872000000001 0.56828148000000001 0
0.56429037999999998 0.11420184 0
0.56448494000000005 0.62975210999999998 0
0.56451114999999996 0.72405613999999996 0
0.56455010000000005 0.069681640000000003 0
0.56456023 0.23455666 0
0.56458067000000001 0.35808545000000003 0
0.56464037 0.14210349999999999 0
0.56470217 0.75702866999999996 0
0.56470757999999999 0.59903929 0
0.95495620999999997 0.62551303999999996 0
0.56483174000000003 0.74423901000000003 0
0.56485425 0.36304876000000003 0
0.98676070000000005 0.1552393 0
0.56497759000000003 0.88861973999999999 0
0.56498771000000003 0.043781689999999998 0
0.56499692999999995 0.78065859000000004 0
0.56509149999999997 0.84146354999999995 0
0.56513409000000003 0.88399428999999996 0
0.95354543000000003 0.89119424999999997 0
0.56526927000000005 0.78481425000000005 0
0.56529107000000001 0.93002496999999995 0
0.56529761999999995 0.89857410000000004 0
0.95326754000000002 0.22053890000000001 0
0.56533312999999996 0.87292126999999997 0
0.94643732000000003 0.67203944000000004 0
0.56540226999999998 0.45818196999999999 0
0.56552283000000003 0.062391290000000002 0
0.56556088999999998 0.96053816000000003 0
0.56563490999999999 0.72286779000000001 0
0.56563589000000003 0.54150799999999999 0
0.56563664000000002 0.78200581999999996 0
0.56566905000000001 0.81107510000000005 0
0.56568487000000001 0.39815624999999999 0
0.56572730000000004 0.93645 0
0.56578684999999995 0.83616716999999996 0
0.56604533999999995 0.60599970000000003 0
0.56607094999999996 0.031473809999999998 0
0.56625327000000003 0.65560532999999999 0
0.56626555999999995 0.46803802 0
0.56628860000000003 0.62058411000000002 0
0.56629231999999996 0.47253203999999999 0
0.56635906000000003 0.18535583999999999 0
0.56636752000000001 0.26650467999999999 0
0.56637362999999996 0.54733449999999995 0
0.56645913999999997 0.63282948999999999 0
0.56659159999999997 0.037799310000000003 0
0.56661318000000005 0.61439129000000003 0
0.56663048999999999 0.44522279999999997 0
0.56664625999999996 0.46268394000000002 0
0.94643816999999997 0.43320415000000001 0
0.56679844000000001 0.63446325000000003 0
0.56689575999999997 0.65463844999999998 0
0.56691230000000004 0.16340682000000001 0
0.56692629000000005 0.81301694999999996 0
0.56695638000000004 0.91063346999999994 0
0.56696857000000001 0.65626731000000005 0
0.97797736999999996 0.01246718 0
0.56708809000000004 0.97758411999999995 0
0.56712249999999997 0.71637309000000005 0
0.97800604000000002 0.32387966000000001 0
0.56716964000000003 0.43145418000000002 0
0.56726889999999996 0.38422255999999999 0
0.56733800000000001 0.37554134 0
0.56734768000000002 0.79799372999999996 0
0.95494100999999998 0.099905179999999996 0
0.56751258000000004 0.4335813 0
0.56764740000000002 0.44716918 0
0.56768808000000004 0.30556185000000002 0
0.56771236999999997 0.83162574 0
0.56775120000000001 0.17403061 0
0.56781744999999995 0.68491011999999996 0
0.56787025999999996 0.25482706999999999 0
0.56788559999999999 0.026190560000000002 0
0.56791917999999997 0.59485946000000001 0
0.56792434999999997 0.33749267999999999 0
0.56793201000000004 0.016581100000000001 0
0.56803358999999998 0.51318315999999997 0
0.56808168999999997 0.096488260000000006 0
0.56812264000000001 0.55923202999999999 0
0.56815667999999997 0.92501124000000001 0
0.56823241999999996 0.31043879000000002 0
0.56836578000000004 0.39888829999999997 0
0.97831736000000002 0.018283529999999999 0
0.56874625999999995 0.96362420000000004 0
0.56887067999999996 0.45352924 0
0.56897830999999999 0.41321562000000001 0
0.56918588000000003 0.40472302999999998 0
0.56919792000000002 0.60815443000000002 0
0.56923785000000005 0.13689383999999999 0
0.56931582000000003 0.48451750999999998 0
0.56931639999999994 0.12684403 0
0.56936377999999999 0.60825467 0
0.56941227000000005 0.65810267 0
0.56947095000000003 0.65750036999999995 0
0.56954804000000003 0.51316002000000005 0
0.95403605000000002 0.22516430000000001 0
0.97271691000000005 0.0043343499999999998 0
0.56990110000000005 0.30706902000000003 0
0.94836644999999997 0.0027918600000000002 0
0.56997458000000001 0.42690631000000001 0
0.56998906999999999 0.064423010000000003 0
0.56999124000000001 0.32385058999999999 0
0.57000152999999998 0.055086499999999997 0
0.57001999999999997 0.27732222000000001 0
0.57008787999999999 0.10890846999999999 0
0.57024215 0.79952915000000002 0
0.57024306999999996 0.090972209999999998 0
0.57029616999999999 0.62082219000000005 0
0.57030614000000002 0.78225084 0
0.57044897000000006 0.42084553000000002 0
0.57048021000000004 0.12228113 0
0.57055820999999995 0.061106239999999999 0
0.57058306999999997 0.79433206999999995 0
0.57070553999999996 0.14953068999999999 0
0.57073914000000003 0.85838641999999998 0
0.57074323000000005 0.64201814000000001 0
0.57076271000000001 0.079236280000000006 0
0.57077376000000002 0.96523488000000002 0
0.57082063999999999 0.098417950000000004 0
0.57086680000000001 0.61806324000000001 0
0.57088026000000003 0.26191565999999999 0
0.57089212 0.95525084000000005 0
0.57116871999999996 0.77147513999999995 0
0.97706037000000001 0.81476095000000004 0
0.57129973999999994 0.71920768000000002 0
0.57148244000000004 0.36233725 0
0.57152071000000004 0.57660573000000004 0
0.57161450999999996 0.90829718999999998 0
0.57175693999999999 0.27167334999999998 0
0.57187860999999995 0.86013848000000004 0
0.57191910000000001 0.59019078000000003 0
0.57198159999999998 0.47541830000000002 0
0.57208941000000002 1 0
0.57214197 0.49381740000000002 0
0.57236675000000004 0.18503965 0
0.57243308999999998 0.00883134 0
0.57252033999999996 0.99202904999999997 0
0.57253522000000001 0.49727946000000001 0
0.57255834000000005 0.9982856 0
0.57264265000000003 0.76399070999999996 0
0.57268249000000004 0.45903785000000003 0
0.57273112000000004 0.19838754 0
0.57273209000000003 0.75380944999999999 0
0.98571931000000002 0.51831170999999998 0
0.57284005000000005 0.59745596999999995 0
0.95543409000000001 0.41051777 0
0.5729088 0.73707544000000003 0
0.95354992999999999 0.027642460000000001 0
0.57298970000000005 0.99308145000000003 0
0.57302381999999996 0.35012802999999998 0
0.57309887999999998 0.18013182999999999 0
0.97124690999999996 0.83177920999999999 0
0.57319293999999998 0.21254255999999999 0
0.57324810000000004 0.47251691000000001 0
0.57327167000000001 0.47723489000000002 0
0.57328175000000003 0.23670695 0
0.57343421999999999 0.59419040999999995 0
0.57343694999999995 0.82079943 0
0.57344550000000005 0.32783380000000001 0
0.95303464999999998 0.054643919999999999 0
0.57384561000000001 0.4343514 0
0.57387018000000001 0.94679988999999998 0
0.57392688000000003 0.6645607 0
0.57393371999999998 0.52301310000000001 0
0.57395496000000001 0.21120140000000001 0
0.57402302999999999 0.12917514999999999 0
0.57405890000000004 0.74342337000000003 0
0.57409222999999998 0.99949357999999999 0
0.57409670999999995 0.87668972000000001 0
0.57439549999999995 0.53307959999999999 0
0.57442822000000004 0.39347880000000002 0
0.57461183000000005 0.42341898 0
0.57476649000000002 0.22340499999999999 0
0.57490726999999997 0.91301394000000002 0
0.57498558 0.41778945000000001 0
0.57500244 0.29486572 0
0.57508172999999996 0.98680714999999997 0
0.57509933000000002 0.1870308 0
0.87016066999999997 0.90149256 0
0.57525141000000002 0.66215013 0
0.57527046999999998 0.77830158999999999 0
0.57529611000000003 0.89272532999999998 0
0.57534830000000003 0.40969111000000002 0
0.57540522999999999 0.61193832999999997 0
0.57553690999999996 0.15795924 0
0.57557007999999998 0.33144867 0
0.96511164000000005 0.45444565999999997 0
0.57559048000000002 0.23620036999999999 0
0.57566757000000002 0 0
0.94822788000000002 0.58017426000000005 0
0.57568719000000002 0.61791437999999999 0
0.57579656000000001 0.11779802 0
0.98365374000000005 0.63569481999999999 0
0.57581950999999998 0.86230373999999999 0
0.57585679000000001 0.69904756000000001 0
0.5759476 0.93697319999999995 0
0.57598899999999997 0.66268437000000002 0
0.57601855000000002 0.36920468000000001 0
0.57615852999999995 0.22857259999999999 0
0.57617395000000005 0.95529165000000005 0
0.57619301000000001 0.70952727999999998 0
0.94888322000000003 0.10500182 0
0.57638210999999995 0.93614273999999997 0
0.57653871000000001 0.11028464 0
0.57659709999999997 0.16846717999999999 0
0.57659757 0.37684857999999999 0
0.57663845999999996 0.59318400000000004 0
0.57664948000000005 0.15699929000000001 0
0.97362733000000001 0.87297237000000005 0
0.57671795000000003 0.28844767999999998 0
0.57676578000000001 0.39927219000000003 0
0.57679990000000003 0.85910366000000005 0
0.57684776000000004 0.42941853000000002 0
0.57684875000000002 0.60571003999999995 0
0.57685911000000001 0.56142700000000001 0
0.57698419999999995 0.64876663999999995 0
0.57702693000000005 0.25588630000000001 0
0.57707456999999995 0.077766539999999995 0
0.98681934000000004 0.73223877000000004 0
0.57736922000000002 0.79310181999999996 0
0.57738363999999998 0.62653720999999996 0
0.57743359999999999 0.19673678 0
0.57751803999999995 0.54777171000000002 0
0.57753284000000005 0.48046734000000002 0
0.57754258000000003 0.04898777 0
0.57754454 0.94487363000000002 0
0.57758425999999996 0.76121141999999997 0
0.57759598999999995 0.10374094 0
0.57765847999999997 0.46273842999999998 0
0.57778777999999997 0.24668996000000001 0
0.87020196000000005 0.82390476000000001 0
0.57784256000000001 0.18951486000000001 0
0.57799847000000004 0.80794597999999995 0
0.57819734 0.84706362999999996 0
0.57824246999999995 0.14770200999999999 0
0.57834083000000003 0.62802499000000001 0
0.57834677000000001 0.81029129 0
0.57836014000000002 0.019830250000000001 0
0.57838626000000004 0.40270151999999998 0
0.57847923999999995 0.00188608 0
0.57849315000000001 0.31838769 0
0.57849919000000005 0.85230165000000002 0
0.57850111999999998 0.37193917999999998 0
0.57850362 0.64268243000000003 0
0.57851421000000003 0.98010301 0
0.97805989999999998 0.02220888 0
0.57853299000000002 0.32559289000000002 0
0.57867685999999996 0.61518782000000005 0
0.57883192999999999 0.81969042999999997 0
0.57885995000000001 0.79041296000000005 0
0.57897180000000004 0.39808178 0
0.57900688 0.0052850600000000003 0
0.57904962999999998 0.82754176000000002 0
0.57907779999999998 0.47254794999999999 0
0.57909502999999996 0.28243148000000001 0
0.57917483000000003 0.27592714000000002 0
0.57920983000000004 0.49656690999999997 0
0.57921175999999996 0.68106604999999998 0
0.95326191999999998 0.70381554000000002 0
0.57922786999999998 0.40245147999999997 0
0.57925534000000001 0.35716321000000001 0
0.97827063999999997 0.82636827000000002 0
0.57930431999999998 0.35091844999999999 0
0.57938257999999998 0.62645271999999996 0
0.57942070999999995 0.22563751000000001 0
0.57952177000000005 0.38517926000000002 0
0.5796869 0.38165679000000002 0
0.57970502999999995 0.41996305 0
0.57978909999999995 0.37653976 0
0.57982990999999995 0.62420962999999996 0
0.57992538000000005 0.26633119999999999 0
0.57992582000000004 0.73939299999999997 0
0.58003062000000005 0.63597532999999995 0
0.58009608999999995 0.93019496999999995 0
0.58010225999999998 0.13827220000000001 0
0.58017311999999999 0.51207029999999998 0
0.58019224999999996 0.56036854999999997 0
0.58020232999999999 0.049728519999999998 0
0.58022622999999995 0.38333360999999999 0
0.58023009000000003 0.10393615 0
0.58026652000000001 0.83996585000000001 0
0.58030610000000005 0.82980423000000003 0
0.58031367 0.82572338000000001 0
0.58032887 0.38130734999999999 0
0.95362921 0.10661851 0
0.58049925000000002 0.88814530000000003 0
0.58055480999999998 0.66550496999999997 0
0.58057546999999998 0.14663693999999999 0
0.58059665000000005 0.34140148999999997 0
0.58061742999999999 0.80021945000000005 0
0.58066549000000001 0.18789358 0
0.58072884999999996 0.93187666999999996 0
0.58073861999999998 0.54761766000000001 0
0.58082248999999997 0.54342931999999999 0
0.97604932 0.064826620000000001 0
0.58084502999999998 0.25402646000000001 0
0.95394208000000003 0.55212271000000002 0
0.58090735999999998 0.37634623 0
0.58091409000000005 0.91013286999999998 0
0.58092009 0.25303803000000002 0
0.58094798000000003 0.64116443999999995 0
0.58096210000000004 0.40093720999999999 0
0.58108652999999999 0.89721735000000002 0
0.97351213999999997 0.57443834000000005 0
0.58120033999999998 0.53651495999999999 0
0.58124986000000001 0.74085509000000005 0
0.58126054000000005 0.24856942000000001 0
0.58148553999999997 0.23216661999999999 0
0.58156174999999999 0.50192391000000003 0
0.58158255999999997 0.13625482 0
0.58164101000000001 0.95003632000000005 0
0.98590447000000003 0.80473194000000003 0
0.58165526999999995 0.60691792 0
0.58171516999999995 0.094044699999999995 0
0.58172815 0.26118438999999999 0
0.97535327000000005 0.36183632999999998 0
0.58207072999999998 0.63388774000000003 0
0.58209246000000003 1 0
0.58217989000000003 0.19139073000000001 0
0.58231365000000002 0.44728915000000002 0
0.58232284000000001 0.62702703999999998 0
0.58238677000000005 0.52053981999999999 0
0.58241578999999999 0.47579273 0
0.58243159 0.82526392999999998 0
0.58255438000000004 0.68971764000000002 0
0.58270162000000003 0.59332976999999998 0
1 0.91698853999999996 0
0.58295755000000005 0.30578794999999998 0
0.58299345000000002 0.46400212000000002 0
0.58300567000000003 0.00608838 0
0.94812277 0.39201079 0
0.58319823000000004 0.75608489000000001 0
0.58325159000000004 0.56741719000000002 0
0.58327127000000001 0.15659171999999999 0
0.58329288999999995 0.23271326000000001 0
0.58333553000000005 0.57593150999999998 0
0.58338847999999999 0.78491330999999998 0
0.58342559999999999 0.15920092 0
0.94815064000000004 0.01508749 0
0.58346812000000003 0.26292212999999998 0
0.58347128000000004 0.060524960000000003 0
0.58359643000000005 0.27438454000000001 0
0.58362276000000002 0.046982669999999997 0
0.58376729000000005 0.73254196999999999 0
0.58380023000000003 0.97981969000000002 0
0.97806877000000003 0.30898548999999997 0
0.58384278999999994 1 0
0.58387876999999999 0.37147071999999998 0
0.58392208000000001 0.23090005999999999 0
0.5839666 0.042370789999999998 0
0.58403174000000002 0.66510924999999999 0
0.58403406000000002 0.67174126999999995 0
0.58404668000000004 0.59754529999999995 0
0.58413329999999997 0.81758182999999995 0
0.58414615000000003 0.096908999999999995 0
0.58415236999999998 0.42561010999999999 0
0.58428469999999999 0.69851021000000002 0
0.95333254000000001 0.17706 0
0.58433959999999996 0.65150215 0
0.58439814000000001 0.90825111999999997 0
0.58441862 0.52532855000000001 0
0.58444105000000002 0.44257160000000001 0
0.58447910999999997 0.42062582999999998 0
0.58452645999999997 0.45140648 0
0.58460909000000005 0.47859007999999997 0
0.58475118999999998 0.61389649000000002 0
0.58479214000000002 0.40515354999999997 0
0.58485441999999999 0.76476288000000003 0
0.58495757000000004 0.25478147000000001 0
0.58502664000000004 0.31478762999999998 0
0.58511574 0.57523584000000005 0
0.58517492000000004 0.19081380000000001 0
0.58518937999999998 0.069122500000000003 0
0.58519544000000001 0.32563291 0
0.58525298000000003 0.057527269999999998 0
0.97582332999999999 0.34065800000000002 0
0.58534401999999996 0.59227715000000003 0
0.94839479000000004 0.57466187000000002 0
0.58587149000000005 0.94990576999999998 0
0.98363889000000004 0.089376609999999995 0
0.58599162000000005 0.17589146999999999 0
0.58606877000000002 0.79647173000000004 0
0.58613210999999998 0.61762030999999995 0
0.58616018999999997 0.25007900999999999 0
0.58634025000000001 0.71502445000000003 0
0.94657449999999999 0.47588837 0
0.58641321000000002 0.25909012999999997 0
0.58647095000000005 0.04796661 0
0.58651131000000001 0.83746984000000002 0
0.58653432999999999 0.49605484 0
0.58668063000000004 0.54138193999999995 0
0.58671823999999995 0.59359362999999998 0
0.58672753 0.21414506999999999 0
0.58673160000000002 0.47361829 0
0.58682732000000004 0.55972177000000001 0
0.58684086999999996 0.098958610000000002 0
0.58684384000000001 0.31240368000000002 0
0.58690995000000001 0.85480402 0
0.58713287000000003 0.60335068999999997 0
0.58715572999999999 0.80987545999999999 0
0.58717213999999995 0.54650416999999996 0
0.58725015000000003 0.3158224 0
0.58726515999999995 0.56846289000000005 0
0.97579134999999995 0.17838569000000001 0
0.58730888999999997 0.19078912000000001 0
0.58730945999999995 0.21142209000000001 0
0.58734739000000002 0.076413659999999994 0
0.58739273999999997 0.96440400000000004 0
0.58739372000000001 0.52244922000000005 0
0.58740068000000001 0.76627142999999998 0
1 0.16582290999999999 0
0.58741863999999999 0.54468899000000004 0
0.87665572999999997 0.86710951999999997 0
0.58743414000000005 0.48950829000000001 0
0.58745199999999997 0.82757915000000004 0
0.58746317999999997 0.33306915999999998 0
0.58751410999999998 0.95739662999999997 0
0.58757417000000001 0.24209462000000001 0
0.58765177999999996 0.78354252000000002 0
0.58768609000000005 0.61409736999999998 0
0.58773956000000005 0.63621150000000004 0
0.58775761999999998 0.18329675000000001 0
0.58780443000000004 0.18318408999999999 0
0.58782513000000003 0.20910662999999999 0
0.58787756000000002 0.21651353000000001 0
0.58796435999999996 0.042525779999999999 0
0.58796850000000001 0.12482913 0
0.58803519999999998 0.16362135999999999 0
0.58805803000000001 0.13219816000000001 0
0.58809027000000003 0.23262668 0
0.58813967 0.45865298999999998 0
0.58816409999999997 0.36819292999999997 0
0.97509732000000005 0.76760649999999997 0
0.58825711999999997 0.95268231999999997 0
0.58831166000000001 0.0058256999999999996 0
0.58836653999999999 0.42785173999999998 0
0.58859737000000001 0.29188184 0
0.58864656999999998 0.57548034000000003 0
0.95398505 0.032466000000000002 0
0.58866437999999999 0.46396458000000002 0
0.97808390000000001 0.10179676999999999 0
0.58896013999999997 0.74704930999999997 0
0.58897442 0.52418712000000001 0
0.58900403999999995 0.21066767 0
0.58905812999999996 0.46687293000000002 0
0.58906194000000001 0.97045667000000002 0
0.58920824000000005 0.90420255999999999 0
0.58928535999999998 0.75873539999999995 0
0.94644167999999995 0.82908868000000002 0
0.58934664999999997 0.77929004999999996 0
0.58940002999999996 0.0937389 0
0.58945923 0 0
0.58957521999999996 0.035210239999999997 0
0.58966905999999997 0.20480424999999999 0
0.58974892999999995 0.054093210000000003 0
0.58977657000000006 0.88992696999999998 0
0.58979387000000005 0.40274901000000002 0
0.58979579999999998 0.87607385000000004 0
0.58985648999999996 0.62806163999999998 0
0.58988741 0.57506420999999996 0
0.58993801999999995 0.71328652000000003 0
0.59017885000000003 0.30500194000000003 0
0.59020845 0.87284110000000004 0
0.59021491000000004 0.02520638 0
0.59028588999999998 0.70081926000000005 0
0.59035170999999997 0.47619863000000001 0
0.59043007000000003 0.51804673000000001 0
0.59052828000000002 0.33476802 0
0.95411427000000004 0.22878633000000001 0
0.59056575 0.61490931999999998 0
0.59062453000000004 0.59660356999999997 0
0.59062977000000005 0.93979743000000004 0
0.59070454999999999 0.50658787999999999 0
0.59088366000000003 0.46711450999999998 0
0.59096504000000005 0.081851640000000003 0
0.59097935000000001 0.43331136999999997 0
0.59098751999999999 0.057919949999999998 0
0.59108651000000001 0.66578519999999997 0
0.59118459000000001 0.63209530999999997 0
0.8698572 0.34103687999999999 0
0.59135561999999997 0.50157240999999997 0
0.59143957999999996 0.70844525999999997 0
0.59148862000000002 0.41067616000000001 0
0.59154370999999994 0.72467320000000002 0
0.59158321999999997 0.80776318999999996 0
0.59171077000000005 0.60706325999999999 0
0.97519487000000005 0.064946130000000005 0
0.59175323000000002 0.51345799000000003 0
0.59178569000000003 0.24375383 0
0.59184574999999995 0.43380840999999998 0
0.59214299000000004 0.99834343000000003 0
0.59222216999999999 0.83706354000000005 0
0.59223042000000004 0.05242749 0
0.59238184999999999 0.90446766999999995 0
0.59242145999999996 0.31253944 0
0.59250462999999998 0.78847849999999997 0
0.59250477999999995 0.43742153 0
0.59257828000000001 0.047768400000000003 0
0.97809411000000002 0.76615440000000001 0
0.59265857 0.13868401999999999 0
0.59269740000000004 0.22133232999999999 0
0.94647373000000001 0.25229600000000002 0
0.59278428000000005 0.29345810999999999 0
0.59280646000000004 0.23806828999999999 0
0.59283799999999998 0.48947087 0
0.59299314000000003 0.30101826999999998 0
0.59300408000000004 0.92236982000000001 0
0.59308194000000003 0.77604481000000003 0
0.98376854000000002 0.25188765000000002 0
0.59314286999999999 0.91762951000000004 0
0.59322185000000005 0.60932609999999998 0
0.59324142999999996 0.66440964000000002 0
0.59332461000000003 0.29019293000000002 0
0.59337198000000002 0.15267702 0
0.59349470000000004 0.47279200999999998 0
0.95420528000000004 0.17817775 0
0.59368076000000003 0.34233342999999999 0
0.59371680999999998 0.99651115999999995 0
0.59372164999999999 0.87542231999999998 0
0.59375394999999997 0.78492823 0
0.59392310000000004 0.097000349999999999 0
0.59400573999999995 0.75350832000000001 0
0.59408475000000005 0.70764404000000003 0
0.59413351000000003 0.60963716000000001 0
0.59419593000000004 0.26562956999999998 0
0.59421254999999995 0.20727149 0
0.59438869999999999 0.88303933000000001 0
0.59444589000000003 0.87173016999999997 0
0.59455809000000004 0.35311778999999999 0
0.59455952000000001 0.24164363 0
0.59461333999999999 0.083902320000000002 0
0.59468659000000001 0.86277844000000004 0
0.59479857999999997 0.69672626999999998 0
0.59479998999999995 0.63697778999999999 0
0.98364664000000002 0.066663719999999996 0
0.59492471000000002 0.08031489 0
0.59496380999999998 0.47077371000000001 0
0.59497303000000001 0.0091267699999999993 0
0.59509559000000001 0.50883515000000001 0
0.59510573 0.13667435999999999 0
0.59512715000000005 0.65409492000000002 0
0.59515631000000002 0.43527936 0
0.59518797000000001 0.75020182000000002 0
0.95553299999999997 0.33282349 0
0.59536206000000003 0.56610634000000004 0
0.59536588000000001 0.76107133000000005 0
0.59541379000000005 0.0068277700000000004 0
0.59542868000000004 0.43867102000000002 0
0.59543716000000002 0.073794639999999995 0
0.59546005000000002 0.60582208000000004 0
0.59554366999999997 0.02854611 0
0.59560314000000003 0.45220526 0
0.59569662999999995 0.21106427999999999 0
0.59588655000000001 1 0
0.97814818999999997 0.75764313999999999 0
0.97365285999999995 0.46124939999999998 0
0.59608879000000004 0.064971059999999997 0
0.94658324000000005 0.044141760000000002 0
0.59613331999999997 0.96964711000000003 0
0.59613864999999999 0.45620124000000001 0
0.59630004999999997 0.51249412000000005 0
0.59631637999999998 0.97925284999999995 0
0.59640561000000003 0.32712662999999997 0
0.59666176999999998 0.93091791999999995 0
0.59675047000000003 0.73540879999999997 0
0.95377959000000001 0.32511055 0
0.59678434000000002 0.65729990000000005 0
0.59680422 0.51701443999999996 0
0.59682161 0.68576629 0
0.59687942999999999 0.66636921000000005 0
0.59688576999999998 0.25625469000000001 0
0.59714544999999997 0.42036741999999999 0
0.59717474999999998 0.74584653999999995 0
0.59717737999999998 0.12435771 0
0.59725592999999999 0.090759530000000005 0
0.59726745000000003 0.82195910000000005 0
0.59727204 0.16281931999999999 0
0.59735967000000001 0.11576537000000001 0
0.59739651000000005 0.23167020999999999 0
0.59740230999999999 0.40881890999999998 0
0.59744847000000001 0.59160824999999995 0
0.96527010000000002 0.30257423 0
0.59761474000000003 0.57965937000000001 0
0.59765944000000004 0.04473974 0
0.59769583000000004 0.55350697000000004 0
0.59772725000000004 0.45029226999999999 0
0.59774581000000004 0.061844540000000003 0
0.94840373 0.12626951 0
0.59792484999999995 0.92933454000000004 0
0.59800977 0.56027775000000002 0
0.59807648000000002 0.14744133000000001 0
0.59818789999999999 0.47929179999999999 0
0.59823835999999997 0.67321065999999996 0
0.59828020999999998 0.34807834999999998 0
0.59828062000000004 0.017522590000000001 0
0.59832204 0.30790274000000001 0
0.94889656 0.056660130000000003 0
0.59832483999999997 0.86869624999999995 0
0.59841858999999997 0.24085994999999999 0
0.59843555000000004 0.094498600000000002 0
0.59855411000000003 0.87246528000000001 0
0.59865400999999996 0.17042657999999999 0
0.59865442999999996 0.57343007999999995 0
0.59866341999999995 0.0041891599999999999 0
0.59867678999999996 0.47574850000000002 0
0.59872915000000004 0.65332391999999995 0
0.59874711999999997 0.15998897000000001 0
0.59877015 0.48926383000000001 0
0.59882802999999996 0.67428056000000003 0
0.87671116000000004 0.25723973 0
0.97614528 0.67037901 0
0.59895131000000001 0.25310325 0
0.59896017000000001 0.76491290000000001 0
0.97562868000000003 0.77689076999999995 0
0.59901713999999995 0.27976258999999998 0
0.59907969999999999 0.89314917999999999 0
0.59919982000000005 0.58311621000000002 0
0.59928068000000001 0.99888767000000001 0
0.59928665000000003 0.31970530000000003 0
0.59929034999999997 0.99030151 0
0.59938575000000005 0.084345530000000002 0
0.59946968 0.94376400000000005 0
0.59953029000000002 0.69669963000000001 0
0.59971268 0.38268706000000002 0
0.59974881999999996 0.66103305999999995 0
0.59980142000000003 0.44029091999999997 0
0.59982882000000004 0.48136043000000001 0
0.59994327000000003 0.069105879999999995 0
0.60005702999999999 0.015836070000000001 0
0.60008645000000005 0.86050866999999998 0
0.6001765 0.21495459 0
0.94862139000000001 0.22460561000000001 0
0.60029774999999996 0.29783946 0
0.60031988999999997 0.91166654999999996 0
0.60040727000000005 0.70115174999999996 0
0.60045282 0.95341498999999996 0
0.60062671000000001 0.54375368000000002 0
0.60064037999999997 0.68654400000000004 0
0.98613150000000005 0.34503752999999998 0
0.94658726000000004 0.071855130000000003 0
0.60077966999999999 0.3803436 0
0.9538451 0.78693862999999997 0
0.60085648999999997 0.47627104999999997 0
0.60100843999999998 0.077875890000000003 0
0.60108108000000005 0.93175284000000003 0
0.60121179999999996 0.36322680000000002 0
0.60124506 0.095305070000000006 0
0.60133550999999996 0.099698949999999995 0
0.60137065999999995 0.96819427999999996 0
0.60139197 0.14055153000000001 0
0.60141374000000003 0.19096568999999999 0
0.60142976999999997 0.98385307 0
0.60144986 0.64084074999999996 0
0.60155751000000002 0.17351660999999999 0
0.60156995000000002 1 0
0.60158710999999998 0.93338847000000003 0
0.60161394999999995 0.72466680000000006 0
0.60164804999999999 0.79677308999999996 0
0.60165862999999997 0.74080893000000003 0
0.60171366999999998 0.44480339000000002 0
0.60171432999999996 0.93225248000000005 0
0.60171436 0.63358645000000002 0
0.60173723999999995 0.18147012000000001 0
0.97611698000000002 0.94164270000000005 0
0.60180564000000003 0.86517858000000003 0
0.94678929999999994 0.52694036 0
0.60182676999999996 0.88089552000000004 0
0.60186446000000005 0.18161260000000001 0
0.98708821999999996 0.071060239999999997 0
0.60191437000000003 0.92340107000000005 0
0.60207767999999995 0.88621841999999995 0
0.98364868999999999 0.97938444999999996 0
0.60211040000000005 0.21901056999999999 0
0.60223225999999996 0.71244452000000003 0
0.60224124000000001 0.87219091000000004 0
0.60225397000000003 0.20467659999999999 0
0.60240510999999997 0.28911372000000002 0
0.60244012999999996 0.089823219999999995 0
0.60244668999999995 0.35048625999999999 0
0.60245543000000001 0.57918104000000004 0
0.60255437000000001 0.67194507999999997 0
0.60259196999999998 0.57824339999999996 0
0.60276213999999995 0.14292273999999999 0
0.60284227000000001 0.19218117000000001 0
0.60290288999999997 0.90573464000000004 0
0.60294654000000003 0.42451749 0
0.60295237000000002 0.75836186000000005 0
0.60300721000000002 0.065470719999999996 0
0.98423170999999998 0.66008665 0
0.60307869999999997 0.50723722000000004 0
0.60308934000000003 0.82336233999999997 0
0.60310116000000003 0.51368469999999999 0
0.60319259999999997 0.0094462699999999997 0
0.60329034999999998 0.26026032999999998 0
0.94864771999999997 0.93390991000000001 0
0.60335947000000001 0.28701048000000001 0
0.60337054000000001 0.33929622999999998 0
0.60338164000000005 0.84460228000000004 0
0.95505165000000003 0.36828810000000001 0
0.60345802000000004 0.59347777000000002 0
0.60348597000000004 0.83171624 0
0.60353210999999996 0.47051501000000001 0
0.60367667000000003 0.84941381000000005 0
0.60376054999999995 0.97868012000000004 0
0.60391253 0.38027938 0
0.60392120000000005 0.84046608 0
0.60409051999999996 0.060490740000000001 0
0.60409692999999998 0.22583543 0
0.60414144999999997 0.29637037999999999 0
0.60425004000000004 0.91845063000000005 0
0.60428819 0.32740923999999999 0
0.98453928999999996 0.1677717 0
0.60442909 0.22663279 0
0.60445665999999998 0.58549028999999997 0
0.60468862000000001 0.38488560999999999 0
0.60483138999999997 0.37117491000000002 0
0.60484046000000002 0.87889733000000003 0
0.60487749999999996 0.83493238999999997 0
0.60493786000000005 0.91386031000000001 0
0.60506234000000003 0.48243835000000002 0
0.60509847000000005 0.62613202000000001 0
0.60511908000000003 0.64317427999999999 0
0.60523890000000002 0.25994544000000003 0
0.60532341999999995 0.49319439999999998 0
0.60552645999999999 0.18716488000000001 0
0.60559384000000005 0.80273991 0
0.60566204999999995 0.25374776999999998 0
0.60575416999999998 0.071098529999999993 0
0.60583049 0.77730005000000002 0
0.60588131000000001 0.53570326000000001 0
0.60590003999999997 0.091952900000000004 0
0.60591207999999996 0.41155313999999998 0
0.97836427999999998 0.77092959000000005 0
0.98472479999999996 0.41046713000000001 0
0.60611629 0.45438273000000001 0
0.60614102999999997 0.90650255999999996 0
0.60621468000000001 0.50938983999999998 0
0.60629135000000001 0.15655864 0
0.60629619999999995 0.086411349999999998 0
0.60633181000000003 0.63026212000000004 0
0.60635329000000004 0.77780351000000003 0
0.94678952999999999 0.75681096999999997 0
0.95424595999999995 0.49791594 0
0.98383054999999997 0.64562907999999997 0
0.6067439 0.13176409 0
0.94908031999999998 0.20309989000000001 0
0.60682354000000005 0.66121613000000001 0
0.95423340000000001 0.25068786999999998 0
0.60703949999999995 0.81087706999999998 0
0.60709866999999995 0.78761592000000002 0
0.60719411999999995 0.99266398 0
0.60726732999999999 0.77236981000000005 0
0.60730605000000004 0.089284269999999999 0
0.60731550000000001 0.84118018999999999 0
0.60736171000000005 0.57057648000000005 0
0.94872652999999996 0.73994002999999997 0
0.60742636999999999 0.31292977999999999 0
0.60746058000000003 0.89487150000000004 0
0.60748164000000004 0.78362602999999997 0
0.60749242999999997 0.64255015999999998 0
0.60750424000000003 0.077775639999999993 0
0.97567994999999996 0.76195953000000005 0
0.60767241000000005 0.62581458999999995 0
0.60777031999999998 0.79946892000000003 0
0.60784899999999997 0.2129055 0
0.60804698999999995 0.73805852000000005 0
0.60808386000000003 0.69969705999999998 0
0.60808803 0.23387759999999999 0
0.60825801999999995 0.024915360000000001 0
0.60826312000000005 0.47954103999999997 0
0.60827094000000004 0.96970798999999996 0
0.60829177000000001 0.25783672000000002 0
0.60842911 0.98807038999999997 0
0.95386503 0.26445900999999999 0
0.60846712999999997 0.10853473 0
0.60847781999999995 0.36303507000000002 0
0.60861611999999998 0.60548840999999998 0
0.60862676999999998 0.12506047000000001 0
0.60866944999999995 0.44467191 0
0.60871352999999995 0.16709139000000001 0
0.60889064000000004 0.53946006999999996 0
0.60891167999999996 0.40246292 0
0.60897299000000005 0.29742351 0
0.60901901999999997 0.34196590999999998 0
0.60901910999999997 0.54489544999999995 0
0.60908892000000003 0.34392978000000002 0
0.60911479000000002 0.29815108000000001 0
0.60912275000000005 0.31872334000000002 0
0.60912580999999999 0.41666656000000002 0
0.60914411999999996 0.81966499000000004 0
0.60921185 0.10370144000000001 0
0.60926166999999998 0.37638883000000001 0
0.60934829999999995 0.0216837 0
0.60935234999999999 0.46651289000000001 0
0.60936825999999999 0.24910687000000001 0
0.60937403999999995 0.80250600000000005 0
0.60951001000000005 0.01625339 0
0.60954425000000001 0.077238760000000004 0
0.60971929000000002 0.015765399999999999 0
0.60977442000000004 0.19334825 0
0.60980204000000005 0.66700713 0
0.60998417999999999 0.48503158000000002 0
0.60999499999999995 0.49781008999999998 0
0.61013287000000005 0.047121799999999998 0
0.61032209999999998 0.86872285000000005 0
0.61037275999999996 0.96823093000000005 0
0.61038256999999996 0.22721846000000001 0
0.61041389999999995 0.42756657999999997 0
0.61053259999999998 0.88887563000000003 0
0.61055334999999999 0.53743456999999994 0
0.61058776000000003 0.46506772000000002 0
0.95509664000000005 0.81704237999999996 0
0.61063654000000001 0.50541787999999999 0
0.61066772999999996 0.68449126000000005 0
0.61079234999999998 0.53093612000000001 0
0.61085358000000001 0.90746895999999999 0
0.61087349999999996 0 0
0.61088295999999997 0.42274025999999998 0
0.61095597000000001 0.56965118999999997 0
0.61107290000000003 0.82995938000000002 0
0.61108642000000002 0.69802529000000002 0
0.61109254000000002 0.62460093999999999 0
0.61114606999999999 0.37041843000000002 0
0.61118245999999998 0.24707641 0
0.61118578000000001 0.29438122 0
0.61120300000000005 0.54993628000000006 0
0.61125894999999997 0.025904750000000001 0
0.61136380999999995 0.81192927000000004 0
0.61141608000000003 0.72778259000000001 0
0.61149576000000005 0.44132255999999997 0
0.61154092000000004 0.18217137999999999 0
0.61159213000000001 0.65462907000000004 0
0.61164056 0.65925144000000002 0
0.61177658999999995 0.75728030999999996 0
0.61182820000000004 0.40966489 0
0.61186737999999996 0.66753012 0
0.94868788999999998 0.38779942000000001 0
0.61194789000000005 0.13981494999999999 0
0.61196313000000002 0.67560443000000003 0
0.95541164000000001 0.66653702000000004 0
0.61217602999999998 0.17136103999999999 0
0.61218368999999995 0.63119289999999995 0
0.61222441000000005 0.44307542 0
0.61226228999999999 0.85917275000000004 0
0.61244505999999999 0.74676292 0
0.61244549999999998 0.21590097 0
0.94863368000000003 0.27013059 0
0.61251825999999998 0.57405821000000001 0
0.61265731999999995 0.05836214 0
0.61269298000000005 0.021841139999999998 0
0.61269399999999996 0.20063817 0
0.61271651000000005 0.38142925 0
0.61271677000000002 0.73674298999999999 0
0.98477671 0.62125902 0
0.61276746000000004 0.71638497000000001 0
0.61278732999999996 0.95619312000000001 0
0.61279203999999998 0.77534537999999997 0
0.95553948 0.66722541999999996 0
0.61283712999999995 0.56853136000000004 0
0.61288931999999996 0.23358565000000001 0
0.61293326999999997 0.15554182999999999 0
0.61294174000000001 0.24614989000000001 0
0.61297380000000001 0.63755925999999996 0
0.61315319999999995 0.78138792999999995 0
0.61319539999999995 0.55328268999999997 0
0.61325236000000005 0.20624355999999999 0
0.61333883 0.44744047999999997 0
0.61338855000000003 0.83788680999999998 0
0.61342145000000003 0.09244086 0
0.95536248000000001 0 0
0.61353764 0.45667990000000003 0
0.61356027000000002 0.67533434000000003 0
0.61356255999999998 0.54014278000000004 0
0.61358285000000001 0.48356419 0
0.61368739999999999 0.87468446 0
0.61372302999999995 0.20083541999999999 0
0.61373728999999999 0.61998419000000005 0
0.97845775999999995 0.29155159000000003 0
0.61376317999999996 0.81707445000000001 0
0.61376569999999997 0.87127520999999997 0
0.61383270999999995 0.49830986999999999 0
0.61390918000000005 0.32526732000000003 0
0.61393682000000005 0.068057099999999995 0
0.61401556000000002 0.27508855999999998 0
0.61402053999999995 0.73798114000000004 0
0.61404413999999996 0.083747180000000004 0
0.61404961000000002 0.051388089999999997 0
0.61407509000000005 0.40040505999999998 0
0.61419725999999997 0.18667201 0
0.61429792000000005 0.78935982999999998 0
0.61438758000000004 0.78579763000000002 0
0.61440181999999999 0.34598307 0
0.61443223000000002 0.34550846000000002 0
0.94911926999999996 0.067139649999999995 0
0.61446849999999997 0.70627050000000002 0
0.61451113999999996 0.14828321999999999 0
0.61452485000000001 0.35152940999999999 0
0.61458577000000003 0.76149513999999996 0
0.61459629999999998 0.13409062999999999 0
0.61470354999999999 0.61125728000000001 0
0.61494053999999998 0.82786881999999995 0
0.61524860999999997 0.29106241999999999 0
0.61530225999999999 0.58244428999999998 0
0.61532054000000003 0.43361748999999999 0
0.61533837000000002 0.21761435000000001 0
0.61535269999999997 0.82595879999999999 0
0.61553782999999995 0.082197530000000005 0
0.61564775999999999 0.23869030999999999 0
0.61568935000000002 0.86623351000000004 0
0.61569594999999999 0.73222538999999998 0
0.61570190000000002 0.1098459 0
0.61580778000000003 0.91066148999999996 0
0.61585241000000002 0.23769989 0
0.61592356999999998 0.027075689999999999 0
0.61593732000000001 0.21444236 0
0.61599601000000004 0.33777156000000003 0
0.61603779999999997 0.31024815 0
0.61605529999999997 0.016181899999999999 0
0.61607111000000003 0.23269640999999999 0
0.94910402000000005 0.70089219999999997 0
0.61621886999999997 0.99151745999999996 0
0.61632838999999995 0.97272714999999998 0
0.61634621000000001 0.25498855999999998 0
0.61635317000000001 0.31404594000000002 0
0.61636893999999998 0.44385550000000001 0
0.61646707999999995 0.4960349 0
0.98478714000000001 0.20840278000000001 0
0.61658725000000003 0.80995055999999999 0
0.61661626000000003 0.87851743999999998 0
0.61664989000000003 0.73588377000000005 0
0.94687783999999997 0.20861837999999999 0
0.61678548 0.41560981000000002 0
0.61681995000000001 0.99771714 0
0.61699026999999995 0.72633099000000001 0
0.61699683999999999 0.85394477999999996 0
0.61729210000000001 0.44893033999999998 0
0.61731004 0.61091192999999999 0
0.98683889999999996 0.1431867 0
0.61737710999999995 0.14036334 0
0.61740408999999996 0.46039240999999997 0
0.98719195000000004 0.93506661000000002 0
0.61751226000000004 0.70973399999999998 0
0.61751462000000001 0.63146910000000001 0
0.61765389000000004 0.70492007999999995 0
0.98617246000000003 0.75670216999999995 0
0.61771604000000002 0.10307848999999999 0
0.61777453000000004 0.92426461999999998 0
0.61781507000000002 0.56720948000000004 0
0.61787186999999999 0.79089030999999999 0
0.61799466999999997 0.50951663999999997 0
0.98411709000000003 0.54629899999999998 0
0.61807451999999996 0.24142240000000001 0
1 0.18770754000000001 0
0.61825843000000003 0.65151786 0
0.61826504999999998 0.86618212000000006 0
0.61831369999999997 0.77775192000000004 0
0.61832746000000005 0.0076189400000000003 0
0.94691561999999996 0.95771790999999995 0
0.61846506000000001 0.82398022999999998 0
0.61848475000000003 0.73593964999999995 0
0.61856599999999995 0.20485887 0
0.61878761999999998 0.11106240000000001 0
0.61892603999999996 0.036315100000000003 0
0.61903136000000003 0.80001816000000003 0
0.61906702999999996 0.97865857999999994 0
0.61909159999999996 0.21946145 0
0.6191873 0.96758653999999999 0
0.61935094000000002 0.47091612999999999 0
0.61937664999999997 0.57146852000000004 0
0.61943437999999995 0.30564522999999999 0
0.61949734000000001 0.79947035 0
0.61950075000000004 0.70046777999999998 0
0.61963102000000003 0.31090527000000001 0
0.61963875000000002 0.45267604 0
0.97578114999999999 0 0
0.61982462000000005 0.84956960000000004 0
0.61982788 0.10971905999999999 0
0.61984581000000005 0.054569369999999999 0
0.61986015999999999 0.84267265000000002 0
0.61993673999999999 0.42771809 0
0.62001576000000003 0.53345697000000003 0
0.62009862000000004 0.35179906999999999 0
0.62016236999999996 0.86704851000000005 0
0.62028137999999999 0.29705241999999998 0
0.62035514000000003 0.63962521999999999 0
0.62052189000000002 0.3357386 0
0.62055207999999995 0.63231713000000001 0
0.62057680999999998 0.1044033 0
0.62064010999999997 0.39043624999999998 0
0.62070765999999999 0.56219653999999997 0
0.9539263 0.26888518 0
0.94685562000000001 0.70969514 0
0.97572906000000004 0.019420719999999999 0
0.62100506 0.68743725 0
0.62101719 0.095469639999999995 0
0.62109950999999997 0.76941767000000005 0
0.62120713000000005 0.70023289 0
0.62121804999999997 0.77267556000000004 0
0.62123119999999998 0.33911458 0
0.62128439999999996 0.50046820000000003 0
0.62129086 0.58853485999999999 0
0.62134703000000002 0.66875547999999996 0
0.62137810999999998 0.40732504000000003 0
0.62147668 0.072941679999999995 0
0.62150249000000002 0.48292663000000002 0
0.62152025 0.76575203999999997 0
0.62156222999999999 0.1209013 0
1 0.19697856999999999 0
0.62158223999999995 0.17181225999999999 0
0.98431314999999997 0.94489621000000001 0
0.62163908000000001 0.35918611 0
0.62171611000000004 0.04381529 0
0.62173685000000001 0.46700854000000003 0
0.62174538999999995 0.27096556999999999 0
0.62181140000000001 0.74236774999999999 0
0.62210659000000001 0.35289601999999998 0
0.62217639000000002 0.34436457999999998 0
0.62221813000000004 0.94724341999999995 0
0.62232144 0.088545399999999996 0
0.62255168999999999 0.40520623 0
0.62267366999999996 0.23617812999999999 0
0.62269759999999996 0.19540816 0
0.62273729 0.13333283000000001 0
0.62276814000000003 0.28247140999999998 0
0.62287711000000001 0.39482926000000002 0
0.62289185000000002 0.80561174999999996 0
0.62290900999999999 0.48846321999999998 0
0.62293301999999995 0.89153269999999996 0
0.62297159000000002 0 0
0.62299378000000005 0.01458577 0
0.62308923000000005 0.49481498000000002 0
0.62311101000000002 0.19558698999999999 0
0.62312679999999998 0.54358428000000003 0
0.62320578999999998 0.92744090999999995 0
0.62323200999999995 0.55674853999999996 0
0.62325785 0.60666306999999997 0
0.62341128999999995 0.74620615000000001 0
0.62345494999999995 0.27887656999999999 0
0.97576901000000005 0.073193850000000005 0
0.62365274000000004 0.14359316 0
0.62372813000000005 0.075512410000000002 0
0.62379077000000005 0.73305301 0
0.98414838999999998 0.91930825000000005 0
0.62383756999999995 0.31408986 0
0.62387009000000004 0.84027293000000003 0
0.62389121999999997 0.0037412700000000001 0
0.62413032000000002 0.83758893999999995 0
0.62418560000000001 0.4743385 0
0.62419177999999997 0.55727687999999997 0
0.62420845999999997 0.063189549999999997 0
0.62423125999999995 0.48894045000000003 0
0.62428117000000005 0.36013269999999997 0
0.62433459000000002 0.35210477000000001 0
0.62443766000000001 0.0072997899999999996 0
0.62445961000000005 0.31341859 0
0.62452098 0.88473738000000002 0
0.62454553999999995 0.5731174 0
0.62471560999999998 0.21139827 0
0.62475875999999997 0.24863734000000001 0
0.62480064999999996 0.67346532999999997 0
0.62487075999999997 0.21079223999999999 0
0.62491350000000001 0.22450666999999999 0
0.62496887999999995 0.031523259999999997 0
0.97641681000000002 0.32216692000000002 0
0.62502776999999998 0.65311633999999996 0
0.62510279999999996 0.16003490000000001 0
0.62513114999999997 0.83591534999999995 0
0.62513580999999996 0.26990704999999998 0
0.62515493 0.50215991999999998 0
0.62522942000000004 0.34723090000000001 0
0.62523647999999998 0.53149396999999998 0
0.62523826999999998 0.49189625999999997 0
0.62534774000000004 0.96682888 0
0.62545508999999999 0.50923768000000003 0
0.62545565999999997 0.60503355999999997 0
0.62556511000000004 0.52010931999999999 0
0.62564914000000005 0.78292969000000001 0
0.62567797000000003 0.66705579999999998 0
0.62581255999999996 0.79318361000000004 0
0.62586675000000003 0.40523434000000003 0
0.62587327000000004 0.45091911000000001 0
0.62588500000000002 0.28738288000000001 0
0.6259325 0.10885613 0
0.98658645 0.47477984000000001 0
0.62600500000000003 0.97359231999999996 0
0.6260481 0.91618957000000001 0
0.62608964 0.047463239999999997 0
0.62611828000000003 0.067134009999999994 0
0.62614398000000004 0.62071796000000001 0
0.62622582999999998 0.80915155999999999 0
0.97574550000000004 0.41907124000000001 0
0.62640362000000005 0.45591607000000001 0
0.62641219000000004 0.96627070999999998 0
0.62644091999999996 0.98468931999999998 0
0.62673131999999998 0.84972913000000005 0
0.62678548000000001 0.48650705 0
0.98684731999999997 0.18286441000000001 0
0.62684910999999999 0.041046439999999997 0
0.62691406000000005 0.30836295000000002 0
0.62693851 0.73900363000000002 0
0.62695721999999998 0.63703684000000005 0
0.62697758000000003 0.43405447000000003 0
0.62699225999999997 0.63139192 0
0.62701941999999999 0.74025722000000005 0
0.62723408000000003 0.44712179000000002 0
0.97622933999999995 0.51417626000000005 0
0.62746137000000002 0.52189353000000005 0
0.62753457999999995 0.38020419 0
0.62761394000000004 0.86924964000000005 0
0.62762545999999997 0.51454230999999995 0
0.98774974999999998 0.49152709999999999 0
0.62789401 0.59981795999999998 0
0.62795129999999999 0.75019891000000005 0
0.62798388000000005 0.90910769000000002 0
0.62802764 0.87999442000000005 0
0.98722757999999999 0.29081978000000003 0
0.62802963999999994 0.73984892000000002 0
0.62818213000000001 0.84679601999999998 0
0.97816910000000001 0.84219244000000004 0
0.62823545000000003 0.88620732000000002 0
0.62827630999999995 0.95527516000000001 0
0.97578008999999999 0.23382555999999999 0
0.62837918999999998 0.81802425999999995 0
0.62853055000000002 0.44618360000000001 0
0.62862602000000001 0.43277900000000002 0
0.62869945999999999 0.17634855999999999 0
0.62873758000000002 0.20216600000000001 0
0.62884191 0.91627369999999997 0
0.62884337000000001 0.15843018 0
0.62896048999999998 0.25228299999999998 0
0.62911088000000004 0.13302263 0
0.62923340000000005 0.70768240000000004 0
0.62924734999999998 0.88154540999999997 0
0.62940706000000002 0.55961950000000005 0
0.62940772 0.47924063 0
0.62960746000000001 0.40718188 0
0.62960939999999999 0.71152329999999997 0
0.62966378999999995 0.57873467999999995 0
0.62969454000000002 0.99708247999999999 0
0.62972368000000001 0.46743607999999998 0
0.62980727999999997 0 0
0.98480469999999998 0.94891751000000002 0
0.62991494000000003 0.73468548 0
0.95106369999999996 0.39480432999999998 0
0.63014576 0.65441322999999996 0
0.63022668000000004 0.76937922999999997 0
0.63023421999999996 0.72657251 0
0.63029014000000005 0.66201460000000001 0
0.63031904999999999 0.30406401 0
0.63035814000000001 0.26594409000000002 0
0.63038444000000005 0.51378075999999995 0
0.63045222000000001 0.89264962000000003 0
0.63054452000000005 0.45354446999999998 0
0.63058455999999996 0.43460219 0
0.63076520999999997 0.73379002999999998 0
0.63076951999999997 0.28706095999999998 0
0.63086385 0.92545337000000005 0
0.63088478999999997 0.87342487000000002 0
0.95105795000000004 0.69163123999999998 0
0.63108794999999995 0.11446127 0
0.63114583999999996 0.98370489000000005 0
0.63114952999999996 0.59180630999999995 0
0.63122491999999997 0.67022101000000001 0
0.63131015000000001 0.24675496 0
0.63152355999999998 0.12406707 0
0.63153647999999996 0.26779062999999997 0
0.63155583999999998 0.74357187000000002 0
0.63159620999999999 0.47250296000000003 0
0.63165132000000002 0.27553171999999998 0
0.63175711000000001 0.95660869999999998 0
0.63176653999999999 0.50293876000000004 0
0.63177673999999995 0.085026969999999993 0
0.63179711999999999 0.26035369000000003 0
0.63184083000000002 0.96561375999999999 0
0.63184229999999997 0.68725919000000002 0
0.63188823000000005 0.99162108000000004 0
0.63188991999999999 0.42697462000000003 0
0.95774435999999996 0.82454084000000005 0
0.63196116999999996 0.82940943 0
0.63200268000000004 0.38455514000000002 0
0.63209373000000002 0.084930939999999996 0
0.63210434999999998 0.061203880000000002 0
0.63210798000000001 0.71349982999999995 0
0.98116192000000002 0.91441167000000001 0
0.63222339999999999 0.18025537999999999 0
0.63229115999999996 0.31297343 0
0.63231731000000002 0.52504329999999999 0
0.95627174999999998 0.95240007999999998 0
0.86916338000000004 0.067561430000000006 0
0.98763995999999998 0.38547612999999997 0
0.63253283000000005 0.56663585999999999 0
0.87678560000000005 0.81832260999999995 0
0.63259129999999997 0.36785128 0
0.63273740999999994 0.33878667000000001 0
0.63293586999999996 0.34170032 0
0.63296262999999997 0.38194328999999999 0
0.63298896000000004 0.54973348 0
0.63310692000000002 0.31571052999999999 0
0.63314338000000003 0.64378091999999998 0
0.63317133000000003 0.28692605999999998 0
0.63323547000000002 0.57418265000000002 0
0.63326629999999995 0.69054168000000005 0
0.63330492999999999 0.20233227000000001 0
0.63338519000000004 0.70392737999999999 0
0.63341122999999999 0.70644357000000002 0
0.63346762999999995 0.57265021999999999 0
0.63353203999999996 0.78684092999999999 0
0.63354980000000005 0.72691415999999998 0
0.63355556000000002 0.32452815000000002 0
0.63396390000000002 0.67369526000000002 0
0.63401470999999998 0.44418357000000003 0
0.63401869 0.85485524000000002 0
0.63402711 0.67549733000000001 0
0.63406521999999998 0.27870395999999997 0
0.98092473999999996 0.93516144000000001 0
0.63406686000000001 0.86900630000000001 0
0.63411015000000004 0.99511406000000002 0
0.63411618999999997 0.11458868 0
0.63427538999999999 0.81158907000000002 0
0.63433273999999995 0.84875409000000002 0
0.63433499000000004 0.22762805999999999 0
0.63436068999999995 0 0
0.63438455999999999 0.02417973 0
0.63449860999999996 0.84967517000000004 0
0.63453941000000003 0.50863007000000005 0
0.63460211 0.93073242 0
0.63460536000000001 0.61330839000000004 0
0.63463104999999997 0.65482154000000004 0
0.63464575999999995 0.89752578000000005 0
0.63464686999999997 0.19409402000000001 0
0.63469012000000002 0.35846688999999998 0
0.63476345000000001 0.19719283000000001 0
0.63482925999999995 0.51675382999999997 0
0.63483356999999996 0.063516989999999995 0
0.63493469000000002 0.91530001999999999 0
0.63501574000000005 0.20081024 0
0.95077783000000005 0.50926258999999996 0
0.63513624000000002 0.75812928999999996 0
0.63516154999999996 0.14764663 0
0.63519806999999995 0.85517476000000003 0
0.87686545000000005 0.18535668999999999 0
0.63528983999999999 0.77420021000000006 0
0.94951582000000001 0.024323170000000002 0
0.63539139 0.0036465899999999999 0
0.63547129000000002 0.91139066000000002 0
0.63547385999999995 0.39479546999999998 0
0.63550563000000004 0.86743252000000004 0
0.63551844000000002 0.1808642 0
0.63552408000000005 0.58556728000000002 0
0.63576697999999998 0.99696596999999998 0
0.63583434999999999 0.48619741999999999 0
0.63591293999999998 0.94024843000000002 0
0.63593250999999995 0.56289781000000005 0
0.63598387999999995 0.88991456000000002 0
0.63599777000000002 0.34022887000000002 0
0.63605354000000003 0.076424599999999995 0
0.63610535000000001 0.94644711999999998 0
0.63617095999999995 0.33270749999999999 0
0.63644595999999998 0.28004846 0
0.63669363999999995 0.30055968999999999 0
0.63672870000000004 0.015414000000000001 0
0.63676652 0.014930850000000001 0
0.63678484999999996 0.20937439999999999 0
0.63679377999999998 0.57090677999999995 0
0.63684094000000002 0.54960677000000002 0
0.63695067999999999 0.97080054000000005 0
0.63695261999999997 0.30914760000000002 0
0.63702086999999996 0.74316245999999997 0
0.63703547999999999 0.74855621999999999 0
0.63706834999999995 0.59219436999999997 0
0.63709526000000005 0.34673436000000002 0
0.63714605000000002 0.95835347999999998 0
0.63725409 0.42351708999999998 0
0.95574051999999998 0.15398339999999999 0
0.98768840000000002 0.48932215000000001 0
0.63734411999999996 0.50275612999999997 0
0.63736559999999998 0.70308199999999998 0
0.63744825000000005 0.78620027000000003 0
0.63749533000000003 0.054064950000000001 0
0.63751588000000003 0.50072949 0
0.63760227999999997 0.70677584000000004 0
0.63784459000000004 0.14222370000000001 0
0.98752174999999998 0.99423181999999999 0
0.63787517999999999 0.72267201999999997 0
0.63791313000000005 0.70349172999999998 0
0.95104776999999996 0.35207211999999999 0
0.63798109000000003 0.94647906000000004 0
0.63800641999999996 0.65389856000000002 0
0.95827938000000001 0.038746040000000002 0
0.63805637999999998 0.94802489000000001 0
0.63807353 0.057093999999999999 0
0.63813693999999999 0.60626447999999999 0
0.63814992999999998 0.66588921000000001 0
0.63827721999999998 0.96316458000000005 0
0.63844864999999995 0.83121537000000001 0
0.63848417999999996 0.71846180000000004 0
0.63853119000000003 0.35341074 0
0.63859173000000002 0.42897791000000002 0
0.63860737999999995 0.41734322000000001 0
0.63892099000000002 0.046961879999999998 0
0.63892420999999999 0.69440641000000003 0
0.63899627999999997 0.33439722 0
0.63901196999999998 0.52239888000000001 0
0.63913593999999996 0.89816671999999997 0
0.63922869000000004 0.071611060000000004 0
0.63933043000000001 0.86479377999999996 0
0.63951917000000003 0.77938386999999998 0
0.63952569000000004 0.17599806000000001 0
0.63963239999999999 0.17919837 0
0.63970731000000003 0.28347503000000002 0
0.63978966000000004 0.10614076 0
0.63982116 0.44887566000000001 0
0.63992621000000005 0.69023488 0
0.64005442000000001 0.78226245999999999 0
0.64009022000000004 0.078582579999999999 0
0.94963785999999994 0.76817864000000002 0
0.64012521 0.98574439999999997 0
0.64017597000000004 0.54415230000000003 0
0.64025569999999998 0.35175884000000002 0
0.64031961000000004 0.32437829000000001 0
0.64036979000000005 0.51665547999999994 0
0.64048163000000002 0.98578853 0
0.64060828000000003 0.23983339000000001 0
0.64061727000000002 0.91043123000000004 0
0.64065116 0.63836250999999999 0
0.98114232000000001 0.35894076000000003 0
0.64070888999999998 0.20489650000000001 0
0.64071206999999997 0.73029949999999999 0
0.64077487 0.91755748999999998 0
0.64085638 0.81721266999999997 0
0.64085952999999996 0.93293448000000001 0
0.64086275000000004 0.87023236000000004 0
0.64089737999999996 0.80551170000000005 0
0.64103080000000001 0.43966877999999998 0
0.64105403000000005 0.39361847 0
0.97861109999999996 0.96999661000000004 0
0.64112935999999998 0.57997242999999998 0
0.64118750000000002 0.18199584999999999 0
0.64118872999999998 0.19930563000000001 0
0.97903748000000002 0.49282019999999999 0
0.64133083999999996 0.93149378000000005 0
0.64135547999999998 0.56237022999999997 0
0.64135604999999996 0.85446630000000001 0
0.64150048000000004 0.59080871999999995 0
0.64152016000000001 0.63014369999999997 0
0.64153327000000004 0.43061790999999999 0
0.64157266000000002 0.27611198999999997 0
0.64159124999999995 0.60446677000000004 0
0.64162889999999995 0.24658282000000001 0
0.64165026000000003 0.84884632999999998 0
0.64167823000000002 0.11831141000000001 0
0.64168787999999999 0.45840483999999998 0
0.64182185000000003 0.072956519999999997 0
0.64183316999999995 0.1872077 0
0.64184585000000005 0.90167688999999995 0
0.64186136999999999 0.49581731000000001 0
0.98129074999999999 0.52734365000000005 0
0.64195385999999999 0.23505729 0
0.64203628000000001 0.55063715999999996 0
0.64218531999999995 0.46464181999999998 0
0.64219075000000003 0.94067202000000005 0
0.64219194999999996 0.61758292000000004 0
0.64233393999999999 0.25489000000000001 0
0.64234957999999998 0.10944809 0
0.64244972 0.86170528999999996 0
0.64247577 0.1081215 0
0.64250309999999999 0.71778620999999998 0
0.64251214000000001 0.26365171999999998 0
0.64257370000000003 0.75217429999999996 0
0.64257609999999998 0.91167653000000004 0
0.98085312000000002 0.64015606999999997 0
0.64260866999999999 0.61061341000000002 0
0.95664832 0.84183688000000001 0
0.95112514000000004 0.92860476000000003 0
0.64266109000000005 0.77614335999999995 0
0.95836226999999996 0.84446491999999995 0
0.95111018999999997 0.40508508999999998 0
0.64279702999999999 0.41156073999999998 0
0.64279724999999999 0.59398223000000006 0
0.64289379000000002 0.91346039999999995 0
0.64297234000000003 0.096360440000000006 0
0.64307820999999998 0.40069821 0
0.64313120999999995 0.36134537 0
0.95577223 0.36220186999999998 0
0.64321410999999995 0.56074614 0
0.64329815000000001 0.44791792000000002 0
0.64332102999999996 0.63689812000000001 0
0.64338806000000004 0.24113092999999999 0
0.64338932999999998 0.083862119999999998 0
0.64340076000000002 0.28683545999999999 0
0.64342984999999997 0.90103787999999996 0
0.64345554000000005 0.28270392 0
0.64352913 0.92863801000000001 0
0.64366175999999997 0.85746235000000004 0
0.64368694000000004 0.12993076000000001 0
0.95554737000000001 0.43163701999999998 0
0.64370808000000002 0.26981876999999999 0
0.64372273999999996 0.96079471000000005 0
0.64373044000000001 0.98433263000000004 0
0.64376591999999999 0.07339416 0
0.64378513999999998 0.54138244000000002 0
0.64389198999999997 0.39142806000000002 0
0.98853391000000002 0.80466744999999995 0
0.97351452999999999 0.20892909000000001 0
0.64410109000000004 0.11908050000000001 0
0.64422606999999998 0.88034553000000004 0
0.64424022000000003 0.78658096 0
0.64426956000000002 0.58731272999999995 0
0.64432464 0.66377386999999999 0
0.94956925000000003 0.093318399999999996 0
0.9791571 0.12977132999999999 0
0.64448240000000001 0.87357521000000005 0
0.64457929999999997 0.96463116999999998 0
0.64459548 0.42210455000000002 0
0.64468718999999997 0.013678910000000001 0
0.64472404999999999 0.45939839999999998 0
0.64475340000000003 0.16260374 0
0.64483683000000003 0.078557600000000005 0
0.64485073000000004 0.13701098 0
0.64485835000000002 0.81246231999999996 0
0.64488778000000002 0.34178688000000002 0
0.64488813 0.13615724000000001 0
0.64490152000000001 0.67029598000000001 0
0.64490877999999996 0.070037740000000001 0
0.64494247000000005 0.59209102000000002 0
0.64499448000000004 0.40760468999999999 0
0.64504311999999997 0.74437039000000005 0
0.64508376000000001 0.97300131999999995 0
0.95078907999999995 0.17122983 0
0.64526329999999998 0.46988967999999998 0
0.64540383999999995 0.054247570000000002 0
0.64543744000000003 0.57714094999999999 0
0.64551435999999995 0.78121602000000001 0
0.64554971000000005 0.22836769000000001 0
0.64556628000000005 0.095155139999999999 0
0.98123154000000001 0.16292618 0
0.64573128000000002 0.64414775999999996 0
0.64573446000000001 0.26282074999999999 0
0.64577976999999998 0.57508429999999999 0
0.98898145999999998 0.81348303 0
0.64583203 0.51758503 0
0.64586863999999999 0.079946119999999996 0
0.64588413 1 0
0.64589461999999997 0.73505878999999996 0
0.64603041999999999 0.65743600000000002 0
0.64604494999999995 0.53310723000000004 0
0.64618052000000004 0.59964101999999997 0
0.64621143999999997 0.81401351 0
0.64621275 0.14781011999999999 0
0.98103373999999999 0.16154444000000001 0
0.64624435000000002 0.096875180000000005 0
0.97899828 0.053925689999999998 0
0.64641364000000001 0.53169595999999997 0
0.64645607999999999 0.49226827000000001 0
0.64647096000000004 0.85259074999999995 0
0.64648300999999997 0 0
0.64648642000000001 0.6243649 0
0.64653837999999997 0.011490159999999999 0
0.64666798999999997 0.86916183000000002 0
0.87751358999999995 0.49632957 0
0.64672781000000001 0.4735393 0
0.64676080000000002 0.49962803 0
0.64680141000000002 0.35347235999999999 0
0.64687402999999999 0.94037965999999995 0
0.64704419000000002 0.65544838999999999 0
0.64706651999999998 0.65984067999999996 0
0.64707917999999998 0.88149734000000002 0
0.64716450999999997 0.44225610999999998 0
0.64720332999999997 0.20309358999999999 0
0.64732975000000004 0.32223806999999999 0
0.64735355000000006 0.59561794999999995 0
0.64741883 0.65826178999999996 0
0.64757872000000005 0.81070759999999997 0
0.64759204999999997 0.88400577000000002 0
0.64773806 0.055621669999999998 0
0.64782178999999995 0.042873420000000002 0
0.64788181 0.20750878 0
0.64790289999999995 0.59564289000000004 0
0.64797419999999994 0.17856958000000001 0
0.64802844999999998 0.49270692999999999 0
0.95080602000000003 0.089577149999999994 0
0.64821998000000003 0.32883916000000002 0
0.98764792000000001 0.10313395 0
0.64838189000000002 0.18395143999999999 0
0.64847675000000005 0.76325356 0
0.64852430000000005 0.061376090000000001 0
0.64859937999999995 0.087558929999999993 0
0.64865532999999997 0.082385559999999997 0
0.64868535000000005 0.95437841999999995 0
0.64873267999999995 0.96808936000000001 0
0.64874580999999998 0.29609053000000002 0
0.64880081000000001 0.18117168 0
0.64888456000000005 0.049682690000000002 0
0.64890904000000005 0.39197110000000002 0
0.86977395999999996 0.52229705000000004 0
0.64908297999999998 0.52524658000000002 0
0.64924022000000003 0.75590285000000002 0
0.86981617 0.63697468000000002 0
0.64940763999999995 0.024441319999999999 0
0.64943163000000004 0.70534701 0
0.64946753000000002 0.33505110999999999 0
0.64950907000000002 0.60556367 0
0.98126128999999995 0.65214713000000002 0
0.64962196999999999 0.25573833000000001 0
0.64977826000000005 0.66657226000000003 0
0.64986661999999995 0.66884602999999998 0
0.64993012999999999 0.87493109999999996 0
0.64994814000000001 0.78212227999999995 0
0.64999558000000002 0.97960128000000002 0
0.64999898 0.89464734999999995 0
0.98726033000000002 0.36621555 0
0.65007568999999998 0.42826714999999999 0
0.65019901000000002 0.77824346 0
0.65026112000000003 0.32877447999999998 0
0.65032992999999994 0.10588134 0
0.65040628 0.022817980000000002 0
0.65045845999999996 0.96296841 0
0.65050947999999997 0.80779478000000005 0
0.95830861000000001 0.51917329999999995 0
0.65058380999999998 0.38244662000000001 0
0.65066789999999997 0.083757849999999995 0
0.65067043000000002 0.74895562999999998 0
0.65071599000000002 0.42016545 0
0.65073636999999995 0.55979579000000002 0
0.95556521999999999 0.65662925000000005 0
0.65086716 0.35719959000000001 0
0.65090141999999995 0.31724355999999998 0
0.65104770999999995 0.69373887999999995 0
0.65107208000000005 0.87343585000000001 0
0.65108178000000005 0.30607120999999998 0
0.65110773 0.39846122 0
0.65112139999999996 0.26580089000000001 0
0.65112543000000001 0.99750961000000005 0
0.65113388999999999 0.0054272499999999998 0
0.65114161000000004 0.36013426999999998 0
0.65117480000000005 0.35431453000000002 0
0.65133019000000003 0.40424914000000001 0
0.95778792000000001 0.61445174000000002 0
0.65138313999999997 0.093382649999999998 0
0.65153265000000005 0.52478795 0
0.65167814999999996 0.41873205000000002 0
0.651698 0.72512279000000002 0
0.65172859999999999 0.87025118000000001 0
0.65173227 0.066280969999999995 0
0.65174480999999995 0.16972346999999999 0
0.65189536000000003 0.49050368999999999 0
0.65192945000000002 0.32446865000000003 0
0.65208869000000003 0.52952343999999996 0
0.65213445000000003 0.29535579000000001 0
0.65214717 0.11177978 0
0.65219579999999999 0.030374749999999999 0
0.65227944000000004 0.30538795000000002 0
0.65228306000000003 0.61591271999999997 0
0.65229693 0.24239078999999999 0
0.65238985000000005 0.90446917999999998 0
0.65241616000000002 1 0
0.65244579000000003 0.17459864 0
0.65248404999999998 0.48548519000000001 0
0.94964249999999995 0.20771427000000001 0
0.95787900000000004 0.81114322000000005 0
0.97347830000000002 0.78270242000000001 0
0.65312767000000005 0.12934353000000001 0
0.65316421000000002 0.86893209999999999 0
0.65329154 0.31579412000000001 0
0.65330098999999997 0.88798723000000002 0
0.65334963000000001 0.07053516 0
0.65335536999999999 0.21931439 0
0.65346841 0.01352448 0
0.65353468000000003 0.047218250000000003 0
0.65355432999999996 0.78308677000000004 0
0.65356639000000005 0.46192496 0
0.65358298000000004 0.84328718999999996 0
0.65358388999999995 0.90525259000000002 0
0.94918416999999999 0.26361269999999998 0
0.65368415999999996 0.52807475000000004 0
0.65370004999999998 0.21971297000000001 0
0.65375496 0.45836995000000003 0
0.65381140999999998 0.042879210000000001 0
0.65387384999999998 0.49982222999999998 0
0.65388097999999995 0.44033820000000001 0
0.65388886999999996 0.28026104000000002 0
0.65389744999999999 0.64864913999999996 0
0.65404711000000004 0.93284807000000003 0
0.65409318999999999 0.80099918999999997 0
0.98916046999999996 0.24552897000000001 0
0.65422272999999997 0.51102484999999997 0
0.65434910000000002 0.95301985 0
0.95141549999999997 0.54094591999999997 0
0.65439221999999997 0.47825619000000003 0
0.65446788 0.31926207000000001 0
0.65448218999999996 0.46878161000000002 0
0.65464096999999999 0.33100098 0
0.65466692000000004 0.95350100999999998 0
0.65471334999999997 0.48808319999999999 0
0.98854023000000002 0.22949263 0
0.65475742999999997 0.35431763999999999 0
0.65485408000000001 0.78686100999999997 0
0.65485656000000003 0.061045990000000001 0
0.98939151999999997 0.45583373999999999 0
0.65500453000000003 0.63309501999999995 0
0.99611537000000006 0.37472928999999999 0
0.65518308000000003 0.99118764999999998 0
0.65522082999999998 0.46849729000000001 0
0.65522409999999998 0.32822950000000001 0
0.65523774000000001 0.81344379 0
0.65538061999999997 0.36490869999999997 0
0.65544071000000004 0.59746270000000001 0
0.65544099 0.26231078000000002 0
0.65544575000000005 0.57244149 0
0.65564383000000004 0.45211979000000002 0
0.97927976000000005 0.0295943 0
0.65574721999999996 0.59610143000000004 0
0.65576319000000005 0.41235639000000002 0
0.65580395999999996 0.95721816999999998 0
0.65585998999999995 0.93623568999999995 0
0.65591783000000004 0.094982490000000003 0
0.65591995000000003 0.82656331000000005 0
0.65608785000000003 0.75132054999999998 0
0.65615003000000005 0.78728321999999995 0
0.65617992999999997 0.8536009 0
0.65622833999999997 0.42690818000000003 0
0.65630513999999995 0.92764948999999997 0
0.65642040999999995 0.51932053 0
0.65642204999999998 0.02814649 0
0.65658488000000004 0.50674094999999997 0
0.65669016999999996 0.74187499000000001 0
0.65671566999999997 0.58836177000000001 0
0.65675457000000004 0.63693237000000003 0
0.65686557000000001 0.17222820999999999 0
0.65694836999999995 0.032117920000000001 0
0.65695431000000004 0.29188628 0
0.65710997999999998 0.052219120000000001 0
0.65711156999999998 0.12719701999999999 0
0.65712530000000002 0.96360950000000001 0
0.65718140000000003 0.65460646 0
0.65722371999999996 0.0075502900000000003 0
0.65731225999999998 0.29053255 0
0.65731841999999996 0.58092290000000002 0
0.65736978999999995 0.45388700999999998 0
0.95696219000000005 0.28365409000000003 0
0.65746099999999996 0.38824117000000002 0
0.65753718999999999 0.06495447 0
0.65759789000000002 0.83156951000000001 0
0.65766422999999996 0.14360797 0
0.65777878000000001 0.10519323 0
1 0.36717820000000001 0
0.65802185999999996 0.74031628000000005 0
0.97853787000000003 0.59601168000000004 0
0.65806947000000005 0.47621033000000002 0
0.65815992000000001 0.82948549999999999 0
0.95084679000000005 0.90134510999999995 0
0.65833162000000001 0.60942107000000001 0
0.65841879999999997 0.28375650000000002 0
0.65843434999999995 0.039929920000000001 0
0.65851309000000002 0.55133894000000006 0
0.65856254999999997 0.44191646000000001 0
0.65861057999999995 0.40011685000000002 0
0.65868170999999998 0.128223 0
0.65869182999999998 1 0
0.65879067000000002 0.46197959 0
0.65879277000000003 0.041794329999999998 0
0.65880209999999995 0 0
0.65899057000000005 0.24503104000000001 0
0.65903718 0.88693339000000004 0
0.65903851999999996 0.11873721 0
0.65905079 0.28559187000000003 0
0.65927765000000005 0.27586860000000002 0
0.96600193000000001 0.99144321000000002 0
0.65931927999999995 0.29919899 0
0.95685889000000002 0.73298355999999998 0
0.65955463999999997 0.26009317999999998 0
0.65959500999999998 0.66199081999999998 0
0.65962586000000001 0.90227889999999999 0
0.65967942000000002 0.47896453999999999 0
0.95665613000000005 0.02746852 0
0.65990081 0.64659823999999999 0
0.96601740999999997 0.82525439 0
0.66002691999999996 0.62206967000000002 0
0.66005954 0.46750926999999998 0
0.66007473999999999 0.44684147000000002 0
0.66009002999999999 0.53790802999999998 0
0.66021025 0.55571731000000002 0
0.66024528999999998 0.31187261999999999 0
0.66026311000000004 0.11315759 0
0.97948698000000001 0.92456804000000004 0
0.97374788999999995 0.69559278999999996 0
0.66055001000000002 0.29377150000000002 0
0.66060717000000002 0.25148508000000003 0
0.66063240999999995 0.62764328999999996 0
0.66064672999999996 0.11612788 0
0.66065689999999999 0.28008351999999997 0
0.66089023999999996 0.77505243000000001 0
0.66100358999999997 0.54282715999999998 0
0.66104350000000001 0.055200770000000003 0
0.95090810000000003 0.32939696000000002 0
0.66118789 0.049142199999999997 0
0.66124479999999997 0.069647269999999997 0
0.66133905000000004 0.12557657 0
0.66143262999999997 0.59183920000000001 0
0.66146850999999995 0.23737908999999999 0
0.66156550999999997 0.31797971000000003 0
0.66164224000000005 0.84365142000000004 0
0.66164478999999998 0.33784492999999999 0
0.66171835000000001 0.60227810999999998 0
0.66172631000000004 0.68688985000000002 0
0.86954507999999997 0.80737000999999997 0
0.66197216999999997 0.050769769999999999 0
0.66197388000000001 0.872475 0
0.66202260999999996 0.28036807000000002 0
0.66209446999999999 0.74499682 0
0.66212828999999995 0.50355514000000001 0
0.66215409000000003 0.55460686000000003 0
0.66226996999999999 0.91212254999999998 0
0.66227192000000001 0.61922305 0
0.86962265999999999 0.11204802 0
0.66230641000000001 0.87977083 0
0.66232283000000003 0.43209262999999998 0
0.66241209999999995 0.83481486999999999 0
0.66244877000000002 0.65759544999999997 0
0.66257606999999996 0.93006637999999997 0
0.66258227000000003 0.66293541 0
0.66263203000000004 0.94908018999999999 0
0.66273285000000004 0.12223957000000001 0
0.66277699999999995 0.68653712 0
0.66280342999999997 0.81684484999999996 0
0.98801410000000001 0.53809910000000005 0
0.66284509999999996 0.64947765999999996 0
0.87056367999999995 0.81729235 0
0.66292755999999997 0.85788039000000005 0
0.66292812000000001 0.30551896000000001 0
0.66307519999999998 0.75197908999999996 0
0.66307671999999995 0.3957871 0
0.98791965000000004 0.29681391000000001 0
0.66308771 0.060840619999999998 0
0.66323160000000003 0.78494185000000005 0
0.66325772999999999 0.74096547000000001 0
0.66334795000000002 0.65052012999999997 0
0.66335385000000002 0.16473731999999999 0
0.66354714999999997 0.60039308999999996 0
0.66357200000000005 0.28343945999999998 0
0.66359334000000003 0.49221282999999999 0
0.66362193000000003 0.95067489000000005 0
0.6636801 0.35188551000000001 0
0.66370132999999998 0.63440123000000004 0
0.66381515999999996 0.83134074999999996 0
0.97184000999999998 0.58296093000000004 0
0.66393811999999996 0.23938266 0
0.66395420000000005 0.49790158000000001 0
0.66398731 0.11389256 0
0.66399956999999998 0.80413769000000002 0
0.98804714999999999 0.33956292999999999 0
0.66423842 0.12538632999999999 0
0.98728506999999999 0.75362446000000005 0
0.97870011000000001 0.39038677999999999 0
0.66451990999999999 0.49088567 0
0.66453311999999998 0.030470919999999999 0
0.66458117999999999 0.026909869999999999 0
0.66465463999999996 0.034105400000000001 0
0.66468340000000004 0.1113685 0
0.66473565999999995 0.99660636000000002 0
0.98727571999999997 0.61114712000000004 0
0.66484206000000001 0.66111509999999996 0
0.66485923000000002 0.23864534000000001 0
0.66489984999999996 0.13084275000000001 0
0.66497318999999999 0.12506740999999999 0
0.66505360000000002 0.64018025000000001 0
0.66505608999999999 0.67942650000000004 0
0.66506407000000001 0.13200582999999999 0
0.66513580000000005 0.37065577999999999 0
0.6652325 0.21000808000000001 0
0.66529930999999998 0.54845255999999998 0
0.98886755999999998 0.60521270000000005 0
0.66555180000000003 0.03664183 0
0.66559188999999996 0.53545792000000003 0
0.66560553 0.95123409000000003 0
0.66567410999999999 0.51490245000000001 0
0.66568183999999997 0.89765678999999998 0
0.66573062999999999 0.22544729999999999 0
0.66574529000000005 0.72710933 0
0.66576796999999999 0.67555074999999998 0
0.66597123000000003 0.51440936999999998 0
0.97240961000000004 0.12693224 0
0.66611781000000003 0.77871193999999999 0
0.66620889000000005 0.65748050999999996 0
0.95596756000000005 0.57257963000000001 0
0.66639035999999996 0.10759502999999999 0
0.66639163999999995 0.88289561999999999 0
0.66642259000000004 0.27074833999999998 0
0.66647820000000002 0.62402522000000005 0
0.66650721000000002 0.49126796 0
0.66650834999999997 0.29643033000000002 0
0.66651380000000005 0.375199 0
0.66652937000000001 0.66690497999999998 0
0.66667050000000005 0.97963633000000006 0
0.66675516999999995 0.17309215999999999 0
0.66691383999999998 0.58883037999999999 0
0.66717652999999999 0.84831418999999997 0
0.66720992000000001 0.17739455000000001 0
0.66721087999999995 0.37434031000000001 0
0.66724634000000005 0.91859047999999999 0
0.66724667000000004 0.99567631999999995 0
0.66725294999999996 0.49487838000000001 0
0.66757529000000004 1 0
0.66766429000000005 0.20106497000000001 0
0.66769387999999996 0.2854738 0
0.98947174000000004 0.12698690000000001 0
0.66774893999999996 0.10576313 0
0.97258332999999997 0.96842185999999997 0
0.66781261000000003 0.94881846000000003 0
0.66784763000000003 0.55827070999999995 0
0.66784803000000004 0.27263116999999998 0
0.66786020999999995 0.061639649999999997 0
0.66791058999999997 0.53002740000000004 0
0.95803039000000001 0.016816910000000001 0
0.66792803999999995 0.026771090000000001 0
0.668049 0.49943046000000002 0
0.66807824999999998 0.40758476999999999 0
0.66810842999999998 0.47350441999999998 0
0.66811697999999997 0.63891061000000005 0
0.66812753999999996 0.54179080000000002 0
0.6681397 0.1679331 0
0.95097047000000001 0.74322463999999999 0
0.66822996000000001 0.12985005999999999 0
0.66827729000000002 0.46824505 0
0.66829852999999995 0.36186877000000001 0
0.66849316000000003 0.91039574000000001 0
0.66853713999999997 0.17330868999999999 0
0.66856835000000003 0.18767596 0
0.66863983000000005 0.58462386 0
0.66870636999999999 0.91872814000000003 0
0.66875152999999998 0.70738641999999996 0
0.66899962999999996 0.39004309999999998 0
0.66901124999999995 0.75028393999999998 0
0.66902830000000002 0.82301040999999997 0
0.66906947999999999 0.084149790000000002 0
0.98809115000000003 0.44039932999999998 0
0.66917369999999998 0.89555759999999995 0
0.66930559999999995 0.84243077 0
0.66936125000000002 0.77195511999999999 0
0.66936691999999998 0.4944385 0
0.66943693999999998 0.42188096000000003 0
0.66947466 0.44572920999999999 0
0.87068612999999995 0.010338 0
0.66963161000000004 0.91151125 0
0.66964354999999998 0.065454590000000007 0
0.66964917000000002 0.059585640000000002 0
0.95127603000000005 0.46434457000000001 0
0.66975879999999999 0.55004173000000001 0
0.66975909 0.29126761000000001 0
0.96501658999999995 0.65975863999999995 0
0.66986230000000002 0.81925554 0
0.66995656999999997 0.31313598999999998 0
0.66998570000000002 0.87773221000000001 0
0.67000671999999994 0.10900379 0
0.67001305 0.94637042999999998 0
0.67014295000000002 0.067950819999999995 0
0.6701802 0.032584920000000003 0
0.67018778000000001 0.95725901999999996 0
0.67024320000000004 0.25483354000000003 0
0.95138619000000002 0.73943932999999995 0
0.67066519000000002 0.34512317999999997 0
0.67073583000000003 0.089005520000000005 0
0.67080669000000004 0.17020589 0
0.67088391999999997 0.89588111999999998 0
0.67106966000000001 0.51989202999999995 0
0.67129156000000001 0.26722099999999999 0
0.67137062000000003 0.40229609999999999 0
0.67145569999999999 0.36768888 0
0.67160407 0.90398723999999997 0
0.67188835000000002 0.20431928999999999 0
0.67197503000000003 0.22150639 0
0.67198771999999996 0.71694502000000004 0
0.67202150000000005 0.76115953000000003 0
0.67203645000000001 0.25209513 0
0.67218250000000002 0.67040774999999997 0
0.67221684000000004 0.37343676999999997 0
0.67224404000000004 0.23498321999999999 0
0.67248975 0.0099320599999999995 0
0.67256473000000006 0.57456814 0
0.97886974000000004 0.59563659999999996 0
0.67262356000000001 0.55508416999999999 0
0.67268775000000003 0.61082636000000001 0
0.67272326999999998 0.20532384000000001 0
0.67276986000000005 0.12450596999999999 0
0.67284259999999996 0.48010767999999998 0
0.67289297999999997 0.036397319999999997 0
0.67298535000000004 0.45455128 0
0.67299916999999998 0.58458304000000005 0
0.67301856999999998 0.036297290000000003 0
0.67306138000000004 0.13996982999999999 0
0.67315528000000002 0.28488877000000001 0
0.67323546000000001 0.74281638999999999 0
0.67326549000000002 0.08035283 0
0.67339559999999998 0.78312490000000001 0
0.67340860000000002 0.085642250000000003 0
0.98792716000000003 0.40065942999999998 0
0.67371256999999996 0.080200779999999999 0
0.67375448000000004 0.24598223999999999 0
0.67378872000000001 0.057784059999999998 0
0.67391899 0.020162019999999999 0
0.67395541999999997 0.13251995 0
0.67402368999999995 0.73950978000000001 0
0.67402485999999995 0.49070425000000001 0
0.67404076000000002 0.35358873000000002 0
0.67412505 0.67139464999999998 0
0.67413902999999997 0.98241645 0
0.67419123999999997 0.46231801 0
0.67426134999999998 0.89237535999999995 0
0.67432970999999997 0.79745969000000005 0
0.67451357000000001 0.74358665000000002 0
0.97935293000000001 0.087971569999999999 0
0.95696745999999999 0.73827631999999999 0
0.67464944000000004 0.5528805 0
0.67470447 0.63821114999999995 0
0.67473022000000005 0.91096986999999996 0
0.67476259000000005 0.84241213999999998 0
0.67478923000000002 0.53634064999999997 0
0.67479016000000003 0.93368459999999998 0
0.67482838999999994 0.21949921 0
0.67489157 0.61143641999999998 0
0.67499301 0.83719783000000003 0
0.67500762999999997 0.15096219 0
0.67507949 0.47407579999999999 0
0.67516396000000001 0.49886108000000001 0
0.67521262000000004 0.98038020000000003 0
0.67525004 0.11889368 0
0.67539457000000003 0.11290507 0
0.67545865999999999 0.27840664999999998 0
0.67550120000000002 0.81959218 0
0.67563770999999995 0.91351698999999997 0
0.67580072999999996 0.48765972000000002 0
0.67587396 0.67194286999999997 0
0.67590117000000005 0.68359983999999996 0
0.67591659999999998 0.15705403000000001 0
0.67592682999999998 0.42753623000000002 0
0.67594796999999995 0.30360836000000002 0
0.67604938000000003 0.32781766000000001 0
0.67609894000000004 0.82007666000000001 0
0.67612720999999998 0.18248062000000001 0
0.95879623999999997 0.64850147999999996 0
0.67636923999999998 0.26588315000000001 0
0.67643796 0.59250464999999997 0
0.67650785000000002 0.21599523000000001 0
0.67653518999999995 0.68047007999999998 0
0.67660445000000002 0.14752850000000001 0
0.67663315999999996 0.40584725999999999 0
0.67666576000000001 0.79865659 0
0.67666811000000004 0.76769045999999996 0
0.95694782 0.40630956000000001 0
0.67693108999999996 0.16681784 0
0.67695773999999997 0.54193119000000001 0
0.67697633999999995 0.86573842000000001 0
0.67699719000000003 0.45669936 0
0.67709211000000002 0.41825827999999998 0
0.67719845999999995 0.55690614000000005 0
0.67721005000000001 0.91710616 0
0.98862088999999997 0.80987204999999995 0
0.67725911999999999 0.10021425 0
0.67726958000000004 0.63781146 0
0.67730584000000005 0.33819507999999998 0
0.67737787999999999 0.41248117000000001 0
0.67751351999999998 0.77562830000000005 0
0.67780611999999996 0.32220973000000003 0
0.67784787000000002 0.64194055999999999 0
0.67811562999999997 0.19608967999999999 0
0.67812726999999995 0.89518785999999995 0
0.67813785999999998 0.093631980000000004 0
0.67822468000000002 0.24038797000000001 0
0.67824812999999995 0.81060288000000003 0
0.95100715999999996 0.68709056999999996 0
0.6784036 0.93910417999999996 0
0.98738864999999998 0.70465259000000002 0
0.67871630999999999 0.60157095000000005 0
0.67879666000000005 0.35717117999999998 0
0.67880841999999997 0.29003772999999999 0
0.67892556000000004 0.93279407000000003 0
0.67892788999999998 0.37321186000000001 0
0.95874210999999998 0.77322619000000004 0
0.67897198000000003 0.68436991999999996 0
0.67902077000000005 0.51422316999999995 0
0.67903959000000003 0.49590803999999999 0
0.98866151999999996 0.62621433999999998 0
0.67909021000000003 0.46645511000000001 0
0.97935543000000003 0.22252748999999999 0
0.67911102999999995 0.44837115999999999 0
0.96509263999999995 0.85768153000000003 0
0.67920667999999995 0.80835553000000004 0
0.67927612999999998 0.95287182000000004 0
0.67927614999999997 0.77048901999999997 0
0.95097688000000002 0.027094770000000001 0
0.67938306999999998 0.90172262000000003 0
0.67942029999999998 0.88403856000000003 0
0.67957548000000001 0.34343560000000001 0
0.67970434000000002 0.95019107000000003 0
0.67973220000000001 0.47483837000000001 0
0.67979160999999999 0.21982146 0
0.67979595999999998 0.18235429 0
0.67987271999999999 0.21601820999999999 0
0.94984513000000004 0.67688895999999998 0
0.67990649000000003 0.37299809 0
0.95811009000000003 0.88334201000000001 0
0.68000651999999995 0.071076619999999993 0
0.68004016 0.22604817999999999 0
0.68021935 0.79822534999999994 0
0.68032464999999998 0.59088573 0
1 0.87518039999999997 0
0.68046706000000001 0.11699163 0
0.68062475 0.52602684 0
0.68069935999999998 0.15164546000000001 0
0.68076502999999999 0.076618870000000006 0
0.68078828000000002 0.0054453100000000001 0
0.68082935 0.34486979000000001 0
0.68083450999999995 0.69967215999999999 0
0.68086446 0.29425462000000002 0
0.68094924999999995 0.084911680000000003 0
0.68098524000000005 0.91795424000000003 0
0.68105382999999997 0.72046677999999997 0
0.68111184000000002 0.91365189999999996 0
0.68117978999999995 0.43195050000000001 0
0.68121058000000001 0.33044158000000001 0
0.98091315999999995 0.067230709999999999 0
0.68137939000000003 0.4239868 0
0.68138469000000002 0.47518271000000001 0
0.68140429999999996 0.74727016000000002 0
0.68140624000000005 0.21143107999999999 0
0.68146695999999995 0.27904512999999997 0
0.68148924 0.78816989000000004 0
0.68154601999999997 0.027458659999999999 0
0.68162814999999999 0.91066857000000001 0
0.68166979000000005 0.53040419999999999 0
0.68170132999999999 0.70729425999999995 0
0.68175870999999999 0.31070361000000002 0
0.68176842999999998 0.34542156000000002 0
0.68181479 0.86036504000000003 0
0.68190439000000003 0.61534418000000002 0
0.68194460000000001 0.75800882000000003 0
0.68198736999999998 0.57684725000000003 0
0.68207452999999996 0.48572115999999999 0
0.68215179999999997 0.52351543 0
0.68215890999999995 0.90533017000000005 0
0.68220464000000003 0.94696259000000005 0
0.68227382999999997 0.32943001 0
0.97864561000000005 0.48466217 0
0.68241726999999996 0.67092222999999995 0
0.95813974000000002 0.94581371000000003 0
0.68244866999999998 0.27931509999999998 0
0.98751580000000005 0.19764476 0
0.68270558999999997 0.65653896 0
0.68277292999999994 0.50213468999999999 0
0.68280677999999995 0.22524326 0
0.68284752999999998 0.68775699000000001 0
0.68284765999999997 0.72687385999999998 0
0.68293369999999998 0.81273817999999998 0
0.68296709 0.02061996 0
0.68302273000000002 0.80246572000000005 0
0.68302275999999995 0.67213122000000003 0
0.68303250000000004 0.94473465000000001 0
0.68305433999999998 0.61618647999999998 0
0.6831431 0.80174752000000005 0
0.68314673000000004 0.28779549999999998 0
0.68315300000000001 0.96202502000000001 0
0.68315621999999998 0.95430057000000001 0
0.68323643000000001 0.17226200999999999 0
0.68327952000000003 0.57796157000000004 0
0.68335239000000003 0.35110967999999998 0
0.68336469 0.7192172 0
0.94937066999999997 0.031974620000000002 0
0.98736984000000005 0.47762216000000002 0
0.68364060999999998 0.64014177000000005 0
0.68377494999999999 0.83958186999999995 0
0.68380145000000003 0.95328451999999997 0
0.68396261000000003 0.21009833 0
0.68397432999999996 0.31695443000000001 0
0.68401906999999995 0.53608160000000005 0
0.68405146999999999 0.96580876000000004 0
0.68415391000000003 0.36588860000000001 0
0.68420758000000004 0.036095629999999997 0
0.68436571999999996 0.24325258 0
0.68452506999999996 0.71253937000000001 0
0.68452701000000005 0.27254381999999999 0
0.68455129999999997 0.58730665999999998 0
0.98940680000000003 0.50368352000000005 0
0.94985933 0.37101214999999999 0
0.68469709000000001 0.69691354999999999 0
0.68502163999999999 0.54376521 0
0.68507200000000001 0.94843823000000005 0
0.68536313999999998 0.83181326 0
0.68541598999999997 0.56246446000000005 0
0.68549055999999997 0.49922048000000002 0
0.94975030999999999 0.073197890000000002 0
0.68565065999999997 0.63890599999999997 0
0.68570238999999999 0.34959829999999997 0
0.98878944000000002 0.68975056999999995 0
0.95732342000000004 0.055661950000000002 0
0.68600125000000001 0.46432319 0
0.68602258999999999 0.48367019 0
0.68602372 0.41550841999999999 0
0.68608837 0.1413035 0
0.68614142 0.69043642999999999 0
0.68620312999999999 0.25135101999999998 0
0.68625259000000005 0.78004185999999998 0
0.68627523000000001 0.54569829000000003 0
0.68635088 0.89060496 0
0.68636109000000001 0.18609403999999999 0
0.68643125999999999 0.32085346999999997 0
0.68644119000000003 0.10769604000000001 0
0.68646368999999996 0.91044338999999996 0
0.68661987999999996 0.71931623 0
0.68669325000000003 0.22797903 0
0.68677343000000002 0.29098119 0
0.68695744000000003 0.80352170000000001 0
0.98889799 0.76652070000000005 0
0.68712390000000001 0.88285029999999998 0
0.68713875000000002 0.46347434999999998 0
0.98035335000000001 0.93542046999999995 0
0.68726458999999995 0.33314375000000002 0
0.68729348999999995 0.97832059999999998 0
0.68734704999999996 0.99571684000000005 0
0.68739950999999999 0 0
0.68743480000000001 0.80677562999999997 0
0.68749998000000001 0.15621252999999999 0
0.68766695 0.079666500000000001 0
0.68766948999999999 0.8870787 0
0.68773081999999996 0.74826342999999995 0
0.98052695000000001 0.024717079999999999 0
0.68779109000000005 0.71076715000000001 0
0.68783017999999996 0.83227996999999998 0
0.68785302999999998 0.62363307999999995 0
0.68787303 0.77627124000000003 0
0.98792148999999996 0.14076664999999999 0
0.68802680999999999 0.28519736000000001 0
0.68807761000000001 0.062137240000000003 0
0.68819744999999999 0.44054402999999998 0
0.68822477000000004 0.51346565 0
0.68829242000000002 0.40683338000000002 0
0.68833325999999995 0.11158179999999999 0
0.68841739000000002 0.78803738000000001 0
0.95822017000000004 0.83621723999999997 0
0.98880533000000004 0.37619143999999999 0
0.68854941000000003 0.53604350999999995 0
0.68861095999999999 0.39649568000000002 0
0.68863149999999995 0.46858239000000002 0
0.68865536000000005 0.96686386000000002 0
0.95143036000000003 0.30907096000000001 0
0.68878974000000004 0.02237188 0
0.68895260999999997 0.035774809999999997 0
0.68895667999999999 0.041426919999999999 0
0.95093326 0.70072062999999996 0
0.68898219999999999 0.98135813999999999 0
0.68902169999999996 0.69081532999999995 0
0.99695619999999996 0.65510393 0
0.68932040999999999 0.93926966000000001 0
0.95702158999999998 0.049666620000000002 0
0.68958337000000003 0.34700228 0
0.68958923000000005 0.56381389000000004 0
0.68972211999999999 0.90282459999999998 0
0.68976156 0.56680123000000004 0
0.68976758000000005 0.089029639999999993 0
0.68983545000000002 0.074378799999999995 0
0.68989781999999999 0.29484945000000001 0
0.69000516999999995 0.72548869000000005 0
0.69006555000000003 0.95498981999999999 0
0.69015029000000006 0.31477623999999998 0
0.97258018999999996 0.54454362000000001 0
0.69021781999999998 0.60465289 0
0.69026670000000001 0.18905373 0
0.69031673999999998 0.22414477999999999 0
0.69035488 0.50767419999999996 0
0.69038723000000002 0.076367160000000003 0
0.69041766000000004 0.62924782000000001 0
0.69044108999999998 0.18063236999999999 0
0.69062033 0.92680377000000003 0
0.69069431999999997 0.63316178000000001 0
0.69074844999999996 0.25334581 0
0.69082173000000002 0.94229737000000002 0
0.69089811999999995 0.47183122999999999 0
0.87587563999999996 0.87433055999999998 0
0.69100483999999995 0.45253415000000002 0
0.98952861999999997 0.066978640000000006 0
0.69109511000000001 0.38937136999999999 0
0.69112748999999996 0.068774039999999995 0
0.69113871999999998 0.12373134 0
0.69125066999999996 0.56966890999999997 0
0.69125621999999998 0.65059080000000002 0
0.69137621000000005 0.10143998 0
0.69145330999999999 0.68393815999999996 0
0.69155467000000004 0.42899991999999998 0
0.99026336999999998 0.80450093 0
0.69158969999999997 0.49346468999999998 0
0.69188793000000004 0.19509576000000001 0
0.69198892999999995 0.81732948000000005 0
0.69207763 0.85769055000000005 0
0.69218197999999997 0.39072926000000002 0
0.69244857000000004 0.84189837000000001 0
0.69252290000000005 0.35212145 0
0.98807708999999999 0.91108712999999997 0
0.69266585000000003 0.95157638 0
0.69274168000000003 0.49166366 0
0.69274743000000005 0.029030230000000001 0
0.69278362999999998 0.0022653899999999999 0
0.69281451999999999 0.33973406 0
0.69288203000000004 0.99403905000000004 0
0.69294343999999997 0.54666755 0
0.69313630999999998 0.81466618000000002 0
0.99018207000000003 0.20811405999999999 0
0.69328579000000001 0.85279830999999995 0
0.6933338 0.61626488000000001 0
0.95850502000000004 0.72508792 0
0.95886678000000003 0.022433000000000002 0
0.69341602000000002 0.24377064000000001 0
0.95192416000000002 0.37974334999999998 0
0.69366163999999997 1 0
0.69369294999999997 0.37088483 0
0.69385330000000001 0.054617730000000003 0
0.69400072000000002 0.095038520000000001 0
0.69400278000000004 0.88905431999999995 0
0.69401060000000003 0.77126296999999999 0
0.98987243000000003 0.17673966999999999 0
0.99627418999999995 0.086586529999999995 0
0.69433606000000003 0.36757318999999999 0
0.69439320000000004 0.95799659999999998 0
0.69446143999999999 0.24928750999999999 0
0.69462429999999997 0.32592738999999998 0
0.69470445000000003 0.87507314000000003 0
0.97185264000000005 0.40280525 0
0.69479966000000004 0.52099063999999995 0
0.69485103999999998 0.58778065000000002 0
0.69490397999999998 0.18312371 0
0.69493152999999996 0.38542151000000002 0
0.69503904999999999 0.81837903000000001 0
0.69509248000000001 0.94290523999999998 0
0.69517023 0.41988853999999998 0
0.69522912999999997 0.97003992999999999 0
0.69532302000000001 0.10080053 0
0.95199277999999998 0.68252268000000005 0
0.69541693000000004 0.52310332000000004 0
0.69547579000000004 0.29517452999999999 0
0.69555767999999996 0.25237588 0
0.69556255 0.29598366999999998 0
0.69563138000000002 0.47368369999999999 0
0.69563304000000004 0.038144610000000002 0
0.69564340999999996 0.19074720000000001 0
0.69572184999999998 0.96684895000000004 0
0.98225700000000005 0.23434490999999999 0
0.69602874000000003 0.33513415000000002 0
0.69606060000000003 0.73326259999999999 0
0.69630013000000002 0.10696791999999999 0
0.69632886999999999 0.72654543999999999 0
0.95914356000000001 0.78151413999999997 0
0.69645422999999995 0.49101296999999999 0
0.95205737999999995 0.80954727000000004 0
0.69652846999999996 0.23401605 0
0.69655427999999997 0.20026527999999999 0
0.97401727999999999 0.42683885999999999 0
0.69663757000000004 0.33611980000000002 0
0.69689573000000005 0.66535712000000002 0
0.69691733 0.42446271000000002 0
0.95146578999999998 0.62201485999999995 0
0.94986716000000004 0.98269006000000003 0
0.69709401000000004 0.86744825999999997 0
0.69723670999999998 0.065106860000000003 0
0.99601624 0.25136958999999998 0
0.69734209999999996 0.90819077000000004 0
0.69744002999999999 0.22674627999999999 0
0.69765770000000005 0.21594678 0
0.69770109999999996 0.64582713000000003 0
0.69776444999999998 0.89850151 0
0.69778317000000001 0.21125511 0
0.69791040999999998 0.82376632999999999 0
0.69791186999999999 0.43682669000000002 0
0.69791645000000002 0.077642749999999996 0
0.69803223999999997 0.45938899 0
0.69804922000000003 0.97595392999999997 0
0.69806259000000004 0.14318955999999999 0
0.98962728 0.69530544000000005 0
0.69818676999999996 0.69970505000000005 0
0.69835952000000001 0.96520386000000002 0
0.69836704000000005 0.68171996000000001 0
0.69844236000000004 0.083487220000000001 0
0.69858094000000004 0.46306436000000001 0
0.69864691000000001 0.75813892999999999 0
0.69867051000000002 0.81194040000000001 0
0.69868474000000003 0.65923619 0
0.69874592999999996 0.58434291000000005 0
0.6988048 0.63361371 0
0.69882529999999998 0.65209534999999996 0
0.69885288999999995 0.35845917999999999 0
0.69904847000000003 0.32783643000000001 0
0.87071732999999996 0.23309793000000001 0
0.69907772999999995 0.71211670000000005 0
0.69911533999999997 0.74005467999999996 0
0.69914248000000001 0.052732510000000003 0
0.95738177000000002 0.42967777000000001 0
0.96502109000000003 0.58095525999999997 0
0.69929987000000005 0.28888826000000001 0
0.69945314000000003 0.51043676000000004 0
0.69956644000000001 0.97062181999999997 0
0.95883162 0.14390360999999999 0
0.69966381 0.50002853999999997 0
0.69976691000000002 0.25555056999999998 0
0.69979579000000003 0.74486516999999997 0
0.69979840999999998 0.37990130999999999 0
0.69986899999999996 0.21121933000000001 0
0.69988954000000003 0.80643838000000001 0
0.99015211999999997 1 0
0.70004189999999999 0.2550539 0
0.70005273000000001 0.23733212000000001 0
0.70006984999999999 0.35955843999999998 0
0.70007496000000002 0.39943691999999997 0
0.70012134000000004 0.93483676999999998 0
0.70013378999999998 0.01045717 0
0.70014973999999996 0.44056699999999999 0
0.70026535999999995 0.06900908 0
0.70028018999999997 0.65427893999999998 0
0.70032331999999997 0.53155268 0
0.70038811999999995 0.41978607000000001 0
0.70053757000000005 0.82866611999999995 0
0.70062314999999997 0.032302190000000001 0
0.70063277000000002 0.28092180999999999 0
0.70068783999999995 0.51847997999999995 0
0.98969297000000001 0.66440098999999997 0
0.70078355000000003 0.80613087000000005 0
0.70081179999999998 0.79576214000000001 0
0.70084265000000001 0.73733687999999997 0
0.70084705000000003 0.10695511000000001 0
0.70085419999999998 0.91993479 0
0.95150678 0.62898524 0
0.70097195999999995 0.32992008 0
0.70098181000000004 0.19714010000000001 0
0.70099051000000001 0.71250725000000004 0
0.70104721999999997 0.89254652999999995 0
0.70105709000000005 0.83116842000000002 0
0.70105775000000004 0.56775410000000004 0
0.95895803999999996 0.16944670000000001 0
0.70134646 0.67208968999999996 0
0.70135349999999996 0.16931308 0
0.70149539000000005 0.90077565999999998 0
0.70153319999999997 0.92128146 0
0.70158790000000004 0.40661213000000002 0
0.70164132000000001 0.12960034000000001 0
0.70165562000000004 0.26595791000000002 0
0.70170962999999997 0.089522669999999999 0
0.70195207999999998 0.53710561999999995 0
0.95205594000000004 0.67004980999999997 0
0.98140483000000001 0.53652365999999996 0
0.70210642999999995 0.50778440999999996 0
0.95033506999999995 0.74674682999999997 0
0.7022486 0.98722164999999995 0
0.70227346999999996 0.65385280999999995 0
0.70234430000000003 0.31995701999999998 0
0.95146591999999997 0.40709085 0
0.70236894000000005 0.82595328000000001 0
0.70239121999999998 0.32068679 0
0.70245694999999997 0.056837070000000003 0
0.70249194999999998 0.32707641999999998 0
0.98977305999999998 0.48741488999999999 0
0.70267785000000005 0.49875119000000001 0
0.70273545999999998 0.143923 0
0.70274265999999996 0.15399707000000001 0
0.70275125000000005 0.02130626 0
0.70286968999999999 0.47207019 0
0.70288192999999999 0.82710147999999994 0
0.95039958000000002 0.94629901999999999 0
0.70303625000000003 0.97009283000000002 0
0.70303831999999999 0.24124225999999999 0
0.70311661000000003 0.74954661 0
0.70312151000000001 0.77729470000000001 0
0.70317457000000005 0.53298243999999995 0
0.70334582999999995 0.11976574 0
0.70339858 0.62129506000000001 0
0.70342934999999995 0.19974638 0
0.70357661999999999 0.72158133000000002 0
0.70358549999999997 0.94296437 0
0.70366048000000003 0.49255163000000002 0
0.70366050999999996 0.62538970000000005 0
0.70368052000000003 0.25418328000000001 0
0.70384886000000002 0.34260228999999998 0
0.70391086000000003 0.94850513999999997 0
0.97983359999999997 0.24398717 0
0.70394281000000003 0.57267718000000001 0
0.70398061000000001 0.35004391000000001 0
0.95039552999999999 0.20376037 0
0.70421513999999996 0.79256165000000001 0
0.95711639999999998 0.41808809000000002 0
0.70432196999999996 0.82730751999999996 0
0.98810500999999995 0.53667381000000003 0
0.70434841999999998 0.69130634999999996 0
0.70437497999999998 0.33780982999999998 0
0.70440866000000002 0.37833257999999997 0
0.70443131999999997 0.70282993000000005 0
0.70445804000000001 0.94902931999999995 0
0.70449225999999998 0.91010760000000002 0
0.98023563000000002 0.40717977999999999 0
0.70475412999999998 0.47699037999999999 0
0.70482438999999997 0.46975167000000001 0
0.70485896000000003 0.14572583 0
0.70493262999999995 0.095147620000000002 0
1 0.86067468000000003 0
0.70517443999999996 0.74531906999999997 0
0.70517942 0.69440084000000002 0
0.70519493 0.068254739999999994 0
0.70526754000000003 0.71739814000000002 0
0.70527081000000003 0.6667381 0
0.97970389000000002 0.61118651000000002 0
0.70550383000000005 0.44255372999999998 0
0.70554813999999999 0.86351663999999995 0
0.98222814000000003 0.92686641999999997 0
0.70564088999999997 0.83279738999999997 0
0.70566242999999995 0.28144959000000003 0
0.70569685000000004 0.01397118 0
0.70574857999999996 0.86740287999999999 0
0.70575553999999996 0.97598331000000005 0
0.70579795999999995 0.86262170999999999 0
0.70586682000000001 0.86859673999999998 0
0.70588717000000001 0.56740992000000001 0
0.70590315999999997 0.51451875999999996 0
0.70592520000000003 0.43902588999999997 0
0.70611204999999999 0.45799706000000001 0
0.70627689000000005 0.14381360000000001 0
0.70630528999999997 0.91728761999999997 0
0.70631814000000004 0.33722244000000001 0
0.70635842000000004 0.23915152000000001 0
0.70639308999999995 0.43311876999999999 0
0.70641573999999996 0.20757026000000001 0
0.70647311999999995 0.75694868999999998 0
0.70657879999999995 0.02152863 0
0.70660920000000005 0.89149 0
0.70674210000000004 0.53982149999999995 0
0.70680668999999996 0.12486564999999999 0
0.70712733999999999 0.65423399999999998 0
0.70730749000000004 0.43625091999999999 0
0.70731463000000006 0.70092882999999995 0
0.70731754000000002 0.94062226999999998 0
0.98824363999999998 0.38337116999999998 0
0.70744260000000003 0.10580504 0
0.70750884999999997 0.16062694 0
0.70768047000000001 0.11362802 0
0.70770151999999997 0.70925824000000004 0
0.70773063999999997 0.086511249999999998 0
0.70773518000000002 0.86804572999999996 0
0.98212268000000003 0.59942361 0
0.70782511999999997 0.53204326000000002 0
0.70791725000000005 0.46431117999999999 0
0.70806636999999994 0.73458641999999996 0
0.70810585999999998 0.51950291000000004 0
0.70815561000000005 0.10691296 0
0.70816791999999995 0.47687015999999999 0
0.70824350999999997 0.14390064 0
0.70851589999999998 0.44115197 0
0.96606146999999998 0.11966316 0
0.70861653999999996 0.36350028000000001 0
0.70863593999999996 0.68434561000000005 0
0.70878465000000002 0.1211161 0
0.70880288000000002 0.18357546999999999 0
0.70882042000000001 0.38236502 0
0.70885098000000002 0.092549279999999998 0
0.70893492000000002 0.55030272000000002 0
0.70917523999999998 0.94987681000000002 0
0.70920643000000005 0.51695131999999999 0
0.70922474000000002 0.60481574000000005 0
0.70924580000000004 0.83866397000000004 0
0.70933246000000005 0.53220009000000001 0
0.86951725000000002 0.84948701000000004 0
0.70953189999999999 0.19276099999999999 0
0.70954947000000002 0.28391216000000002 0
0.70985019000000005 0.57289701999999998 0
0.70992392000000004 0.14670585 0
0.70995125000000003 0.0055367000000000003 0
0.71002008000000005 0.85183595000000001 0
0.71005364000000004 0.30228156 0
0.71010614999999999 0.94790123000000004 0
0.71011992000000002 0.86926981000000003 0
0.71020216999999997 0.8078438 0
0.97985628999999996 0.92716169999999998 0
0.71020863000000001 0.91761543000000001 0
0.71027994000000005 0.35552098999999998 0
0.71036160000000004 0.96470328999999999 0
0.95034269000000005 0.14388221000000001 0
0.71036529000000004 0.22081940999999999 0
0.98812206999999996 0.42322555000000001 0
0.71040168000000004 0.87320898000000002 0
0.96494091999999998 0.24299171999999999 0
0.71070535999999995 0.31369188999999997 0
0.71072097999999995 0.33105366000000003 0
0.71073997 0.81542784000000001 0
0.71080566999999995 0.88332931999999997 0
0.71080684999999999 0.33616811000000002 0
0.71085304000000005 0.97120675999999995 0
0.71089519999999995 0.086011740000000003 0
0.71093147000000001 0.97456874000000004 0
0.71105271000000003 0.59355477999999995 0
0.71122394 0.024776989999999999 0
0.98052176000000002 0.13724061000000001 0
0.71126951000000005 0.78555353000000006 0
0.71131060999999995 0.0085667599999999997 0
0.71136476999999998 0.56279007999999997 0
0.71141312000000001 0.81308225000000001 0
0.71144543000000005 0.23292847 0
0.71144816 0.88205023999999999 0
0.71144901999999999 0.96199005999999998 0
0.71148405999999997 0.85121502999999998 0
0.71151854000000003 0.45570043999999998 0
0.95007803999999996 0.50644844 0
0.71174592999999997 0.54624779000000001 0
0.71177035 0.63951747999999997 0
0.95165379000000005 0.45324578999999998 0
0.71199592 0.39774812999999998 0
0.71200785 0.25822814999999999 0
0.98815816000000001 0.088936080000000001 0
0.71220393999999998 0.82687257999999997 0
0.71229138999999997 0.36134822999999999 0
0.71232234000000005 0.064162899999999995 0
0.71233089999999999 0.46486073999999999 0
0.98167848000000002 0.47320994999999999 0
0.71245378000000004 0.72455099000000001 0
0.71247488999999997 0.93259751999999996 0
0.71250606000000005 0.64315838000000003 0
0.71252064999999998 0.67543381999999996 0
0.71253736000000001 0.045604739999999998 0
0.71260217999999997 0.49540032000000001 0
0.99015659 0.70292463000000005 0
0.71265953000000004 0.91676287999999995 0
0.71266715000000003 0.21232143000000001 0
0.71277710000000005 0.81036746999999998 0
0.71282252999999995 0.53782430999999997 0
0.71290189000000004 0.59483922 0
0.71296011999999997 0.43444711000000003 0
0.71306702 0.29052493000000001 0
0.95926197000000002 0.55489093 0
0.98989978999999995 0.27101829999999999 0
0.71322227999999999 0.027846940000000001 0
0.71326286000000005 0.47950038 0
0.71327925000000003 0.60541778999999996 0
0.71332667999999999 0.77888561999999995 0
0.71342050000000001 0.56750009000000001 0
0.7134277 0.62960868999999997 0
0.71347674000000005 0.87790997999999998 0
0.71350868999999995 0.058455720000000003 0
0.71350970999999996 0.62480146999999997 0
0.71356284000000003 0.14296015000000001 0
0.71358904999999995 0.33035968999999998 0
0.71380670999999996 0.76821130999999998 0
0.71381192999999998 0.30755348999999998 0
0.71384289999999995 0.56930027000000005 0
0.98054739999999996 0.76066895999999995 0
0.71395677000000002 0.096833760000000005 0
0.71401570999999997 0.46571079999999998 0
0.71404277000000005 0.72180155000000001 0
0.71413254999999998 0.016087819999999999 0
0.71418190000000004 0.27087751999999998 0
1 0.96680619999999995 0
0.71443053999999995 0.30354677000000002 0
0.71450292999999998 0.41524508999999998 0
0.71452495999999999 0.78994880999999995 0
0.71453818999999996 0.31020941000000002 0
0.71465814999999999 0 0
0.95966331000000005 0.12757911999999999 0
0.71484674999999998 0.74108386000000004 0
0.71490034999999996 0.89175367999999999 0
0.87075535000000004 0.86343753999999995 0
0.71492670999999997 0.90067112999999999 0
0.71493039000000003 0.78259453999999995 0
0.71499632999999996 0.57213926000000004 0
0.71500315000000003 0.94474676999999996 0
0.71500662999999998 0.87671716 0
0.71503828999999997 0.82306146999999996 0
0.71521559000000001 0.45951603000000002 0
0.71523554 0.65266246999999999 0
0.71526493999999996 0.72894855999999997 0
0.71526668999999998 0.65410840999999997 0
0.71556231000000003 0.82986437999999996 0
0.71564850000000002 0.37410948999999999 0
0.71570403999999999 0.12848377 0
0.71573151999999995 0.74894393000000004 0
0.71577411999999996 0.70596866000000003 0
0.71578010000000003 0.52487623000000005 0
0.71586369000000005 0.34499385999999999 0
0.71596660000000001 0.2209856 0
0.98156927000000005 0.23744751 0
0.71613943000000002 0.99574759999999995 0
0.71615245999999999 0.77020387999999995 0
0.71621913999999998 0.14067816 0
0.71631818999999997 0.17108799 0
0.71635917000000005 0.93423568000000001 0
0.71647461999999995 0.00151979 0
0.71648553999999998 0.42140534000000002 0
0.71649910000000006 0.57929129999999995 0
0.71656222999999997 0.44797267000000002 0
0.71675142999999997 0 0
0.71683662000000004 0.24217130000000001 0
0.71689906000000003 0.41323742000000002 0
0.71693125000000002 0.25137134999999999 0
0.71696009999999999 0.054264809999999997 0
0.71697476999999998 0.45410875000000001 0
0.71700536000000004 0.38339213999999999 0
0.71701318000000003 0.98302044 0
0.97982853999999997 0.65488075000000001 0
0.71708353000000002 0.087687929999999997 0
0.71713574000000002 0.46814054999999999 0
0.71718947 0.35061682999999999 0
0.71721234 0.10980653999999999 0
0.71723205999999995 0.47426446999999999 0
0.71724933999999996 0.40818160999999997 0
0.71726266999999999 0.86475776000000004 0
0.71735733999999995 0.85787422999999996 0
0.71739427 0.71646043999999998 0
0.71750625000000001 0.18801071999999999 0
0.71757740000000003 0.31506497 0
0.71768454999999998 0.081800049999999999 0
0.71769198999999995 0.22497449999999999 0
0.98812959 0.50228172000000004 0
0.71775202000000005 0.86407135000000002 0
0.71785202000000004 0.40814621000000001 0
0.71791015000000002 0.12290345 0
0.71796828000000001 0.21805335000000001 0
0.95923734999999999 0.68994991000000006 0
0.71813506000000005 0.45539988999999997 0
0.95998724000000002 0.95966812000000001 0
0.71820879999999998 0.99830260000000004 0
0.71821928999999995 0.92555600999999998 0
0.71827322999999998 0.86239569999999999 0
0.71831193999999998 0.99185962999999999 0
0.71833142999999999 0.74777389999999999 0
0.71834803000000003 0.62050671999999996 0
0.71836188999999995 0.079348539999999995 0
0.95887686000000005 0.53198139 0
0.71841805999999997 0.1519382 0
0.71843285000000001 0.95550047000000005 0
0.71844083999999997 0.98178805000000002 0
0.71852506000000005 0.25149210999999999 0
0.71862647999999996 0.45665823 0
0.71878823000000003 0.50485033999999995 0
0.71881229999999996 0.18559834 0
0.71901943000000001 0.74302109999999999 0
0.71911124000000004 0.62538941000000003 0
0.71911897000000002 0.038609589999999999 0
0.71916972000000001 0.89072572000000005 0
0.97992372000000005 0.37172284 0
0.71923921000000002 0.16388931000000001 0
0.71931765999999997 0.05302747 0
0.71945241999999998 0.66265021000000002 0
0.95211151000000005 0.75280146000000003 0
0.71981110999999998 0.74415710000000002 0
0.71992131000000004 0.075610319999999995 0
0.98825947999999997 0.47366637 0
0.72011020999999997 0.88697904999999999 0
0.72014458999999997 0.90046998 0
0.72019113999999995 0.33327184999999998 0
0.87584965999999997 0.69426803000000004 0
0.72025773000000004 0.64904751000000005 0
0.72026414999999999 0.80241218000000003 0
0.72030658000000003 0.58491174999999995 0
0.72035296000000004 0.22187244 0
0.72040751999999997 0.90618789 0
0.72042507 0.14448881 0
0.72042982 0.11259503 0
0.72047614000000004 0.59249337000000002 0
0.7204933 0.0022458199999999999 0
0.72050997999999999 0.48584124000000001 0
0.97356598000000005 0.16807720000000001 0
0.72070268999999998 0.36539405000000003 0
0.95218990999999997 0.77345620999999998 0
0.72085036000000002 0.43175833000000002 0
0.72129399999999999 0.92014627000000004 0
0.72134697000000003 0.23652371 0
0.72143314999999997 0.70100001999999995 0
0.98074956000000002 0.56174548000000002 0
0.72161973000000001 0.60799457000000001 0
0.72174611 0.35808283000000002 0
0.72181315000000001 0.53874770999999999 0
0.72183447000000001 0.49413966999999998 0
0.72185025000000003 0.61391203999999999 0
0.72189155000000005 0.53062293000000005 0
0.72189937000000004 0.021145299999999999 0
0.98079212999999998 0.95956286999999996 0
0.72196634999999998 0.1147408 0
0.72203708 0.67727351000000002 0
0.72214305999999995 0.13937073999999999 0
0.95042095999999998 0.11802232 0
0.72218046999999996 0.82434795000000005 0
0.72232105999999996 0.45387212999999998 0
0.72235881999999996 0.48554761000000002 0
0.72236469999999997 0.69310450999999995 0
0.99829334000000003 0.03141364 0
0.72237883000000003 0.36974025999999999 0
0.72238011000000002 0.98715406000000006 0
0.72238605 0.037508529999999998 0
0.72239726999999998 0.032672489999999998 0
0.72243261000000003 0.20540754999999999 0
0.72257691000000002 0.12357478 0
0.72279859000000002 0.87915801000000005 0
0.72288722000000005 0.84581044000000005 0
0.72288726000000003 0.31785196999999998 0
0.95981932000000003 0.27928456000000002 0
0.72302566000000001 0.18129323 0
0.72304656 0.56132673 0
0.95024783999999995 0.057999059999999998 0
0.72314396999999997 0.090193469999999998 0
0.72314791 0.1427795 0
0.72317595000000001 0.52271219000000002 0
0.72351370000000004 0.97482278 0
0.72354319 0.21680621 0
0.72354439999999998 0.73514190000000001 0
0.72366843000000003 0.10925542000000001 0
0.72371591000000002 1 0
0.72379841 0.77443808999999997 0
0.97372833000000003 0.86793668000000002 0
0.72385358 0.29513082000000002 0
0.95168233999999996 0.81237212000000003 0
0.72392820000000002 0.26283391 0
0.72392966999999997 0.4039856 0
0.72393299 0.61671757000000005 0
0.72409108 0.73594793000000003 0
0.72415719000000001 0.44376832999999999 0
0.72418477000000003 0.75658787000000005 0
0.72427195 0.74758404000000001 0
0.72427273000000003 0.10645736 0
0.72428126999999998 0.84002515 0
0.72434262999999999 0.64022358000000001 0
0.72436919 0.56714900000000001 0
0.72443891000000005 0.48053609000000003 0
0.72451502000000001 0.49391921999999999 0
0.72451973999999997 0.32741864999999998 0
0.95929427 0.68841123000000004 0
0.72478545000000005 0.31672524000000002 0
0.72479265999999998 0.31002709000000001 0
0.72479358999999999 0.17345115 0
0.7248561 0.32060834999999999 0
0.72493056 0.85900602999999998 0
0.72513720999999998 0.39124225000000001 0
0.72516031999999997 0.15126634 0
0.72517679999999995 0.31731288000000002 0
0.72519171999999998 0.86003295999999996 0
0.72524820000000001 0.41604755999999998 0
0.95021224000000004 0.078960450000000001 0
0.72540916 0.37482900000000002 0
1 1 0
0.72555057999999995 1 0
0.72555186999999999 0.72057462000000005 0
0.98168734999999996 0.49372192999999998 0
0.72566403999999995 0.084793160000000006 0
0.72579331999999996 0.99088014000000002 0
0.72593262000000003 0.089984659999999994 0
0.95722604 0.18535154000000001 0
0.72599338000000002 0.81678037000000003 0
0.72600913 0.29610249 0
0.72606503 0.16845062999999999 0
0.72620468000000005 0.87774185999999998 0
0.99041385999999998 0.94796142000000005 0
0.72629783999999997 0.078123929999999994 0
0.72630746000000002 0.25266318999999998 0
0.72642797999999997 0.67483583999999996 0
1 0.94795722000000004 0
0.72648674999999996 0.98712295000000005 0
0.72649180000000002 0.93061289000000003 0
0.72655323000000005 0.11527793 0
0.72657168000000005 0.11565805999999999 0
0.72669395999999997 0.92623105999999999 0
0.72672406000000001 0.88144997999999997 0
0.72698726999999996 0.2769064 0
0.72700229999999999 0.42801400000000001 0
0.72714162000000004 0.062083960000000001 0
0.72728265000000003 0.35021680999999999 0
0.72729637000000003 0.46369141000000003 0
0.72733687999999996 0.19113182000000001 0
0.72734293999999999 0.16630549 0
0.72734310000000002 0.28221958000000003 0
0.72736012000000005 0.84219341000000003 0
0.72743643999999996 0.75934365999999998 0
0.72744527000000003 0.38628059999999997 0
0.72746884999999994 0.023475530000000001 0
0.72752410000000001 0.92391593999999999 0
0.7275874 0.31747555 0
0.72804027999999998 0.012653640000000001 0
0.72816943000000001 0.53185172000000003 0
0.72835771999999999 0.65422371999999995 0
0.72842094000000002 0.34870163999999998 0
0.72843206000000005 0.75550799000000002 0
0.98820264000000002 0.056623119999999999 0
0.72850817999999995 0.64920875 0
0.72862461000000001 0.71102567000000005 0
0.72879214000000003 0.43806583999999998 0
0.72890478999999997 0.20975526999999999 0
0.72900195999999995 0.18037212999999999 0
0.96570595999999997 0.78116814999999995 0
0.72911590999999998 0.030839439999999999 0
0.72912275000000004 0.26845859999999999 0
0.72915978999999997 0.22899033999999999 0
0.72923936 0.91513168 0
0.72931279000000004 0.22482392000000001 0
0.72933879999999995 0.78393933999999998 0
0.72938122000000005 0.013641240000000001 0
0.72950826000000002 0.39827994999999999 0
0.72952987999999996 0.051155720000000002 0
0.72953305999999996 0 0
0.98227944 0.19485638 0
0.72964598000000003 0.32688265999999999 0
0.72966995999999995 0.34161648 0
0.72967842999999999 0.97980323999999996 0
0.72976679 0.81964548999999998 0
0.72998202999999995 0.96982568999999996 0
0.73001123999999995 0.56399904999999995 0
0.73004095999999996 0.66353417999999997 0
0.73008203000000005 0.086166359999999997 0
0.73020037999999998 0.82867133000000004 0
0.73021829999999999 0.072091269999999999 0
0.73024321000000003 0.77054354000000003 0
0.73044103000000005 0.60908976000000004 0
0.73051962999999998 0.23067903000000001 0
0.73055725000000005 0.13636108999999999 0
0.73071748000000003 0.10781623999999999 0
0.73073149000000004 0.20077817000000001 0
0.73076114000000003 0.79072242000000004 0
0.73077391999999997 0.091709009999999994 0
0.95718471999999999 0.92208365000000003 0
0.98188582000000002 0.45034809999999997 0
0.73096258000000003 0.69627611 0
0.95045831000000003 0.58864897999999999 0
0.73110768000000004 0.060437190000000002 0
0.73115808000000004 0.33105405999999998 0
0.73125070999999997 0.076928259999999998 0
0.73127635999999996 0.57752269000000001 0
0.73128009999999999 0.99172009000000005 0
0.73134504 0.62806830999999996 0
0.73152271000000002 0.63558766 0
0.98815834000000002 0.56063890000000005 0
0.73157306 0.097043760000000007 0
0.95032868000000004 0.20142977000000001 0
0.73182360999999996 0.36360176 0
0.73184307000000004 0.67732791999999997 0
0.73188587000000005 0.076320319999999997 0
0.73197893000000003 0.22435093 0
0.73198854000000002 0.46264896999999999 0
0.73207540000000004 0.14329006 0
0.7321377 0.75269490999999999 0
0.73214964000000005 0.50391779000000003 0
0.73217023999999997 0.55169120999999999 0
0.73224188999999995 0.31090689999999999 0
0.73224871000000002 0.22940540000000001 0
0.73228576999999995 0.56208672999999998 0
0.73230293999999996 0.15264601999999999 0
0.98054839999999999 0.56351963000000005 0
0.98021722 0.87210513999999995 0
0.73253135999999996 0.35270488 0
0.73258407999999997 0.76148780999999999 0
0.73263153000000003 0.17651681999999999 0
0.73271766999999999 0.82220892000000001 0
0.73273425000000003 0.98783052000000005 0
0.73276693000000004 0.98167780999999998 0
0.73292665999999995 0.67356210000000005 0
0.73296950999999999 0.65763640999999995 0
0.73304541999999995 0.57941584000000002 0
0.73310953999999995 0.63380345000000005 0
0.73313755000000003 0.66989025999999996 0
0.73316227 0.87983756000000002 0
0.95169733999999995 0.18289116 0
0.73335496 0.50959783000000003 0
0.73352932999999998 0.066306619999999997 0
0.73361799000000005 0.95647835000000003 0
0.73362446000000003 0.071207019999999996 0
0.73367660000000001 0.70896831999999999 0
0.9818846 0.46970075999999999 0
0.73373073 0.30023908999999999 0
0.73379987000000002 0.33721161999999999 0
0.95728522000000005 0.67800989 0
0.73392000000000002 0.56920267000000002 0
0.7339753 0.81939169000000001 0
0.73399455000000002 0.054653170000000001 0
0.73404429999999998 0.78857900999999997 0
0.95184329000000001 0.79239881999999995 0
0.73416291 0.29182047999999999 0
0.73426351999999995 0.61827224999999997 0
0.73441908 0.62567724999999996 0
0.73451036000000003 0.15068366 0
0.73456399999999999 0.42098974 0
0.73461874000000005 0.093670980000000001 0
0.73464065000000001 0.41467316999999998 0
0.73468915999999995 0.85018768 0
0.98831687000000001 0.97150532000000001 0
0.73471889999999995 0.03775676 0
0.73473513000000001 0.44925130000000002 0
0.73475193000000005 0.95545453999999996 0
0.73481258999999999 0.65478669 0
0.98181722999999999 0.86721298999999996 0
0.73504769000000003 0.72176035999999999 0
0.7350989 0.51562258999999999 0
0.73514394999999999 0.72529520999999997 0
0.73530218000000003 0.86533241000000005 0
0.73540415000000003 0.96974422999999998 0
0.73548572000000001 0.97313795000000003 0
0.73566982999999997 0.85531665999999995 0
0.73569441999999996 0.35415302999999998 0
0.73575467000000006 0.62052675000000002 0
0.73578984999999997 0.48080274000000001 0
0.98001320000000003 0.18691795999999999 0
0.73586580999999995 0.53681767999999996 0
0.73603337999999996 0.071522069999999993 0
0.99042118000000001 0.92724010999999995 0
0.73605295000000004 0.80548218000000005 0
0.73617268000000002 0.75113973999999994 0
0.73630154000000003 0.90100789999999997 0
0.73631261999999997 0.090981759999999995 0
0.73634325 0.83129193000000001 0
0.73641579000000001 0.39017938000000002 0
0.73641621000000002 0.8007881 0
0.73654633999999997 0.30201790000000001 0
0.73654765 0.046025839999999998 0
0.73657874999999995 0.46072102999999998 0
0.99031217000000005 0.72402467000000004 0
0.73678717000000005 0.95066216000000003 0
0.73679167000000001 0.26390956999999998 0
0.73679969999999995 0.069509909999999994 0
0.95069585999999995 0.92371632999999997 0
0.96000958999999997 0.61182661000000005 0
0.73693295000000003 0.88377072000000001 0
0.73695814999999998 0.89552516000000004 0
0.73698302999999998 0.93210552000000002 0
0.73703010000000002 0.59663549000000005 0
0.73708015999999998 0.47700215000000001 0
0.73711515000000005 0.1276023 0
0.73712325999999995 0.058855070000000002 0
0.73716130999999996 0.50214789999999998 0
0.73720425000000001 0.98023172000000003 0
0.73722069999999995 0.98076045000000001 0
0.95942446999999997 0.89955803999999995 0
0.73729774999999997 0.95212260000000004 0
0.73733707999999998 0.29494042999999998 0
0.73735578000000002 0.85350908000000003 0
0.73751277000000004 0.38530815000000002 0
0.73755904000000005 0.5254278 0
0.73756160999999998 0.77547646999999997 0
0.73759574999999999 0.49499704 0
0.73766147999999998 0.64391069000000001 0
0.73768734999999996 0.10347953999999999 0
0.73775095000000002 0.13184683 0
0.73778686000000004 0.16434721999999999 0
0.73779519000000005 0.87873418999999997 0
0.73789168999999999 0.083532330000000002 0
0.73793914000000005 0.61794998000000001 0
0.95225441 0.10543748 0
0.73806088999999997 0.21241396000000001 0
0.73813678000000005 0.11634580999999999 0
0.73816740000000003 0.13863909999999999 0
0.73819484999999996 0.6860385 0
0.73819541 0.12375445 0
0.73820233999999996 0.33327381 0
0.99035762999999999 0.83798359 0
0.73824438999999997 0.54496652000000001 0
0.73831928000000002 0.20730965000000001 0
0.73832781999999997 0.10908658 0
0.73836321000000005 0.82359828000000002 0
0.73838205000000001 0.93679908999999995 0
0.73841712000000004 0.25102824000000001 0
0.73846243 0.16143719000000001 0
0.73847856999999995 0.41717342000000002 0
0.73849869000000001 0.63916786000000003 0
0.73850247999999996 0.19566676999999999 0
0.73853665999999996 0.40257114999999999 0
0.73854690999999995 0.35710367999999998 0
0.73858643000000002 0.02863541 0
0.73867828999999996 0.96462787000000005 0
0.73876828999999999 0.98136058999999998 0
0.73877223000000003 0.41073092999999999 0
0.73887513999999999 0.35175624999999999 0
0.95936315999999999 0.87934760999999995 0
0.73902139 0.91403427999999998 0
0.73905047000000001 0.043485410000000002 0
0.73912915999999995 0.78701251000000005 0
0.73923830000000001 0.78426375000000004 0
0.73930220999999996 0.87095882999999996 0
0.73931798000000004 0.97908587000000002 0
0.73935238999999997 0.22307083999999999 0
0.73946659000000003 0.79389717000000004 0
0.73946864000000001 0.56674493000000004 0
0.73962503999999996 0.019263249999999999 0
0.73967963000000003 0.72885661000000002 0
0.73970404000000001 0.76554438999999996 0
0.73983703999999995 0.99328413999999998 0
0.73988637999999995 0.78939619000000005 0
0.73997727000000002 0.70139947000000002 0
0.73999397 0.37429568000000002 0
0.74000902000000002 0.45231345000000001 0
0.74001799999999995 0.74226009999999998 0
0.96001163 0.44716476999999999 0
0.98228548000000004 0.85747255 0
0.74026656000000002 0.34191938999999999 0
0.74030795000000005 0.0042674399999999999 0
0.74043857000000002 0.46304552999999998 0
0.74059596999999999 0.87169127000000002 0
0.74086143000000004 0.33412090999999999 0
0.74096532000000004 0.38353746 0
0.74104910999999996 0.018654150000000001 0
0.74105597999999995 0.27099218000000003 0
0.74121168000000004 0.71492756999999996 0
0.74123483999999995 0.098192730000000006 0
0.74125375999999998 0.4796571 0
0.74134825999999998 0.93673269000000003 0
0.74141973000000005 0.53436121000000003 0
0.74145046000000003 1 0
0.74153758000000003 0.23073341999999999 0
0.74168199999999995 0 0
0.98061284000000004 0.42817381999999998 0
0.95963790999999998 0.47692326000000002 0
0.74198911999999995 0.99345625000000004 0
0.74200725000000001 0.65041448000000002 0
0.74203869 0.19051048000000001 0
0.74208244000000001 0.0080218900000000003 0
0.74210816999999996 0.05138231 0
0.74218888999999999 0.91361300000000001 0
0.74228342000000003 0.62258005000000005 0
0.74230088999999999 0.95675577999999994 0
0.74231305999999997 0.68371504000000005 0
0.74232070000000006 0.87741621999999997 0
0.74235397000000003 0.33396189999999998 0
0.74239991999999999 0.01018266 0
0.74241577999999997 0.88079441000000003 0
0.74243946000000005 0.79516432999999997 0
0.74262773000000004 0.52706271000000005 0
0.74265141999999995 0.60825143000000004 0
0.74270603999999996 0.29871006999999999 0
0.74271491000000001 0.31302869 0
0.95937890000000003 0.38125151000000002 0
0.74273960000000006 0.14484888000000001 0
0.74277245999999997 0.33725289000000003 0
0.74285455 0.80249356999999999 0
0.74287727999999997 0.27712436000000001 0
0.74292106999999996 0.25683975999999997 0
0.74301291000000003 0.45899757000000002 0
0.74305321000000002 0.77916207000000004 0
0.74309413000000002 0.27358780999999999 0
0.74318755999999997 0.98048944000000005 0
0.74322907999999999 0.12288889 0
0.74324663999999996 0.00387214 0
0.74324827999999998 0.36841110999999999 0
0.74329290999999997 0.85370097 0
0.74332346000000005 0.13124470999999999 0
0.74344052000000005 0.23633613000000001 0
0.74349069999999995 0.63036225999999995 0
0.74351487000000005 0.65728909999999996 0
0.74356959 0.92639998999999995 0
0.74371670999999995 0.36961685 0
0.74382667999999996 0.55256205000000003 0
0.74389413999999998 0.044585710000000001 0
0.74411868000000003 0.79938355000000005 0
0.95765705000000001 0.38993378000000001 0
0.74420697999999996 0.84399358999999996 0
0.74422191999999998 0.26894683000000003 0
0.95068478999999995 0.55896239000000003 0
0.74435357000000002 0.15357725 0
0.74436497000000001 0.16040380000000001 0
0.74439743999999997 0.80773786000000003 0
0.74441734000000004 0.25703208 0
0.74442253000000003 0.87040178999999995 0
0.74442302999999999 0.90626808000000003 0
0.74452196999999998 0.95663986999999995 0
0.74457273000000002 0.79545454999999998 0
0.74460627999999995 0.87471564000000002 0
0.74461535000000001 0.23800776000000001 0
0.74465775999999995 0.63194320999999998 0
0.7446914 0.73356195999999996 0
0.74489647000000003 0.89136457999999996 0
0.74498598999999999 0.94749377000000001 0
0.74513317999999995 0.41240979999999999 0
0.74514327000000002 0.42329695000000001 0
0.74522032000000005 0.41960930000000002 0
0.74535437999999998 0.77285992000000003 0
0.74544999000000001 0.37529058999999998 0
0.98012328999999998 0.12497643 0
0.74552921999999999 0.95532883999999996 0
0.74563729000000001 0.39638337000000001 0
0.74596207999999997 0.099028720000000001 0
0.74615366999999999 0.16540673 0
0.74622321999999996 0.81874935000000004 0
0.74626671 0.32544838999999998 0
0.74653709999999995 0.89474766999999999 0
0.95232874000000001 0.20169233 0
0.74668743000000004 0.35418379999999999 0
0.74670150999999996 0.13510331 0
0.74671197 0.95273152000000005 0
0.87581385 0.73074382000000004 0
0.74681597 0.43247416999999999 0
0.74681896999999997 0.18843997000000001 0
0.74684139999999999 0.74773548000000001 0
0.74685040000000003 0.97474205000000003 0
0.99013417999999997 0.18609345999999999 0
0.95984438000000005 0.73136663999999996 0
0.98232536999999998 0.22322443 0
0.74723983999999999 0.38542882000000001 0
0.74723994999999999 0.16675049 0
0.74727381000000004 0.79997799999999997 0
0.74737781999999997 0.60633629 0
0.74746628999999998 0.64570806999999997 0
0.74748994999999996 0.075367909999999996 0
0.74758972000000001 0.70784380000000002 0
0.74762445 0.94175867999999996 0
0.74762605999999998 0.56881579999999998 0
0.74772508000000004 0.15907099999999999 0
0.74773188000000002 0.33386619000000001 0
0.74783814000000004 0.93634322999999997 0
0.74784521999999998 0.48428798000000001 0
0.74794852999999994 0.72207840999999995 0
0.74800551999999998 0.93340424 0
0.95188033999999999 0.48364077999999999 0
0.74810573999999996 0.12706738000000001 0
0.74817942999999998 0.36011264999999998 0
0.74818450999999997 0.40505110999999999 0
0.87583635000000004 0.49326598999999999 0
0.74849215999999996 0.72615392999999995 0
0.74852843000000002 0.059846129999999997 0
0.74873012999999999 0.93235170999999994 0
0.98837114000000004 0.11232573 0
0.74885009000000002 0.62465466000000003 0
0.74886507000000002 0.79204996000000005 0
0.74889866000000005 0.68891665999999996 0
0.74895405000000004 0.28568378 0
0.74896808999999998 0.63915756000000001 0
0.95214988 0.40962228000000001 0
0.74899273 0.28115417999999998 0
0.74909216000000001 0.17517699 0
0.74921934999999995 0.87003355000000004 0
0.74931822999999997 0.46920821000000001 0
0.74933848999999997 0.28531705000000002 0
0.74939100999999997 0.33793025999999998 0
0.74941552 0.34592856 0
0.74941809999999998 0.80428637999999997 0
0.74953011999999997 0.54799545000000005 0
0.74957806000000005 0.45501169000000002 0
0.74960610000000005 0.18828573000000001 0
0.98017321999999996 0.60993843999999997 0
0.74968425000000005 0.63892923999999995 0
0.74972075999999999 0.50389850999999997 0
0.74996878 0.55734373999999998 0
0.75005286000000004 0.75256897 0
0.75012791000000001 0.073734170000000002 0
0.95997032999999998 0.94802887000000002 0
0.75034796000000004 0.15843463999999999 0
0.98057304999999995 0.04037599 0
0.75045150999999999 0.032253009999999999 0
0.75052258000000005 0.2946396 0
0.75058535000000004 0.65452686000000004 0
0.75060654000000004 0.84486861000000002 0
0.75062625000000005 0.18131778000000001 0
0.75066016000000002 0.19464203999999999 0
0.75068511000000004 0.48156823999999998 0
0.99053367000000003 0.71647083 0
0.75077136 0 0
0.75080192000000001 0.52955611999999996 0
0.75092053999999997 0.51946475000000003 0
0.75096277 0.70712717999999997 0
0.75100946999999996 0.50330397999999998 0
0.98056838999999996 0.77951731000000002 0
0.75125496000000003 0.59867236000000001 0
0.75126123 0.60639312000000001 0
0.75128826999999998 0.45152240999999999 0
0.75137944999999995 0.49281374999999999 0
0.98183087999999996 0.82292182999999997 0
0.75146212999999995 0.19953670000000001 0
0.75152247999999999 0.62371193999999996 0
0.75155216999999996 0.085391120000000001 0
0.75157088999999999 0.88031097000000003 0
0.75162651000000003 0.98385043999999999 0
0.75169377000000004 0.39605128000000001 0
0.75183951999999998 0.46230914000000001 0
0.75184340000000005 0.14944615 0
0.75185780999999996 0.74104040999999998 0
0.75188816999999997 0.81628840999999996 0
0.98194897000000003 0.080276780000000006 0
0.98001386000000001 0.67327141999999995 0
0.75206671999999997 0.023073409999999999 0
0.75209108000000002 0.97468814999999998 0
0.75209331999999995 0.63316872999999996 0
0.75210505000000005 0.92956254000000005 0
0.75218220000000002 0.38848114 0
0.75222215999999997 0.11608702 0
0.75246312000000004 0.054294299999999997 0
0.75246614999999994 0.86493361999999996 0
0.99658663000000003 0.89919789000000006 0
0.75256564000000004 0.46177900999999999 0
0.75260263000000005 0.15804429 0
0.98851014999999998 0.33795681 0
0.75262196999999997 0.44595679999999999 0
0.75273274000000001 0.089534890000000006 0
0.75280318000000002 0.62756847000000004 0
0.75289448999999997 0.57185986 0
0.75330662000000004 0.90883504999999998 0
0.75334051999999996 0.61289216000000002 0
0.75344580000000005 0.54398880000000005 0
0.75345905000000002 0.68776154 0
0.75346400999999996 0.053923899999999997 0
0.96649910999999999 0.25600476 0
0.95069713 0.29562209 0
0.75382583999999997 0.33226526000000001 0
0.75397574000000001 0.19473061 0
0.75397972999999996 0.73745618999999996 0
0.75399428999999996 0.99149533000000001 0
0.75432025999999996 0.11955349 0
0.75433521999999997 0.76703811 0
0.75434804 0.79537513000000004 0
0.98823028999999996 0.39793340999999999 0
0.99004897999999997 0.18620827000000001 0
0.75455395000000003 0.86948552000000001 0
0.75460002000000004 0.93777699999999997 0
0.75460510999999997 0.20985803 0
0.75462750999999995 0.37292269 0
0.75465539999999998 0.58746109000000002 0
0.75468206000000004 0.70654945999999996 0
0.75481229999999999 0.71153785999999997 0
0.75483343000000003 0.17517996999999999 0
0.75486147000000003 0.21735558999999999 0
0.75492121000000001 0.96351743000000001 0
0.75494401 0 0
0.75497804000000002 0.30512882000000002 0
0.75514294999999998 0.85396870999999996 0
0.75524932 0.42849892000000001 0
0.75530319000000001 0.49659745999999999 0
0.96012443999999997 0.1311185 0
0.75536557000000004 0.22114254999999999 0
1 0.25870528999999998 0
0.75538457999999997 0.92449585000000001 0
0.75544765999999997 0.85166182999999995 0
0.96283836 0.96035773000000002 0
0.75568709000000001 0.40009913000000003 0
0.75571511000000002 0.10797184 0
0.75571785000000002 0.43653163 0
0.75576991000000004 0.24025105999999999 0
0.75584359000000001 0.94138520000000003 0
0.99319318000000001 0.78044451999999997 0
0.75611945999999997 0.38830683999999999 0
0.75616136 0.44793593999999998 0
0.75619517999999997 0.62784008000000002 0
0.75627175000000002 0.34361056000000001 0
0.75637768999999999 0.02154006 0
0.75641026 0.034005849999999997 0
0.86946752000000005 0.91284555999999994 0
0.75658696999999997 0.93496137000000001 0
0.96288052000000002 0.83242941000000004 0
0.75662180999999995 0.52645249999999999 0
0.75664628 0.30474083000000002 0
1 0.87929365999999998 0
0.75672834 0.25459927999999998 0
0.87775283000000004 0.85143139999999995 0
0.75689253000000001 0.00100099 0
0.96009168 0.95950703999999998 0
0.75700738999999995 1 0
0.75701799000000003 0.90527080999999998 0
0.75709894 0.60107526 0
0.75715705 0.81358733999999999 0
0.75716958999999995 0.69976238999999996 0
0.75719027999999999 0.90507539999999997 0
0.75738360999999998 0.042093510000000001 0
0.96526407999999997 0.21365770000000001 0
0.75760258999999996 0.82188901999999997 0
0.75761352999999998 0.78024720999999997 0
0.75762141000000005 0.17464678 0
0.75765879000000003 0.19682201999999999 0
0.75773586000000004 0.49215451999999998 0
0.75782830999999995 0.29061115999999998 0
0.9657772 0.87084433000000006 0
0.75794271000000002 0.35737856000000001 0
0.75798352000000002 0.14174544 0
0.75798631000000005 0.79244731999999996 0
0.75800639000000003 0.90447403000000004 0
0.75807232999999996 0.73865398999999998 0
0.75810462000000001 0.98857099999999998 0
0.75813195 0.45135043000000002 0
0.75820522999999995 0.89904547000000001 0
0.75825370000000003 0.39845924999999999 0
0.75827902000000003 0.01027496 0
0.75831446000000002 0.81953593999999996 0
0.75843819999999995 0.98962013999999998 0
0.75872905000000002 0.10822975 0
0.75875853000000004 0.47977797999999999 0
0.75878712999999998 0.73028137000000004 0
0.75881061999999999 0.65095376999999999 0
0.75882985000000003 0.29063714000000002 0
0.75890413000000001 0.53224172000000003 0
0.97349741000000001 0.19695850000000001 0
0.75896887000000002 1 0
0.75898553000000002 0.48682463999999998 0
0.75902948999999997 0.17733275000000001 0
0.75904225999999997 0.92416215999999995 0
0.75904908999999998 0.60215989999999997 0
0.75941510999999995 0.75068449999999998 0
0.75947569999999998 0.50078582999999999 0
0.75955019999999995 0.54811750999999997 0
0.75959379000000005 0.46889462999999998 0
0.75960333000000002 0.27468774000000001 0
0.99140172999999998 0.77267467000000001 0
0.75968380000000002 0.12731575000000001 0
0.75978643000000001 0.20172761 0
0.75981485999999998 0.94236615999999995 0
0.75983893000000002 0.56581716999999998 0
0.98079349999999998 0.36797053000000002 0
0.75991797999999999 0.24156341000000001 0
0.76007663999999997 0.51402373000000001 0
0.76010622999999999 0.45098058000000002 0
0.76011552999999998 0.065752820000000003 0
0.76024234000000002 0.97134664000000004 0
0.76025443999999998 0.1009722 0
0.76027277999999998 0.28375879999999998 0
0.96032899999999999 0.45603192999999997 0
0.76051071999999997 0.46265140999999999 0
0.76051563 0.045817839999999999 0
0.76055309000000004 0.32234481999999998 0
0.76074291999999999 0.87282915999999999 0
0.76075051999999999 0.91654270999999998 0
0.99124098999999999 0.57440566999999998 0
0.76084302000000004 0.39035492999999999 0
0.76085020999999997 0.73299831999999998 0
0.76088761000000005 0.32281768 0
0.76091407 0.64663453000000004 0
0.76098222999999998 0.16264491 0
0.76114071999999999 0.89948253 0
0.76116527 0.80118089999999997 0
0.96086852 0.89506896000000002 0
0.76117462000000002 0.042809460000000001 0
0.76121488000000004 0.60724803999999999 0
0.76124948999999997 0.19732573 0
0.76126444999999998 0.94275549999999997 0
0.76131146000000005 0.56260957 0
0.76134632000000002 0.82489678 0
0.76150885999999995 0.15450674 0
0.76158610999999998 0.97672727000000004 0
0.76164845000000003 0.060962809999999999 0
0.76178330000000005 0.22577475 0
0.7617834 0.67504032000000003 0
0.76183712000000003 0.14848207999999999 0
0.76188303999999996 0.68150390000000005 0
0.76201315999999997 0.54534883999999995 0
0.76203330000000002 0.21372803000000001 0
0.76204000000000005 0.062243899999999998 0
0.76217104999999996 0.96217558000000003 0
0.76219831000000005 0.63893146000000001 0
0.76233505000000001 0.21684788999999999 0
0.76234144999999998 0.081325079999999994 0
0.76237474000000005 0.10304149 0
0.76239553999999998 0.52034491999999999 0
0.76251181000000001 0.44995231000000002 0
0.76259937 0.62703608 0
0.96222726000000003 0.91475384999999998 0
0.76262655999999995 0.40738337000000002 0
0.99292955999999999 0.86757538000000001 0
0.76292139000000003 0.36693491 0
0.76296858999999995 0.25462906000000002 0
0.76311569000000001 0.084446709999999994 0
0.76317926000000003 0.59439628 0
0.87660570999999998 0.66628449999999995 0
0.76356177000000003 0.47262259000000001 0
0.99954925999999999 0.078428709999999999 0
0.76392685999999999 0.48857910999999998 0
0.76394408999999996 0.34500610999999998 0
0.76396423999999996 0.58428517999999996 0
0.76396485000000003 0.28084030999999998 0
0.76406691999999998 0.88471425000000004 0
0.76407915000000004 0.61913059000000004 0
0.76409227999999996 0.33210981000000001 0
0.76410739999999999 0.45060257999999997 0
0.76420012000000004 0.27359457999999998 0
0.76420575999999996 0.61143643999999997 0
0.76425100000000001 0.86577090000000001 0
0.76425151999999996 0.53641945000000002 0
0.76428633000000001 0.89831039000000001 0
0.76433830999999997 0.84829527000000005 0
0.87715354000000001 0.32406642000000002 0
0.76439836000000005 0.70670038999999996 0
0.76448189 0.50243775000000002 0
0.76457903999999999 0.38215157999999999 0
0.76459723999999996 0.28338049999999998 0
0.76465430999999995 0.84228069000000005 0
0.76466699000000005 0.81297401000000002 0
0.86878531000000003 0.22892314 0
0.99149410000000004 0.87179240999999996 0
0.76475274000000004 0.72002690000000003 0
0.76489545999999997 0.21726155999999999 0
0.76494417999999997 0.0073102899999999997 0
0.76499587000000002 0.03598991 0
0.76500524000000003 0.35131037999999998 0
0.76503432000000005 0.01165791 0
0.76506998999999998 0.25870781999999998 0
0.76511918999999995 0.57227956000000002 0
0.96909279999999998 0.59821561999999995 0
0.76519990000000004 0.46497829000000002 0
0.76526037000000002 0.23256159000000001 0
0.76527042999999995 0.68637786999999995 0
0.76532213999999998 0.40090819 0
0.76538054 0.36850865999999999 0
0.76543472999999995 0.81957827999999999 0
0.76547096000000003 0.40698066999999999 0
0.99069578999999997 0.50555932999999997 0
0.76575152999999996 0.97547538 0
0.76583867000000005 0.13987516999999999 0
0.76584613999999995 0.79845383999999997 0
0.76589912999999998 0.65193593999999999 0
0.76597985000000002 0.88571973999999998 0
0.96294188000000003 0.78490300000000002 0
0.76602336999999998 0.21813244000000001 0
0.76604439999999996 0.76675042000000004 0
0.96924219 0.61447865999999995 0
0.76621775000000003 0.43894835999999998 0
0.96291530999999997 0.67041890000000004 0
0.76625370000000004 0.45861813000000001 0
0.99997433999999996 0.043059800000000002 0
0.76638373999999998 0.12675156000000001 0
0.76645764999999999 0.68351055999999999 0
0.76652390999999998 0.070371230000000007 0
0.76662713000000005 0.27341425000000003 0
0.76671712999999997 0.41278543000000001 0
0.76693409000000001 0.42410176999999999 0
0.76706759000000002 0.50146745000000004 0
0.76710919 0.48142228999999997 0
0.76720922000000003 0.55396398999999996 0
0.96015603000000005 0.83695279 0
0.76726839000000002 0.74058146000000002 0
0.76735752999999995 0.45583812000000001 0
0.76747228999999995 0.36033604000000002 0
0.76749129999999999 0.76589638000000004 0
0.76752122 0.17163469000000001 0
0.76753990999999999 0.69938873000000001 0
0.76754522999999997 0.5153626 0
0.76776107000000005 0.93378894999999995 0
0.76780576 0.69411497 0
0.76789021999999996 0.065672510000000003 0
0.76789969000000002 0.59544085999999996 0
0.76792802000000004 0.38630263999999997 0
0.76805736000000002 0.83820645000000005 0
0.76809070999999995 0.39462528000000002 0
0.76814048999999995 0.76053000000000004 0
0.76823001999999996 0.77277056 0
0.76841214999999996 0.055174790000000001 0
0.76844391999999995 0.076325530000000003 0
0.76846104000000004 0.82169133000000005 0
0.76855941999999999 0.60781858 0
0.76857732000000001 0.46968238000000001 0
0.96017076999999995 0.68161139999999998 0
0.76860510999999998 0.98811740000000003 0
0.76860994999999999 0.2252122 0
0.76862284999999997 0.23544393999999999 0
0.76863552000000002 0.22031787999999999 0
0.76870201999999999 0.39625400999999999 0
0.76870388999999995 0.94231052999999998 0
0.99343130000000002 0.62255201000000004 0
0.76885367999999998 0.87055747999999999 0
0.76888208999999996 0.50714667000000002 0
0.76900723999999998 0.93640210000000002 0
0.76902055999999996 0.21212307 0
0.76903379000000005 0.63655448000000003 0
0.76912239999999998 0.60539264000000004 0
0.76913397999999999 0.89337820000000001 0
0.76920246000000003 0.90757582999999997 0
0.76944513000000003 0.54130882000000002 0
0.76951698999999996 0.24389930000000001 0
0.87716262 0.99917971999999999 0
0.76974956000000005 0.15008262999999999 0
0.76975585000000002 0.44143329999999997 0
0.76976303999999995 0.93569663999999997 0
0.76977238000000003 0.28381433 0
0.76978000000000002 0.41684513000000001 0
0.76983274000000002 0.57323924999999998 0
0.96675542000000003 0.019989219999999999 0
0.77002320000000002 0.019610499999999999 0
0.8694364 0.26762180000000002 0
0.77018673000000004 0.4806087 0
0.99061348000000005 0.84404590999999995 0
0.77024669999999995 0.25405865999999999 0
0.77027842999999996 0.36661703000000001 0
0.77033419000000003 0.15764401 0
0.77037191999999999 0.09275572 0
0.77038664999999995 0.56961147000000001 0
0.77038781000000001 0.64862838 0
0.77042555999999995 0.00175037 0
0.77068798999999999 0.89735271000000005 0
0.77070218000000001 0.20244358000000001 0
0.77070634999999998 0.66554575999999999 0
0.77083899 0.16945773 0
0.77097881999999995 0.78787848999999999 0
0.77099846000000005 0.7081383 0
0.77103259000000002 0.75978783999999999 0
0.77104105999999994 0.036959239999999997 0
1 0.81352376999999998 0
0.77129767999999999 0.50834513000000003 0
0.99061600000000005 0.24174794999999999 0
0.77136492999999995 0.28540913000000001 0
0.99891569999999996 0.93186484000000003 0
0.77160737999999995 0.99824451999999997 0
0.77162282000000004 0.73025340000000005 0
0.77163718000000003 0.41476436 0
0.7716558 0.10482486000000001 0
0.77169966000000001 0.72831440000000003 0
0.77171498000000005 0.17527334 0
0.77179823000000003 0.74317772999999998 0
0.77187276000000005 0.50228150999999999 0
0.77190214999999995 0.83977122999999998 0
0.96665086 0.6738054 0
0.77209782999999998 0.19082626 0
0.77219397999999995 0.46598162999999998 0
0.77220502000000002 0.069481749999999995 0
0.77220858999999997 0.72372002999999996 0
0.77230480999999995 0.69680449 0
0.77234298999999995 0.73210922 0
0.77238834999999995 0.59131290000000003 0
0.77242823999999999 0.69750840999999997 0
0.77258128999999998 0.50720978000000005 0
0.77265443 0.86088257999999995 0
0.77268064999999997 0.12965931 0
0.77292282999999995 0.31960939999999999 0
0.77296794000000002 0.23110132 0
0.77307143 0.51781029999999995 0
0.77328065000000001 0.60855771999999997 0
0.77328960999999996 0.74789039000000002 0
0.77335807000000001 0.14184052999999999 0
0.77339270999999998 0.62224358999999996 0
1 0.61057777999999996 0
0.77343264 0.86191381 0
0.77351163999999994 0.64159087000000004 0
0.99216019 0.46934976 0
0.96227143999999998 0.76285572999999995 0
0.77355861999999997 0.8862932 0
0.96026065000000005 0.37517650000000002 0
0.99911530000000004 0.33014895999999999 0
0.77393643999999995 0.12940305999999999 0
0.77394220999999996 0.52963574000000002 0
0.77396653000000004 0.60926424000000001 0
0.77404925999999996 0.42903376999999998 0
0.77409125000000001 0.98382371999999996 0
0.77410495999999995 0.19673663 0
0.77413133000000001 0.12644142 0
0.77416819000000003 0.81761885999999995 0
0.77425544999999996 0.59819431000000001 0
0.77427179999999995 0.57713015000000001 0
0.77427820999999997 0.037239269999999998 0
0.7743255 0.93259320000000001 0
0.77437319000000004 0.82795945000000004 0
0.77437610999999995 0.65572984999999995 0
0.77440366999999999 0.47990744000000002 0
0.77451654999999997 0.84587875000000001 0
0.77458236999999996 0.94054579999999999 0
0.77466531000000005 0.18730015999999999 0
0.77466729999999995 0.37695097 0
0.77477171 0.90657350999999997 0
0.77487318000000005 0.42683647000000002 0
0.77492307999999999 0.34994107000000002 0
0.77492499999999997 0.76833200999999995 0
0.99156686000000005 0.87897124999999998 0
0.77507514 0.53653658000000004 0
0.77512656000000002 0.74461202000000004 0
0.77513931999999997 0.072191489999999997 0
0.77532829000000003 0.97898326999999996 0
0.77534475000000003 0.40571839999999998 0
0.77545998000000005 0.22231427000000001 0
0.77559895000000001 0.39431270000000002 0
0.77564993000000004 0.32899655 0
0.77568152000000001 0.11649842000000001 0
0.77575594999999997 0.01814551 0
0.96510194000000005 0.54954570999999997 0
0.77577498 0.13985784000000001 0
0.87711514999999995 0.13714949000000001 0
0.77596319000000002 0.10503937000000001 0
0.77600475000000002 0.24321058000000001 0
0.7760167 0.87367711999999997 0
0.77612632000000004 0.92324065 0
0.77619711000000002 0.11488579 0
0.77624948000000005 0.31015322000000001 0
0.77636227000000002 0.41801641 0
0.77641130999999997 0.29552627999999997 0
0.96929098000000002 0.36822858000000003 0
0.77651705000000004 0.056124559999999997 0
0.77661413999999995 0.94410883000000001 0
0.77676252999999995 0.58524010000000004 0
0.77676617999999997 0.34022566999999998 0
0.77678097000000002 0.0082794600000000006 0
0.97192524999999996 0.49425601000000002 0
0.77689109000000001 0.095790169999999994 0
0.77716532000000005 0.42878369 0
0.77717707999999996 0.72830454 0
0.77718904 0.34272086000000002 0
0.77727773 0.55817422999999999 0
0.77738351999999999 0.89469728000000004 0
0.77739285000000002 0.0273294 0
0.77739464999999996 0.77998915000000002 0
0.77739844000000002 0.37977966000000002 0
0.77748028000000002 0.52110579999999995 0
0.77750054999999996 0.97013819999999995 0
0.77753578000000001 0 0
0.77761754000000005 0.98822911999999996 0
0.77768585000000001 0.52396326999999998 0
0.77770972000000005 0.39006574999999999 0
0.7778273 0.68476389999999998 0
0.77789923999999999 0.93303484000000003 0
0.77795210000000004 0.31579163999999998 0
0.77799662999999997 0.93009768999999998 0
0.77810911999999999 0.54040027000000002 0
0.77819061 0.058735120000000002 0
0.77820275999999999 0.36401999000000002 0
0.77828008999999998 0.74196244 0
0.77839484999999997 0.35700030999999999 0
0.77847513999999995 0.61276889999999995 0
0.77849709 0.41264453000000001 0
0.77854712999999998 0.66173820999999999 0
0.77861192000000001 0.52249131000000004 0
0.77867781000000003 0.048954240000000003 0
0.77869668999999997 1 0
0.77874359000000004 0.99684251000000001 0
0.77878259999999999 0.31082417000000001 0
0.77881018000000002 0.41925508 0
0.77892713000000002 0.12579899999999999 0
0.77895917000000003 0.99673750000000005 0
0.77896759000000004 0.11744287 0
0.99828640999999996 0.21994512999999999 0
0.77911377999999998 0.82634216999999999 0
0.99070181999999996 0.99536917999999996 0
0.77913330999999997 0.18235336999999999 0
0.99937735999999999 0.51335565999999999 0
0.77939835000000002 0.0027673900000000002 0
0.77944449999999998 0.43783982999999999 0
0.77945529999999996 0.64726216999999997 0
0.77951464999999998 0.65415062999999996 0
0.77956214999999995 0.84054881000000004 0
0.96932092999999997 0.17552514999999999 0
0.77962129999999996 0.076233060000000005 0
0.97361834000000003 0.0298877 0
1 0.62851621999999996 0
0.96754660999999997 0.95329125999999997 0
0.77982119999999999 0.55494913000000001 0
0.77988696000000002 0.32138282000000001 0
0.77997954999999997 0.61272256000000003 0
0.78018697000000004 0.054246120000000002 0
0.78022274999999996 0.25969355 0
0.78023472999999999 0.03152307 0
0.78029143000000001 0.99138459000000001 0
0.78035670000000001 0.21563208 0
0.78039033000000002 0.87674631000000003 0
0.96938848 0.84814336000000001 0
0.78049736000000003 0.35999213000000002 0
0.78051172999999996 0.16261148 0
0.78057357999999999 0.45700162999999999 0
0.78059018000000002 0.30090602 0
0.78059107000000005 0.94093495000000005 0
0.78059900999999998 0.31902007999999998 0
0.78064336999999995 0.44953639000000001 0
0.96682102000000003 0.23348767000000001 0
0.78073645000000003 0.78535476999999998 0
0.96107456000000002 0.20721531000000001 0
0.78093846 0.063670199999999996 0
0.78103367000000001 0.65927482000000004 0
0.78108118999999998 0.41472861 0
0.78109576999999997 0.43249925 0
0.78109779000000001 0.39341709000000002 0
0.78110716000000002 0.95464716000000005 0
0.78117411999999997 0.53176692999999997 0
0.962283 0.94710205000000003 0
1 0.29587729000000002 0
0.96676541999999999 0.13431166 0
0.78147104999999994 0.18528443999999999 0
0.96925371999999999 0.17220261000000001 0
0.78151676999999997 0.36763512999999998 0
1 0.22337493999999999 0
0.96689647999999995 0.92785709999999999 0
0.78158406999999996 0.62068467000000005 0
0.78158872999999995 0.79452409999999996 0
0.78159038000000003 0.52564551000000004 0
0.78182675000000001 0.69318862000000003 0
0.78185210999999999 0.63267293000000002 0
0.78185497999999998 0.83066845 0
0.96604367000000002 0.86831950999999996 0
0.78187335000000002 0.35553868999999999 0
0.78192187000000002 0.12807689 0
0.78194178000000003 0.65910429999999998 0
0.78199998999999998 0.60819276 0
0.78204538000000001 0.79224711000000003 0
0.78204940000000001 0.53208387000000001 0
0.78222581000000002 0.67497001999999995 0
0.78223454000000003 0.2331085 0
0.78225652000000001 0.060799819999999997 0
0.78228244000000002 0.68374097 0
0.78233169000000002 0.32334781000000001 0
0.99073493999999995 0.63653194999999996 0
0.78239749000000003 0.11935508 0
0.78254159999999995 0.17363935 0
0.78256146999999998 0.71864145000000001 0
0.78257538000000004 0.087900420000000007 0
0.78258861000000002 0.77905016999999999 0
0.78260669000000005 0.55312634000000005 0
0.78264739000000005 0.91049011999999996 0
0.78265737999999996 0.48144782000000003 0
0.78275832000000001 0.79953432999999996 0
0.7827906 0.68441949000000002 0
0.78290446000000002 0.20778959999999999 0
0.78294191999999996 0.29052472000000001 0
0.78297952999999998 0.58906619999999998 0
0.78304099999999999 0.25158360000000002 0
0.78304805 0.048206680000000002 0
0.78307209 0.16650501000000001 0
0.78312791999999998 0.27915108 0
0.78312912000000001 0.76247704999999999 0
0.78313533999999996 0.96491108000000003 0
0.87712822999999995 0.32982888999999999 0
0.78337972 0.66407653 0
0.78339616000000001 0.44739045 0
0.78341225000000003 0.89149774999999998 0
0.78343898000000001 0.52556197999999998 0
0.78356703999999999 0.64438759999999995 0
0.78361760999999996 0.79634179000000005 0
0.78364595999999997 0.30884405999999998 0
0.78371922999999999 0.47336846999999999 0
0.78373680000000001 0.96200317999999996 0
0.99349485999999998 0.65464193000000004 0
0.78393095000000002 0.58246030999999998 0
0.78400241000000004 0.033012720000000002 0
0.78404845000000001 0.021322560000000001 0
0.78404848000000005 0.31314279 0
0.78410226000000005 0.78091451999999995 0
0.78414598000000002 0.34664330999999998 0
0.78427164000000005 0.98529511999999997 0
0.78438962000000001 0.079814319999999994 0
0.78467651000000005 0.22581043000000001 0
0.78471089999999999 0.53861455000000003 0
0.87715297999999997 0.18451542000000001 0
0.78476239999999997 0.13982838 0
0.78484894999999999 0.49995592 0
0.78485495999999999 0.44012400000000002 0
0.78486398999999996 0.95333128 0
0.78486880999999997 0.073265830000000004 0
0.96293214999999999 0.68829286000000001 0
0.78494218999999998 0.78278643999999997 0
0.78497183000000004 0.011404869999999999 0
0.78499845000000001 0.83122141999999999 0
0.78502846999999998 0.65304087 0
0.78503862999999996 0.59836029000000002 0
0.78507605000000003 0.44831837000000002 0
0.78525813 0.82161711999999998 0
0.78530414000000004 0.41408172999999998 0
0.78542226999999998 0.20118595 0
0.78546240000000001 0.0040985500000000003 0
0.78553353000000004 0.31739107 0
0.78570846000000005 0.20704639 0
0.78589609999999999 0.97157285000000004 0
0.78612198 0.41939800999999999 0
0.78613566999999995 0.19355579000000001 0
0.78616626999999994 0.74445925999999996 0
0.78616931000000001 0.0085186299999999993 0
0.78630283999999995 0.26724379999999998 0
0.78630465000000005 0 0
0.78635922999999996 0.84076441999999996 0
0.78663954999999997 0.99924793000000001 0
0.78672186 0.17108620999999999 0
0.78681080999999997 0.40475044999999998 0
0.78690643999999998 0.0409951 0
0.78692839999999997 0.33184013000000001 0
0.78707183999999997 0.26435741000000001 0
0.78726030000000002 0.84830936999999995 0
0.78754097000000001 0.86922016000000002 0
0.78759170999999994 0.22143152999999999 0
0.78768914999999995 0.25208718000000002 0
0.78770424000000006 0.35235348999999999 0
0.78771256999999995 0.62474390999999996 0
0.78772737000000004 0.021864660000000001 0
0.78773177999999999 0.98040793000000004 0
0.78781363000000004 0.56121226999999996 0
0.78785466999999998 0.84867537999999998 0
0.78787430999999997 0.44642227000000001 0
0.78789505000000004 0.33774890000000002 0
0.99073820000000001 0.85003978999999996 0
0.78815581999999995 0.17919064000000001 0
0.78823193999999996 0.96210313999999997 0
0.78836518 0.084062310000000001 0
0.78845644000000004 0.95299235999999998 0
0.78849281999999998 0.07691154 0
0.78864937000000002 0.92077617 0
0.78864957000000002 0.48072656000000002 0
0.78877227000000005 0.86762947000000001 0
0.78881025999999999 0.68124925000000003 0
0.99301865 0.26125002000000003 0
0.78894143999999999 0.0042660600000000003 0
0.78901036000000002 0.63561635000000005 0
0.78919620000000001 0.76792839000000002 0
0.78919866000000005 0.53017157000000004 0
0.78935080000000002 0.61807531999999998 0
0.78935920999999998 0.79168013000000004 0
0.78965048000000004 0.13702307999999999 0
0.78977664999999997 0.98551358 0
0.96507242999999998 0.89767987999999999 0
0.99304548000000004 0.20173025 0
0.78993376000000004 0.42713430000000002 0
1 0 0
0.78995486000000004 0.79965101000000005 0
0.79000707000000003 0.46168667000000002 0
1 0.27959060000000002 0
0.79012364000000002 0.59441825000000004 0
0.79021741000000001 0.66286758000000001 0
0.79022360000000003 0.75733596000000003 0
0.79024583000000004 0.75267618999999997 0
0.79038043999999996 0.99424723999999998 0
0.79040014000000003 0.97510554999999999 0
0.79055206 0.64333825 0
0.79058859999999997 0.50246619999999997 0
0.79066919000000002 0.57678501999999998 0
0.79068709000000004 0.48956538999999999 0
0.79075960000000001 0.37511856999999998 0
0.79078426999999996 0.94399365999999996 0
0.79083433000000003 0.04792652 0
0.79103827999999998 0.90651157000000004 0
0.79107037000000002 0.58059256999999997 0
0.79108308999999999 0.4319923 0
0.79118401000000005 0.40924844999999999 0
0.79124114999999995 0.99455192000000003 0
0.79125040000000002 0.63742489999999996 0
0.79130128 0.20130924 0
0.96806459 0.85394705000000004 0
0.79137380999999996 0.77262741999999995 0
0.79166439 0.98277400999999998 0
0.79181661999999997 0.57028190000000001 0
0.79187620999999997 0.58049550000000005 0
0.79193044000000001 0.32835302 0
0.79193314000000004 0.17680878999999999 0
0.79194489999999995 0.96855908000000002 0
0.79200314000000005 0.45906250999999998 0
0.79200999999999999 0.19521163 0
0.79221328999999996 0.016771560000000001 0
0.79227132 0.59799616 0
0.79240893000000001 0.10886105 0
0.79242895999999996 0.52540324000000005 0
0.79250690999999995 0 0
0.79253359999999995 0.58835218 0
0.79265454000000002 0.83213344 0
0.79268934999999996 0.70949264999999995 0
0.79269862000000002 0.83141050000000005 0
0.79270642999999996 0.21725393000000001 0
0.79283797 0.0043623799999999999 0
0.79284511000000002 0.58688733999999998 0
0.86920900000000001 0.42680262000000002 0
0.79288482000000005 0.19002541000000001 0
0.79292680999999998 0.42526276000000002 0
0.79296548 0.29512549999999999 0
0.79297289999999998 0.85296945999999996 0
0.79299459999999999 0.53380742000000003 0
0.79303031999999996 0.59981481999999997 0
0.79308683999999996 0.96094656000000001 0
0.79319804999999999 0.14571755 0
0.79324406999999997 0.78284500999999995 0
0.79327373000000001 0.71544982000000001 0
0.79335712999999997 0.17574776 0
0.79336962 0.24706947000000001 0
0.97171295000000002 0.81753967000000005 0
0.79344411000000004 0.89150790999999996 0
0.96697644000000005 0.83988394 0
0.79361537999999998 0.25233216000000003 0
0.96959490000000004 0.47191321000000003 0
0.79370666999999995 0.65281937000000001 0
0.79372127000000003 0.63671001999999999 0
0.79384279000000002 0.54688040999999998 0
0.79391500999999998 0.59977541000000001 0
0.97413397000000002 0.80272677000000003 0
0.79399907000000003 0.79852961 0
1 0.30233963000000003 0
0.79409204 0.033255090000000001 0
0.79419234000000005 0.18298974000000001 0
0.79420822000000002 0.23417731999999999 0
0.79430058000000003 0.13195570000000001 0
0.79443271000000004 0.42148923999999999 0
0.79446665999999999 0.60809226000000005 0
0.79452168000000001 0.54214434 0
0.79464460999999997 0.97684135999999999 0
0.99945346999999995 0.85080752000000004 0
0.87491417000000005 0.063812919999999995 0
0.99103083999999997 0.94335950999999996 0
0.96965177999999996 0.71214436000000003 0
0.79492991999999996 0.15117390999999999 0
0.79497207000000003 0.81676755999999995 0
0.79504090999999999 0.34715728000000001 0
0.79514715000000002 0.57099520000000004 0
0.79530031000000001 0.79265372000000001 0
0.79535204999999998 0.41959168000000002 0
0.87640423999999995 0.59282816000000005 0
0.79544709000000002 0.01107291 0
0.97188914000000004 0.51550428000000004 0
0.79555193000000002 0.42528028000000001 0
0.79555953000000001 0.26755790000000002 0
0.79568274000000005 0.81959185999999995 0
0.79571111999999999 0.42915569999999997 0
0.79591688999999999 0.12304924 0
0.79592554999999998 0.27879134999999999 0
0.79593645999999996 0.29763692000000003 0
0.79609892999999998 0.62501627000000004 0
0.79611911000000002 0.18927146 0
0.79613224999999999 0.50185049000000004 0
0.79630296 0.71118661000000005 0
0.79632528000000002 0.25935119000000001 0
0.79637738999999996 0.47141979000000001 0
0.96235647000000002 0.43149779999999999 0
0.79640091999999996 0.02640342 0
0.79642455999999995 0.64205814000000005 0
0.79643443999999997 0.46056100999999999 0
0.79657811999999995 0.24945514999999999 0
0.79666950999999997 0.66774054000000005 0
0.79678022000000004 0.14465053 0
0.79679062 0.76159368999999999 0
0.79682445999999996 0.48690953999999997 0
0.79684001999999998 0.01522683 0
0.79684878999999997 0.78257036999999996 0
0.79696643 0.64410860999999997 0
0.79697834999999995 1 0
0.79698486000000002 0.74717051000000001 0
0.79699344999999999 0.8342984 0
0.79705548999999998 0.31206199000000001 0
0.96305766999999998 0.85889557999999999 0
0.79710404000000001 0.20559240000000001 0
0.79719667000000005 0 0
0.79721045000000001 0.70817715000000003 0
0.96709769000000001 0.83314672000000001 0
0.79726980999999997 0.47768182999999997 0
0.79727484999999998 0.79105451999999998 0
0.79751059000000002 0.92757471000000002 0
0.79758196000000003 0.82098713999999995 0
0.79782136000000003 0.42432010999999997 0
0.79784054000000004 0.42500502000000001 0
0.96793821999999996 0.90735869000000002 0
0.79785497999999999 0.0029925899999999998 0
0.79793248000000006 0.087089139999999995 0
0.87622856999999998 0.3481167 0
0.79804359000000002 0.042301850000000002 0
0.79805890000000002 0.26036979999999998 0
0.79807733999999997 0.12549912999999999 0
0.79822152000000002 0.81054998 0
0.96041430999999999 0.16874253 0
0.79829753000000003 0.76429491000000005 0
0.79831700999999999 0.99254863000000004 0
0.79834117999999998 0.90168764999999995 0
0.79844572999999996 0.17224017999999999 0
0.79847752999999999 0.95971355000000003 0
0.79850394000000002 0.20735820999999999 0
0.79863835000000005 0.68139249000000002 0
0.96114443000000005 0.57884848 0
0.79866287999999996 0.20266160999999999 0
0.79876128000000002 0.45768557999999998 0
0.79879849000000003 0.19951334000000001 0
0.79879913999999996 0.87362366000000002 0
0.96127766999999997 0.36698115999999997 0
0.87709669999999995 0.24554632000000001 0
0.79908931000000005 0.68020990999999997 0
0.79909154999999998 0.43796043000000001 0
0.79911969000000005 0.80263158000000001 0
0.79928491999999995 0.32284058999999998 0
0.79947458999999998 0.39908243999999998 0
0.79955841999999999 0.68861338999999999 0
0.79968488000000004 0.53200364 0
0.79974915000000002 0.56086237999999999 0
0.79977982999999997 0.12295803 0
0.79980642000000002 0.05448538 0
0.79988128999999997 0.86348367000000004 0
0.79992171999999995 0.72632664000000002 0
0.79994125000000005 0.92942119000000001 0
0.80002302000000003 0.95428707999999995 0
0.80003049999999998 0.36606435999999998 0
0.80004264000000003 0.05392131 0
0.80013593000000005 0.94331695000000004 0
0.86925633999999996 0.63994450999999997 0
0.80018973999999998 0.044219689999999999 0
0.80021677999999996 0.048479800000000003 0
0.80058041000000002 0.34248749000000001 0
0.80064133000000004 0.90791299000000003 0
0.80074712999999997 0.51352226999999995 0
0.80082766999999999 0.40377496000000002 0
0.877749 0.59959883999999997 0
0.80107958000000001 0.23951848000000001 0
0.80111398 0.31701277 0
0.80114598999999997 0.16948389999999999 0
0.80115296000000003 0.62631499000000002 0
0.99938861999999995 0.56817823000000001 0
0.80117989999999994 0.98490917 0
0.80118761999999999 0.083220130000000003 0
0.80121907000000003 0.86097360000000001 0
0.80128756000000001 0.79504045000000001 0
0.80136304000000003 0.43791475000000002 0
0.80136390999999996 0.39483787999999997 0
0.80140009000000001 0.12596346999999999 0
0.80148145999999998 0.0093421000000000008 0
0.80149073000000004 1 0
0.80151784999999998 0.49292795 0
0.80157893999999996 0.95725132999999996 0
0.80166864000000004 0.39086478000000002 0
0.80167217000000002 0.92157359000000005 0
0.80170474000000003 0.33653650000000002 0
0.80172726000000005 0.83032399000000001 0
0.80180821999999996 0.086497329999999997 0
0.96940983000000003 0.06319371 0
0.80197821999999996 0.021228779999999999 0
0.96045206000000005 0.94341257999999995 0
0.80201831000000001 0.17035855 0
0.80203407999999998 0.88704073999999999 0
0.80203511999999999 0.92948123000000005 0
0.80214328000000001 0.42883605000000002 0
0.80217711000000003 0.15021894999999999 0
0.80221717000000003 0.46565239000000003 0
0.80223458999999997 0.42193493999999998 0
0.80240131000000003 0.65985136 0
0.80244013000000003 0.52715493999999996 0
0.80247564000000005 0.63647173000000001 0
0.80255865000000004 0.8053709 0
0.80257049000000003 0.37775163 0
0.96321319999999999 0.43575825000000001 0
0.80262454999999999 0.01458811 0
0.80262661999999996 0.61962211 0
0.80270607999999999 0.12572725000000001 0
0.80274093999999996 0.63717164000000004 0
0.80276365000000005 0.30441038999999998 0
0.80281564000000005 0.32263292999999998 0
0.80293683000000005 0.10640445 0
0.80307399999999995 0.39617882999999998 0
0.99168917999999995 0.90381944999999997 0
0.80317656000000004 0.080723900000000001 0
0.80325259999999998 0.25565847000000003 0
0.80328677000000004 0.18614136000000001 0
0.80330626999999999 0.70521266000000005 0
0.80337389000000003 0.77456818999999999 0
0.80337946000000005 0.64495902000000005 0
0.80352860000000004 0.23704243 0
0.80353894000000003 0.80621750000000003 0
0.80362332000000003 0.27598865 0
0.80368446999999998 0.80350334999999995 0
0.80384029000000001 0.076919570000000007 0
0.96576138 0.036062770000000001 0
0.80397030000000003 0.29833834999999997 0
0.80406264999999999 0.21007793 0
0.80412810999999995 0.071997359999999996 0
0.80431947999999998 0.96613183999999996 0
0.80432176 0.94976340999999997 0
0.99165996999999995 0.44216018000000001 0
0.80440056000000004 0.28821707000000002 0
0.80444243000000004 0.95945968999999998 0
0.80453940000000002 0.56549709000000004 0
0.80458163000000005 0.70491294000000004 0
0.80470830999999998 0.031224930000000001 0
0.80471451999999999 0.69653410999999998 0
0.80476488999999995 0.75860413000000004 0
0.80476627999999995 0.095198560000000002 0
0.97423820000000005 1 0
0.96040057000000001 0.17634760999999999 0
0.80490032 0.78029674000000004 0
0.80493053999999997 0.64401083999999997 0
0.80500059999999996 0.90028156000000004 0
0.80500685999999999 0.42072659000000001 0
0.80517934000000002 0.85366812000000003 0
0.80529070999999997 0.69456846999999999 0
0.80537186999999999 0.0021804099999999998 0
0.99364337000000003 0.10436717 0
0.80572049999999995 0.47791349999999999 0
0.80582540999999996 0.99257788999999996 0
0.80597585999999999 0.70759221999999999 0
0.80598544000000005 0.51829676999999996 0
0.80600205000000003 0.58997021999999999 0
0.80608093999999997 0.14020068999999999 0
0.96826973000000005 1 0
0.80617114000000001 0.20780178999999999 0
0.80618171999999999 0.22295992000000001 0
0.80628911000000003 0.57959453999999999 0
0.80632915000000005 0.59276083000000002 0
0.80648001000000002 0.57273746999999997 0
0.96934156999999999 0.88722931000000005 0
0.80649733999999995 0.60633599999999999 0
1 0.24444414 0
0.87494651000000001 0.66552707 0
0.80655480000000002 0.87139507000000005 0
0.80656251000000001 0.40665575999999998 0
0.96730417000000002 0.92894558999999999 0
0.80681402999999996 0.47708282000000002 0
0.80687832999999998 0.36316726999999999 0
0.80697646000000001 0.96215541000000004 0
0.80706381999999999 0.01085593 0
0.80718162999999998 0.78048141999999998 0
0.80723624999999999 0.30399927999999998 0
0.80735807000000004 0.81710273 0
0.80739733000000002 0.31671304 0
0.80747458000000005 0.65475949 0
0.9632406 0.40220771 0
0.80760171000000003 0.90503233999999999 0
0.80769115000000002 0.83264875000000005 0
0.80774942999999999 0.049076929999999998 0
0.80775808000000004 0.038567829999999997 0
0.80780739999999995 0.08308227 0
0.80785806000000004 0.28912303 0
0.80790211000000001 0.67230564999999998 0
0.80791113999999997 0.68383603999999998 0
0.80801000999999995 0.13570512000000001 0
0.80802328999999995 0.43186961000000001 0
0.96968003999999997 0.76510876000000005 0
0.80817812 0.48488256000000002 0
0.80824119999999999 0.92126730000000001 0
0.87623868000000005 0.75110957 0
0.80839342000000003 0.74993058000000001 0
0.80848660000000006 0.073171189999999997 0
0.80850405999999997 0.33716383 0
0.80850476999999998 0.84807611000000005 0
0.99086054999999995 0.68193811999999998 0
0.80864860000000005 0.64321244 0
0.80865622999999998 0.41239305999999998 0
0.80876603000000002 0.82973618999999998 0
0.99355528999999998 0.32495739000000001 0
0.80887931000000002 0.38070373000000002 0
0.80901308000000005 0.46107527999999998 0
0.80902578999999997 0.68847404000000001 0
0.80912596000000003 0.56369042000000003 0
0.80915504000000005 0.80679878999999999 0
0.80928922000000003 0.05551611 0
0.80937915000000005 0.81812797999999998 0
0.80938768000000005 0.68236931000000001 0
0.80939287000000004 0.67906767999999995 0
0.80947765999999999 0.92633403999999997 0
0.80948207999999999 0.44017924000000003 0
0.80955312999999995 0.93324585000000004 0
0.80958722999999999 0.95999685000000001 0
0.80966168000000005 0.58102043000000003 0
0.80967012999999999 0.16964559000000001 0
0.80972960999999999 0.22952175 0
0.80982462 0.63308348000000003 0
0.80982467000000002 0.47769483000000001 0
0.80989758000000001 0.67944937000000005 0
0.81001535999999996 0.79690351000000004 0
0.81004204999999996 0.34385995000000003 0
0.81006438000000003 0.39385757999999998 0
0.87771655000000004 0.61138643999999998 0
1 0.25084916000000002 0
0.81030519999999995 0.01481029 0
0.81034176000000002 0.97785478000000003 0
0.81041881000000004 0.11180353 0
0.81042311 0.15909967999999999 0
0.81049605000000002 0.73968462999999995 0
0.81057984000000005 0.10168091999999999 0
0.81076168999999998 0.38622019000000002 0
0.96957377 0.80736445000000001 0
0.81096212000000001 0.69835725000000004 0
0.81097470999999999 1 0
0.81107969000000002 0.40335211999999998 0
0.81112097000000005 0.29371026 0
0.81114332 0.58733362 0
0.81117289000000004 0.82355356999999996 0
0.81123997000000003 0.02079756 0
0.81136153 0.92997222000000002 0
0.8113648 0.59512602000000003 0
0.81141490000000005 0.089220930000000004 0
0.81152159000000001 0.78622338999999997 0
0.81169075000000002 0.52627369999999996 0
0.81183570000000005 0.66977083000000004 0
0.81193687999999997 0.27478914999999998 0
0.96719412000000005 0.53953439999999997 0
0.81204266999999997 0.094465569999999999 0
0.81212366999999996 0.86937134000000005 0
0.81215329000000003 0.45266236999999998 0
1 0.31235612000000001 0
1 0.94466190000000005 0
0.81243359999999998 0.96661472000000004 0
0.81257767999999997 0.11608941 0
0.81261379 0.044154869999999999 0
0.81265229999999999 0.74570110000000001 0
0.96248986999999997 0.91675821000000002 0
0.81274555000000004 0.16041848 0
0.81274683000000003 0.71501355 0
1 0.029896019999999999 0
0.81285035000000005 0.62207707999999995 0
0.81292692 0.36899278000000002 0
0.81293800000000005 0.77015721000000004 0
0.81301780999999995 0.54449351000000001 0
0.81302147000000002 0.40111541000000001 0
0.81313062000000003 0.21399815 0
0.81319819999999998 0.16772740999999999 0
0.81320395999999995 0.61214035 0
0.81326834000000003 0.70389153000000004 0
0.81343637000000002 0.74001417999999997 0
1 0.029133389999999999 0
0.81347285999999996 0.95802474000000004 0
0.81351825 0.21325421999999999 0
0.99308719000000001 0.83416970999999995 0
0.81360547999999999 0.30149963000000002 0
0.81362358999999995 0.50672075000000005 0
0.81378245999999999 0.95953754000000002 0
0.99949248999999996 0.1734551 0
0.81383883999999995 0.21177702000000001 0
0.81385384000000005 0.35285554000000002 0
0.813855 0.95804453999999994 0
0.81415504999999999 0.93947515000000004 0
0.81423005000000004 0.71881096 0
0.8142741 0.45160929999999999 0
0.81433144000000002 0.42800175000000001 0
0.81433169000000005 0.20113017999999999 0
0.81442123 0.20705084000000001 0
0.81443273000000005 0.18696509 0
0.81450758999999995 0.70218354000000005 0
0.81453050999999999 0.51868331000000001 0
0.81464592999999996 0.37498414000000002 0
0.81479864999999996 0.73933404000000003 0
0.96976428999999997 0.56257663999999996 0
0.81503572999999996 0.99433585000000002 0
0.81509463999999998 0.46837368000000001 0
0.87088208 0.46993865000000001 0
0.81525590999999997 0.43227454999999998 0
0.81529251999999997 0.75515304000000005 0
0.81530404999999995 0.34615507000000001 0
0.81542791000000003 0.48693678000000001 0
0.81553127000000003 0.16474785 0
0.81567034000000005 0.89663799 0
0.81571627000000002 0.0027458500000000002 0
1 0.34298888 0
0.81575447999999995 0.36437591000000003 0
0.81576760999999998 0.93351768000000002 0
0.81580761999999996 0.065283190000000005 0
0.81580775000000005 0.69752590999999997 0
0.81589761000000005 0.63275687999999997 0
0.81597348999999997 0.67128186999999995 0
0.81601681999999998 0.64690871000000005 0
0.81609922999999995 0.036015779999999997 0
1 0.99247911 0
0.81617759999999995 0.071027380000000001 0
0.96128820000000004 0.41056741000000002 0
0.81628822000000001 0.85878487999999997 0
1 0.38818914999999998 0
0.96833630999999998 0.56731887999999997 0
0.81649066999999997 0.95332402999999999 0
0.81658169999999997 0.14638200000000001 0
0.81660257000000003 0.79096047000000003 0
0.81665905999999999 0.25462074000000001 0
0.81667612000000001 0.58779294000000004 0
0.81671229000000001 0.28422227 0
0.81672465999999999 0.23810629 0
0.81677542999999997 0.32495492999999998 0
0.81683413000000005 0.11607735 0
0.81689104000000001 0.50803598000000005 0
0.81694376000000002 0.49829867 0
0.81699367000000001 0.32471633 0
0.81727136 0.85186152999999998 0
0.81728202999999999 0.10900132 0
0.81742736999999999 0.28923969999999999 0
0.96730656000000004 0.98768800999999995 0
0.81749852000000001 0.01466663 0
0.81753851 0.76539363999999999 0
0.81756662999999996 0.40793694000000003 0
0.81761846000000005 0.21941087000000001 0
0.81769148999999997 0.12943571000000001 0
0.81770719000000003 0.46768352000000002 0
0.81779367999999997 0.70137746999999995 0
0.99314740999999995 0.95512085999999996 0
0.81782462 0.15039079 0
0.81825652999999998 0.054188710000000001 0
0.81832344000000001 0.27011842000000003 0
0.81833400999999995 0.22109983 0
0.81838853 0.74401857000000005 0
0.81840329999999994 0.93097328000000001 0
0.81842504000000005 0.88910162999999998 0
0.96131540999999998 0.0100721 0
0.81846885999999996 0.56155975999999996 0
0.81847625999999996 0.27760737000000002 0
0.81847851999999999 0.095801849999999994 0
0.81850982999999999 0.50508423000000002 0
0.81856870999999998 0.73550114 0
0.81860451999999995 0.85123497000000004 0
0.81864998 0.59219414999999997 0
0.81871556999999995 0.85527936999999998 0
0.81877685 0.022255150000000001 0
0.81878346999999996 0.68414575 0
0.81879296999999995 0.63045899999999999 0
0.81904924999999995 0.10460714 0
1 0.013155460000000001 0
0.81913784999999995 0.81757400000000002 0
0.81914248999999995 0.91745741999999997 0
0.81924417000000005 0.77973760000000003 0
0.81925508999999996 0.1961832 0
0.81925802999999997 0.23576952000000001 0
0.81931138999999997 0.36084881000000002 0
0.81946015000000005 0.81224355000000004 0
0.81949629000000002 0.98036250000000003 0
0.81965383000000003 0.80548525000000004 0
0.81966846000000004 0.31745107 0
0.81968392000000001 0.20661383999999999 0
0.81971280999999996 0.25523820000000003 0
0.81981132999999995 0.89807095999999997 0
0.96405132000000004 0.79947831000000003 0
0.81995284999999996 0.94108829999999999 0
0.81995819999999997 0.96451953999999995 0
0.82000910999999999 0.62528377999999996 0
0.96799168000000002 0.55633474000000005 0
0.82019889999999995 0.81758021000000003 0
0.82039229999999996 0.48400399999999999 0
0.82040433999999995 0.018254639999999999 0
0.82048171000000003 0.58162528999999996 0
0.82057853999999997 0.72321729999999995 0
0.82063028000000005 0.26751060999999998 0
0.82064552999999996 0.87115251000000005 0
0.82065041999999999 0.38103114999999999 0
0.82065144000000001 0.071014519999999998 0
0.82074232999999996 0.96223566000000005 0
0.82078616999999998 0.51566575999999997 0
0.82085642999999997 0.96570497 0
0.82100888999999999 0.40846854999999999 0
0.82104370999999998 0.10759384 0
0.82105525000000001 0.50276471 0
0.82107525000000003 0.84494175999999999 0
0.96411811000000003 0.32157383 0
0.82115031000000005 0.17839543999999999 0
0.82116646999999998 0.37308555999999998 0
0.82121105999999999 0.93600872999999996 0
0.82132247000000003 0.51283067000000004 0
0.82136081000000005 0.1310122 0
0.82152676999999996 0.33775970999999999 0
0.82168646000000001 0.24666879 0
0.82169574000000001 0.14532329999999999 0
0.82172093999999996 0.28521635000000001 0
0.99363690000000005 0.62916490999999997 0
0.82187577999999994 0.32883236999999998 0
0.82188388000000001 0.36499337999999998 0
0.82189557000000002 0.33344484000000002 0
0.82191565 0.36597960000000002 0
0.82196860999999999 0.01243847 0
0.82204083999999999 0.47398151999999999 0
0.82211665 0.27722908000000002 0
0.82227622 0.58969419999999995 0
0.82230137000000003 0.66271338999999996 0
0.82233666999999999 0.27765570000000001 0
0.82236604999999996 0.23050992000000001 0
0.82240871999999998 0.85828108999999997 0
0.82254821 0 0
0.82255849000000003 0.88361745000000003 0
0.82257332999999999 0.3646586 0
0.82263620000000004 0.88935101000000005 0
0.82282100999999996 0.090817679999999998 0
0.96271335000000002 0.14415828999999999 0
0.82286380999999997 0.081519179999999997 0
0.82290200000000002 0.36096397000000002 0
0.82290728999999996 0.25791512 0
0.96355944000000004 0.02586577 0
0.82301146000000003 0.29457673000000001 0
0.82307158000000002 0.85101422000000004 0
0.82311522999999998 0.15322874 0
0.82316040000000001 0.86046038000000002 0
0.82319540000000002 0.36432818 0
0.82322660000000003 0.63902981000000003 0
0.82328221000000001 0.43240115000000001 0
0.82339527999999995 0.91578212000000003 0
0.82342409999999999 0.54338967999999999 0
0.82343935000000001 0.11098972999999999 0
0.82371651000000001 0.21147647 0
0.82371695 0.92129585999999997 0
0.96143928999999995 0.75292263000000004 0
0.82379234999999995 0.84672048 0
0.82383998999999997 0.58932638999999998 0
0.82387710999999997 0.58666801999999996 0
0.82392279999999996 0.045587759999999998 0
0.82395461000000003 0.66257105999999999 0
0.82397544 0.47335876999999998 0
0.82403941000000003 0.39567310999999999 0
0.82418210000000003 0.25583549 0
0.82425415999999996 0.72109687 0
0.82427450000000002 0.90576495000000001 0
0.82450199999999996 0.057459440000000001 0
0.82455931000000005 0.47915795 0
0.82463553000000001 0.60795014000000003 0
0.82465902000000002 0.59805240999999998 0
0.82469031000000004 0.48115316000000002 0
0.82480812000000003 0.62595480999999997 0
0.82497450000000005 0.57639156999999996 0
0.82500216999999998 0.030121370000000001 0
0.99318748000000001 0.58352382000000003 0
0.82512441000000003 0.19095374000000001 0
1 0.14923117 0
0.82531146 0.88595942000000005 0
0.82536872999999999 0.69168059000000004 0
0.82539728000000001 0.52960914999999997 0
0.82551878999999995 0.88471997000000002 0
0.82553498999999997 0.061966779999999999 0
0.82554517000000005 0.24070253 0
0.99694282999999995 0.38484821000000002 0
0.82563587999999999 0.74359450999999999 0
0.82567822000000002 0.026417929999999999 0
0.82577681999999997 0.81780078 0
1 0.40918072999999999 0
0.82581543000000002 0.23757782 0
0.82582951000000004 0.37373193999999998 0
0.82585496000000003 0.71898510000000004 0
0.82586504999999999 0.68056791999999999 0
0.82590355999999998 0.34653267999999998 0
0.82592253000000004 0.72926915999999997 0
0.82603543999999995 0.73896735999999996 0
0.82607008999999998 0.22617498 0
0.82608104000000004 0.069152930000000001 0
0.96802301999999996 0.32833570000000001 0
0.82624074999999997 0.087675799999999998 0
0.82632969000000001 0.58218080999999999 0
0.82634083999999997 0.79085724999999996 0
0.82648547000000006 0.22777659 0
0.82650952 0.15719427 0
0.82654978999999995 0.40956247000000001 0
0.82662769000000003 0.87142220000000004 0
0.82665208999999995 0.71544037999999999 0
0.82668408999999998 0.62080270999999998 0
0.97039280999999999 0.2321616 0
0.82685600999999997 0.66935997000000003 0
0.82688711000000004 0.91913564000000003 0
0.82693499999999998 0.28899749000000002 0
0.82695704999999997 0.96880697999999998 0
0.97030813000000005 0.090906680000000004 0
0.82701458999999999 0.85379614999999998 0
0.82719869000000001 0.83572097999999995 0
0.82732318000000005 0.47562235000000003 0
0.82734226 0.89829322 0
0.96177274000000001 0.034335739999999997 0
0.82745522999999999 0.89943583999999999 0
0.82748336 1 0
0.82756423000000001 0.91956141000000002 0
0.82763160999999996 0.080846860000000006 0
0.82774859999999995 0.81673649999999998 0
0.96403481999999996 0.19889109999999999 0
0.82782743999999997 0.90087373999999998 0
0.82787012999999998 0.36043292999999998 0
0.82790171999999995 0.20059557 0
0.82796135000000004 0.071673570000000006 0
0.82797745 0.71433846000000001 0
0.96195251000000004 0.82670392999999998 0
0.82804319999999998 0.38685956999999999 0
0.82815620000000001 0.12815951 0
0.82816285999999995 0.44338049000000002 0
0.82818893999999998 0.59003247000000003 0
0.82826339000000004 0.42159090999999999 0
0.82833093999999996 0.90717705999999998 0
0.82834669999999999 0.82729395999999999 0
0.82841975999999995 0.25805549 0
0.82842389999999999 0.17536520999999999 0
0.82848465000000004 0.68034914999999996 0
0.82861046999999999 0.21415577999999999 0
0.82863748999999998 0.49198649 0
0.82870200999999999 0.63130993999999996 0
0.82872831000000002 0.82443255999999998 0
0.82877243 0.31051972999999999 0
0.82877325999999996 0.26727722999999998 0
0.96896351000000003 0.24493110000000001 0
0.82908594000000002 0.72431725000000002 0
0.82913000999999997 0.96526743000000004 0
0.99186187000000003 0.17918121000000001 0
0.99255031999999999 0.63670981000000004 0
0.82926906 0.62440319 0
0.82930276000000003 0.64753095999999999 0
0.82938188999999995 0.34281397000000002 0
0.82938372999999999 0.013855849999999999 0
0.82952254000000003 0.058596090000000003 0
0.82954936000000001 0.56735128999999995 0
0.82958019000000005 0.95834651999999998 0
0.82968441000000004 0.25163955999999998 0
0.82970321999999996 0.98499398000000005 0
0.82972809000000003 0.71830185000000002 0
0.82978684000000003 0.30358147000000002 0
0.82983852999999996 0.69494138999999999 0
0.82984400000000003 0.34384798999999999 0
0.82987829000000002 0.23140335000000001 0
0.82987911999999997 0.44597061999999998 0
0.83000607999999998 0.86398299000000001 0
0.83014823000000004 0.091523270000000004 0
0.83016354000000003 0.39124657000000002 0
0.83017037000000005 0.86383151999999996 0
0.99242147000000003 0.31051532999999998 0
0.83029399999999998 0.19514971 0
0.99483093 0.13345654000000001 0
0.83032757000000001 0.66978207999999995 0
0.83038162000000004 0.99687387000000005 0
0.83040678000000001 0.00049242000000000003 0
0.83046423000000003 0.04231439 0
0.83050122999999998 0.13987978000000001 0
0.83063606000000001 0.13020142000000001 0
0.83066472000000002 0.76715566999999996 0
0.83071662000000002 0.56606089999999998 0
0.83078014 0.15202604 0
0.83078510999999999 0.73888100999999995 0
0.83081605999999997 0.098011260000000003 0
0.83087047000000003 0.30567535000000001 0
0.83090047 0.70287213000000004 0
0.83115055000000004 0.32731908999999998 0
0.83117936000000003 0.74720299999999995 0
0.97182517999999996 0.086841810000000005 0
0.83125954000000002 0.10664317 0
0.83131295000000005 0.12413029 0
0.83145042999999996 0.66155679999999994 0
0.83148374000000003 0.60782685000000003 0
0.83152532999999995 0.22420867 0
1 0.14141619 0
0.83167508999999995 0.85145587 0
0.83167548999999996 0.33980630000000001 0
0.83172263999999996 0.84224604000000003 0
0.83185425999999996 0.018059720000000001 0
0.83190072000000004 0.66476919000000001 0
0.83193766999999996 0.73338418000000005 0
0.83203369999999999 0.55248408000000004 0
0.83204186999999996 0.90327299000000005 0
0.83233252000000002 0.60797906999999995 0
0.83241458000000002 0.068893839999999998 0
0.83245966999999998 0.43004895999999998 0
0.83251677000000002 0.14699287999999999 0
0.83251721999999995 0.58784899999999995 0
0.83260230000000002 0.75913259 0
0.83275631000000006 0.22865472000000001 0
0.83276309999999998 0.63939265000000001 0
0.83284137999999996 0.19547065999999999 0
0.99537819999999999 0.59015757000000002 0
0.83301329999999996 0.83329328000000003 0
0.83308466000000003 0.60306433000000004 0
0.83312918999999996 0.50785172000000001 0
0.83324514000000005 0.36291317000000001 0
0.83326389000000001 0.67441797999999997 0
0.83329184000000001 0.01082112 0
0.83330382999999997 0.080203189999999994 0
0.83330616000000002 0.42032730000000001 0
0.83352203000000002 0.33609376000000002 0
0.83362740999999996 0.33945613000000002 0
0.83364828000000002 0.018374950000000001 0
0.9922995 0.19525450999999999 0
0.83371806000000004 0.90254292999999997 0
0.83384575000000005 0.73447878 0
0.83390089000000001 0.27360320999999999 0
0.83391777 0.74907941 0
0.83395719000000001 0.04032989 0
0.83397664999999999 0 0
0.83399791999999995 0.97739162999999996 0
0.83401486000000002 0.15561720000000001 0
0.83405059000000004 0.60819889999999999 0
0.83409177999999995 0.3395186 0
0.83411606000000005 0.18369369999999999 0
0.83428027000000005 0.56606590999999995 0
0.83432956000000003 0.37842572000000002 0
0.96986114000000001 0.21851355 0
0.83437709999999998 0.24614902999999999 0
0.83439525999999997 0.29417515 0
0.83446975000000001 0.57787323000000002 0
0.83456973999999995 0.40269284 0
0.83469890999999996 0.62192358999999997 0
0.83470285 0.25952677000000002 0
0.83471530999999999 0.85681576000000004 0
0.83473781999999996 0.17777619 0
0.83478511 0.59263244000000004 0
0.83478560999999996 0.61869463999999996 0
0.83485244000000003 0.56237950000000003 0
0.83490193999999995 0.053940080000000001 0
0.87781372000000002 0.18139767000000001 0
0.97050143 0.06502376 0
0.83496689999999996 0.96411555999999998 0
0.83503064000000005 0.36870654000000003 0
0.83508742000000002 0.76872825 0
0.96986077000000004 0.93930652000000003 0
0.99488056000000002 0.73946016999999997 0
0.83522954000000005 0.48446804999999998 0
0.83526157000000001 0.86296846999999999 0
0.83526334000000002 0.66012000999999998 0
0.83539688000000001 0.40863314000000001 0
0.83541513999999994 0.62721923000000002 0
0.83545084999999997 0.53811893 0
0.83551567999999998 0.20675024 0
0.83577992999999995 0.45639054000000001 0
0.83584954 0.93569601999999996 0
1 0.40618943000000002 0
0.83591411000000004 0.75782004999999997 0
0.83591746 0.19949099000000001 0
0.83596166000000005 0.66952909000000005 0
0.83598225000000004 0.75579136999999996 0
0.83605883000000003 0.87325341000000001 0
0.83607900000000002 0.26909845999999998 0
0.86927787000000001 0.77705924999999998 0
0.83615391999999999 0.97499265000000002 0
0.99233064999999998 0.34348019000000002 0
0.83624719999999997 0.35535930999999998 0
0.83628192999999995 0.02566773 0
0.83634078999999995 0.99221870999999995 0
0.83639037999999999 0.73408304999999996 0
0.83641259000000001 0.66640695999999999 0
0.83645349000000002 0.47580864 0
0.83650851999999998 0.95318698999999996 0
0.83657879999999996 0.16035888000000001 0
0.83661419000000004 0.77577611000000002 0
0.96881510999999998 0.48281275000000001 0
0.87611914999999996 0.10541855 0
0.83680418999999995 0.14441838000000001 0
0.83685774999999996 0.01769314 0
0.83688538999999995 0.92475315000000002 0
0.83689356000000004 0.24304460999999999 0
1 0.087891540000000004 0
0.83690575 0.39658102000000001 0
0.83691773999999997 0.72015978999999997 0
0.83699343999999998 0.65235518999999997 0
0.87797248000000006 0.53107123000000001 0
0.96325415999999997 0.41079006000000001 0
0.83723890000000001 0.46781930999999999 0
0.83730937000000005 0.17122098999999999 0
0.83745928000000003 0.044007280000000003 0
0.83748549000000005 0.29990308999999998 0
0.83754945000000003 0.91677125000000004 0
0.83761028000000004 0.92745613999999998 0
0.83771777999999997 0.21087106 0
0.83772078000000005 0.61906985999999997 0
0.83774451000000005 0.0056966100000000004 0
0.83781583999999998 0.13338927 0
0.83795830999999998 0.62476217999999994 0
0.83814577999999995 0.32648443999999999 0
0.83818588000000005 0.12935748999999999 0
0.83820106000000005 0.19216391999999999 0
0.83821782 0.82555946000000002 0
0.83832764000000004 0.83596442000000004 0
0.83843528 0.25643073999999999 0
0.83847289000000003 0.60774236000000004 0
0.83862866999999996 0.26505710999999998 0
0.83864106000000005 0.62086487999999995 0
0.83875516000000006 0.78020818999999997 0
0.96161247999999999 0.40537602 0
0.83877336000000002 0.52062151999999995 0
0.83880836000000003 0.65108891000000002 0
0.83889016000000005 0.95946021000000004 0
0.83889703999999998 0.21831843000000001 0
0.83889764 0.60173553000000002 0
0.83890281 0.37557793 0
0.8389875 0.86418134999999996 0
0.99465579000000004 0.38838146000000001 0
1 0.61770194 0
0.83914365999999996 0.10544096999999999 0
0.83917403999999995 0.38138202999999998 0
0.83923716999999998 1 0
0.83930046000000003 0.84231102000000002 0
0.83932209000000002 0.25039275999999999 0
0.83951372999999996 0.44508836000000002 0
0.83955345000000003 0.56850259999999997 0
0.83960824000000001 0.26640655000000002 0
0.83971629999999997 0.50111731999999998 0
0.96836781999999999 0.70152154 0
0.83986041 0.10796034 0
0.8398622 0.15492655 0
0.83989689999999995 0.82045679999999999 0
0.83991364000000002 0.86303832000000003 0
0.83999562000000005 0.82141489000000001 0
0.84000448999999999 0.47828129000000003 0
0.84005136999999996 0.13208797999999999 0
0.84010790000000002 0.75518123999999998 0
0.84018276000000003 0.8088997 0
0.84026529000000005 0.70005260000000002 0
0.84040661999999999 0.67178989 0
0.84054910000000005 0.65886427999999997 0
0.84065431000000002 0.48374499999999998 0
0.84065551000000005 0.15881418999999999 0
0.84066070000000004 0.71882866999999995 0
0.84078967999999998 0.12637693999999999 0
0.84082064999999995 0.98611519000000003 0
0.96159671000000002 0.90956303999999999 0
0.84085063000000004 0.47579595000000002 0
0.84087405999999998 0.54643721999999995 0
0.96414951000000004 0.016804300000000001 0
0.84094946000000004 0.9183095 0
0.86915363000000001 0.38792744000000001 0
0.99253922000000006 0.59409466 0
0.96132395999999998 0.81642735 0
0.84108499000000003 0.54899533 0
0.84112144 0.0053056500000000003 0
0.84117929999999996 0.97394082000000004 0
0.84122454000000002 0.67434201999999999 0
0.84128829000000005 0.49330785999999999 0
0.84131124999999995 0.68324280000000004 0
0.84133681000000005 0.46755183 0
1 0.084126820000000005 0
0.84141949999999999 0.292626 0
0.84142433000000005 0.29575118 0
0.84146799999999999 0.19362324 0
0.84146834000000004 0.89058532000000001 0
0.84151748000000004 0.53311385 0
0.84164364999999997 0.82913267999999996 0
0.84175820000000001 0.63741172999999995 0
0.84177725999999997 0.28182162999999999 0
0.96210107 0.74299822000000004 0
0.84182592999999994 0.75757532999999999 0
0.84185231000000005 0.42821273999999998 0
0.84188246 0.36262617000000003 0
0.84194374999999999 0.18123233999999999 0
0.84201126999999998 0.86298039000000004 0
0.84205903999999998 0.96287732999999998 0
0.84222132000000005 0.57960144999999996 0
0.84229213000000003 0.14501117999999999 0
0.84236418999999996 0.40032021000000001 0
0.84239896999999997 0.75120070999999999 0
0.84247466999999998 0.97477484000000003 0
0.84253966000000002 0.64063908999999997 0
0.84256032000000003 0.38041008999999998 0
0.84256481000000005 0.029663309999999998 0
0.84262901000000001 0.35311451999999999 0
0.84268248999999995 0.38580466000000002 0
0.84274932000000002 0.1142172 0
0.84278726999999998 0.069876839999999996 0
0.84282628000000004 0.32348342000000002 0
0.84291574999999996 0.20377095000000001 0
0.84292842000000001 0.089268810000000004 0
0.84295003999999996 0.47085199999999999 0
0.84297597999999996 0.22478323 0
0.84300118999999996 0.26093897999999999 0
0.84300786999999999 0.98236922999999998 0
0.84303877000000005 0.13835855999999999 0
0.84329723999999995 0.032670610000000003 0
0.99172070999999995 0.65319539999999998 0
0.84353014000000004 0.036522230000000003 0
0.96514007999999996 0.74326247999999995 0
0.84359993 0.27162364999999999 0
0.84363933000000002 0.90659449000000003 0
0.84372358999999997 0.48369884000000002 0
0.84390763999999996 0.12746523000000001 0
0.96885509000000003 0.82543310999999997 0
0.84395666000000003 0.86983131000000002 0
0.84404933999999998 0.70500591999999995 0
0.84406477999999996 0.20965084 0
0.84426557000000002 0.71183688000000001 0
0.84431447999999998 0.58991649999999995 0
0.96349633000000001 0.57581786000000001 0
0.84438179999999996 0.87513730000000001 0
0.84449015000000005 0 0
0.84451058000000001 0.32347112 0
0.84456785000000001 0.20773821000000001 0
0.84469691000000002 0.051904489999999998 0
0.84472605999999995 0.35163545000000002 0
0.84476708 0.19145630999999999 0
0.84487920000000005 0.86556407000000002 0
0.84496444000000004 0.69168600999999996 0
0.84496853000000005 0.92823127000000005 0
0.84501618000000001 0.79601622000000005 0
0.84506714000000005 0.93622992999999999 0
0.84549914999999998 0.44778963999999999 0
0.84551812999999998 0.65583828 0
0.84569665999999999 0.53989697999999997 0
0.845723 0.14938467999999999 0
0.84573619 0.73999848000000001 0
0.84575902999999997 0.089251349999999993 0
0.84589471999999999 0.26005802 0
0.84592235999999998 0.56358251999999998 0
0.84592666000000005 0.67512711999999997 0
0.84596232999999998 0.77924720000000003 0
0.84597548 0.044390319999999997 0
0.84600558999999997 0.52970097999999999 0
0.84601093000000005 0.13088176000000001 0
0.84603337999999995 0.38845418999999998 0
0.84611597999999999 0.96752472 0
0.84621891000000005 0.57675021000000004 0
0.84634854999999998 0.87021285999999998 0
0.84665031999999996 0.63519724 0
0.84669497000000005 0.24788030999999999 0
0.84677199000000003 0.19243890999999999 0
0.84682294000000002 0.51705449000000003 0
0.84688498000000001 0.23154234000000001 0
0.84700635999999996 0.83203892000000002 0
0.99190862000000002 0.31572307999999999 0
0.84706565 0.33341395000000001 0
0.84711011000000003 0.45198138999999998 0
0.84713601999999999 0.26781463999999999 0
0.84725309999999998 0.24900985 0
0.84731047000000004 0.15627051 0
0.84736180999999999 0.32072527000000001 0
0.84738566000000004 0.29866206000000001 0
0.84738857999999995 0.81958061000000004 0
0.84741268999999997 0.68559654000000003 0
0.96415092000000002 0.97931362 0
0.84750422999999997 0.25767968000000002 0
0.84770957000000002 0.64215032999999999 0
0.84782979000000003 0.93739276999999999 0
0.84787608999999997 0.84958500999999997 0
0.96850091000000005 0.29540791 0
0.84789817999999995 0.21010888 0
0.99187698000000002 0.8009539 0
0.84793476999999995 0.75200648000000003 0
0.84796733000000002 0.15307239 0
0.84815158999999996 0.27477874000000002 0
0.84815202999999995 0.48174464 0
1 0.45149426999999998 0
0.84833480999999999 0.38272823 0
0.84838460000000004 0.81489582999999999 0
0.84844858999999995 0.40858231 0
0.84847766999999996 0.17473857000000001 0
1 0.33417558000000003 0
0.8486882 0.77689039000000004 0
0.84875018000000002 0.68821796000000002 0
0.99466975999999996 0.11213219000000001 0
0.84881459000000004 0.95980633999999998 0
0.84887000999999995 0.15816079 0
0.84908507 0.60529869000000003 0
0.84920574999999998 0.42545717 0
0.84921868 0.40591147 0
0.84935399 0.14581678000000001 0
0.84938522999999999 0.22040075000000001 0
0.84956916000000005 0.71116268999999999 0
0.84960016000000005 0.96293645000000005 0
0.84960122000000005 0.83610242000000001 0
0.84969351999999998 0.85512977000000001 0
0.84978500000000001 0.46309527 0
0.84980264000000005 0.46776944999999998 0
0.84983945000000005 0.87633952999999998 0
0.84997208000000002 0.88567892000000004 0
0.84998509 0.58618029999999999 0
0.85001464999999998 0.31631966 0
0.85003812000000001 0.35576532 0
0.85005589999999998 0.13435040000000001 0
0.85006197999999999 0.30799538999999998 0
0.85018682000000001 0.23231278999999999 0
0.85021968999999997 0.22952449999999999 0
0.85026173999999999 0.42873016000000003 0
0.85040698000000003 0.28241268000000003 0
0.85042878 0.97087445999999999 0
0.85051858000000002 0.53113239999999995 0
0.85058405000000004 0.20570631 0
0.85060860999999999 0.25395593999999999 0
0.85061893 0.31805555000000002 0
0.85067404000000002 0.15626356 0
0.85069300999999997 0.79854522999999999 0
0.97216066000000001 0.36658625 0
0.85074616999999997 0.98207646999999998 0
0.85089550000000003 0.86234493000000001 0
0.99392756000000004 0.28446987000000001 0
0.85106435999999996 0.77055507000000001 0
1 0.43380961000000001 0
0.85117348999999998 0.46265958000000001 0
0.85130285999999999 0.61132120000000001 0
0.85134876999999998 0.18311031 0
0.85151231999999999 0.085534260000000001 0
0.99470449000000005 0.30961627000000003 0
0.85159379000000002 0.041981369999999997 0
0.85172393999999996 0.50823467 0
0.85174722999999997 0.80879546000000002 0
0.85176004000000005 0.2925315 0
0.85183297999999996 0.27891903000000001 0
0.85189345000000005 0.11665101999999999 0
0.85195887999999997 0.69670553999999996 0
0.8519698 0.67849504999999999 0
0.85196981999999999 0.32073689999999999 0
0.99391088999999999 0.87036256000000001 0
0.85206064000000004 0.10018324000000001 0
0.85208541000000004 0.94800087 0
0.85211658000000001 0.16589551999999999 0
1 0.47207609 0
0.96369214000000003 0.32940456000000001 0
0.85245983999999997 0.71668264000000004 0
0.86889850999999996 0.66942115000000002 0
0.87522158999999999 0.72400622999999997 0
0.85252731000000004 0.11241608 0
0.85258637999999998 0.70433100999999998 0
0.85259468000000005 0.25957088 0
0.85265062000000003 0.31110184000000002 0
0.96853427000000003 0.51052045000000001 0
0.85272353000000001 0.86899769000000004 0
0.85273527000000005 0.70540082000000004 0
0.85282221999999996 0.76654186000000002 0
0.85284804999999997 0.74364386999999998 0
0.85289300999999995 0.98900365000000001 0
0.85291136999999995 0.15325596 0
0.85297922999999998 0.061086210000000002 0
0.85309177000000003 0.42423941999999998 0
0.85310478000000001 0.70356079999999999 0
1 0.091458250000000005 0
0.85328700999999996 0.047075020000000002 0
0.85330969999999995 0.62450092999999995 0
0.96176899999999999 0.61585383000000005 0
0.85337101000000004 0.070738220000000004 0
0.85339710000000002 0.38289466999999999 0
0.85344547000000004 0.92993753999999995 0
0.85347143999999997 0.66324634999999998 0
0.85351927000000005 0.28805391000000002 0
0.99278412999999999 0.93599418999999995 0
0.85362028999999995 0.14830714 0
0.85365029999999997 0.28594341000000001 0
0.85365051000000003 0.26615191999999999 0
0.85375456000000005 0.043877920000000001 0
0.85378564000000001 0.59240881999999995 0
0.97055641999999998 0.65872096999999996 0
0.85381563000000005 0.78875169999999994 0
0.85381574000000005 0.43557804 0
0.85389530999999996 0.07244167 0
0.85403498 0.55009395000000005 0
0.85417472000000005 0.53788413999999996 0
0.85438354000000005 0.29118885 0
0.85438961999999996 0.68584080999999997 0
0.97062064999999997 0.71131845000000005 0
0.85458484000000001 0.92961539999999998 0
0.85464476 0.69053991000000003 0
0.85475774000000004 0.82629995000000001 0
0.85481289000000005 0.26773978999999998 0
0.85482000999999996 0.94009061999999999 0
0.85484395999999996 0.51857520000000001 0
0.85489884999999999 0.54984082000000001 0
0.85490058000000002 0.96948361999999999 0
0.85496002999999998 0.4775161 0
0.85500860000000001 0.92334028999999995 0
0.99206002000000004 0.74711914000000001 0
0.85508695000000001 0.65386599999999995 0
0.85527565000000005 0.64180501000000001 0
0.85531535999999997 0.25286872999999999 0
0.85535357000000001 0.93964808 0
0.85536988999999997 0.55727826999999996 0
0.85537074000000002 0.36878515000000001 0
0.85539275999999997 0.12535722999999999 0
0.85539898999999997 0.85696185000000002 0
0.85549193000000001 0.85140735000000001 0
0.85558007000000003 0.18275884000000001 0
0.85561620999999999 0.68033641 0
0.85577265999999996 0.46883184 0
0.99223656000000005 0.038119769999999997 0
0.85590619000000001 0.19137726999999999 0
0.85611108999999996 0.073828909999999998 0
0.85621974000000001 0.37206537000000001 0
0.85623037999999996 0.55748502 0
0.85625768999999996 0.93692456999999996 0
0.85630244 0.21129658000000001 0
0.85633959999999998 0.21760584999999999 0
0.85637112999999998 0.25573526000000002 0
0.85641444 0.91625935000000003 0
0.85648990999999997 0.76769050999999999 0
0.85650870000000001 0.45629908000000002 0
0.85654492999999998 0.77829895000000004 0
0.85656854999999998 0.22466109000000001 0
0.85657441000000001 0.072246640000000001 0
0.85659293999999997 0.28998608999999997 0
0.85671209000000004 0.17705096000000001 0
0.85674117000000005 0.03943667 0
0.85684026000000002 0.26029641999999997 0
0.85687557999999997 0.89558384000000002 0
0.85690182000000004 0.48367777000000001 0
0.85696366999999996 0.90014885 0
0.85698138999999995 0.20275298 0
0.87851073999999996 0.62672735000000002 0
0.85699451000000004 0.26686950999999998 0
0.85705909000000002 0.51243181000000004 0
0.85708276999999999 0.59073529000000002 0
0.85715916999999997 0.42782846000000002 0
0.85745707999999998 0.56887991000000004 0
0.85749651999999998 0.20618821000000001 0
0.85754971999999996 0.82143948 0
0.85761896999999998 0.13852162000000001 0
0.85768323999999996 0.53839968999999999 0
0.85772868000000002 0.58859333999999996 0
0.85776459000000005 0.82777544000000003 0
0.85776547000000003 0.85186196000000003 0
0.85783622000000004 0.83046991999999997 0
0.85797277999999999 0.76982441999999995 0
0.85798236000000005 0.71687708000000006 0
0.85801627000000003 0.25249319999999997 0
0.85802697000000006 0.066392290000000007 0
0.99426486000000003 0.35973119999999997 0
0.85805724999999999 0.77991286000000004 0
1 0.10033992 0
0.85815260000000004 0.059625789999999998 0
0.85817827000000002 0.93398471000000005 0
0.85826144999999998 0.61731185 0
0.85826369000000002 0.95751909999999996 0
0.85828685999999998 0.63743512999999996 0
0.97181421999999995 0.75993971999999999 0
0.85852012 0.11809302000000001 0
0.85862581999999998 0.44634573 0
0.85887124000000004 0.62856738999999995 0
0.85892966999999998 0.75837231000000005 0
0.85894068000000001 0.40077359000000001 0
0.85899342999999995 0.24326226000000001 0
0.99408624999999995 0.87131013000000002 0
0.85911842999999999 0.80560717000000004 0
0.85925600000000002 0.57900868000000005 0
0.85928130000000003 0.88895113000000003 0
0.87575365000000005 0.43777066999999997 0
0.85929739000000005 0.80378483999999994 0
0.85951111000000002 0.24828922 0
0.85954982999999996 0.52469323999999995 0
0.85966098000000002 0.68318548000000001 0
0.85968990999999995 0.29947807999999998 0
0.85978842 0.41655431999999998 0
0.87564878000000002 0.48767935000000001 0
0.85982992999999996 0.035733220000000003 0
0.85989307000000004 0.68923471999999997 0
0.96204524999999996 0.65377368999999996 0
0.85992676999999995 0.46994667000000001 0
0.85998596000000005 0.63163183000000001 0
0.85999873000000004 0.46559352999999998 0
0.86010785999999995 0.087629509999999994 0
0.86013969000000001 0.65451819 0
0.86015701 0.86023755999999996 0
0.86021532000000001 0.11510065999999999 0
0.86052300999999998 0.50713087000000001 0
0.86055881999999995 0.29178395000000001 0
0.87617027000000003 0.13167511000000001 0
0.86070469000000005 0.25194253 0
0.86071697000000003 0.73282303999999998 0
0.86078615999999997 0.91534837999999996 0
0.86087718000000002 0.78148446000000005 0
0.86090427000000003 0.11483612 0
0.86090601 0.69303402000000003 0
0.86098774 0.31809598 0
0.86100498000000003 0.42120234000000001 0
0.86110949000000003 0.37863836000000001 0
0.86112104 0.26033833000000001 0
0.86119825000000005 0.99881918000000003 0
0.96173198999999998 0.51336888000000003 0
0.99282066000000002 0.36216259000000001 0
0.86128373000000003 0.72554821999999997 0
0.86139250999999994 0.3248915 0
0.86155780000000004 0.33723269 0
0.86155820999999999 0.068101220000000004 0
0.86166335999999999 0.47150620999999998 0
0.86167207999999995 0 0
0.86180215000000004 0.95302441999999998 0
0.99492992000000002 0.11513574 0
0.86206497000000004 0.2774991 0
0.86208266 0.37493409 0
0.86209502000000005 0.77429658999999995 0
0.86210445000000002 0.0057888899999999997 0
0.86234301000000002 0.62554922000000002 0
0.86250981999999998 0.93854020999999999 0
0.86251177999999995 0.17808045 0
0.86264333000000004 0.07274361 0
0.86292648000000005 0.39245006999999998 0
0.86293688999999996 0.51283241999999996 0
0.86294676999999997 0.64384766000000004 0
0.86296572000000005 0.54277439999999999 0
0.86298196999999999 0.89192965999999996 0
0.86305423000000003 0.34420937000000001 0
0.86306227000000002 0.59890474000000005 0
0.86306609999999995 0.078039289999999997 0
0.86306643000000005 0.69012298000000005 0
0.86307142999999997 0.81546951000000001 0
0.86319528000000001 0.25194323000000002 0
0.86319617000000004 0.63993533000000002 0
0.86327947000000005 1 0
0.86336639000000004 0.68427612000000004 0
0.86349041000000004 0.97734368000000005 0
0.99409804999999996 0.58483273999999996 0
0.86356264000000005 0.79730487999999999 0
0.86362943000000003 0.44047182000000001 0
0.86378752000000003 0.80812821999999995 0
0.86379117000000005 0.4711573 0
0.86380318 0.67867010000000005 0
0.86389570999999998 0.27381375000000002 0
0.86391302999999997 0.15652321 0
1 0.11217931 0
0.96356103000000004 0.41921517000000003 0
0.86405816999999996 0.44998690000000002 0
0.86406558 0.71993039999999997 0
0.86445558 0.31000109999999997 0
0.86450101000000001 0.25350473000000001 0
0.86454509999999996 0.0068461099999999999 0
0.86455009999999999 0.70362749999999996 0
0.86459229000000004 0.39493773999999998 0
0.86465336999999998 0.1467011 0
0.86472011999999998 0.22853522000000001 0
0.97166501000000005 0.044842319999999998 0
0.86472943000000002 0.91089087999999996 0
0.86480025000000005 0.27307599999999999 0
0.99213607000000004 0.53741848000000003 0
0.86489634000000004 0.92259963 0
0.86495829000000002 0.28657959 0
7 419 1232 8341 197 2353 6706 7822 
7 2353 197 4231 1108 8489 7581 6706 
6 7537 7644 7703 7871 7792 7616 
4 7703 7644 7817 7871 
6 7584 7458 7693 7800 7817 7644 
5 7616 7792 7802 7723 7604 
5 7537 7616 7604 7550 7485 
7 7479 7481 7485 7550 7604 7723 7654 
7 7153 7202 7374 7328 7359 7200 7103 
7 7413 7453 7537 7485 7395 7328 7374 
7 7372 7336 7359 7328 7395 7485 7481 
7 7374 7393 7524 7517 7537 7453 7413 
5 7517 7524 7584 7644 7537 
6 7202 7253 7325 7382 7393 7374 
5 7382 7458 7584 7524 7393 
6 7009 6939 7109 7270 7168 7116 
7 6712 6755 6939 7009 6793 6882 6727 
7 6882 6793 7009 7116 7168 7059 7049 
7 6972 6728 6732 6923 7120 6998 7371 
8 6728 6972 6974 6939 6755 6748 6615 6783 
6 6974 6972 7371 7270 7109 6939 
6 7253 7202 7153 7103 7053 7049 
6 6757 6882 7049 7053 7103 6918 
6 6628 6727 6882 6757 6918 6801 
6 7375 7270 7449 7693 7458 7382 
5 7168 7270 7375 7382 7325 
7 7449 7270 7371 7528 7656 7696 7693 
5 7059 7168 7325 7253 7049 
8 6502 6407 6476 6712 6727 6628 6578 6561 
7 6337 6378 6552 6545 6628 6801 6557 
7 6552 6378 6502 6561 6578 6628 6545 
6 6482 6615 6748 6755 6712 6540 
7 6246 6394 6453 6494 6476 6407 6262 
7 6494 6453 6394 6482 6540 6712 6476 
5 6434 6358 6261 6300 6278 
7 6434 6653 6732 6539 6482 6433 6358 
6 6615 6482 6539 6732 6728 6783 
6 6208 6009 6153 6161 6358 6325 
6 6077 6015 6009 6208 6157 6017 
7 6325 6358 6433 6482 6394 6272 6208 
7 6246 6262 6017 6157 6208 6272 6394 
7 6275 6319 6502 6378 6347 6076 6108 
5 6262 6407 6502 6319 6186 
7 6017 6262 6186 6319 6275 6108 6051 
7 5867 5813 5763 5872 5903 6065 6076 
6 5903 5986 6051 6108 6076 6065 
7 5912 5905 6017 6051 5986 5903 5872 
6 5631 5697 5802 5930 5846 5730 
6 5697 5816 5869 6076 5930 5802 
7 5763 5813 5867 6076 5869 5816 5697 
6 6092 5975 5930 6076 6298 6215 
5 6378 6337 6298 6076 6347 
7 5965 5930 5975 6092 6215 6068 6059 
7 5930 5965 6059 6068 5896 5730 5846 
5 5892 5730 5896 6068 6095 
5 5892 5972 5882 5769 5730 
6 5972 5892 6095 6082 6019 5882 
6 6224 6095 6068 6215 6229 6349 
7 6212 6154 6095 6224 6349 6292 6245 
6 6095 6154 6212 6245 6192 6082 
6 6530 6566 6588 6737 6805 6535 
7 6371 6292 6349 6520 6588 6566 6530 
6 6245 6292 6371 6530 6442 6291 
5 6463 6557 6603 6520 6438 
4 6349 6229 6438 6520 
4 6229 6320 6463 6438 
7 6337 6557 6463 6320 6229 6215 6298 
7 6499 6535 6778 6831 6883 6661 6695 
5 6625 6661 6883 7003 6723 
7 6493 6403 6499 6695 6661 6625 6465 
4 7003 6883 6955 7108 
8 6831 6778 6535 6805 6933 7075 7159 7032 
6 6831 7032 7159 7108 6955 6883 
7 6291 6442 6530 6535 6499 6467 6355 
6 6291 6355 6467 6301 6248 6221 
7 6467 6499 6403 6493 6465 6248 6301 
8 5874 5765 5714 5750 5769 5882 6019 6034 
7 5765 5874 6034 5863 5968 5842 5714 
7 6019 6082 6192 6245 6291 6128 6034 
7 6115 5968 5863 6034 6128 6291 6221 
7 7212 7206 7303 7332 7401 7580 7266 
7 7303 7251 7331 7474 7501 7397 7332 
6 7401 7332 7397 7501 7532 7580 
6 7618 7501 7474 7523 7685 7775 
6 7532 7501 7618 7659 7776 7580 
7 7659 7618 7775 7857 7860 7796 7776 
7 7394 7423 7514 7692 7664 7685 7567 
7 7464 7429 7394 7567 7685 7523 7443 
7 7429 7464 7443 7523 7474 7331 7333 
7 7251 7108 7159 7326 7429 7333 7331 
7 7019 7003 7108 7251 7303 7206 7212 
6 7361 7320 7326 7159 7075 7310 
7 7310 7423 7394 7429 7326 7320 7361 
7 6520 6603 6557 6801 6824 6693 6588 
6 6918 7103 7098 6948 6824 6801 
5 7098 6928 6794 6824 6948 
7 6862 6892 6928 7098 7033 7005 6899 
5 7005 6805 6737 6862 6899 
8 6588 6693 6824 6794 6928 6892 6862 6737 
7 7310 7017 7139 7033 7215 7354 7423 
4 7075 6933 7017 7310 
6 7017 6933 6805 7005 7033 7139 
6 7103 7200 7359 7336 7134 7098 
6 7033 7098 7134 7336 7354 7215 
6 7423 7354 7587 7669 7692 7514 
7 7372 7481 7479 7654 7587 7354 7336 
7 4099 4103 4320 4559 4542 4233 4114 
6 4244 4174 4233 4542 4423 4364 
6 4114 4233 4174 3984 3959 4054 
7 4054 3959 3785 3860 4059 4099 4114 
7 3917 4029 4103 4099 4059 4078 3900 
7 3785 3750 3917 3900 4078 4059 3860 
7 4271 4454 4509 4541 4508 4594 4487 
7 4541 4664 4683 4744 4696 4594 4508 
6 4683 4664 4541 4766 4760 4744 
8 4542 4559 4747 4574 4764 4935 4834 4670 
7 4673 4542 4670 4834 4766 4541 4528 
7 4271 4244 4364 4528 4541 4509 4454 
5 4364 4423 4542 4673 4528 
7 4092 4180 4201 4369 4413 4468 4184 
7 4473 4487 4594 4696 4611 4582 4413 
7 4285 4271 4487 4473 4413 4369 4201 
7 4092 3928 4152 4271 4285 4201 4180 
5 3984 4174 4158 4152 3928 
5 4158 4174 4244 4271 4152 
8 4413 4503 4502 4546 4585 4553 4448 4468 
8 4413 4582 4611 4674 4660 4522 4502 4503 
9 4546 4502 4522 4660 4674 4611 4686 4722 4585 
9 4696 4744 4956 4860 4736 4682 4722 4686 4611 
5 4864 4736 4860 4956 4962 
7 4761 4448 4553 4822 4864 4962 4874 
7 4553 4585 4722 4682 4736 4864 4822 
5 5679 5763 5697 5609 5550 
6 5414 5460 5550 5609 5572 5420 
7 5609 5697 5631 5559 5463 5420 5572 
6 5144 5241 5362 5463 5559 5391 
8 5241 5258 5344 5414 5420 5326 5360 5304 
7 5241 5304 5360 5326 5420 5463 5362 
7 5191 5263 5391 5500 5454 5475 5403 
7 4962 4956 5047 5144 5091 5065 5191 
6 5091 5144 5391 5263 5191 5065 
5 5513 5559 5631 5730 5706 
8 5569 5475 5454 5500 5391 5559 5513 5706 
7 5475 5569 5706 5730 5769 5750 5596 
6 5596 5750 5714 5537 5403 5475 
6 5059 4928 5143 5258 5241 5144 
7 4744 4760 4862 4943 5012 5047 4956 
7 5012 4943 4862 4928 5059 5144 5047 
7 4946 4955 5039 5130 5143 4928 4907 
6 4946 4889 4766 4834 4935 4955 
7 4766 4889 4946 4907 4928 4862 4760 
6 5197 5333 5417 5207 5198 5167 
7 5038 5121 5197 5167 5198 5039 5046 
5 5039 4955 4935 5038 5046 
7 5275 5341 5340 5356 5344 5258 5157 
6 5340 5341 5460 5414 5344 5356 
6 5207 5417 5460 5341 5275 5198 
7 5198 5275 5157 5258 5143 5130 5039 
7 5546 5670 5679 5550 5460 5417 5336 
8 5308 5286 5335 5515 5546 5336 5417 5333 
7 5515 5335 5286 5236 5410 5531 5546 
7 5121 5101 5161 5199 5308 5333 5197 
7 5196 5161 5101 5117 5162 5410 5236 
6 5196 5236 5286 5308 5199 5161 
6 5413 5664 5642 5625 5474 5411 
7 5642 5664 5754 5531 5410 5573 5625 
7 5474 5625 5573 5410 5408 5407 5411 
6 5211 5225 5398 5413 5411 5407 
6 5179 5398 5225 5211 5136 5116 
5 5081 5048 5136 5211 5313 
7 5410 5162 5081 5313 5211 5407 5408 
7 5546 5531 5754 5711 5905 5707 5670 
8 5754 5779 5799 5844 5862 6017 5905 5711 
6 5862 5844 5799 6015 6077 6017 
7 5872 5763 5679 5670 5707 5905 5912 
8 5883 6122 6171 6153 6009 5916 5852 5868 
8 5664 5852 5916 6009 6015 5799 5779 5754 
5 5484 5676 5820 5917 5794 
8 5413 5398 5484 5794 5826 5868 5852 5664 
7 5826 5794 5917 6030 6122 5883 5868 
5 6153 6184 6227 6358 6161 
6 6153 6171 6261 6358 6227 6184 
5 6171 6122 6278 6300 6261 
4 6030 6207 6278 6122 
7 4476 4411 4587 4749 4757 4768 4599 
7 4599 4768 4842 4745 4779 4627 4618 
7 4353 4455 4476 4599 4618 4627 4586 
8 4220 4014 4123 4272 4466 4394 4393 4371 
6 4185 4014 4220 4276 4455 4353 
7 4371 4393 4411 4476 4455 4276 4220 
5 4768 4757 4910 4954 4842 
7 5179 5116 5136 5048 4954 4910 4895 
8 4757 4749 4796 4854 4923 4919 4895 4910 
8 4569 4687 4796 4749 4587 4411 4588 4607 
6 4588 4411 4393 4394 4569 4607 
6 4687 4569 4394 4466 4619 4720 
7 4687 4720 4619 4755 4923 4854 4796 
7 4103 4029 4140 4251 4484 4485 4320 
6 4484 4348 4353 4586 4627 4596 
7 4171 4185 4353 4348 4484 4251 4140 
6 4484 4596 4627 4756 4578 4485 
7 4578 4756 4788 4831 4764 4657 4485 
7 4559 4320 4485 4657 4764 4574 4747 
5 4788 4756 4968 4958 4831 
6 4764 4831 5101 5121 5038 4935 
6 5013 5117 5101 4831 4958 4968 
6 4954 5048 5081 5162 5002 4945 
6 4968 4945 5002 5162 5117 5013 
7 4756 4627 4779 4745 4842 4845 4887 
7 4842 4954 4945 4968 4756 4887 4845 
7 4762 4795 5049 5146 5176 5016 4879 
8 5049 4953 5010 5283 5378 5280 5176 5146 
5 4893 4953 5049 4795 4868 
6 4838 4570 4894 5083 5042 4980 
7 5016 5176 5297 5222 5083 4894 5024 
5 4879 5016 5024 4894 4762 
5 5349 5280 5378 5543 5506 
4 5349 5297 5176 5280 
5 5297 5349 5506 5423 5397 
5 5640 5543 5708 5747 5633 
6 5506 5543 5640 5633 5526 5423 
7 5528 5470 5566 5633 5747 5808 5752 
6 5397 5423 5526 5633 5566 5470 
6 4226 4169 4157 4146 4340 4284 
6 4431 4481 4442 4352 4226 4284 
7 4226 4352 4442 4312 4247 4147 4169 
7 4349 4510 4619 4466 4272 4123 4312 
6 4526 4349 4312 4442 4481 4570 
7 4510 4349 4526 4570 4838 4755 4619 
5 4146 4219 4408 4430 4340 
7 4430 4408 4608 4676 4571 4475 4340 
5 4340 4475 4571 4428 4284 
7 4517 4655 4795 4762 4894 4570 4481 
7 4284 4428 4571 4655 4517 4481 4431 
6 4571 4676 4741 4893 4868 4794 
5 4571 4794 4868 4795 4655 
4 5562 5430 5470 5528 
6 5804 5752 6040 6081 6117 5904 
7 5562 5528 5752 5804 5904 5837 5668 
7 5831 5853 5884 5820 5676 5690 5768 
7 5831 5768 5668 5837 5904 6003 5853 
7 5904 6117 6133 6178 5884 5853 6003 
6 5747 5708 5785 5838 5957 5808 
7 5708 5543 5737 5751 5753 5777 5785 
7 5774 6091 5838 5785 5777 5753 5751 
7 6005 5957 5838 6008 6125 6081 6040 
5 6040 5752 5808 5957 6005 
6 5838 6091 6116 6118 6125 6008 
7 6265 6117 6081 6125 6118 6116 6202 
7 5651 5597 5647 5628 5768 5690 5676 
7 5599 5597 5651 5676 5484 5345 5434 
5 5415 5453 5597 5599 5434 
7 5597 5421 5562 5668 5768 5628 5647 
6 5421 5364 5415 5270 5430 5562 
5 5415 5364 5421 5597 5453 
5 4755 4838 4980 4979 5003 
7 5003 4979 4980 5042 5083 5270 5170 
7 5222 5297 5397 5470 5430 5270 5083 
7 4919 5029 5104 5170 5226 5179 4895 
7 5029 4919 4923 4755 5003 5170 5104 
6 5179 5226 5295 5345 5484 5398 
7 5170 5270 5415 5434 5345 5295 5226 
7 5181 5264 5273 5501 5378 5221 5112 
6 5273 5264 5299 5459 5659 5501 
5 5112 5115 5299 5264 5181 
7 5543 5378 5501 5682 5774 5751 5737 
5 5682 5501 5659 5798 5774 
5 5299 5523 5798 5659 5459 
7 4741 4751 4861 4957 5010 4953 4893 
8 4608 4497 4666 4839 4861 4751 4707 4635 
6 4608 4635 4707 4751 4741 4676 
7 4957 4899 4951 5115 5112 5221 4993 
6 4993 5221 5378 5283 5010 4957 
7 4924 5053 5299 5115 4951 4882 4897 
6 4882 4951 4899 4957 4861 4839 
5 4579 4691 4646 4547 4494 
7 4482 4483 4493 4560 4444 4306 4333 
6 4483 4494 4547 4646 4560 4493 
7 4269 4316 4275 4401 4392 4579 4494 
7 4178 4109 4269 4494 4483 4482 4333 
5 4122 4178 4333 4306 4257 
7 3909 4122 4257 4306 4282 4196 4012 
6 4306 4444 4560 4567 4497 4282 
6 4219 4196 4282 4497 4608 4408 
7 4497 4567 4609 4791 4882 4839 4666 
7 4567 4560 4786 4811 4882 4791 4609 
7 4646 4691 4905 4925 4770 4786 4560 
7 4770 4925 4924 4897 4882 4811 4786 
6 5774 5798 5856 5950 6024 6091 
7 5523 5612 5703 5807 5823 5856 5798 
5 5950 6063 6066 6091 6024 
6 5807 5881 5937 6007 5935 5823 
7 5823 5935 5909 5962 6063 5950 5856 
6 5909 5935 6007 6047 6063 5962 
6 5314 5292 5412 5611 5557 5394 
6 5880 5611 5607 5695 5932 6042 
7 5427 5458 5695 5607 5611 5412 5292 
6 5931 5885 5807 5850 5880 6042 
6 5881 5807 5885 5931 6042 5937 
7 5611 5880 5850 5807 5703 5681 5557 
5 5587 5557 5681 5703 5612 
7 5166 5350 5557 5587 5612 5523 5299 
6 5394 5557 5350 5166 5342 5314 
6 5071 5095 5342 5166 5299 5053 
7 5086 5204 5427 5292 5314 5342 5095 
5 5053 4924 4925 5095 5071 
5 5086 5095 4925 4905 4908 
7 4693 4828 4863 4908 4905 4772 4716 
7 4401 4410 4565 4581 4691 4579 4392 
7 4581 4565 4693 4716 4772 4905 4691 
7 5145 5255 5301 5458 5427 5204 5086 
5 5272 5301 5255 5145 5087 
5 4828 5019 5015 4908 4863 
7 4908 5015 5019 5272 5087 5145 5086 
6 7228 7274 7342 7466 7412 7300 
5 7466 7342 7387 7478 7488 
6 7284 7341 7478 7387 7342 7274 
5 7228 7067 7187 7284 7274 
7 7220 7258 7309 7341 7284 7187 7166 
7 7220 7166 7093 7217 7238 7262 7258 
6 6650 6770 6990 6847 6726 6651 
7 6878 6736 6850 7093 7166 7013 6953 
6 6726 6847 6990 7093 6850 6736 
8 6736 6878 6953 6857 6827 6752 6745 6638 
6 6813 6638 6745 6752 6827 6857 
6 6857 6953 7013 6956 6932 6813 
6 6956 7013 7166 7187 7067 6932 
7 7309 7258 7262 7291 7446 7533 7341 
5 7446 7340 7385 7493 7489 
7 7314 7290 7503 7755 7493 7385 7340 
6 7290 7314 7340 7295 7149 7117 
8 7238 7217 7293 7295 7340 7446 7291 7262 
7 6990 7117 7149 7295 7293 7217 7093 
5 7488 7596 7592 7515 7466 
7 7681 7803 7782 7892 7752 7592 7596 
7 7596 7488 7478 7575 7617 7803 7681 
6 7755 7503 7705 7861 8109 7836 
7 7617 7695 7755 7836 7831 7838 7803 
5 7575 7478 7341 7533 7617 
7 7493 7755 7695 7617 7533 7446 7489 
6 5884 6178 6032 6030 5917 5820 
5 6178 6203 6207 6030 6032 
6 6203 6178 6247 6385 6307 6207 
5 6207 6307 6385 6384 6278 
6 6434 6278 6384 6587 6691 6653 
7 6384 6385 6736 6638 6813 6691 6587 
8 6399 6348 6377 6155 6178 6133 6117 6265 
8 6377 6348 6399 6451 6386 6410 6370 6155 
7 6370 6410 6386 6451 6461 6381 6155 
6 6451 6399 6583 6650 6651 6590 
6 6451 6590 6651 6726 6736 6461 
5 6381 6461 6736 6385 6389 
6 6178 6155 6381 6389 6385 6247 
6 7412 7466 7515 7592 7554 7483 
6 7412 7483 7447 7415 7365 7300 
5 7554 7557 7415 7447 7483 
4 7371 7377 7415 7528 
7 7557 7554 7566 7748 7656 7528 7415 
7 7554 7592 7752 7726 7758 7748 7566 
7 7371 6998 7120 7113 7244 7415 7377 
4 7228 7300 7239 7113 
6 7239 7300 7365 7415 7244 7113 
7 6957 6859 6910 7044 7113 7120 6923 
6 7044 6910 6932 7067 7228 7113 
6 6787 6691 6813 6932 6910 6859 
7 6732 6653 6691 6787 6859 6957 6923 
6 6139 6266 6352 6470 6390 6313 
7 6066 6114 6147 6139 6313 6329 6233 
6 6047 6139 6147 6114 6066 6063 
6 6281 6042 6397 6559 6662 6470 
6 6352 6266 6139 6168 6281 6470 
7 6007 5937 6042 6281 6168 6139 6047 
5 6623 6611 6762 6855 6682 
7 6820 6881 6931 6855 6762 6611 6591 
5 6591 6390 6470 6662 6820 
5 6091 6066 6233 6343 6321 
6 6547 6321 6343 6431 6623 6682 
7 6390 6591 6611 6623 6431 6475 6313 
6 6431 6343 6233 6329 6313 6475 
5 6820 7027 7020 6907 6881 
9 7261 7085 7060 6979 6931 6881 6907 7020 7027 
7 7085 7261 7265 7315 7189 6979 7060 
7 6979 7189 7214 7156 7227 6981 7029 
7 6682 6855 6931 6979 7029 6866 6863 
5 6915 6863 6866 7029 6981 
6 6523 6547 6682 6617 6533 6441 
6 6713 6617 6682 6863 6915 6893 
5 6663 6533 6617 6713 6893 
7 6331 6204 6321 6547 6523 6441 6383 
6 6091 6321 6204 6331 6202 6116 
6 6441 6533 6663 6618 6399 6317 
7 6441 6317 6399 6265 6202 6331 6383 
6 7404 7516 7572 7674 7598 7544 
6 7600 7650 7759 7674 7572 7516 
5 7650 7600 7934 7856 7759 
5 7503 7603 7815 7861 7705 
5 7603 7598 7674 7759 7815 
7 7211 7242 7404 7544 7598 7603 7503 
5 8117 8218 8377 8309 8155 
6 8152 8038 8171 8189 8214 8256 
7 8155 8309 8256 8214 8189 8171 8038 
6 7861 7815 7927 8038 8152 8109 
6 7815 7759 7967 8155 8038 7927 
4 7967 7759 7856 7968 
7 7968 7856 7934 8085 8117 8155 7967 
7 7404 7306 7311 7379 7546 7600 7516 
8 7189 7315 7329 7545 7546 7379 7311 7288 
6 7288 7311 7306 7156 7214 7189 
7 7047 7000 6981 7227 7197 7242 7133 
5 7227 7156 7306 7297 7296 
7 7297 7306 7404 7242 7197 7227 7296 
7 7081 7034 7133 7242 7211 7503 7290 
6 7117 6990 7039 7034 7081 7290 
5 6770 6856 7034 7039 6990 
5 6700 6686 6856 6770 6650 
7 6583 6399 6618 6663 6686 6700 6650 
5 6893 7034 6856 6686 6663 
7 6893 6915 6981 7000 7047 7133 7034 
9 1579 1717 1781 1877 1866 1838 1804 1800 1602 
7 1544 1602 1800 1804 1683 1818 1635 
5 1683 1804 1838 1992 1818 
4 1818 1647 1484 1635 
7 1602 1544 1635 1484 1368 1450 1579 
7 1241 1368 1484 1647 1384 1270 1189 
6 1015 870 1160 1081 1187 1071 
6 1264 1450 1368 1241 1132 1187 
7 1236 1360 1450 1264 1187 1081 1160 
5 1236 1160 1221 1289 1360 
7 1289 1221 1425 1461 1556 1468 1360 
4 1468 1510 1450 1360 
6 1510 1468 1556 1717 1579 1450 
7 811 870 1015 970 1083 955 885 
7 933 955 1104 1187 1132 1026 840 
7 970 1015 1071 1187 1104 955 1083 
8 725 819 933 840 916 1010 998 861 
5 1020 916 840 1026 1132 
7 1010 916 1020 1132 1241 1189 998 
7 725 861 998 852 579 558 545 
6 344 313 436 545 558 579 
6 395 478 545 436 313 324 
7 394 501 572 462 478 395 292 
5 478 462 572 725 545 
8 766 627 811 885 955 933 819 725 
5 572 501 627 766 725 
7 390 465 499 435 380 282 246 
6 499 465 577 732 727 704 
8 390 595 576 669 699 732 577 465 
4 84 83 246 216 
4 514 499 704 676 
5 85 84 216 246 282 
6 764 744 939 1092 889 844 
8 595 744 764 844 806 699 669 576 
8 732 699 806 844 889 878 836 727 
6 1006 878 889 1092 1143 1234 
5 878 1006 1234 1425 1221 
7 676 704 727 836 878 797 831 
6 831 797 878 1221 1160 870 
7 461 380 435 499 514 676 534 
6 787 761 831 870 811 627 
6 676 831 761 787 627 534 
7 265 86 85 282 380 461 315 
7 86 265 315 152 244 158 87 
7 87 158 244 152 315 230 89 
6 457 315 461 534 627 501 
6 318 315 457 501 394 254 
6 89 230 315 318 254 91 
7 91 254 394 292 395 324 233 
5 176 93 91 233 324 
5 94 275 313 344 95 
6 93 176 324 313 275 94 
7 1617 1647 1818 1992 1872 1852 1748 
7 1617 1748 1852 1937 1860 1790 1681 
6 1860 1949 1858 1810 1681 1790 
7 2072 2205 2363 2431 2108 2080 1949 
6 2072 1949 1860 1968 2020 2205 
7 1937 1852 1872 1992 2020 1968 1860 
5 1810 1858 1902 2059 1969 
6 2059 1902 1858 1949 2004 2132 
5 2132 2004 1949 2080 2108 
6 2377 2431 2582 2479 2320 2311 
6 2175 1969 2059 2247 2377 2311 
6 2247 2059 2132 2108 2274 2268 
6 2268 2274 2108 2431 2377 2247 
6 1185 1189 1287 1435 1256 1093 
7 1287 1189 1270 1384 1366 1480 1435 
5 1366 1384 1647 1617 1480 
7 1554 1569 1681 1810 1969 1733 1597 
6 1554 1439 1256 1435 1480 1481 
6 1481 1480 1617 1681 1569 1554 
6 1256 1439 1503 1451 1353 1298 
6 1503 1439 1554 1597 1495 1451 
7 1571 1451 1495 1597 1733 1969 1791 
7 1124 1208 1301 1388 1361 1359 1325 
7 1353 1451 1571 1362 1361 1388 1301 
5 1256 1298 1283 1201 1213 
7 1201 1283 1298 1353 1301 1208 1124 
5 778 579 852 998 901 
7 901 1022 1093 1256 1005 1014 778 
6 1022 901 998 1189 1185 1093 
5 681 694 835 834 726 
7 835 694 778 1014 1005 979 949 
9 834 835 949 979 1005 1256 1213 952 951 
6 765 726 834 951 928 838 
7 951 952 1213 1201 1124 925 928 
6 838 928 925 1124 974 896 
6 750 735 624 607 673 736 
7 636 726 765 838 750 736 673 
6 735 804 762 658 417 624 
7 750 838 896 974 762 804 735 
6 344 579 445 392 202 95 
6 97 95 202 288 153 261 
6 261 153 288 202 392 387 
5 539 513 681 726 636 
8 448 261 387 392 445 431 513 539 
7 445 579 778 694 681 513 431 
7 624 417 352 401 589 673 607 
7 636 530 535 589 401 429 539 
5 535 530 636 673 589 
5 97 261 370 184 99 
7 448 539 429 401 184 370 261 
6 272 196 184 401 352 417 
6 99 184 196 272 133 102 
7 1788 1906 2002 1947 1865 1823 1840 
7 2065 2002 2214 2124 2170 2246 2147 
5 1947 2002 2065 2147 2031 
7 1906 1788 1976 2104 2120 2214 2002 
7 1749 2025 1792 1976 1788 1645 1659 
5 2025 2120 2104 1976 1792 
5 1777 1865 1947 2031 1781 
7 1609 1722 1865 1777 1781 1725 1720 
7 1556 1461 1609 1720 1725 1781 1717 
7 1573 1584 1722 1609 1508 1440 1519 
6 1425 1271 1440 1508 1609 1461 
7 1519 1440 1637 1659 1645 1584 1573 
7 1584 1645 1788 1840 1823 1865 1722 
7 1721 1749 1659 1637 1440 1441 1740 
6 1721 1803 1830 1963 2025 1749 
7 1441 1464 1713 1830 1803 1721 1740 
6 1713 1729 1857 2011 1963 1830 
7 1430 1476 1583 1651 1551 1464 1401 
5 1464 1551 1651 1729 1713 
8 1242 1097 1249 1479 1698 1486 1476 1430 
9 1144 1204 1215 1216 1430 1401 1464 1364 1338 
7 1114 1097 1242 1430 1216 1215 1204 
6 1143 1288 1440 1271 1425 1234 
7 1143 1092 939 983 1144 1272 1277 
7 1288 1143 1277 1272 1350 1441 1440 
7 1144 1338 1364 1464 1441 1350 1272 
6 1169 1211 1334 1281 1249 1097 
5 1249 1281 1334 1570 1410 
7 1479 1249 1410 1570 1672 1715 1698 
4 1570 1655 1802 1672 
7 1703 1625 1667 1846 1926 1802 1655 
6 1655 1570 1334 1539 1625 1703 
7 1624 1596 1766 1882 1916 1814 1603 
8 1456 1466 1535 1596 1624 1566 1504 1408 
7 1504 1566 1624 1603 1814 1505 1483 
5 1634 1505 1814 1846 1667 
7 1483 1505 1634 1667 1625 1539 1396 
7 2021 1889 2172 2130 2315 2240 2007 
7 1889 2021 2007 1926 1846 1814 1916 
5 2082 2109 2240 2325 2185 
6 2088 2016 1973 2082 2127 2252 
6 2082 2185 2325 2322 2252 2127 
7 2007 2240 2109 1977 1928 1802 1926 
7 1672 1802 1928 1977 1815 1913 1715 
6 1815 1977 2109 2082 2008 1913 
7 1924 2082 1973 2016 2003 1784 1941 
6 1729 1651 1784 2003 1785 1857 
6 2003 2016 2088 2011 1857 1785 
7 1583 1476 1486 1698 1745 1668 1661 
6 1728 1784 1651 1583 1661 1668 
8 1745 1698 1764 1924 1941 1784 1728 1668 
7 1764 1698 1715 1913 2008 2082 1924 
7 367 217 296 307 408 510 486 
6 583 655 705 582 510 408 
5 486 510 582 705 578 
6 309 268 486 578 724 430 
5 67 211 268 309 70 
6 211 67 217 367 486 268 
6 64 177 374 260 247 65 
6 217 207 247 260 326 296 
5 65 247 207 217 67 
8 260 374 366 365 450 307 296 326 
5 366 374 502 450 365 
7 408 307 450 502 374 549 583 
5 583 549 763 748 655 
6 692 578 705 893 908 825 
5 692 825 815 724 578 
7 837 724 815 825 908 1009 1003 
5 1084 1060 1054 1166 1194 
5 893 1060 1084 1009 908 
6 655 748 1054 1060 893 705 
5 1003 1105 1134 1101 837 
7 1169 1097 1101 1134 1105 1192 1211 
7 1105 1003 1009 1197 1334 1211 1192 
5 1084 1194 1202 1197 1009 
7 1166 1408 1504 1483 1374 1202 1194 
5 1197 1202 1374 1344 1311 
8 1539 1334 1197 1311 1344 1374 1483 1396 
5 74 181 304 168 77 
8 74 291 596 564 323 411 304 181 
7 411 323 564 638 526 359 304 
4 77 168 215 79 
7 359 526 314 142 80 79 252 
6 304 359 252 79 215 168 
6 70 309 368 383 218 71 
6 596 291 74 73 232 383 
5 71 218 383 232 73 
7 596 680 837 1101 711 771 564 
7 771 711 1101 1097 853 638 564 
5 665 383 368 309 430 
7 724 837 680 596 383 665 430 
6 1097 1114 1204 1144 945 853 
5 904 986 959 918 882 
7 904 853 945 1144 983 959 986 
6 584 526 638 853 904 755 
8 584 755 904 882 866 783 635 552 
6 866 882 918 959 983 783 
6 635 783 983 939 744 689 
7 584 552 635 689 744 595 503 
5 322 314 526 584 503 
5 80 142 314 322 228 
6 82 80 228 322 284 164 
6 82 164 284 390 246 83 
5 284 322 503 595 390 
6 2530 2675 2726 2835 2880 2790 
7 2441 2608 2755 2726 2675 2493 2393 
5 2393 2493 2675 2530 2326 
8 2608 2901 2987 2887 2844 2835 2726 2755 
7 2887 3115 2989 3021 2880 2835 2844 
6 2989 3115 3147 3150 3112 3021 
6 2095 2025 1963 2011 2123 2203 
5 2203 2123 2198 2305 2380 
6 2011 2088 2252 2305 2198 2123 
5 2025 2095 2253 2270 2206 
7 2120 2025 2206 2270 2326 2235 2214 
5 2380 2441 2393 2279 2203 
7 2203 2279 2393 2326 2270 2253 2095 
6 3187 3129 3014 2880 3021 3112 
7 3070 3014 3129 3187 3263 3218 3058 
5 3058 3218 3263 3285 3172 
6 3226 3273 3318 3365 3331 3224 
5 3172 3285 3318 3273 3148 
7 3046 2829 3058 3172 3148 3273 3226 
5 2920 2966 3014 3070 3012 
6 2888 2880 3014 2966 2920 2928 
6 2790 2880 2888 2928 2920 2853 
8 2331 2170 2124 2214 2235 2326 2530 2536 
7 2666 2536 2530 2790 2853 2843 2829 
7 2829 2893 2943 2920 3012 3070 3058 
6 2853 2920 2943 2893 2829 2843 
7 3717 3796 3929 4014 3835 3660 3740 
5 3570 3586 3717 3740 3660 
7 3446 3724 3796 3717 3586 3570 3449 
5 3645 3641 3660 3835 3758 
6 3428 3449 3570 3660 3641 3645 
7 3280 3263 3187 3446 3449 3428 3334 
6 3561 3609 3446 3395 3489 3304 
7 3290 3150 3147 3304 3489 3395 3370 
7 3290 3370 3395 3446 3187 3112 3150 
8 3903 3921 4123 4014 3929 3796 3724 3809 
5 3809 3856 4123 3921 3903 
6 3724 3446 3609 3768 3856 3809 
7 3561 3633 3839 4123 3856 3768 3609 
6 3947 3804 3969 4035 4171 4140 
7 3758 3835 4014 4185 4171 4035 3919 
6 3758 3919 4035 3969 3804 3779 
7 3779 3804 3756 3750 3712 3658 3758 
6 3804 3947 3840 3917 3750 3756 
5 4029 3917 3840 3947 4140 
5 3645 3758 3658 3519 3500 
7 3431 3428 3645 3500 3519 3365 3318 
7 3263 3280 3334 3428 3431 3318 3285 
6 3565 3519 3658 3712 3750 3537 
6 3331 3365 3519 3565 3473 3435 
5 3224 3331 3435 3473 3380 
6 3565 3537 3467 3366 3380 3473 
6 2582 2431 2363 2492 2546 2747 
8 2546 2631 2633 2691 2938 2963 2952 2747 
8 2546 2492 2656 2760 2938 2691 2633 2631 
8 2656 2646 2794 2905 2882 2841 2852 2760 
7 2963 3062 3130 3369 3293 3138 2952 
7 2852 3032 3130 3062 2963 2938 2760 
7 2020 2040 2257 2440 2272 2256 2205 
6 2256 2272 2440 2481 2348 2314 
5 2256 2314 2348 2363 2205 
7 2767 2727 2909 2975 2794 2646 2716 
7 2440 2727 2767 2716 2646 2549 2481 
5 2348 2481 2549 2646 2544 
6 2646 2656 2492 2363 2348 2544 
6 3556 3560 3689 3928 4092 3793 
5 3573 3723 3753 3617 3560 
7 3723 3984 3928 3689 3560 3617 3753 
6 3537 3750 3785 3719 3604 3467 
10 3680 3604 3694 3723 3573 3560 3568 3359 3553 3644 
7 3694 3604 3719 3785 3959 3984 3723 
8 3032 3160 3167 3359 3568 3560 3369 3130 
8 3082 3032 2852 2841 2882 2905 2794 2975 
6 3082 2975 3108 3167 3160 3032 
6 3372 3366 3467 3604 3555 3466 
5 3372 3466 3555 3440 3359 
4 3359 3440 3555 3546 
7 3604 3680 3644 3553 3359 3546 3555 
6 2969 2918 2934 3046 3226 2997 
7 2894 2918 2969 3010 3135 3224 3102 
6 2997 3226 3224 3135 3010 2969 
7 2548 2638 2934 2918 2605 2535 2464 
7 2560 2666 2829 2746 2599 2548 2464 
7 2638 2548 2599 2746 2829 3046 2934 
6 2557 2605 2697 2651 2551 2491 
6 2651 2697 2855 2909 2727 2694 
5 2727 2440 2551 2651 2694 
7 2605 2918 2894 3102 3067 2855 2697 
6 2975 2909 2855 3067 3102 3117 
7 3117 3102 3224 3380 3366 3372 3270 
7 2975 3117 3270 3372 3359 3167 3108 
8 1866 1877 2012 2162 2040 2020 1992 1838 
5 2012 2037 2229 2281 2162 
5 1877 1781 2031 2037 2012 
6 2281 2229 2238 2491 2551 2398 
6 2440 2257 2040 2262 2398 2551 
5 2040 2162 2281 2398 2262 
7 2331 2536 2666 2560 2464 2446 2473 
7 2246 2170 2331 2345 2310 2266 2147 
7 2331 2473 2446 2464 2368 2310 2345 
6 2037 2031 2147 2133 2238 2229 
6 2266 2310 2384 2238 2133 2147 
6 2368 2464 2535 2517 2384 2310 
7 2491 2238 2384 2517 2535 2605 2557 
8 3087 3171 3257 3373 3284 3294 3279 3241 
7 3241 3279 3294 3362 3304 3147 3181 
6 3133 3087 3241 3181 3147 3115 
6 3373 3531 3355 3362 3294 3284 
5 3362 3355 3447 3561 3304 
7 3447 3355 3531 3635 3839 3633 3561 
5 3810 3585 3441 3429 3567 
9 3373 3306 3265 3384 3429 3441 3585 3576 3531 
7 3171 3287 3384 3265 3306 3373 3257 
7 3711 3576 3585 3810 3906 3824 3888 
7 3635 3531 3576 3711 3888 3870 3839 
6 4169 4147 4247 3977 3870 3888 
6 3839 3870 3977 4247 4312 4123 
7 3470 3511 3533 3631 3452 3211 3269 
8 3266 3244 3236 3278 3295 3511 3470 3269 
7 3211 3056 3191 3236 3244 3266 3269 
7 3287 3211 3452 3631 3567 3429 3384 
6 3121 3048 3161 3211 3287 3171 
5 3048 3003 3056 3211 3161 
7 2804 3003 3048 2863 2999 2872 2796 
6 3051 2999 2863 3048 3121 3045 
5 3045 3121 3171 3087 3051 
6 2987 2901 2982 3133 3115 2887 
7 2872 2925 2954 2982 2901 2608 2796 
6 2925 2953 3059 3133 2982 2954 
8 2872 2999 3051 3087 3133 3059 2953 2925 
6 2763 2572 2476 2448 2696 2849 
7 2197 2306 2160 2130 2172 1889 1916 
6 2448 2306 2197 2502 2578 2624 
8 2448 2624 2661 2670 2710 2935 2849 2696 
5 2710 2802 2927 2916 2935 
7 2670 2661 2624 2749 2927 2802 2710 
6 3212 3282 3330 3278 3236 3092 
7 3026 2849 2935 3092 3236 3191 3041 
7 3041 3191 3056 3003 2763 2849 3026 
7 3042 2958 3089 3140 3169 3282 3106 
7 2927 2749 2958 3042 3106 3074 2916 
5 3074 3106 3282 3212 3146 
6 3146 3212 3092 2935 2916 3074 
7 2505 2488 2593 2804 2796 2608 2508 
7 2459 2593 2488 2443 2360 2322 2325 
6 2443 2488 2505 2508 2379 2360 
6 2458 2508 2608 2441 2380 2305 
7 2252 2284 2378 2379 2508 2458 2305 
6 2284 2252 2322 2360 2379 2378 
5 2572 2409 2315 2381 2476 
5 2130 2160 2373 2381 2315 
6 2306 2448 2476 2381 2373 2160 
5 2459 2516 2409 2566 2593 
6 2325 2240 2315 2409 2516 2459 
6 2566 2677 2763 3003 2804 2593 
5 2566 2409 2572 2763 2677 
6 3920 3994 4063 4191 4241 4034 
7 4159 4068 4194 4378 4436 4299 4265 
6 3994 4068 4159 4265 4191 4063 
5 3822 3872 3898 3912 3920 
9 4090 4139 4194 4068 3932 3927 3898 3872 3846 
7 3927 3932 4068 3994 3920 3912 3898 
6 3762 3634 3846 3872 3822 3713 
4 3671 3592 3713 3760 
7 3634 3762 3713 3592 3671 3575 3524 
7 3885 3962 3983 4026 4020 3902 3848 
6 3714 3575 3671 3885 3848 3902 
6 3760 3713 3822 3920 4034 3862 
7 3671 3760 3862 4034 3983 3962 3885 
7 4784 4643 4774 4748 4819 4832 4885 
8 4643 4784 4675 4828 4693 4565 4410 4554 
5 4675 4784 4885 5019 4828 
6 4436 4616 4470 4388 4265 4299 
6 4774 4643 4604 4470 4616 4748 
5 4388 4470 4604 4643 4554 
6 4020 4026 4107 4080 4109 4011 
6 4109 4080 4213 4275 4316 4269 
7 4213 4080 4107 4274 4410 4401 4275 
8 4319 4241 4296 4363 4388 4554 4410 4351 
6 4265 4388 4363 4296 4241 4191 
6 4107 4121 4319 4351 4410 4274 
7 4026 3983 4034 4241 4319 4121 4107 
6 3854 3895 4032 4196 4219 4048 
6 3763 3733 3895 3854 3810 3690 
6 3567 3631 3733 3763 3690 3810 
6 4030 4048 4219 4146 4157 4053 
7 3888 3970 4048 4030 4053 4157 4169 
7 3906 3810 3854 4048 3970 3888 3824 
7 3631 3533 3511 3679 3751 3895 3733 
5 3895 3751 3813 4012 3995 
5 3895 3995 4012 4196 4032 
7 3330 3282 3478 3520 3595 3652 3530 
7 3295 3278 3330 3530 3652 3679 3511 
7 3520 3661 3813 3751 3679 3652 3595 
6 3520 3693 3909 4012 3813 3661 
5 3613 3421 3375 3524 3575 
5 3344 3634 3524 3375 3220 
5 3220 3375 3421 3140 3114 
5 3282 3169 3358 3516 3478 
6 3140 3421 3450 3351 3358 3169 
7 3421 3613 3525 3516 3358 3351 3450 
7 3516 3525 3613 3639 3693 3520 3478 
5 3728 3853 3896 3909 3693 
7 3639 3613 3575 3714 3853 3728 3693 
8 3853 3894 3982 4011 3958 3910 3909 3896 
7 3894 3853 3714 3902 4020 4011 3982 
7 3958 4011 4109 4178 4122 4016 4097 
6 4016 4122 3909 3910 3958 4097 
7 1636 1820 1887 1878 1718 1632 1475 
7 1312 1453 1636 1475 1469 1324 1333 
6 1469 1475 1632 1718 1582 1593 
5 1820 1837 1863 2026 1887 
7 1600 1841 1994 2032 2026 1863 1746 
7 1600 1746 1863 1837 1820 1636 1453 
4 1453 1312 1445 1600 
6 1178 1306 1445 1312 1096 1055 
6 1327 1485 1482 1445 1306 1178 
9 1701 1828 1952 2036 1994 1841 1677 1842 1822 
5 1558 1701 1822 1842 1677 
6 1482 1485 1701 1558 1677 1605 
6 1600 1445 1482 1605 1677 1841 
6 1775 1801 2071 1953 1832 1786 
6 1853 1786 1832 1953 1946 2056 
5 1946 1953 2071 2242 2056 
5 1885 1853 2056 2036 1952 
5 1660 1775 1786 1869 1701 
7 1786 1853 1885 1952 1828 1701 1869 
6 1701 1485 1327 1354 1414 1660 
6 1067 1188 1354 1327 1178 1055 
7 1269 1351 1403 1414 1354 1188 1297 
5 1646 1564 1649 1801 1775 
7 1398 1560 1641 1649 1564 1403 1351 
7 1646 1775 1660 1414 1595 1591 1547 
7 1403 1564 1646 1547 1591 1595 1414 
5 446 556 664 591 507 
6 827 981 1008 934 795 888 
5 664 556 827 888 795 
6 507 591 664 795 781 594 
6 594 781 722 812 792 667 
6 781 795 934 867 812 722 
6 405 385 439 580 657 524 
7 385 264 222 219 114 113 240 
7 219 222 264 385 405 524 425 
5 311 338 460 439 385 
7 112 306 338 311 385 240 113 
5 460 338 306 446 507 
6 460 507 594 667 580 439 
5 760 963 982 1091 1067 
7 833 895 1002 956 982 963 760 
7 1002 895 994 1063 1091 982 956 
7 1091 1063 1223 1269 1297 1188 1067 
7 657 580 667 792 847 994 809 
6 809 994 895 833 760 657 
7 1148 1177 1274 1398 1351 1269 1223 
5 934 1008 1130 1098 1039 
7 1177 1039 1098 1130 1157 1398 1274 
8 847 875 968 1074 1073 1223 1063 994 
7 812 867 1074 968 875 847 792 
6 1035 1074 867 934 1039 1177 
6 1074 1035 1177 1148 1223 1073 
8 758 760 1067 1055 1096 1049 924 862 
5 546 598 702 679 606 
7 657 760 758 679 702 598 546 
5 679 758 862 718 651 
7 469 512 651 718 585 443 498 
6 512 469 546 606 679 651 
5 877 829 814 691 757 
7 404 356 625 560 515 328 283 
6 625 757 691 603 515 560 
8 1096 958 877 757 746 891 924 1049 
5 862 924 891 746 718 
6 585 718 695 625 356 443 
5 625 695 718 746 757 
6 341 407 469 498 369 336 
6 341 425 447 546 469 407 
5 447 425 524 657 546 
6 243 119 117 336 369 316 
6 219 425 231 241 116 114 
7 241 231 425 341 336 117 116 
6 243 204 163 235 121 119 
6 308 267 204 243 316 369 
5 163 204 267 308 235 
5 122 121 235 295 186 
7 122 186 295 349 404 283 124 
6 308 369 498 443 339 235 
7 356 404 349 295 235 339 443 
7 1333 1324 1386 1303 1164 1190 1205 
7 1424 1582 1447 1276 1418 1303 1386 
6 1469 1593 1582 1424 1386 1324 
4 1007 943 1125 1228 
4 943 907 1029 1125 
7 1029 1164 1303 1418 1276 1228 1125 
5 1190 1164 1072 1034 1064 
7 907 909 937 988 1072 1164 1029 
5 937 909 1034 1072 988 
6 909 814 975 1075 1064 1034 
6 829 877 1170 1075 975 814 
6 1170 877 958 1096 1312 1333 
6 1190 1064 1075 1170 1333 1205 
6 745 747 822 907 943 1007 
5 741 907 822 747 709 
7 575 600 573 741 709 747 745 
6 573 730 814 909 907 741 
7 570 515 603 691 814 730 586 
5 567 570 586 730 573 
6 124 283 271 227 321 126 
6 227 271 283 328 474 321 
5 474 328 515 570 567 
5 126 321 333 319 131 
5 131 319 398 129 126 
6 438 600 575 398 319 333 
7 321 474 567 573 600 438 333 
6 1718 1878 2041 2073 1881 1918 
5 1582 1718 1918 1881 1695 
5 1541 1276 1447 1582 1695 
6 1944 2073 2129 2148 2213 1972 
5 1541 1695 1881 1824 1843 
6 1843 1824 1881 2073 1944 1972 
6 2213 2148 2432 2422 2510 2588 
6 2647 2522 2645 2685 2588 2510 
5 2522 2647 2510 2422 2432 
8 2068 2145 2148 2129 2073 2041 1878 2101 
5 2068 2101 2245 2148 2145 
6 2430 2562 2690 2645 2522 2521 
7 2365 2430 2521 2522 2432 2148 2245 
8 2699 2866 3011 3068 3047 2971 2690 2562 
5 3047 3068 3162 3098 2971 
6 2945 2828 2645 2690 2971 3098 
6 3098 3162 3298 3415 3260 3246 
6 3068 3011 3109 3155 3298 3162 
5 3155 3109 3196 3314 3298 
5 2685 2645 2828 2857 2588 
6 2828 2945 3013 3028 2942 2857 
5 2945 3098 3060 3028 3013 
6 3462 3317 3272 3188 3246 3260 
7 3098 3246 3188 3272 3215 3159 3060 
7 3028 3060 3159 3215 3276 3356 2942 
7 3276 3215 3272 3317 3343 3345 3356 
7 2885 2866 2699 2734 2637 2799 2898 
7 2980 2962 3033 3011 2866 2885 2939 
6 2799 2962 2980 2939 2885 2898 
6 2650 2713 2856 2962 2799 2637 
7 2813 2959 2936 3234 2962 2856 2713 
6 3234 3196 3109 3011 3033 2962 
6 2663 2614 2757 2964 2959 2813 
6 2683 2663 2813 2713 2650 2585 
8 2366 2397 2663 2683 2585 2574 2376 2313 
6 2211 2307 2397 2366 2313 2193 
6 2397 2307 2575 2792 2614 2663 
7 2036 2056 2242 2512 2575 2307 2211 
6 2242 2531 2692 2792 2575 2512 
7 2026 2137 2239 2081 2101 1878 1887 
7 2032 1994 2102 2275 2241 2137 2026 
7 2241 2275 2308 2349 2236 2239 2137 
8 2349 2308 2301 2376 2574 2585 2650 2388 
7 2102 2193 2313 2376 2301 2308 2275 
5 2211 2193 2102 1994 2036 
6 2430 2421 2555 2734 2699 2562 
8 2650 2637 2595 2556 2555 2421 2467 2388 
5 2555 2556 2595 2637 2734 
5 2332 2388 2467 2421 2362 
6 2349 2388 2332 2362 2239 2236 
6 2101 2081 2239 2260 2365 2245 
6 2260 2239 2362 2421 2430 2365 
7 3017 3024 2985 3066 2964 2757 2924 
5 2757 2614 2792 2881 2899 
6 2899 2881 3091 3017 2924 2757 
7 2881 2873 2874 2908 3153 3291 3091 
5 2692 2825 2873 2881 2792 
7 2692 2531 2788 2908 2874 2873 2825 
6 3091 3291 3301 3111 3024 3017 
8 3234 2936 2959 2964 3066 3131 3271 3303 
7 2985 3024 3111 3301 3271 3131 3066 
5 3614 3401 3523 3620 3742 
7 3402 3597 3587 3781 3742 3620 3523 
6 3301 3291 3277 3402 3523 3337 
6 3301 3337 3523 3401 3303 3271 
7 3442 3608 3739 3662 3518 3522 3250 
6 3739 3886 3748 3616 3651 3662 
5 3522 3518 3662 3651 3616 
5 3562 3757 3771 3486 3487 
6 3616 3748 3886 3757 3562 3522 
5 3250 3522 3562 3487 3408 
7 3402 3277 3439 3480 3486 3659 3532 
8 3659 3486 3771 3754 3781 3709 3670 3532 
7 3402 3532 3670 3709 3781 3587 3597 
8 3153 3076 3228 3328 3394 3439 3277 3291 
5 3394 3438 3486 3480 3439 
7 3316 3408 3487 3486 3438 3394 3328 
7 3228 3076 3164 3250 3408 3316 3328 
6 3298 3314 3348 3574 3461 3415 
6 3461 3574 3700 3858 3799 3676 
7 3461 3676 3492 3317 3462 3260 3415 
6 3799 3858 4008 3916 3836 3798 
7 3343 3317 3492 3374 3529 3356 3345 
6 3529 3374 3492 3676 3799 3798 
7 3687 3672 3698 3845 3979 4058 3954 
7 3971 3923 3954 4058 4018 4008 3858 
8 3656 3672 3687 3954 3923 3971 3858 3700 
7 3262 3321 3399 3574 3348 3314 3196 
6 3321 3433 3572 3548 3574 3399 
7 3548 3673 3698 3672 3656 3700 3574 
5 3548 3572 3675 3698 3673 
7 3757 3924 3934 4010 4073 3754 3771 
7 3781 3944 4022 4116 4044 3974 3742 
5 3754 4073 4057 3944 3781 
6 3817 3767 3863 3974 4044 3945 
7 3767 3817 3825 3845 3698 3675 3773 
5 3825 3817 3945 3979 3845 
6 3666 3614 3742 3974 3863 3767 
7 3579 3603 3767 3773 3675 3572 3552 
7 3401 3614 3666 3767 3603 3579 3496 
5 3552 3455 3349 3488 3579 
6 3455 3552 3572 3433 3321 3349 
7 3303 3401 3496 3579 3488 3349 3432 
7 3432 3349 3321 3262 3196 3234 3303 
7 541 658 762 974 1051 1038 770 
6 377 414 541 770 618 542 
5 788 542 618 770 1038 
5 272 364 270 102 133 
6 272 417 658 541 490 364 
6 364 490 541 414 377 270 
7 1126 1147 1395 1167 1120 1051 1082 
8 1124 1325 1318 1316 1395 1147 1087 974 
6 1087 1147 1126 1082 1051 974 
7 1038 1051 1120 1129 1174 1110 788 
6 1129 1120 1167 1395 1382 1174 
7 1110 1174 1382 1279 1168 1095 788 
7 923 788 1095 1168 1279 1140 1127 
9 1382 1395 1526 1527 1545 1516 1487 1473 1419 
8 1545 1527 1526 1644 1731 1709 1676 1643 
6 1545 1643 1676 1709 1759 1516 
6 1140 1279 1319 1387 1346 1230 
7 1473 1487 1516 1759 1528 1387 1319 
5 1382 1419 1473 1319 1279 
6 1518 1362 1571 1791 1654 1690 
6 1518 1526 1395 1412 1379 1362 
9 1316 1318 1325 1359 1361 1362 1379 1412 1395 
7 1727 1654 1791 1893 1950 1826 1743 
7 1691 1526 1518 1690 1654 1727 1743 
6 1691 1743 1826 1859 1754 1669 
10 1644 1526 1691 1669 1754 2000 1758 1759 1709 1731 
7 556 455 287 472 643 794 818 
6 348 456 500 643 472 287 
5 643 500 456 696 794 
6 109 190 205 446 306 112 
7 107 301 456 348 287 190 109 
6 446 205 190 287 455 556 
5 794 696 830 991 1001 
8 782 1013 802 932 1076 991 830 696 
5 802 1013 1230 1076 932 
6 406 451 484 456 428 413 
7 484 451 661 1013 782 696 456 
5 107 105 174 208 160 
8 406 413 428 456 301 107 160 208 
5 102 310 371 139 104 
6 102 270 377 379 371 310 
5 377 542 538 371 379 
6 538 542 788 923 869 754 
7 619 652 754 869 642 648 547 
6 371 538 754 652 619 547 
6 139 371 547 424 279 104 
5 105 104 234 208 174 
6 104 279 424 406 208 234 
7 451 406 424 547 648 566 661 
7 566 648 642 869 999 1013 661 
8 923 1127 1140 1085 1135 953 999 869 
7 1013 999 953 1135 1085 1140 1230 
7 1958 2039 2113 2174 2179 2094 2006 
7 1927 1779 1773 1948 1958 2006 2094 
5 1773 1794 1793 1958 1948 
7 2000 1961 1890 1958 1793 1759 1758 
7 2027 2000 2113 2039 1958 1890 2022 
5 1890 1961 2000 2027 2022 
6 1313 1076 1230 1346 1455 1331 
7 1339 1313 1331 1352 1448 1498 1402 
7 1331 1455 1552 1567 1587 1448 1352 
7 1574 1536 1387 1528 1759 1793 1662 
7 1387 1536 1574 1581 1552 1455 1346 
7 1587 1567 1552 1581 1794 1773 1675 
5 1581 1574 1662 1793 1794 
5 794 1001 1056 922 818 
5 827 556 818 946 981 
6 946 818 922 1056 1042 981 
8 1001 991 1041 1219 1212 1122 1042 1056 
7 1042 1122 1212 1266 1239 1179 1136 
5 1008 981 1042 1136 1130 
6 1291 1290 1266 1212 1219 1218 
7 1172 1313 1339 1291 1218 1219 1041 
5 1076 1313 1172 1041 991 
7 1136 1179 1239 1443 1307 1398 1237 
5 1136 1237 1398 1157 1130 
7 1290 1291 1339 1402 1498 1375 1394 
6 1266 1290 1394 1375 1443 1239 
6 1578 1670 1739 1909 1895 1641 
6 1578 1452 1443 1375 1498 1522 
5 1522 1696 1739 1670 1578 
5 1560 1398 1490 1561 1641 
5 1490 1472 1578 1641 1561 
7 1307 1443 1452 1578 1472 1490 1398 
7 1761 1675 1773 1779 1927 1925 1962 
7 1962 1925 1980 1974 2181 2044 1975 
7 1927 2094 2221 2181 1974 1980 1925 
7 1448 1587 1675 1761 1598 1589 1498 
5 1589 1598 1696 1522 1498 
5 1739 1765 1962 1975 1909 
6 1598 1761 1962 1765 1739 1696 
8 1649 1641 1844 2023 2090 2242 2071 1801 
5 2267 2131 2023 2125 2194 
7 2023 2131 2267 2405 2531 2242 2090 
5 2531 2405 2420 2589 2788 
6 2194 2226 2271 2383 2287 2267 
5 2287 2383 2420 2405 2267 
5 2173 2271 2226 2093 2157 
7 2062 1975 2044 2181 2221 2200 2173 
6 2093 2042 1975 2062 2173 2157 
5 1909 1970 2069 1997 1895 
7 1909 1975 2042 2093 2226 2069 1970 
8 1997 2069 2226 2194 2125 2023 1844 1991 
5 1844 1641 1895 1997 1991 
6 1893 1791 2024 1966 1984 1950 
6 1969 2175 2311 2320 2024 1791 
6 2024 2320 2479 2519 2486 2259 
5 2496 2143 2089 2204 2259 
7 1859 1826 1950 2089 2143 1965 1754 
7 1966 2024 2259 2204 2089 1950 1984 
7 2564 2787 2586 2615 2496 2259 2486 
6 2765 2787 2907 3002 2861 2892 
6 2586 2787 2765 2892 2737 2615 
6 2519 2479 2714 2787 2564 2486 
6 2582 2747 2745 2783 2714 2479 
8 2745 2747 2952 2977 2929 2878 2714 2783 
6 2878 2929 2977 2907 2787 2714 
7 3335 3475 3436 3371 3315 3289 3157 
6 2952 3138 3157 3002 2907 2977 
6 3157 3138 3293 3379 3475 3335 
6 3475 3379 3485 3556 3646 3521 
5 3293 3434 3556 3485 3379 
5 3293 3369 3560 3556 3434 
7 3170 3143 3412 3325 3193 3158 3007 
6 2811 2793 2922 3170 3007 2830 
7 2793 2706 2737 2892 3084 3170 2922 
9 3163 3154 3002 3157 3289 3315 3371 3436 3357 
8 3163 3357 3436 3463 3550 3460 3412 3143 
6 3084 3061 3145 3163 3143 3170 
8 3002 3154 3163 3145 3061 3084 2892 2861 
7 3715 3588 3955 4061 4028 3838 3716 
7 3325 3412 3424 3472 3498 3367 3193 
7 3424 3584 3598 3715 3716 3599 3472 
8 3550 3463 3588 3715 3554 3563 3501 3460 
7 3412 3460 3501 3547 3598 3584 3424 
6 3501 3563 3554 3715 3598 3547 
6 3367 3426 3591 3422 3336 3193 
7 3367 3498 3640 3625 3581 3591 3426 
7 3625 3640 3774 3884 3837 3807 3581 
5 3735 3838 3844 3774 3640 
7 3472 3599 3716 3838 3735 3640 3498 
8 3838 4028 4061 4074 3904 3884 3774 3844 
7 3884 3904 4074 4093 4347 4216 4166 
6 3436 3475 3605 3621 3588 3463 
5 3667 3621 3605 3726 3738 
6 3588 3621 3667 3738 3908 3955 
6 3775 3793 4092 4025 3908 3738 
5 3646 3556 3793 3775 3707 
8 3521 3646 3707 3775 3738 3726 3605 3475 
8 4061 4182 4189 4211 4346 4347 4093 4074 
8 4346 4338 4372 4448 4761 4534 4568 4347 
7 4182 4252 4372 4338 4346 4211 4189 
6 4083 4184 4468 4258 4230 4056 
7 4252 4182 4230 4258 4468 4448 4372 
5 4061 3955 4056 4230 4182 
7 3955 3908 4025 4092 4184 4083 4056 
6 2383 2271 2346 2423 2583 2424 
4 2200 2361 2352 2173 
6 2271 2173 2352 2361 2423 2346 
5 2383 2424 2499 2589 2420 
6 2583 2741 2770 2570 2499 2424 
6 2499 2570 2770 2744 2788 2589 
7 2950 2992 3083 2983 2744 2770 2890 
5 2983 3094 3090 3019 2744 
7 2744 3019 3090 3076 3153 2908 2788 
6 2635 2478 2712 2798 2766 2558 
7 2361 2478 2635 2558 2766 2583 2423 
6 2766 2896 2890 2770 2741 2583 
7 2766 2798 2986 2992 2950 2890 2896 
6 3076 3090 3094 3204 3250 3164 
6 3571 3491 3430 3443 3457 3512 
8 3442 3283 3189 3443 3430 3491 3632 3608 
7 3083 3221 3442 3250 3204 3094 2983 
4 3189 3283 3194 3083 
5 3221 3083 3194 3283 3442 
6 3037 3063 2986 2798 2988 3009 
7 2910 2961 3009 2988 2798 2712 2717 
6 2875 2961 2910 2717 2712 2654 
5 3305 3286 3445 3512 3457 
7 3217 3097 3286 3305 3457 3443 3189 
6 3063 3217 3189 3083 2992 2986 
6 2961 3097 3217 3063 3037 3009 
7 2568 2615 2737 2706 2793 2811 2732 
7 2621 2618 2569 2471 2568 2732 2811 
5 2621 2811 2830 2743 2618 
6 2426 2285 2496 2615 2568 2471 
6 2444 2289 2426 2471 2537 2533 
7 2537 2471 2569 2618 2743 2391 2534 
7 1754 1965 2143 2496 2285 2084 2000 
7 2289 2444 2533 2452 2113 2000 2126 
6 2126 2000 2084 2285 2426 2289 
5 2179 2174 2234 2347 2222 
6 2222 2347 2391 2414 2359 2327 
7 2351 2452 2533 2537 2534 2391 2347 
6 2351 2347 2234 2174 2113 2452 
6 3320 3299 3422 3591 3581 3445 
5 3258 3299 3320 3445 3286 
6 2961 2970 3125 3258 3286 3097 
7 3007 3158 3125 2970 2949 2990 2830 
7 3125 3158 3292 3336 3422 3299 3258 
4 3158 3193 3336 3292 
6 2961 2875 2867 2906 2930 2970 
7 2833 2830 2990 2949 2970 2930 2906 
5 2830 2833 2906 2867 2743 
7 2221 2094 2228 2359 2478 2361 2200 
6 2228 2094 2179 2222 2327 2359 
8 2577 2439 2414 2391 2743 2867 2875 2654 
7 2439 2577 2654 2712 2478 2359 2414 
7 3988 4084 4137 4145 4298 4477 4217 
7 4084 4007 4110 4149 4298 4145 4137 
5 4153 4336 4301 4289 4149 
5 4595 4477 4400 4558 4629 
8 4289 4301 4336 4445 4400 4477 4298 4149 
7 4336 4555 4514 4629 4558 4400 4445 
7 4228 4164 4204 4450 4291 4336 4153 
6 4164 3884 4166 4216 4206 4204 
7 4450 4204 4206 4216 4347 4311 4391 
6 4555 4605 4639 4742 4629 4514 
5 4633 4729 4814 4639 4605 
8 4291 4450 4625 4640 4729 4633 4422 4336 
5 4336 4422 4633 4605 4555 
6 3884 4164 4228 4153 4045 3990 
7 3831 3807 3837 3884 3990 4045 3961 
7 3695 3581 3807 3831 3961 4045 3801 
7 3512 3445 3581 3695 3801 3702 3731 
7 4110 4015 3883 4033 4045 4153 4149 
8 3883 3727 3512 3731 3702 3801 4045 4033 
6 3788 3727 3883 4015 4110 4007 
8 3943 3882 3830 3788 4007 4084 3988 3881 
6 3882 3943 3881 3739 3786 3830 
6 3608 3632 3721 3736 3786 3739 
5 3736 3721 3788 3830 3786 
5 3512 3727 3788 3729 3571 
6 3571 3729 3788 3721 3632 3491 
5 4456 4356 4519 4601 4550 
5 4308 4519 4356 4292 4167 
6 4167 4292 4356 4456 4155 4248 
6 4580 4595 4665 4706 4601 4519 
6 4308 4315 4376 4461 4580 4519 
7 4217 4477 4595 4580 4461 4376 4315 
6 3988 4217 4315 4308 4167 4118 
6 3739 3881 3949 3964 3933 3886 
7 4055 3964 3949 3881 3988 4118 4167 
7 4021 3933 3964 4055 4167 4038 4076 
6 4038 4167 4248 4155 4072 4076 
6 3886 3933 4021 4076 4072 3997 
6 3934 3924 3757 3886 3997 4072 
6 5056 4929 5076 5123 5124 4939 
7 4939 4886 4780 5035 5076 4929 5056 
6 4888 4753 4809 4886 4939 5124 
6 4706 4665 4780 4886 4809 4758 
6 4753 4550 4601 4706 4758 4809 
6 4550 4753 4888 4818 4713 4456 
7 4742 4639 4814 4901 4841 4737 4629 
7 4665 4595 4629 4737 4684 4782 4780 
7 4782 4684 4737 4841 4901 5035 4780 
7 5076 5035 5244 5218 5329 5249 5186 
4 5218 5244 5433 5329 
6 5186 5249 5329 5311 5248 5252 
7 5252 5248 5159 5124 5123 5076 5186 
6 5508 5613 5624 5598 5443 5438 
7 5584 5385 5384 5425 5441 5595 5656 
8 5438 5443 5598 5624 5656 5595 5441 5425 
6 5656 5624 5713 5832 5689 5584 
7 5296 5219 5324 5385 5584 5689 5620 
7 5691 5620 5689 5832 5879 5858 5692 
7 5537 5714 5735 5795 5693 5688 5632 
6 5613 5508 5537 5632 5657 5624 
7 5632 5688 5693 5795 5713 5624 5657 
7 5832 6093 6182 6279 6123 6100 5960 
6 6115 6221 6248 6279 6182 6093 
7 5968 6115 6093 5832 5713 5795 5964 
6 5795 5735 5714 5842 5968 5964 
6 5244 5354 5739 5520 5499 5433 
6 5739 5792 5745 5622 5665 5520 
5 5433 5499 5520 5665 5622 
6 5354 5296 5620 5691 5767 5739 
8 5691 5692 5858 6022 5834 5815 5748 5767 
7 5830 5767 5748 5815 5834 6022 6121 
7 6087 5960 6100 6123 6165 6308 6166 
8 6089 6166 6308 6379 6457 6131 6022 5858 
7 5832 5960 6087 6166 6089 5858 5879 
5 6485 6625 6723 6670 6543 
8 6379 6308 6361 6485 6543 6670 6597 6457 
6 6165 6123 6279 6256 6361 6308 
7 6279 6248 6465 6625 6485 6361 6256 
7 4773 4871 4836 4678 4645 4564 4638 
6 4625 4450 4564 4645 4678 4640 
5 4391 4311 4417 4564 4450 
7 4568 4534 4761 4679 4773 4638 4648 
5 4347 4507 4564 4417 4311 
6 4507 4347 4568 4648 4638 4564 
8 4824 4875 4934 5017 5068 4901 4814 4729 
6 4678 4802 4875 4824 4729 4640 
6 4802 4678 4836 4933 4934 4875 
7 5354 5244 5035 4901 5068 5215 5220 
8 5296 5354 5220 5215 5068 5017 5141 5247 
7 4934 4933 5031 5070 5178 5141 5017 
6 5178 5070 5219 5296 5247 5141 
6 5027 4971 5261 5185 5219 5067 
6 4773 4679 4883 4853 4926 4871 
5 4853 4883 4971 5027 4926 
6 5324 5219 5185 5261 5384 5385 
6 4891 4836 4871 4926 5027 5067 
7 4891 5067 5219 5070 5031 4933 4836 
6 5105 5291 5438 5425 5384 5261 
7 5416 5537 5508 5438 5291 5105 5310 
5 5200 5403 5537 5416 5310 
7 4848 4976 5105 5261 4971 4883 4679 
6 5105 4976 4848 5055 5200 5310 
6 5191 5403 5200 5055 4848 5077 
7 4874 4962 5191 5077 4848 4679 4761 
5 5008 5057 5058 4921 4922 
6 4818 4888 5124 5108 5041 4873 
7 4922 4856 4873 5041 5108 5057 5008 
5 4792 4982 5099 5119 4974 
8 4713 4818 4873 4856 4922 4921 4781 4710 
6 4792 4710 4781 4921 5058 4982 
8 4642 4685 4792 4974 5119 4989 4813 4743 
7 4642 4600 4689 4536 4710 4792 4685 
6 4453 4478 4536 4689 4600 4511 
6 4642 4743 4813 4709 4612 4647 
5 4512 4433 4500 4612 4709 
6 4600 4642 4592 4500 4433 4511 
5 4647 4612 4500 4592 4642 
5 4225 4155 4456 4405 4365 
7 4459 4365 4405 4498 4536 4478 4453 
6 4498 4405 4456 4713 4710 4536 
5 3934 4072 4155 4225 4010 
7 4329 4113 4345 4286 4225 4365 4459 
7 4345 4113 4329 4073 4010 4225 4286 
7 4278 4300 4362 4437 4367 4277 4190 
5 4419 4433 4512 4437 4362 
7 4190 4212 4433 4419 4362 4300 4278 
8 4341 4212 4116 4022 3944 4057 4073 4329 
7 4329 4459 4453 4511 4433 4212 4341 
5 3945 4044 4064 4131 3979 
8 4212 4190 4277 4263 4131 4064 4044 4116 
7 5057 5108 5256 5323 5276 5189 5058 
6 5256 5108 5124 5159 5248 5363 
6 5248 5374 5497 5355 5256 5363 
6 5630 5700 5812 5845 5827 5660 
7 5323 5256 5355 5497 5700 5529 5450 
6 5529 5700 5630 5660 5563 5450 
6 5457 5487 5600 5498 5235 5390 
8 5457 5390 5449 5331 5422 5563 5600 5487 
6 5242 5240 5331 5449 5390 5235 
7 4982 5058 5173 5242 5235 5119 5099 
7 5058 5189 5287 5331 5240 5242 5173 
6 5323 5450 5563 5422 5337 5276 
6 5189 5276 5337 5422 5331 5287 
7 5833 5800 5989 5974 6012 6010 5915 
6 5728 5622 5745 5749 5800 5833 
5 5749 5745 5792 5989 5800 
6 5787 6010 5898 5812 5700 5719 
7 5833 5762 5787 5719 5726 5702 5728 
5 5915 6010 5787 5762 5833 
7 5424 5555 5635 5558 5409 5311 5329 
5 5622 5728 5635 5555 5516 
6 5555 5424 5329 5433 5622 5516 
5 5374 5481 5558 5650 5497 
6 5311 5409 5558 5481 5374 5248 
6 5728 5702 5726 5650 5558 5635 
5 5700 5497 5650 5726 5719 
6 4199 4085 4215 4328 4290 4317 
8 4317 4290 4328 4457 4460 4412 4403 4380 
6 4199 4317 4380 4403 4412 4460 
5 4460 4457 4548 4621 4623 
4 4051 4062 4085 4199 
7 4457 4328 4602 4680 4672 4621 4548 
6 4680 4602 4765 4808 4892 4849 
7 4892 5122 5131 5148 5114 5026 4849 
6 5109 5026 5114 5148 5150 5153 
5 4992 4948 4936 5109 5153 
7 4803 4849 5026 5109 4936 4948 4865 
6 4803 4865 4948 4992 4623 4881 
7 4672 4680 4849 4803 4881 4623 4621 
6 4018 4058 4207 4359 4373 4138 
5 4207 4218 4187 4339 4359 
5 4058 3979 4187 4218 4207 
6 4465 4516 4603 4615 4518 4339 
7 4368 4367 4437 4516 4465 4339 4187 
7 4131 4263 4277 4367 4368 4187 3979 
5 3836 3916 4085 4062 4051 
7 4018 4138 4373 4165 4215 4111 4008 
5 3916 4008 4111 4215 4085 
7 4339 4518 4658 4614 4630 4501 4359 
6 4658 4808 4765 4602 4630 4614 
7 4373 4359 4501 4630 4602 4489 4479 
7 4328 4215 4165 4373 4479 4489 4602 
5 5122 5080 5182 5303 5208 
5 5153 5150 5148 5402 5369 
6 5148 5131 5122 5208 5530 5402 
7 5352 5547 5493 5585 5614 5476 5303 
6 5208 5303 5428 5602 5570 5530 
5 5602 5428 5303 5476 5614 
8 4812 4816 4880 4892 4808 4658 4721 4703 
6 4892 4880 5028 5182 5080 5122 
7 4880 4816 4812 4960 5120 5182 5028 
7 4512 4709 4867 4671 4610 4516 4437 
5 4516 4610 4671 4615 4603 
7 4688 4703 4721 4658 4518 4615 4671 
6 4671 4867 4960 4812 4703 4688 
5 5180 5126 5213 5251 5400 
7 5165 4989 5119 5235 5254 5251 5213 
6 5165 5213 5126 5054 5072 4989 
7 5243 5180 5400 5507 5493 5547 5352 
7 5400 5251 5267 5338 5483 5462 5507 
6 5254 5235 5483 5338 5267 5251 
5 4867 4906 4963 4975 4960 
7 4912 4823 4813 4989 5072 5054 4963 
7 4709 4813 4823 4912 4963 4906 4867 
6 5074 5180 5132 5120 4960 4975 
6 5054 5126 5180 5074 4975 4963 
5 5182 5164 5243 5352 5303 
6 5243 5164 5182 5120 5132 5180 
7 6764 6669 6698 6818 6885 6978 6877 
4 6747 6655 6764 6877 
6 6580 6669 6764 6655 6747 6564 
4 6440 6580 6564 6483 
6 6423 6538 6579 6505 6580 6440 
5 6669 6580 6505 6579 6698 
7 6616 6679 6697 6750 6579 6538 6541 
8 6868 7023 7055 6901 6791 6750 6697 6679 
6 6679 6758 6806 6867 7023 6868 
6 6901 7055 6993 6976 6896 6791 
5 7163 7204 6976 6993 7055 
6 6799 6579 6750 6791 6896 6976 
8 6579 6799 6976 7204 6988 6885 6818 6698 
6 6666 6387 6483 6564 6747 6769 
5 6429 6387 6666 6749 6730 
6 6730 6749 6666 6769 6873 6811 
6 6747 6877 6978 7172 6911 6769 
6 6914 6833 6811 6873 6906 7070 
6 6769 6911 7172 7070 6906 6873 
7 7294 7237 7355 7407 7490 7381 7305 
7 7349 7204 7380 7549 7522 7407 7355 
6 6988 7204 7349 7355 7237 7160 
5 7035 6978 6885 6988 7160 
6 7160 7237 7294 7172 6978 7035 
8 7070 7172 7148 7210 7403 7510 6833 6914 
7 7172 7294 7305 7381 7403 7210 7148 
5 8123 8024 7879 7914 8019 
6 8195 8176 8076 7953 7835 7971 
7 8176 8195 8308 8269 8310 8257 8076 
7 7804 7896 7953 8076 8123 8019 7914 
6 7806 7849 7835 7953 7896 7804 
7 7582 7563 7666 7835 7849 7806 7804 
6 7407 7522 7573 7801 7777 7490 
5 7642 7797 7914 7879 7801 
6 7573 7522 7651 7797 7642 7801 
5 7666 7563 7549 7470 7456 
7 7204 7163 7232 7456 7470 7549 7380 
6 7563 7582 7687 7651 7522 7549 
6 7687 7582 7804 7914 7797 7651 
6 7739 7971 7835 7666 7456 7632 
8 7473 7445 7658 7556 7614 7632 7456 7547 
5 7556 7658 7739 7632 7614 
8 7232 7208 7263 7417 7435 7473 7547 7456 
6 7263 7061 7140 7283 7339 7417 
6 7283 7445 7473 7435 7417 7339 
6 7084 6958 6879 6795 6894 7136 
5 7130 7084 7136 7283 7140 
6 7061 6982 6958 7084 7130 7140 
7 6879 6958 6982 7061 7018 6919 6876 
8 6806 6683 6812 6879 6876 6919 7018 6867 
6 7023 6867 7018 7146 7163 7055 
7 7263 7208 7232 7163 7146 7018 7061 
7 6110 6175 6374 6456 6365 6388 6282 
5 6025 6083 5901 5889 5841 
8 5841 6041 6048 6175 6110 6282 6083 6025 
7 6456 6577 6541 6538 6282 6388 6365 
6 6609 6679 6616 6541 6577 6456 
7 6374 6435 6604 6758 6679 6609 6456 
6 5851 5822 6074 6048 6041 5841 
6 5740 5600 5563 5660 5827 5822 
7 5687 5732 5600 5740 5822 5851 5841 
7 5653 5806 5817 5741 5701 5604 5498 
7 5462 5483 5235 5498 5604 5701 5507 
7 5653 5687 5841 5889 5901 5817 5806 
5 5600 5732 5687 5653 5498 
7 6230 6067 6258 6380 6391 6293 6259 
6 6055 6067 6230 6259 6142 6074 
5 6142 6259 6241 6223 6074 
6 6048 6074 6223 6322 6374 6175 
5 5822 5827 5949 6055 6074 
5 5949 5827 5929 6067 6055 
7 6489 6406 6293 6391 6380 6534 6634 
6 6613 6795 6879 6812 6683 6556 
6 6795 6613 6556 6406 6489 6634 
6 6758 6604 6558 6556 6683 6806 
5 6435 6374 6409 6558 6604 
7 6304 6406 6556 6558 6409 6374 6322 
7 6241 6259 6293 6406 6304 6322 6223 
6 6106 6282 6538 6423 6270 6206 
6 5954 5775 5918 6083 6282 6106 
7 5979 5890 5614 5775 5954 6106 6206 
6 5741 5817 5901 6083 5918 5878 
8 5878 5918 5775 5614 5585 5493 5507 5743 
5 5507 5701 5741 5878 5743 
7 5993 6149 6195 6330 6440 6238 5963 
5 5993 5979 6206 6195 6149 
6 6195 6206 6270 6423 6440 6330 
5 5570 5623 5648 5586 5530 
5 5402 5530 5586 5648 5542 
6 5570 5602 5614 5890 5662 5623 
7 5623 5662 5890 5979 5993 5963 5648 
7 5608 5720 5542 5648 5843 5825 5788 
7 5542 5720 5608 5485 5553 5541 5402 
5 5402 5541 5553 5485 5369 
6 5843 5648 5963 6135 6088 5999 
6 5888 6011 5976 5608 5788 5825 
7 5825 5843 5999 6088 6031 6011 5888 
4 5976 6011 6094 6021 
6 6094 6011 6031 6144 6136 6052 
5 6136 6294 6021 6094 6052 
6 6251 6138 6238 6440 6483 6387 
7 6135 5963 6238 6138 6144 6031 6088 
5 6138 6251 6283 6136 6144 
6 6387 6429 6294 6136 6283 6251 
7 6670 6723 7003 7019 7212 7026 6780 
6 6744 6780 7026 7062 6970 6909 
7 6746 6597 6670 6780 6744 6909 6864 
7 7062 7026 7212 7266 7235 7138 6970 
6 6975 6945 6909 6970 7138 7101 
5 6864 6909 6945 6975 6875 
7 6845 6677 6581 6553 6746 6864 6875 
6 6511 6457 6597 6746 6553 6581 
5 6524 6511 6581 6677 6659 
4 6851 7007 6819 6796 
6 6685 6659 6851 6796 6819 6774 
4 6851 6975 7101 7007 
6 6677 6845 6875 6975 6851 6659 
7 5923 5792 5739 5767 5830 6121 6073 
8 6173 6179 6121 6022 6131 6418 6269 6211 
7 6121 6179 6173 6211 6096 6056 6073 
6 5792 5923 6073 6056 6209 5989 
6 6096 6211 6236 6134 6209 6056 
6 6209 6134 6236 6211 6269 6333 
6 6659 6685 6774 6708 6592 6584 
7 6417 6376 6524 6659 6584 6512 6473 
7 6458 6432 6417 6473 6512 6584 6592 
5 6252 6209 6333 6376 6417 
8 6457 6511 6524 6376 6333 6269 6418 6131 
9 6012 6158 6151 6252 6417 6432 6290 6193 6191 
7 6158 6012 5974 5989 6209 6252 6151 
5 7179 7041 6940 7021 7194 
5 7136 6894 7041 7179 7256 
6 6834 6940 7041 6894 6795 6634 
8 6692 6701 6703 6720 6924 7021 6940 6786 
6 6640 6692 6786 6940 6834 6731 
5 6640 6731 6834 6634 6534 
7 6924 6880 6965 7110 7181 7194 7021 
7 6753 6774 7025 7110 6965 6880 6772 
8 6716 6708 6774 6753 6772 6880 6924 6720 
8 7358 7252 7181 7110 7025 7123 7236 7408 
5 7181 7252 7358 7313 7194 
7 6774 6819 7007 7157 7236 7054 7025 
4 7025 7054 7236 7123 
8 6191 6193 6290 6244 6185 6045 6010 6012 
7 6150 6053 6045 6185 6242 6327 6280 
6 6244 6290 6364 6327 6242 6185 
8 6010 6045 6053 6150 6280 6258 6072 5898 
8 5913 5812 5898 6072 6258 6067 5929 5938 
6 5845 5812 5913 5938 5929 5827 
6 6408 6569 6692 6640 6534 6492 
6 6258 6280 6411 6492 6534 6380 
5 6411 6280 6327 6408 6492 
7 6290 6432 6532 6415 6408 6327 6364 
6 6526 6569 6408 6415 6532 6630 
8 6569 6526 6630 6716 6720 6703 6701 6692 
7 6432 6458 6592 6708 6716 6630 6532 
7 7607 7496 7597 7626 7742 7688 7555 
6 7555 7688 7716 7813 7646 7471 
5 7425 7496 7607 7555 7471 
7 7626 7597 7580 7776 7738 7761 7742 
6 7235 7266 7580 7597 7496 7348 
6 7259 7235 7348 7496 7425 7338 
7 7243 7250 7101 7138 7235 7259 7338 
6 7243 7338 7425 7471 7322 7250 
6 7101 7250 7322 7471 7327 7190 
5 7327 7471 7646 7648 7347 
6 7157 7347 7648 7520 7408 7236 
5 7190 7327 7347 7157 7249 
5 7190 7249 7157 7007 7101 
5 8250 8306 8435 8494 8496 
6 8150 8191 8318 8233 8166 8133 
6 8166 8233 8318 8435 8306 8250 
6 8169 8166 8250 8496 8271 8243 
7 8088 8133 8166 8169 7996 8094 7920 
7 7915 7648 7925 7870 7920 8094 7996 
8 7776 7796 7860 7882 7919 7742 7761 7738 
6 7688 7742 7919 7820 7854 7716 
7 7820 7919 7882 8092 7975 7990 7854 
5 7854 7990 8073 7984 7958 
6 8073 8150 8133 8088 7958 7984 
7 7648 7646 7813 7716 7854 7870 7925 
5 7854 7958 8088 7920 7870 
5 8183 8248 8227 8241 8164 
8 8164 8241 8227 8299 8314 8298 8134 7944 
7 8227 8248 8271 8363 8351 8314 8299 
6 8535 8361 8357 8314 8351 8363 
7 8397 8357 8361 8535 8678 8565 8488 
6 8357 8397 8488 8324 8298 8314 
6 8101 8029 7884 8053 8134 8298 
5 8037 7875 7906 7884 8029 
6 7971 7739 7658 7906 7875 8037 
7 8101 8298 8236 8179 8204 8037 8029 
6 8204 8179 8236 8298 8324 8272 
7 8037 8204 8272 8175 8308 8195 7971 
5 8324 8358 8308 8175 8272 
7 7313 7358 7408 7672 7606 7364 7194 
6 7283 7136 7256 7357 7539 7445 
7 7179 7194 7364 7324 7539 7357 7256 
8 7539 7324 7366 7564 7884 7906 7658 7445 
5 7855 7884 7564 7700 7606 
6 7606 7700 7564 7366 7324 7364 
6 7921 7915 7996 8169 8243 8090 
7 8248 8183 8058 7921 8090 8243 8271 
6 8058 8183 8164 7944 7993 7921 
7 7941 7606 7672 7746 7921 7993 7944 
7 7941 7944 8134 8053 7884 7855 7606 
5 7697 7648 7915 7921 7746 
6 7520 7648 7697 7746 7672 7408 
7 9392 5020 7965 11838 13831 12133 10233 
7 7030 5020 9392 10233 10807 8790 4527 
5 10233 12133 13831 13007 10807 
7 11313 11838 7965 10247 11351 11403 14156 
5 6018 14156 14186 9283 7213 
7 11838 11313 14156 6018 7213 13007 13831 
5 12577 11699 2342 9283 14186 
7 9283 2342 9710 14033 6598 8113 14372 
5 14033 9710 1226 8113 6598 
6 11351 11161 12577 14186 14156 11403 
7 9012 9037 9400 11699 12577 11161 11351 
5 2404 6285 10247 7965 3389 
9 8168 2545 6546 9037 9012 11351 10247 6285 2404 
6 3471 7399 8131 4572 7301 1206 
6 6960 4572 7594 6594 1738 3544 
5 8131 7399 6594 7594 4572 
7 4572 6960 7814 6582 4787 5987 7301 
5 4787 6582 415 813 182 
7 6582 7814 6960 3544 2251 813 415 
7 2251 3544 1738 1389 1040 3389 813 
5 2503 2404 3389 1040 1389 
6 976 8168 2404 2503 1389 1738 
7 3142 3696 3999 7965 5020 6734 4250 
6 3389 7965 3999 3696 182 813 
8 6132 6639 6734 5020 7030 4527 4556 4858 
5 4250 6734 6639 6132 3142 
7 9803 10894 11679 1907 731 11448 9276 
6 14250 12718 3413 4961 1907 11679 
8 9286 11052 12642 12718 14250 11679 10894 9803 
8 10931 11448 731 1907 4961 12970 5684 4098 
6 9615 9276 11448 10931 4098 12647 
8 4098 5684 12970 5032 13662 12438 9753 12647 
6 12200 8187 11742 13765 11051 10303 
7 12361 11742 8187 7152 6702 10133 12886 
6 13765 11742 12361 12886 11052 9286 
6 9615 13334 8343 13620 13343 9276 
7 13343 13620 8343 13765 9286 9803 9276 
5 10303 11051 13765 8343 14139 
7 604 14139 8343 13334 9615 12647 9753 
7 1515 10105 11052 12886 10133 11740 12276 
7 12642 11052 10105 1515 9924 10224 9307 
6 9924 1515 13576 10253 9990 10224 
7 6702 4527 8790 10807 12153 11740 10133 
5 12153 11469 1515 12276 11740 
5 11469 12153 10807 13007 1515 
6 3842 1599 12779 11603 12036 10436 
6 10224 9990 12036 11603 12779 9307 
6 9307 12779 1599 3413 12718 12642 
5 14372 8113 3842 10436 11244 
6 9283 14372 11244 10436 10046 7213 
7 13007 7213 10046 14434 10253 13576 1515 
6 9990 10253 14434 10046 10436 12036 
7 14261 14299 14422 14489 14397 14427 14354 
6 14427 14397 14489 2018 14469 14354 
7 14050 1299 2107 14511 14354 14469 2018 
5 11197 14511 2107 1299 1697 
6 14050 6589 3849 1628 3759 1299 
5 1299 3759 1628 4172 1697 
7 2018 2703 592 3765 3849 6589 14050 
6 2703 14395 14438 14332 3410 69 
8 14422 14299 14331 14438 14395 2703 2018 14489 
6 5811 155 12571 2506 2406 1939 
5 44 14467 12571 155 5811 
7 13579 44 5811 1939 592 2703 69 
7 3410 14332 14214 14467 44 13579 69 
7 1628 4280 6789 8003 7112 5045 4172 
6 6789 4280 5347 6760 6916 8003 
6 6916 6760 362 719 159 2686 
7 2456 719 362 3696 3142 6132 4858 
6 4858 4556 4527 6702 7980 2456 
6 7980 6702 7152 5908 719 2456 
6 3765 592 682 7811 3249 3849 
5 2406 2506 1206 7301 4451 
6 1939 2406 4451 7811 682 592 
7 3849 3249 7811 6987 8105 4280 1628 
7 362 6760 5347 4280 8105 6987 3696 
6 7301 5987 4787 6987 7811 4451 
4 6987 4787 182 3696 
6 9722 11219 2600 3615 10683 110 
6 2891 9722 110 156 807 8777 
6 10683 3866 1910 807 156 110 
7 7112 3823 3866 10683 3615 996 5045 
7 11197 1697 3229 996 3615 2600 11219 
5 4172 5045 996 3229 1697 
8 805 5306 4986 6645 154 1025 3072 175 
5 807 3183 4986 5306 805 
6 8777 807 805 175 1214 4551 
6 3183 6006 5575 4949 7542 4986 
5 154 6645 4986 7542 4949 
6 3823 7112 8244 5142 1910 3866 
6 1910 5142 5575 6006 3183 807 
5 8003 6916 384 5958 7112 
6 7827 7112 5958 1449 170 1750 
7 384 6916 2686 159 170 1449 5958 
6 159 719 5908 7152 8187 5902 
6 170 3300 3593 5351 4463 1750 
7 159 5902 8187 5351 3593 3300 170 
5 3892 3437 4798 7877 2435 
7 4463 5351 8187 12200 5984 4798 3437 
6 7877 4798 5984 12200 10303 9940 
6 5142 5289 1750 4463 3437 7129 
6 7112 7827 1750 5289 5142 8244 
6 5575 5142 7129 3437 3892 2836 
7 4949 5575 2836 3892 2435 2304 154 
7 13758 13593 13760 13876 14123 13898 13862 
8 13595 13593 13758 13862 13898 13919 13770 13752 
6 13626 13595 13752 13770 13919 13912 
8 13587 13626 13912 13890 13973 13832 13785 13567 
5 13317 13474 13587 13567 13394 
7 13317 13404 13562 13595 13626 13587 13474 
5 13832 13973 14108 14021 13971 
7 13785 13832 13971 14021 13889 13820 13744 
7 13704 13746 13744 13820 13889 13808 13822 
5 13567 13785 13744 13719 13583 
6 13394 13567 13583 13719 13533 13325 
7 13462 13325 13533 13719 13744 13746 13704 
6 13440 13325 13462 13704 13637 13553 
7 14219 14261 14354 14208 14123 13876 14094 
6 14123 14208 14294 14446 14308 14257 
5 14294 14208 14354 14511 14446 
6 2051 14415 14504 14513 11197 11219 
7 14442 14308 14446 14511 11197 14513 14504 
5 14257 14308 14442 14504 14415 
7 14419 14421 14364 14415 2051 11219 9722 
8 14117 14257 14415 14241 14232 14153 14119 14088 
6 14241 14415 14364 14421 14273 14232 
5 13898 14123 14257 14117 13919 
7 13912 13919 14117 14088 14119 14153 13989 
6 13989 14153 14232 14273 14108 14089 
6 13890 13912 13989 14089 14108 13973 
7 14419 9722 2891 8777 1100 66 14421 
5 5991 3404 8777 12732 11954 
5 5991 66 1100 8777 3404 
6 14420 66 5991 11954 12732 1873 
8 12732 8777 4551 1214 175 9904 12051 1873 
6 14461 14420 1873 12051 9904 101 
6 14102 14161 14205 14226 14198 14192 
6 14329 14226 14205 14297 14461 101 
6 14277 14198 14226 14329 101 14444 
5 14205 14161 14021 14274 14297 
6 14274 14381 14380 14420 14461 14297 
7 14273 14421 66 14420 14380 14381 14247 
6 14021 14108 14273 14247 14381 14274 
8 14035 13942 13945 13889 14021 14161 14102 14118 
8 13808 13889 13945 13942 14035 14048 13880 13822 
6 14048 14035 14118 14102 14192 14198 
7 14048 14198 14277 14444 14278 14151 13856 
7 13637 13704 13822 13880 13776 13810 13553 
5 13776 13880 14048 13856 13810 
7 13259 13292 13335 13418 13531 13451 13472 
5 13472 13451 13566 13753 13578 
7 13531 13690 13764 13841 13753 13566 13451 
6 13427 13440 13553 13810 13737 13480 
7 13418 13335 13427 13480 13737 13690 13531 
7 13737 13810 13856 13853 13812 13764 13690 
9 13812 13853 13856 14151 13892 14001 13900 13894 13764 
7 12744 12919 12966 13150 13176 12883 12752 
9 12994 13241 13234 13315 13317 13394 13325 13250 13004 
7 13004 13250 13325 13440 13427 13261 13242 
6 13023 12916 12860 12812 12922 13018 
7 12861 12883 13176 13018 12922 12878 12760 
5 12743 12760 12878 12922 12812 
5 13217 13221 13369 13404 13317 
6 13018 13100 13221 13217 13154 13023 
5 13176 13359 13221 13100 13018 
6 13026 12983 13108 13241 12994 12854 
5 12854 12860 12916 12983 13026 
7 13108 13154 13217 13317 13315 13234 13241 
5 12983 12916 13023 13154 13108 
8 13562 13508 13414 13489 13432 13510 13593 13595 
7 13359 13414 13508 13562 13404 13369 13221 
7 13176 13193 13276 13432 13489 13414 13359 
6 13276 13193 13269 13362 13344 13432 
6 13510 13463 13631 13608 13760 13593 
7 13344 13362 13402 13631 13463 13510 13432 
7 13172 13033 13266 13416 13300 13330 13202 
7 13330 13390 13505 13529 13631 13402 13362 
5 13330 13300 13416 13505 13390 
8 13132 13215 13269 13193 13176 13150 12966 13160 
7 13202 13330 13362 13269 13215 13132 13172 
5 12919 13070 13132 13160 12966 
6 12919 12907 13033 13172 13132 13070 
5 13608 13631 13709 13876 13760 
5 13631 13560 13754 13876 13709 
7 13529 13505 13651 13724 13754 13560 13631 
8 14061 14031 14299 14261 14219 14094 13876 13754 
7 13724 13686 13984 13955 14031 14061 13754 
7 14044 14157 14331 14299 14031 13955 13984 
6 13860 13870 13958 14004 13963 13686 
6 13870 13743 13869 13976 14002 13958 
6 13976 14056 14214 14004 13958 14002 
6 14044 14047 14004 14166 14122 14157 
6 13963 14004 14047 14044 13984 13686 
6 14251 14214 14332 14438 14331 14157 
6 14166 14004 14214 14251 14157 14122 
5 13441 13617 13644 13580 13393 
6 13282 13230 13393 13580 13525 13387 
5 13686 13724 13651 13525 13580 
5 13580 13644 13735 13860 13686 
6 13658 13680 13743 13870 13860 13735 
7 13617 13441 13743 13680 13658 13735 13644 
5 13416 13387 13525 13651 13505 
7 13000 13230 13282 13281 13185 12968 12918 
7 13185 13281 13282 13387 13416 13266 13033 
7 12888 12688 12774 13000 12918 12907 12919 
5 12907 12918 12968 13185 13033 
5 12468 12624 12774 12688 12557 
5 12744 12557 12688 12888 12919 
7 12727 13905 11168 14139 58 14191 13400 
8 58 14139 604 9753 9643 13336 13400 14191 
7 13336 9643 9753 12438 10610 9166 9300 
6 10303 14139 11168 13905 12727 10669 
6 7877 9940 8933 10864 7791 8202 
7 8933 9940 10303 10669 12727 11629 10864 
7 3543 11477 10867 13299 12476 8771 12375 
6 12903 13400 13336 13123 13299 10867 
7 13123 13336 9300 9166 13253 12476 13299 
8 10610 12438 13662 5032 13354 12954 13253 9166 
6 13253 12954 13354 5032 11889 136 
6 12476 13253 136 12833 12375 8771 
6 14315 12833 136 11889 11497 14441 
7 1812 175 3072 1025 2933 5677 4327 
7 7426 5716 6455 6097 4327 5677 2933 
5 1812 4327 6097 6455 5716 
7 7426 2933 1025 473 1880 543 1112 
8 1880 473 6424 8512 8025 8523 7219 7304 
5 1112 543 1880 7304 7219 
8 8378 7791 10864 11629 12727 13400 12903 10867 
6 7791 8378 8512 6424 5704 5092 
7 8512 8378 10867 11477 13396 8523 8025 
6 473 2350 7722 6680 5090 6424 
6 6680 7722 5092 5704 6424 5090 
6 154 2304 2435 2350 473 1025 
7 7877 8202 7791 5092 7722 2350 2435 
5 13407 7720 8568 11687 10675 
6 11687 8568 13500 12668 7961 9818 
7 8568 7720 3953 12730 7961 12668 13500 
7 13549 1118 9423 7720 13407 13272 12806 
7 12833 14315 14441 11497 13034 12863 9397 
6 13034 11497 12730 3953 7720 9423 
5 12456 9208 13549 12806 11492 
8 9208 7500 12749 9700 8547 9423 1118 13549 
7 12456 7219 8523 13155 12749 7500 9208 
5 13155 8523 13396 11477 3543 
7 13155 3543 12375 12833 9397 12334 12198 
6 13155 12198 12334 8950 9700 12749 
8 8547 9700 8950 12334 9397 12863 13034 9423 
6 4704 3718 1131 8014 4449 7469 
5 715 2249 1734 1131 3718 
7 715 3718 4704 525 1017 3803 2249 
4 8014 6593 7219 9359 
7 1112 7219 6593 8014 1131 1734 3311 
5 3136 7426 1112 3311 1734 
6 8014 9359 11142 8190 7469 4449 
6 7469 8190 11142 14132 8807 9360 
6 8807 14132 12831 13645 12306 9360 
7 13645 12831 14132 5298 13407 10675 7750 
6 12806 13272 13407 5298 14132 12416 
6 11142 9359 9510 12806 12416 14132 
6 7219 12456 11492 12806 9510 9359 
6 11299 12166 10827 10163 7974 14243 
7 11299 14243 8630 12109 12712 13113 12166 
6 13113 13141 9047 10155 10633 12166 
5 8827 8988 11159 13527 13543 
6 11750 8630 14243 13722 11159 8988 
7 13722 14243 7974 10163 10774 13527 11159 
5 10774 10163 12370 12042 2078 
4 11796 13101 13701 12228 
7 13527 10774 2078 12042 13701 13101 11796 
5 12166 9383 12370 10163 10827 
6 9383 12166 10633 13730 5942 12370 
6 5942 13730 6608 12244 12042 12370 
6 10633 10155 10501 12240 6608 13730 
8 12306 13645 7750 8498 11965 13555 13148 10865 
8 8584 10865 13148 13555 11965 11606 14032 13478 
9 11965 11176 11898 10706 8747 10155 9047 14032 11606 
7 9047 13141 11536 11854 8584 13478 14032 
6 12626 10679 11854 11536 13141 13113 
5 12626 13113 12712 12734 10679 
6 11687 9818 13640 12974 12389 8070 
6 10534 10675 11687 8070 12389 11898 
7 7750 10675 10534 11898 11176 11965 8498 
6 13356 8747 10432 12389 12974 14347 
5 10432 8747 10706 11898 12389 
6 14347 12974 13640 12244 6608 13356 
6 12240 10501 10155 8747 13356 6608 
7 4209 1123 5517 7469 5001 5666 7527 
7 1017 525 4704 7469 5517 1123 2542 
5 921 3803 1017 2542 1123 
7 7096 6849 2461 4209 7527 2463 1836 
7 774 1123 4209 2461 6849 938 3104 
5 938 921 1123 774 3104 
6 4266 6573 5746 7229 3186 1836 
7 1836 2463 7527 7102 5746 6573 4266 
5 7527 5666 9288 10186 7102 
6 8894 10865 10186 9288 5666 6943 
5 10186 10865 8584 11854 7102 
7 7733 5001 7469 9360 12306 10865 12404 
7 8894 6943 5666 5001 7733 12404 10865 
7 4086 2161 1762 320 6527 5805 1870 
5 1278 1224 4086 1870 740 
5 1224 169 1762 2161 4086 
6 7229 6105 5571 6527 320 6220 
6 1762 169 8453 7613 2139 320 
8 2139 7613 7096 1836 3186 7229 6220 320 
5 5063 11750 8988 8827 8146 
8 5805 6527 5063 8146 8827 13543 7667 7164 
5 5805 7164 7667 740 1870 
6 8040 9256 12109 8630 7634 6105 
7 5063 6527 5571 6105 7634 8630 11750 
7 8040 6105 7229 5746 10449 12109 9256 
8 7102 11854 10679 12734 12712 12109 10449 5746 
7 13779 13669 13660 13707 13766 14059 13933 
7 13558 13601 13660 13669 13779 13665 13641 
5 13665 13779 13781 13767 13641 
4 14029 13933 14059 14098 
7 13924 13933 14029 14051 14181 14007 13887 
5 13779 13933 13924 13887 13781 
7 14167 14051 14142 14224 14272 14369 14288 
7 14107 14131 14181 14051 14167 14296 14333 
5 14288 14369 14509 14296 14167 
7 14317 14485 115 2609 14509 14369 14432 
5 14272 14264 14317 14432 14369 
6 14264 14162 14029 14098 14059 14317 
7 14029 14162 14264 14272 14224 14142 14051 
6 14001 13892 14151 14188 14136 14078 
9 13911 13978 14001 14078 13896 13830 13885 13826 13841 
7 13764 13894 13900 14001 13978 13911 13841 
7 13896 14078 14136 14207 14079 14066 13830 
7 13789 13830 14066 14079 14042 14059 13766 
7 14042 14079 14207 14209 14246 14317 14059 
7 13753 13841 13826 13885 13830 13789 13736 
7 13481 13442 13472 13578 13598 13628 13600 
6 13578 13753 13736 13694 13628 13598 
6 13446 13481 13600 13628 13694 13670 
5 13670 13694 13736 13789 13766 
5 13446 13670 13766 13707 13517 
6 13660 13601 13558 13520 13517 13707 
4 13015 13038 13204 13075 
6 13038 13073 13186 13227 13248 13204 
4 13038 13015 12881 13073 
5 13227 13186 13255 13328 13306 
5 13284 13227 13306 13516 13353 
7 13306 13328 13420 13520 13558 13641 13516 
7 12931 13058 13139 13196 13073 12881 12823 
7 12931 13027 13128 13212 13196 13139 13058 
7 13128 13027 13079 13403 13290 13257 13212 
7 13290 13443 13470 13520 13420 13328 13257 
7 13073 13196 13212 13257 13328 13255 13186 
6 13443 13290 13446 13517 13520 13470 
7 13290 13403 13259 13472 13442 13481 13446 
6 13296 13271 13417 13392 13092 13235 
8 13120 13093 13075 13204 13271 13296 13235 13283 
5 13097 13120 13283 13235 13092 
4 13417 13538 13468 13392 
6 13417 13271 13301 13353 13460 13538 
7 13284 13353 13301 13271 13204 13248 13227 
4 13538 13682 13622 13468 
7 13614 13516 13641 13767 13781 13887 13759 
7 13682 13538 13460 13353 13516 13614 13759 
5 14007 14181 14131 14055 13935 
4 13759 13887 14007 13935 
7 13895 13622 13682 13759 13935 14055 13950 
5 13895 13950 14055 14131 14107 
7 1090 3352 36 7621 55 801 3329 
6 3797 1090 3329 4969 5245 4397 
5 3352 1090 3797 4397 5212 
5 4505 938 6849 5245 4969 
5 7819 5212 4397 5265 7613 
6 4397 5245 6849 7096 7613 5265 
6 14362 14371 14394 14468 14533 14430 
8 14246 14209 14207 14344 14371 14362 14430 14390 
5 14207 14136 14394 14371 14344 
8 14390 14430 14533 38 14492 4583 14366 14376 
5 38 801 55 4583 14492 
5 4583 55 7621 36 115 
8 14246 14390 14376 14366 4583 115 14485 14317 
4 7082 8453 169 6342 
6 5910 6342 169 1224 1278 4279 
6 1238 1744 4847 6342 5910 4279 
6 6995 7082 6342 4847 3323 1326 
5 3352 5212 7819 3688 1326 
7 6995 1326 3688 7819 7613 8453 7082 
7 2609 115 36 3352 1326 688 132 
6 151 1326 3323 4847 1744 3479 
5 688 1326 151 3479 132 
8 14507 12943 172 6729 132 3479 1744 1238 
5 12943 14507 14476 6729 172 
5 14107 14333 6729 14476 14507 
6 14509 2609 132 6729 14333 14296 
7 298 299 157 1227 3329 801 942 
6 157 299 3582 5982 4214 1227 
5 299 298 189 5982 3582 
5 1227 4214 5486 4969 3329 
8 4846 7015 8275 3803 921 938 4505 8364 
7 4846 8364 4505 4969 5486 4214 5982 
8 7131 7165 5539 7016 2249 7982 5281 5982 
6 7016 5539 857 3136 1734 2249 
5 5716 7426 3136 857 5539 
7 7165 7131 5982 189 298 52 2731 
6 2110 345 4243 7165 2731 52 
7 5982 5281 8097 3803 8275 7015 4846 
5 7982 2249 3803 8097 5281 
7 101 9904 175 1812 1930 11668 7330 
7 40 14499 6605 1930 1812 1680 2110 
5 14499 7330 11668 1930 6605 
6 4243 345 5773 5716 5539 7165 
7 1768 2323 5773 345 2110 1680 1812 
5 2323 1768 1812 5716 5773 
6 14468 103 942 801 38 14533 
5 14530 123 52 12725 103 
5 52 298 942 103 12725 
6 123 9670 14499 40 2110 52 
8 123 14530 103 14468 14394 14406 14499 9670 
7 14278 14444 101 7330 14499 14406 14404 
7 14394 14136 14188 14151 14278 14404 14406 
6 12581 12535 12547 12604 12752 12689 
6 12805 12689 12752 12883 12861 12738 
5 12616 12581 12689 12805 12738 
7 12657 12616 12738 12861 12760 12743 12564 
7 12390 12142 12396 12535 12581 12516 12542 
6 12542 12516 12581 12616 12657 12564 
7 12470 12459 12604 12547 12535 12396 12508 
7 12142 12304 12464 12360 12470 12508 12396 
7 12304 12282 12460 12459 12470 12360 12464 
7 12744 12752 12604 12459 12460 12520 12557 
5 12520 12460 12422 12468 12557 
5 12298 12260 12336 12468 12422 
7 12197 12072 12260 12298 12422 12460 12282 
5 12291 12338 12296 12171 12236 
7 12236 12358 12564 12442 12296 12338 12291 
6 12358 12236 12142 12390 12542 12564 
7 12442 12564 12743 12632 12537 12394 12296 
7 12812 12860 12854 12704 12711 12632 12743 
5 12704 12526 12537 12632 12711 
7 12183 12209 12171 12296 12394 12537 12259 
7 12259 12537 12526 12382 12419 12369 12183 
5 12220 12183 12369 12419 12382 
8 12096 11992 12183 12220 12224 12112 12103 12095 
7 11683 11697 11960 11992 12096 12095 11904 
7 12183 11992 11960 11952 12062 12171 12209 
7 11823 11899 12062 11952 11960 11697 11685 
7 11760 11773 11976 11843 11876 11853 11808 
7 12062 12001 11876 11843 11976 12057 12171 
7 11823 11808 11853 11876 12001 12062 11899 
7 11814 11874 12045 11964 11773 11813 11795 
7 12015 12142 12236 12171 12057 11976 11988 
7 11964 12045 12142 12015 11988 11976 11773 
6 11429 11682 11578 11561 11407 11412 
8 11618 11561 11578 11682 11721 11760 11808 11823 
5 11561 11618 11823 11685 11697 
5 11460 11241 11478 11611 11544 
8 11342 11241 11460 11544 11420 11429 11412 11325 
8 11429 11420 11544 11695 11773 11760 11721 11682 
8 11611 11602 11814 11795 11813 11773 11695 11544 
6 11858 11985 12045 11874 11814 11628 
8 11550 11495 11518 11628 11814 11602 11611 11546 
8 11478 11241 11400 11438 11495 11550 11546 11611 
6 12025 11985 11858 12033 12072 12197 
6 12025 12197 12282 12053 12045 11985 
5 12045 12053 12282 12304 12142 
5 11330 11274 11385 11226 11183 
7 11439 11330 11183 11364 11527 11480 11453 
6 11274 11330 11439 11453 11518 11385 
5 11453 11480 11708 11620 11592 
6 11708 11480 11527 11772 12033 11858 
7 11226 11385 11518 11495 11438 11400 11241 
7 11518 11453 11592 11620 11708 11858 11628 
8 12753 12757 12853 12804 12940 12797 12736 12740 
5 12804 12853 12962 13030 12940 
5 12797 12940 13030 13051 12772 
7 12566 12651 12796 12933 12885 12845 12757 
8 12392 12566 12757 12753 12740 12736 12676 12545 
7 12545 12676 12736 12797 12772 12710 12500 
7 13242 13261 13427 13335 13292 13190 13122 
5 13030 13174 13292 13259 13051 
5 13190 13292 13174 13030 13068 
7 12933 12851 12994 13004 13242 13122 13050 
7 12885 12933 13050 13122 13190 13068 13008 
7 12853 12757 12845 12885 13008 12939 12962 
5 13068 13030 12962 12939 13008 
7 12263 12457 12500 12710 12531 12408 12249 
8 12249 12408 12488 12586 12553 12443 12246 12111 
7 12408 12531 12601 12593 12590 12586 12488 
7 12457 12263 12155 12280 12392 12545 12500 
7 11883 12013 12155 12263 12249 12111 11966 
6 12155 12013 12145 12138 12392 12280 
8 12717 12570 12553 12586 12693 12726 12810 12782 
7 12593 12601 12663 12726 12693 12586 12590 
6 12663 12601 12531 12710 12772 12726 
7 12931 12823 12810 12935 12911 12946 13027 
6 12810 12726 12772 13051 12911 12935 
6 13022 13081 13403 13079 13027 12946 
7 12946 12911 13051 13259 13403 13081 13022 
7 12407 12137 12250 12406 12552 12566 12392 
7 11977 12137 12407 12128 12050 12052 11918 
7 12052 12050 12128 12407 12392 12138 12145 
7 12103 12112 12224 12220 12382 12379 12239 
7 12095 12103 12239 12346 12250 12137 12182 
7 12346 12239 12379 12461 12428 12406 12250 
6 12428 12507 12651 12566 12552 12406 
7 12544 12667 12611 12651 12507 12504 12548 
6 12507 12428 12480 12544 12548 12504 
5 12651 12611 12667 12692 12796 
5 12796 12692 12667 12851 12933 
6 12667 12526 12704 12854 12994 12851 
8 12382 12526 12667 12544 12480 12428 12461 12379 
7 11905 11931 11963 12095 12182 12056 11972 
8 11751 11905 11972 12028 11990 12137 11977 11715 
6 12182 12137 11990 12028 11972 12056 
7 11288 11407 11561 11697 11683 11525 11220 
6 11897 11904 12095 11963 11931 11902 
8 11683 11904 11897 11902 11931 11905 11751 11525 
4 11199 11220 11443 11344 
6 11443 11220 11525 11751 11715 11604 
7 11344 11443 11604 11715 11707 11614 11483 
5 11758 11707 11822 11828 11754 
7 11594 11483 11614 11707 11758 11754 11647 
7 11707 11715 11977 11918 12052 11828 11822 
6 11883 11754 11828 12052 12145 12013 
6 11966 12111 12007 11801 11663 11829 
5 11817 11754 11883 11966 11911 
8 11754 11817 11911 11966 11829 11663 11598 11647 
5 11949 11962 12055 12119 11991 
5 12075 11924 11801 12007 12111 
6 11924 12075 12111 12246 12055 11962 
7 12177 12087 12120 12192 12292 12381 12290 
7 12055 12246 12443 12553 12417 12401 12119 
8 12401 12417 12373 12350 12292 12192 11991 12119 
7 12575 12381 12292 12380 12452 12546 12701 
6 12350 12373 12502 12452 12380 12292 
8 12701 12546 12560 12570 12717 12782 12810 12823 
8 12417 12553 12570 12560 12546 12452 12502 12373 
6 12652 12575 12661 12814 12926 12755 
6 12823 12881 12926 12814 12789 12701 
5 12661 12575 12701 12789 12814 
6 12755 12761 12769 12735 12686 12652 
9 12769 12761 12755 12926 12975 13093 13120 13097 13092 
6 12926 12881 13015 13075 13093 12975 
4 12490 12495 12686 12735 
6 12414 12381 12462 12522 12495 12453 
7 12522 12462 12381 12575 12652 12686 12495 
5 12233 12314 12469 12490 12229 
9 12469 12314 12339 12415 12340 12414 12453 12495 12490 
6 12177 12290 12245 12339 12314 12233 
7 12290 12381 12414 12340 12415 12339 12245 
6 11839 11903 11981 12087 12113 12071 
6 11703 11839 12071 12113 12110 12196 
7 12113 12087 12177 12233 12229 12196 12110 
7 11734 11768 11855 11788 11764 11724 11634 
7 11968 11979 11981 11903 11855 11768 11991 
5 11788 11855 11903 11839 11764 
5 11294 11609 11693 11839 11703 
5 11839 11693 11609 11640 11764 
4 11608 11724 11764 11640 
7 11416 11349 11552 11566 11634 11724 11608 
7 11292 11093 11285 11416 11608 11640 11397 
5 11093 11292 11251 11294 11150 
6 11251 11292 11397 11640 11609 11294 
5 11643 11663 11801 11722 11666 
6 11688 11577 11666 11722 11864 11869 
7 11722 11801 11924 11962 11882 11869 11864 
7 11968 11991 12192 12120 12087 11981 11979 
8 11688 11869 11882 11962 11949 11991 11768 11712 
7 11577 11688 11712 11768 11734 11634 11653 
6 11485 11532 11577 11653 11553 11562 
8 11266 11300 11346 11485 11562 11553 11479 11349 
7 11552 11349 11479 11553 11653 11634 11566 
8 11520 11598 11507 11467 11462 11409 11447 11509 
6 11598 11663 11643 11462 11467 11507 
7 11346 11409 11462 11548 11577 11532 11485 
5 11462 11643 11666 11577 11548 
7 10576 10458 10564 10584 10665 10757 10652 
7 10347 10509 10748 10661 10665 10584 10612 
6 10458 10297 10347 10612 10584 10564 
6 10781 10980 10763 10665 10661 10748 
6 10763 10980 11008 10904 10785 10889 
6 10665 10763 10889 10785 10904 10757 
6 10890 11000 11093 11150 11047 11024 
9 10667 10652 10757 10890 10813 10808 10741 10630 10708 
8 10741 10808 10813 10890 11024 11047 10934 10630 
7 11008 10980 11105 11233 11266 11349 11125 
6 11285 11093 11000 11125 11349 11416 
5 10757 10904 11008 10981 10919 
7 11125 11000 10890 10757 10919 10981 11008 
6 9838 9836 10111 10009 9982 10045 
6 9982 10009 10111 10109 10146 10045 
7 10109 10111 10242 10424 10630 10934 10146 
6 10143 10195 10456 10264 10242 10111 
6 10456 10585 10412 10424 10242 10264 
6 10424 10412 10585 10667 10708 10630 
6 9963 10147 10509 10347 10113 9925 
6 10297 10140 10050 10127 10113 10347 
7 9908 9925 10113 10127 10050 9937 9899 
7 10456 10413 10458 10576 10652 10667 10585 
7 10413 10456 10195 10262 10140 10297 10458 
6 10050 10053 10143 10111 9836 9937 
6 10050 10140 10262 10195 10143 10053 
8 10861 10846 10882 10795 11001 11046 11064 10871 
6 10726 10736 10815 10861 10871 10820 
8 10605 10720 10795 10882 10846 10861 10815 10736 
7 10726 10820 10871 11113 10884 10717 10648 
6 10525 10438 10577 10619 10648 10717 
6 10605 10736 10726 10648 10619 10577 
6 11106 10955 11074 11113 11211 11346 
8 10955 11106 11346 11300 11213 11084 11078 10980 
8 11084 11213 11300 11266 11233 11105 10980 11078 
6 10778 10743 10852 10955 10980 10781 
7 10509 10147 10525 10743 10778 10781 10748 
7 10852 10743 10525 10717 10832 10822 10955 
7 10822 10832 10717 10884 11113 11074 10955 
5 11328 11278 11344 11483 11399 
7 11001 11056 11207 11155 11268 11164 11046 
6 11155 11207 11344 11278 11328 11268 
5 11483 11594 11482 11457 11399 
5 11482 11360 11355 11399 11457 
7 11268 11328 11399 11355 11360 11317 11164 
7 11321 11447 11409 11346 11211 11291 11335 
6 11291 11211 11113 11204 11317 11335 
7 11064 11046 11164 11317 11204 11113 10871 
5 11321 11335 11421 11509 11447 
7 11317 11360 11406 11520 11509 11421 11335 
6 11360 11482 11531 11598 11520 11406 
5 11598 11531 11482 11594 11647 
6 9355 9515 9660 9509 9327 9293 
6 9158 9355 9293 9268 9222 9076 
5 9222 9268 9293 9327 9336 
7 9222 8974 8973 8782 8963 9034 9076 
6 8852 8962 9158 9076 9034 8867 
5 8852 8867 9034 8963 8782 
5 8587 8495 8593 8763 8664 
6 8593 8565 8678 8782 8973 8763 
7 8358 8324 8488 8565 8593 8495 8308 
7 8269 8308 8495 8587 8604 8603 8375 
6 8269 8375 8603 8349 8257 8310 
8 8603 8604 8669 8695 8696 8548 8533 8349 
5 8587 8664 8687 8669 8604 
7 8891 9063 9147 9201 9186 9014 8952 
7 9147 9063 9221 9341 9382 9348 9201 
7 9146 9179 9255 9341 9221 9063 9107 
5 8946 9052 9179 9146 9107 
7 8974 9222 9336 9340 9290 9184 8973 
6 8973 9184 9290 9255 9179 9052 
5 8744 8696 8695 8784 8820 
6 8784 8695 8825 8891 8952 8820 
7 8695 8669 8767 8846 9063 8891 8825 
8 8799 8737 8844 8946 9107 9063 8846 8832 
6 8737 8799 8832 8846 8767 8669 
9 8737 8704 8842 8664 8763 8973 9052 8946 8844 
6 8687 8664 8842 8704 8737 8669 
6 10438 10161 10201 10210 10403 10577 
7 9998 9790 10001 10125 10210 10201 10161 
7 9851 9794 9938 9985 10125 10001 9790 
7 10055 9963 9694 9783 9765 9790 9998 
6 9998 10161 10152 10136 10080 10055 
9 10055 10080 10136 10152 10161 10438 10525 10147 9963 
7 9938 9794 9947 10018 10162 10107 9985 
5 9794 9673 9509 9777 9947 
6 9777 9509 9660 9949 10018 9947 
4 10300 10249 10107 10162 
7 10307 10249 10300 10519 10605 10577 10403 
7 10227 10176 10249 10307 10403 10210 10125 
6 10107 10249 10176 10227 10125 9985 
7 9437 9571 9765 9783 9694 9525 9512 
5 9341 9437 9512 9451 9382 
7 9382 9451 9512 9525 9687 9653 9348 
8 9687 9525 9694 9963 9925 9870 9717 9653 
6 9691 9802 9870 9925 9908 9899 
7 9653 9717 9870 9802 9691 9613 9348 
7 9317 9374 9461 9571 9437 9341 9255 
7 9421 9513 9546 9461 9374 9419 9340 
6 9340 9419 9374 9317 9255 9290 
6 9665 9619 9673 9794 9851 9790 
7 9461 9546 9619 9665 9790 9765 9571 
7 9472 9505 9673 9619 9546 9513 9421 
8 9336 9327 9509 9673 9505 9472 9421 9340 
7 8068 8024 8123 8267 8369 8393 8293 
8 8257 8349 8533 8421 8468 8507 8369 8316 
6 8123 8076 8257 8316 8369 8267 
7 8393 8369 8507 8582 8600 8487 8463 
7 8582 8507 8710 8744 8820 8837 8806 
8 8533 8548 8696 8744 8710 8507 8468 8421 
7 8475 8226 8406 8463 8487 8600 8550 
5 8082 8297 8463 8406 8226 
6 8068 8293 8393 8463 8297 8082 
8 8410 8383 8537 8673 8595 8619 8803 8848 
6 8803 8619 8595 8673 8679 8729 
5 8383 8265 8226 8475 8537 
5 8475 8550 8679 8673 8537 
4 8087 8084 8301 7973 
7 7660 7690 7732 7863 7973 7757 7612 
7 7863 7732 7881 7999 8084 8087 7973 
5 8301 8084 8265 8383 8410 
6 8028 8060 8082 8226 8265 8135 
6 8028 8135 8265 8084 7999 7881 
4 8060 7928 8068 8082 
6 7928 7828 7801 7879 8024 8068 
7 7777 7801 7828 7928 8060 8028 7843 
6 7881 7732 7690 7711 7843 8028 
7 7490 7777 7843 7711 7690 7660 7610 
6 7510 7403 7381 7502 7612 7757 
6 7660 7612 7502 7381 7490 7610 
8 8806 8837 8820 8952 9014 9028 8858 8830 
7 8788 8830 8858 9028 8983 8924 8829 
6 8975 8829 8924 8983 9028 9100 
7 8582 8806 8830 8788 8684 8648 8600 
5 8648 8684 8788 8829 8717 
7 8679 8550 8600 8648 8717 8829 8729 
5 9094 9130 9150 9191 9252 
7 9130 8975 9100 9117 9133 9191 9150 
6 9028 9160 9191 9133 9117 9100 
5 8829 8927 9021 8803 8729 
6 8975 9130 9094 9021 8927 8829 
7 9048 9094 9252 9289 9258 9254 8885 
6 8885 8848 8803 9021 9094 9048 
7 9549 9609 9613 9691 9899 9937 9736 
9 9937 9836 9838 9809 9640 9630 9628 9668 9736 
5 9628 9482 9549 9736 9668 
4 9640 9809 9624 9659 
4 9254 9258 9373 9454 
7 9373 9628 9630 9640 9659 9624 9454 
8 9160 9028 9014 9186 9201 9348 9207 9232 
6 9191 9160 9232 9273 9375 9457 
5 9207 9348 9375 9273 9232 
7 9289 9252 9431 9482 9628 9373 9258 
7 9431 9252 9191 9457 9487 9549 9482 
6 9457 9519 9575 9609 9549 9487 
7 9457 9375 9348 9613 9609 9575 9519 
7 10197 10209 10245 10426 10335 10194 10189 
8 9889 9880 9983 10209 10197 10189 10194 10121 
7 9772 9773 9906 9983 9880 9889 9725 
6 9526 9415 9446 9560 9773 9772 
6 9344 9415 9526 9772 9508 9444 
7 9444 9508 9772 9725 9889 9733 9606 
7 9545 9724 9728 9740 9649 9452 9523 
7 9560 9446 9452 9649 9774 9744 9773 
7 9774 9649 9740 9815 9906 9773 9744 
6 9728 9891 9845 9906 9815 9740 
7 9845 9891 10067 10192 10209 9983 9906 
6 9781 9597 9604 9711 9873 9891 
7 9523 9597 9781 9891 9728 9724 9545 
6 9606 9733 9889 9703 9685 9621 
7 9455 9474 9486 9466 9515 9355 9354 
8 9486 9444 9606 9621 9685 9660 9515 9466 
6 9260 9344 9444 9320 9211 9132 
8 9320 9444 9486 9474 9455 9354 9370 9388 
7 9370 9354 9355 9158 9211 9320 9388 
6 9949 9954 10019 10092 10010 10018 
5 10010 10092 10158 10162 10018 
7 10089 10166 10208 10162 10158 10092 10019 
6 10089 10156 10296 10366 10208 10166 
5 10156 10121 10194 10335 10296 
7 10089 10019 9954 10023 9889 10121 10156 
7 9685 9703 9889 10023 9954 9949 9660 
5 8995 8954 9007 9090 9059 
6 8958 8959 9124 9090 9007 8954 
7 8802 8730 8714 8959 8958 8954 8884 
8 8884 8954 8995 9059 9095 8989 8896 8748 
8 8730 8802 8884 8748 8544 8496 8628 8651 
7 8563 8714 8730 8651 8628 8496 8494 
7 9124 9157 9404 9434 9452 9261 9169 
6 9523 9452 9434 9555 9604 9597 
5 9434 9404 9450 9604 9555 
6 9260 9234 9385 9446 9415 9344 
7 9098 8989 9095 9291 9385 9234 9260 
7 9291 9095 9214 9261 9452 9446 9385 
7 9090 9124 9169 9261 9214 9095 9059 
6 9098 9260 9132 9009 9018 8989 
7 8759 8748 8896 8989 9018 8881 8816 
7 8816 8881 9018 9009 8801 8772 8759 
7 8745 8705 8772 8801 9009 8835 8821 
5 9132 9211 9158 8977 9009 
6 8835 9009 8977 9158 8962 8821 
7 8622 8702 8670 8617 8678 8535 8363 
6 8702 8745 8821 8962 8852 8819 
7 8819 8852 8782 8678 8617 8670 8702 
7 8601 8620 8772 8705 8745 8702 8622 
6 8620 8639 8544 8748 8759 8772 
7 8583 8271 8496 8544 8639 8620 8601 
5 8363 8271 8583 8601 8622 
7 11108 10939 11096 11241 11342 11325 11216 
5 11141 11108 11216 11325 11236 
7 11134 11108 11141 11236 11325 11412 11209 
6 11134 11209 11193 11063 10786 11108 
6 11111 11063 11193 11329 11288 11220 
6 11329 11193 11209 11412 11407 11288 
5 10731 10703 10715 10841 10834 
7 10715 10711 10786 11063 11111 10946 10841 
5 10834 10841 10946 11111 10885 
7 11034 11020 11199 11344 11207 10998 10950 
7 11054 10885 11111 11220 11199 11020 11034 
8 10738 10703 10731 10834 10885 11054 10856 10797 
7 10856 11054 11034 10950 10823 10738 10797 
8 10586 10711 10715 10703 10738 10707 10600 10474 
7 10426 10586 10474 10371 10400 10446 10335 
6 10296 10335 10446 10400 10371 10366 
7 10366 10371 10474 10420 10300 10162 10208 
7 10420 10474 10600 10649 10624 10547 10606 
5 10300 10420 10606 10547 10519 
5 10649 10600 10707 10738 10823 
6 10897 10624 10649 10823 10950 10903 
5 10903 10950 10998 10958 10897 
6 10519 10547 10611 10643 10720 10605 
7 10547 10624 10897 10745 10720 10643 10611 
7 10897 10958 10998 11207 11056 11001 10965 
6 10745 10897 10965 11001 10795 10720 
7 11241 11096 11009 11075 11088 11110 11226 
6 10911 10824 11075 11009 11096 10964 
7 10911 10964 11096 10939 11108 10786 10821 
8 10397 10450 10670 10786 10558 10536 10538 10392 
5 10614 10821 10786 10670 10450 
6 10710 10824 10911 10821 10614 10581 
8 10733 10866 10798 10805 10769 10824 10698 10568 
7 10517 10570 10568 10698 10824 10710 10581 
6 10440 10568 10570 10517 10462 10455 
7 11004 11183 11226 11110 11088 11061 10999 
7 10898 10999 11061 11088 11075 10824 10769 
5 10798 10866 11004 10999 10924 
6 10805 10798 10924 10999 10898 10769 
6 10209 10311 10397 10392 10359 10245 
5 10182 10311 10209 10192 10067 
6 10182 10281 10370 10450 10397 10311 
7 10245 10359 10392 10538 10536 10470 10467 
7 10467 10470 10536 10609 10586 10426 10245 
6 10536 10558 10786 10711 10586 10609 
6 10517 10581 10614 10450 10370 10419 
7 10067 10240 10319 10419 10370 10281 10182 
7 10319 10240 10287 10455 10462 10517 10419 
6 9891 9873 9976 10217 10240 10067 
5 9873 9987 10149 10217 9976 
7 10240 10217 10255 10381 10440 10455 10287 
6 10149 9987 10241 10381 10255 10217 
6 10639 10569 10551 10493 10556 10636 
5 10701 10654 10784 10900 10914 
6 10551 10569 10639 10784 10654 10701 
7 10556 10476 10592 10816 10928 10690 10636 
7 10639 10636 10690 10719 10779 10900 10784 
5 10928 10956 10779 10719 10690 
7 10580 10836 10878 10928 10816 10592 10594 
5 10476 10434 10478 10594 10592 
5 10368 10580 10594 10478 10434 
7 11167 11119 11257 11310 11218 11126 11073 
7 10928 11119 11167 11073 11126 10963 10956 
7 10928 10878 10836 11091 11235 11257 11119 
7 11235 11091 11180 11280 11405 11310 11257 
8 11455 11405 11280 11450 11582 11675 11560 11539 
6 11777 11675 11582 11757 11921 11840 
7 11539 11560 11675 11777 11840 11805 11774 
7 11423 11396 11366 11539 11535 11547 11435 
7 11894 11747 11539 11774 11805 11840 11921 
7 11535 11539 11747 11894 12009 11826 11547 
9 10997 10996 11163 11212 11271 11396 11423 11435 11258 
8 10779 10956 10963 11126 11163 10957 10936 10900 
7 10936 10957 11163 10996 10997 10914 10900 
7 11275 11228 11310 11405 11455 11539 11366 
7 11163 11126 11218 11310 11228 11275 11210 
6 11284 11253 11275 11366 11396 11271 
7 11275 11253 11284 11271 11212 11163 11210 
7 9850 10025 10153 10144 10213 10097 10032 
5 10003 9850 10032 10097 10058 
7 10003 10058 10097 10116 10172 10084 10061 
8 9688 9850 10003 10061 10084 9969 9842 9778 
7 9654 9843 10084 10100 10060 9749 9562 
7 9654 9688 9778 9842 9969 10084 9843 
7 10144 10153 10212 10231 10354 10251 10213 
6 10313 10368 10434 10476 10354 10333 
7 10313 10333 10354 10231 10212 10254 10368 
6 10116 10238 10324 10292 10330 10172 
5 10097 10213 10323 10238 10116 
7 10445 10556 10493 10327 10324 10238 10323 
7 10323 10213 10251 10354 10476 10556 10445 
7 10258 10129 10312 10386 10433 10346 10165 
6 10433 10435 10488 10695 10696 10623 
7 10463 10488 10435 10433 10386 10312 10485 
8 10292 10324 10327 10493 10551 10485 10363 10330 
8 10305 10100 10084 10172 10330 10363 10485 10312 
7 10258 10114 10060 10100 10305 10312 10129 
5 10485 10551 10701 10704 10666 
8 10488 10463 10485 10693 10792 10776 10768 10695 
8 10704 10701 10914 10804 10792 10693 10485 10666 
7 10804 10914 11196 11322 10991 11019 10792 
9 10914 10997 11258 11435 11547 11470 11424 11215 11196 
5 10772 10776 10792 11019 10991 
6 10695 10768 10776 10772 10674 10696 
6 11821 11893 12097 12039 12006 11863 
6 12097 12066 12157 12272 12230 12039 
5 11893 11821 11929 12066 12097 
7 11923 11891 11878 11943 12174 12157 12066 
7 11767 11878 11891 11923 11881 11821 11781 
5 11929 11821 11881 11923 12066 
7 11522 11504 11575 11767 11781 11617 11570 
8 11322 11196 11215 11424 11470 11542 11575 11504 
6 11322 11504 11522 11570 11508 11363 
6 11542 11470 11547 11826 11769 11677 
6 11769 11826 12009 12168 12174 11943 
6 11590 11641 11878 11767 11575 11542 
7 11590 11542 11677 11769 11943 11878 11641 
7 12114 12049 12194 12125 12134 12204 12207 
7 12206 12269 12326 12336 12260 12072 12033 
7 12049 12114 12207 12326 12269 12206 12065 
5 11792 11857 11772 11527 11615 
6 11890 12049 12065 11916 11857 11792 
6 11916 12065 12206 12033 11772 11857 
7 11515 11543 11652 11739 11737 11615 11527 
7 11652 11599 11617 11781 11821 11863 11739 
7 11557 11508 11570 11617 11599 11652 11543 
7 11935 11815 11782 11737 11739 11863 12006 
7 11782 11815 11935 11890 11792 11615 11737 
5 12039 12230 12060 11935 12006 
6 11935 12060 12230 12194 12049 11890 
7 10637 10729 10976 11183 11004 10866 10733 
6 10988 11109 11222 11364 11183 10976 
6 11109 10988 11013 11117 11201 11222 
5 10760 10860 10988 10976 10729 
6 10988 10860 10760 10759 10918 11013 
6 10759 10819 10935 11117 11013 10918 
5 10935 10819 11033 11270 11138 
6 10775 10787 10772 10858 11033 10819 
7 10858 10772 10991 11322 11363 11270 11033 
7 11222 11201 11227 11383 11401 11324 11364 
7 11393 11515 11527 11364 11324 11401 11383 
8 10935 11138 11270 11393 11383 11227 11201 11117 
7 11270 11363 11508 11557 11543 11515 11393 
7 10451 10533 10634 10591 10595 10506 10376 
6 10336 10376 10506 10528 10604 10325 
6 10506 10595 10608 10658 10604 10528 
5 10604 10658 10759 10760 10729 
8 10608 10595 10591 10634 10646 10819 10759 10658 
7 10646 10634 10533 10638 10699 10775 10819 
7 10638 10533 10451 10421 10401 10425 10628 
7 10638 10628 10674 10772 10787 10775 10699 
7 10425 10346 10433 10623 10696 10674 10628 
5 10148 10165 10346 10425 10320 
7 10344 10320 10425 10401 10421 10451 10376 
5 10056 10148 10320 10344 10257 
6 10150 10056 10257 10344 10376 10336 
5 9378 9502 9634 9490 9321 
6 9440 9465 9631 9718 9859 9614 
7 9490 9634 9718 9631 9465 9302 9499 
7 9600 9522 9511 9507 9614 9859 9672 
7 9450 9338 9371 9511 9522 9600 9604 
6 9614 9507 9511 9371 9416 9440 
6 9823 9797 10056 10150 10064 9933 
7 9634 9658 9763 9835 9797 9823 9718 
6 9658 9634 9502 9638 9835 9763 
5 10037 9939 10013 10178 10104 
7 9859 9718 9823 9939 10037 9901 9672 
7 10178 10013 9939 9823 9933 10064 10034 
6 10064 10150 10336 10325 10178 10034 
6 10389 10497 10487 10489 10447 10348 
7 10487 10497 10637 10733 10568 10447 10489 
5 10497 10389 10604 10729 10637 
6 10104 10178 10325 10604 10389 10243 
5 10243 10389 10348 10355 10232 
6 10355 10348 10447 10568 10440 10382 
7 9901 10037 10104 10243 10232 10220 9999 
7 10011 9999 10220 10232 10250 10241 9987 
7 10355 10382 10440 10381 10241 10250 10232 
5 9711 9604 9600 9741 9873 
6 9741 9600 9672 9828 9987 9873 
7 9910 9941 9901 9999 10011 9987 9828 
5 9672 9901 9941 9910 9828 
5 8970 9141 9202 9151 8887 
6 9141 9235 9465 9440 9416 9202 
8 9321 9490 9499 9302 9465 9235 9141 9145 
7 8984 9019 9199 9067 9092 8949 8828 
7 9092 9067 9199 9396 9378 9321 9145 
6 8969 8949 9092 9145 9141 8970 
5 9187 9111 9151 9227 9196 
8 9404 9157 9159 9187 9196 9227 9338 9450 
6 9151 9202 9416 9371 9338 9227 
8 8930 8941 8990 9157 9124 8959 8840 8834 
7 9151 9111 9073 8941 8930 8834 8887 
4 9073 9111 9187 9159 
5 9073 9159 9157 8990 8941 
6 9550 9272 9194 9241 9377 9692 
6 9272 9550 9418 9424 9396 9203 
7 9194 9272 9203 9396 9199 9019 9053 
8 9424 9418 9494 9520 9638 9502 9378 9396 
6 9550 9616 9638 9520 9494 9418 
6 9616 9550 9692 9876 9835 9638 
7 9848 9956 10014 9973 9952 9876 9692 
7 9876 9952 9973 10014 10165 10148 9975 
6 9835 9876 9975 10148 10056 9797 
6 9848 9692 9377 9562 9686 9816 
5 9562 9749 10060 9816 9686 
7 10024 9848 9816 10060 10114 10258 10126 
7 9956 9848 10024 10126 10258 10165 10014 
8 9053 9019 8940 9045 9005 9077 9241 9194 
7 8735 8800 8862 9005 9045 8940 8923 
6 8828 8735 8923 8940 9019 8984 
4 8862 8920 9077 9005 
5 8689 8718 8786 8800 8735 
7 8800 8786 8718 8731 8805 8920 8862 
6 8511 8718 8689 8542 8529 8476 
6 8529 8542 8689 8735 8652 8514 
5 8529 8514 8652 8490 8433 
7 8118 8283 8433 8216 8063 8127 8232 
4 8433 8283 8476 8529 
7 8490 8252 8165 8083 8148 8216 8433 
5 8048 8063 8216 8148 8083 
7 7719 7845 7744 7692 7669 7587 7654 
7 7905 7945 7972 8118 8012 8036 7886 
8 7845 7945 7905 7886 7883 7868 7692 7744 
7 7723 7850 7937 7945 7845 7719 7654 
9 7850 7723 7858 7931 7991 8118 7972 7945 7937 
7 7931 7858 7723 7802 7954 8001 7991 
5 8012 8118 8232 8127 8036 
6 7942 8033 8063 8048 8083 8009 
7 8033 7942 7883 7886 8036 8127 8063 
7 7821 7998 7873 8013 7857 7775 7685 
5 7998 8009 8083 8013 7873 
6 7821 7778 7883 7942 8009 7998 
7 7685 7664 7692 7868 7883 7778 7821 
4 8773 8756 8887 8834 
5 8625 8720 8756 8773 8571 
5 8680 8571 8773 8834 8840 
6 8560 8624 8608 8720 8625 8458 
6 8756 8849 8907 8969 8970 8887 
7 8608 8624 8822 8907 8849 8756 8720 
5 8490 8439 8311 8165 8252 
6 8439 8490 8580 8624 8560 8470 
6 8311 8439 8470 8560 8458 8437 
6 8652 8735 8828 8847 8796 8697 
6 8847 8828 8949 8969 8907 8822 
8 8580 8490 8652 8697 8796 8774 8640 8624 
6 8624 8640 8774 8796 8847 8822 
7 8625 8445 8322 8092 8295 8437 8458 
5 8445 8497 8481 8414 8322 
7 8625 8571 8680 8645 8481 8497 8445 
7 8013 8083 8165 8311 8437 8295 8259 
7 7860 7857 8013 8011 8004 8092 7882 
6 8092 8004 8011 8013 8259 8295 
5 8322 8391 8237 8198 8092 
7 8073 7990 7975 8092 8198 8120 8150 
7 8150 8120 8198 8237 8391 8318 8191 
7 8553 8525 8645 8680 8840 8959 8714 
7 8391 8322 8414 8481 8645 8525 8504 
6 8505 8553 8714 8563 8494 8435 
7 8318 8391 8504 8525 8553 8505 8435 
8 7800 7992 8021 8000 7929 7988 7930 7817 
7 8021 7992 8093 8261 8263 8126 8102 
6 7929 8000 8021 8102 8103 7988 
6 7800 7693 7824 7823 7899 7992 
8 7824 7693 7696 7959 7913 7992 7899 7823 
5 7959 8200 8093 7992 7913 
6 7988 8103 8188 8266 8313 8162 
9 8103 8102 8126 8276 8334 8432 8409 8266 8188 
5 8263 8432 8334 8276 8126 
6 8484 8492 8517 8598 8592 8531 
7 8313 8266 8409 8432 8492 8484 8531 
6 8261 8093 8200 8338 8384 8398 
6 8261 8398 8517 8492 8432 8263 
5 7940 8078 8181 8027 7951 
7 7951 8027 8181 8118 7991 8001 7954 
4 8078 8292 8315 8181 
6 8079 7930 7988 8162 8292 8078 
7 7876 7871 7817 7930 8079 8078 7940 
7 7792 7871 7876 7940 7951 7954 7802 
6 8315 8332 8290 8283 8118 8181 
6 8290 8402 8479 8511 8476 8283 
7 8479 8402 8290 8332 8315 8292 8350 
7 8313 8405 8482 8479 8350 8292 8162 
5 8313 8531 8615 8482 8405 
6 8479 8482 8615 8655 8576 8511 
6 8511 8576 8655 8805 8731 8718 
5 9230 9369 9395 9236 9176 
6 9230 8902 9140 9217 9529 9369 
8 8668 8675 8716 8902 9230 9176 8936 8886 
8 9244 9426 9543 9547 9369 9529 9217 9140 
9 9543 9707 9850 9688 9654 9671 9585 9584 9547 
7 9395 9369 9547 9584 9585 9671 9654 
7 8869 8957 8902 8716 8610 8873 8906 
5 8957 8869 8906 9121 9057 
6 9121 9244 9140 8902 8957 9057 
6 8384 8538 8610 8716 8556 8450 
6 8398 8384 8450 8556 8493 8517 
8 8493 8556 8716 8675 8528 8518 8526 8517 
8 8528 8675 8668 8592 8598 8517 8526 8518 
8 9002 9176 9236 9228 9129 9168 9004 8913 
6 8965 8913 9004 9168 9129 9040 
7 9077 8920 8805 8965 9040 9129 9241 
7 9228 9298 9318 9303 9377 9241 9129 
7 9236 9395 9470 9410 9318 9298 9228 
8 9303 9318 9410 9470 9395 9654 9562 9377 
5 8913 8815 8926 9176 9002 
5 8886 8838 8749 8592 8668 
7 8815 8749 8838 8886 8936 9176 8926 
6 8615 8758 8812 8965 8805 8655 
7 8749 8815 8913 8965 8812 8758 8752 
7 8592 8749 8752 8758 8666 8623 8531 
5 8531 8623 8666 8758 8615 
9 7853 7758 7726 7752 7892 7782 7888 7898 7938 
6 7853 7938 8007 8153 8077 7989 
7 8007 7938 7898 7888 7957 8223 8153 
7 7748 7758 7853 7989 8077 8174 7969 
7 7959 7859 7748 7969 8174 8066 8200 
5 7696 7656 7748 7859 7959 
7 7831 7836 7901 7932 8005 7803 7838 
6 7932 7901 8062 8147 8124 8005 
5 8062 7901 7836 8081 8147 
6 7964 7782 7803 8005 8124 8111 
7 7782 7964 8111 8412 8223 7957 7888 
6 8124 8147 8081 8262 8307 8111 
5 8111 8307 8501 8567 8412 
7 8333 8320 8407 8464 8538 8384 8338 
7 8066 8174 8320 8333 8222 8199 8200 
5 8222 8333 8338 8200 8199 
6 8464 8472 8500 8642 8610 8538 
6 8320 8362 8500 8472 8464 8407 
5 8238 8362 8320 8174 8167 
8 8937 9106 9119 9121 8906 8873 9016 8934 
5 8642 8768 9016 8873 8610 
7 8558 8877 8934 9016 8768 8642 8500 
6 8153 8223 8238 8167 8174 8077 
6 8223 8412 8465 8401 8362 8238 
6 8362 8401 8465 8508 8558 8500 
6 8508 8465 8412 8567 8877 8558 
5 8961 8870 8992 9072 9056 
6 8915 8870 8911 8998 9061 8953 
7 8961 9056 9324 9061 8998 8911 8870 
7 8629 8915 8953 9061 8929 8868 8794 
7 8371 8309 8377 8570 8741 8631 8629 
7 8631 8741 8783 8992 8870 8915 8629 
7 7836 8109 8152 8143 8340 8262 8081 
7 8143 8152 8256 8337 8394 8392 8340 
7 8371 8629 8376 8394 8337 8256 8309 
7 8545 8579 8715 8760 8539 8509 8449 
6 8545 8449 8340 8392 8394 8579 
6 8394 8376 8629 8794 8661 8579 
6 8715 8579 8661 8794 8868 8760 
7 8877 8567 8897 8960 9106 8937 8934 
7 8683 8818 9149 8960 8897 8859 8709 
7 8501 8543 8683 8709 8859 8897 8567 
6 8456 8539 8591 8683 8543 8501 
5 8380 8456 8501 8307 8262 
7 8340 8449 8509 8539 8456 8380 8262 
7 9003 9078 9249 9190 9172 9149 8818 
6 8760 8779 8818 8683 8591 8539 
6 8779 8760 8895 9078 9003 8818 
6 9285 9152 9061 9324 9439 9403 
7 9152 9285 9403 9259 9249 9078 9162 
6 9010 8868 8929 9061 9152 9162 
6 8868 9010 9162 9078 8895 8760 
6 9439 9521 9785 9714 9535 9403 
6 9570 9403 9535 9714 9706 9491 
5 9403 9570 9491 9387 9259 
7 9618 9402 9491 9706 9824 9862 9827 
6 9402 9257 9190 9249 9346 9491 
5 9249 9259 9387 9491 9346 
5 9706 9768 9886 9894 9824 
7 9886 9768 9706 9714 9784 9892 10076 
6 9903 9892 9784 9714 9785 9882 
5 10036 10081 10246 10173 10094 
8 9929 9951 10036 10094 10173 10339 10171 10074 
6 10081 10036 9951 9894 9886 10076 
5 9862 9824 9894 9951 9929 
7 9257 9216 9142 8960 9149 9172 9190 
5 9265 9173 9121 9119 9345 
7 9142 9188 9282 9345 9119 9106 8960 
6 9312 9257 9402 9618 9475 9401 
6 9269 9188 9142 9216 9257 9312 
6 9269 9312 9401 9350 9282 9188 
9 9698 9827 9862 9929 10074 10171 10108 9868 9817 
7 9475 9618 9827 9698 9648 9622 9565 
7 9636 9565 9622 9648 9698 9817 9844 
7 9705 9579 9538 9527 9500 9636 9844 
7 9345 9282 9350 9460 9500 9527 9538 
5 9401 9443 9500 9460 9350 
6 9443 9401 9475 9565 9636 9500 
7 10268 10492 10527 10580 10368 10428 10391 
6 10171 10205 10191 10041 10072 10108 
7 10205 10171 10339 10394 10492 10268 10191 
8 9961 10015 10268 10391 10428 10368 10254 10212 
8 9911 9977 10041 10191 10268 10015 9961 10002 
7 9857 9804 9977 9911 10002 9961 9874 
7 9844 9817 9868 10108 10072 9883 9962 
5 9705 9844 9962 9890 9804 
7 10041 9977 9804 9890 9962 9883 10072 
6 9422 9345 9538 9611 9531 9479 
7 9599 9531 9611 9538 9583 9675 9682 
6 9682 9675 9739 9857 9874 9761 
8 9583 9538 9579 9705 9804 9857 9739 9675 
6 9274 9265 9345 9422 9479 9493 
8 9479 9531 9599 9712 9536 9425 9274 9493 
7 9755 9727 9536 9712 9599 9682 9761 
7 9265 9274 9425 9426 9244 9121 9173 
5 9607 9426 9425 9536 9542 
4 9426 9607 9707 9543 
7 9950 9874 9961 10212 10153 10025 9970 
5 9727 9755 9812 9808 9764 
7 9755 9761 9874 9950 9970 9808 9812 
5 9607 9735 9792 9850 9707 
7 9536 9727 9764 9792 9735 9607 9542 
5 9912 9970 10025 9850 9792 
5 9808 9970 9912 9792 9764 
8 10783 10761 10835 10870 10962 10969 10938 10839 
6 10603 10653 10740 10835 10761 10783 
6 10527 10492 10653 10603 10566 10718 
7 10870 10835 10899 11118 10916 10969 10962 
7 10899 10923 10828 10930 11100 11129 11118 
5 10740 10828 10923 10899 10835 
6 10173 10246 10081 10310 10350 10339 
7 10439 10460 10548 10394 10339 10350 10481 
6 10625 10682 10548 10460 10439 10481 
5 10755 10744 10833 10930 10828 
7 10548 10682 10625 10744 10755 10697 10692 
6 10492 10394 10548 10629 10740 10653 
7 10740 10629 10548 10692 10697 10755 10828 
6 11169 11280 11180 11091 10836 10948 
5 10853 10863 11044 11169 10948 
6 11044 10993 11143 11205 11280 11169 
6 10863 10783 10839 10938 10993 11044 
6 10580 10527 10718 10853 10948 10836 
6 10853 10718 10566 10603 10783 10863 
8 10993 10938 10969 11103 11098 11230 11195 11143 
8 11373 11230 11433 11464 11411 11526 11280 11205 
5 11205 11143 11195 11230 11373 
5 11320 11370 11579 11528 11379 
7 11287 11129 11100 11370 11320 11379 11433 
7 10969 10916 11118 11129 11287 11190 11103 
6 11287 11433 11230 11098 11103 11190 
6 11184 11146 10892 11172 11265 11311 
6 10987 11031 11039 10944 10794 10932 
8 11039 11031 11066 11265 11172 10892 10937 10944 
7 10932 11077 11267 11356 11114 11031 10987 
6 11304 11114 11356 11530 11499 11408 
7 11066 11031 11114 11304 11408 11311 11265 
8 11499 11530 11717 11727 11631 11565 11521 11408 
6 11339 11311 11408 11442 11576 11404 
6 11442 11408 11521 11565 11631 11576 
5 11372 11446 11579 11370 11301 
7 11446 11372 11339 11404 11576 11593 11579 
5 11262 11339 11372 11301 11203 
6 11146 11184 11311 11339 11262 11203 
6 10833 10876 10850 11015 11100 10930 
7 10892 11146 11203 11301 11173 11015 10850 
5 11015 11173 11301 11370 11100 
6 10756 10850 10876 10833 10744 10625 
5 10809 10892 10850 10756 10688 
7 10524 10562 10678 10937 10892 10809 10688 
7 10081 10076 10317 10356 10481 10350 10310 
7 10317 10524 10526 10540 10625 10481 10356 
6 10540 10526 10524 10688 10756 10625 
7 9903 9882 10221 10301 10272 10276 10128 
6 9903 10128 10276 10317 10076 9892 
6 10272 10301 10221 10306 10472 10364 
7 10276 10272 10364 10472 10562 10524 10317 
6 14093 14302 14266 14501 14431 14340 
6 14038 14019 14093 14340 14084 14154 
7 14084 14340 14227 14245 14097 14168 14154 
5 14100 14091 14009 13979 13990 
8 14009 14091 14081 14302 14093 14019 14024 13979 
5 14100 14266 14302 14081 14091 
5 13699 13697 13824 13928 13836 
6 14168 14097 14071 13928 13986 14154 
6 13918 14038 14154 13986 13928 13824 
7 13649 13768 13749 13847 13918 13824 13697 
7 13649 13656 13844 13882 13847 13749 13768 
7 13844 13968 14024 14019 13927 13847 13882 
5 13847 13927 14019 14038 13918 
6 13845 13990 13979 14024 13968 13844 
6 13493 13351 13550 13629 13656 13649 
5 13351 13342 13547 13629 13550 
6 13547 13625 13602 13773 13711 13629 
6 13844 13656 13629 13711 13745 13845 
7 13834 13833 13804 13845 13745 13711 13773 
7 14352 14411 14418 14501 14266 14100 14196 
7 14352 14196 14163 14225 14279 14418 14411 
6 14017 14111 14225 14163 14196 13983 
5 13909 13983 14196 14100 14023 
7 13909 14023 14100 13990 13845 13804 13833 
6 13833 13834 13773 13848 13875 13909 
5 13848 14017 13983 13909 13875 
8 14134 14140 14025 14111 14012 13932 13956 13977 
7 14140 14357 14368 14377 14217 14111 14025 
5 14225 14111 14217 14377 14413 
5 13632 13678 13780 13855 13652 
6 13827 13977 13956 13932 13739 13652 
6 13827 13652 13855 14039 14134 13977 
6 14140 14134 14212 14358 14368 14357 
8 14448 10986 14498 14389 14377 14368 14358 14417 
5 14358 14212 14289 14448 14417 
6 13855 13780 13991 14096 14152 14039 
7 14096 14221 14289 14212 14134 14039 14152 
5 14096 13991 14230 14367 14221 
6 14221 14367 72 10986 14448 14289 
7 13739 13548 13546 13361 13521 13592 13652 
6 13249 13341 13652 13592 13521 13437 
5 13249 13437 13521 13361 13302 
8 13287 13302 13361 13546 13303 13320 13198 13293 
8 13546 13548 13848 13773 13602 13625 13547 13541 
7 14017 13848 13548 13739 13932 14012 14111 
6 13159 13019 13180 13219 13327 13351 
8 13279 13310 13547 13342 13351 13327 13219 13180 
7 13320 13314 13547 13310 13279 13180 13198 
8 12949 12959 13249 13302 13287 13293 13198 13020 
6 13320 13303 13546 13541 13547 13314 
6 13198 13180 13019 12991 13059 13020 
6 12991 12837 12843 12949 13020 13059 
6 12857 12900 12982 12934 12910 12786 
6 12910 12934 12971 12993 13072 12998 
6 12993 12971 12934 12982 13210 13072 
7 12678 12638 12728 12767 12852 12820 12776 
5 12852 12767 12728 12828 13012 
7 12828 12786 12910 12998 13072 13076 13012 
7 12509 12421 12191 12123 12348 12622 12377 
6 12377 12622 12786 12828 12639 12509 
5 12639 12828 12728 12638 12509 
7 12161 12439 12489 12678 12617 12533 12328 
5 12678 12776 12623 12533 12617 
6 12387 12266 12191 12421 12489 12439 
5 12421 12509 12638 12678 12489 
5 13312 13267 13207 13161 13191 
6 13487 13312 13452 13540 13678 13632 
9 13076 13072 13210 13286 13452 13312 13191 13151 13090 
6 13267 13326 13352 13652 13341 13207 
6 13326 13436 13487 13632 13652 13352 
5 13326 13267 13312 13487 13436 
5 12820 12852 13012 13035 12941 
8 13012 13140 13151 13191 13161 13082 12941 13035 
5 13012 13076 13090 13151 13140 
5 13067 13114 13173 13249 12959 
7 13173 13114 13082 13161 13207 13341 13249 
7 12820 12941 13082 13114 13067 12902 12776 
5 12811 12776 12902 13067 12959 
6 12161 12164 12191 12266 12387 12439 
6 11919 11933 11953 12016 11995 11948 
6 12016 11953 12164 12161 12328 11995 
6 11787 11837 12123 11950 11936 11907 
6 11953 11933 11936 12067 12191 12164 
5 12067 11936 11950 12123 12191 
8 11579 11593 11694 11948 11987 11906 11824 11646 
5 11824 11906 11957 11775 11871 
8 11579 11646 11824 11871 11775 11674 11648 11528 
6 11717 11787 11907 11936 11811 11727 
7 11811 11936 11933 11859 11806 11631 11727 
6 11631 11806 11859 11933 11919 11834 
7 11593 11576 11631 11834 11919 11948 11694 
5 12696 12675 12871 12949 12843 
7 12148 12143 12313 12343 12675 12696 12409 
5 12643 12409 12696 12843 12837 
8 12313 12357 12465 12533 12623 12587 12675 12343 
6 12587 12623 12776 12811 12783 12675 
6 12871 12675 12783 12811 12959 12949 
7 11775 11957 12078 12143 12148 11982 11718 
5 11906 12026 12035 12054 11957 
7 12054 12035 12211 12313 12143 12078 11957 
5 12293 12187 12331 12465 12357 
7 12211 12035 12026 12187 12293 12357 12313 
6 11948 11995 12187 12026 11906 11987 
6 12187 11995 12328 12533 12465 12331 
7 12895 12964 13162 13262 13177 13165 13078 
5 13188 13280 13385 13262 13162 
7 13162 12964 13089 13135 13158 13280 13188 
6 13280 13158 13218 13339 13486 13385 
6 13106 13192 13218 13158 13135 13107 
5 13339 13218 13192 13285 13391 
6 13605 13649 13697 13699 13585 13495 
8 13391 13506 13495 13585 13530 13564 13486 13339 
5 13530 13585 13699 13805 13564 
7 13374 13458 13340 13488 13382 13297 13265 
6 13192 13265 13297 13382 13391 13285 
8 13605 13495 13506 13391 13382 13488 13340 13458 
5 13458 13374 13493 13649 13605 
7 13539 13504 13522 13621 13696 13677 13657 
5 13524 13534 13591 13696 13621 
8 13399 13435 13591 13534 13524 13621 13522 13504 
6 13539 13657 13647 13441 13331 13377 
7 13316 13152 13399 13504 13539 13377 13331 
7 13177 13262 13435 13399 13152 13078 13165 
7 13597 13607 13748 13854 13696 13591 13596 
5 13748 13867 13884 13915 13854 
5 13698 13884 13867 13748 13607 
6 13385 13486 13564 13805 13633 13572 
9 13597 13572 13633 13805 13699 13836 13884 13698 13607 
8 13422 13430 13573 13597 13596 13591 13435 13262 
7 13572 13597 13573 13430 13422 13262 13385 
5 12230 12272 12352 12485 12376 
7 12376 12485 12585 12640 12698 12864 12592 
5 12485 12352 12471 12640 12585 
6 12157 12174 12308 12471 12352 12272 
7 12503 12605 12471 12308 12174 12321 12435 
8 12230 12376 12378 12467 12204 12134 12125 12194 
7 12739 12875 12895 13078 13152 12989 12912 
7 12912 12989 13152 12992 12909 12856 12739 
5 12856 12909 12992 13152 12967 
6 12640 12471 12605 12739 12856 12697 
6 12864 12698 12640 12697 12856 12967 
7 12819 12817 12964 12895 12875 12739 12679 
6 12605 12503 12817 12819 12679 12739 
5 12800 12904 13000 12774 12754 
7 12904 12800 12990 12981 13085 13036 13000 
8 12976 13065 13230 13000 13036 13085 12981 12990 
5 13331 13170 12967 13152 13316 
6 13230 13065 13170 13331 13441 13393 
7 12976 12979 12988 12864 12967 13170 13065 
7 12378 12376 12592 12599 12685 12551 12467 
9 12599 12592 12864 12988 12979 12976 12990 12800 12764 
5 12685 12599 12764 12800 12754 
7 12207 12474 12656 12624 12574 12391 12326 
6 12336 12326 12391 12574 12624 12468 
6 12551 12685 12754 12774 12624 12656 
6 12207 12204 12467 12551 12656 12474 
5 12644 12582 12643 12837 12737 
5 12409 12643 12582 12510 12299 
7 12582 12644 12677 12501 12430 12299 12510 
7 12163 12299 12430 12384 12363 12315 12203 
7 12363 12384 12430 12501 12364 12344 12315 
7 12501 12677 12649 12603 12529 12344 12364 
6 12210 11996 12027 11866 12030 12126 
6 12344 12529 12550 12447 12424 12316 
7 12126 12315 12344 12316 12424 12271 12210 
7 12017 11982 12148 12159 12024 11861 11951 
6 12148 12409 12299 12163 12024 12159 
5 12115 12163 12203 12315 12126 
7 12024 12163 12115 12126 12030 11866 11861 
6 12061 12132 12168 12009 11894 11921 
5 12008 12141 12059 12061 11921 
6 12271 12267 12132 12061 12059 12141 
6 11664 11661 11866 11776 11757 11582 
7 11757 11996 12210 12271 12141 12008 11921 
5 11757 11776 11866 12027 11996 
7 11572 11718 11982 12017 11951 11656 11496 
8 11379 11528 11648 11674 11555 11572 11496 11433 
5 11674 11775 11718 11572 11555 
6 11619 11549 11698 11861 11866 11661 
8 11526 11549 11619 11661 11664 11582 11450 11280 
6 11433 11496 11656 11526 11411 11464 
6 11549 11526 11656 11951 11861 11698 
6 13268 13116 13159 13351 13493 13374 
6 13149 13116 13268 13374 13265 13246 
7 13087 13116 13149 13246 13265 13153 13002 
6 12824 12937 13153 13265 13192 13005 
5 12824 12662 12721 12830 12937 
4 12937 12830 13002 13153 
6 12677 12644 12737 12837 12773 12808 
6 12914 12991 13019 12999 12923 12938 
7 12837 12991 12914 12938 12923 12808 12773 
7 13002 12830 12846 12850 12923 13013 13087 
7 13013 12923 12999 13019 13159 13116 13087 
5 12808 12923 12850 12846 12677 
7 12721 12674 12603 12649 12677 12846 12830 
6 12530 12374 12271 12424 12496 12631 
4 12345 12294 12342 12530 
7 12374 12530 12342 12294 12132 12267 12271 
6 12243 12321 12174 12168 12132 12294 
5 12243 12294 12345 12341 12321 
8 12341 12345 12530 12631 12817 12503 12435 12321 
7 12424 12447 12550 12607 12583 12631 12496 
7 12802 12583 12607 12550 12621 12662 12824 
7 12603 12674 12721 12662 12621 12550 12529 
7 12631 12583 12802 12884 12765 12964 12817 
7 12765 12884 13024 13107 13135 13089 12964 
6 12824 13005 12960 13024 12884 12802 
6 13192 13106 13107 13024 12960 13005 
9 8054 8328 7460 5655 7772 1047 3151 927 1427 
5 8328 4370 7779 5655 7460 
7 4987 5783 5655 7779 4370 5699 6667 
8 2445 1623 5783 4987 6667 5699 4370 4160 
6 4160 7040 2791 1111 13611 2445 
7 8328 8054 7663 2791 7040 4160 4370 
6 7663 8054 2070 2372 3725 7781 
5 7663 7781 7241 6660 6450 
5 7241 7781 3725 3766 6660 
7 2070 5939 8279 6784 7409 5928 2119 
7 1427 927 3151 3182 5939 2070 8054 
6 2372 2070 2119 5928 3416 3725 
5 3416 5928 6704 3766 3725 
6 5667 6101 4966 7004 7476 7144 
7 3151 1047 800 1856 2805 4877 3182 
5 1856 6101 5667 4877 2805 
7 3182 4877 5667 7144 7476 7014 5939 
5 5939 7014 7476 6174 8279 
5 6174 7476 7531 6784 8279 
6 7431 4082 3527 3376 2286 5783 
6 5655 5783 2286 565 1047 7772 
6 800 1047 565 2286 3376 1856 
5 6375 6936 5309 4966 6101 
7 6375 1371 6963 5231 5158 5309 6936 
4 1371 6375 3505 4082 
7 3505 6375 6101 1856 3376 3527 4082 
5 957 14498 14072 2657 2189 
7 1760 496 2684 25 14498 957 2189 
5 3643 2684 496 1760 4240 
7 10986 72 5171 2728 2001 14072 14498 
7 4183 2883 6061 5052 8142 2657 14072 
5 4183 14072 2001 2728 2883 
7 2265 2657 8142 8341 1232 621 5854 
6 3643 4240 5518 5854 621 6992 
7 2189 2657 2265 5854 5518 4240 1760 
5 6963 1383 7822 12539 5231 
6 1383 6963 1371 8112 6992 3134 
7 3669 2868 1232 419 7822 1383 1630 
8 6992 621 1232 2868 3669 1630 1383 3134 
7 1706 13364 4669 7673 2445 13611 13454 
7 14418 1 4669 13364 4462 4940 14501 
5 4462 13364 1706 13454 4940 
5 7673 9308 2400 1623 2445 
7 13454 13611 4576 1778 3946 3819 4940 
6 14501 4940 3819 3946 1778 14431 
7 14418 14279 14443 9308 7673 4669 1 
7 14413 14377 14389 14498 25 9308 75 
6 14413 75 9308 14443 14279 14225 
6 25 2684 149 884 2400 9308 
7 2684 3643 3828 1623 2400 884 149 
6 6050 6992 8112 1371 4082 7431 
7 1623 3828 3643 6992 6050 7431 5783 
4 11263 5288 6334 13003 
7 12889 11895 10345 9297 9684 8323 9022 
7 11895 12889 12620 11263 13003 11252 10345 
7 10345 11252 13003 14104 12932 11473 9297 
5 11473 12932 4 13112 13796 
4 14104 13112 4 12932 
7 14184 5911 1808 5135 11642 13197 9051 
5 11642 5135 1019 3077 13197 
7 9051 13197 3077 1019 3199 11812 10180 
7 9684 13167 5911 14184 9051 10235 10862 
8 9363 3975 9022 8323 9684 10862 10235 10994 
7 9684 9297 11473 13796 8797 13926 13167 
7 5911 13167 13926 8797 13796 13112 1808 
5 7531 7476 12405 11029 11749 
6 7531 11749 9501 8536 11818 6784 
7 11029 14341 3975 9363 8536 9501 11749 
7 4966 5309 4699 12309 12405 7476 7004 
5 7576 12889 9022 3975 14341 
7 12309 11785 12872 7576 14341 11029 12405 
7 12088 10994 10235 9051 10180 10102 1181 
6 8931 11341 14455 14353 1181 10102 
6 14455 9363 10994 12088 1181 14353 
6 11341 11016 9165 11431 9363 14455 
5 8403 8536 9363 11431 9165 
6 6704 5928 8403 9165 11016 5985 
6 7409 6784 11818 8536 8403 5928 
7 9788 214 8151 13045 8206 13769 12020 
8 13769 8206 194 12158 12333 13681 13706 12020 
5 13706 13681 12333 8964 9795 
6 13045 8151 214 8425 1470 13635 
6 8206 11655 11836 10442 12158 194 
6 13635 1470 11836 11655 8206 13045 
4 8469 30 3749 9264 
6 12317 8469 9264 13459 1648 12798 
7 8469 12317 12798 8964 12333 12158 10442 
7 11217 30 8469 10442 11836 11877 14532 
5 30 11217 14532 2195 3749 
4 1470 10848 11877 11836 
6 11877 10848 4101 1986 2195 14532 
7 11237 11785 9795 8964 12798 8693 1416 
6 12309 13423 14197 13706 9795 11785 
6 11276 13706 14197 13423 12309 9681 
5 9788 12020 13706 11276 12539 
7 5158 5231 9869 9681 12309 4699 5309 
5 9681 9869 5231 12539 11276 
8 8693 12798 1648 13459 9264 3931 13850 14510 
7 14510 13850 3931 4941 7947 13988 8693 
7 13988 7947 4941 6334 5288 14138 8693 
6 1416 8693 11371 11139 8254 432 
7 11785 11237 1416 432 8254 7576 12872 
8 11932 8254 11139 11371 8693 14138 5288 11263 
6 12620 12889 7576 8254 11932 11263 
7 4576 13611 1111 2055 4195 14408 2736 
7 14431 1778 4576 2736 14408 57 5305 
6 14491 14340 14431 5305 57 5997 
6 1546 57 14408 4195 3080 1819 
5 10989 1546 1819 61 13447 
6 10989 13447 14506 5997 57 1546 
7 789 3776 61 1819 3664 971 2738 
6 3664 1819 3080 4195 2838 3517 
7 2838 4195 2055 1111 2791 7663 3517 
7 3517 7663 6450 6183 611 971 3664 
6 5118 5259 3686 4931 611 6183 
8 13552 3776 789 2738 971 611 180 2808 
8 286 12838 13552 2808 180 611 4931 3686 
7 13928 14071 14097 14126 14036 13967 13836 
6 14245 14373 14460 14345 14211 14097 
7 14126 14097 14211 14345 14125 14057 14036 
6 13975 13884 13836 13967 14036 14057 
5 13949 13884 13975 14057 14046 
7 13993 13915 13884 13949 14046 14057 14125 
6 399 1210 61 3776 13552 92 
5 14460 1210 399 92 14345 
5 14460 14497 13447 61 1210 
6 14437 14340 14491 5997 14506 14457 
6 14433 14227 14340 14437 14457 14506 
7 14373 14374 14433 14506 13447 14497 14460 
5 14433 14374 14373 14245 14227 
5 13961 13729 13696 13854 13938 
8 13657 13677 13696 13729 13881 13866 13671 13647 
7 14070 13936 13866 13881 13729 13961 13904 
7 13976 13869 13923 13936 14070 14129 14056 
6 13869 13774 13840 13866 13936 13923 
8 13743 13441 13647 13671 13866 13840 13774 13869 
7 13938 13854 13915 13993 14125 14143 14145 
6 14193 13961 14124 14206 14312 14325 
5 13961 13938 14145 14206 14124 
7 14195 14321 14467 14214 14056 14129 14070 
7 13904 13961 14193 14271 14321 14195 14070 
7 14330 14325 14312 14337 14525 53 14423 
6 14423 14321 14271 14193 14325 14330 
6 76 92 13552 12838 1000 14322 
6 76 14322 1000 8137 14515 14383 
6 7787 8137 1000 12838 286 6602 
6 14525 14337 14471 14503 1296 53 
7 14503 6602 286 2105 12140 6013 1296 
6 14515 8137 7787 6602 14503 14508 
7 14143 14125 14345 92 76 14313 14218 
6 76 14383 14360 14262 14242 14313 
7 14218 14313 14242 14262 14206 14145 14143 
4 14454 14449 14508 14503 
6 14508 14449 14454 14360 14383 14515 
6 14360 14454 14503 14471 14363 14262 
6 14262 14363 14471 14337 14312 14206 
8 10650 9453 11726 11461 9233 9750 11639 10411 
7 11461 11726 12925 13214 12215 12107 9233 
7 12107 12215 13214 14114 5723 9750 9233 
7 10411 11639 9750 8646 6350 9453 10650 
6 9453 6350 6554 4273 4495 11726 
8 4967 7419 4521 4273 6554 6350 8646 7038 
6 8646 9750 5723 9407 10483 7038 
7 6546 6555 10483 9407 11699 9400 9037 
5 7038 10483 6555 6546 4967 
6 11726 11490 11835 12356 12984 12925 
6 11726 4495 9516 5952 11835 11490 
7 12356 10349 12891 10331 11341 8931 12984 
8 5952 11016 11341 10331 12891 10349 12356 11835 
6 11766 8865 11584 3453 3199 224 
6 11812 3199 3453 11584 8865 13584 
7 8367 12659 10102 10180 11812 13584 8865 
7 12984 8931 10102 12659 8367 13214 12925 
5 13214 8367 8865 11177 14114 
5 9438 14361 14114 11177 8865 
5 9438 8865 11766 12012 11463 
5 12012 6522 2192 1619 12636 
5 11766 224 2192 6522 12012 
7 5723 14114 14361 8792 13357 11699 9407 
7 8792 14361 9438 8559 2342 11699 13357 
5 1226 9710 12400 12636 1619 
8 8559 9438 11463 12012 12636 12400 9710 2342 
7 5796 4994 1548 6704 5985 11016 5952 
7 2465 1548 4994 5649 7056 5496 2904 
7 4994 5796 5952 9516 4495 7056 5649 
4 6869 3509 3513 144 
6 6869 2904 5496 7056 6232 3509 
6 3509 6232 7056 4495 4273 3513 
7 5118 6183 6450 6660 3766 8221 5259 
7 2465 2904 6869 4667 5259 4198 1548 
6 5259 8221 3766 6704 1548 4198 
7 3686 5259 4667 6869 5686 2225 3998 
5 3686 3998 2225 2105 286 
7 3417 1799 3569 5686 6869 144 5203 
6 3569 1799 1565 2105 2225 5686 
7 2545 3513 4273 4521 7419 4967 6546 
5 1738 6594 3663 2212 976 
7 144 3513 2545 8168 976 2212 3663 
7 6013 12140 2105 1565 1799 53 1296 
7 3417 5203 6838 6254 7399 3471 2601 
7 3663 6594 7399 6254 6838 5203 144 
5 2601 3471 1206 3322 1171 
7 2202 146 1099 53 358 1171 3322 
6 1799 3417 2601 1171 358 53 
8 14321 14423 53 1099 8 14521 14479 14467 
7 14479 14521 8 14323 41 12571 14467 
7 1099 146 1253 12571 41 14323 8 
7 2202 3322 1206 2506 12571 1253 146 
7 930 947 993 1196 1282 1247 964 
6 1259 1225 1247 1282 1322 1404 
5 1225 1259 1048 964 1247 
6 1282 1196 1233 1367 1405 1358 
7 1358 1381 1491 1523 1404 1322 1282 
7 1491 1381 1358 1405 1533 1638 1575 
8 1523 1491 1575 1671 1664 1702 1572 1550 
7 1590 1489 1523 1550 1572 1702 1594 
6 1356 1355 1489 1590 1594 1499 
6 1404 1523 1489 1355 1308 1259 
6 1259 1308 1355 1261 1183 1048 
7 1158 1195 1273 1355 1356 1392 1295 
7 1137 1048 1183 1261 1355 1273 1195 
6 1956 1920 2047 2141 2153 1960 
6 2047 2097 2184 2288 2153 2141 
5 2038 2184 2097 2047 1920 
7 1848 1575 1638 1920 1956 1874 1871 
9 1575 1848 1871 1874 1861 1736 1702 1664 1671 
7 1861 1874 1956 1960 1912 1702 1736 
7 2603 2596 2515 2511 2407 2553 2540 
6 2184 2038 2243 2263 2407 2299 
7 2263 2243 2358 2457 2540 2553 2407 
5 2407 2511 2515 2390 2415 
5 2407 2415 2390 2340 2299 
6 2451 2153 2288 2375 2390 2515 
6 2299 2340 2390 2375 2288 2184 
5 2167 1900 1901 2168 2338 
7 1640 1621 1751 1901 1900 1816 1684 
7 1514 1517 1656 1751 1621 1640 1684 
7 1391 1357 1309 1446 1434 1656 1517 
6 1150 1155 1284 1320 1305 1128 
7 1357 1391 1517 1514 1305 1320 1284 
6 810 686 874 1045 989 941 
5 941 989 1036 1150 1128 
5 989 1045 1155 1150 1036 
5 906 1154 978 890 663 
7 617 663 890 978 1045 874 686 
6 1045 978 1154 1309 1180 1155 
5 1155 1180 1309 1357 1284 
6 1850 1816 1900 1908 1981 2038 
6 1981 1908 1900 2014 2243 2038 
6 2014 1900 2167 2338 2358 2243 
5 1543 1673 1920 1638 1533 
6 1920 1673 1663 1816 1850 2038 
7 1580 1684 1816 1663 1673 1543 1549 
5 1433 1506 1580 1549 1521 
7 1176 1330 1506 1433 1432 1367 1233 
8 1405 1367 1432 1433 1521 1549 1543 1533 
7 947 871 941 1128 1152 1139 993 
7 1152 1330 1176 1233 1196 993 1139 
7 1514 1684 1580 1506 1330 1423 1305 
5 1152 1128 1305 1423 1330 
6 195 32 31 185 248 391 
6 517 452 480 581 608 640 
8 33 32 195 391 480 452 397 166 
5 342 317 402 504 416 
6 537 698 820 752 504 402 
7 537 517 640 964 1048 820 698 
6 39 37 147 317 342 165 
5 35 354 329 147 37 
6 354 393 402 317 147 329 
8 355 459 517 537 402 393 354 302 
5 355 397 452 517 459 
6 35 33 166 203 302 354 
5 302 203 166 397 355 
7 480 391 610 662 828 672 536 
5 828 662 723 871 947 
6 662 610 683 772 871 723 
7 480 536 672 631 677 608 581 
7 608 677 823 856 930 964 640 
8 677 631 672 828 947 930 856 823 
6 280 346 409 276 28 27 
3 29 185 31 
7 185 29 28 276 409 335 248 
6 483 601 485 335 409 346 
7 483 346 550 686 810 777 601 
7 248 335 485 601 683 610 391 
7 777 810 941 871 772 683 601 
5 1146 1158 1295 1392 1263 
6 1341 1263 1392 1500 1385 1411 
7 1151 1086 1146 1263 1341 1411 1175 
5 1086 1151 1175 1103 1059 
6 917 858 886 1059 1103 892 
5 984 1146 1086 1059 886 
5 721 826 894 775 701 
8 894 826 944 984 886 858 742 775 
7 628 644 701 775 742 641 588 
6 650 720 742 858 917 803 
7 557 569 588 641 742 720 650 
7 557 650 729 791 798 892 671 
7 729 650 803 917 892 798 791 
8 522 489 693 721 701 644 628 588 
6 422 489 522 588 569 441 
6 360 441 569 557 494 444 
5 360 43 42 266 441 
5 39 363 269 266 42 
6 269 363 489 422 441 266 
5 39 165 342 416 363 
6 752 859 826 721 674 504 
7 363 416 504 674 721 693 489 
7 826 859 985 1158 1146 984 944 
7 985 859 913 965 1137 1195 1158 
5 752 820 929 913 859 
6 820 1048 1137 965 913 929 
7 2005 1951 1943 1988 2224 2341 2165 
6 1912 1960 2057 2224 1988 1943 
5 2224 2057 1960 2153 2312 
7 1594 1702 1912 1943 1951 1897 1708 
4 1771 1899 2064 1864 
7 1771 1708 1897 1951 2005 1903 1899 
6 1594 1708 1771 1520 1586 1499 
7 1458 1586 1520 1642 1540 1500 1392 
5 1356 1499 1586 1458 1392 
6 1774 1864 2064 1911 1795 1687 
5 1520 1771 1864 1774 1642 
6 1577 1411 1385 1500 1540 1642 
6 1577 1642 1774 1687 1534 1411 
8 1795 1911 2190 2158 1945 1932 1809 1687 
5 1945 2158 2231 2063 1932 
6 2085 1932 2063 2231 2297 2209 
7 2064 2156 2303 2182 2201 2190 1911 
4 2165 2341 2303 2156 
6 1899 1903 2005 2165 2156 2064 
7 2201 2182 2303 2474 2276 2333 2244 
6 2387 2324 2244 2333 2369 2487 
8 2276 2474 2303 2576 2563 2487 2369 2333 
7 2158 2190 2201 2244 2324 2278 2231 
5 2231 2278 2324 2387 2297 
6 2297 2387 2498 2619 2630 2480 
7 2487 2563 2597 2758 2619 2498 2387 
7 2673 2823 2900 2758 2597 2563 2576 
7 2917 3030 3100 3034 3022 2900 2823 
7 2823 2673 2676 2827 2903 3030 2917 
7 2648 2616 2781 2926 2903 2827 2676 
6 2507 2513 2616 2648 2676 2673 
6 2341 2513 2507 2673 2576 2303 
8 2513 2341 2224 2453 2462 2602 2781 2616 
8 2312 2153 2451 2520 2344 2462 2453 2224 
6 2520 2733 2781 2602 2462 2344 
8 2596 2786 2730 2897 2846 2847 2701 2515 
5 2786 2923 3036 2897 2730 
6 2520 2451 2515 2701 2561 2733 
9 2821 2845 2819 2733 2561 2701 2847 2846 2897 
8 3069 3065 3238 3243 3267 3407 3239 3202 
8 3038 3065 3069 3202 3184 2903 2926 3000 
5 2781 3065 3038 3000 2926 
5 3030 2903 3184 3456 3100 
7 3184 3202 3383 3397 3495 3542 3456 
6 3239 3407 3495 3397 3383 3202 
6 3267 3243 3347 3465 3495 3407 
8 3242 3538 3477 3637 3541 3465 3411 3391 
6 3243 3308 3391 3411 3465 3347 
7 2842 2845 2821 2897 3036 3049 3039 
7 2781 2733 2819 2845 2842 3039 3065 
6 3036 3165 3242 3156 3039 3049 
8 3039 3156 3242 3391 3308 3243 3238 3065 
6 3474 3456 3542 3578 3602 3503 
6 3769 3668 3901 3981 3800 3638 
6 3602 3578 3668 3769 3638 3503 
6 3481 3503 3638 3800 3764 3549 
6 3409 3388 3474 3503 3481 3549 
6 3100 3456 3474 3388 3409 3255 
7 4043 4163 4254 4267 4079 3992 3915 
7 4125 4163 4043 4019 3878 4041 4128 
6 3915 3789 3880 3878 4019 4043 
5 3800 3907 3878 3818 3764 
6 3907 3800 3981 4128 4041 3878 
5 3606 3764 3818 3783 3630 
6 3878 3880 3789 3630 3783 3818 
8 3057 2837 2859 3200 3190 3227 3259 3141 
7 3190 3406 3539 3540 3490 3259 3227 
6 3190 3177 3255 3409 3549 3406 
7 3406 3549 3764 3606 3630 3540 3539 
6 3540 3630 3789 3794 3814 3624 
5 3794 3789 3915 3992 3814 
7 3200 2859 2869 2932 3137 3177 3190 
6 2724 2758 2937 2932 2869 2725 
8 2758 2724 2725 2869 2859 2698 2630 2619 
6 2758 2900 2947 3035 3086 2937 
7 3035 2947 2900 3022 3034 3071 3086 
5 3071 3034 3100 3255 3177 
6 2932 2937 3086 3071 3177 3137 
9 4439 4532 4759 4815 4855 4821 4525 4443 4535 
7 4313 4309 4154 4210 4321 4358 4439 
7 4439 4535 4443 4525 4426 4309 4313 
6 4375 4435 4624 4617 4492 4420 
7 4295 4181 4154 4309 4323 4435 4375 
7 4323 4309 4426 4525 4821 4624 4435 
6 4590 4677 4916 4628 4544 4350 
7 4544 4628 4606 4613 4649 4532 4537 
8 4628 4916 4815 4759 4532 4649 4613 4606 
7 4305 4120 4210 4102 4105 4350 4544 
5 4120 4305 4395 4321 4210 
5 4395 4305 4544 4537 4446 
7 4439 4358 4321 4395 4446 4537 4532 
8 4303 4420 4492 4268 4267 4254 4163 4227 
4 4227 4124 4236 4303 
6 4124 4227 4163 4125 4128 3981 
7 4154 4181 4295 4161 3981 3901 3951 
5 4124 3981 4161 4281 4236 
7 4281 4161 4295 4375 4420 4303 4236 
7 3465 3541 3648 3681 3578 3542 3495 
7 3681 3648 3705 3722 3826 3874 3834 
7 3691 3874 3826 3722 3705 3648 3541 
6 3668 3784 3847 3938 3951 3901 
7 3578 3681 3834 3938 3847 3784 3668 
7 4102 4210 4154 3951 3938 3834 3965 
7 3980 3950 4105 4102 3965 3834 3874 
5 49 150 259 389 51 
6 49 48 179 290 257 150 
7 259 150 257 290 353 277 389 
7 334 381 559 602 593 440 337 
5 290 337 440 426 353 
7 179 48 47 212 334 337 290 
6 212 47 46 285 381 334 
6 381 285 46 45 134 294 
7 45 305 437 470 381 294 134 
8 305 343 360 444 494 557 449 437 
5 43 360 343 305 45 
7 470 437 449 599 602 559 381 
7 599 449 557 671 786 690 602 
6 615 555 475 353 426 440 
6 440 593 613 776 717 615 
7 615 717 776 738 739 632 555 
6 738 776 846 887 808 739 
7 776 613 656 972 900 887 846 
7 602 690 786 972 656 613 593 
7 653 630 389 277 468 614 562 
5 653 562 614 737 824 
7 824 737 850 920 796 630 653 
6 277 353 475 555 505 468 
6 614 468 505 555 632 666 
7 850 737 768 739 808 887 961 
6 768 737 614 666 632 739 
6 1555 1442 1534 1626 1657 1658 
7 1714 1687 1809 1770 1658 1657 1626 
4 1534 1687 1714 1626 
5 1770 1809 1932 2085 1959 
8 1501 1444 1688 1658 1770 1959 1904 1666 
5 1555 1658 1688 1444 1442 
7 1397 1442 1444 1501 1406 1314 1321 
6 1217 1175 1411 1363 1323 1321 
7 1321 1323 1363 1411 1534 1442 1397 
7 1115 1080 1089 1133 1321 1314 1141 
6 1089 1080 972 1037 1016 1133 
6 1103 1175 1217 1321 1133 1016 
7 1037 972 786 671 892 1103 1016 
6 1328 1304 1406 1501 1493 1407 
7 1365 1267 1328 1407 1493 1531 1494 
7 1531 1493 1665 1755 1741 1576 1494 
4 1755 1665 1757 1855 
6 1825 1904 1940 1957 1855 1757 
7 1493 1501 1666 1904 1825 1757 1665 
6 966 900 972 1080 1115 1068 
7 887 900 966 1028 1069 1203 961 
6 1028 966 1068 1115 1141 1069 
6 1203 1229 1304 1328 1267 1246 
7 1141 1314 1406 1304 1229 1203 1069 
6 920 850 961 1203 1061 1138 
6 1203 1246 1267 1365 1138 1061 
7 1031 1065 1173 1057 997 1012 899 
7 1031 899 1066 1162 1337 1186 1065 
5 1065 1186 1337 1262 1173 
7 759 1030 1066 899 1012 879 756 
7 748 763 997 1057 1173 1166 1054 
7 756 879 1012 997 763 549 626 
7 620 571 713 865 751 1030 759 
6 527 458 386 571 620 531 
7 531 620 759 756 626 549 527 
5 378 331 458 527 418 
7 374 177 375 378 418 527 549 
6 177 64 145 331 378 375 
7 64 63 258 386 458 331 145 
5 1409 1497 1613 1532 1438 
5 1409 1337 1315 1426 1497 
5 1497 1426 1509 1557 1613 
7 1456 1532 1613 1766 1596 1535 1466 
6 1310 1173 1262 1337 1409 1438 
7 1408 1166 1173 1310 1438 1532 1456 
6 1426 1315 1420 1568 1588 1509 
5 1349 1370 1620 1471 1568 
7 1106 1370 1349 1568 1420 1315 1293 
5 915 1088 1030 751 865 
7 865 897 1023 1106 1191 1088 915 
6 1191 1106 1293 1315 1193 1088 
7 1066 1030 1088 1193 1315 1337 1162 
6 51 249 278 242 188 54 
7 242 278 312 495 453 463 273 
7 249 51 389 630 376 312 278 
4 60 245 258 63 
4 54 188 242 59 
5 60 59 242 273 245 
7 258 245 273 410 454 571 386 
6 463 519 571 454 410 273 
7 463 453 495 637 597 571 519 
5 637 678 779 716 597 
7 716 779 897 865 713 571 597 
5 616 630 753 779 678 
7 312 376 630 616 678 637 495 
7 1138 1365 1347 1400 1417 1377 1300 
7 1400 1431 1576 1741 1615 1614 1492 
6 1347 1365 1494 1576 1431 1400 
6 1070 1043 1300 1142 1106 1053 
7 1620 1370 1478 1417 1400 1492 1614 
7 1370 1106 1142 1300 1377 1417 1478 
6 796 849 948 845 753 630 
6 920 962 1043 948 849 796 
5 962 920 1138 1300 1043 
6 936 1053 1106 1023 897 992 
6 779 912 1053 936 992 897 
7 948 1043 1070 1053 912 911 990 
7 779 753 845 948 990 911 912 
7 1620 1685 1699 1724 1588 1568 1471 
7 1827 1914 2128 1898 1854 1834 1685 
5 1724 1699 1685 1834 1854 
7 1847 1827 1685 1620 1614 1615 1741 
5 2191 1914 2142 2355 2335 
6 2128 1914 2191 2335 2354 2216 
6 2029 2106 2177 2114 2183 2058 
7 2183 2114 2177 2504 2527 2355 2417 
6 2058 2183 2417 2355 2142 1914 
7 1847 1741 1942 1995 2029 2033 1875 
7 2033 2029 2058 1914 1827 1847 1875 
5 1741 1755 1855 1929 1942 
7 1929 1855 2052 2106 2029 1995 1942 
5 1936 1763 1682 1839 2054 
6 1724 1876 1839 1682 1509 1588 
7 1854 1898 1917 2054 1839 1876 1724 
6 1710 1613 1557 1509 1682 1763 
7 1613 1730 1931 2197 1916 1882 1766 
7 1763 1936 1776 1931 1730 1613 1710 
7 2433 2502 2197 1931 2250 2282 2447 
6 1971 2116 2250 1931 1776 1936 
6 2116 1971 2155 2447 2282 2250 
5 1971 1936 2054 2210 2155 
8 2261 2269 2438 2460 2552 2447 2155 2210 
7 1917 1898 2128 2216 2290 2154 2054 
7 2154 2290 2438 2269 2261 2210 2054 
6 2720 2592 2567 2681 2784 2772 
6 2720 2772 2831 2948 2850 2814 
7 2772 2784 2826 2931 3099 2948 2831 
6 2590 2612 2649 2751 2840 2669 
6 2814 2850 2751 2649 2721 2720 
5 2612 2592 2720 2721 2649 
6 2386 2354 2335 2355 2527 2501 
5 2501 2527 2681 2567 2538 
7 2354 2386 2501 2538 2567 2592 2455 
6 2290 2216 2343 2418 2436 2438 
5 2216 2354 2455 2418 2343 
7 2455 2469 2514 2484 2438 2436 2418 
7 2469 2455 2592 2612 2590 2484 2514 
6 2749 2624 2578 2606 2789 2958 
8 2606 2580 2552 2642 2762 2735 2795 2789 
7 2552 2580 2606 2578 2502 2433 2447 
5 2639 2669 2840 2762 2642 
7 2438 2484 2590 2669 2639 2579 2460 
5 2642 2552 2460 2579 2639 
6 2976 2979 3114 3140 3089 2958 
6 2762 2840 2979 2976 2832 2735 
6 2795 2735 2832 2976 2958 2789 
5 2968 2871 2751 2902 3029 
8 2840 2751 2871 2968 3029 3220 3114 2979 
6 3053 2948 3099 3344 3220 3029 
6 2850 2948 3053 3029 2902 2751 
6 3235 3302 3319 3400 3338 3296 
6 3176 3004 3023 3235 3296 3307 
6 3099 2931 3004 3176 3307 3344 
7 3307 3296 3338 3400 3502 3534 3464 
8 3534 3832 3846 3634 3344 3469 3483 3464 
5 3344 3307 3464 3483 3469 
6 2820 2660 2634 2809 3127 2915 
5 3008 3081 3302 3235 3023 
6 2820 2915 3127 3302 3081 3008 
6 2527 2660 2820 2895 2729 2681 
6 2681 2729 2848 2854 2826 2784 
7 2895 2940 2931 2826 2854 2848 2729 
7 3008 3023 3004 2931 2940 2895 2820 
5 3580 3624 3814 3833 3665 
5 3619 3508 3580 3665 3755 
7 3778 3745 3619 3755 3665 3833 3877 
8 3851 3778 3877 3957 3991 4176 4148 4067 
7 3833 3814 3992 3972 3991 3957 3877 
6 3991 3972 3992 4079 4253 4176 
6 3611 3619 3745 3778 3792 3732 
7 3619 3611 3601 3502 3400 3319 3508 
6 3611 3732 3596 3534 3502 3601 
6 3876 3868 3851 4067 3939 3935 
8 3935 3939 4067 4090 3846 3832 3816 3876 
5 3792 3778 3851 3868 3732 
7 3534 3596 3732 3868 3876 3816 3832 
6 3141 3259 3288 3254 3219 3149 
7 3116 3219 3254 3319 3302 3127 2809 
6 2957 3149 3219 3116 2809 2851 
8 3490 3540 3624 3580 3508 3468 3497 3377 
6 3254 3288 3382 3468 3508 3319 
7 3259 3490 3377 3497 3468 3382 3288 
7 2480 2630 2698 2859 2704 2723 2526 
5 3149 2957 2818 3057 3141 
6 2723 2704 2859 2837 3057 2818 
6 2752 2682 2776 2818 2957 2851 
7 2682 2752 2851 2809 2688 2671 2494 
7 2718 2709 2773 2723 2818 2776 2682 
8 2396 2526 2723 2773 2709 2718 2682 2494 
7 2035 1904 1959 2085 2209 2208 2099 
7 2209 2297 2480 2526 2396 2255 2208 
6 2144 2035 2099 2208 2255 2098 
7 1940 1904 2035 2144 2098 2053 2076 
4 2151 2396 2494 2176 
7 2098 2255 2396 2151 2176 2076 2053 
5 2527 2504 2547 2634 2660 
7 2494 2671 2688 2809 2634 2547 2466 
7 2419 2176 2494 2466 2547 2504 2370 
6 1855 1957 2050 2232 2135 2052 
7 2135 2232 2370 2504 2177 2106 2052 
7 1957 1940 2076 2176 2112 2077 2050 
7 2112 2176 2419 2370 2232 2050 2077 
6 2410 2437 2591 2565 2528 2258 
6 2317 2140 2215 2316 2437 2410 
4 2140 2317 2410 2258 
7 2046 2009 2086 2164 2215 2140 2092 
7 2316 2356 2339 2382 2472 2591 2437 
7 2164 2086 2220 2339 2356 2316 2215 
5 2528 2565 2636 2870 2687 
7 1894 2009 2046 1851 1807 1896 1782 
7 1807 1851 1732 1616 1707 1782 1896 
6 2067 1742 1753 2049 2140 2258 
6 1851 2046 2092 2140 2049 1753 
7 1612 1732 1686 1753 1742 1610 1622 
4 1732 1851 1753 1686 
9 1915 1985 2136 2115 2103 2220 2086 2009 1894 
7 1933 2045 2074 2199 2013 1985 1915 
8 2220 2103 2115 2136 1985 2013 2199 2237 
5 2264 2402 2328 2277 2292 
7 2292 2277 2328 2394 2291 2199 2074 
6 2199 2291 2394 2339 2220 2237 
5 2622 2610 2665 2817 2779 
6 2394 2525 2610 2622 2468 2339 
7 2525 2394 2328 2402 2518 2665 2610 
6 2759 2779 2994 2941 2870 2653 
7 2468 2622 2779 2759 2653 2625 2607 
6 2382 2339 2468 2607 2591 2472 
7 2591 2607 2625 2653 2870 2636 2565 
4 1884 1821 1653 1611 
6 1553 1496 1562 1465 1372 1611 
5 1653 1562 1496 1553 1611 
6 1653 1821 1922 1831 1693 1829 
7 1562 1537 1606 1585 1538 1399 1465 
7 1562 1653 1829 1693 1585 1606 1537 
7 1627 1618 1538 1585 1693 1831 1772 
8 1772 1831 1905 2111 2118 1845 1780 1719 
6 1705 1618 1627 1772 1719 1780 
7 1393 1342 1477 1507 1463 1474 1422 
7 1342 1399 1538 1618 1525 1507 1477 
6 1639 1507 1525 1618 1705 1780 
6 1463 1507 1639 1780 1811 1712 
7 1463 1692 1679 1752 1711 1559 1474 
5 1513 1559 1711 1689 1529 
6 1711 1752 1806 1756 1529 1689 
8 1891 1756 1806 1923 2045 1933 1915 1894 
6 1707 1616 1529 1747 1894 1782 
5 1747 1529 1756 1891 1894 
7 1780 1845 2118 2121 1979 1954 1811 
8 1999 1954 1979 1990 2043 2074 2045 1967 
7 1979 2121 2264 2292 2074 2043 1990 
4 1679 1692 1783 1752 
7 1463 1712 1811 1954 1797 1783 1692 
7 1783 1797 1954 1999 1967 1886 1752 
6 1886 1967 2045 1923 1806 1752 
6 3245 3128 3197 3281 3378 3396 
7 3210 3016 2993 3361 3281 3197 3128 
7 2858 2810 2993 3016 3210 3128 2886 
8 3364 3274 3113 3252 3245 3396 3393 3405 
7 3096 3005 3113 2921 2886 3128 3245 
5 3005 3096 3245 3252 3113 
6 3281 3390 3398 3448 3396 3378 
5 3281 3361 3494 3419 3390 
8 3398 3390 3419 3494 3510 3535 3677 3448 
6 3677 3746 3708 3526 3499 3448 
7 3393 3396 3448 3499 3506 3364 3405 
9 3423 3313 3341 3506 3499 3526 3607 3528 3557 
5 3364 3506 3341 3313 3274 
5 3557 3528 3414 3353 3423 
7 3353 3414 3528 3339 3309 3275 3232 
7 3173 3105 3232 3275 3309 3222 3231 
7 3044 2994 2779 2817 3093 3209 3207 
7 3105 3173 3231 3222 3093 2817 2889 
6 3209 3093 3222 3309 3297 3207 
8 2750 2754 2913 3088 3232 3105 2889 2801 
6 2754 2876 3025 3018 2967 2913 
7 3025 3095 3232 3088 2913 2967 3018 
7 2876 2774 2921 2912 3132 3079 3025 
6 2912 2921 3113 3274 3313 3132 
6 3025 3079 3132 3256 3232 3095 
6 3353 3232 3256 3132 3313 3423 
5 2028 1821 1884 2100 2207 
6 2096 2091 2187 2207 2411 2280 
7 2187 2091 2096 1922 1821 2028 2207 
8 2321 2280 2411 2482 2524 2416 2427 2399 
6 2254 2207 2100 2497 2442 2330 
6 2207 2254 2330 2442 2482 2411 
7 2337 2401 2402 2264 2283 2293 2223 
7 2118 2111 2219 2223 2293 2186 2121 
5 2293 2283 2264 2121 2186 
7 1831 1922 2096 2061 2075 2111 1905 
6 2096 2280 2321 2122 2075 2061 
7 2075 2122 2321 2399 2357 2337 2227 
6 2111 2075 2227 2337 2223 2219 
7 2401 2550 2662 2643 2523 2518 2402 
7 2782 2672 2550 2664 2774 2876 2754 
7 2662 2550 2672 2782 2754 2750 2643 
6 2750 2801 2889 2817 2800 2775 
7 2665 2518 2523 2643 2750 2775 2629 
5 2629 2775 2800 2817 2665 
6 2442 2497 2810 2532 2524 2482 
7 2810 2858 2886 2921 2722 2780 2532 
6 2524 2532 2780 2722 2693 2543 
5 2774 2678 2693 2722 2921 
7 2664 2550 2594 2543 2693 2678 2774 
6 2427 2416 2524 2543 2594 2495 
8 2337 2357 2399 2427 2495 2594 2550 2401 
7 540 492 420 256 388 382 568 
7 467 420 492 509 561 471 521 
6 492 540 703 654 561 509 
6 340 373 491 553 487 434 
6 471 347 256 420 467 521 
7 654 491 373 340 347 471 561 
8 223 135 229 347 340 209 17 16 
6 229 178 14 225 256 347 
6 14 178 229 135 223 16 
6 238 493 237 239 13 11 
6 237 493 382 327 289 239 
7 297 225 14 13 239 289 327 
6 382 388 256 225 297 327 
7 250 332 532 550 346 220 193 
6 210 21 20 198 332 250 
5 21 210 250 193 23 
4 24 221 280 27 
6 24 23 193 220 255 221 
5 255 220 346 280 221 
8 551 685 906 663 617 686 550 532 
7 516 506 706 685 551 532 332 
6 332 357 403 477 506 516 
6 281 340 434 487 403 262 
7 18 17 209 340 281 262 148 
5 251 20 18 148 262 
7 198 20 251 262 403 357 332 
7 1109 1046 902 881 848 980 1077 
7 881 902 1046 1102 906 876 848 
6 706 980 848 876 906 685 
7 403 487 553 733 749 684 518 
8 477 403 518 684 749 843 544 506 
6 506 544 843 1077 980 706 
5 733 553 491 654 872 
8 914 1113 1329 1335 1248 1265 1004 1116 
6 703 914 1116 1004 872 654 
5 854 977 1156 1077 843 
6 1109 1077 1156 1258 1380 1251 
6 898 1004 1265 1156 977 854 
7 749 733 872 1004 898 854 843 
6 1046 1220 1235 1121 906 1102 
7 1235 1220 1413 1700 1674 1656 1434 
7 1154 906 1121 1235 1434 1446 1309 
7 1156 1265 1268 1421 1502 1380 1258 
7 1415 1251 1380 1502 1700 1413 1437 
7 1046 1109 1251 1415 1437 1413 1220 
8 1612 1622 1610 1429 1336 1378 1248 1335 
7 1421 1268 1265 1376 1610 1716 1502 
7 1376 1265 1248 1378 1336 1429 1610 
6 1610 1742 1833 1813 1798 1716 
7 1742 2067 2015 1983 1817 1813 1833 
4 1817 1983 1862 1805 
8 1700 1502 1716 1798 1813 1817 1805 1723 
6 1044 1153 1161 1250 1209 1058 
5 1393 1422 1345 1209 1250 
6 1345 1422 1474 1559 1390 1209 
5 816 728 969 1058 1032 
7 1052 940 1161 1153 1044 1058 969 
6 969 728 767 864 940 1052 
6 1390 1559 1513 1529 1454 1436 
7 1454 1529 1616 1732 1612 1335 1369 
7 1329 1222 1302 1436 1454 1369 1335 
8 1209 1294 1260 1285 1302 1252 1207 1058 
7 1294 1209 1390 1436 1302 1285 1260 
6 1058 1207 1252 1163 1078 1032 
7 1113 1078 1163 1252 1302 1222 1329 
7 361 433 609 303 10 9 213 
7 476 433 361 213 173 7 6 
4 7 173 213 9 
4 11 10 303 238 
7 639 493 605 767 728 816 707 
6 609 767 605 493 238 303 
5 703 780 839 903 914 
6 1032 1078 954 903 839 816 
5 903 954 1078 1113 914 
5 540 568 660 780 703 
5 493 670 660 568 382 
5 660 670 816 839 780 
5 639 707 816 670 493 
6 1145 1165 1286 1159 1027 1011 
7 1027 1159 1182 1340 1198 1050 1079 
4 1182 1159 1286 1340 
5 1165 1145 1275 1292 1286 
6 1275 1372 1465 1348 1332 1292 
7 1332 1348 1465 1399 1340 1286 1292 
7 1254 1050 1198 1340 1399 1342 1244 
7 995 1050 1254 1244 1231 1161 940 
6 1231 1244 1342 1393 1250 1161 
5 883 931 863 868 841 
6 785 675 883 841 868 863 
7 863 931 1027 1079 1050 995 919 
6 1011 1027 931 883 675 784 
8 476 6 5 253 548 482 481 433 
7 482 548 710 633 529 511 481 
6 511 529 633 609 433 481 
4 785 863 919 710 
7 633 710 919 995 940 864 773 
5 633 773 864 767 609 
5 0 236 325 293 3 
7 325 236 563 523 508 421 293 
5 523 563 784 675 508 
6 548 590 629 645 623 710 
7 590 675 785 710 623 645 629 
7 293 421 508 675 590 548 253 
4 3 293 253 5 
6 3893 3937 4135 4192 3973 3989 
7 3857 3893 3989 3973 4000 4023 4081 
6 3973 4192 4256 4095 4023 4000 
6 3697 3685 3535 3510 3937 3893 
5 3806 3708 3746 3770 3857 
8 3677 3535 3685 3697 3893 3857 3770 3746 
5 3526 3708 3806 3811 3827 
6 3827 3925 3879 3791 3682 3526 
7 3734 3607 3526 3682 3791 3879 3805 
6 3905 3811 3806 3857 4081 4089 
6 3925 3827 3811 3905 4089 4024 
7 4325 4256 4389 4398 4496 4513 4382 
8 4095 4256 4325 4173 4024 4089 4081 4023 
7 4246 4259 4287 4561 4427 4235 4104 
8 4561 4287 4259 4188 4294 4382 4513 4584 
7 4188 4170 4117 4173 4325 4382 4294 
6 4545 4520 4427 4561 4584 4573 
7 4399 4235 4427 4520 4545 4440 4402 
7 4440 4545 4714 4632 4499 4399 4402 
7 4017 4031 3987 4100 4115 4246 4104 
6 3925 3987 4031 3930 3805 3879 
7 3805 3930 4031 4017 4104 3891 3922 
7 4156 4134 4170 4188 4259 4246 4115 
7 4100 3987 4060 4170 4134 4156 4115 
6 4024 4173 4117 4037 3987 3925 
5 3987 4037 4117 4170 4060 
8 4304 4337 4504 4366 4357 4249 4239 4168 
5 4366 4504 4593 4651 4577 
8 4337 4304 4414 4662 4763 4651 4593 4504 
6 4499 4632 4702 4662 4414 4383 
6 4235 4177 4168 4091 4142 4104 
8 4168 4177 4235 4399 4499 4383 4414 4304 
6 4143 4039 4106 4168 4239 4249 
8 4221 4249 4357 4366 4577 4322 4238 4144 
5 4143 4249 4221 4144 4150 
6 3897 3940 3963 4013 3993 3889 
7 4013 3963 4039 4143 4150 4144 3993 
7 4066 4168 4106 4039 4006 4050 4042 
7 3940 3926 4042 4050 4006 4039 3963 
5 3710 3913 3777 3642 3657 
7 3734 3808 3887 3871 3891 3913 3710 
7 3808 3734 3805 3922 3891 3871 3887 
6 3528 3607 3734 3710 3657 3610 
7 3493 3528 3610 3657 3642 3612 3454 
7 3297 3309 3339 3528 3493 3454 3207 
6 3642 3777 3913 3948 3841 3737 
6 3891 4104 4142 4091 3948 3913 
7 4042 3926 3841 3948 4091 4168 4066 
6 3772 3782 3737 3841 3926 3940 
6 3780 3772 3940 3897 3889 3802 
8 3747 3737 3782 3772 3780 3802 3701 3649 
6 3649 3454 3612 3642 3737 3747 
4 3201 3178 3233 3268 
6 3233 3178 3054 3208 3454 3268 
6 2994 3044 3207 3454 3208 3054 
6 3073 3054 3178 3201 3268 3139 
7 2941 2994 3054 3073 3139 3020 2870 
6 3001 2972 2822 2870 3020 3139 
6 2689 2528 2687 2870 2822 2711 
6 2659 2689 2711 2771 2753 2667 
7 2509 2454 2258 2528 2689 2659 2667 
7 2771 2711 2914 2991 3055 3052 2753 
5 2711 2822 2972 2991 2914 
7 3055 2991 2972 3001 3139 3179 3216 
6 3179 3139 3268 3312 3326 3216 
7 3802 3889 3993 3942 3956 3869 3787 
8 3899 3678 3761 3869 3956 4119 3914 3850 
9 3589 3649 3701 3802 3787 3869 3761 3678 3566 
6 3986 3942 3993 4144 4238 4129 
7 3942 3986 4129 4133 4071 3996 3956 
6 4071 4133 4208 4119 3956 3996 
6 3514 3268 3454 3649 3589 3566 
7 3444 3198 3216 3326 3427 3566 3678 
6 3326 3312 3268 3514 3566 3427 
5 3216 3198 3085 3052 3055 
6 3678 3899 3850 3627 3583 3444 
6 3085 3198 3444 3583 3504 3310 
5 3507 3310 3504 3583 3627 
7 3978 3966 4047 4130 4223 4132 4108 
8 4047 3966 3978 3960 3850 3914 4119 4130 
5 3936 3960 3978 4108 4036 
4 4108 4132 4223 4203 
5 4108 4203 4381 4416 4193 
6 4108 4193 4416 4197 4065 4036 
6 4186 4130 4119 4208 4314 4324 
6 4324 4314 4260 4322 4377 4425 
7 4133 4129 4238 4322 4260 4314 4208 
6 4223 4130 4186 4324 4384 4264 
7 4324 4425 4515 4458 4374 4264 4384 
6 4264 4270 4390 4381 4203 4223 
6 4270 4264 4374 4458 4441 4390 
6 4733 4717 4807 4783 4872 4775 
6 4656 4636 4705 4775 4872 4896 
6 4705 4636 4458 4515 4733 4775 
7 4425 4377 4322 4577 4538 4733 4515 
7 4538 4577 4727 4754 4807 4717 4733 
5 4651 4763 4754 4727 4577 
8 4242 4197 4416 4438 4464 4486 4387 4355 
6 4441 4458 4636 4575 4432 4390 
8 4381 4390 4432 4575 4598 4464 4438 4416 
7 4708 4725 4800 4810 4726 4486 4464 
7 4598 4575 4698 4800 4725 4708 4464 
6 4575 4636 4656 4896 4718 4698 
6 4698 4718 4896 4903 4837 4800 
6 1867 1789 1656 1674 1700 1723 
6 1656 1789 1867 1835 2066 1751 
5 1835 1867 1989 1998 2066 
7 2066 2138 2166 2159 2168 1901 1751 
5 1867 1723 1934 2034 1938 
6 2034 2149 1998 1989 1867 1938 
7 1862 1983 2150 2034 1934 1723 1805 
6 2150 1983 2015 2017 2171 2329 
6 2034 2150 2329 2412 2273 2149 
4 2412 2329 2429 2490 
8 2196 2454 2509 2667 2490 2429 2329 2171 
5 2015 2060 2196 2171 2017 
6 2067 2258 2454 2196 2060 2015 
7 2412 2620 2584 2489 2475 2425 2273 
7 2395 2318 2367 2273 2425 2475 2489 
6 2248 2149 2273 2367 2318 2395 
6 2489 2584 2695 2632 2641 2613 
6 2490 2667 2753 2623 2620 2412 
5 2695 2584 2620 2623 2753 
6 2166 2138 2218 2371 2294 2159 
6 2149 2248 2300 2371 2218 2152 
6 2149 2152 2218 2138 2066 1998 
7 2300 2248 2395 2477 2413 2434 2371 
7 2477 2395 2489 2613 2604 2434 2413 
7 2371 2434 2604 2611 2389 2500 2294 
6 2168 2159 2294 2500 2389 2338 
6 2641 2632 2695 2807 2769 2739 
7 2604 2613 2641 2739 2769 2812 2748 
7 2604 2748 2812 2764 2679 2668 2611 
6 2707 2627 2668 2679 2764 2719 
8 2707 2719 2815 2824 3006 3027 2996 2834 
6 2764 2812 3006 2824 2815 2719 
5 2996 3027 3124 3126 3031 
6 3126 3124 3213 3264 3251 3206 
5 3015 3213 3124 3027 3006 
7 3052 3085 3310 3507 3332 3152 2974 
6 2995 2974 3152 3332 3213 3015 
6 2995 3015 3006 2812 2769 2807 
6 2695 2753 3052 2974 2995 2807 
7 2626 2816 2834 2996 3031 2884 2756 
8 2803 2756 2884 2806 2960 2984 3110 2919 
6 2923 2786 2803 2919 3110 2956 
9 2884 3031 3126 3206 3040 2965 2973 2960 2806 
8 3064 3230 3110 2984 2960 2973 2965 3040 
7 3064 3040 3206 3346 3248 3110 3230 
5 2540 2457 2539 2598 2628 
7 2628 2598 2626 2756 2803 2786 2740 
6 2540 2628 2740 2786 2596 2603 
5 2358 2338 2389 2450 2408 
7 2457 2358 2408 2450 2529 2598 2539 
7 2626 2598 2529 2581 2707 2834 2816 
8 2389 2611 2668 2627 2707 2581 2529 2450 
5 4471 4539 4626 4597 4407 
6 4539 4486 4726 4728 4927 4626 
7 4597 4626 4927 4833 4776 4793 4692 
5 4330 4471 4407 4222 4232 
7 4360 4234 4355 4387 4486 4539 4471 
6 4330 4232 4179 4234 4360 4471 
5 3790 3855 3985 4009 3861 
6 4036 3976 3985 3855 3865 3936 
6 3985 3976 4036 4065 4049 4009 
7 3622 3699 3790 3861 4001 3864 3821 
7 3861 4009 4087 4179 4232 4222 4001 
6 4234 4179 4087 4175 4242 4355 
7 4009 4049 4065 4197 4242 4175 4087 
7 3684 3654 3674 3730 3865 3855 3790 
7 3730 3674 3752 3850 3960 3936 3865 
5 3627 3850 3752 3674 3650 
6 3650 3674 3654 3536 3590 3627 
6 3213 3332 3385 3536 3459 3360 
6 3332 3507 3627 3590 3536 3385 
8 3206 3251 3403 3354 3622 3425 3248 3346 
6 3403 3251 3324 3368 3360 3459 
6 3213 3360 3368 3324 3251 3264 
6 3551 3622 3354 3403 3559 3600 
6 3600 3684 3790 3699 3622 3551 
6 3654 3684 3600 3559 3618 3536 
5 3536 3618 3559 3403 3459 
6 2956 3110 3123 3118 3036 2923 
6 3123 3166 3175 3165 3036 3118 
6 3175 3166 3261 3327 3242 3165 
5 3425 3622 3515 3476 3420 
7 3110 3248 3425 3420 3386 3237 3123 
7 3166 3123 3237 3386 3420 3476 3261 
6 3327 3261 3476 3577 3538 3242 
7 3691 3541 3637 3477 3538 3647 3741 
6 3577 3744 3911 3741 3647 3538 
7 3594 3515 3622 3821 3864 3829 3795 
6 3829 3864 4001 3967 4005 3795 
7 3744 3577 3720 3594 3795 4005 3911 
5 3577 3476 3515 3594 3720 
7 4469 4407 4597 4692 4793 4694 4529 
5 4469 4415 4334 4222 4407 
7 4386 4222 4334 4415 4469 4529 4467 
4 4350 4245 4385 4590 
7 4529 4694 4590 4424 4310 4386 4467 
5 4310 4424 4590 4385 4245 
6 3968 3911 4005 4070 4126 4088 
6 3867 3874 3691 3741 3911 3968 
7 3867 3968 4088 4105 3950 3980 3874 
7 4105 4088 4141 4202 4310 4245 4350 
7 4126 4070 4094 4096 4202 4141 4088 
7 4202 4096 4094 4136 4222 4386 4310 
7 4001 4222 4136 4094 4070 4005 3967 
6 7226 7344 7369 7209 7115 7100 
7 7344 7226 7100 7169 7248 7282 7317 
6 7248 7169 7147 7370 7317 7282 
7 7066 7036 7100 7115 7209 7207 7192 
6 7231 7192 7207 7335 7439 7414 
6 7207 7209 7369 7480 7439 7335 
7 7602 7595 7629 7834 7671 7704 7682 
7 7736 7747 7936 7904 7946 7834 7629 
7 7622 7370 7543 7747 7736 7629 7595 
5 7561 7536 7602 7682 7668 
8 7480 7369 7465 7536 7561 7668 7623 7639 
7 7383 7317 7370 7622 7595 7602 7536 
6 7344 7317 7383 7536 7465 7369 
5 7037 6917 7063 7185 7091 
7 7370 7299 7321 7185 7402 7468 7543 
6 7185 7321 7299 7370 7147 7091 
5 7037 7091 7128 6994 7012 
7 6929 6900 6920 7012 6994 7128 7088 
8 7088 7128 7091 7147 7169 7100 7036 6929 
7 6690 6560 6688 6739 6900 6929 7036 
7 6743 6719 6773 6814 6920 6900 6739 
7 6599 6719 6743 6739 6688 6560 6474 
5 6773 6854 6908 6920 6814 
7 6854 6842 6917 7037 7012 6920 6908 
6 6599 6496 6619 6785 6792 6719 
7 6719 6792 6785 6917 6842 6854 6773 
7 8325 8302 8390 8459 8413 8455 8291 
7 8656 8736 8572 8455 8413 8643 8658 
6 8417 8658 8643 8413 8459 8390 
7 8230 8255 8400 8417 8390 8302 8325 
8 8015 7846 7834 7946 8108 8210 8255 8230 
5 7904 8074 8210 8108 7946 
6 8294 8355 8441 8319 8156 8095 
6 8071 8018 8128 8156 8319 8240 
5 8018 7981 8095 8156 8128 
7 8225 8230 8325 8291 8455 8385 8095 
7 8230 8225 8095 7981 7963 8045 8015 
6 8095 8385 8455 8426 8355 8294 
7 8355 8426 8455 8572 8909 8638 8441 
6 7963 7840 7851 7911 8015 8045 
8 7846 7833 7812 7668 7682 7704 7671 7834 
6 7812 7833 7846 8015 7911 7851 
7 7684 7840 7963 7867 7842 7737 7637 
6 7812 7851 7840 7684 7698 7668 
7 7623 7668 7698 7684 7637 7480 7639 
5 7829 7662 7751 8018 8071 
6 7591 7552 7630 7636 7662 7590 
7 7630 7743 7981 8018 7751 7662 7636 
6 7551 7439 7480 7637 7737 7718 
7 7718 7737 7842 7867 7963 7981 7743 
5 7579 7551 7718 7743 7630 
7 7439 7551 7579 7630 7552 7591 7414 
7 7286 7150 7167 7195 7432 7509 7405 
6 7195 7068 7178 7345 7462 7432 
6 7111 6921 7068 7195 7167 7097 
5 7221 7386 7450 7345 7178 
6 7450 7518 7645 7571 7486 7345 
6 7345 7486 7571 7509 7432 7462 
7 7001 7097 7167 7150 7286 7205 7201 
7 6913 6941 7001 7201 7205 6942 6858 
7 6858 6942 7205 7185 7063 6917 6785 
7 6921 7111 7097 7001 6941 6825 6846 
6 6785 6803 6825 6941 6913 6858 
7 6619 6738 6570 6846 6825 6803 6785 
5 6496 6521 6570 6738 6619 
5 7825 7977 7891 7785 7729 
7 8042 7785 7891 7977 8002 8212 8184 
7 7936 7747 7785 8042 8057 8074 7904 
5 8042 8184 8163 8138 8057 
7 8418 8395 8400 8255 8210 8277 8163 
6 8074 8057 8138 8163 8277 8210 
4 7764 7825 7729 7609 
6 7609 7509 7571 7645 7773 7764 
6 7764 7773 7897 7933 7977 7825 
5 7543 7588 7729 7785 7747 
7 7461 7463 7609 7729 7588 7543 7468 
7 7257 7205 7286 7405 7509 7609 7463 
7 7402 7185 7205 7257 7463 7461 7468 
5 8201 8278 8280 8145 8104 
6 7889 7874 8201 8104 8030 7970 
7 8030 8104 8145 8114 8055 7865 7970 
6 8434 8419 8415 8478 8513 8534 
6 7874 7910 8177 8110 8278 8201 
7 8110 8415 8419 8434 8404 8280 8278 
6 7518 7529 7691 7865 7773 7645 
6 7529 7585 7769 7786 7675 7691 
6 7691 7675 7786 7769 7970 7865 
6 7655 7494 7653 7707 7910 7874 
6 7655 7874 7889 7970 7769 7585 
6 7386 7221 7199 7494 7655 7562 
7 7386 7562 7655 7585 7529 7518 7450 
6 8215 8185 8247 8347 8352 8173 
8 7933 8043 8185 8215 8173 8149 8002 7977 
8 8212 8002 8149 8173 8352 8258 8163 8184 
6 8258 8352 8408 8546 8418 8163 
8 8352 8442 8636 8676 8836 8677 8546 8408 
6 8347 8454 8569 8636 8442 8352 
6 7773 7865 7918 8043 7933 7897 
8 8055 8114 8145 8207 7976 8043 7918 7865 
5 8185 8043 7976 8207 8247 
5 8428 8454 8347 8247 8207 
7 8145 8388 8491 8569 8454 8428 8207 
6 8457 8388 8145 8280 8404 8434 
6 8457 8434 8534 8527 8491 8388 
6 4927 4728 4904 5000 5088 5060 
6 5257 5383 5446 5214 5250 5201 
5 5088 5000 5201 5250 5214 
5 4728 4726 4810 4909 4904 
4 4909 5018 5000 4904 
7 5018 4909 5022 5282 5257 5201 5000 
6 5307 5079 4903 4896 5102 5334 
7 4810 4800 4837 4903 5079 5127 4983 
7 4810 4983 5127 5210 5282 5022 4909 
6 5282 5367 5405 5432 5383 5257 
5 5367 5465 5561 5432 5405 
5 5127 5290 5367 5282 5210 
8 5290 5127 5079 5307 5452 5448 5465 5367 
6 4776 4833 4927 5060 4990 4920 
7 5073 5060 5088 5214 5223 5061 5103 
7 4978 4920 4990 5060 5073 5103 5061 
7 4972 4978 5061 5223 5085 5094 5011 
5 5269 5327 5205 5085 5223 
5 5094 5085 5205 5327 5187 
7 5446 5383 5432 5724 5731 5736 5675 
6 5399 5446 5675 5554 5636 5582 
6 5554 5675 5736 5721 5582 5636 
7 5399 5582 5678 5594 5698 5540 5467 
6 5782 5698 5594 5678 5582 5721 
7 5269 5223 5214 5446 5399 5467 5327 
6 5435 5418 5187 5327 5467 5540 
7 4972 5011 5094 5187 5082 5097 4985 
6 4998 4985 5097 5082 5152 5062 
7 5009 4998 5062 5152 5426 5169 5113 
7 5418 5435 5540 5544 5365 5320 5187 
5 5082 5187 5320 5359 5152 
7 5426 5152 5359 5320 5365 5544 5591 
6 4866 4750 4694 4817 4985 4998 
6 4920 4851 4817 4694 4793 4776 
6 4978 4972 4985 4817 4851 4920 
6 4690 4590 4694 4750 4734 4681 
7 4590 4690 4681 4734 4724 4697 4677 
7 4734 4750 4866 4789 4677 4697 4724 
6 4677 4789 4866 4998 5009 4916 
7 5078 5253 5406 5491 5110 4973 5014 
7 5078 5034 5106 5155 5396 5406 5253 
7 5034 4916 5009 5113 5064 5155 5106 
4 4937 5034 5078 5014 
7 4815 4916 5034 4937 4902 4821 4855 
6 4902 4937 5014 4973 4917 4821 
5 5064 5113 5169 5228 5155 
7 5778 5406 5396 5447 5503 5734 5861 
7 5228 5169 5426 5503 5447 5396 5155 
7 5663 5698 5782 5961 5848 5734 5637 
5 5734 5848 5961 6079 5861 
6 5540 5698 5663 5637 5591 5544 
5 5426 5591 5637 5734 5503 
5 6369 6345 6253 6060 6162 
4 6369 6419 6474 6345 
4 6474 6419 6496 6599 
7 6277 6239 6274 6521 6496 6419 6369 
6 6219 6277 6369 6162 6167 6120 
6 6190 6274 6239 6277 6219 6120 
5 5978 6167 6162 6060 6001 
8 5944 5733 5946 6085 6190 6120 6167 6000 
9 5757 5755 5944 6000 6167 5978 6001 5970 5717 
6 5564 5717 5970 5712 5561 5465 
8 5455 5548 5564 5465 5448 5452 5307 5334 
7 5395 5489 5733 5549 5548 5455 5334 
8 5548 5549 5733 5944 5755 5757 5717 5564 
7 5761 5561 5712 5970 6001 5945 5819 
6 5988 5819 5945 6001 6060 6057 
8 5809 5780 5819 5988 6057 5948 5877 5829 
6 5731 5724 5776 5809 5829 5736 
7 5710 5561 5761 5819 5780 5809 5776 
5 5561 5710 5776 5724 5432 
7 5721 5736 5829 5877 5948 6029 5893 
7 6143 5966 5893 6029 6046 6044 6002 
6 5721 5893 5966 6143 5955 5782 
7 6046 6199 6362 6421 6469 6462 6250 
7 6002 6044 6046 6250 6462 6392 6143 
7 6057 6060 6253 6382 6421 6362 6199 
5 5948 6057 6199 6046 6029 
6 7591 7590 7662 7589 7396 7457 
5 7182 7231 7414 7360 7233 
6 7396 7233 7360 7414 7591 7457 
6 7074 7182 7233 7158 7155 7095 
4 6950 6926 7122 7193 
8 6926 7095 7155 7158 7233 7396 7193 7122 
5 6626 6648 6835 6740 6665 
8 6895 6890 7074 7095 6926 6860 6740 6835 
5 6665 6740 6860 6926 6950 
6 7074 6890 6895 6835 6887 6952 
5 7074 6952 7042 7174 7182 
6 7174 7042 7066 7192 7231 7182 
7 6777 7036 7066 7042 6952 6887 6835 
7 6601 6531 6672 6694 6777 6835 6648 
9 6253 6345 6474 6560 6536 6462 6469 6421 6382 
8 6560 6690 7036 6777 6694 6672 6531 6536 
6 6454 6392 6462 6536 6531 6515 
5 6480 6544 6648 6626 6472 
7 6544 6480 6454 6515 6531 6601 6648 
5 5782 5955 6143 6043 5961 
7 6143 6392 6214 6336 6156 6180 6043 
5 5961 6043 6180 6156 6079 
8 6354 6353 6401 6472 6626 6665 6595 6449 
8 6156 6336 6405 6480 6472 6401 6353 6354 
6 6214 6392 6454 6368 6405 6336 
4 6368 6454 6480 6405 
6 7816 7766 7866 8006 7943 7960 
6 7766 7678 7735 7783 7807 7866 
7 7783 7735 7949 8047 8006 7866 7807 
6 7649 7451 7620 7665 7735 7678 
8 7727 7714 7740 7731 7949 7735 7665 7620 
6 7620 7615 7689 7740 7714 7727 
5 7107 7230 7323 7186 7069 
5 7230 7176 7350 7343 7323 
7 7350 7384 7389 7376 7186 7323 7343 
7 7384 7430 7438 7484 7451 7376 7389 
7 7484 7438 7430 7535 7615 7620 7451 
7 7530 7519 7753 7717 7740 7689 7615 
6 7384 7519 7530 7615 7535 7430 
7 8396 8172 7952 8682 8602 8613 8574 
7 8411 8345 8274 8396 8574 8613 8379 
5 8274 8345 8411 8379 8251 
8 7740 7717 7753 7952 8010 8196 7949 7731 
6 8196 8010 8197 8274 8251 8051 
6 8010 7952 8172 8396 8274 8197 
7 8047 7949 8196 8051 8251 8229 8006 
7 8424 8379 8613 8691 8552 8446 8317 
5 8251 8379 8424 8317 8229 
6 8219 8317 8446 8285 8064 8122 
6 8217 8229 8317 8219 8122 8141 
7 7943 8006 8229 8217 8141 8008 7960 
5 8008 8141 8122 8064 7960 
5 7837 7839 7893 7994 7878 
6 7960 8064 7935 7893 7839 7816 
6 7935 8064 8285 8234 7994 7893 
7 7749 7795 7878 7910 7707 7810 7710 
5 7994 8234 8264 8208 8193 
8 8177 7910 7878 7994 8193 8208 8415 8110 
7 7132 7224 7434 7316 7391 7312 7171 
7 7434 7472 7495 7657 7569 7391 7316 
7 7569 7657 7837 7878 7795 7749 7710 
6 7494 7199 7312 7391 7416 7400 
6 7416 7391 7569 7558 7534 7400 
7 7611 7534 7558 7569 7710 7810 7707 
6 7534 7611 7707 7653 7494 7400 
8 7437 7511 7541 7495 7472 7434 7459 7436 
5 7511 7504 7624 7625 7541 
7 7625 7624 7741 7767 7657 7495 7541 
5 7657 7767 7789 7839 7837 
7 7741 7708 7766 7816 7839 7789 7767 
7 7678 7766 7708 7741 7624 7504 7649 
9 7356 7421 7504 7511 7437 7436 7459 7434 7351 
7 7154 7145 7216 7421 7356 7351 7289 
6 7151 7154 7289 7351 7434 7224 
7 6996 6733 6969 7107 7069 7186 7099 
8 7145 6996 7099 7186 7275 7307 7398 7216 
6 7275 7186 7376 7451 7398 7307 
6 7421 7216 7398 7451 7649 7504 
7 6637 6635 6718 6776 6886 6843 6809 
6 6984 7221 7178 7068 6921 6816 
7 6843 6886 7199 7221 6984 6816 6809 
6 6654 6637 6809 6816 6921 6807 
6 6807 6921 6846 6790 6629 6654 
5 6846 6570 6568 6629 6790 
8 6898 7064 7132 7171 7312 7199 6961 7051 
6 6519 6550 6687 6741 6810 6624 
5 6741 6898 7051 6961 6810 
7 6635 6571 6624 6810 6817 6681 6718 
6 6464 6519 6624 6571 6428 6351 
5 6718 6681 6817 6886 6776 
5 6886 6817 6810 6961 7199 
6 6274 6190 6226 6318 6396 6521 
7 6318 6310 6338 6478 6568 6459 6396 
5 6396 6459 6568 6570 6521 
6 6107 6054 6198 6226 6190 6085 
4 6198 6310 6318 6226 
5 6014 6152 6310 6198 6054 
6 6400 6357 6152 6284 6346 6372 
7 6571 6635 6637 6510 6400 6372 6481 
6 6346 6351 6428 6571 6481 6372 
6 6510 6637 6654 6574 6487 6414 
6 6568 6478 6487 6574 6654 6629 
8 6367 6338 6310 6152 6357 6400 6510 6414 
5 6338 6367 6414 6487 6478 
4 5990 5967 6039 6016 
6 5990 6016 6039 6102 6086 6071 
6 6086 6102 6039 6514 6311 6071 
5 6222 6413 6490 6439 6273 
8 6222 6071 6311 6508 6528 6506 6484 6444 
7 6444 6484 6506 6528 6490 6413 6222 
7 6804 6798 6968 7089 7107 6969 6733 
6 6641 7125 7105 6968 6798 6891 
7 7125 7176 7230 7107 7089 6968 7105 
6 6891 6798 6658 6711 6607 6641 
6 6798 6804 6733 6528 6508 6658 
7 6508 6311 6514 6551 6607 6711 6658 
4 6551 6514 6641 6607 
6 6273 6439 6507 6612 6537 6427 
7 6507 6439 6622 6649 6632 6642 6612 
6 6642 6632 6649 6768 6781 6612 
7 6439 6490 6528 6733 6664 6649 6622 
6 6768 6930 7145 7045 6983 6781 
7 6664 6733 6996 7145 6930 6768 6649 
6 7048 7092 7151 7224 7132 7064 
8 7154 7151 7092 6973 6983 6997 7135 7145 
5 7045 7145 7135 6997 6983 
7 6767 6754 7048 7064 6898 6741 6687 
6 6550 6537 6600 6754 6767 6687 
6 6771 6973 7092 7048 6754 6600 
7 6600 6537 6612 6781 6983 6973 6771 
6 5840 5814 5933 5727 5610 5818 
6 5840 5818 5983 6160 5977 5925 
5 5840 5925 5977 5933 5814 
7 5577 5488 5610 5727 5933 5758 5638 
6 5900 5836 5685 5696 5742 5865 
7 5933 5977 5865 5742 5696 5638 5758 
6 4801 5005 5168 5069 4965 4852 
4 4995 4965 5069 5096 
6 4965 4995 5096 5193 5007 4852 
7 5376 5368 5392 5574 5818 5610 5488 
7 5466 5373 5469 5574 5392 5368 5315 
6 5168 5233 5376 5193 5096 5069 
7 5233 5168 5373 5466 5315 5368 5376 
6 4999 4870 4947 5133 5149 5163 
4 5004 4947 4870 4869 
7 5004 4869 5007 5128 5107 5133 4947 
5 4852 5007 4869 4778 4584 
7 4573 4584 4778 4869 4870 4799 4545 
7 4771 4714 4545 4799 4870 4999 4835 
4 5357 5260 5473 5522 
6 5133 5107 5128 5343 5216 5149 
7 5260 5163 5149 5216 5343 5393 5473 
6 5007 5193 5376 5224 5343 5128 
7 5488 5577 5451 5393 5343 5224 5376 
6 5581 5393 5451 5577 5638 5696 
6 5393 5581 5696 5685 5522 5473 
8 4552 4562 4654 4622 4530 4474 4480 4488 
4 4552 4488 4447 4429 
6 4361 4429 4447 4488 4480 4318 
4 4318 4192 4135 4361 
5 4389 4344 4480 4474 4398 
6 4318 4480 4344 4389 4256 4192 
7 4695 4767 4844 4970 5005 4801 4715 
7 4513 4496 4695 4715 4801 4852 4584 
6 4695 4496 4398 4474 4530 4622 
7 4952 5237 5129 4970 4844 4827 4857 
6 4769 4857 4827 4844 4767 4695 
5 4654 4562 5100 4952 4843 
7 4622 4654 4843 4952 4857 4769 4695 
5 4970 5129 5232 5168 5005 
7 5232 5129 5237 5318 5436 5469 5302 
5 5168 5232 5302 5469 5373 
5 4952 5100 5382 5285 5237 
5 5237 5285 5456 5436 5318 
8 5456 5285 5382 5629 5646 5592 5469 5436 
4 5646 5629 5382 5772 
6 5469 5592 5646 5760 5718 5578 
7 5718 5760 5738 5818 5574 5469 5578 
6 6071 5894 5940 5772 5967 5990 
6 5760 5646 5772 5940 5894 5738 
6 5738 5894 6071 6141 5983 5818 
7 6222 6273 6187 6160 5983 6141 6071 
7 6033 5924 6213 6351 6169 6137 6069 
5 6351 6346 6289 6243 6169 
7 6152 6137 6169 6243 6289 6346 6284 
8 5654 5626 5919 5924 6033 6069 6137 5941 
7 5671 5847 5864 5870 5924 5919 5626 
5 5671 5771 5870 5864 5847 
5 5654 5941 5759 5694 5606 
5 5617 5694 5759 5791 5764 
7 5510 5606 5694 5617 5764 5489 5519 
7 5489 5764 5934 6107 6085 5946 5733 
6 5934 5764 5791 5871 6054 6107 
6 5759 5947 6014 6054 5871 5791 
6 5941 6137 6152 6014 5947 5759 
5 6104 6080 6235 6328 6287 
6 5875 6104 6287 6213 5924 5870 
7 5870 5771 5671 5532 5685 5836 5875 
5 6235 6316 6550 6519 6437 
6 6464 6351 6213 6287 6328 6402 
6 6328 6235 6437 6519 6464 6402 
6 6315 6296 6427 6537 6550 6316 
7 6427 6296 6189 5977 6160 6187 6273 
7 5977 6189 6296 6315 6316 6264 6098 
5 6235 6112 6098 6264 6316 
6 6027 5992 6098 6112 6235 6080 
5 5977 6098 5992 5900 5865 
7 5875 5836 5900 5992 6027 6080 6104 
6 4872 4783 4807 4930 5023 4896 
7 5395 5334 5442 5381 5482 5519 5489 
7 5102 4896 5023 5147 5381 5442 5334 
5 5194 5174 5332 5381 5147 
7 5134 5183 5246 5174 5194 5089 4997 
6 4930 4997 5089 5194 5147 5023 
8 4991 5025 5037 5175 5066 5111 5134 5030 
7 5134 4997 4930 4807 4754 4938 5030 
6 4763 4830 4991 5030 4938 4754 
7 4632 4714 4746 4752 4763 4662 4702 
5 4752 4746 4797 4830 4763 
6 5025 4835 4999 5163 5175 5037 
8 4746 4714 4771 4835 5025 4991 4830 4797 
6 5522 5685 5532 5552 5389 5357 
6 5175 5163 5260 5357 5389 5229 
7 5066 5175 5229 5389 5552 5377 5278 
7 5111 5066 5278 5377 5239 5238 5134 
6 5468 5377 5552 5532 5671 5626 
5 5239 5377 5468 5321 5238 
7 5134 5238 5321 5468 5372 5246 5183 
6 5332 5174 5246 5372 5437 5371 
7 5332 5371 5437 5445 5519 5482 5381 
5 5626 5654 5525 5461 5468 
6 5437 5372 5468 5461 5525 5492 
5 5606 5527 5492 5525 5654 
7 5437 5492 5527 5606 5510 5519 5445 
7 6036 6028 6023 6201 6323 6164 6078 
5 5899 5821 5921 6028 6036 
6 5921 5821 5778 5866 6023 6028 
6 6075 6064 6164 6271 6170 6049 
7 5994 5810 5899 6036 6078 6164 6064 
6 5994 6064 6075 6049 5996 5810 
6 5866 5778 5861 6079 5959 6023 
8 6159 5959 6079 6156 6231 6228 6240 6197 
5 5959 6159 6197 6201 6023 
6 6197 6240 6422 6324 6260 6201 
6 6260 6324 6445 6491 6323 6201 
7 6228 6231 6156 6354 6449 6359 6240 
6 6359 6449 6445 6324 6422 6240 
6 5138 5110 5491 5524 5388 5277 
5 5319 5160 5138 5277 5388 
5 5464 5284 5160 5319 5388 
6 5388 5524 5593 5658 5645 5464 
7 5514 5464 5645 5661 5786 5579 5601 
6 5579 5431 5284 5464 5514 5601 
7 5778 5821 5899 5810 5672 5673 5766 
6 5491 5406 5583 5673 5672 5524 
5 5766 5673 5583 5406 5778 
5 5661 5645 5658 5801 5786 
7 5828 5810 5996 6049 5849 5786 5801 
6 5672 5725 5801 5658 5593 5524 
5 5725 5672 5810 5828 5801 
7 6621 6652 6797 6822 6836 6865 6714 
6 6631 6665 6950 6904 6828 6709 
7 6585 6631 6709 6828 6826 6797 6652 
6 6595 6665 6631 6491 6445 6449 
6 6323 6529 6567 6652 6621 6513 
7 6567 6529 6323 6491 6631 6585 6652 
6 7124 7198 7114 6836 6822 6986 
7 6797 6826 6828 6989 6964 6986 6822 
7 6964 6989 6828 6904 7043 7124 6986 
5 7396 7589 7499 7442 7427 
6 7193 7396 7427 7442 7268 7334 
6 6950 7193 7334 7268 7043 6904 
7 7198 7124 7043 7268 7442 7422 7223 
6 6443 6164 6323 6513 6621 6504 
5 6504 6575 6404 6420 6443 
5 6271 6164 6443 6420 6404 
6 6575 6504 6621 6714 6646 6689 
6 6852 6839 6689 6646 6765 6874 
5 6765 6646 6714 6865 6874 
8 7223 7422 7302 7298 7254 7272 7114 7198 
6 7538 7352 7254 7298 7302 7410 
5 7422 7497 7538 7410 7302 
7 6865 6836 7114 7090 6954 6852 6874 
6 6954 7090 7225 7072 6839 6852 
6 7114 7272 7254 7352 7247 7090 
5 7247 7352 7279 7225 7090 
5 6188 6127 6249 6288 6452 
8 6084 6109 6127 6188 6129 6103 5973 5971 
9 6127 6109 6084 5971 6020 6111 5907 6113 6249 
7 5431 5579 5786 5969 5873 5639 5580 
7 5971 5876 5639 5873 5936 5951 6020 
8 5936 5873 5969 6113 5907 6111 6020 5951 
10 6341 6302 6249 6297 6314 6500 6517 6606 6549 6447 
7 6288 6339 6363 6447 6549 6497 6452 
7 6363 6339 6288 6249 6302 6341 6447 
7 5786 5849 6049 6194 6145 5953 5969 
7 5953 6145 6314 6297 6249 6113 5969 
6 6271 6404 6299 6194 6049 6170 
7 6194 6299 6404 6517 6500 6314 6145 
6 7083 7079 7180 7173 7106 7078 
5 6788 6800 6872 6951 6848 
6 7079 7083 7078 6848 6951 6872 
8 6830 6788 6848 7078 7106 6999 6905 6756 
8 6644 6497 6549 6606 6707 6830 6756 6721 
6 6707 6606 6735 6800 6788 6830 
6 6872 6751 6839 7072 7080 7079 
7 7080 7072 7225 7279 7280 7141 7126 
6 7080 7126 7141 7280 7180 7079 
6 6673 6751 6872 6800 6735 6606 
6 6404 6575 6614 6673 6606 6517 
4 6668 6614 6575 6689 
6 6668 6689 6839 6751 6673 6614 
8 7142 7177 7308 7444 7245 7058 7065 7104 
6 7170 7318 7477 7475 7308 7285 
6 7142 7052 7170 7285 7308 7177 
8 6966 6829 6761 6903 6938 7052 7142 6980 
8 6966 6980 7142 7104 7065 7058 6959 6829 
5 6844 6829 6959 7058 6947 
5 6763 6782 6903 6761 6715 
7 6756 6905 6897 7006 7011 6903 6782 
5 6897 6905 6999 7121 7006 
7 7011 7006 7031 7087 7052 6938 6903 
5 7170 7052 7087 7031 7175 
6 6999 7106 7173 7260 7433 7121 
7 7121 7433 7318 7170 7175 7031 7006 
7 6565 6671 6761 6829 6759 6596 6495 
6 6759 6829 6844 6832 6725 6596 
7 6832 6844 6947 6823 6705 6678 6725 
6 6572 6586 6596 6725 6678 6705 
6 6395 6255 6335 6425 6565 6495 
6 6486 6395 6495 6596 6586 6572 
7 6426 6674 6715 6761 6671 6565 6425 
7 6426 6471 6643 6782 6763 6715 6674 
7 6471 6497 6644 6721 6756 6782 6643 
6 6356 6237 6234 6035 6210 6286 
6 6335 6237 6356 6286 6426 6425 
6 6286 6217 6452 6497 6471 6426 
8 6188 6452 6217 6286 6210 6035 6103 6129 
6 4738 4663 4653 4805 4820 4913 
6 4650 4790 4712 4805 4653 4637 
5 4820 4805 4712 4790 4825 
6 4531 4653 4663 4659 4616 4436 
7 4748 4719 4739 4738 4913 4890 4819 
7 4663 4738 4739 4719 4748 4616 4659 
7 4650 4637 4421 4641 4634 4711 4790 
7 4404 4524 4634 4641 4421 4379 4396 
5 4253 4404 4396 4379 4176 
7 4302 4288 4379 4421 4637 4653 4342 
6 4067 4148 4176 4379 4288 4302 
7 4067 4302 4342 4378 4194 4139 4090 
5 4342 4653 4531 4436 4378 
8 4267 4268 4492 4652 4543 4354 4331 4079 
7 4492 4617 4850 4723 4735 4730 4652 
6 4850 4829 4981 5138 4932 4723 
7 4617 4624 4821 4917 4826 4829 4850 
6 4973 5110 5138 4981 4984 4917 
5 4829 4826 4917 4984 4981 
7 4730 4911 5139 4900 4785 4804 4652 
6 4825 4790 4711 4884 4977 4876 
7 4711 4634 4785 4900 5139 4977 4884 
7 4634 4524 4490 4354 4543 4563 4785 
5 4543 4652 4804 4785 4563 
7 4253 4335 4418 4354 4490 4524 4404 
6 4335 4253 4079 4331 4354 4418 
5 5190 5139 5195 5293 5317 
6 5195 5322 5431 5346 5316 5293 
5 5316 5346 5386 5317 5293 
7 4911 5050 5284 5431 5322 5195 5139 
6 5138 5160 5284 5050 5021 4932 
7 4932 5021 5050 4911 4730 4735 4723 
8 5188 5190 5317 5366 5534 5588 5380 5234 
8 5366 5317 5386 5346 5431 5538 5505 5534 
7 5580 5639 5588 5534 5505 5538 5431 
8 4876 4977 5098 5154 5151 5093 4820 4825 
6 4820 5093 5151 5209 4988 4913 
7 5154 5098 4977 5140 5234 5266 5151 
6 5190 5188 5234 5140 4977 5139 
7 5429 5401 5560 5533 5511 5490 5339 
7 5495 5330 5279 5339 5490 5511 5669 
6 5560 5641 5770 5669 5511 5533 
5 5495 5227 5209 5279 5330 
7 5328 5279 5209 5151 5266 5387 5401 
5 5279 5328 5401 5429 5339 
5 5401 5419 5603 5618 5560 
7 5380 5588 5603 5419 5294 5266 5234 
5 5266 5294 5419 5401 5387 
6 5973 6103 5943 5744 5715 5797 
7 5715 5588 5639 5876 5971 5973 5797 
5 5588 5715 5744 5618 5603 
6 5618 5744 5943 5770 5641 5560 
9 5502 5478 5556 5479 5440 5375 5358 5227 5495 
7 5040 4988 5209 5227 5358 5192 4996 
6 5192 5358 5375 5262 5272 5084 
6 4832 4918 5084 5272 5019 4885 
7 4918 4950 4988 5040 4996 5192 5084 
7 4890 4913 4988 4950 4918 4832 4819 
5 5652 5709 5781 5695 5458 
6 5860 5709 5920 6038 6130 5927 
6 5781 5709 5860 5927 5932 5695 
6 5301 5272 5444 5565 5652 5458 
6 5272 5262 5375 5589 5565 5444 
6 5619 5709 5652 5565 5589 5605 
7 5375 5440 5479 5551 5619 5605 5589 
6 5789 5839 5926 5956 5998 5906 
6 5669 5770 5857 5926 5839 5789 
7 5770 5943 6103 6035 5956 5926 5857 
7 5824 5789 5906 5859 5920 5709 5619 
7 5495 5669 5789 5621 5556 5478 5502 
7 5619 5551 5479 5556 5621 5789 5824 
6 5998 5956 6058 6070 6026 5906 
6 5859 5906 6026 6070 6119 6004 
5 5859 6004 6062 6038 5920 
7 6119 6070 6255 6312 6268 6062 6004 
7 6312 6255 6395 6486 6572 6460 6268 
7 6035 6234 6237 6225 6200 6058 5956 
7 6237 6335 6255 6070 6058 6200 6225 
7 6977 6871 6902 6949 7118 7077 7022 
7 6912 6724 6977 7022 7002 7027 6820 
6 6724 6912 6820 6662 6815 6675 
5 6871 6977 6724 6656 6699 
7 6559 6503 6656 6724 6675 6815 6662 
6 6542 6699 6656 6503 6559 6397 
7 6303 6267 6446 6525 6542 6397 6042 
6 6130 6267 6303 6216 6196 5927 
6 5927 6196 6216 6303 6042 5932 
5 6821 6925 7094 7071 6971 
6 6837 6684 6821 6971 7071 6949 
5 6837 6949 6902 6871 6699 
5 6542 6525 6684 6837 6699 
6 6525 6548 6722 6925 6821 6684 
5 6705 6722 6548 6460 6572 
7 6722 6705 6823 6947 7073 6935 6925 
8 6268 6460 6332 6306 6267 6130 6038 6062 
7 6446 6267 6306 6332 6466 6479 6525 
6 6466 6332 6460 6548 6525 6479 
8 6949 7071 7094 7137 7222 7191 7077 7118 
9 7028 7162 7050 7203 7234 7196 7188 7094 6925 
7 7137 7094 7188 7196 7234 7287 7222 
8 7162 7073 7273 7353 7264 7246 7203 7050 
7 7264 7353 7390 7287 7234 7203 7246 
5 6925 6935 7073 7162 7028 
6 7058 7245 7444 7273 7073 6947 
7 9449 9409 9488 9593 9738 9650 9566 
7 9738 9865 9907 9780 9677 9566 9650 
5 9449 9566 9677 9780 9641 
6 9253 9353 9347 9488 9409 9237 
6 9253 9319 9469 9459 9347 9353 
5 9488 9347 9459 9469 9593 
6 9292 9441 9559 9456 9365 9319 
6 9441 9292 9391 9701 9667 9559 
6 9292 9246 9332 9595 9701 9391 
6 9667 9819 9861 9732 9589 9559 
5 9865 9738 9732 9861 9893 
6 9365 9456 9559 9572 9469 9319 
7 9589 9732 9738 9593 9469 9572 9559 
7 9178 9279 9409 9337 9380 9420 9331 
7 9116 8971 9049 9101 9213 9279 9178 
5 9213 9101 9237 9409 9279 
6 9380 9337 9409 9449 9473 9458 
7 9497 9420 9380 9458 9473 9449 9641 
5 9503 9420 9497 9641 9617 
7 8971 9116 9178 9331 9305 9104 8903 
7 9161 9104 9305 9262 9212 9088 9082 
5 8903 9104 9161 9082 8942 
6 9435 9503 9447 9398 9262 9305 
5 9305 9331 9420 9503 9435 
6 9617 9554 9553 9398 9447 9503 
7 9311 9212 9262 9398 9553 9524 9433 
6 8727 8762 8787 8893 8903 8942 
6 8787 8945 8935 8971 8903 8893 
7 9049 8971 8935 8945 9044 9237 9101 
6 8522 8690 8700 8660 8532 8460 
5 8460 8532 8660 8694 8502 
7 8694 8660 8700 8945 8787 8762 8502 
6 8399 8329 8139 8326 8460 8502 
7 8326 8139 8075 8107 8268 8503 8346 
7 8326 8346 8503 8516 8566 8522 8460 
7 7978 8075 8139 8213 8154 8136 7902 
6 8154 8213 8139 8329 8399 8304 
7 8618 8399 8502 8762 8727 8611 8588 
6 8327 8136 8154 8304 8399 8618 
8 8755 8766 8951 8919 8976 8994 8956 8750 
8 8976 8919 9000 9046 9292 9065 8956 8994 
7 8919 8951 9089 9246 9292 9046 9000 
7 8633 8750 8956 8841 8701 8566 8516 
6 8641 8686 8766 8755 8750 8633 
5 8633 8516 8503 8477 8641 
7 9080 9122 9011 9148 9253 9237 9044 
6 9065 9292 9319 9253 9148 9123 
7 8956 9065 9123 9148 9011 8883 8967 
5 9031 8883 9011 9122 9080 
8 8690 8795 8883 9031 9080 9044 8945 8700 
7 8690 8522 8566 8701 8841 8854 8795 
6 8956 8967 8883 8795 8854 8841 
6 8986 8966 9038 9229 9275 9126 
7 9126 9089 8980 8932 8864 8966 8986 
6 8864 8932 8980 9089 8951 8766 
6 8609 8746 8864 8766 8686 8754 
6 9126 9275 9332 9246 9251 9170 
5 9089 9126 9170 9251 9246 
5 8368 8319 8441 8632 8578 
6 8441 8638 8757 8831 8723 8632 
5 8723 8831 9001 8804 8632 
6 8609 8672 8743 8804 8833 8746 
7 8804 8743 8672 8387 8597 8578 8632 
5 8804 9001 9038 8905 8833 
6 8833 8905 9038 8966 8864 8746 
6 7589 7662 7808 7677 7638 7499 
5 7760 7830 7848 7713 7638 
5 7677 7808 7830 7760 7638 
6 7808 7662 7829 8071 7907 7830 
7 8071 8240 8203 8186 8031 8159 7907 
6 7966 7848 7830 7907 8159 8031 
6 8374 8273 8260 8387 8672 8609 
8 8240 8319 8368 8578 8597 8387 8348 8203 
6 8186 8203 8348 8387 8260 8273 
5 7966 8031 8186 8231 8086 
7 7966 8086 8231 8253 8224 8059 7848 
7 8554 8365 8330 8374 8609 8754 8686 
7 8253 8231 8186 8273 8374 8330 8365 
7 8503 8268 8205 8235 8284 8373 8477 
7 8268 8107 7950 8049 7987 8116 8205 
6 8116 8022 8220 8284 8235 8205 
6 8477 8373 8429 8554 8686 8641 
7 8220 8022 8224 8312 8429 8373 8284 
6 8224 8253 8365 8554 8429 8312 
7 7864 7924 8022 8116 7987 7917 7768 
7 7924 7864 7768 7725 7762 7818 8034 
7 8034 7818 7848 8059 8224 8022 7924 
7 7499 7638 7713 7848 7715 7643 7559 
6 7422 7442 7499 7559 7643 7497 
7 7633 7497 7643 7715 7848 7818 7762 
5 7497 7633 7762 7725 7538 
7 7180 7280 7498 7506 7608 7721 7420 
6 7260 7173 7180 7373 7467 7433 
6 7467 7373 7180 7420 7721 7605 
5 7506 7498 7679 7721 7608 
7 7661 7538 7725 7784 7712 7679 7498 
6 7280 7279 7352 7538 7661 7498 
7 7712 7784 7900 7841 7894 7721 7679 
7 7798 7987 8049 7950 7841 7900 7784 
6 7725 7768 7917 7987 7798 7784 
6 7894 7841 7950 8107 8075 7962 
5 7894 7962 8075 7978 7922 
7 7872 7922 7978 7902 7605 7721 7771 
5 7771 7721 7894 7922 7872 
6 7670 7505 7521 7770 7909 7885 
6 7475 7508 7521 7505 7444 7308 
5 7273 7444 7505 7428 7353 
6 7390 7353 7428 7487 7647 7586 
6 7647 7487 7599 7676 7702 7794 
7 7505 7670 7702 7676 7599 7487 7428 
7 8032 7923 7916 8129 8125 8161 8242 
6 8125 8129 8211 8270 8209 8161 
5 8161 8209 8270 8296 8242 
7 7670 7885 7909 7916 7923 7862 7702 
6 7702 7862 7923 8032 7955 7794 
8 7916 7909 8035 8121 8194 8331 8211 8129 
6 8050 8281 8331 8194 8121 8035 
5 7553 7433 7467 7605 7652 
6 7526 7619 7477 7318 7433 7553 
6 7619 7526 7553 7652 7699 7788 
7 7887 7902 8136 7979 7869 7788 7805 
5 7799 7887 7805 7788 7699 
6 7605 7902 7887 7799 7699 7652 
7 8020 7847 7774 7869 7983 8281 8050 
6 7979 8136 8182 8281 7983 7869 
5 8182 8136 8327 8360 8281 
6 7619 7788 7869 7774 7847 7730 
7 8035 7909 7770 7730 7847 8020 8050 
4 7548 7730 7770 7521 
7 7477 7619 7730 7548 7521 7508 7475 
5 8761 8876 8918 8770 8769 
7 8685 8761 8769 8770 8662 8667 8590 
5 8662 8573 8436 8590 8667 
5 8436 8521 8635 8685 8590 
7 8296 8270 8471 8467 8521 8436 8242 
5 8467 8471 8614 8635 8521 
7 8876 8761 8685 8789 8853 9006 9068 
7 9068 9006 9144 9413 9231 9135 9220 
6 8918 8876 9068 9220 9134 9030 
6 9006 8853 8880 8978 9054 9144 
7 9017 9114 9110 9334 9144 9054 8978 
6 8809 8880 8853 8789 8685 8635 
7 8740 9017 8978 8880 8809 8635 8614 
6 9110 9114 9309 9433 9379 9334 
7 9198 9088 9212 9311 9192 9017 9138 
6 9114 9017 9192 9311 9433 9309 
6 8839 8791 8621 8611 8727 8942 
7 8839 8942 9082 9088 9198 8982 8791 
5 8791 8982 9198 9138 9017 
8 8281 8360 8466 8480 8530 8483 8444 8331 
6 8466 8360 8327 8618 8588 8551 
8 8466 8551 8588 8611 8621 8599 8530 8480 
6 8339 8342 8382 8471 8270 8211 
8 8342 8339 8211 8331 8444 8483 8471 8382 
5 8471 8483 8530 8599 8614 
6 8614 8599 8621 8791 9017 8740 
7 7565 7628 7724 7754 7793 7635 7568 
9 7546 7635 7912 7985 7939 8117 8085 7934 7600 
7 7793 7754 7890 7997 7985 7912 7635 
7 7826 8016 8061 8041 8056 7997 7986 
6 7754 7832 7826 7986 7997 7890 
6 7724 7628 7745 7826 7832 7754 
8 7265 7367 7568 7635 7546 7545 7329 7315 
8 7367 7265 7261 7346 7452 7455 7441 7454 
8 7455 7452 7628 7565 7568 7367 7454 7441 
6 7183 7077 7191 7222 7406 7292 
6 7491 7255 7183 7292 7406 7482 
8 7022 7077 7183 7255 7346 7261 7027 7002 
7 7346 7255 7491 7826 7745 7628 7452 
6 7728 7525 7583 7709 7880 7903 
6 7728 7903 8016 7826 7491 7809 
5 7491 7482 7525 7728 7809 
6 7647 7794 7955 7880 7709 7586 
6 7507 7287 7390 7586 7709 7583 
7 7406 7222 7287 7507 7583 7525 7482 
7 8160 8032 8242 8436 8245 8303 8178 
6 8245 8436 8573 8440 8372 8303 
7 8100 8096 8178 8303 8372 8440 8353 
6 7955 8052 8067 7956 7903 7880 
6 7903 7956 8067 8044 8096 8100 
6 8096 8044 8067 8119 8160 8178 
6 7955 8032 8160 8119 8067 8052 
7 8607 8706 8711 8649 8594 8562 8540 
7 8783 8741 8649 8711 8955 9072 8992 
7 8706 8665 8823 8991 8901 8955 8711 
6 8321 8422 8564 8438 8519 8370 
6 8438 8564 8596 8607 8540 8519 
6 8607 8596 8564 8650 8665 8706 
6 8354 8473 8564 8422 8321 8300 
7 8577 8605 8564 8473 8354 8541 8506 
5 8354 8353 8440 8506 8541 
6 8573 8662 8725 8577 8506 8440 
7 8662 8770 8918 9030 8732 8577 8725 
7 8605 8577 8732 9030 8939 8721 8564 
7 8564 8721 8939 8991 8823 8665 8650 
7 8462 8649 8741 8570 8377 8557 8381 
6 8218 8117 8144 8282 8356 8249 
7 8249 8356 8462 8381 8557 8377 8218 
6 8335 8370 8519 8540 8431 8282 
7 8447 8431 8540 8562 8594 8649 8462 
5 8282 8431 8447 8462 8356 
5 8144 8117 7939 7985 8098 
6 8180 8098 7985 7997 8056 8170 
6 8098 8180 8170 8335 8282 8144 
8 8170 8089 8132 8157 8288 8321 8370 8335 
8 8354 8300 8321 8288 8157 8158 8100 8353 
8 8016 7903 8100 8158 8157 8115 8065 8061 
9 8061 8065 8115 8157 8132 8089 8170 8056 8041 
5 9651 11644 3545 1849 11585 
7 3545 13512 1978 12628 6140 14529 6562 
5 13893 13512 3545 11644 10780 
6 7161 11558 9930 10780 11644 10049 
6 8140 5545 7161 10049 4326 6146 
7 7424 6146 4326 10049 11644 9651 10088 
4 13275 13751 8999 9084 
5 9574 8999 13751 8765 11616 
7 10484 9548 9084 8999 9574 11616 9737 
8 13659 13648 12893 12270 8814 12628 14385 12175 
7 14529 6140 12628 8814 12270 10026 10943 
7 10484 9737 11616 11102 12628 1978 13111 
8 8765 13751 13659 12175 14385 12628 11102 11616 
6 11305 14135 1879 3628 11700 9013 
6 9588 10466 9084 9548 10484 4491 
7 9588 4491 10484 12950 3628 1879 14135 
7 3628 12950 10484 13111 1978 13512 13818 
5 11700 3628 13818 11166 9013 
6 13893 10780 9930 11166 13818 13512 
7 5177 2364 9075 9830 10734 11558 7161 
7 10734 9830 11305 9013 11481 9639 11558 
6 11166 9930 11558 9639 11481 9013 
6 6516 9590 9075 2364 4566 4840 
5 9590 9428 11305 9830 9075 
5 9428 9590 6516 10361 13738 
7 14135 11305 9428 13738 10361 10466 9588 
6 5568 6340 12226 7686 8657 10972 
6 2470 2217 5568 5627 8072 6176 
7 5627 5568 10972 6627 8046 6176 8072 
7 9776 12431 9556 8657 3629 9932 11941 
6 9442 8046 6627 10972 8657 10901 
7 9442 10901 8657 9556 12431 9776 9693 
5 2217 5075 7948 6340 5568 
6 9651 11585 9197 8336 12188 10088 
7 7948 5075 6146 7424 10088 12188 8336 
7 11585 1849 13476 14028 50 9406 9197 
5 11581 9406 50 7686 12226 
7 6340 7948 8336 10385 10131 11581 12226 
6 11581 10131 10385 8336 9197 9406 
8 3545 6562 14529 10943 10026 9786 9978 1849 
6 8872 11512 9786 10026 11670 10160 
8 12270 12893 13648 14147 12840 10160 11670 10026 
7 9978 9786 11512 8872 12658 1982 10530 
7 14028 13476 1849 9978 10530 7540 50 
5 50 7540 10530 1982 7686 
6 3629 8657 13888 11402 8856 9932 
4 8657 7686 13964 13888 
6 7686 1982 12658 11402 13888 13964 
6 3387 12000 12658 11710 14068 14338 
7 12658 8872 10160 12840 14147 14068 11710 
6 11402 12658 12000 9069 9871 8856 
5 8856 9871 9069 12000 3387 
7 8026 5051 3075 2364 1021 4069 6717 
6 5348 8344 6501 2981 3075 5051 
5 2364 3075 2981 4840 4566 
6 1512 4069 1021 2364 5177 3558 
7 3558 5439 7418 8140 3890 2951 1512 
7 5439 3558 5177 7161 5545 8140 7418 
6 926 8416 1987 1512 2951 3890 
6 1607 8416 926 4261 2030 3381 
6 926 3890 8140 6146 2030 4261 
5 3107 2644 1512 1987 8416 
7 3107 8416 8389 528 4069 1512 2644 
7 7057 8451 8389 8416 1607 7680 2087 
7 4701 8026 6717 4069 528 8389 8451 
7 8344 5348 5051 8026 4701 3692 4523 
6 708 4409 6501 8344 4523 3692 
6 4409 708 3692 3192 935 4162 
8 6090 11334 1796 6501 4409 4162 935 120 
7 5897 108 4540 1796 11334 6090 120 
7 14524 14490 14484 4540 108 5897 120 
6 3703 330 7057 2087 2777 714 
6 3703 714 372 1117 3195 330 
7 1117 372 714 8575 350 6884 14453 
6 330 3195 5044 4701 8451 7057 
5 3692 4701 5044 4003 3192 
7 120 935 3192 4003 192 1117 14453 
5 3195 1117 192 4003 5044 
6 1868 464 2470 6176 3704 3941 
5 400 479 5075 2217 1921 
6 464 1868 400 1921 2217 2470 
5 5137 7368 4964 5536 6360 
7 8289 5680 1868 3941 3704 5536 4964 
7 7852 400 1868 5680 8289 4964 7368 
7 1652 1607 3381 2030 6146 5075 479 
7 7852 6861 4878 7392 1652 479 400 
5 7680 1607 1652 7392 4878 
7 2087 7680 3812 2761 2163 13355 2777 
6 2571 2761 3812 7680 4878 6861 
8 206 2571 6861 7852 7368 5137 2864 1107 
7 1107 2864 5137 6360 4255 3392 4205 
6 14502 14494 10680 125 26 98 
6 125 10680 13355 2163 3340 26 
5 8575 714 2777 13355 10680 
6 14429 350 8575 10680 14482 14425 
7 14356 14174 14342 14399 14494 14502 14387 
6 14342 14425 14482 10680 14494 14399 
7 2617 26 3340 2163 2761 2571 206 
7 8659 26 2617 206 1107 14063 769 
7 26 8659 769 14063 68 90 98 
5 14459 90 68 14324 14316 
7 14105 14177 14215 14316 14324 14173 14115 
7 14177 14174 14356 14304 14459 14316 14215 
7 14304 14356 14387 14502 98 90 14459 
7 14401 14318 14517 14493 14386 14382 14303 
5 14116 14238 14128 14060 14008 
7 14060 14128 14238 14293 14265 14318 14075 
7 14116 14213 14269 14416 14348 14252 14238 
6 14293 14334 14348 14517 14318 14265 
5 14238 14252 14348 14334 14293 
5 13616 13646 13689 13655 13603 
6 13655 13689 13914 14011 13787 13603 
6 13503 13603 13787 14011 13851 13676 
6 14022 14075 14259 14160 14011 13914 
6 14075 14318 14401 14303 14160 14259 
7 13646 13821 13957 14008 14060 13878 13689 
6 13878 14060 14075 14022 13914 13689 
7 13907 13954 13953 13794 13791 13727 13715 
6 13708 13794 13821 13646 13616 13731 
7 13821 13794 13953 13982 14116 14008 13957 
6 14164 14182 14282 14416 14269 14213 
6 14064 14164 14213 14116 13982 13953 
6 13953 13954 14083 14182 14164 14064 
5 14173 14311 14190 14130 13966 
7 14311 14173 14324 68 14470 14462 14435 
7 14470 78 14379 14190 14311 14435 14462 
4 13954 14086 14121 14083 
7 13954 13907 13966 14130 14190 14121 14086 
7 14190 14379 78 14416 14282 14222 14121 
5 14182 14083 14121 14222 14282 
7 34 14465 191 13047 8069 14527 81 
5 14416 78 34 81 14527 
5 14348 14416 14527 6305 14517 
7 191 14465 2010 2233 4046 396 13047 
6 14470 68 2 22 11206 78 
6 14465 34 78 11206 22 2010 
7 10732 14493 143 14027 1629 13208 967 
8 14527 8069 300 687 3253 497 19 6305 
6 143 14493 14517 6305 19 497 
5 687 300 2485 1511 3253 
7 8069 13047 396 442 1511 2485 300 
7 143 497 3253 1511 1892 1629 14027 
6 1511 442 5509 5230 1629 1892 
5 8420 2998 1769 8386 7570 
6 2998 659 3704 6176 5471 1769 
7 8420 6416 2048 5536 3704 659 2998 
7 6416 8420 7570 4557 7895 5536 2048 
7 412 1107 4205 7895 4557 4732 183 
6 4205 3392 4255 6360 5536 7895 
6 4046 2230 4027 6398 442 396 
7 2230 4046 5006 4731 6276 6398 4027 
7 6276 4731 7570 8386 6696 6309 6398 
6 2233 2010 22 2296 412 183 
7 14063 1107 412 2296 22 2 68 
7 4557 4589 5006 4046 2233 183 4732 
5 4731 5006 4589 4557 7570 
6 8039 13143 11273 10902 11984 8626 
7 10079 12170 9776 11941 12048 12707 11969 
5 13143 12707 12048 11941 11273 
6 13814 13143 8039 8626 5616 4944 
5 10765 11969 11789 13814 4944 
5 13814 11789 11969 12707 13143 
5 11273 11941 9102 12559 10902 
6 14486 9102 12602 14263 14518 111 
6 11297 10902 12559 9102 14486 111 
6 9102 9093 10974 3387 13536 12602 
7 8856 3387 10974 9093 9102 11941 9932 
6 14263 12602 13536 200 14428 14518 
5 13536 3387 14338 14428 200 
7 10007 9849 13528 13145 13109 9895 12235 
7 13145 13528 9849 10920 11825 13415 6488 
6 13415 11825 10920 10765 1317 6488 
8 13109 13145 12151 10941 10927 8713 10203 9895 
6 13145 6488 1317 4549 10941 12151 
7 4944 5616 8515 10941 4549 1317 10765 
6 10902 11297 8703 8653 8626 11984 
8 11621 13970 10429 9504 8653 8703 11297 13948 
5 111 13970 11621 13948 11297 
7 10941 9247 9504 4434 10203 8713 10927 
5 3655 10203 4434 13852 9902 
7 8515 5616 8626 8653 9504 9247 10941 
5 10429 13970 13852 4434 9504 
6 5643 2839 5172 6840 7790 4644 
7 2587 520 1243 3205 5172 2839 2178 
6 5379 6344 7593 6840 5172 3205 
7 1563 3240 5361 2705 6344 5379 3205 
7 8386 1769 3240 1563 3205 1243 3342 
7 2587 6309 6696 8386 3342 1243 520 
7 6647 7593 6344 8305 12170 10079 11969 
7 6647 11969 6934 5886 7790 6840 7593 
7 6177 4644 7790 5886 6934 11969 10765 
5 9693 5855 7683 8046 9442 
8 6176 8046 7683 5855 5705 3240 1769 5471 
8 12170 8305 6344 2705 5361 3240 5705 7076 
6 5705 5855 9693 9776 12170 7076 
7 2839 5643 4644 6177 6766 5477 8099 
6 2839 8099 5477 5512 7008 6633 
7 5477 6766 6177 10765 10920 7008 5512 
7 3859 3484 7008 7281 8443 5535 4237 
5 7008 12347 9462 8443 7281 
7 12347 7008 10920 9849 10007 12235 9462 
5 1737 6633 7008 3484 2680 
8 1737 2680 821 7363 5230 5509 6937 1542 
7 821 2680 3484 3859 4237 141 7363 
5 6205 5509 442 6398 6412 
7 6412 697 1737 1542 6937 5509 6205 
6 697 8130 2178 2839 6633 1737 
7 6412 6398 6309 2587 2178 8130 697 
7 11831 12064 12169 12073 12031 11939 11910 
6 12146 12031 12073 12169 12301 12190 
7 12118 12031 12146 12190 12222 12257 12130 
5 11827 11927 12118 12130 12074 
6 11887 11910 11939 12031 12118 11958 
6 11827 11850 11887 11958 12118 11927 
6 12190 12301 12325 12365 12332 12222 
7 12332 12445 12541 12563 12427 12257 12222 
7 12332 12365 12540 12588 12563 12541 12445 
6 12514 12655 12627 12588 12540 12365 
6 12434 12569 12655 12514 12365 12325 
7 12411 12527 12595 12569 12434 12426 12301 
4 12434 12325 12301 12426 
6 12411 12436 12433 12523 12595 12527 
6 12425 12441 12665 12523 12433 12302 
5 12523 12665 12762 12687 12595 
7 12441 12425 12486 12673 12562 12714 12665 
6 12673 12836 12958 12827 12790 12562 
6 12562 12790 12827 12762 12665 12714 
7 12301 12169 12064 12105 12181 12436 12411 
8 12247 12195 12302 12433 12436 12181 12248 12167 
7 12105 12147 12195 12247 12167 12248 12181 
6 12064 11831 11920 11944 12147 12105 
5 11860 11944 11920 11831 11673 
6 11850 11765 11849 11831 11910 11887 
5 11589 11673 11831 11849 11765 
5 11353 11386 11506 11649 11458 
6 11676 11706 11725 11738 11627 11597 
7 11676 11597 11449 11353 11458 11649 11706 
6 11298 11107 11326 11386 11353 11449 
8 11326 11188 11336 11493 11347 11384 11388 11386 
7 11347 11493 11501 11506 11386 11388 11384 
7 11649 11506 11613 11660 11762 11930 11770 
6 11706 11649 11770 11833 11888 11725 
5 11770 11930 11947 11888 11833 
6 11937 12092 12147 11944 11860 11928 
7 11738 11816 11937 11928 11860 11673 11627 
6 11888 11947 12037 12092 11937 11926 
6 11725 11888 11926 11937 11816 11738 
7 11804 11892 12116 12100 11980 11930 11762 
6 11672 11804 11762 11660 11650 11493 
6 11501 11493 11650 11660 11613 11506 
7 11705 11623 11493 11336 11390 11638 11783 
6 11493 11623 11752 11892 11804 11672 
6 11752 11623 11705 11783 11845 11892 
5 12367 12393 12486 12425 12318 
6 12234 12305 12393 12367 12318 12189 
6 12189 12232 12295 12393 12305 12234 
7 12100 12116 12232 12189 12037 12089 11980 
5 11930 11980 12089 12037 11947 
7 12189 12318 12425 12302 12195 12208 12037 
5 12092 12037 12208 12195 12147 
7 13349 13270 13329 13209 13157 13371 13413 
5 13386 13483 13358 13329 13270 
6 13270 13349 13542 13708 13483 13386 
7 13413 13371 13438 13494 13466 13574 13349 
8 13642 13715 13727 13791 13574 13466 13494 13438 
6 13708 13542 13349 13574 13791 13794 
6 13615 13618 13720 13715 13642 13438 
6 13498 13311 13526 13636 13618 13615 
5 13311 13498 13615 13438 13371 
6 13959 13783 13828 13715 13720 13750 
5 13618 13636 13741 13750 13720 
7 13959 14177 14105 14115 13965 13828 13783 
7 13828 13965 14115 14173 13966 13907 13715 
5 13168 13311 13371 13157 13096 
7 13052 13098 13168 13096 13017 12894 13043 
5 13098 13052 13048 13311 13168 
6 13311 13048 13063 13171 13409 13526 
7 12827 12958 13171 13063 13048 13052 12978 
7 12978 13052 13043 12894 12687 12762 12827 
7 12944 13001 13209 13329 13358 13125 12957 
6 12813 12655 12751 12818 12944 12957 
5 12818 12751 12882 13001 12944 
7 12780 12687 12894 13017 12995 12882 12751 
6 12655 12569 12595 12687 12780 12751 
6 12882 12995 13011 13046 13209 13001 
7 13017 13096 13157 13209 13046 13011 12995 
6 12573 12633 12699 12745 12771 12619 
7 12648 12746 12684 12771 12809 12781 12694 
7 12619 12771 12684 12746 12648 12634 12573 
5 12074 12130 12257 12238 12218 
7 12610 12580 12745 12699 12633 12573 12337 
7 12238 12257 12427 12580 12610 12337 12218 
6 12193 12274 12440 12694 12432 12323 
6 12448 12303 12274 12193 12180 12256 
6 12303 12448 12648 12694 12440 12274 
6 12186 12218 12337 12275 12497 12256 
8 12256 12497 12275 12337 12573 12634 12648 12448 
6 11827 12074 12218 12186 12124 11945 
6 12098 11945 12124 12186 12256 12180 
8 13483 13708 13731 13616 13603 13479 13457 13358 
8 13183 13125 13358 13457 13479 13419 13332 13236 
8 13347 13305 13332 13419 13479 13603 13503 13375 
7 13183 13236 13332 13305 13347 13254 13169 
6 13254 13144 13229 13028 13102 13169 
6 13144 13254 13347 13375 13322 13229 
8 12670 12580 12427 12563 12588 12627 12655 12813 
6 12745 12580 12670 12803 12965 12908 
6 12803 12670 12813 12957 13125 12965 
5 12781 12809 12985 13016 12963 
6 13016 12985 12809 12771 13028 13229 
6 12771 12745 12908 12965 12980 13028 
7 12965 13125 13183 13169 13102 13028 12980 
6 12371 12451 12629 12534 12458 12398 
7 12359 12398 12458 12534 12680 12666 12499 
6 12285 12398 12359 12499 12412 12310 
5 12277 12371 12398 12285 12178 
7 12127 12022 12165 12179 12277 12178 12285 
6 12179 12165 12262 12451 12371 12277 
5 12629 12741 12794 12680 12534 
7 12629 12660 12759 12723 12867 12724 12741 
5 12724 12867 12807 12794 12741 
8 12466 12451 12262 12283 12478 12498 12506 12483 
7 12483 12506 12759 12660 12629 12451 12466 
5 12492 12637 12524 12498 12478 
8 12524 12637 12702 12733 12866 12759 12506 12498 
7 11783 11638 11732 11809 12022 12127 12010 
4 11637 11690 11809 11732 
6 11568 11519 11690 11637 11732 11638 
6 11519 11545 11636 11851 11809 11690 
5 11851 11917 11983 12022 11809 
5 12165 12022 11983 11917 12040 
5 12040 12265 12283 12262 12165 
6 12080 12286 12149 12040 11986 12076 
7 12149 12286 12492 12478 12283 12265 12040 
5 11802 11691 11610 12047 11959 
7 11636 11545 11502 11610 11691 11802 11851 
7 11901 11802 11959 12047 12080 12076 11986 
6 11917 11851 11802 11901 11986 12040 
7 13171 12958 12836 12826 12921 13037 13110 
7 12625 12788 12822 12913 12896 12921 12826 
5 13037 12921 12896 12913 12987 
5 12807 12920 12815 12680 12794 
7 13037 12987 13134 13083 13164 13213 13110 
7 12920 13057 13083 13134 12987 12913 12822 
7 12969 13021 13199 13238 13291 13182 13091 
6 13182 13291 13164 13083 13057 13117 
7 13091 13182 13117 13057 12920 12807 12969 
8 12807 12867 13069 13119 13200 13199 13021 12969 
6 13044 13061 13216 13200 13119 13069 
7 12759 12866 13061 13044 12951 12869 12723 
6 13069 12867 12723 12869 12951 13044 
5 12297 12253 12310 12349 12351 
6 12116 11892 12135 12241 12295 12232 
6 12297 12312 12295 12241 12135 12253 
7 12131 12084 12010 12127 12285 12310 12253 
8 12029 11845 11783 12010 12084 12131 12253 12003 
6 11845 12029 12003 12253 12135 11892 
8 12600 12499 12666 12680 12815 12920 12822 12788 
6 12412 12499 12600 12403 12349 12310 
5 12584 12403 12600 12788 12625 
7 12295 12312 12429 12650 12673 12486 12393 
6 12650 12584 12625 12826 12836 12673 
6 12429 12322 12388 12403 12584 12650 
8 12322 12429 12312 12297 12351 12349 12403 12388 
7 13952 13849 14005 14185 14306 14220 14076 
8 14339 14220 14306 14351 14402 14453 6884 350 
6 14183 14453 14402 14351 14306 14185 
6 14339 350 14429 14425 14342 14335 
6 14202 14220 14339 14335 14342 14174 
6 14026 13952 14076 14220 14202 14174 
4 14006 14199 14141 14082 
5 14082 14141 14065 13999 13994 
9 13951 13809 14006 14082 13994 13999 14054 13974 13930 
6 14199 14484 14490 14524 120 14141 
7 14170 14054 13999 14065 14141 120 14453 
6 13861 13772 13974 14054 14005 13849 
6 14005 14054 14170 14453 14183 14185 
6 13492 13559 13691 13613 13627 13477 
6 13398 13809 13691 13559 13535 13408 
5 13467 13408 13535 13559 13492 
7 13747 13723 13801 13930 13974 13772 13861 
7 13801 13723 13613 13691 13809 13951 13930 
4 13613 13723 13747 13627 
6 13398 13408 13467 13365 13319 13313 
7 13309 13216 13231 13264 13319 13365 13389 
7 13389 13365 13467 13492 13477 13381 13309 
6 13231 13224 13233 13313 13319 13264 
7 13233 13224 13231 13216 13061 13104 13074 
5 13061 12866 12961 13074 13104 
5 12733 12702 13074 12961 12866 
6 13643 13700 13849 13952 13835 13732 
7 13842 13835 13952 14026 14174 13980 13931 
6 13695 13732 13835 13842 13931 13857 
6 13164 13291 13445 13439 13515 13213 
6 13515 13439 13445 13594 13732 13695 
5 13568 13643 13732 13594 13445 
7 13523 13477 13627 13747 13861 13849 13700 
5 13523 13346 13247 13381 13477 
7 13200 13216 13309 13381 13247 13346 13199 
5 13291 13238 13199 13346 13411 
6 13411 13346 13523 13700 13643 13569 
7 13291 13411 13569 13448 13449 13568 13445 
5 13449 13448 13569 13643 13568 
6 13778 13903 13897 13874 13813 13815 
5 13872 13857 13931 13980 13903 
7 13702 13695 13857 13872 13903 13778 13815 
7 13959 13750 13741 13813 13874 13943 14177 
5 13874 13897 13903 13995 13943 
6 13903 13980 14174 14177 13943 13995 
7 13258 13213 13515 13695 13702 13581 13511 
7 13256 13205 13258 13511 13461 13409 13171 
6 13171 13110 13213 13258 13205 13256 
7 13461 13511 13501 13570 13630 13475 13409 
5 13409 13475 13630 13636 13526 
5 13636 13630 13815 13813 13741 
7 13501 13511 13581 13702 13815 13630 13570 
7 8602 8682 8699 8751 8808 8691 8613 
6 8751 8863 9020 9083 8817 8808 
4 8863 8751 8699 9020 
7 8943 8817 9083 9066 9250 9125 8981 
6 9083 9020 9680 9399 9364 9215 
7 9066 9083 9215 9364 9399 9489 9250 
7 8808 8817 8943 8860 8866 8552 8691 
7 9033 8938 8981 9125 9137 9062 8866 
6 8866 8860 8943 8981 8938 9033 
7 8738 8888 8912 8985 9238 8900 8898 
7 8912 8866 9062 9137 9296 9238 8985 
7 8663 8581 8552 8866 8912 8888 8738 
6 8738 8898 8900 8798 8824 8663 
7 8785 8734 8775 8798 8900 8944 8811 
5 8688 8722 8785 8811 8733 
5 8733 8811 8944 8993 8845 
7 9074 8944 8900 9238 9304 9287 9128 
7 8878 8845 8993 9032 9015 9128 9060 
6 8944 9074 9128 9015 9032 8993 
7 8775 8637 8612 8581 8663 8824 8798 
6 8285 8446 8461 8612 8637 8485 
5 8461 8446 8552 8581 8612 
6 8415 8359 8485 8637 8712 8524 
7 8264 8234 8285 8485 8359 8415 8208 
7 8524 8688 8586 8555 8513 8478 8415 
8 8637 8775 8734 8785 8722 8688 8524 8712 
5 9239 9128 9287 9323 9372 
7 9361 9495 9608 9372 9323 9405 9390 
7 9304 9248 9361 9390 9405 9323 9287 
8 9238 9296 9368 9393 9518 9361 9248 9304 
6 9592 9832 9864 9709 9608 9495 
7 9592 9495 9361 9518 9594 9603 9832 
7 9594 9716 9834 9879 9769 9832 9603 
6 9769 9879 9946 9968 9866 9832 
5 9866 9968 10048 9864 9832 
8 9968 9946 9984 9989 10075 10198 10078 10048 
5 9917 9989 9984 9946 9879 
6 9917 9944 9955 10042 10075 9989 
6 9716 9841 9944 9917 9879 9834 
5 9389 9506 9594 9464 9427 
5 9393 9427 9464 9594 9518 
7 9389 9427 9393 9368 9296 9137 9335 
7 9137 9266 9394 9463 9506 9389 9335 
6 9463 9394 9528 9564 9841 9537 
6 9506 9463 9537 9841 9716 9594 
5 9125 9263 9394 9266 9137 
5 9125 9250 9476 9394 9263 
7 9489 9567 9564 9528 9394 9476 9250 
7 9731 9680 9943 9926 9821 9729 9743 
7 9821 9926 9955 9944 9841 9564 9729 
6 9627 9489 9399 9680 9731 9743 
6 9567 9489 9627 9743 9729 9564 
5 9561 9544 9676 9696 9642 
8 9825 10005 9919 9829 9696 9676 9605 9699 
5 9919 9872 9642 9696 9829 
7 9726 9605 9580 9657 9801 9766 9779 
6 9801 9920 10031 9991 9779 9766 
7 9726 9779 9991 10005 9825 9699 9605 
6 9174 9384 9356 9284 9112 9219 
7 9498 9477 9356 9384 9485 9580 9605 
7 9483 9356 9477 9498 9605 9676 9544 
5 9356 9483 9544 9351 9295 
6 9561 9294 9301 9295 9351 9544 
7 8987 9026 9153 9295 9301 9294 9155 
7 9026 9050 9112 9284 9356 9295 9153 
4 8569 8491 8739 8726 
6 8979 9025 9055 9042 9058 8910 
7 8739 8871 8879 9025 8979 8910 8726 
6 9064 9139 9167 9042 9055 9025 
5 9025 9023 9081 9139 9064 
8 9035 9127 9139 9081 9023 9025 8879 8871 
7 8882 8836 8892 8904 9050 9026 8987 
7 8850 8892 8836 8780 8726 8910 9058 
6 8569 8726 8780 8836 8676 8636 
7 8892 8850 9058 9042 9167 9163 9171 
6 8892 9174 9219 9112 9050 8904 
7 9174 8892 9171 9281 9278 9485 9384 
5 9171 9163 9167 9278 9281 
5 8878 8778 8781 8733 8845 
6 8674 8733 8781 8778 8681 8616 
7 8698 8707 8616 8681 8778 8878 8728 
7 8555 8586 8688 8733 8674 8616 8513 
7 8534 8513 8616 8707 8627 8589 8527 
8 8589 8627 8707 8928 8922 8739 8491 8527 
6 8871 8739 8922 9079 9127 9035 
7 9139 9127 9242 9310 9322 9278 9167 
6 9242 9127 9079 9109 9189 9243 
6 8878 9060 9115 9109 9029 8917 
6 9115 9060 9128 9239 9189 9109 
7 8875 8707 8698 8728 8878 8917 9029 
7 8707 8875 9029 9109 9079 8922 8928 
7 9492 9349 9596 9695 9918 9683 9602 
6 9242 9243 9349 9492 9411 9310 
6 9310 9411 9492 9602 9436 9322 
5 9657 9683 9918 9920 9801 
6 9582 9602 9683 9657 9580 9485 
6 9322 9436 9602 9582 9485 9278 
6 9610 9805 9846 9719 9695 9596 
7 9719 9846 9805 9942 9887 9771 9695 
7 9695 9771 9887 10069 10065 9920 9918 
6 9417 9367 9243 9189 9239 9372 
5 9569 9349 9243 9367 9417 
6 9569 9598 9805 9610 9596 9349 
7 9417 9372 9608 9709 9805 9598 9569 
6 10747 10806 10880 10926 10872 10672 
7 10747 10844 10891 11057 10933 10909 10806 
5 10806 10909 10933 10979 10880 
7 10933 11057 11188 11326 11107 11012 10979 
7 10926 10880 10979 10978 11030 10942 10872 
6 10979 11012 11107 10942 11030 10978 
7 10844 10747 10579 10796 10915 11057 10891 
7 10673 10770 10782 10725 10915 10796 10579 
7 10770 10922 10966 10977 10915 10725 10782 
6 11089 11225 11303 11336 11188 11133 
6 11089 11123 11185 11337 11303 11225 
6 11057 10915 11035 11089 11133 11188 
6 11123 11089 11035 10915 10977 10966 
7 10714 10752 10990 11042 11069 10967 10791 
6 10922 10770 10791 10967 10984 10966 
7 10984 10967 11069 11060 11187 11123 10966 
7 11060 11069 11145 11152 11264 11377 11187 
9 11198 11123 11187 11377 11348 11380 11568 11638 11390 
7 11123 11198 11390 11336 11303 11337 11185 
6 11369 11059 11127 11153 11610 11502 
7 11059 11369 11502 11545 11391 11306 11248 
7 11306 11391 11545 11519 11568 11380 11348 
7 11247 11248 11306 11348 11377 11264 11249 
8 11121 11247 11249 11264 11152 11145 11069 11042 
5 10990 11007 11059 11248 11115 
6 10990 11115 11248 11247 11121 11042 
7 10521 10405 10341 10409 10290 10184 10448 
9 10086 10120 10184 10290 10288 10284 10318 10295 10260 
7 10288 10290 10409 10341 10405 10318 10284 
7 9955 9926 10029 10120 10086 10260 10042 
6 10184 10095 10038 9943 10308 10448 
7 9926 9943 10038 10095 10184 10120 10029 
4 10308 10520 10537 10448 
6 10520 10632 10545 10521 10448 10537 
6 10632 10713 10735 10753 10521 10545 
8 10949 11059 11007 10990 10752 10906 10753 10735 
7 10554 10405 10521 10753 10906 10752 10714 
6 10735 10713 10947 11025 11059 10949 
5 10947 11153 11127 11059 11025 
5 10135 10219 10374 10289 10252 
6 10119 10179 10198 10374 10219 10135 
5 10048 10078 10198 10179 10119 
8 10289 10374 10495 10579 10532 10398 10377 10252 
7 10398 10532 10579 10747 10672 10663 10510 
8 10377 10398 10510 10663 10672 10872 10486 10360 
7 10295 10318 10454 10503 10578 10469 10378 
7 10454 10318 10405 10554 10714 10791 10589 
5 10454 10589 10791 10578 10503 
6 10469 10541 10374 10198 10340 10378 
7 10198 10075 10042 10260 10295 10378 10340 
5 10495 10374 10541 10673 10579 
6 10578 10791 10770 10673 10541 10469 
6 10222 10138 10169 10244 10377 10360 
5 10252 10377 10244 10169 10230 
5 10112 10135 10252 10230 10169 
5 9966 10027 10135 10112 10022 
6 10066 10022 10112 10169 10138 10091 
7 10022 10066 10091 10012 9887 9942 9966 
6 10139 10069 9887 10012 10091 10138 
7 10139 10266 10402 10453 10498 10269 10069 
7 10222 10360 10282 10402 10266 10139 10138 
5 10402 10282 10437 10479 10468 
5 10282 10360 10486 10479 10437 
8 10402 10468 10574 10802 10709 10651 10498 10453 
6 10479 10486 10872 10802 10574 10468 
7 10145 10093 10271 10352 10557 10500 10332 
6 10387 10329 10430 10531 10557 10352 
7 10174 10141 10329 10387 10352 10271 10229 
6 9872 9919 10005 10068 10271 10093 
8 10174 10082 10098 10068 10005 9991 10031 10141 
6 10082 10174 10229 10271 10068 10098 
5 9898 9966 9942 9805 9709 
6 9709 9864 10048 10119 10040 9898 
6 10135 10027 9966 9898 10040 10119 
4 10236 10065 10069 10269 
6 10031 9920 10065 10236 10329 10141 
6 10430 10329 10236 10390 10514 10531 
5 10236 10269 10498 10514 10390 
6 11156 11041 11175 11250 11240 11181 
6 11175 11136 11107 11298 11277 11250 
6 11006 10942 11107 11136 11175 11041 
5 11240 11250 11277 11298 11345 
7 11449 11418 11498 11417 11240 11345 11298 
5 11449 11597 11627 11498 11418 
5 10651 10709 10842 10886 10656 
8 10622 10656 10886 10913 11053 10910 10773 10531 
6 10514 10498 10651 10656 10622 10531 
5 10709 10802 10857 10855 10842 
7 10857 10802 10872 10942 11006 11041 10855 
4 11053 10913 10886 10896 
8 10842 10855 11041 11156 11124 11053 10896 10886 
8 10557 10620 10908 10799 10676 10380 10617 10500 
7 10908 10620 10730 10940 11229 11036 10799 
7 10531 10773 10910 10940 10730 10620 10557 
6 10940 10910 11053 11135 11413 11229 
6 11500 11589 11765 11850 11612 11425 
6 11425 11229 11413 11436 11589 11500 
6 11135 11259 11381 11589 11436 11413 
6 11589 11392 11375 11498 11627 11673 
6 11314 11375 11392 11589 11381 11259 
7 11181 11240 11417 11498 11375 11214 11156 
7 11189 11124 11156 11214 11256 11243 11255 
8 11214 11375 11314 11259 11149 11255 11243 11256 
7 11124 11189 11255 11149 11259 11135 11053 
7 9878 9806 9860 9875 10103 10062 10016 
7 9612 9806 9878 10016 9831 9833 9762 
6 9833 9831 10016 10106 10004 9746 
5 9708 9787 9860 9806 9612 
5 9791 9798 9875 9860 9787 
7 9708 9612 9563 9721 9798 9791 9787 
5 9484 9343 9386 9563 9612 
4 9534 9481 9343 9484 
5 9484 9612 9620 9481 9534 
6 9746 9747 9620 9612 9762 9833 
5 9595 9620 9747 9746 9701 
7 9330 9386 9343 9481 9325 9275 9229 
6 9325 9481 9620 9595 9332 9275 
7 9664 9690 9679 9647 9563 9386 9496 
7 9280 9329 9468 9664 9496 9316 9225 
7 9329 9362 9445 9656 9644 9664 9468 
5 9245 9210 9342 9445 9362 
5 9210 9245 9223 9143 9131 
7 9143 9223 9245 9362 9329 9280 9225 
8 8831 9091 9108 9224 9330 9209 9103 9001 
8 9001 9103 9209 9330 9229 9204 9105 9118 
6 9105 9204 9229 9038 9001 9118 
7 9071 9226 9267 9181 9224 9108 9091 
8 9226 9316 9496 9386 9330 9224 9181 9267 
7 8831 8899 9039 9143 9043 9071 9091 
6 9043 9143 9225 9316 9226 9071 
6 8634 8474 8546 8677 8836 8882 
8 8654 8634 8882 8987 8890 8874 8855 8719 
7 8719 8855 8874 8890 8948 8857 8861 
7 8948 9027 9087 8996 9183 8947 8857 
6 8987 8997 9087 9027 8948 8890 
5 9155 9193 9087 8997 8987 
7 8742 8851 8857 8947 9183 8925 8916 
7 8736 8656 8658 8708 8776 8753 8889 
7 8658 8742 8916 8889 8753 8776 8708 
6 8561 8474 8634 8654 8719 8671 
8 8857 8851 8742 8658 8561 8671 8719 8861 
5 8417 8400 8430 8561 8658 
7 8395 8418 8546 8474 8561 8430 8400 
6 9445 9328 9533 9669 9723 9633 
5 9561 9642 9626 9669 9533 
6 9626 9642 9872 9782 9723 9669 
6 9294 9561 9533 9328 9352 9200 
9 9193 9155 9294 9200 9218 9182 9183 8996 9087 
7 9183 9182 9218 9200 9352 9328 9277 
4 9210 9328 9445 9342 
5 9070 8968 8889 8916 8925 
6 9328 9210 9070 8925 9183 9277 
7 8914 8889 8968 9070 9210 9131 9024 
5 8914 9024 9131 9143 9039 
5 8909 8899 8831 8757 8638 
7 8572 8736 8889 8914 9039 8899 8909 
6 11441 11425 11612 11850 11827 11554 
6 11441 11554 11488 11456 11430 11354 
6 11488 11554 11827 11662 11595 11456 
6 11289 11120 11286 11318 11354 11430 
7 11441 11354 11318 11286 11312 11229 11425 
5 11120 11036 11229 11312 11286 
5 10975 10983 11289 11430 11319 
6 10960 10975 11319 11295 11361 11261 
5 11319 11430 11456 11361 11295 
6 10739 10676 10799 10800 10829 10845 
7 10721 10739 10845 10829 10975 10960 10830 
6 11048 11036 11120 11289 10983 10970 
8 10799 11036 11048 10970 10983 10975 10829 10800 
5 9914 9872 10093 10145 10154 
10 9872 9914 10154 10145 10159 10216 10291 10175 10142 9913 
5 10175 10291 10342 10357 10167 
7 10380 10676 10513 10452 10367 10342 10291 
5 10159 10322 10380 10291 10216 
7 10322 10159 10145 10332 10500 10617 10380 
9 10523 10452 10513 10676 10739 10721 10830 10727 10723 
6 10618 10552 10549 10452 10523 10723 
6 10618 10723 10727 10694 10754 10552 
5 10727 10830 10960 10968 10818 
5 10754 10694 10727 10818 10968 
6 10552 10754 10712 10512 10553 10549 
8 10925 10712 10754 10968 10960 11261 11067 11058 
6 10106 10016 10062 10185 10214 10375 
7 10062 10103 10218 10286 10263 10214 10185 
7 10021 10090 10286 10218 10103 9875 9980 
7 9647 9679 9826 9909 9798 9721 9563 
6 9909 9995 10021 9980 9875 9798 
7 9909 9826 9921 10070 10090 10021 9995 
6 10298 10410 10553 10512 10404 10351 
8 10199 10337 10396 10457 10553 10410 10298 10204 
6 10406 10549 10553 10457 10396 10337 
7 10259 10399 10443 10550 10414 10353 10315 
7 10399 10259 10351 10404 10512 10550 10443 
7 10090 10259 10315 10353 10414 10263 10286 
7 10070 10199 10204 10298 10351 10259 10090 
8 10017 9915 9945 9863 9896 10142 10175 10167 
8 9872 9913 10142 9896 9863 9945 9810 9782 
7 9723 9782 9810 9945 9915 9713 9633 
9 9713 9915 9897 9884 9664 9644 9656 9445 9633 
6 9915 10017 10167 10044 9916 9935 
5 9884 9897 9915 9935 9916 
8 9756 9664 9884 9916 9992 10070 9921 9840 
6 9679 9799 9756 9840 9921 9826 
5 9690 9664 9756 9799 9679 
7 10342 10367 10452 10549 10406 10337 10357 
6 10256 10122 10044 10167 10357 10337 
7 10199 10070 9992 10164 10122 10256 10337 
5 9992 9916 10044 10122 10164 
6 11200 11158 11302 11419 11296 11231 
8 11157 11128 11072 11144 11182 11200 11231 11296 
7 10888 11023 11158 11200 11182 11144 11072 
7 11122 11040 11128 11157 11296 11340 11178 
7 11419 11517 11382 11466 11505 11340 11296 
7 11537 11551 11601 11505 11466 11382 11517 
7 10883 11072 11128 11040 10982 10751 10881 
5 10751 10691 10750 10801 10881 
6 10750 10838 11072 10883 10881 10801 
7 10529 10505 10559 10414 10641 10657 10660 
8 10375 10214 10263 10414 10559 10505 10529 10515 
8 10515 10529 10660 10705 10750 10691 10751 10647 
7 10657 10888 11072 10838 10750 10705 10660 
6 11428 11194 10992 11083 11095 11192 
6 10973 11038 11095 11083 10992 11005 
7 10961 11018 11081 11192 11095 11038 10973 
6 10751 10982 11021 11018 10961 10758 
8 11040 11043 11174 11055 11081 11018 11021 10982 
4 11174 11192 11081 11055 
6 11282 11340 11427 11343 11174 11221 
6 11160 11282 11221 11174 11043 11040 
6 11040 11122 11178 11340 11282 11160 
7 11174 11343 11454 11533 11511 11428 11192 
6 11454 11343 11523 11564 11596 11533 
4 11596 11564 11523 11654 
7 11340 11505 11651 11654 11523 11343 11427 
7 10793 10749 10811 10961 10973 11005 10992 
7 10749 10793 10746 10762 10686 10490 10685 
6 10762 10746 10793 10992 11194 10912 
7 10535 10464 10546 10689 10811 10749 10700 
6 10640 10647 10751 10758 10677 10590 
7 10546 10590 10677 10758 10961 10811 10689 
6 10477 10373 10535 10700 10749 10685 
7 10188 10202 10373 10477 10407 10384 10275 
8 10407 10477 10685 10490 10686 10508 10383 10384 
6 10373 10415 10248 10408 10464 10535 
6 10279 10110 10248 10415 10373 10202 
6 10110 10279 10202 10188 9959 10054 
6 9865 9893 10110 10054 9959 9907 
5 10573 10475 10393 10375 10515 
7 10464 10408 10278 10461 10640 10590 10546 
7 10640 10461 10278 10475 10573 10515 10647 
5 10004 10106 10375 10187 10168 
6 10393 10475 10278 10316 10187 10375 
6 10168 10187 10316 10278 10274 10200 
6 9893 9986 9953 10087 10248 10110 
4 9888 9986 9893 9861 
5 9888 9861 9819 9953 9986 
7 9746 10004 10168 9994 9928 9667 9701 
7 9819 9667 9928 9994 9997 10087 9953 
7 10087 10124 10200 10274 10278 10408 10248 
6 10168 10200 10124 10087 9997 9994 
7 11419 11302 11357 11432 11665 11571 11517 
5 11162 11350 11432 11357 11279 
7 11023 11099 11162 11279 11357 11302 11158 
5 10929 10995 11099 11023 10888 
8 11238 11254 11389 11365 11432 11350 11179 11154 
6 11162 11099 10995 11154 11179 11350 
6 10414 10550 10512 10655 10854 10621 
7 10657 10641 10664 10859 10854 10929 10888 
6 10414 10621 10854 10859 10664 10641 
7 10512 10712 10849 10879 10840 10814 10655 
6 10849 10712 10925 11045 10840 10879 
7 10655 10814 10840 11045 10995 10929 10854 
6 11045 10925 11191 11238 11154 10995 
7 11432 11365 11389 11459 11569 11591 11665 
7 11569 11459 11600 11743 11798 11856 11701 
5 11591 11569 11701 11713 11665 
7 11798 11755 11970 11989 11913 12083 11856 
6 11541 11658 11755 11798 11743 11600 
4 11970 11755 11658 11756 
6 11058 11067 11261 11269 11191 10925 
6 11261 11362 11494 11459 11368 11269 
7 11254 11238 11191 11269 11368 11459 11389 
7 11434 11489 11487 11494 11362 11261 11410 
7 11487 11489 11658 11541 11600 11459 11494 
7 11489 11434 11516 11374 11563 11756 11658 
8 11261 11361 11456 11563 11374 11516 11434 11410 
7 12300 12528 12549 12444 12402 12242 12156 
7 11999 12083 12121 12081 12242 12402 12201 
7 11989 12156 12242 12081 12121 12083 11913 
5 12201 12402 12484 12251 12278 
6 11832 11999 12201 12041 11956 11900 
5 12251 11956 12041 12201 12278 
6 11622 11810 11832 11900 11956 11786 
8 11730 11728 11786 11956 12019 11961 11654 11651 
8 11601 11551 11622 11786 11728 11730 11651 11505 
6 11791 11797 11729 11867 11999 11832 
7 11867 11729 11713 11701 11856 12083 11999 
7 11832 11571 11665 11713 11729 11797 11791 
7 11517 11571 11832 11810 11622 11551 11537 
6 11970 12069 12101 12279 12156 11989 
8 12281 12193 12323 12330 12300 12156 12279 12144 
7 12323 12432 12463 12491 12528 12300 12330 
5 12144 12106 12180 12193 12281 
7 11915 12180 12106 12014 11970 11756 11794 
7 11970 12014 12106 12144 12279 12101 12069 
6 11733 11719 11827 11945 12098 11955 
6 11456 11595 11662 11657 11733 11681 
5 11657 11662 11827 11719 11733 
4 11744 11681 11733 11820 
7 11563 11456 11681 11744 11759 11794 11756 
6 11744 11820 11862 11915 11794 11759 
7 11820 11733 11955 12098 12180 11915 11862 
7 10544 10507 10473 10508 10686 10762 10561 
8 10277 10275 10384 10383 10508 10473 10502 10388 
8 10473 10507 10544 10543 10314 10267 10388 10502 
5 10170 10277 10388 10267 10137 
5 10343 10283 10314 10543 10599 
5 10137 10267 10314 10283 10207 
7 10543 10544 10561 10762 10788 10874 10722 
6 10543 10722 10684 11011 10687 10599 
6 10874 11026 11097 11011 10684 10722 
8 11026 10874 11017 11027 10912 11194 11234 11087 
5 11026 11087 11234 11316 11097 
7 10788 10762 10912 11027 11017 10954 10810 
5 10788 10810 10954 11017 10874 
8 11323 11132 11011 11097 11260 11290 11367 11283 
5 10985 11011 11132 11148 11022 
7 10873 10826 10893 10687 11011 10985 11022 
6 11316 11465 11567 11359 11260 11097 
8 11468 11359 11567 11704 11491 11720 11671 11323 
7 11260 11359 11468 11323 11283 11367 11290 
5 10196 10207 10283 10343 10206 
5 10273 10206 10343 10480 10379 
6 10480 10343 10599 10687 10893 10671 
7 10627 10423 10326 10494 10511 10571 10737 
5 10273 10379 10511 10494 10326 
7 10379 10480 10671 10516 10737 10571 10511 
7 10893 10826 10873 10627 10737 10516 10671 
7 11830 11626 11800 11998 12104 12094 12044 
6 11626 11632 11684 11671 11720 11800 
7 11704 11793 11946 11998 11800 11720 11491 
7 11358 11323 11671 11684 11632 11626 11437 
5 11148 11132 11323 11358 11223 
7 11308 11148 11223 11358 11437 11626 11452 
7 11807 11830 12044 12094 12082 12077 11914 
6 11830 11807 11914 11748 11723 11626 
5 11748 11914 11908 11761 11678 
5 11426 11513 11678 11510 11333 
6 11510 11678 11761 11624 11476 11333 
5 11445 11452 11588 11513 11426 
7 11513 11588 11452 11626 11723 11748 11678 
6 10471 10423 10627 10790 10668 10616 
6 10764 10789 10645 10616 10668 10790 
6 10789 10764 10790 10905 11003 10837 
7 10593 10645 10789 10825 10803 10702 10615 
6 11071 11147 11171 11101 10877 10959 
7 10825 10789 10837 11003 11071 10959 10877 
7 10790 10627 10869 11032 11014 11003 10905 
7 11028 11104 11032 10869 10627 10873 10917 
6 10873 11022 11148 11104 11028 10917 
7 11445 11426 11208 11112 11332 11308 11452 
6 11308 11332 11112 11032 11104 11148 
6 11071 11003 11014 11032 11112 11208 
6 11071 11208 11426 11333 11171 11147 
7 11837 11787 11790 11848 11865 12011 12123 
7 12173 12213 12327 12348 12123 12011 12162 
5 12011 11865 12023 12150 12162 
6 12327 12213 12423 12413 12622 12348 
8 12212 12410 12385 12423 12213 12173 12162 12150 
7 12212 12150 12023 12093 12255 12324 12410 
8 11886 11852 11771 11934 12058 12090 12038 12004 
8 11886 12004 12038 11938 12023 11865 11885 11852 
7 12023 11938 12038 12090 12058 12255 12093 
6 11514 11474 11633 11667 11731 11587 
5 11667 11633 11771 11852 11731 
7 11741 11689 11587 11731 11852 11885 11865 
8 11680 11529 11587 11689 11741 11865 11848 11790 
7 11771 11633 11605 11669 11763 11909 11934 
7 11444 11398 11378 11476 11669 11605 11586 
6 11474 11398 11444 11586 11605 11633 
5 11803 11669 11476 11624 11761 
7 11761 11908 11914 11922 11940 11896 11803 
5 11669 11803 11896 11909 11763 
7 11909 11896 11940 12079 12085 11993 11934 
6 11934 11993 12085 12108 12122 12058 
8 12255 12058 12122 12108 12085 12172 12372 12324 
5 12252 12154 12018 11914 12077 
7 11922 11914 12018 12154 12205 12079 11940 
5 12154 12252 12273 12372 12205 
5 12085 12079 12205 12372 12172 
6 11082 11094 11170 11309 11165 11140 
6 11315 11398 11474 11414 11309 11170 
7 11165 11309 11414 11474 11514 11486 11376 
6 11037 11049 11165 11376 11246 11085 
6 11080 10952 11082 11140 11165 11049 
5 10945 10742 10952 11080 11049 
7 11068 11101 11171 11333 11476 11378 11130 
6 11130 11378 11398 11315 11170 11151 
7 11130 11151 11170 11094 11082 11062 11068 
7 10631 10843 10851 10921 10952 10742 10659 
7 10851 10907 11068 11062 11082 10952 10921 
5 10702 10803 10843 10631 10644 
8 10803 10825 10877 11101 11068 10907 10851 10843 
7 11037 11085 11246 11232 11239 11202 11070 
7 11049 11037 11070 11116 10953 10971 10945 
7 11116 11070 11202 11272 11267 11077 10953 
5 11331 11281 11394 11415 11307 
7 11239 11293 11331 11307 11415 11272 11202 
7 11232 11246 11376 11281 11331 11293 11239 
6 11625 11659 11790 11787 11717 11530 
5 11471 11540 11659 11625 11530 
7 11356 11267 11272 11415 11540 11471 11530 
6 11540 11415 11394 11472 11580 11659 
5 11659 11580 11472 11680 11790 
7 11281 11376 11422 11529 11680 11472 11394 
6 11376 11486 11514 11587 11529 11422 
7 10716 10662 10767 10953 11077 10932 10812 
6 10742 10945 10971 10953 10771 10847 
7 10563 10742 10847 10771 10953 10767 10662 
7 10724 10812 10932 10794 10944 10937 10678 
7 10662 10716 10812 10724 10642 10601 10565 
7 10598 10567 10601 10642 10724 10678 10562 
7 10304 10372 10417 10491 10441 10183 10228 
6 10294 10215 10293 10417 10372 10304 
5 10294 10304 10228 10181 10215 
6 10491 10522 10563 10662 10565 10560 
6 10518 10542 10563 10522 10491 10417 
8 10183 10441 10601 10567 10598 10562 10472 10306 
5 10565 10601 10441 10491 10560 
7 10583 10465 10362 10427 10416 10596 10572 
5 10226 10270 10358 10427 10362 
6 10270 10321 10334 10416 10427 10358 
8 10631 10583 10572 10596 10593 10615 10702 10644 
5 10302 10226 10362 10431 10504 
6 10504 10431 10362 10465 10583 10631 
7 10226 10285 10459 10365 10261 10193 10051 
6 10099 10118 10134 10211 10293 10215 
7 10211 10134 10193 10261 10365 10417 10293 
6 10459 10539 10659 10626 10496 10365 
8 10459 10285 10226 10302 10504 10631 10659 10539 
7 10542 10518 10417 10365 10496 10587 10563 
6 10587 10496 10626 10659 10742 10563 
7 9655 9586 9767 9979 9958 9900 9813 
6 10221 9882 9934 10059 10183 10306 
7 9900 9958 9979 10052 10183 10059 9934 
6 9521 9661 9796 9934 9882 9785 
6 9852 9655 9813 9900 9934 9796 
6 9655 9852 9796 9661 9521 9439 
7 9072 9313 9448 9326 9306 9366 9056 
5 9306 9326 9448 9568 9366 
7 9324 9056 9366 9568 9586 9655 9439 
7 9414 9432 9581 9625 9748 9800 9629 
7 9586 9568 9448 9414 9629 9800 9767 
6 9195 9414 9448 9313 9072 9154 
6 8901 9113 9195 9154 9072 8955 
7 9885 10006 9957 9996 9905 9856 9814 
7 10006 9885 9965 10028 10193 10134 10096 
7 9957 10006 10096 10134 10118 10083 9996 
5 9965 9931 10051 10193 10028 
7 9745 9720 9820 9936 9965 9885 9814 
7 9820 9720 9922 10051 9931 9965 9936 
5 10030 10052 9979 9767 9964 
7 9964 9972 10181 10228 10183 10052 10030 
7 10118 10099 10215 10181 9972 9996 10083 
6 9905 9996 9972 9881 9800 9748 
5 9800 9881 9972 9964 9767 
6 9625 9581 9715 9856 9905 9748 
6 9745 9814 9856 9715 9581 9646 
6 9704 9663 9847 9927 9967 9853 
8 10077 10043 9853 9988 10039 10033 10117 10151 
7 9967 9927 9981 10033 10039 9988 9853 
7 10151 10117 10321 10270 10226 10051 10077 
7 9855 9811 9853 10043 10077 10051 9922 
7 9558 9811 9855 9922 9720 9632 9576 
6 9220 9135 9231 9358 9412 9271 
8 9557 9552 9652 9558 9576 9412 9358 9539 
5 9413 9557 9539 9358 9231 
7 9552 9557 9413 9429 9591 9704 9652 
6 9601 9663 9704 9591 9429 9577 
6 9577 9429 9413 9144 9334 9379 
5 9853 9811 9558 9652 9704 
6 9220 9271 9185 9096 9030 9134 
6 9185 9240 9097 9085 9086 9096 
6 8991 8939 9030 9096 9086 9085 
7 9097 9240 9333 9357 9299 9205 9085 
7 9113 9099 9205 9299 9432 9414 9195 
6 8901 8991 9085 9205 9099 9113 
4 9540 9517 9576 9632 
7 9408 9271 9412 9576 9517 9540 9381 
7 9185 9271 9408 9381 9357 9333 9240 
6 9623 9645 9720 9745 9646 9581 
7 9530 9540 9632 9720 9645 9623 9532 
6 9357 9381 9540 9530 9532 9478 
7 9299 9357 9478 9532 9623 9581 9432 
7 9847 9663 9759 9858 9974 9854 9927 
7 9927 9854 9974 10063 10177 10033 9981 
6 10177 10063 10280 10423 10471 10309 
6 10177 10309 10299 10321 10117 10033 
7 10299 10309 10471 10395 10416 10334 10321 
7 10416 10395 10471 10616 10645 10593 10596 
5 9759 9663 9601 9577 9666 
6 9578 9730 9858 9759 9666 9674 
6 9379 9433 9578 9674 9666 9577 
7 9433 9524 9553 9757 9662 9573 9578 
6 9662 9757 9742 9702 9578 9573 
6 9858 9730 9751 9793 9948 9974 
8 9702 9742 9757 9948 9793 9751 9730 9578 
7 10020 10085 10188 10275 10277 10170 10137 
6 9780 10008 10085 10020 9754 9641 
6 9907 9959 10188 10085 10008 9780 
6 9617 9641 9754 9752 9839 9689 
7 9923 10137 10207 10196 10132 9839 9752 
5 9923 9752 9754 10020 10137 
8 9770 9775 10115 10206 10273 10071 9948 9757 
6 10063 9974 9948 10071 10223 10280 
6 10280 10223 10071 10273 10326 10423 
6 9697 9689 9839 9734 9760 9758 
7 9553 9554 9617 9689 9697 9758 9757 
6 10115 9789 9839 10132 10196 10206 
9 9758 9760 9734 9839 9789 10115 9775 9770 9757 
6 12612 12410 12479 12654 12777 12763 
7 12669 12793 12892 12873 12839 12777 12654 
7 12777 12839 12873 12924 12953 12901 12763 
7 12841 12901 12953 13025 13195 13175 12982 
7 12892 12787 12905 13126 12986 12924 12873 
7 13195 13025 12953 12924 12986 13126 13277 
7 12775 12747 12841 12982 12900 12857 12786 
7 12646 12747 12775 12786 12622 12641 12706 
6 12413 12423 12646 12706 12641 12622 
5 12646 12591 12635 12770 12747 
6 12763 12901 12841 12747 12770 12635 
7 12410 12612 12763 12635 12591 12487 12385 
5 12487 12591 12646 12423 12385 
6 12905 13130 13220 13307 13277 13126 
7 13425 13307 13220 13130 13189 13251 13431 
6 13251 13189 13211 13137 13294 13431 
7 13014 13064 13137 13211 13189 13130 13105 
6 13014 13105 13130 12905 12848 12945 
7 12705 12899 13014 12945 12829 12890 12715 
6 12672 12715 12890 12829 12720 12645 
7 12654 12618 12645 12720 12756 12793 12669 
9 12793 12756 12720 12829 12945 12848 12905 12787 12892 
7 12372 12473 12519 12618 12654 12479 12399 
5 12324 12372 12399 12479 12410 
5 12473 12672 12645 12618 12519 
6 12473 12372 12572 12705 12715 12672 
6 13577 13606 13683 13802 13771 13688 
7 13401 13379 13537 13556 13606 13577 13388 
6 13379 13484 13683 13606 13556 13537 
6 13277 13307 13425 13383 13484 13379 
6 13260 13175 13195 13277 13379 13401 
5 13260 13401 13388 13288 13175 
6 13175 13288 13376 13286 13210 12982 
6 13469 13388 13577 13688 13717 13664 
7 13388 13469 13664 13452 13286 13376 13288 
6 13780 13678 13716 13664 13742 13790 
5 13664 13716 13678 13540 13452 
6 13742 13784 13917 13991 13780 13790 
7 13688 13771 13917 13784 13742 13664 13717 
5 13672 13908 13941 14041 13728 
8 14275 14146 14074 14041 14210 14436 14235 14301 
7 14041 13941 13908 14110 14355 14436 14210 
7 13590 13683 13484 13383 13425 13638 13672 
8 13802 13837 14074 13891 13843 13846 13917 13771 
8 13590 13672 13728 14041 14074 13837 13802 13683 
5 14144 13917 13846 14034 14127 
8 14189 14254 14405 14463 14307 14113 14144 14127 
6 13991 13917 14144 14113 14307 14230 
7 13846 13843 13891 14074 14133 14058 14034 
7 14058 14133 14120 14254 14189 14127 14034 
7 14276 14178 14133 14074 14146 14275 14301 
7 14254 14120 14133 14178 14276 14370 14405 
7 12252 12366 12555 12705 12572 12372 12273 
5 12446 12368 12454 12554 12556 
6 12555 12366 12368 12446 12556 12705 
7 12225 12202 12284 12449 12454 12368 12366 
6 12094 12104 11998 12202 12225 12082 
5 12077 12082 12225 12366 12252 
7 12832 12713 12653 12758 12917 12930 12876 
7 12597 12561 12653 12713 12832 12556 12554 
5 12454 12449 12561 12597 12554 
6 12879 13039 12977 12898 12556 12832 
7 12879 12832 12876 12930 12917 13041 13039 
7 12556 12898 12977 13054 12948 12899 12705 
7 13095 13031 13064 13014 12899 12948 13054 
7 13453 13554 13586 13363 13228 13222 13295 
7 13406 13485 13532 13482 13370 13367 13405 
8 13350 13363 13586 13532 13485 13406 13405 13367 
7 13095 13228 13274 13294 13137 13064 13031 
6 13323 13274 13228 13363 13350 13367 
6 13274 13323 13367 13370 13431 13294 
5 13237 13088 13054 12977 13039 
6 13088 13237 13295 13222 13228 13136 
5 13054 13088 13136 13228 13095 
7 13237 13434 13465 13499 13554 13453 13295 
5 13039 13041 13138 13434 13237 
6 13071 13077 13138 13041 12917 12915 
8 13077 13071 13289 13471 13499 13465 13434 13138 
6 13944 14069 14165 14037 14018 13838 
6 14106 14101 14169 14172 14069 13944 
6 14013 14101 14106 13944 13838 13906 
7 14169 14101 14378 14388 14343 14256 14172 
7 14165 14069 14172 14256 14343 14495 14223 
5 14165 14223 14495 14439 14268 
7 13586 13554 13623 13653 13838 13782 13725 
7 13653 13623 13610 13619 13777 13906 13838 
6 13471 13619 13610 13623 13554 13499 
6 13471 13490 13650 13679 13589 13619 
5 13289 13444 13650 13490 13471 
6 13777 13619 13589 13679 13650 13788 
7 13650 13800 13865 14013 13906 13777 13788 
7 13673 13685 13575 13482 13532 13586 13725 
6 13685 13673 13825 13981 14110 13908 
6 13673 13725 13782 13910 13981 13825 
5 13575 13464 13431 13370 13482 
6 13431 13464 13599 13672 13638 13425 
6 13464 13575 13685 13908 13672 13599 
7 14451 14258 14165 14268 14439 1883 14473 
6 14267 14258 14451 14473 14412 14336 
5 14286 14267 14336 14412 14355 
6 14258 14267 13996 13879 14037 14165 
7 13838 14018 14037 13879 13996 13910 13782 
6 14110 13981 14158 14267 14286 14355 
5 13910 13996 14267 14158 13981 
7 13252 13239 13166 13304 13473 13450 13360 
7 13115 13129 13166 13239 13042 12847 12996 
6 12842 12847 13042 13239 13252 13060 
8 13066 13032 12868 12750 12722 12842 13060 13252 
6 12801 12996 12847 12842 12722 12683 
6 12568 12615 12614 12683 12722 12750 
7 13032 13086 13084 13146 12956 12906 12868 
5 12750 12868 12906 12834 12695 
5 12695 12834 12906 12956 12877 
7 13245 13360 13444 13289 13071 13146 13124 
6 13084 13086 13156 13245 13124 13146 
6 13032 13066 13203 13245 13156 13086 
5 13066 13252 13360 13245 13203 
5 11998 12086 12261 12221 12202 
5 12395 12284 12202 12221 12261 
4 12284 12395 12561 12449 
6 12596 12525 12472 12227 12320 12450 
6 12227 12472 12420 12395 12261 12086 
5 12395 12420 12482 12579 12561 
8 12596 12450 12568 12750 12695 12532 12472 12525 
7 12579 12482 12558 12695 12664 12653 12561 
6 12420 12472 12532 12695 12558 12482 
6 12799 12858 13029 13146 13071 12915 
6 12695 12877 12956 13146 13029 12858 
6 12664 12695 12858 12799 12719 12653 
6 12653 12719 12799 12915 12917 12758 
7 13663 13920 13761 13797 13718 13714 13563 
5 13797 13761 13920 14085 13962 
7 13799 13797 13962 14085 14234 14010 13997 
5 13433 13497 13582 13473 13304 
6 13456 13563 13714 13582 13497 13433 
7 13433 13395 13496 13561 13663 13563 13456 
7 13519 13373 13513 13496 13395 13194 13324 
6 13519 13324 13127 13179 13184 13372 
7 13055 13179 13127 13324 13194 13094 13053 
5 13166 13225 13395 13433 13304 
7 13201 13094 13194 13395 13225 13166 13129 
5 13115 12996 13053 13080 13129 
5 13080 13053 13094 13201 13129 
7 14281 14171 14203 14010 14234 14481 14500 
8 13939 13998 14010 14203 14171 14281 14159 14053 
8 13997 14010 13998 13939 14053 13868 13929 13972 
7 13865 13800 13811 13823 14030 14101 14013 
7 13901 13868 14053 14159 13992 14030 13823 
6 13992 14159 14281 14378 14101 14030 
7 13868 13687 13792 13799 13997 13972 13929 
6 13450 13473 13582 13792 13687 13609 
6 13714 13718 13797 13799 13792 13582 
6 13668 13609 13687 13868 13816 13757 
9 13757 13816 13868 13901 13823 13811 13800 13693 13798 
7 13360 13450 13609 13668 13557 13650 13444 
7 13668 13757 13798 13693 13800 13650 13557 
7 11607 11533 11596 11714 11736 11746 11692 
7 11961 12034 11974 11841 11714 11596 11654 
7 12034 12217 12046 12099 12032 11844 11974 
8 11846 11844 12032 11975 11978 11912 11879 11819 
8 11736 11714 11841 11974 11844 11846 11819 11779 
5 11736 11779 11819 11879 11746 
8 11686 11645 11692 11746 11879 11912 11978 11868 
6 11583 11645 11686 11567 11465 11556 
8 11484 11607 11692 11645 11583 11556 11524 11503 
5 11234 11194 11428 11451 11352 
7 11484 11352 11451 11428 11511 11533 11607 
6 11316 11234 11352 11395 11556 11465 
6 11484 11503 11524 11556 11395 11352 
7 12068 12268 12254 12335 12160 11967 12091 
7 12320 12160 12335 12383 12455 12568 12450 
7 12268 12068 12289 12455 12383 12335 12254 
4 12176 12227 12086 12063 
6 11967 12160 12152 12176 12063 12002 
5 12176 12152 12160 12320 12227 
7 11778 11686 11868 12068 12091 11967 11872 
6 11978 11975 12032 12139 12068 11868 
6 12139 12032 12214 12311 12289 12068 
7 11799 11872 11967 12002 12063 11942 11711 
7 11686 11778 11872 11799 11711 11704 11567 
7 11946 11793 11880 11942 12063 12086 11998 
5 11704 11711 11942 11880 11793 
7 12223 12264 12219 12214 12032 12099 12184 
7 12217 12329 12512 12264 12223 12184 12216 
5 12217 12216 12184 12099 12046 
7 12217 12034 12043 12199 12237 12354 12329 
6 12329 12354 12397 12418 12511 12512 
6 12237 12199 12362 12418 12397 12354 
6 12512 12511 12703 12795 12683 12565 
6 12311 12214 12288 12437 12355 12289 
7 12288 12214 12219 12264 12512 12565 12437 
7 12437 12565 12683 12614 12589 12505 12481 
5 12515 12481 12505 12589 12614 
6 12289 12355 12477 12615 12568 12455 
7 12437 12481 12515 12614 12615 12477 12355 
6 12778 12609 12521 12538 12731 12870 
8 12543 12731 12538 12521 12484 12402 12444 12518 
6 12549 12716 12731 12543 12518 12444 
8 12517 12251 12484 12521 12609 12606 12418 12362 
6 12258 11956 12251 12517 12362 12199 
7 12019 11956 12258 12199 12043 12034 11961 
8 12766 13055 13053 12996 12801 12683 12795 12729 
8 12511 12630 12748 12791 12766 12729 12795 12703 
7 12606 12613 12791 12748 12630 12511 12418 
7 12844 12778 12870 12849 12897 13184 12947 
7 12613 12606 12609 12778 12844 12859 12791 
8 12859 12844 12947 13184 12973 13055 12766 12791 
4 13184 13179 13055 12973 
6 7010 4262 5576 8366 4406 6263 
7 4406 1604 2862 7267 7641 1631 6263 
5 7010 6263 1631 2449 3918 
7 4262 7010 6468 7763 987 1608 5576 
9 3418 3918 2334 3653 7269 7995 1608 987 1888 
7 6468 7010 3918 3418 1888 987 7763 
6 851 2702 574 3458 7267 2862 
6 4452 2702 851 2862 1604 2169 
7 4406 3101 274 1024 734 2169 1604 
6 905 274 7601 5835 5914 6257 
5 4406 8366 7601 274 3101 
5 5914 7734 5576 1608 743 
6 5576 7734 5914 5835 7601 8366 
6 1608 7995 8644 6576 3451 743 
7 7995 7269 7319 7127 9430 12682 8644 
6 7127 7319 7269 3653 7577 9430 
6 3653 2334 6448 7492 8427 7577 
8 11131 8091 8427 7492 10338 12185 3564 14248 
7 9430 7577 8427 8091 11131 14248 12682 
7 3918 2449 2658 6326 7492 6448 2334 
6 2188 7641 6710 2336 5729 2554 
7 1631 7641 2188 2554 6326 2658 2449 
6 6148 4533 9993 10239 11065 10338 
6 10338 11065 10239 10265 10482 12185 
6 2554 5729 4533 6148 8080 6326 
5 7492 6326 8080 6148 10338 
7 13429 15 56 1735 4112 700 130 
6 15 13429 130 855 574 10101 
6 14523 15 10101 574 2702 12952 
7 6295 4859 4332 2541 7756 5895 5567 
7 855 130 700 842 6295 4151 574 
7 700 3843 2541 4332 4859 6295 842 
7 2778 2385 2403 5125 7756 2541 3815 
7 2302 3223 2428 2778 3815 2541 3820 
6 2302 3820 2541 3843 700 4112 
7 11780 12862 8286 2302 4112 1735 3078 
7 12862 1199 2879 3168 622 1694 8286 
6 1694 622 138 3223 2302 8286 
6 138 622 2385 2778 2428 3223 
7 574 4151 6295 5567 6610 5268 3458 
4 6710 7641 5325 6610 
6 5268 6610 5325 7641 7267 3458 
6 6710 6610 5567 960 2134 2336 
4 960 7640 2674 2655 
8 7756 910 4229 2674 7640 960 5567 5895 
8 5271 6393 1184 4297 910 7756 5125 2403 
7 4229 910 4297 554 880 2655 2674 
6 880 554 1343 5036 2860 2655 
7 5803 6944 4533 5729 4075 2860 5036 
7 2336 2134 960 2655 2860 4075 5729 
6 4533 6944 6841 7574 10239 9993 
8 5036 1343 7926 7277 7574 6841 6944 5803 
5 6808 4661 5370 7363 8023 
8 7363 5370 4661 649 2652 2785 1629 5230 
7 649 10732 967 13208 1629 2785 2652 
7 790 649 4661 6808 6163 4942 1462 
5 622 3168 790 1462 2385 
8 3168 14414 14407 14386 14493 10732 649 790 
6 817 4224 1033 3103 7926 1343 
6 1184 4224 817 1343 554 4297 
4 4224 1184 351 1033 
6 6163 5206 6393 5312 1462 4942 
6 2385 1462 5312 6393 5271 2403 
6 5206 6163 6808 8023 7240 351 
4 5206 351 1184 6393 
7 5535 8443 9462 12567 12319 9314 10237 
5 11873 12319 12567 13133 11050 
7 10422 5535 10237 9314 12319 11873 11050 
7 9514 10422 11050 13133 167 12742 9587 
6 9462 12235 9895 12768 13899 12567 
7 13133 12567 13899 12768 10895 12742 167 
8 5535 10422 9514 9175 9206 7277 7926 3103 
8 10123 9175 9514 9587 13131 2374 10239 9960 
7 9175 10123 9960 10239 7574 7277 9206 
6 7578 8023 7363 141 8239 3952 
5 141 4237 2955 3952 8239 
7 1033 4004 3952 2955 4237 5535 3103 
7 8023 7578 3952 4004 1033 351 7240 
7 8813 11870 12070 11076 10000 13263 9471 
7 10000 11076 12972 13551 13612 11753 5981 
6 13263 10000 5981 11753 13612 12709 
7 11735 12972 11076 12070 11870 8813 10613 
6 14014 10895 10418 11475 10613 13883 
6 1919 2374 13131 13883 10613 8813 
4 12021 13263 12709 13278 
7 8972 8486 5217 9471 13263 12021 3564 
5 12185 10482 8486 8972 3564 
7 10265 2944 12681 9471 5217 8486 10482 
5 2944 13922 8813 9471 12681 
6 2374 11973 13922 2944 10265 10239 
5 11973 2374 1919 8813 13922 
6 9587 12742 10895 14014 13883 13131 
5 13147 13551 12972 11086 13099 
7 10613 11475 12578 13099 11086 12972 11735 
7 13099 12578 11475 10418 11696 1704 13147 
7 10895 12768 12287 11538 13273 11696 10418 
6 13273 11538 14000 10499 1704 11696 
7 12768 9895 12386 12691 14000 11538 12287 
4 14000 8764 4472 10499 
7 12691 12576 533 10444 4472 8764 14000 
6 13666 9902 10444 533 12576 13925 
8 1601 9902 13666 13925 12576 12691 10588 11709 
7 10203 3655 9902 1601 11709 9041 9895 
6 10588 12691 12386 9895 9041 11709 
7 13819 13721 13795 13806 14003 14155 13886 
5 13740 13806 13795 13712 13634 
7 13571 13519 13509 13634 13712 13795 13721 
7 13378 13502 13710 13733 13634 13509 13412 
8 13710 13793 13763 13817 13921 13803 13775 13733 
8 13733 13775 13803 13921 14003 13806 13740 13634 
6 13763 13793 13934 13913 13839 13817 
5 14015 14067 14228 14237 14109 
7 14090 13934 13793 13858 14067 14015 14109 
7 14112 14187 14155 14003 13921 14049 14092 
7 14112 14180 14236 14350 14365 14253 14187 
7 14020 13934 14090 14180 14112 14092 14049 
7 13817 13839 13913 13934 14020 14049 13921 
8 14528 14398 96 3168 2879 1199 12862 11780 
8 11780 3078 1735 56 15 127 14440 14528 
7 14284 14285 14398 14528 14440 14237 14228 
7 14505 14447 14237 14440 127 15 14523 
7 14291 14237 14447 14424 14466 14393 14375 
7 14475 14393 14466 14424 14447 14505 14523 
5 13624 13571 13721 13819 13663 
5 13519 13571 13624 13513 13373 
5 13513 13624 13663 13561 13496 
7 14109 14237 14244 14216 14236 14180 14090 
7 14326 14216 14244 14237 14291 14375 14393 
5 14403 14326 14393 14475 14409 
7 14350 14236 14216 14326 14403 14409 14365 
6 13937 14016 14148 14149 14077 13960 
5 14149 14148 14309 14240 14077 
7 14283 13960 14077 14240 14309 14450 14327 
5 14310 14287 14155 14187 14253 
6 14016 13886 14155 14287 14309 14148 
7 14016 13937 13960 13920 13663 13819 13886 
8 14400 14534 4052 4200 734 4307 14450 14464 
7 14346 14287 14349 14534 14400 14464 14359 
6 14287 14346 14359 14464 14450 14309 
6 14310 14487 4452 14534 14349 14287 
5 14310 14253 14365 14516 14487 
8 12952 14531 14487 14516 14365 14409 14475 14523 
5 4452 14487 14531 12952 2702 
6 14234 14314 14480 2911 62 14481 
7 13410 14500 9971 5980 62 3144 712 
5 14481 62 5980 9971 14500 
6 3144 1955 905 6257 1530 712 
6 3144 62 2911 12855 13187 1955 
8 12855 2911 734 1024 274 905 1955 13187 
9 13920 13960 14283 14327 14292 14280 14239 14175 14085 
8 14200 14175 14239 14280 14292 14472 14480 14314 
5 14175 14200 14314 14234 14085 
6 14522 14327 14450 4307 734 2911 
6 14472 14292 14327 14522 2911 14480 
5 4052 14534 4452 2169 4631 
5 2169 734 4200 4052 4631 
6 13318 13545 13604 13507 13348 13243 
6 13040 13121 13318 13243 13348 13206 
5 13206 13163 13049 12997 13040 
5 13348 13507 13455 13384 13333 
7 13604 13713 13710 13502 13384 13455 13507 
6 13713 13604 13756 13858 13793 13710 
5 12849 12870 12955 13118 12897 
7 13240 13378 13412 13509 13519 13372 13368 
7 13372 13184 12897 13118 13232 13240 13368 
5 13118 12955 13049 13181 13244 
7 13163 13206 13348 13333 13244 13181 13049 
5 13244 13333 13384 13502 13337 
7 13232 13118 13244 13337 13502 13378 13240 
6 12731 12716 12785 12835 12955 12870 
6 12874 12997 12928 12942 12785 12716 
7 12928 12997 13049 12955 12835 12785 12942 
4 12700 12694 12821 12825 
7 12463 12432 12694 12700 12825 12816 12708 
8 12716 12549 12528 12491 12463 12708 12816 12874 
7 13121 13226 13298 13424 13397 13421 13318 
5 13223 13178 12963 13016 13229 
7 12936 12963 13178 13223 13298 13226 13121 
5 12927 12929 13040 12997 12874 
5 12927 12874 12816 12887 12929 
8 13121 13040 12929 12887 12816 12825 12865 12936 
7 12694 12781 12963 12936 12865 12825 12821 
6 14176 14150 14229 14407 14290 14201 
6 14080 14194 14270 14099 13916 14040 
6 14040 14045 14150 14176 14201 14080 
7 14414 3168 96 14392 14391 14290 14407 
7 14194 14080 14201 14290 14391 14249 14270 
6 14249 14391 14392 96 14398 14270 
5 14099 14270 14179 13985 13969 
7 14067 13940 13985 14179 14231 14284 14228 
6 14270 14398 14285 14284 14231 14179 
7 13604 13545 13726 13916 13734 13871 13807 
7 13734 13916 14099 13969 13877 13807 13871 
7 13940 14067 13858 13756 13604 13807 13864 
6 13807 13877 13969 13985 13940 13864 
6 13421 13397 13424 13544 13514 13318 
7 13674 13675 13667 13661 13654 13514 13544 
5 13545 13318 13514 13654 13726 
7 13544 13424 13298 13426 13503 13676 13674 
6 13229 13322 13308 13426 13298 13223 
5 13322 13375 13503 13426 13308 
7 14229 14204 14160 14303 14382 14386 14407 
7 13947 13987 14011 14087 14045 14040 13902 
7 14160 14204 14229 14150 14045 14087 14011 
6 13674 13676 13851 13755 13902 13762 
6 13755 13851 14011 13987 13947 13902 
7 13661 13829 13902 14040 13916 13726 13654 
7 13675 13674 13762 13902 13829 13661 13667 
5 5043 7440 7278 634 1255 
7 5674 6853 6373 7271 1255 634 3706 
6 6373 5914 743 5043 1255 7271 
5 8724 7278 7512 7631 10035 
9 6576 7908 7780 7512 7278 7440 5043 743 3451 
6 7631 7512 7780 7908 11186 10035 
6 6099 5722 5615 3225 3180 2309 
7 5615 7046 5674 3706 634 201 3225 
7 3180 3225 201 634 7278 6181 3120 
6 5891 5722 873 712 1530 5156 
5 5722 5891 5156 7046 5615 
6 6373 6563 5156 1530 6257 5914 
6 6563 6373 6853 5674 7046 5156 
7 3180 3120 6181 7701 5184 6676 2309 
4 5184 7701 6181 8287 
7 5184 8287 6181 7278 8724 10035 10777 
5 11574 10190 13009 11702 7184 
6 6676 5184 11574 7184 2146 2309 
5 10777 10875 10190 11574 5184 
6 5494 7276 2797 5887 10777 10035 
7 5683 3873 1996 1062 10817 12784 9807 
7 10875 10777 5887 2797 1062 1996 3873 
6 14295 9807 12784 12129 8647 13056 
5 14295 13056 3873 5683 9807 
6 13428 13056 8647 12129 162 13009 
6 10875 3873 13056 13428 13009 10190 
8 8606 2573 4283 162 12129 11925 14103 10681 
7 12129 12784 11002 11092 11630 13859 11925 
7 11630 11092 6775 13705 14103 11925 13859 
4 6498 11137 6775 11092 
6 14478 10817 14426 1787 11137 6498 
6 10817 14478 6498 11092 11002 12784 
8 9120 3875 13010 14260 12671 11242 9867 9551 
6 9551 10555 14233 13588 3875 9120 
6 13639 14260 13010 3875 13588 14233 
6 7276 5494 9867 8692 1062 2797 
6 9867 11242 10130 10817 1062 8692 
6 11242 12671 14260 13692 14052 10130 
6 10817 10130 14052 13692 1787 14426 
7 13873 13786 187 9837 14233 10555 9551 
6 10035 10057 13786 13873 14320 5494 
5 13873 9551 9867 5494 14320 
6 7908 6576 8644 12682 8908 11635 
7 11186 7908 11635 187 13786 10057 10035 
6 8908 10073 9164 9837 187 11635 
6 11224 13345 13639 14233 13946 14305 
6 3564 12021 13278 13142 14298 10607 
5 14298 13142 13345 11224 10607 
6 9270 9164 10369 9156 10607 11224 
7 9837 9164 9270 11224 14305 13946 14233 
7 14248 3564 10369 9164 10073 8908 12682 
4 9156 10369 3564 10607 
5 11745 6037 10582 11971 12493 
8 14519 11875 13703 14095 14073 2319 10582 6037 
7 14095 11716 9376 8499 10582 2319 14073 
6 9637 11440 13565 11716 14095 13703 
7 9177 5590 7706 11842 11440 9637 12608 
5 9177 12608 9637 13703 11875 
7 9376 11716 11884 10225 11971 10582 8499 
6 11971 8520 137 14300 11327 12493 
6 11971 10225 13863 14300 137 8520 
5 14103 13705 14043 11387 12690 
7 11884 11716 9480 11387 14043 13863 10225 
8 13565 5472 8606 11245 12690 11387 9480 11716 
5 11245 8606 10681 14103 12690 
7 12536 5472 13565 11440 10868 10635 8549 
5 10328 8793 8810 12536 8549 
6 9822 10328 8549 10635 10868 9136 
5 8810 8793 11702 13009 12513 
5 12513 13009 162 4283 2573 
6 12536 8810 12513 2573 8606 5472 
7 2392 199 8423 4914 7448 6124 5590 
7 7448 4914 8510 9822 9136 10868 7362 
8 7448 7362 10868 11440 11842 7706 5590 6124 
8 6779 8793 10328 9822 8017 4668 3683 4740 
6 4740 2146 7184 11702 8793 6779 
7 3683 4668 8017 9822 8510 4914 8423 
6 1459 3683 8423 199 832 612 
7 3333 1993 226 1459 612 832 199 
6 1993 3333 199 2392 3174 799 
7 1993 799 3174 5922 3214 2715 5274 
7 3683 1459 226 1993 1678 2146 4740 
5 1678 1993 1245 2309 2146 
7 6870 4591 6099 2309 1245 1993 7765 
6 12 2700 2768 1767 3043 1726 
6 1726 3043 140 3214 466 4700 
7 2768 5274 2715 3214 140 3043 1767 
7 2768 5521 5634 6870 7765 1993 5274 
5 5521 6430 4591 6870 5634 
5 5722 6099 4591 6430 2640 
6 2640 6430 5521 2768 2700 2946 
7 14137 4127 1650 2946 2700 12 1592 
7 14388 14378 14488 4127 14137 14474 14343 
5 14343 14474 14137 1592 14495 
7 1883 14439 2083 7337 1726 4700 1094 
7 14495 1592 14526 3623 7337 2083 14439 
6 14526 1592 12 1726 7337 3623 
5 2079 1200 2865 4002 3363 
7 4002 2865 5722 2640 2946 1257 3363 
7 4127 1200 2079 3363 1257 2946 1650 
6 88 6967 1200 4127 14488 14378 
5 6967 873 5722 2865 1200 
6 14281 14500 13410 161 88 14378 
6 6967 88 161 13410 712 873 
7 6636 973 2877 5504 3247 2559 647 
7 6888 7218 6636 647 2559 3247 1119 
8 5300 6636 7218 6888 1119 5790 4898 6218 
5 3852 6509 973 6636 5300 
6 3743 2019 3636 2483 3482 1935 
7 3636 2019 1280 3852 5300 6218 2483 
6 3482 263 587 10951 12598 14452 
5 1964 263 3482 1240 5033 
6 1240 3482 2483 6218 4898 5033 
6 5033 4898 5790 4293 6742 6477 
6 1964 5033 6477 6742 1428 3122 
6 263 1964 3122 1428 4077 587 
7 118 10951 587 4077 1428 2728 950 
7 14405 14452 12598 10951 118 5404 14463 
7 1935 3482 14452 14405 128 13684 3743 
7 128 14405 14370 14483 14456 14514 13684 
7 14463 5404 118 950 2728 5171 100 
7 5171 72 14367 14410 14496 14463 100 
6 14230 14307 14463 14496 14410 14367 
7 14276 14384 14458 14514 14456 14483 14370 
5 14396 14458 14384 14276 14301 
4 14301 14235 14436 14396 
6 14514 14458 106 4506 2295 13684 
6 3743 13684 2295 4506 1280 2019 
6 14436 14355 14512 14445 14520 14396 
7 14396 14520 14445 1280 4506 106 14458 
7 6518 4915 1457 423 7143 973 488 
7 3852 6922 4343 6518 488 973 6509 
5 6518 4343 6922 8192 4915 
6 3852 1280 4040 5756 8192 6922 
8 8246 8452 1373 2978 423 1457 4915 4620 
6 6126 8246 4620 4915 8192 5756 
6 427 1460 3119 8246 6126 5756 
5 8246 5353 3214 5922 8452 
7 1460 4700 466 3214 5353 8246 3119 
7 4700 13321 5202 14412 14473 1883 1094 
7 14412 5202 13321 3626 14445 14512 14355 
5 1280 14445 427 5756 4040 
6 13321 4700 1460 427 14445 3626 
7 13491 8921 11745 12493 11327 12307 12475 
6 9541 10887 13491 12475 11997 7143 
6 2877 973 7143 11997 6985 5504 
7 6366 14519 6037 11745 8921 13491 13380 
7 11875 11784 13380 13491 10887 6802 9177 
5 11875 14519 6366 13380 11784 
5 3050 2708 7143 423 2978 
8 8228 5793 7627 9541 7143 2708 7694 6436 
7 7411 5793 8228 6436 7694 2708 3050 
7 7411 7086 6802 10887 9541 7627 5793 
6 5480 2392 5590 9177 6802 7086 
7 8452 5922 3174 2392 5480 668 1373 
7 2978 1373 668 5480 7086 7411 3050 
6 7024 13338 9036 11534 2742 14062 
6 10047 8826 12353 8106 13338 1524 
6 8106 12353 12005 11534 9036 13338 
6 11847 11534 12005 11559 3350 2180 
5 10575 12136 13006 3350 11559 
7 12353 8826 13006 12136 10575 11559 12005 
6 12102 1149 5784 171 12880 11573 
6 171 1986 4101 860 13103 12880 
8 10597 12102 11573 12880 13103 860 4101 9635 
6 1149 10602 10766 11847 2180 5784 
7 11534 11847 10766 10602 1149 12102 12231 
8 14062 2742 9467 10831 12231 12102 10597 13062 
5 9467 2742 11534 12231 10831 
5 793 11090 6991 14255 14319 
5 11090 13518 9008 14255 6991 
7 12307 11327 14300 14255 9008 13518 11090 
3 3350 14319 2180 
6 9678 12307 11090 8826 10047 1524 
6 793 14319 3350 13006 8826 11090 
5 6620 7378 7844 12594 10234 
7 12594 7844 9877 12494 14062 13062 10234 
5 12494 1524 13338 7024 14062 
7 11338 11997 12475 12307 9678 1524 12792 
6 11338 12792 1524 12494 9877 7560 
5 5504 6985 11997 11338 7560 
5 9877 7844 7378 5504 7560 
7 9339 9180 10234 13062 10597 14328 14477 
7 5995 5644 6620 10234 9180 11994 10728 
6 9180 9339 14477 11010 10728 11994 
5 11010 14477 14328 13366 6889 
7 13366 14328 10597 2117 10848 1470 6889 
5 10597 9635 4101 10848 2117 
8 4777 5995 10728 10157 8585 6657 7581 6946 
8 8585 10157 12117 1470 8425 214 9315 8843 
6 12117 10157 10728 11010 6889 1470 
6 8585 8843 9315 214 9788 11079 
6 7119 8448 8585 11079 9788 12539 
7 7822 6706 7581 6657 8585 8448 4806 
5 7119 12539 7822 4806 8448 
5 6927 3185 7378 6620 4959 
7 6962 2298 1488 3203 3185 6927 7513 
7 4959 6620 5644 7388 6962 7513 6927 
7 1018 646 1119 3247 5504 7378 3185 
7 646 1633 1488 6742 4293 5790 1119 
6 1488 1633 646 1018 3185 3203 
8 6172 7388 5644 5995 4777 6946 7581 8489 
5 2298 6962 7388 6172 1467 
7 2298 1467 6172 8489 1108 4231 1488 
6 8142 5052 1488 4231 197 8341 
7 2883 2728 1428 6742 1488 5052 6061 
