OFF
13505 26624 0
-1 -1 0
-0.333333 -1 0
0.333333 -1 0
1 -1 0
1 -0.333333 0
1 0.333333 0
1 1 0
0.333333 1 0
-0.333333 1 0
-1 1 0
-1 0.333333 0
-1 -0.333333 0
-0.6 -0.5 0
0 -0.333333 0
0.6 -0.5 0
0.5 0 0
0.6 0.5 0
0 0.333333 0
-0.6 0.5 0
-0.5 0 0
-0.666667 -1 0
-1 -0.666667 0
-0.8 -0.75 0
0 -1 0
-0.466667 -0.75 0
-0.166667 -0.666667 0
0.666667 -1 0
0.166667 -0.666667 0
0.466667 -0.75 0
1 -0.666667 0
0.8 -0.75 0
1 0 0
0.8 -0.416667 0
0.75 -0.166667 0
1 0.666667 0
0.75 0.166667 0
0.8 0.416667 0
0.666667 1 0
0.8 0.75 0
0 1 0
0.466667 0.75 0
0.166667 0.666667 0
-0.666667 1 0
-0.166667 0.666667 0
-0.466667 0.75 0
-1 0.666667 0
-0.8 0.75 0
-1 0 0
-0.8 0.416667 0
-0.75 0.166667 0
-0.8 -0.416667 0
-0.75 -0.166667 0
-0.3 -0.416667 0
-0.55 -0.25 0
0.3 -0.416667 0
0.25 -0.166667 0
0 0 0
-0.25 -0.166667 0
0.55 -0.25 0
0.55 0.25 0
0.25 0.166667 0
0.3 0.416667 0
-0.3 0.416667 0
-0.25 0.166667 0
-0.55 0.25 0
-0.833333 -1 0
-1 -0.833333 0
-0.9 -0.875 0
-0.5 -1 0
-0.166667 -1 0
-0.4 -0.875 0
-0.25 -0.833333 0
0.166667 -1 0
0.5 -1 0
0.25 -0.833333 0
0.4 -0.875 0
0.833333 -1 0
1 -0.833333 0
0.9 -0.875 0
1 -0.5 0
1 -0.166667 0
0.9 -0.375 0
0.875 -0.25 0
1 0.166667 0
1 0.5 0
0.875 0.25 0
0.9 0.375 0
1 0.833333 0
0.833333 1 0
0.9 0.875 0
0.5 1 0
0.166667 1 0
0.4 0.875 0
0.25 0.833333 0
-0.166667 1 0
-0.5 1 0
-0.25 0.833333 0
-0.4 0.875 0
-0.833333 1 0
-1 0.833333 0
-0.9 0.875 0
-1 0.5 0
-1 0.166667 0
-0.9 0.375 0
-0.875 0.25 0
-1 -0.5 0
-1 -0.166667 0
-0.9 -0.375 0
-0.875 -0.25 0
-0.7 -0.625 0
-0.533333 -0.625 0
-0.7 -0.458333 0
-0.45 -0.458333 0
-0.575 -0.375 0
-0.0833334 -0.5 0
0.0833334 -0.5 0
-0.15 -0.375 0
0.15 -0.375 0
0.125 -0.25 0
0 -0.166667 0
-0.125 -0.25 0
0.533333 -0.625 0
0.7 -0.625 0
0.7 -0.458333 0
0.45 -0.458333 0
0.575 -0.375 0
0.625 -0.0833334 0
0.625 0.0833334 0
0.375 -0.0833334 0
0.525 -0.125 0
0.525 0.125 0
0.375 0.0833334 0
0.7 0.458333 0
0.7 0.625 0
0.533333 0.625 0
0.575 0.375 0
0.45 0.458333 0
0.0833334 0.5 0
-0.0833334 0.5 0
0 0.166667 0
0.125 0.25 0
0.15 0.375 0
-0.15 0.375 0
-0.125 0.25 0
-0.533333 0.625 0
-0.7 0.625 0
-0.7 0.458333 0
-0.45 0.458333 0
-0.575 0.375 0
-0.625 0.0833334 0
-0.625 -0.0833334 0
-0.525 -0.125 0
-0.375 -0.0833334 0
-0.375 0.0833334 0
-0.525 0.125 0
-0.733333 -0.875 0
-0.566667 -0.875 0
-0.9 -0.708333 0
-0.9 -0.541667 0
-0.633333 -0.75 0
-0.8 -0.583333 0
-0.0833334 -0.833333 0
0.0833334 -0.833333 0
-0.316667 -0.708333 0
-0.383333 -0.583333 0
0 -0.666667 0
-0.233333 -0.541667 0
0.566667 -0.875 0
0.733333 -0.875 0
0.316667 -0.708333 0
0.233333 -0.541667 0
0.633333 -0.75 0
0.383333 -0.583333 0
0.9 -0.708333 0
0.9 -0.541667 0
0.8 -0.583333 0
0.875 -0.0833334 0
0.875 0.0833334 0
0.775 -0.291667 0
0.675 -0.333333 0
0.75 0 0
0.65 -0.208333 0
0.9 0.541667 0
0.9 0.708333 0
0.775 0.291667 0
0.65 0.208333 0
0.8 0.583333 0
0.675 0.333333 0
0.733333 0.875 0
0.566667 0.875 0
0.633333 0.75 0
0.0833334 0.833333 0
-0.0833334 0.833333 0
0.316667 0.708333 0
0.383333 0.583333 0
0 0.666667 0
0.233333 0.541667 0
-0.566667 0.875 0
-0.733333 0.875 0
-0.316667 0.708333 0
-0.233333 0.541667 0
-0.633333 0.75 0
-0.383333 0.583333 0
-0.9 0.708333 0
-0.9 0.541667 0
-0.8 0.583333 0
-0.875 0.0833334 0
-0.875 -0.0833334 0
-0.775 0.291667 0
-0.675 0.333333 0
-0.75 0 0
-0.65 0.208333 0
-0.775 -0.291667 0
-0.675 -0.333333 0
-0.65 -0.208333 0
-0.425 -0.333333 0
-0.275 -0.291667 0
-0.4 -0.208333 0
0.275 -0.291667 0
0.425 -0.333333 0
0.125 -0.0833334 0
0.4 -0.208333 0
0.25 0 0
-0.125 -0.0833334 0
0.125 0.0833334 0
-0.125 0.0833334 0
-0.25 0 0
0.4 0.208333 0
0.425 0.333333 0
0.275 0.291667 0
-0.275 0.291667 0
-0.425 0.333333 0
-0.4 0.208333 0
-0.916667 -1 0
-1 -0.916667 0
-0.95 -0.9375 0
-0.416667 -1 0
-0.25 -1 0
-0.366667 -0.9375 0
-0.291667 -0.916667 0
0.25 -1 0
0.416667 -1 0
0.291667 -0.916667 0
0.366667 -0.9375 0
0.916667 -1 0
1 -0.916667 0
0.95 -0.9375 0
1 -0.416667 0
1 -0.25 0
0.95 -0.354167 0
0.9375 -0.291667 0
1 0.25 0
1 0.416667 0
0.9375 0.291667 0
0.95 0.354167 0
1 0.916667 0
0.916667 1 0
0.95 0.9375 0
0.416667 1 0
0.25 1 0
0.366667 0.9375 0
0.291667 0.916667 0
-0.25 1 0
-0.416667 1 0
-0.291667 0.916667 0
-0.366667 0.9375 0
-0.916667 1 0
-1 0.916667 0
-0.95 0.9375 0
-1 0.416667 0
-1 0.25 0
-0.95 0.354167 0
-0.9375 0.291667 0
-1 -0.416667 0
-1 -0.25 0
-0.95 -0.354167 0
-0.9375 -0.291667 0
-0.65 -0.5625 0
-0.566667 -0.5625 0
-0.65 -0.479167 0
-0.525 -0.479167 0
-0.5875 -0.4375 0
-0.0416667 -0.416667 0
0.0416667 -0.416667 0
-0.075 -0.354167 0
0.075 -0.354167 0
0.0625 -0.291667 0
0 -0.25 0
-0.0625 -0.291667 0
0.566667 -0.5625 0
0.65 -0.5625 0
0.65 -0.479167 0
0.525 -0.479167 0
0.5875 -0.4375 0
0.5625 -0.0416667 0
0.5625 0.0416667 0
0.4375 -0.0416667 0
0.5125 -0.0625 0
0.5125 0.0625 0
0.4375 0.0416667 0
0.65 0.479167 0
0.65 0.5625 0
0.566667 0.5625 0
0.5875 0.4375 0
0.525 0.479167 0
0.0416667 0.416667 0
-0.0416667 0.416667 0
0 0.25 0
0.0625 0.291667 0
0.075 0.354167 0
-0.075 0.354167 0
-0.0625 0.291667 0
-0.566667 0.5625 0
-0.65 0.5625 0
-0.65 0.479167 0
-0.525 0.479167 0
-0.5875 0.4375 0
-0.5625 0.0416667 0
-0.5625 -0.0416667 0
-0.5125 -0.0625 0
-0.4375 -0.0416667 0
-0.4375 0.0416667 0
-0.5125 0.0625 0
-0.75 -1 0
-0.583333 -1 0
-0.7 -0.9375 0
-0.616667 -0.9375 0
-1 -0.75 0
-1 -0.583333 0
-0.95 -0.6875 0
-0.95 -0.604167 0
-0.85 -0.8125 0
-0.75 -0.6875 0
-0.766667 -0.8125 0
-0.85 -0.729167 0
-0.716667 -0.75 0
-0.8 -0.666667 0
-0.0833334 -1 0
0.0833334 -1 0
-0.0416667 -0.916667 0
0.0416667 -0.916667 0
-0.433333 -0.8125 0
-0.5 -0.6875 0
-0.516667 -0.8125 0
-0.55 -0.75 0
-0.391667 -0.729167 0
-0.425 -0.666667 0
-0.208333 -0.75 0
-0.125 -0.583333 0
-0.125 -0.75 0
-0.241667 -0.6875 0
-0.0833334 -0.666667 0
-0.2 -0.604167 0
0.583333 -1 0
0.75 -1 0
0.616667 -0.9375 0
0.7 -0.9375 0
0.208333 -0.75 0
0.125 -0.583333 0
0.125 -0.75 0
0.0833334 -0.666667 0
0.241667 -0.6875 0
0.2 -0.604167 0
0.433333 -0.8125 0
0.5 -0.6875 0
0.516667 -0.8125 0
0.391667 -0.729167 0
0.55 -0.75 0
0.425 -0.666667 0
1 -0.75 0
1 -0.583333 0
0.95 -0.6875 0
0.95 -0.604167 0
0.85 -0.8125 0
0.75 -0.6875 0
0.766667 -0.8125 0
0.716667 -0.75 0
0.85 -0.729167 0
0.8 -0.666667 0
1 -0.0833334 0
1 0.0833334 0
0.9375 -0.0416667 0
0.9375 0.0416667 0
0.85 -0.395833 0
0.75 -0.4375 0
0.85 -0.479167 0
0.8 -0.5 0
0.7875 -0.354167 0
0.7375 -0.375 0
0.8125 -0.208333 0
0.6875 -0.125 0
0.8125 -0.125 0
0.7625 -0.229167 0
0.75 -0.0833334 0
0.7 -0.1875 0
1 0.583333 0
1 0.75 0
0.95 0.604167 0
0.95 0.6875 0
0.8125 0.208333 0
0.6875 0.125 0
0.8125 0.125 0
0.75 0.0833334 0
0.7625 0.229167 0
0.7 0.1875 0
0.85 0.395833 0
0.75 0.4375 0
0.85 0.479167 0
0.7875 0.354167 0
0.8 0.5 0
0.7375 0.375 0
0.75 1 0
0.583333 1 0
0.7 0.9375 0
0.616667 0.9375 0
0.85 0.8125 0
0.75 0.6875 0
0.85 0.729167 0
0.8 0.666667 0
0.766667 0.8125 0
0.716667 0.75 0
0.0833334 1 0
-0.0833334 1 0
0.0416667 0.916667 0
-0.0416667 0.916667 0
0.433333 0.8125 0
0.5 0.6875 0
0.516667 0.8125 0
0.55 0.75 0
0.391667 0.729167 0
0.425 0.666667 0
0.208333 0.75 0
0.125 0.583333 0
0.125 0.75 0
0.241667 0.6875 0
0.0833334 0.666667 0
0.2 0.604167 0
-0.583333 1 0
-0.75 1 0
-0.616667 0.9375 0
-0.7 0.9375 0
-0.208333 0.75 0
-0.125 0.583333 0
-0.125 0.75 0
-0.0833334 0.666667 0
-0.241667 0.6875 0
-0.2 0.604167 0
-0.433333 0.8125 0
-0.5 0.6875 0
-0.516667 0.8125 0
-0.391667 0.729167 0
-0.55 0.75 0
-0.425 0.666667 0
-1 0.75 0
-1 0.583333 0
-0.95 0.6875 0
-0.95 0.604167 0
-0.85 0.8125 0
-0.75 0.6875 0
-0.766667 0.8125 0
-0.716667 0.75 0
-0.85 0.729167 0
-0.8 0.666667 0
-1 0.0833334 0
-1 -0.0833334 0
-0.9375 0.0416667 0
-0.9375 -0.0416667 0
-0.85 0.395833 0
-0.75 0.4375 0
-0.85 0.479167 0
-0.8 0.5 0
-0.7875 0.354167 0
-0.7375 0.375 0
-0.8125 0.208333 0
-0.6875 0.125 0
-0.8125 0.125 0
-0.7625 0.229167 0
-0.75 0.0833334 0
-0.7 0.1875 0
-0.85 -0.395833 0
-0.75 -0.4375 0
-0.85 -0.479167 0
-0.8 -0.5 0
-0.7875 -0.354167 0
-0.7375 -0.375 0
-0.8125 -0.208333 0
-0.6875 -0.125 0
-0.8125 -0.125 0
-0.75 -0.0833334 0
-0.7625 -0.229167 0
-0.7 -0.1875 0
-0.375 -0.4375 0
-0.225 -0.395833 0
-0.341667 -0.5 0
-0.266667 -0.479167 0
-0.3625 -0.375 0
-0.2875 -0.354167 0
-0.5625 -0.3125 0
-0.5375 -0.1875 0
-0.6125 -0.291667 0
-0.6 -0.229167 0
-0.4875 -0.291667 0
-0.475 -0.229167 0
0.225 -0.395833 0
0.375 -0.4375 0
0.266667 -0.479167 0
0.341667 -0.5 0
0.2875 -0.354167 0
0.3625 -0.375 0
0.1875 -0.208333 0
0.3125 -0.125 0
0.2625 -0.229167 0
0.1875 -0.125 0
0.325 -0.1875 0
0.25 -0.0833334 0
0 -0.0833334 0
0 0.0833334 0
0.0625 -0.0416667 0
-0.0625 -0.0416667 0
0.0625 0.0416667 0
-0.0625 0.0416667 0
-0.1875 -0.208333 0
-0.3125 -0.125 0
-0.2625 -0.229167 0
-0.325 -0.1875 0
-0.1875 -0.125 0
-0.25 -0.0833334 0
0.5625 -0.3125 0
0.5375 -0.1875 0
0.6125 -0.291667 0
0.6 -0.229167 0
0.4875 -0.291667 0
0.475 -0.229167 0
0.5375 0.1875 0
0.5625 0.3125 0
0.6 0.229167 0
0.6125 0.291667 0
0.475 0.229167 0
0.4875 0.291667 0
0.3125 0.125 0
0.1875 0.208333 0
0.25 0.0833334 0
0.1875 0.125 0
0.325 0.1875 0
0.2625 0.229167 0
0.375 0.4375 0
0.225 0.395833 0
0.341667 0.5 0
0.266667 0.479167 0
0.3625 0.375 0
0.2875 0.354167 0
-0.225 0.395833 0
-0.375 0.4375 0
-0.266667 0.479167 0
-0.341667 0.5 0
-0.2875 0.354167 0
-0.3625 0.375 0
-0.1875 0.208333 0
-0.3125 0.125 0
-0.1875 0.125 0
-0.25 0.0833334 0
-0.2625 0.229167 0
-0.325 0.1875 0
-0.5625 0.3125 0
-0.5375 0.1875 0
-0.6125 0.291667 0
-0.6 0.229167 0
-0.4875 0.291667 0
-0.475 0.229167 0
-0.866667 -0.9375 0
-0.783333 -0.9375 0
-0.95 -0.854167 0
-0.95 -0.770833 0
-0.816667 -0.875 0
-0.9 -0.791667 0
-0.45 -0.9375 0
-0.533333 -0.9375 0
-0.208333 -0.916667 0
-0.125 -0.916667 0
-0.325 -0.854167 0
-0.483333 -0.875 0
-0.358333 -0.791667 0
-0.166667 -0.833333 0
-0.283333 -0.770833 0
0.208333 -0.916667 0
0.125 -0.916667 0
0.45 -0.9375 0
0.533333 -0.9375 0
0.325 -0.854167 0
0.166667 -0.833333 0
0.283333 -0.770833 0
0.483333 -0.875 0
0.358333 -0.791667 0
0.866667 -0.9375 0
0.783333 -0.9375 0
0.95 -0.854167 0
0.95 -0.770833 0
0.816667 -0.875 0
0.9 -0.791667 0
0.95 -0.4375 0
0.95 -0.520833 0
0.9375 -0.208333 0
0.9375 -0.125 0
0.8875 -0.3125 0
0.9 -0.458333 0
0.8375 -0.333333 0
0.875 -0.166667 0
0.825 -0.270833 0
0.9375 0.208333 0
0.9375 0.125 0
0.95 0.4375 0
0.95 0.520833 0
0.8875 0.3125 0
0.875 0.166667 0
0.825 0.270833 0
0.9 0.458333 0
0.8375 0.333333 0
0.95 0.854167 0
0.95 0.770833 0
0.866667 0.9375 0
0.783333 0.9375 0
0.9 0.791667 0
0.816667 0.875 0
0.45 0.9375 0
0.533333 0.9375 0
0.208333 0.916667 0
0.125 0.916667 0
0.325 0.854167 0
0.483333 0.875 0
0.358333 0.791667 0
0.166667 0.833333 0
0.283333 0.770833 0
-0.208333 0.916667 0
-0.125 0.916667 0
-0.45 0.9375 0
-0.533333 0.9375 0
-0.325 0.854167 0
-0.166667 0.833333 0
-0.283333 0.770833 0
-0.483333 0.875 0
-0.358333 0.791667 0
-0.866667 0.9375 0
-0.783333 0.9375 0
-0.95 0.854167 0
-0.95 0.770833 0
-0.816667 0.875 0
-0.9 0.791667 0
-0.95 0.4375 0
-0.95 0.520833 0
-0.9375 0.208333 0
-0.9375 0.125 0
-0.8875 0.3125 0
-0.9 0.458333 0
-0.8375 0.333333 0
-0.875 0.166667 0
-0.825 0.270833 0
-0.95 -0.4375 0
-0.95 -0.520833 0
-0.9375 -0.208333 0
-0.9375 -0.125 0
-0.8875 -0.3125 0
-0.9 -0.458333 0
-0.8375 -0.333333 0
-0.875 -0.166667 0
-0.825 -0.270833 0
-0.616667 -0.625 0
-0.7 -0.541667 0
-0.666667 -0.6875 0
-0.75 -0.604167 0
-0.491667 -0.541667 0
-0.583333 -0.6875 0
-0.458333 -0.604167 0
-0.6375 -0.416667 0
-0.75 -0.520833 0
-0.6875 -0.395833 0
-0.5125 -0.416667 0
-0.416667 -0.520833 0
-0.4375 -0.395833 0
-0.625 -0.354167 0
-0.5 -0.354167 0
0 -0.5 0
-0.116667 -0.4375 0
-0.0416667 -0.583333 0
-0.158333 -0.520833 0
0.116667 -0.4375 0
0.0416667 -0.583333 0
0.158333 -0.520833 0
-0.1375 -0.3125 0
-0.191667 -0.458333 0
-0.2125 -0.333333 0
0.1375 -0.3125 0
0.191667 -0.458333 0
0.2125 -0.333333 0
0.0625 -0.208333 0
0.2 -0.270833 0
0.125 -0.166667 0
-0.0625 -0.208333 0
0.0625 -0.125 0
-0.0625 -0.125 0
-0.2 -0.270833 0
-0.125 -0.166667 0
0.616667 -0.625 0
0.491667 -0.541667 0
0.583333 -0.6875 0
0.458333 -0.604167 0
0.7 -0.541667 0
0.666667 -0.6875 0
0.75 -0.604167 0
0.6375 -0.416667 0
0.75 -0.520833 0
0.6875 -0.395833 0
0.5125 -0.416667 0
0.416667 -0.520833 0
0.4375 -0.395833 0
0.625 -0.354167 0
0.5 -0.354167 0
0.625 0 0
0.575 -0.104167 0
0.6875 -0.0416667 0
0.6375 -0.145833 0
0.575 0.104167 0
0.6875 0.0416667 0
0.6375 0.145833 0
0.45 -0.104167 0
0.375 0 0
0.3875 -0.145833 0
0.3125 -0.0416667 0
0.5875 -0.166667 0
0.4625 -0.166667 0
0.45 0.104167 0
0.5875 0.166667 0
0.4625 0.166667 0
0.3125 0.0416667 0
0.3875 0.145833 0
0.7 0.541667 0
0.6375 0.416667 0
0.75 0.520833 0
0.6875 0.395833 0
0.616667 0.625 0
0.75 0.604167 0
0.666667 0.6875 0
0.491667 0.541667 0
0.583333 0.6875 0
0.458333 0.604167 0
0.5125 0.416667 0
0.625 0.354167 0
0.5 0.354167 0
0.416667 0.520833 0
0.4375 0.395833 0
0 0.5 0
0.116667 0.4375 0
0.0416667 0.583333 0
0.158333 0.520833 0
-0.116667 0.4375 0
-0.0416667 0.583333 0
-0.158333 0.520833 0
0.0625 0.208333 0
-0.0625 0.208333 0
0.0625 0.125 0
-0.0625 0.125 0
0.1375 0.3125 0
0.125 0.166667 0
0.2 0.270833 0
0.191667 0.458333 0
0.2125 0.333333 0
-0.1375 0.3125 0
-0.191667 0.458333 0
-0.2125 0.333333 0
-0.125 0.166667 0
-0.2 0.270833 0
-0.616667 0.625 0
-0.491667 0.541667 0
-0.583333 0.6875 0
-0.458333 0.604167 0
-0.7 0.541667 0
-0.666667 0.6875 0
-0.75 0.604167 0
-0.6375 0.416667 0
-0.75 0.520833 0
-0.6875 0.395833 0
-0.5125 0.416667 0
-0.416667 0.520833 0
-0.4375 0.395833 0
-0.625 0.354167 0
-0.5 0.354167 0
-0.625 0 0
-0.575 0.104167 0
-0.6875 0.0416667 0
-0.6375 0.145833 0
-0.575 -0.104167 0
-0.6875 -0.0416667 0
-0.6375 -0.145833 0
-0.45 -0.104167 0
-0.5875 -0.166667 0
-0.4625 -0.166667 0
-0.375 0 0
-0.3875 -0.145833 0
-0.3125 -0.0416667 0
-0.45 0.104167 0
-0.3125 0.0416667 0
-0.3875 0.145833 0
-0.5875 0.166667 0
-0.4625 0.166667 0
-0.65 -0.875 0
-0.683333 -0.8125 0
-0.6 -0.8125 0
-0.9 -0.625 0
-0.85 -0.645833 0
-0.85 -0.5625 0
0 -0.833333 0
-0.0416667 -0.75 0
0.0416667 -0.75 0
-0.35 -0.645833 0
-0.275 -0.625 0
-0.308333 -0.5625 0
0.65 -0.875 0
0.6 -0.8125 0
0.683333 -0.8125 0
0.275 -0.625 0
0.35 -0.645833 0
0.308333 -0.5625 0
0.9 -0.625 0
0.85 -0.645833 0
0.85 -0.5625 0
0.875 0 0
0.8125 -0.0416667 0
0.8125 0.0416667 0
0.725 -0.3125 0
0.7125 -0.25 0
0.6625 -0.270833 0
0.9 0.625 0
0.85 0.5625 0
0.85 0.645833 0
0.7125 0.25 0
0.725 0.3125 0
0.6625 0.270833 0
0.65 0.875 0
0.683333 0.8125 0
0.6 0.8125 0
0 0.833333 0
0.0416667 0.75 0
-0.0416667 0.75 0
0.35 0.645833 0
0.275 0.625 0
0.308333 0.5625 0
-0.65 0.875 0
-0.6 0.8125 0
-0.683333 0.8125 0
-0.275 0.625 0
-0.35 0.645833 0
-0.308333 0.5625 0
-0.9 0.625 0
-0.85 0.645833 0
-0.85 0.5625 0
-0.875 0 0
-0.8125 0.0416667 0
-0.8125 -0.0416667 0
-0.725 0.3125 0
-0.7125 0.25 0
-0.6625 0.270833 0
-0.725 -0.3125 0
-0.7125 -0.25 0
-0.6625 -0.270833 0
-0.35 -0.3125 0
-0.4125 -0.270833 0
-0.3375 -0.25 0
0.35 -0.3125 0
0.3375 -0.25 0
0.4125 -0.270833 0
0.1875 -0.0416667 0
0.125 0 0
0.1875 0.0416667 0
-0.125 0 0
-0.1875 -0.0416667 0
-0.1875 0.0416667 0
0.4125 0.270833 0
0.3375 0.25 0
0.35 0.3125 0
-0.35 0.3125 0
-0.3375 0.25 0
-0.4125 0.270833 0
-0.958333 -1 0
-1 -0.958333 0
-0.975 -0.96875 0
-0.375 -1 0
-0.291667 -1 0
-0.35 -0.96875 0
-0.3125 -0.958333 0
0.291667 -1 0
0.375 -1 0
0.3125 -0.958333 0
0.35 -0.96875 0
0.958333 -1 0
1 -0.958333 0
0.975 -0.96875 0
1 -0.375 0
1 -0.291667 0
0.975 -0.34375 0
0.96875 -0.3125 0
1 0.291667 0
1 0.375 0
0.96875 0.3125 0
0.975 0.34375 0
1 0.958333 0
0.958333 1 0
0.975 0.96875 0
0.375 1 0
0.291667 1 0
0.35 0.96875 0
0.3125 0.958333 0
-0.291667 1 0
-0.375 1 0
-0.3125 0.958333 0
-0.35 0.96875 0
-0.958333 1 0
-1 0.958333 0
-0.975 0.96875 0
-1 0.375 0
-1 0.291667 0
-0.975 0.34375 0
-0.96875 0.3125 0
-1 -0.375 0
-1 -0.291667 0
-0.975 -0.34375 0
-0.96875 -0.3125 0
-0.625 -0.53125 0
-0.583333 -0.53125 0
-0.625 -0.489583 0
-0.5625 -0.489583 0
-0.59375 -0.46875 0
-0.0208333 -0.375 0
0.0208333 -0.375 0
-0.0375 -0.34375 0
0.0375 -0.34375 0
0.03125 -0.3125 0
0 -0.291667 0
-0.03125 -0.3125 0
0.583333 -0.53125 0
0.625 -0.53125 0
0.625 -0.489583 0
0.5625 -0.489583 0
0.59375 -0.46875 0
0.53125 -0.0208333 0
0.53125 0.0208333 0
0.46875 -0.0208333 0
0.50625 -0.03125 0
0.50625 0.03125 0
0.46875 0.0208333 0
0.625 0.489583 0
0.625 0.53125 0
0.583333 0.53125 0
0.59375 0.46875 0
0.5625 0.489583 0
0.0208333 0.375 0
-0.0208333 0.375 0
0 0.291667 0
0.03125 0.3125 0
0.0375 0.34375 0
-0.0375 0.34375 0
-0.03125 0.3125 0
-0.583333 0.53125 0
-0.625 0.53125 0
-0.625 0.489583 0
-0.5625 0.489583 0
-0.59375 0.46875 0
-0.53125 0.0208333 0
-0.53125 -0.0208333 0
-0.50625 -0.03125 0
-0.46875 -0.0208333 0
-0.46875 0.0208333 0
-0.50625 0.03125 0
-0.708333 -1 0
-0.625 -1 0
-0.683333 -0.96875 0
-0.641667 -0.96875 0
-1 -0.708333 0
-1 -0.625 0
-0.975 -0.677083 0
-0.975 -0.635417 0
-0.825 -0.78125 0
-0.775 -0.71875 0
-0.783333 -0.78125 0
-0.825 -0.739583 0
-0.758333 -0.75 0
-0.8 -0.708333 0
-0.0416667 -1 0
0.0416667 -1 0
-0.0208333 -0.958333 0
0.0208333 -0.958333 0
-0.45 -0.78125 0
-0.483333 -0.71875 0
-0.491667 -0.78125 0
-0.508333 -0.75 0
-0.429167 -0.739583 0
-0.445833 -0.708333 0
-0.1875 -0.708333 0
-0.145833 -0.625 0
-0.145833 -0.708333 0
-0.204167 -0.677083 0
-0.125 -0.666667 0
-0.183333 -0.635417 0
0.625 -1 0
0.708333 -1 0
0.641667 -0.96875 0
0.683333 -0.96875 0
0.1875 -0.708333 0
0.145833 -0.625 0
0.145833 -0.708333 0
0.125 -0.666667 0
0.204167 -0.677083 0
0.183333 -0.635417 0
0.45 -0.78125 0
0.483333 -0.71875 0
0.491667 -0.78125 0
0.429167 -0.739583 0
0.508333 -0.75 0
0.445833 -0.708333 0
1 -0.708333 0
1 -0.625 0
0.975 -0.677083 0
0.975 -0.635417 0
0.825 -0.78125 0
0.775 -0.71875 0
0.783333 -0.78125 0
0.758333 -0.75 0
0.825 -0.739583 0
0.8 -0.708333 0
1 -0.0416667 0
1 0.0416667 0
0.96875 -0.0208333 0
0.96875 0.0208333 0
0.825 -0.40625 0
0.775 -0.427083 0
0.825 -0.447917 0
0.8 -0.458333 0
0.79375 -0.385417 0
0.76875 -0.395833 0
0.78125 -0.1875 0
0.71875 -0.145833 0
0.78125 -0.145833 0
0.75625 -0.197917 0
0.75 -0.125 0
0.725 -0.177083 0
1 0.625 0
1 0.708333 0
0.975 0.635417 0
0.975 0.677083 0
0.78125 0.1875 0
0.71875 0.145833 0
0.78125 0.145833 0
0.75 0.125 0
0.75625 0.197917 0
0.725 0.177083 0
0.825 0.40625 0
0.775 0.427083 0
0.825 0.447917 0
0.79375 0.385417 0
0.8 0.458333 0
0.76875 0.395833 0
0.708333 1 0
0.625 1 0
0.683333 0.96875 0
0.641667 0.96875 0
0.825 0.78125 0
0.775 0.71875 0
0.825 0.739583 0
0.8 0.708333 0
0.783333 0.78125 0
0.758333 0.75 0
0.0416667 1 0
-0.0416667 1 0
0.0208333 0.958333 0
-0.0208333 0.958333 0
0.45 0.78125 0
0.483333 0.71875 0
0.491667 0.78125 0
0.508333 0.75 0
0.429167 0.739583 0
0.445833 0.708333 0
0.1875 0.708333 0
0.145833 0.625 0
0.145833 0.708333 0
0.204167 0.677083 0
0.125 0.666667 0
0.183333 0.635417 0
-0.625 1 0
-0.708333 1 0
-0.641667 0.96875 0
-0.683333 0.96875 0
-0.1875 0.708333 0
-0.145833 0.625 0
-0.145833 0.708333 0
-0.125 0.666667 0
-0.204167 0.677083 0
-0.183333 0.635417 0
-0.45 0.78125 0
-0.483333 0.71875 0
-0.491667 0.78125 0
-0.429167 0.739583 0
-0.508333 0.75 0
-0.445833 0.708333 0
-1 0.708333 0
-1 0.625 0
-0.975 0.677083 0
-0.975 0.635417 0
-0.825 0.78125 0
-0.775 0.71875 0
-0.783333 0.78125 0
-0.758333 0.75 0
-0.825 0.739583 0
-0.8 0.708333 0
-1 0.0416667 0
-1 -0.0416667 0
-0.96875 0.0208333 0
-0.96875 -0.0208333 0
-0.825 0.40625 0
-0.775 0.427083 0
-0.825 0.447917 0
-0.8 0.458333 0
-0.79375 0.385417 0
-0.76875 0.395833 0
-0.78125 0.1875 0
-0.71875 0.145833 0
-0.78125 0.145833 0
-0.75625 0.197917 0
-0.75 0.125 0
-0.725 0.177083 0
-0.825 -0.40625 0
-0.775 -0.427083 0
-0.825 -0.447917 0
-0.8 -0.458333 0
-0.79375 -0.385417 0
-0.76875 -0.395833 0
-0.78125 -0.1875 0
-0.71875 -0.145833 0
-0.78125 -0.145833 0
-0.75 -0.125 0
-0.75625 -0.197917 0
-0.725 -0.177083 0
-0.3375 -0.427083 0
-0.2625 -0.40625 0
-0.320833 -0.458333 0
-0.283333 -0.447917 0
-0.33125 -0.395833 0
-0.29375 -0.385417 0
-0.55625 -0.28125 0
-0.54375 -0.21875 0
-0.58125 -0.270833 0
-0.575 -0.239583 0
-0.51875 -0.270833 0
-0.5125 -0.239583 0
0.2625 -0.40625 0
0.3375 -0.427083 0
0.283333 -0.447917 0
0.320833 -0.458333 0
0.29375 -0.385417 0
0.33125 -0.395833 0
0.21875 -0.1875 0
0.28125 -0.145833 0
0.25625 -0.197917 0
0.21875 -0.145833 0
0.2875 -0.177083 0
0.25 -0.125 0
0 -0.0416667 0
0 0.0416667 0
0.03125 -0.0208333 0
-0.03125 -0.0208333 0
0.03125 0.0208333 0
-0.03125 0.0208333 0
-0.21875 -0.1875 0
-0.28125 -0.145833 0
-0.25625 -0.197917 0
-0.2875 -0.177083 0
-0.21875 -0.145833 0
-0.25 -0.125 0
0.55625 -0.28125 0
0.54375 -0.21875 0
0.58125 -0.270833 0
0.575 -0.239583 0
0.51875 -0.270833 0
0.5125 -0.239583 0
0.54375 0.21875 0
0.55625 0.28125 0
0.575 0.239583 0
0.58125 0.270833 0
0.5125 0.239583 0
0.51875 0.270833 0
0.28125 0.145833 0
0.21875 0.1875 0
0.25 0.125 0
0.21875 0.145833 0
0.2875 0.177083 0
0.25625 0.197917 0
0.3375 0.427083 0
0.2625 0.40625 0
0.320833 0.458333 0
0.283333 0.447917 0
0.33125 0.395833 0
0.29375 0.385417 0
-0.2625 0.40625 0
-0.3375 0.427083 0
-0.283333 0.447917 0
-0.320833 0.458333 0
-0.29375 0.385417 0
-0.33125 0.395833 0
-0.21875 0.1875 0
-0.28125 0.145833 0
-0.21875 0.145833 0
-0.25 0.125 0
-0.25625 0.197917 0
-0.2875 0.177083 0
-0.55625 0.28125 0
-0.54375 0.21875 0
-0.58125 0.270833 0
-0.575 0.239583 0
-0.51875 0.270833 0
-0.5125 0.239583 0
-0.875 -1 0
-0.791667 -1 0
-0.85 -0.96875 0
-0.808333 -0.96875 0
-1 -0.875 0
-1 -0.791667 0
-0.975 -0.84375 0
-0.975 -0.802083 0
-0.925 -0.90625 0
-0.875 -0.84375 0
-0.883333 -0.90625 0
-0.925 -0.864583 0
-0.858333 -0.875 0
-0.9 -0.833333 0
-0.458333 -1 0
-0.541667 -1 0
-0.475 -0.96875 0
-0.516667 -0.96875 0
-0.208333 -1 0
-0.125 -1 0
-0.1875 -0.958333 0
-0.145833 -0.958333 0
-0.383333 -0.90625 0
-0.416667 -0.84375 0
-0.425 -0.90625 0
-0.3625 -0.864583 0
-0.441667 -0.875 0
-0.379167 -0.833333 0
-0.270833 -0.875 0
-0.229167 -0.791667 0
-0.229167 -0.875 0
-0.2875 -0.84375 0
-0.208333 -0.833333 0
-0.266667 -0.802083 0
0.208333 -1 0
0.125 -1 0
0.1875 -0.958333 0
0.145833 -0.958333 0
0.458333 -1 0
0.541667 -1 0
0.475 -0.96875 0
0.516667 -0.96875 0
0.270833 -0.875 0
0.229167 -0.791667 0
0.229167 -0.875 0
0.2875 -0.84375 0
0.208333 -0.833333 0
0.266667 -0.802083 0
0.383333 -0.90625 0
0.416667 -0.84375 0
0.425 -0.90625 0
0.3625 -0.864583 0
0.441667 -0.875 0
0.379167 -0.833333 0
0.875 -1 0
0.791667 -1 0
0.85 -0.96875 0
0.808333 -0.96875 0
1 -0.875 0
1 -0.791667 0
0.975 -0.84375 0
0.975 -0.802083 0
0.925 -0.90625 0
0.875 -0.84375 0
0.883333 -0.90625 0
0.925 -0.864583 0
0.858333 -0.875 0
0.9 -0.833333 0
1 -0.458333 0
1 -0.541667 0
0.975 -0.46875 0
0.975 -0.510417 0
1 -0.208333 0
1 -0.125 0
0.96875 -0.1875 0
0.96875 -0.145833 0
0.925 -0.364583 0
0.875 -0.385417 0
0.925 -0.40625 0
0.89375 -0.34375 0
0.9 -0.416667 0
0.86875 -0.354167 0
0.90625 -0.270833 0
0.84375 -0.229167 0
0.90625 -0.229167 0
0.88125 -0.28125 0
0.875 -0.208333 0
0.85 -0.260417 0
1 0.208333 0
1 0.125 0
0.96875 0.1875 0
0.96875 0.145833 0
1 0.458333 0
1 0.541667 0
0.975 0.46875 0
0.975 0.510417 0
0.90625 0.270833 0
0.84375 0.229167 0
0.90625 0.229167 0
0.88125 0.28125 0
0.875 0.208333 0
0.85 0.260417 0
0.925 0.364583 0
0.875 0.385417 0
0.925 0.40625 0
0.89375 0.34375 0
0.9 0.416667 0
0.86875 0.354167 0
1 0.875 0
1 0.791667 0
0.975 0.84375 0
0.975 0.802083 0
0.875 1 0
0.791667 1 0
0.85 0.96875 0
0.808333 0.96875 0
0.925 0.90625 0
0.875 0.84375 0
0.925 0.864583 0
0.883333 0.90625 0
0.9 0.833333 0
0.858333 0.875 0
0.458333 1 0
0.541667 1 0
0.475 0.96875 0
0.516667 0.96875 0
0.208333 1 0
0.125 1 0
0.1875 0.958333 0
0.145833 0.958333 0
0.383333 0.90625 0
0.416667 0.84375 0
0.425 0.90625 0
0.3625 0.864583 0
0.441667 0.875 0
0.379167 0.833333 0
0.270833 0.875 0
0.229167 0.791667 0
0.229167 0.875 0
0.2875 0.84375 0
0.208333 0.833333 0
0.266667 0.802083 0
-0.208333 1 0
-0.125 1 0
-0.1875 0.958333 0
-0.145833 0.958333 0
-0.458333 1 0
-0.541667 1 0
-0.475 0.96875 0
-0.516667 0.96875 0
-0.270833 0.875 0
-0.229167 0.791667 0
-0.229167 0.875 0
-0.2875 0.84375 0
-0.208333 0.833333 0
-0.266667 0.802083 0
-0.383333 0.90625 0
-0.416667 0.84375 0
-0.425 0.90625 0
-0.3625 0.864583 0
-0.441667 0.875 0
-0.379167 0.833333 0
-0.875 1 0
-0.791667 1 0
-0.85 0.96875 0
-0.808333 0.96875 0
-1 0.875 0
-1 0.791667 0
-0.975 0.84375 0
-0.975 0.802083 0
-0.925 0.90625 0
-0.875 0.84375 0
-0.883333 0.90625 0
-0.925 0.864583 0
-0.858333 0.875 0
-0.9 0.833333 0
-1 0.458333 0
-1 0.541667 0
-0.975 0.46875 0
-0.975 0.510417 0
-1 0.208333 0
-1 0.125 0
-0.96875 0.1875 0
-0.96875 0.145833 0
-0.925 0.364583 0
-0.875 0.385417 0
-0.925 0.40625 0
-0.89375 0.34375 0
-0.9 0.416667 0
-0.86875 0.354167 0
-0.90625 0.270833 0
-0.84375 0.229167 0
-0.90625 0.229167 0
-0.88125 0.28125 0
-0.875 0.208333 0
-0.85 0.260417 0
-1 -0.458333 0
-1 -0.541667 0
-0.975 -0.46875 0
-0.975 -0.510417 0
-1 -0.208333 0
-1 -0.125 0
-0.96875 -0.1875 0
-0.96875 -0.145833 0
-0.925 -0.364583 0
-0.875 -0.385417 0
-0.925 -0.40625 0
-0.89375 -0.34375 0
-0.9 -0.416667 0
-0.86875 -0.354167 0
-0.90625 -0.270833 0
-0.84375 -0.229167 0
-0.90625 -0.229167 0
-0.88125 -0.28125 0
-0.875 -0.208333 0
-0.85 -0.260417 0
-0.675 -0.59375 0
-0.725 -0.65625 0
-0.658333 -0.625 0
-0.7 -0.583333 0
-0.683333 -0.65625 0
-0.725 -0.614583 0
-0.55 -0.59375 0
-0.516667 -0.65625 0
-0.575 -0.625 0
-0.5125 -0.583333 0
-0.558333 -0.65625 0
-0.495833 -0.614583 0
-0.675 -0.46875 0
-0.725 -0.447917 0
-0.7 -0.5 0
-0.66875 -0.4375 0
-0.725 -0.489583 0
-0.69375 -0.427083 0
-0.4875 -0.46875 0
-0.4125 -0.447917 0
-0.470833 -0.5 0
-0.48125 -0.4375 0
-0.433333 -0.489583 0
-0.44375 -0.427083 0
-0.58125 -0.40625 0
-0.56875 -0.34375 0
-0.60625 -0.395833 0
-0.54375 -0.395833 0
-0.6 -0.364583 0
-0.5375 -0.364583 0
-0.0625 -0.458333 0
-0.104167 -0.541667 0
-0.0416667 -0.5 0
-0.1 -0.46875 0
-0.0625 -0.541667 0
-0.120833 -0.510417 0
0.0625 -0.458333 0
0.104167 -0.541667 0
0.0416667 -0.5 0
0.1 -0.46875 0
0.0625 -0.541667 0
0.120833 -0.510417 0
-0.1125 -0.364583 0
-0.1875 -0.385417 0
-0.133333 -0.40625 0
-0.14375 -0.34375 0
-0.170833 -0.416667 0
-0.18125 -0.354167 0
0.1125 -0.364583 0
0.1875 -0.385417 0
0.133333 -0.40625 0
0.14375 -0.34375 0
0.170833 -0.416667 0
0.18125 -0.354167 0
0.09375 -0.270833 0
0.15625 -0.229167 0
0.13125 -0.28125 0
0.09375 -0.229167 0
0.1625 -0.260417 0
0.125 -0.208333 0
0 -0.208333 0
0 -0.125 0
0.03125 -0.1875 0
-0.03125 -0.1875 0
0.03125 -0.145833 0
-0.03125 -0.145833 0
-0.09375 -0.270833 0
-0.15625 -0.229167 0
-0.13125 -0.28125 0
-0.09375 -0.229167 0
-0.1625 -0.260417 0
-0.125 -0.208333 0
0.55 -0.59375 0
0.516667 -0.65625 0
0.575 -0.625 0
0.5125 -0.583333 0
0.558333 -0.65625 0
0.495833 -0.614583 0
0.675 -0.59375 0
0.725 -0.65625 0
0.658333 -0.625 0
0.7 -0.583333 0
0.683333 -0.65625 0
0.725 -0.614583 0
0.675 -0.46875 0
0.725 -0.447917 0
0.7 -0.5 0
0.66875 -0.4375 0
0.725 -0.489583 0
0.69375 -0.427083 0
0.4875 -0.46875 0
0.4125 -0.447917 0
0.470833 -0.5 0
0.48125 -0.4375 0
0.433333 -0.489583 0
0.44375 -0.427083 0
0.58125 -0.40625 0
0.56875 -0.34375 0
0.60625 -0.395833 0
0.54375 -0.395833 0
0.6 -0.364583 0
0.5375 -0.364583 0
0.59375 -0.0625 0
0.65625 -0.104167 0
0.625 -0.0416667 0
0.6 -0.09375 0
0.65625 -0.0625 0
0.63125 -0.114583 0
0.59375 0.0625 0
0.65625 0.104167 0
0.625 0.0416667 0
0.6 0.09375 0
0.65625 0.0625 0
0.63125 0.114583 0
0.40625 -0.0625 0
0.34375 -0.104167 0
0.4125 -0.09375 0
0.375 -0.0416667 0
0.38125 -0.114583 0
0.34375 -0.0625 0
0.51875 -0.09375 0
0.53125 -0.15625 0
0.55 -0.114583 0
0.4875 -0.114583 0
0.55625 -0.145833 0
0.49375 -0.145833 0
0.51875 0.09375 0
0.53125 0.15625 0
0.55 0.114583 0
0.4875 0.114583 0
0.55625 0.145833 0
0.49375 0.145833 0
0.40625 0.0625 0
0.34375 0.104167 0
0.375 0.0416667 0
0.4125 0.09375 0
0.34375 0.0625 0
0.38125 0.114583 0
0.675 0.46875 0
0.725 0.447917 0
0.7 0.5 0
0.66875 0.4375 0
0.725 0.489583 0
0.69375 0.427083 0
0.675 0.59375 0
0.725 0.65625 0
0.7 0.583333 0
0.658333 0.625 0
0.725 0.614583 0
0.683333 0.65625 0
0.55 0.59375 0
0.516667 0.65625 0
0.575 0.625 0
0.5125 0.583333 0
0.558333 0.65625 0
0.495833 0.614583 0
0.58125 0.40625 0
0.56875 0.34375 0
0.60625 0.395833 0
0.54375 0.395833 0
0.6 0.364583 0
0.5375 0.364583 0
0.4875 0.46875 0
0.4125 0.447917 0
0.470833 0.5 0
0.48125 0.4375 0
0.433333 0.489583 0
0.44375 0.427083 0
0.0625 0.458333 0
0.104167 0.541667 0
0.0416667 0.5 0
0.1 0.46875 0
0.0625 0.541667 0
0.120833 0.510417 0
-0.0625 0.458333 0
-0.104167 0.541667 0
-0.0416667 0.5 0
-0.1 0.46875 0
-0.0625 0.541667 0
-0.120833 0.510417 0
0 0.208333 0
0 0.125 0
0.03125 0.1875 0
-0.03125 0.1875 0
0.03125 0.145833 0
-0.03125 0.145833 0
0.09375 0.270833 0
0.15625 0.229167 0
0.09375 0.229167 0
0.13125 0.28125 0
0.125 0.208333 0
0.1625 0.260417 0
0.1125 0.364583 0
0.1875 0.385417 0
0.133333 0.40625 0
0.14375 0.34375 0
0.170833 0.416667 0
0.18125 0.354167 0
-0.1125 0.364583 0
-0.1875 0.385417 0
-0.133333 0.40625 0
-0.14375 0.34375 0
-0.170833 0.416667 0
-0.18125 0.354167 0
-0.09375 0.270833 0
-0.15625 0.229167 0
-0.09375 0.229167 0
-0.13125 0.28125 0
-0.125 0.208333 0
-0.1625 0.260417 0
-0.55 0.59375 0
-0.516667 0.65625 0
-0.575 0.625 0
-0.5125 0.583333 0
-0.558333 0.65625 0
-0.495833 0.614583 0
-0.675 0.59375 0
-0.725 0.65625 0
-0.658333 0.625 0
-0.7 0.583333 0
-0.683333 0.65625 0
-0.725 0.614583 0
-0.675 0.46875 0
-0.725 0.447917 0
-0.7 0.5 0
-0.66875 0.4375 0
-0.725 0.489583 0
-0.69375 0.427083 0
-0.4875 0.46875 0
-0.4125 0.447917 0
-0.470833 0.5 0
-0.48125 0.4375 0
-0.433333 0.489583 0
-0.44375 0.427083 0
-0.58125 0.40625 0
-0.56875 0.34375 0
-0.60625 0.395833 0
-0.54375 0.395833 0
-0.6 0.364583 0
-0.5375 0.364583 0
-0.59375 0.0625 0
-0.65625 0.104167 0
-0.625 0.0416667 0
-0.6 0.09375 0
-0.65625 0.0625 0
-0.63125 0.114583 0
-0.59375 -0.0625 0
-0.65625 -0.104167 0
-0.625 -0.0416667 0
-0.6 -0.09375 0
-0.65625 -0.0625 0
-0.63125 -0.114583 0
-0.51875 -0.09375 0
-0.53125 -0.15625 0
-0.55 -0.114583 0
-0.4875 -0.114583 0
-0.55625 -0.145833 0
-0.49375 -0.145833 0
-0.40625 -0.0625 0
-0.34375 -0.104167 0
-0.4125 -0.09375 0
-0.375 -0.0416667 0
-0.38125 -0.114583 0
-0.34375 -0.0625 0
-0.40625 0.0625 0
-0.34375 0.104167 0
-0.375 0.0416667 0
-0.4125 0.09375 0
-0.34375 0.0625 0
-0.38125 0.114583 0
-0.51875 0.09375 0
-0.53125 0.15625 0
-0.55 0.114583 0
-0.4875 0.114583 0
-0.55625 0.145833 0
-0.49375 0.145833 0
-0.716667 -0.90625 0
-0.75 -0.84375 0
-0.758333 -0.90625 0
-0.775 -0.875 0
-0.691667 -0.875 0
-0.708333 -0.84375 0
-0.591667 -0.90625 0
-0.541667 -0.84375 0
-0.55 -0.90625 0
-0.525 -0.875 0
-0.608333 -0.875 0
-0.583333 -0.84375 0
-0.925 -0.697917 0
-0.875 -0.71875 0
-0.925 -0.739583 0
-0.9 -0.75 0
-0.9 -0.666667 0
-0.875 -0.677083 0
-0.925 -0.572917 0
-0.875 -0.510417 0
-0.925 -0.53125 0
-0.9 -0.5 0
-0.9 -0.583333 0
-0.875 -0.552083 0
-0.675 -0.75 0
-0.591667 -0.75 0
-0.65 -0.71875 0
-0.608333 -0.71875 0
-0.658333 -0.78125 0
-0.616667 -0.78125 0
-0.8 -0.625 0
-0.8 -0.541667 0
-0.775 -0.59375 0
-0.775 -0.552083 0
-0.825 -0.614583 0
-0.825 -0.572917 0
-0.0625 -0.875 0
-0.104167 -0.791667 0
-0.104167 -0.875 0
-0.125 -0.833333 0
-0.0416667 -0.833333 0
-0.0625 -0.791667 0
0.0625 -0.875 0
0.104167 -0.791667 0
0.104167 -0.875 0
0.125 -0.833333 0
0.0416667 -0.833333 0
0.0625 -0.791667 0
-0.354167 -0.71875 0
-0.279167 -0.697917 0
-0.3375 -0.75 0
-0.3 -0.739583 0
-0.333333 -0.677083 0
-0.295833 -0.666667 0
-0.404167 -0.625 0
-0.3625 -0.541667 0
-0.420833 -0.59375 0
-0.4 -0.552083 0
-0.366667 -0.614583 0
-0.345833 -0.572917 0
-0.0416667 -0.666667 0
0.0416667 -0.666667 0
-0.0208333 -0.625 0
0.0208333 -0.625 0
-0.0208333 -0.708333 0
0.0208333 -0.708333 0
-0.216667 -0.572917 0
-0.25 -0.510417 0
-0.195833 -0.53125 0
-0.2125 -0.5 0
-0.254167 -0.583333 0
-0.270833 -0.552083 0
0.591667 -0.90625 0
0.541667 -0.84375 0
0.55 -0.90625 0
0.525 -0.875 0
0.608333 -0.875 0
0.583333 -0.84375 0
0.716667 -0.90625 0
0.75 -0.84375 0
0.758333 -0.90625 0
0.775 -0.875 0
0.691667 -0.875 0
0.708333 -0.84375 0
0.279167 -0.697917 0
0.354167 -0.71875 0
0.3 -0.739583 0
0.3375 -0.75 0
0.295833 -0.666667 0
0.333333 -0.677083 0
0.216667 -0.572917 0
0.25 -0.510417 0
0.195833 -0.53125 0
0.2125 -0.5 0
0.254167 -0.583333 0
0.270833 -0.552083 0
0.591667 -0.75 0
0.675 -0.75 0
0.608333 -0.71875 0
0.65 -0.71875 0
0.616667 -0.78125 0
0.658333 -0.78125 0
0.404167 -0.625 0
0.3625 -0.541667 0
0.420833 -0.59375 0
0.4 -0.552083 0
0.366667 -0.614583 0
0.345833 -0.572917 0
0.925 -0.697917 0
0.875 -0.71875 0
0.925 -0.739583 0
0.9 -0.75 0
0.9 -0.666667 0
0.875 -0.677083 0
0.925 -0.572917 0
0.875 -0.510417 0
0.925 -0.53125 0
0.9 -0.5 0
0.9 -0.583333 0
0.875 -0.552083 0
0.8 -0.625 0
0.8 -0.541667 0
0.775 -0.59375 0
0.775 -0.552083 0
0.825 -0.614583 0
0.825 -0.572917 0
0.90625 -0.0625 0
0.84375 -0.104167 0
0.90625 -0.104167 0
0.875 -0.125 0
0.875 -0.0416667 0
0.84375 -0.0625 0
0.90625 0.0625 0
0.84375 0.104167 0
0.90625 0.104167 0
0.875 0.125 0
0.875 0.0416667 0
0.84375 0.0625 0
0.78125 -0.322917 0
0.76875 -0.260417 0
0.80625 -0.3125 0
0.8 -0.28125 0
0.75 -0.302083 0
0.74375 -0.270833 0
0.70625 -0.354167 0
0.64375 -0.3125 0
0.68125 -0.364583 0
0.65 -0.34375 0
0.7 -0.322917 0
0.66875 -0.302083 0
0.75 -0.0416667 0
0.75 0.0416667 0
0.71875 -0.0208333 0
0.71875 0.0208333 0
0.78125 -0.0208333 0
0.78125 0.0208333 0
0.675 -0.197917 0
0.625 -0.21875 0
0.64375 -0.177083 0
0.61875 -0.1875 0
0.68125 -0.229167 0
0.65625 -0.239583 0
0.925 0.572917 0
0.875 0.510417 0
0.925 0.53125 0
0.9 0.5 0
0.9 0.583333 0
0.875 0.552083 0
0.925 0.697917 0
0.875 0.71875 0
0.925 0.739583 0
0.9 0.75 0
0.9 0.666667 0
0.875 0.677083 0
0.76875 0.260417 0
0.78125 0.322917 0
0.8 0.28125 0
0.80625 0.3125 0
0.74375 0.270833 0
0.75 0.302083 0
0.675 0.197917 0
0.625 0.21875 0
0.64375 0.177083 0
0.61875 0.1875 0
0.68125 0.229167 0
0.65625 0.239583 0
0.8 0.541667 0
0.8 0.625 0
0.775 0.552083 0
0.775 0.59375 0
0.825 0.572917 0
0.825 0.614583 0
0.70625 0.354167 0
0.64375 0.3125 0
0.68125 0.364583 0
0.65 0.34375 0
0.7 0.322917 0
0.66875 0.302083 0
0.716667 0.90625 0
0.75 0.84375 0
0.758333 0.90625 0
0.775 0.875 0
0.691667 0.875 0
0.708333 0.84375 0
0.591667 0.90625 0
0.541667 0.84375 0
0.55 0.90625 0
0.525 0.875 0
0.608333 0.875 0
0.583333 0.84375 0
0.675 0.75 0
0.591667 0.75 0
0.65 0.71875 0
0.608333 0.71875 0
0.658333 0.78125 0
0.616667 0.78125 0
0.0625 0.875 0
0.104167 0.791667 0
0.104167 0.875 0
0.125 0.833333 0
0.0416667 0.833333 0
0.0625 0.791667 0
-0.0625 0.875 0
-0.104167 0.791667 0
-0.104167 0.875 0
-0.125 0.833333 0
-0.0416667 0.833333 0
-0.0625 0.791667 0
0.354167 0.71875 0
0.279167 0.697917 0
0.3375 0.75 0
0.3 0.739583 0
0.333333 0.677083 0
0.295833 0.666667 0
0.404167 0.625 0
0.3625 0.541667 0
0.420833 0.59375 0
0.4 0.552083 0
0.366667 0.614583 0
0.345833 0.572917 0
0.0416667 0.666667 0
-0.0416667 0.666667 0
0.0208333 0.625 0
-0.0208333 0.625 0
0.0208333 0.708333 0
-0.0208333 0.708333 0
0.216667 0.572917 0
0.25 0.510417 0
0.195833 0.53125 0
0.2125 0.5 0
0.254167 0.583333 0
0.270833 0.552083 0
-0.591667 0.90625 0
-0.541667 0.84375 0
-0.55 0.90625 0
-0.525 0.875 0
-0.608333 0.875 0
-0.583333 0.84375 0
-0.716667 0.90625 0
-0.75 0.84375 0
-0.758333 0.90625 0
-0.775 0.875 0
-0.691667 0.875 0
-0.708333 0.84375 0
-0.279167 0.697917 0
-0.354167 0.71875 0
-0.3 0.739583 0
-0.3375 0.75 0
-0.295833 0.666667 0
-0.333333 0.677083 0
-0.216667 0.572917 0
-0.25 0.510417 0
-0.195833 0.53125 0
-0.2125 0.5 0
-0.254167 0.583333 0
-0.270833 0.552083 0
-0.591667 0.75 0
-0.675 0.75 0
-0.608333 0.71875 0
-0.65 0.71875 0
-0.616667 0.78125 0
-0.658333 0.78125 0
-0.404167 0.625 0
-0.3625 0.541667 0
-0.420833 0.59375 0
-0.4 0.552083 0
-0.366667 0.614583 0
-0.345833 0.572917 0
-0.925 0.697917 0
-0.875 0.71875 0
-0.925 0.739583 0
-0.9 0.75 0
-0.9 0.666667 0
-0.875 0.677083 0
-0.925 0.572917 0
-0.875 0.510417 0
-0.925 0.53125 0
-0.9 0.5 0
-0.9 0.583333 0
-0.875 0.552083 0
-0.8 0.625 0
-0.8 0.541667 0
-0.775 0.59375 0
-0.775 0.552083 0
-0.825 0.614583 0
-0.825 0.572917 0
-0.90625 0.0625 0
-0.84375 0.104167 0
-0.90625 0.104167 0
-0.875 0.125 0
-0.875 0.0416667 0
-0.84375 0.0625 0
-0.90625 -0.0625 0
-0.84375 -0.104167 0
-0.90625 -0.104167 0
-0.875 -0.125 0
-0.875 -0.0416667 0
-0.84375 -0.0625 0
-0.78125 0.322917 0
-0.76875 0.260417 0
-0.80625 0.3125 0
-0.8 0.28125 0
-0.75 0.302083 0
-0.74375 0.270833 0
-0.70625 0.354167 0
-0.64375 0.3125 0
-0.68125 0.364583 0
-0.65 0.34375 0
-0.7 0.322917 0
-0.66875 0.302083 0
-0.75 0.0416667 0
-0.75 -0.0416667 0
-0.71875 0.0208333 0
-0.71875 -0.0208333 0
-0.78125 0.0208333 0
-0.78125 -0.0208333 0
-0.675 0.197917 0
-0.625 0.21875 0
-0.64375 0.177083 0
-0.61875 0.1875 0
-0.68125 0.229167 0
-0.65625 0.239583 0
-0.78125 -0.322917 0
-0.76875 -0.260417 0
-0.80625 -0.3125 0
-0.8 -0.28125 0
-0.75 -0.302083 0
-0.74375 -0.270833 0
-0.70625 -0.354167 0
-0.64375 -0.3125 0
-0.68125 -0.364583 0
-0.65 -0.34375 0
-0.7 -0.322917 0
-0.66875 -0.302083 0
-0.675 -0.197917 0
-0.625 -0.21875 0
-0.64375 -0.177083 0
-0.61875 -0.1875 0
-0.68125 -0.229167 0
-0.65625 -0.239583 0
-0.39375 -0.354167 0
-0.45625 -0.3125 0
-0.43125 -0.364583 0
-0.4625 -0.34375 0
-0.3875 -0.322917 0
-0.41875 -0.302083 0
-0.28125 -0.322917 0
-0.26875 -0.260417 0
-0.24375 -0.3125 0
-0.2375 -0.28125 0
-0.3125 -0.302083 0
-0.30625 -0.270833 0
-0.4375 -0.21875 0
-0.3625 -0.197917 0
-0.43125 -0.1875 0
-0.39375 -0.177083 0
-0.40625 -0.239583 0
-0.36875 -0.229167 0
0.28125 -0.322917 0
0.26875 -0.260417 0
0.24375 -0.3125 0
0.2375 -0.28125 0
0.3125 -0.302083 0
0.30625 -0.270833 0
0.39375 -0.354167 0
0.45625 -0.3125 0
0.43125 -0.364583 0
0.4625 -0.34375 0
0.3875 -0.322917 0
0.41875 -0.302083 0
0.15625 -0.104167 0
0.09375 -0.0625 0
0.125 -0.125 0
0.09375 -0.104167 0
0.15625 -0.0625 0
0.125 -0.0416667 0
0.3625 -0.197917 0
0.4375 -0.21875 0
0.39375 -0.177083 0
0.43125 -0.1875 0
0.36875 -0.229167 0
0.40625 -0.239583 0
0.25 -0.0416667 0
0.25 0.0416667 0
0.28125 -0.0208333 0
0.28125 0.0208333 0
0.21875 -0.0208333 0
0.21875 0.0208333 0
-0.09375 -0.0625 0
-0.15625 -0.104167 0
-0.09375 -0.104167 0
-0.125 -0.125 0
-0.125 -0.0416667 0
-0.15625 -0.0625 0
0.09375 0.0625 0
0.15625 0.104167 0
0.09375 0.104167 0
0.125 0.125 0
0.125 0.0416667 0
0.15625 0.0625 0
-0.09375 0.0625 0
-0.15625 0.104167 0
-0.09375 0.104167 0
-0.125 0.125 0
-0.125 0.0416667 0
-0.15625 0.0625 0
-0.25 -0.0416667 0
-0.25 0.0416667 0
-0.28125 -0.0208333 0
-0.28125 0.0208333 0
-0.21875 -0.0208333 0
-0.21875 0.0208333 0
0.4375 0.21875 0
0.3625 0.197917 0
0.43125 0.1875 0
0.39375 0.177083 0
0.40625 0.239583 0
0.36875 0.229167 0
0.45625 0.3125 0
0.39375 0.354167 0
0.4625 0.34375 0
0.43125 0.364583 0
0.41875 0.302083 0
0.3875 0.322917 0
0.26875 0.260417 0
0.28125 0.322917 0
0.2375 0.28125 0
0.24375 0.3125 0
0.30625 0.270833 0
0.3125 0.302083 0
-0.28125 0.322917 0
-0.26875 0.260417 0
-0.24375 0.3125 0
-0.2375 0.28125 0
-0.3125 0.302083 0
-0.30625 0.270833 0
-0.39375 0.354167 0
-0.45625 0.3125 0
-0.43125 0.364583 0
-0.4625 0.34375 0
-0.3875 0.322917 0
-0.41875 0.302083 0
-0.3625 0.197917 0
-0.4375 0.21875 0
-0.39375 0.177083 0
-0.43125 0.1875 0
-0.36875 0.229167 0
-0.40625 0.239583 0
-0.933333 -0.96875 0
-0.891667 -0.96875 0
-0.975 -0.927083 0
-0.975 -0.885417 0
-0.908333 -0.9375 0
-0.95 -0.895833 0
-0.391667 -0.96875 0
-0.433333 -0.96875 0
-0.270833 -0.958333 0
-0.229167 -0.958333 0
-0.329167 -0.927083 0
-0.408333 -0.9375 0
-0.345833 -0.895833 0
-0.25 -0.916667 0
-0.308333 -0.885417 0
0.270833 -0.958333 0
0.229167 -0.958333 0
0.391667 -0.96875 0
0.433333 -0.96875 0
0.329167 -0.927083 0
0.25 -0.916667 0
0.308333 -0.885417 0
0.408333 -0.9375 0
0.345833 -0.895833 0
0.933333 -0.96875 0
0.891667 -0.96875 0
0.975 -0.927083 0
0.975 -0.885417 0
0.908333 -0.9375 0
0.95 -0.895833 0
0.975 -0.385417 0
0.975 -0.427083 0
0.96875 -0.270833 0
0.96875 -0.229167 0
0.94375 -0.322917 0
0.95 -0.395833 0
0.91875 -0.333333 0
0.9375 -0.25 0
0.9125 -0.302083 0
0.96875 0.270833 0
0.96875 0.229167 0
0.975 0.385417 0
0.975 0.427083 0
0.94375 0.322917 0
0.9375 0.25 0
0.9125 0.302083 0
0.95 0.395833 0
0.91875 0.333333 0
0.975 0.927083 0
0.975 0.885417 0
0.933333 0.96875 0
0.891667 0.96875 0
0.95 0.895833 0
0.908333 0.9375 0
0.391667 0.96875 0
0.433333 0.96875 0
0.270833 0.958333 0
0.229167 0.958333 0
0.329167 0.927083 0
0.408333 0.9375 0
0.345833 0.895833 0
0.25 0.916667 0
0.308333 0.885417 0
-0.270833 0.958333 0
-0.229167 0.958333 0
-0.391667 0.96875 0
-0.433333 0.96875 0
-0.329167 0.927083 0
-0.25 0.916667 0
-0.308333 0.885417 0
-0.408333 0.9375 0
-0.345833 0.895833 0
-0.933333 0.96875 0
-0.891667 0.96875 0
-0.975 0.927083 0
-0.975 0.885417 0
-0.908333 0.9375 0
-0.95 0.895833 0
-0.975 0.385417 0
-0.975 0.427083 0
-0.96875 0.270833 0
-0.96875 0.229167 0
-0.94375 0.322917 0
-0.95 0.395833 0
-0.91875 0.333333 0
-0.9375 0.25 0
-0.9125 0.302083 0
-0.975 -0.385417 0
-0.975 -0.427083 0
-0.96875 -0.270833 0
-0.96875 -0.229167 0
-0.94375 -0.322917 0
-0.95 -0.395833 0
-0.91875 -0.333333 0
-0.9375 -0.25 0
-0.9125 -0.302083 0
-0.608333 -0.5625 0
-0.65 -0.520833 0
-0.633333 -0.59375 0
-0.675 -0.552083 0
-0.545833 -0.520833 0
-0.591667 -0.59375 0
-0.529167 -0.552083 0
-0.61875 -0.458333 0
-0.675 -0.510417 0
-0.64375 -0.447917 0
-0.55625 -0.458333 0
-0.508333 -0.510417 0
-0.51875 -0.447917 0
-0.6125 -0.427083 0
-0.55 -0.427083 0
0 -0.416667 0
-0.0583333 -0.385417 0
-0.0208333 -0.458333 0
-0.0791667 -0.427083 0
0.0583333 -0.385417 0
0.0208333 -0.458333 0
0.0791667 -0.427083 0
-0.06875 -0.322917 0
-0.0958333 -0.395833 0
-0.10625 -0.333333 0
0.06875 -0.322917 0
0.0958333 -0.395833 0
0.10625 -0.333333 0
0.03125 -0.270833 0
0.1 -0.302083 0
0.0625 -0.25 0
-0.03125 -0.270833 0
0.03125 -0.229167 0
-0.03125 -0.229167 0
-0.1 -0.302083 0
-0.0625 -0.25 0
0.608333 -0.5625 0
0.545833 -0.520833 0
0.591667 -0.59375 0
0.529167 -0.552083 0
0.65 -0.520833 0
0.633333 -0.59375 0
0.675 -0.552083 0
0.61875 -0.458333 0
0.675 -0.510417 0
0.64375 -0.447917 0
0.55625 -0.458333 0
0.508333 -0.510417 0
0.51875 -0.447917 0
0.6125 -0.427083 0
0.55 -0.427083 0
0.5625 0 0
0.5375 -0.0520833 0
0.59375 -0.0208333 0
0.56875 -0.0729167 0
0.5375 0.0520833 0
0.59375 0.0208333 0
0.56875 0.0729167 0
0.475 -0.0520833 0
0.4375 0 0
0.44375 -0.0729167 0
0.40625 -0.0208333 0
0.54375 -0.0833333 0
0.48125 -0.0833333 0
0.475 0.0520833 0
0.54375 0.0833333 0
0.48125 0.0833333 0
0.40625 0.0208333 0
0.44375 0.0729167 0
0.65 0.520833 0
0.61875 0.458333 0
0.675 0.510417 0
0.64375 0.447917 0
0.608333 0.5625 0
0.675 0.552083 0
0.633333 0.59375 0
0.545833 0.520833 0
0.591667 0.59375 0
0.529167 0.552083 0
0.55625 0.458333 0
0.6125 0.427083 0
0.55 0.427083 0
0.508333 0.510417 0
0.51875 0.447917 0
0 0.416667 0
0.0583333 0.385417 0
0.0208333 0.458333 0
0.0791667 0.427083 0
-0.0583333 0.385417 0
-0.0208333 0.458333 0
-0.0791667 0.427083 0
0.03125 0.270833 0
-0.03125 0.270833 0
0.03125 0.229167 0
-0.03125 0.229167 0
0.06875 0.322917 0
0.0625 0.25 0
0.1 0.302083 0
0.0958333 0.395833 0
0.10625 0.333333 0
-0.06875 0.322917 0
-0.0958333 0.395833 0
-0.10625 0.333333 0
-0.0625 0.25 0
-0.1 0.302083 0
-0.608333 0.5625 0
-0.545833 0.520833 0
-0.591667 0.59375 0
-0.529167 0.552083 0
-0.65 0.520833 0
-0.633333 0.59375 0
-0.675 0.552083 0
-0.61875 0.458333 0
-0.675 0.510417 0
-0.64375 0.447917 0
-0.55625 0.458333 0
-0.508333 0.510417 0
-0.51875 0.447917 0
-0.6125 0.427083 0
-0.55 0.427083 0
-0.5625 0 0
-0.5375 0.0520833 0
-0.59375 0.0208333 0
-0.56875 0.0729167 0
-0.5375 -0.0520833 0
-0.59375 -0.0208333 0
-0.56875 -0.0729167 0
-0.475 -0.0520833 0
-0.54375 -0.0833333 0
-0.48125 -0.0833333 0
-0.4375 0 0
-0.44375 -0.0729167 0
-0.40625 -0.0208333 0
-0.475 0.0520833 0
-0.40625 0.0208333 0
-0.44375 0.0729167 0
-0.54375 0.0833333 0
-0.48125 0.0833333 0
-0.725 -0.96875 0
-0.766667 -0.96875 0
-0.6 -0.96875 0
-0.558333 -0.96875 0
-0.658333 -0.9375 0
-0.741667 -0.9375 0
-0.675 -0.90625 0
-0.575 -0.9375 0
-0.633333 -0.90625 0
-0.975 -0.71875 0
-0.975 -0.760417 0
-0.975 -0.59375 0
-0.975 -0.552083 0
-0.95 -0.645833 0
-0.95 -0.729167 0
-0.925 -0.65625 0
-0.95 -0.5625 0
-0.925 -0.614583 0
-0.808333 -0.8125 0
-0.85 -0.770833 0
-0.833333 -0.84375 0
-0.875 -0.802083 0
-0.733333 -0.71875 0
-0.775 -0.677083 0
-0.708333 -0.6875 0
-0.75 -0.645833 0
-0.741667 -0.78125 0
-0.791667 -0.84375 0
-0.725 -0.8125 0
-0.825 -0.697917 0
-0.875 -0.760417 0
-0.85 -0.6875 0
-0.691667 -0.71875 0
-0.7 -0.78125 0
-0.775 -0.635417 0
-0.825 -0.65625 0
-0.0625 -0.958333 0
-0.104167 -0.958333 0
0.0625 -0.958333 0
0.104167 -0.958333 0
0 -0.916667 0
-0.0833334 -0.916667 0
-0.0208333 -0.875 0
0.0833334 -0.916667 0
0.0208333 -0.875 0
-0.475 -0.8125 0
-0.4125 -0.770833 0
-0.458333 -0.84375 0
-0.395833 -0.802083 0
-0.525 -0.71875 0
-0.4625 -0.677083 0
-0.541667 -0.6875 0
-0.479167 -0.645833 0
-0.533333 -0.78125 0
-0.5 -0.84375 0
-0.558333 -0.8125 0
-0.566667 -0.71875 0
-0.575 -0.78125 0
-0.408333 -0.697917 0
-0.375 -0.760417 0
-0.370833 -0.6875 0
-0.441667 -0.635417 0
-0.3875 -0.65625 0
-0.166667 -0.75 0
-0.225 -0.71875 0
-0.1875 -0.791667 0
-0.245833 -0.760417 0
-0.104167 -0.625 0
-0.1625 -0.59375 0
-0.0833334 -0.583333 0
-0.141667 -0.552083 0
-0.104167 -0.708333 0
-0.145833 -0.791667 0
-0.0833334 -0.75 0
-0.220833 -0.645833 0
-0.2625 -0.729167 0
-0.258333 -0.65625 0
-0.0625 -0.625 0
-0.0625 -0.708333 0
-0.179167 -0.5625 0
-0.2375 -0.614583 0
0.6 -0.96875 0
0.558333 -0.96875 0
0.725 -0.96875 0
0.766667 -0.96875 0
0.658333 -0.9375 0
0.575 -0.9375 0
0.633333 -0.90625 0
0.741667 -0.9375 0
0.675 -0.90625 0
0.166667 -0.75 0
0.225 -0.71875 0
0.1875 -0.791667 0
0.245833 -0.760417 0
0.104167 -0.625 0
0.1625 -0.59375 0
0.0833334 -0.583333 0
0.141667 -0.552083 0
0.104167 -0.708333 0
0.145833 -0.791667 0
0.0833334 -0.75 0
0.0625 -0.625 0
0.0625 -0.708333 0
0.220833 -0.645833 0
0.2625 -0.729167 0
0.258333 -0.65625 0
0.179167 -0.5625 0
0.2375 -0.614583 0
0.475 -0.8125 0
0.4125 -0.770833 0
0.458333 -0.84375 0
0.395833 -0.802083 0
0.525 -0.71875 0
0.4625 -0.677083 0
0.541667 -0.6875 0
0.479167 -0.645833 0
0.533333 -0.78125 0
0.5 -0.84375 0
0.558333 -0.8125 0
0.408333 -0.697917 0
0.375 -0.760417 0
0.370833 -0.6875 0
0.566667 -0.71875 0
0.575 -0.78125 0
0.441667 -0.635417 0
0.3875 -0.65625 0
0.975 -0.71875 0
0.975 -0.760417 0
0.975 -0.59375 0
0.975 -0.552083 0
0.95 -0.645833 0
0.95 -0.729167 0
0.925 -0.65625 0
0.95 -0.5625 0
0.925 -0.614583 0
0.808333 -0.8125 0
0.85 -0.770833 0
0.833333 -0.84375 0
0.875 -0.802083 0
0.733333 -0.71875 0
0.775 -0.677083 0
0.708333 -0.6875 0
0.75 -0.645833 0
0.741667 -0.78125 0
0.791667 -0.84375 0
0.725 -0.8125 0
0.691667 -0.71875 0
0.7 -0.78125 0
0.825 -0.697917 0
0.875 -0.760417 0
0.85 -0.6875 0
0.775 -0.635417 0
0.825 -0.65625 0
0.96875 -0.0625 0
0.96875 -0.104167 0
0.96875 0.0625 0
0.96875 0.104167 0
0.9375 0 0
0.9375 -0.0833334 0
0.90625 -0.0208333 0
0.9375 0.0833334 0
0.90625 0.0208333 0
0.85 -0.4375 0
0.81875 -0.375 0
0.875 -0.427083 0
0.84375 -0.364583 0
0.775 -0.46875 0
0.74375 -0.40625 0
0.75 -0.479167 0
0.71875 -0.416667 0
0.825 -0.489583 0
0.875 -0.46875 0
0.85 -0.520833 0
0.775 -0.510417 0
0.825 -0.53125 0
0.7625 -0.364583 0
0.8125 -0.34375 0
0.75625 -0.333333 0
0.7125 -0.385417 0
0.73125 -0.34375 0
0.8125 -0.166667 0
0.7875 -0.21875 0
0.84375 -0.1875 0
0.81875 -0.239583 0
0.71875 -0.104167 0
0.69375 -0.15625 0
0.6875 -0.0833334 0
0.6625 -0.135417 0
0.78125 -0.104167 0
0.84375 -0.145833 0
0.8125 -0.0833334 0
0.73125 -0.208333 0
0.79375 -0.25 0
0.7375 -0.239583 0
0.71875 -0.0625 0
0.78125 -0.0625 0
0.66875 -0.166667 0
0.70625 -0.21875 0
0.975 0.59375 0
0.975 0.552083 0
0.975 0.71875 0
0.975 0.760417 0
0.95 0.645833 0
0.95 0.5625 0
0.925 0.614583 0
0.95 0.729167 0
0.925 0.65625 0
0.8125 0.166667 0
0.7875 0.21875 0
0.84375 0.1875 0
0.81875 0.239583 0
0.71875 0.104167 0
0.69375 0.15625 0
0.6875 0.0833334 0
0.6625 0.135417 0
0.78125 0.104167 0
0.84375 0.145833 0
0.8125 0.0833334 0
0.71875 0.0625 0
0.78125 0.0625 0
0.73125 0.208333 0
0.79375 0.25 0
0.7375 0.239583 0
0.66875 0.166667 0
0.70625 0.21875 0
0.85 0.4375 0
0.81875 0.375 0
0.875 0.427083 0
0.84375 0.364583 0
0.775 0.46875 0
0.74375 0.40625 0
0.75 0.479167 0
0.71875 0.416667 0
0.825 0.489583 0
0.875 0.46875 0
0.85 0.520833 0
0.7625 0.364583 0
0.8125 0.34375 0
0.75625 0.333333 0
0.775 0.510417 0
0.825 0.53125 0
0.7125 0.385417 0
0.73125 0.34375 0
0.725 0.96875 0
0.766667 0.96875 0
0.6 0.96875 0
0.558333 0.96875 0
0.658333 0.9375 0
0.741667 0.9375 0
0.675 0.90625 0
0.575 0.9375 0
0.633333 0.90625 0
0.85 0.770833 0
0.808333 0.8125 0
0.875 0.802083 0
0.833333 0.84375 0
0.775 0.677083 0
0.733333 0.71875 0
0.75 0.645833 0
0.708333 0.6875 0
0.825 0.697917 0
0.875 0.760417 0
0.85 0.6875 0
0.775 0.635417 0
0.825 0.65625 0
0.741667 0.78125 0
0.791667 0.84375 0
0.725 0.8125 0
0.691667 0.71875 0
0.7 0.78125 0
0.0625 0.958333 0
0.104167 0.958333 0
-0.0625 0.958333 0
-0.104167 0.958333 0
0 0.916667 0
0.0833334 0.916667 0
0.0208333 0.875 0
-0.0833334 0.916667 0
-0.0208333 0.875 0
0.475 0.8125 0
0.4125 0.770833 0
0.458333 0.84375 0
0.395833 0.802083 0
0.525 0.71875 0
0.4625 0.677083 0
0.541667 0.6875 0
0.479167 0.645833 0
0.533333 0.78125 0
0.5 0.84375 0
0.558333 0.8125 0
0.566667 0.71875 0
0.575 0.78125 0
0.408333 0.697917 0
0.375 0.760417 0
0.370833 0.6875 0
0.441667 0.635417 0
0.3875 0.65625 0
0.166667 0.75 0
0.225 0.71875 0
0.1875 0.791667 0
0.245833 0.760417 0
0.104167 0.625 0
0.1625 0.59375 0
0.0833334 0.583333 0
0.141667 0.552083 0
0.104167 0.708333 0
0.145833 0.791667 0
0.0833334 0.75 0
0.220833 0.645833 0
0.2625 0.729167 0
0.258333 0.65625 0
0.0625 0.625 0
0.0625 0.708333 0
0.179167 0.5625 0
0.2375 0.614583 0
-0.6 0.96875 0
-0.558333 0.96875 0
-0.725 0.96875 0
-0.766667 0.96875 0
-0.658333 0.9375 0
-0.575 0.9375 0
-0.633333 0.90625 0
-0.741667 0.9375 0
-0.675 0.90625 0
-0.166667 0.75 0
-0.225 0.71875 0
-0.1875 0.791667 0
-0.245833 0.760417 0
-0.104167 0.625 0
-0.1625 0.59375 0
-0.0833334 0.583333 0
-0.141667 0.552083 0
-0.104167 0.708333 0
-0.145833 0.791667 0
-0.0833334 0.75 0
-0.0625 0.625 0
-0.0625 0.708333 0
-0.220833 0.645833 0
-0.2625 0.729167 0
-0.258333 0.65625 0
-0.179167 0.5625 0
-0.2375 0.614583 0
-0.475 0.8125 0
-0.4125 0.770833 0
-0.458333 0.84375 0
-0.395833 0.802083 0
-0.525 0.71875 0
-0.4625 0.677083 0
-0.541667 0.6875 0
-0.479167 0.645833 0
-0.533333 0.78125 0
-0.5 0.84375 0
-0.558333 0.8125 0
-0.408333 0.697917 0
-0.375 0.760417 0
-0.370833 0.6875 0
-0.566667 0.71875 0
-0.575 0.78125 0
-0.441667 0.635417 0
-0.3875 0.65625 0
-0.975 0.71875 0
-0.975 0.760417 0
-0.975 0.59375 0
-0.975 0.552083 0
-0.95 0.645833 0
-0.95 0.729167 0
-0.925 0.65625 0
-0.95 0.5625 0
-0.925 0.614583 0
-0.808333 0.8125 0
-0.85 0.770833 0
-0.833333 0.84375 0
-0.875 0.802083 0
-0.733333 0.71875 0
-0.775 0.677083 0
-0.708333 0.6875 0
-0.75 0.645833 0
-0.741667 0.78125 0
-0.791667 0.84375 0
-0.725 0.8125 0
-0.691667 0.71875 0
-0.7 0.78125 0
-0.825 0.697917 0
-0.875 0.760417 0
-0.85 0.6875 0
-0.775 0.635417 0
-0.825 0.65625 0
-0.96875 0.0625 0
-0.96875 0.104167 0
-0.96875 -0.0625 0
-0.96875 -0.104167 0
-0.9375 0 0
-0.9375 0.0833334 0
-0.90625 0.0208333 0
-0.9375 -0.0833334 0
-0.90625 -0.0208333 0
-0.85 0.4375 0
-0.81875 0.375 0
-0.875 0.427083 0
-0.84375 0.364583 0
-0.775 0.46875 0
-0.74375 0.40625 0
-0.75 0.479167 0
-0.71875 0.416667 0
-0.825 0.489583 0
-0.875 0.46875 0
-0.85 0.520833 0
-0.775 0.510417 0
-0.825 0.53125 0
-0.7625 0.364583 0
-0.8125 0.34375 0
-0.75625 0.333333 0
-0.7125 0.385417 0
-0.73125 0.34375 0
-0.8125 0.166667 0
-0.7875 0.21875 0
-0.84375 0.1875 0
-0.81875 0.239583 0
-0.71875 0.104167 0
-0.69375 0.15625 0
-0.6875 0.0833334 0
-0.6625 0.135417 0
-0.78125 0.104167 0
-0.84375 0.145833 0
-0.8125 0.0833334 0
-0.73125 0.208333 0
-0.79375 0.25 0
-0.7375 0.239583 0
-0.71875 0.0625 0
-0.78125 0.0625 0
-0.66875 0.166667 0
-0.70625 0.21875 0
-0.85 -0.4375 0
-0.81875 -0.375 0
-0.875 -0.427083 0
-0.84375 -0.364583 0
-0.775 -0.46875 0
-0.74375 -0.40625 0
-0.75 -0.479167 0
-0.71875 -0.416667 0
-0.825 -0.489583 0
-0.875 -0.46875 0
-0.85 -0.520833 0
-0.775 -0.510417 0
-0.825 -0.53125 0
-0.7625 -0.364583 0
-0.8125 -0.34375 0
-0.75625 -0.333333 0
-0.7125 -0.385417 0
-0.73125 -0.34375 0
-0.8125 -0.166667 0
-0.7875 -0.21875 0
-0.84375 -0.1875 0
-0.81875 -0.239583 0
-0.71875 -0.104167 0
-0.69375 -0.15625 0
-0.6875 -0.0833334 0
-0.6625 -0.135417 0
-0.78125 -0.104167 0
-0.84375 -0.145833 0
-0.8125 -0.0833334 0
-0.71875 -0.0625 0
-0.78125 -0.0625 0
-0.73125 -0.208333 0
-0.79375 -0.25 0
-0.7375 -0.239583 0
-0.66875 -0.166667 0
-0.70625 -0.21875 0
-0.358333 -0.46875 0
-0.36875 -0.40625 0
-0.395833 -0.479167 0
-0.40625 -0.416667 0
-0.245833 -0.4375 0
-0.25625 -0.375 0
-0.208333 -0.427083 0
-0.21875 -0.364583 0
-0.304167 -0.489583 0
-0.379167 -0.510417 0
-0.325 -0.53125 0
-0.229167 -0.46875 0
-0.2875 -0.520833 0
-0.325 -0.364583 0
-0.4 -0.385417 0
-0.35625 -0.34375 0
-0.25 -0.34375 0
-0.31875 -0.333333 0
-0.5875 -0.302083 0
-0.525 -0.302083 0
-0.59375 -0.333333 0
-0.53125 -0.333333 0
-0.56875 -0.208333 0
-0.50625 -0.208333 0
-0.5625 -0.177083 0
-0.5 -0.177083 0
-0.60625 -0.260417 0
-0.61875 -0.322917 0
-0.6375 -0.28125 0
-0.59375 -0.197917 0
-0.63125 -0.25 0
-0.48125 -0.260417 0
-0.49375 -0.322917 0
-0.45 -0.28125 0
-0.46875 -0.197917 0
-0.44375 -0.25 0
0.245833 -0.4375 0
0.25625 -0.375 0
0.208333 -0.427083 0
0.21875 -0.364583 0
0.358333 -0.46875 0
0.36875 -0.40625 0
0.395833 -0.479167 0
0.40625 -0.416667 0
0.304167 -0.489583 0
0.229167 -0.46875 0
0.2875 -0.520833 0
0.379167 -0.510417 0
0.325 -0.53125 0
0.325 -0.364583 0
0.25 -0.34375 0
0.31875 -0.333333 0
0.4 -0.385417 0
0.35625 -0.34375 0
0.225 -0.21875 0
0.1875 -0.166667 0
0.19375 -0.239583 0
0.15625 -0.1875 0
0.31875 -0.15625 0
0.28125 -0.104167 0
0.35 -0.135417 0
0.3125 -0.0833334 0
0.29375 -0.208333 0
0.23125 -0.25 0
0.3 -0.239583 0
0.21875 -0.104167 0
0.15625 -0.145833 0
0.1875 -0.0833334 0
0.35625 -0.166667 0
0.33125 -0.21875 0
0.28125 -0.0625 0
0.21875 -0.0625 0
0.03125 -0.0625 0
-0.03125 -0.0625 0
0.03125 -0.104167 0
-0.03125 -0.104167 0
0.03125 0.0625 0
-0.03125 0.0625 0
0.03125 0.104167 0
-0.03125 0.104167 0
0.0625 0 0
0.0625 -0.0833334 0
0.09375 -0.0208333 0
-0.0625 0 0
-0.0625 -0.0833334 0
-0.09375 -0.0208333 0
0.0625 0.0833334 0
0.09375 0.0208333 0
-0.0625 0.0833334 0
-0.09375 0.0208333 0
-0.225 -0.21875 0
-0.1875 -0.166667 0
-0.19375 -0.239583 0
-0.15625 -0.1875 0
-0.31875 -0.15625 0
-0.28125 -0.104167 0
-0.35 -0.135417 0
-0.3125 -0.0833334 0
-0.29375 -0.208333 0
-0.23125 -0.25 0
-0.3 -0.239583 0
-0.35625 -0.166667 0
-0.33125 -0.21875 0
-0.21875 -0.104167 0
-0.15625 -0.145833 0
-0.1875 -0.0833334 0
-0.28125 -0.0625 0
-0.21875 -0.0625 0
0.5875 -0.302083 0
0.525 -0.302083 0
0.59375 -0.333333 0
0.53125 -0.333333 0
0.56875 -0.208333 0
0.50625 -0.208333 0
0.5625 -0.177083 0
0.5 -0.177083 0
0.60625 -0.260417 0
0.61875 -0.322917 0
0.6375 -0.28125 0
0.59375 -0.197917 0
0.63125 -0.25 0
0.48125 -0.260417 0
0.49375 -0.322917 0
0.45 -0.28125 0
0.46875 -0.197917 0
0.44375 -0.25 0
0.56875 0.208333 0
0.50625 0.208333 0
0.5625 0.177083 0
0.5 0.177083 0
0.5875 0.302083 0
0.525 0.302083 0
0.59375 0.333333 0
0.53125 0.333333 0
0.60625 0.260417 0
0.59375 0.197917 0
0.63125 0.25 0
0.61875 0.322917 0
0.6375 0.28125 0
0.48125 0.260417 0
0.46875 0.197917 0
0.44375 0.25 0
0.49375 0.322917 0
0.45 0.28125 0
0.28125 0.104167 0
0.31875 0.15625 0
0.3125 0.0833334 0
0.35 0.135417 0
0.1875 0.166667 0
0.225 0.21875 0
0.15625 0.1875 0
0.19375 0.239583 0
0.21875 0.104167 0
0.28125 0.0625 0
0.21875 0.0625 0
0.15625 0.145833 0
0.1875 0.0833334 0
0.29375 0.208333 0
0.35625 0.166667 0
0.33125 0.21875 0
0.23125 0.25 0
0.3 0.239583 0
0.358333 0.46875 0
0.36875 0.40625 0
0.395833 0.479167 0
0.40625 0.416667 0
0.245833 0.4375 0
0.25625 0.375 0
0.208333 0.427083 0
0.21875 0.364583 0
0.304167 0.489583 0
0.379167 0.510417 0
0.325 0.53125 0
0.229167 0.46875 0
0.2875 0.520833 0
0.325 0.364583 0
0.4 0.385417 0
0.35625 0.34375 0
0.25 0.34375 0
0.31875 0.333333 0
-0.245833 0.4375 0
-0.25625 0.375 0
-0.208333 0.427083 0
-0.21875 0.364583 0
-0.358333 0.46875 0
-0.36875 0.40625 0
-0.395833 0.479167 0
-0.40625 0.416667 0
-0.304167 0.489583 0
-0.229167 0.46875 0
-0.2875 0.520833 0
-0.379167 0.510417 0
-0.325 0.53125 0
-0.325 0.364583 0
-0.25 0.34375 0
-0.31875 0.333333 0
-0.4 0.385417 0
-0.35625 0.34375 0
-0.1875 0.166667 0
-0.225 0.21875 0
-0.15625 0.1875 0
-0.19375 0.239583 0
-0.28125 0.104167 0
-0.31875 0.15625 0
-0.3125 0.0833334 0
-0.35 0.135417 0
-0.21875 0.104167 0
-0.15625 0.145833 0
-0.1875 0.0833334 0
-0.28125 0.0625 0
-0.21875 0.0625 0
-0.29375 0.208333 0
-0.23125 0.25 0
-0.3 0.239583 0
-0.35625 0.166667 0
-0.33125 0.21875 0
-0.5875 0.302083 0
-0.525 0.302083 0
-0.59375 0.333333 0
-0.53125 0.333333 0
-0.56875 0.208333 0
-0.50625 0.208333 0
-0.5625 0.177083 0
-0.5 0.177083 0
-0.60625 0.260417 0
-0.61875 0.322917 0
-0.6375 0.28125 0
-0.59375 0.197917 0
-0.63125 0.25 0
-0.48125 0.260417 0
-0.49375 0.322917 0
-0.45 0.28125 0
-0.46875 0.197917 0
-0.44375 0.25 0
-0.825 -0.9375 0
-0.841667 -0.90625 0
-0.8 -0.90625 0
-0.95 -0.8125 0
-0.925 -0.822917 0
-0.925 -0.78125 0
-0.491667 -0.9375 0
-0.466667 -0.90625 0
-0.508333 -0.90625 0
-0.166667 -0.916667 0
-0.1875 -0.875 0
-0.145833 -0.875 0
-0.341667 -0.822917 0
-0.304167 -0.8125 0
-0.320833 -0.78125 0
0.166667 -0.916667 0
0.1875 -0.875 0
0.145833 -0.875 0
0.491667 -0.9375 0
0.466667 -0.90625 0
0.508333 -0.90625 0
0.304167 -0.8125 0
0.341667 -0.822917 0
0.320833 -0.78125 0
0.825 -0.9375 0
0.841667 -0.90625 0
0.8 -0.90625 0
0.95 -0.8125 0
0.925 -0.822917 0
0.925 -0.78125 0
0.95 -0.479167 0
0.925 -0.447917 0
0.925 -0.489583 0
0.9375 -0.166667 0
0.90625 -0.1875 0
0.90625 -0.145833 0
0.8625 -0.322917 0
0.85625 -0.291667 0
0.83125 -0.302083 0
0.9375 0.166667 0
0.90625 0.1875 0
0.90625 0.145833 0
0.95 0.479167 0
0.925 0.447917 0
0.925 0.489583 0
0.85625 0.291667 0
0.8625 0.322917 0
0.83125 0.302083 0
0.95 0.8125 0
0.925 0.822917 0
0.925 0.78125 0
0.825 0.9375 0
0.841667 0.90625 0
0.8 0.90625 0
0.491667 0.9375 0
0.466667 0.90625 0
0.508333 0.90625 0
0.166667 0.916667 0
0.1875 0.875 0
0.145833 0.875 0
0.341667 0.822917 0
0.304167 0.8125 0
0.320833 0.78125 0
-0.166667 0.916667 0
-0.1875 0.875 0
-0.145833 0.875 0
-0.491667 0.9375 0
-0.466667 0.90625 0
-0.508333 0.90625 0
-0.304167 0.8125 0
-0.341667 0.822917 0
-0.320833 0.78125 0
-0.825 0.9375 0
-0.841667 0.90625 0
-0.8 0.90625 0
-0.95 0.8125 0
-0.925 0.822917 0
-0.925 0.78125 0
-0.95 0.479167 0
-0.925 0.447917 0
-0.925 0.489583 0
-0.9375 0.166667 0
-0.90625 0.1875 0
-0.90625 0.145833 0
-0.8625 0.322917 0
-0.85625 0.291667 0
-0.83125 0.302083 0
-0.95 -0.479167 0
-0.925 -0.447917 0
-0.925 -0.489583 0
-0.9375 -0.166667 0
-0.90625 -0.1875 0
-0.90625 -0.145833 0
-0.8625 -0.322917 0
-0.85625 -0.291667 0
-0.83125 -0.302083 0
-0.641667 -0.65625 0
-0.6 -0.65625 0
-0.725 -0.572917 0
-0.725 -0.53125 0
-0.625 -0.6875 0
-0.75 -0.5625 0
-0.475 -0.572917 0
-0.454167 -0.53125 0
-0.4375 -0.5625 0
-0.6625 -0.40625 0
-0.63125 -0.385417 0
-0.65625 -0.375 0
-0.475 -0.40625 0
-0.50625 -0.385417 0
-0.46875 -0.375 0
-0.0208333 -0.541667 0
0.0208333 -0.541667 0
-0.1375 -0.479167 0
-0.154167 -0.447917 0
0 -0.583333 0
-0.175 -0.489583 0
0.1375 -0.479167 0
0.154167 -0.447917 0
0.175 -0.489583 0
-0.175 -0.322917 0
-0.16875 -0.291667 0
-0.20625 -0.302083 0
0.175 -0.322917 0
0.16875 -0.291667 0
0.20625 -0.302083 0
0.09375 -0.1875 0
0.0625 -0.166667 0
0.09375 -0.145833 0
-0.0625 -0.166667 0
-0.09375 -0.1875 0
-0.09375 -0.145833 0
0.6 -0.65625 0
0.641667 -0.65625 0
0.475 -0.572917 0
0.454167 -0.53125 0
0.625 -0.6875 0
0.4375 -0.5625 0
0.725 -0.572917 0
0.725 -0.53125 0
0.75 -0.5625 0
0.6625 -0.40625 0
0.63125 -0.385417 0
0.65625 -0.375 0
0.475 -0.40625 0
0.50625 -0.385417 0
0.46875 -0.375 0
0.65625 -0.0208333 0
0.65625 0.0208333 0
0.60625 -0.125 0
0.58125 -0.135417 0
0.6875 0 0
0.6125 -0.15625 0
0.60625 0.125 0
0.58125 0.135417 0
0.6125 0.15625 0
0.41875 -0.125 0
0.45625 -0.135417 0
0.34375 -0.0208333 0
0.34375 0.0208333 0
0.425 -0.15625 0
0.3125 0 0
0.45625 0.135417 0
0.41875 0.125 0
0.425 0.15625 0
0.725 0.53125 0
0.725 0.572917 0
0.6625 0.40625 0
0.63125 0.385417 0
0.75 0.5625 0
0.65625 0.375 0
0.641667 0.65625 0
0.6 0.65625 0
0.625 0.6875 0
0.475 0.572917 0
0.454167 0.53125 0
0.4375 0.5625 0
0.50625 0.385417 0
0.475 0.40625 0
0.46875 0.375 0
0.0208333 0.541667 0
-0.0208333 0.541667 0
0.1375 0.479167 0
0.154167 0.447917 0
0 0.583333 0
0.175 0.489583 0
-0.1375 0.479167 0
-0.154167 0.447917 0
-0.175 0.489583 0
0.0625 0.166667 0
0.09375 0.1875 0
-0.0625 0.166667 0
-0.09375 0.1875 0
0.09375 0.145833 0
-0.09375 0.145833 0
0.16875 0.291667 0
0.175 0.322917 0
0.20625 0.302083 0
-0.175 0.322917 0
-0.16875 0.291667 0
-0.20625 0.302083 0
-0.6 0.65625 0
-0.641667 0.65625 0
-0.475 0.572917 0
-0.454167 0.53125 0
-0.625 0.6875 0
-0.4375 0.5625 0
-0.725 0.572917 0
-0.725 0.53125 0
-0.75 0.5625 0
-0.6625 0.40625 0
-0.63125 0.385417 0
-0.65625 0.375 0
-0.475 0.40625 0
-0.50625 0.385417 0
-0.46875 0.375 0
-0.65625 0.0208333 0
-0.65625 -0.0208333 0
-0.60625 0.125 0
-0.58125 0.135417 0
-0.6875 0 0
-0.6125 0.15625 0
-0.60625 -0.125 0
-0.58125 -0.135417 0
-0.6125 -0.15625 0
-0.45625 -0.135417 0
-0.41875 -0.125 0
-0.425 -0.15625 0
-0.34375 -0.0208333 0
-0.34375 0.0208333 0
-0.3125 0 0
-0.41875 0.125 0
-0.45625 0.135417 0
-0.425 0.15625 0
-0.666667 -0.84375 0
-0.625 -0.84375 0
-0.641667 -0.8125 0
-0.875 -0.635417 0
-0.875 -0.59375 0
-0.85 -0.604167 0
-0.0208333 -0.791667 0
0.0208333 -0.791667 0
0 -0.75 0
-0.3125 -0.635417 0
-0.329167 -0.604167 0
-0.291667 -0.59375 0
0.625 -0.84375 0
0.666667 -0.84375 0
0.641667 -0.8125 0
0.3125 -0.635417 0
0.291667 -0.59375 0
0.329167 -0.604167 0
0.875 -0.635417 0
0.875 -0.59375 0
0.85 -0.604167 0
0.84375 -0.0208333 0
0.84375 0.0208333 0
0.8125 0 0
0.71875 -0.28125 0
0.69375 -0.291667 0
0.6875 -0.260417 0
0.875 0.59375 0
0.875 0.635417 0
0.85 0.604167 0
0.71875 0.28125 0
0.6875 0.260417 0
0.69375 0.291667 0
0.666667 0.84375 0
0.625 0.84375 0
0.641667 0.8125 0
0.0208333 0.791667 0
-0.0208333 0.791667 0
0 0.75 0
0.3125 0.635417 0
0.329167 0.604167 0
0.291667 0.59375 0
-0.625 0.84375 0
-0.666667 0.84375 0
-0.641667 0.8125 0
-0.3125 0.635417 0
-0.291667 0.59375 0
-0.329167 0.604167 0
-0.875 0.635417 0
-0.875 0.59375 0
-0.85 0.604167 0
-0.84375 0.0208333 0
-0.84375 -0.0208333 0
-0.8125 0 0
-0.71875 0.28125 0
-0.69375 0.291667 0
-0.6875 0.260417 0
-0.71875 -0.28125 0
-0.69375 -0.291667 0
-0.6875 -0.260417 0
-0.38125 -0.291667 0
-0.34375 -0.28125 0
-0.375 -0.260417 0
0.34375 -0.28125 0
0.38125 -0.291667 0
0.375 -0.260417 0
0.15625 -0.0208333 0
0.1875 0 0
0.15625 0.0208333 0
-0.15625 -0.0208333 0
-0.15625 0.0208333 0
-0.1875 0 0
0.375 0.260417 0
0.38125 0.291667 0
0.34375 0.28125 0
-0.34375 0.28125 0
-0.38125 0.291667 0
-0.375 0.260417 0
-0.979167 -1 0
-1 -0.979167 0
-0.9875 -0.984375 0
-0.354167 -1 0
-0.3125 -1 0
-0.341667 -0.984375 0
-0.322917 -0.979167 0
0.3125 -1 0
0.354167 -1 0
0.322917 -0.979167 0
0.341667 -0.984375 0
0.979167 -1 0
1 -0.979167 0
0.9875 -0.984375 0
1 -0.354167 0
1 -0.3125 0
0.9875 -0.338542 0
0.984375 -0.322917 0
1 0.3125 0
1 0.354167 0
0.984375 0.322917 0
0.9875 0.338542 0
1 0.979167 0
0.979167 1 0
0.9875 0.984375 0
0.354167 1 0
0.3125 1 0
0.341667 0.984375 0
0.322917 0.979167 0
-0.3125 1 0
-0.354167 1 0
-0.322917 0.979167 0
-0.341667 0.984375 0
-0.979167 1 0
-1 0.979167 0
-0.9875 0.984375 0
-1 0.354167 0
-1 0.3125 0
-0.9875 0.338542 0
-0.984375 0.322917 0
-1 -0.354167 0
-1 -0.3125 0
-0.9875 -0.338542 0
-0.984375 -0.322917 0
-0.6125 -0.515625 0
-0.591667 -0.515625 0
-0.6125 -0.494792 0
-0.58125 -0.494792 0
-0.596875 -0.484375 0
-0.0104167 -0.354167 0
0.0104167 -0.354167 0
-0.01875 -0.338542 0
0.01875 -0.338542 0
0.015625 -0.322917 0
0 -0.3125 0
-0.015625 -0.322917 0
0.591667 -0.515625 0
0.6125 -0.515625 0
0.6125 -0.494792 0
0.58125 -0.494792 0
0.596875 -0.484375 0
0.515625 -0.0104167 0
0.515625 0.0104167 0
0.484375 -0.0104167 0
0.503125 -0.015625 0
0.503125 0.015625 0
0.484375 0.0104167 0
0.6125 0.494792 0
0.6125 0.515625 0
0.591667 0.515625 0
0.596875 0.484375 0
0.58125 0.494792 0
0.0104167 0.354167 0
-0.0104167 0.354167 0
0 0.3125 0
0.015625 0.322917 0
0.01875 0.338542 0
-0.01875 0.338542 0
-0.015625 0.322917 0
-0.591667 0.515625 0
-0.6125 0.515625 0
-0.6125 0.494792 0
-0.58125 0.494792 0
-0.596875 0.484375 0
-0.515625 0.0104167 0
-0.515625 -0.0104167 0
-0.503125 -0.015625 0
-0.484375 -0.0104167 0
-0.484375 0.0104167 0
-0.503125 0.015625 0
-0.6875 -1 0
-0.645833 -1 0
-0.675 -0.984375 0
-0.654167 -0.984375 0
-1 -0.6875 0
-1 -0.645833 0
-0.9875 -0.671875 0
-0.9875 -0.651042 0
-0.8125 -0.765625 0
-0.7875 -0.734375 0
-0.791667 -0.765625 0
-0.8125 -0.744792 0
-0.779167 -0.75 0
-0.8 -0.729167 0
-0.0208333 -1 0
0.0208333 -1 0
-0.0104167 -0.979167 0
0.0104167 -0.979167 0
-0.458333 -0.765625 0
-0.475 -0.734375 0
-0.479167 -0.765625 0
-0.4875 -0.75 0
-0.447917 -0.744792 0
-0.45625 -0.729167 0
-0.177083 -0.6875 0
-0.15625 -0.645833 0
-0.15625 -0.6875 0
-0.185417 -0.671875 0
-0.145833 -0.666667 0
-0.175 -0.651042 0
0.645833 -1 0
0.6875 -1 0
0.654167 -0.984375 0
0.675 -0.984375 0
0.177083 -0.6875 0
0.15625 -0.645833 0
0.15625 -0.6875 0
0.145833 -0.666667 0
0.185417 -0.671875 0
0.175 -0.651042 0
0.458333 -0.765625 0
0.475 -0.734375 0
0.479167 -0.765625 0
0.447917 -0.744792 0
0.4875 -0.75 0
0.45625 -0.729167 0
1 -0.6875 0
1 -0.645833 0
0.9875 -0.671875 0
0.9875 -0.651042 0
0.8125 -0.765625 0
0.7875 -0.734375 0
0.791667 -0.765625 0
0.779167 -0.75 0
0.8125 -0.744792 0
0.8 -0.729167 0
1 -0.0208333 0
1 0.0208333 0
0.984375 -0.0104167 0
0.984375 0.0104167 0
0.8125 -0.411458 0
0.7875 -0.421875 0
0.8125 -0.432292 0
0.8 -0.4375 0
0.796875 -0.401042 0
0.784375 -0.40625 0
0.765625 -0.177083 0
0.734375 -0.15625 0
0.765625 -0.15625 0
0.753125 -0.182292 0
0.75 -0.145833 0
0.7375 -0.171875 0
1 0.645833 0
1 0.6875 0
0.9875 0.651042 0
0.9875 0.671875 0
0.765625 0.177083 0
0.734375 0.15625 0
0.765625 0.15625 0
0.75 0.145833 0
0.753125 0.182292 0
0.7375 0.171875 0
0.8125 0.411458 0
0.7875 0.421875 0
0.8125 0.432292 0
0.796875 0.401042 0
0.8 0.4375 0
0.784375 0.40625 0
0.6875 1 0
0.645833 1 0
0.675 0.984375 0
0.654167 0.984375 0
0.8125 0.765625 0
0.7875 0.734375 0
0.8125 0.744792 0
0.8 0.729167 0
0.791667 0.765625 0
0.779167 0.75 0
0.0208333 1 0
-0.0208333 1 0
0.0104167 0.979167 0
-0.0104167 0.979167 0
0.458333 0.765625 0
0.475 0.734375 0
0.479167 0.765625 0
0.4875 0.75 0
0.447917 0.744792 0
0.45625 0.729167 0
0.177083 0.6875 0
0.15625 0.645833 0
0.15625 0.6875 0
0.185417 0.671875 0
0.145833 0.666667 0
0.175 0.651042 0
-0.645833 1 0
-0.6875 1 0
-0.654167 0.984375 0
-0.675 0.984375 0
-0.177083 0.6875 0
-0.15625 0.645833 0
-0.15625 0.6875 0
-0.145833 0.666667 0
-0.185417 0.671875 0
-0.175 0.651042 0
-0.458333 0.765625 0
-0.475 0.734375 0
-0.479167 0.765625 0
-0.447917 0.744792 0
-0.4875 0.75 0
-0.45625 0.729167 0
-1 0.6875 0
-1 0.645833 0
-0.9875 0.671875 0
-0.9875 0.651042 0
-0.8125 0.765625 0
-0.7875 0.734375 0
-0.791667 0.765625 0
-0.779167 0.75 0
-0.8125 0.744792 0
-0.8 0.729167 0
-1 0.0208333 0
-1 -0.0208333 0
-0.984375 0.0104167 0
-0.984375 -0.0104167 0
-0.8125 0.411458 0
-0.7875 0.421875 0
-0.8125 0.432292 0
-0.8 0.4375 0
-0.796875 0.401042 0
-0.784375 0.40625 0
-0.765625 0.177083 0
-0.734375 0.15625 0
-0.765625 0.15625 0
-0.753125 0.182292 0
-0.75 0.145833 0
-0.7375 0.171875 0
-0.8125 -0.411458 0
-0.7875 -0.421875 0
-0.8125 -0.432292 0
-0.8 -0.4375 0
-0.796875 -0.401042 0
-0.784375 -0.40625 0
-0.765625 -0.177083 0
-0.734375 -0.15625 0
-0.765625 -0.15625 0
-0.75 -0.145833 0
-0.753125 -0.182292 0
-0.7375 -0.171875 0
-0.31875 -0.421875 0
-0.28125 -0.411458 0
-0.310417 -0.4375 0
-0.291667 -0.432292 0
-0.315625 -0.40625 0
-0.296875 -0.401042 0
-0.553125 -0.265625 0
-0.546875 -0.234375 0
-0.565625 -0.260417 0
-0.5625 -0.244792 0
-0.534375 -0.260417 0
-0.53125 -0.244792 0
0.28125 -0.411458 0
0.31875 -0.421875 0
0.291667 -0.432292 0
0.310417 -0.4375 0
0.296875 -0.401042 0
0.315625 -0.40625 0
0.234375 -0.177083 0
0.265625 -0.15625 0
0.253125 -0.182292 0
0.234375 -0.15625 0
0.26875 -0.171875 0
0.25 -0.145833 0
0 -0.0208333 0
0 0.0208333 0
0.015625 -0.0104167 0
-0.015625 -0.0104167 0
0.015625 0.0104167 0
-0.015625 0.0104167 0
-0.234375 -0.177083 0
-0.265625 -0.15625 0
-0.253125 -0.182292 0
-0.26875 -0.171875 0
-0.234375 -0.15625 0
-0.25 -0.145833 0
0.553125 -0.265625 0
0.546875 -0.234375 0
0.565625 -0.260417 0
0.5625 -0.244792 0
0.534375 -0.260417 0
0.53125 -0.244792 0
0.546875 0.234375 0
0.553125 0.265625 0
0.5625 0.244792 0
0.565625 0.260417 0
0.53125 0.244792 0
0.534375 0.260417 0
0.265625 0.15625 0
0.234375 0.177083 0
0.25 0.145833 0
0.234375 0.15625 0
0.26875 0.171875 0
0.253125 0.182292 0
0.31875 0.421875 0
0.28125 0.411458 0
0.310417 0.4375 0
0.291667 0.432292 0
0.315625 0.40625 0
0.296875 0.401042 0
-0.28125 0.411458 0
-0.31875 0.421875 0
-0.291667 0.432292 0
-0.310417 0.4375 0
-0.296875 0.401042 0
-0.315625 0.40625 0
-0.234375 0.177083 0
-0.265625 0.15625 0
-0.234375 0.15625 0
-0.25 0.145833 0
-0.253125 0.182292 0
-0.26875 0.171875 0
-0.553125 0.265625 0
-0.546875 0.234375 0
-0.565625 0.260417 0
-0.5625 0.244792 0
-0.534375 0.260417 0
-0.53125 0.244792 0
-0.854167 -1 0
-0.8125 -1 0
-0.841667 -0.984375 0
-0.820833 -0.984375 0
-1 -0.854167 0
-1 -0.8125 0
-0.9875 -0.838542 0
-0.9875 -0.817708 0
-0.9125 -0.890625 0
-0.8875 -0.859375 0
-0.891667 -0.890625 0
-0.9125 -0.869792 0
-0.879167 -0.875 0
-0.9 -0.854167 0
-0.479167 -1 0
-0.520833 -1 0
-0.4875 -0.984375 0
-0.508333 -0.984375 0
-0.1875 -1 0
-0.145833 -1 0
-0.177083 -0.979167 0
-0.15625 -0.979167 0
-0.391667 -0.890625 0
-0.408333 -0.859375 0
-0.4125 -0.890625 0
-0.38125 -0.869792 0
-0.420833 -0.875 0
-0.389583 -0.854167 0
-0.260417 -0.854167 0
-0.239583 -0.8125 0
-0.239583 -0.854167 0
-0.26875 -0.838542 0
-0.229167 -0.833333 0
-0.258333 -0.817708 0
0.1875 -1 0
0.145833 -1 0
0.177083 -0.979167 0
0.15625 -0.979167 0
0.479167 -1 0
0.520833 -1 0
0.4875 -0.984375 0
0.508333 -0.984375 0
0.260417 -0.854167 0
0.239583 -0.8125 0
0.239583 -0.854167 0
0.26875 -0.838542 0
0.229167 -0.833333 0
0.258333 -0.817708 0
0.391667 -0.890625 0
0.408333 -0.859375 0
0.4125 -0.890625 0
0.38125 -0.869792 0
0.420833 -0.875 0
0.389583 -0.854167 0
0.854167 -1 0
0.8125 -1 0
0.841667 -0.984375 0
0.820833 -0.984375 0
1 -0.854167 0
1 -0.8125 0
0.9875 -0.838542 0
0.9875 -0.817708 0
0.9125 -0.890625 0
0.8875 -0.859375 0
0.891667 -0.890625 0
0.9125 -0.869792 0
0.879167 -0.875 0
0.9 -0.854167 0
1 -0.479167 0
1 -0.520833 0
0.9875 -0.484375 0
0.9875 -0.505208 0
1 -0.1875 0
1 -0.145833 0
0.984375 -0.177083 0
0.984375 -0.15625 0
0.9125 -0.369792 0
0.8875 -0.380208 0
0.9125 -0.390625 0
0.896875 -0.359375 0
0.9 -0.395833 0
0.884375 -0.364583 0
0.890625 -0.260417 0
0.859375 -0.239583 0
0.890625 -0.239583 0
0.878125 -0.265625 0
0.875 -0.229167 0
0.8625 -0.255208 0
1 0.1875 0
1 0.145833 0
0.984375 0.177083 0
0.984375 0.15625 0
1 0.479167 0
1 0.520833 0
0.9875 0.484375 0
0.9875 0.505208 0
0.890625 0.260417 0
0.859375 0.239583 0
0.890625 0.239583 0
0.878125 0.265625 0
0.875 0.229167 0
0.8625 0.255208 0
0.9125 0.369792 0
0.8875 0.380208 0
0.9125 0.390625 0
0.896875 0.359375 0
0.9 0.395833 0
0.884375 0.364583 0
1 0.854167 0
1 0.8125 0
0.9875 0.838542 0
0.9875 0.817708 0
0.854167 1 0
0.8125 1 0
0.841667 0.984375 0
0.820833 0.984375 0
0.9125 0.890625 0
0.8875 0.859375 0
0.9125 0.869792 0
0.891667 0.890625 0
0.9 0.854167 0
0.879167 0.875 0
0.479167 1 0
0.520833 1 0
0.4875 0.984375 0
0.508333 0.984375 0
0.1875 1 0
0.145833 1 0
0.177083 0.979167 0
0.15625 0.979167 0
0.391667 0.890625 0
0.408333 0.859375 0
0.4125 0.890625 0
0.38125 0.869792 0
0.420833 0.875 0
0.389583 0.854167 0
0.260417 0.854167 0
0.239583 0.8125 0
0.239583 0.854167 0
0.26875 0.838542 0
0.229167 0.833333 0
0.258333 0.817708 0
-0.1875 1 0
-0.145833 1 0
-0.177083 0.979167 0
-0.15625 0.979167 0
-0.479167 1 0
-0.520833 1 0
-0.4875 0.984375 0
-0.508333 0.984375 0
-0.260417 0.854167 0
-0.239583 0.8125 0
-0.239583 0.854167 0
-0.26875 0.838542 0
-0.229167 0.833333 0
-0.258333 0.817708 0
-0.391667 0.890625 0
-0.408333 0.859375 0
-0.4125 0.890625 0
-0.38125 0.869792 0
-0.420833 0.875 0
-0.389583 0.854167 0
-0.854167 1 0
-0.8125 1 0
-0.841667 0.984375 0
-0.820833 0.984375 0
-1 0.854167 0
-1 0.8125 0
-0.9875 0.838542 0
-0.9875 0.817708 0
-0.9125 0.890625 0
-0.8875 0.859375 0
-0.891667 0.890625 0
-0.9125 0.869792 0
-0.879167 0.875 0
-0.9 0.854167 0
-1 0.479167 0
-1 0.520833 0
-0.9875 0.484375 0
-0.9875 0.505208 0
-1 0.1875 0
-1 0.145833 0
-0.984375 0.177083 0
-0.984375 0.15625 0
-0.9125 0.369792 0
-0.8875 0.380208 0
-0.9125 0.390625 0
-0.896875 0.359375 0
-0.9 0.395833 0
-0.884375 0.364583 0
-0.890625 0.260417 0
-0.859375 0.239583 0
-0.890625 0.239583 0
-0.878125 0.265625 0
-0.875 0.229167 0
-0.8625 0.255208 0
-1 -0.479167 0
-1 -0.520833 0
-0.9875 -0.484375 0
-0.9875 -0.505208 0
-1 -0.1875 0
-1 -0.145833 0
-0.984375 -0.177083 0
-0.984375 -0.15625 0
-0.9125 -0.369792 0
-0.8875 -0.380208 0
-0.9125 -0.390625 0
-0.896875 -0.359375 0
-0.9 -0.395833 0
-0.884375 -0.364583 0
-0.890625 -0.260417 0
-0.859375 -0.239583 0
-0.890625 -0.239583 0
-0.878125 -0.265625 0
-0.875 -0.229167 0
-0.8625 -0.255208 0
-0.6875 -0.609375 0
-0.7125 -0.640625 0
-0.679167 -0.625 0
-0.7 -0.604167 0
-0.691667 -0.640625 0
-0.7125 -0.619792 0
-0.541667 -0.609375 0
-0.525 -0.640625 0
-0.554167 -0.625 0
-0.522917 -0.604167 0
-0.545833 -0.640625 0
-0.514583 -0.619792 0
-0.6875 -0.463542 0
-0.7125 -0.453125 0
-0.7 -0.479167 0
-0.684375 -0.447917 0
-0.7125 -0.473958 0
-0.696875 -0.442708 0
-0.46875 -0.463542 0
-0.43125 -0.453125 0
-0.460417 -0.479167 0
-0.465625 -0.447917 0
-0.441667 -0.473958 0
-0.446875 -0.442708 0
-0.578125 -0.390625 0
-0.571875 -0.359375 0
-0.590625 -0.385417 0
-0.559375 -0.385417 0
-0.5875 -0.369792 0
-0.55625 -0.369792 0
-0.0729167 -0.479167 0
-0.09375 -0.520833 0
-0.0625 -0.5 0
-0.0916667 -0.484375 0
-0.0729167 -0.520833 0
-0.102083 -0.505208 0
0.0729167 -0.479167 0
0.09375 -0.520833 0
0.0625 -0.5 0
0.0916667 -0.484375 0
0.0729167 -0.520833 0
0.102083 -0.505208 0
-0.13125 -0.369792 0
-0.16875 -0.380208 0
-0.141667 -0.390625 0
-0.146875 -0.359375 0
-0.160417 -0.395833 0
-0.165625 -0.364583 0
0.13125 -0.369792 0
0.16875 -0.380208 0
0.141667 -0.390625 0
0.146875 -0.359375 0
0.160417 -0.395833 0
0.165625 -0.364583 0
0.109375 -0.260417 0
0.140625 -0.239583 0
0.128125 -0.265625 0
0.109375 -0.239583 0
0.14375 -0.255208 0
0.125 -0.229167 0
0 -0.1875 0
0 -0.145833 0
0.015625 -0.177083 0
-0.015625 -0.177083 0
0.015625 -0.15625 0
-0.015625 -0.15625 0
-0.109375 -0.260417 0
-0.140625 -0.239583 0
-0.128125 -0.265625 0
-0.109375 -0.239583 0
-0.14375 -0.255208 0
-0.125 -0.229167 0
0.541667 -0.609375 0
0.525 -0.640625 0
0.554167 -0.625 0
0.522917 -0.604167 0
0.545833 -0.640625 0
0.514583 -0.619792 0
0.6875 -0.609375 0
0.7125 -0.640625 0
0.679167 -0.625 0
0.7 -0.604167 0
0.691667 -0.640625 0
0.7125 -0.619792 0
0.6875 -0.463542 0
0.7125 -0.453125 0
0.7 -0.479167 0
0.684375 -0.447917 0
0.7125 -0.473958 0
0.696875 -0.442708 0
0.46875 -0.463542 0
0.43125 -0.453125 0
0.460417 -0.479167 0
0.465625 -0.447917 0
0.441667 -0.473958 0
0.446875 -0.442708 0
0.578125 -0.390625 0
0.571875 -0.359375 0
0.590625 -0.385417 0
0.559375 -0.385417 0
0.5875 -0.369792 0
0.55625 -0.369792 0
0.609375 -0.0729167 0
0.640625 -0.09375 0
0.625 -0.0625 0
0.6125 -0.0885417 0
0.640625 -0.0729167 0
0.628125 -0.0989584 0
0.609375 0.0729167 0
0.640625 0.09375 0
0.625 0.0625 0
0.6125 0.0885417 0
0.640625 0.0729167 0
0.628125 0.0989584 0
0.390625 -0.0729167 0
0.359375 -0.09375 0
0.39375 -0.0885417 0
0.375 -0.0625 0
0.378125 -0.0989584 0
0.359375 -0.0729167 0
0.521875 -0.109375 0
0.528125 -0.140625 0
0.5375 -0.119792 0
0.50625 -0.119792 0
0.540625 -0.135417 0
0.509375 -0.135417 0
0.521875 0.109375 0
0.528125 0.140625 0
0.5375 0.119792 0
0.50625 0.119792 0
0.540625 0.135417 0
0.509375 0.135417 0
0.390625 0.0729167 0
0.359375 0.09375 0
0.375 0.0625 0
0.39375 0.0885417 0
0.359375 0.0729167 0
0.378125 0.0989584 0
0.6875 0.463542 0
0.7125 0.453125 0
0.7 0.479167 0
0.684375 0.447917 0
0.7125 0.473958 0
0.696875 0.442708 0
0.6875 0.609375 0
0.7125 0.640625 0
0.7 0.604167 0
0.679167 0.625 0
0.7125 0.619792 0
0.691667 0.640625 0
0.541667 0.609375 0
0.525 0.640625 0
0.554167 0.625 0
0.522917 0.604167 0
0.545833 0.640625 0
0.514583 0.619792 0
0.578125 0.390625 0
0.571875 0.359375 0
0.590625 0.385417 0
0.559375 0.385417 0
0.5875 0.369792 0
0.55625 0.369792 0
0.46875 0.463542 0
0.43125 0.453125 0
0.460417 0.479167 0
0.465625 0.447917 0
0.441667 0.473958 0
0.446875 0.442708 0
0.0729167 0.479167 0
0.09375 0.520833 0
0.0625 0.5 0
0.0916667 0.484375 0
0.0729167 0.520833 0
0.102083 0.505208 0
-0.0729167 0.479167 0
-0.09375 0.520833 0
-0.0625 0.5 0
-0.0916667 0.484375 0
-0.0729167 0.520833 0
-0.102083 0.505208 0
0 0.1875 0
0 0.145833 0
0.015625 0.177083 0
-0.015625 0.177083 0
0.015625 0.15625 0
-0.015625 0.15625 0
0.109375 0.260417 0
0.140625 0.239583 0
0.109375 0.239583 0
0.128125 0.265625 0
0.125 0.229167 0
0.14375 0.255208 0
0.13125 0.369792 0
0.16875 0.380208 0
0.141667 0.390625 0
0.146875 0.359375 0
0.160417 0.395833 0
0.165625 0.364583 0
-0.13125 0.369792 0
-0.16875 0.380208 0
-0.141667 0.390625 0
-0.146875 0.359375 0
-0.160417 0.395833 0
-0.165625 0.364583 0
-0.109375 0.260417 0
-0.140625 0.239583 0
-0.109375 0.239583 0
-0.128125 0.265625 0
-0.125 0.229167 0
-0.14375 0.255208 0
-0.541667 0.609375 0
-0.525 0.640625 0
-0.554167 0.625 0
-0.522917 0.604167 0
-0.545833 0.640625 0
-0.514583 0.619792 0
-0.6875 0.609375 0
-0.7125 0.640625 0
-0.679167 0.625 0
-0.7 0.604167 0
-0.691667 0.640625 0
-0.7125 0.619792 0
-0.6875 0.463542 0
-0.7125 0.453125 0
-0.7 0.479167 0
-0.684375 0.447917 0
-0.7125 0.473958 0
-0.696875 0.442708 0
-0.46875 0.463542 0
-0.43125 0.453125 0
-0.460417 0.479167 0
-0.465625 0.447917 0
-0.441667 0.473958 0
-0.446875 0.442708 0
-0.578125 0.390625 0
-0.571875 0.359375 0
-0.590625 0.385417 0
-0.559375 0.385417 0
-0.5875 0.369792 0
-0.55625 0.369792 0
-0.609375 0.0729167 0
-0.640625 0.09375 0
-0.625 0.0625 0
-0.6125 0.0885417 0
-0.640625 0.0729167 0
-0.628125 0.0989584 0
-0.609375 -0.0729167 0
-0.640625 -0.09375 0
-0.625 -0.0625 0
-0.6125 -0.0885417 0
-0.640625 -0.0729167 0
-0.628125 -0.0989584 0
-0.521875 -0.109375 0
-0.528125 -0.140625 0
-0.5375 -0.119792 0
-0.50625 -0.119792 0
-0.540625 -0.135417 0
-0.509375 -0.135417 0
-0.390625 -0.0729167 0
-0.359375 -0.09375 0
-0.39375 -0.0885417 0
-0.375 -0.0625 0
-0.378125 -0.0989584 0
-0.359375 -0.0729167 0
-0.390625 0.0729167 0
-0.359375 0.09375 0
-0.375 0.0625 0
-0.39375 0.0885417 0
-0.359375 0.0729167 0
-0.378125 0.0989584 0
-0.521875 0.109375 0
-0.528125 0.140625 0
-0.5375 0.119792 0
-0.50625 0.119792 0
-0.540625 0.135417 0
-0.509375 0.135417 0
-0.725 -0.890625 0
-0.741667 -0.859375 0
-0.745833 -0.890625 0
-0.754167 -0.875 0
-0.7125 -0.875 0
-0.720833 -0.859375 0
-0.579167 -0.890625 0
-0.554167 -0.859375 0
-0.558333 -0.890625 0
-0.545833 -0.875 0
-0.5875 -0.875 0
-0.575 -0.859375 0
-0.9125 -0.703125 0
-0.8875 -0.713542 0
-0.9125 -0.723958 0
-0.9 -0.729167 0
-0.9 -0.6875 0
-0.8875 -0.692708 0
-0.9125 -0.557292 0
-0.8875 -0.526042 0
-0.9125 -0.536458 0
-0.9 -0.520833 0
-0.9 -0.5625 0
-0.8875 -0.546875 0
-0.654167 -0.75 0
-0.6125 -0.75 0
-0.641667 -0.734375 0
-0.620833 -0.734375 0
-0.645833 -0.765625 0
-0.625 -0.765625 0
-0.8 -0.604167 0
-0.8 -0.5625 0
-0.7875 -0.588542 0
-0.7875 -0.567708 0
-0.8125 -0.598958 0
-0.8125 -0.578125 0
-0.0729167 -0.854167 0
-0.09375 -0.8125 0
-0.09375 -0.854167 0
-0.104167 -0.833333 0
-0.0625 -0.833333 0
-0.0729167 -0.8125 0
0.0729167 -0.854167 0
0.09375 -0.8125 0
0.09375 -0.854167 0
0.104167 -0.833333 0
0.0625 -0.833333 0
0.0729167 -0.8125 0
-0.335417 -0.713542 0
-0.297917 -0.703125 0
-0.327083 -0.729167 0
-0.308333 -0.723958 0
-0.325 -0.692708 0
-0.30625 -0.6875 0
-0.39375 -0.604167 0
-0.372917 -0.5625 0
-0.402083 -0.588542 0
-0.391667 -0.567708 0
-0.375 -0.598958 0
-0.364583 -0.578125 0
-0.0208333 -0.666667 0
0.0208333 -0.666667 0
-0.0104167 -0.645833 0
0.0104167 -0.645833 0
-0.0104167 -0.6875 0
0.0104167 -0.6875 0
-0.225 -0.557292 0
-0.241667 -0.526042 0
-0.214583 -0.536458 0
-0.222917 -0.520833 0
-0.24375 -0.5625 0
-0.252083 -0.546875 0
0.579167 -0.890625 0
0.554167 -0.859375 0
0.558333 -0.890625 0
0.545833 -0.875 0
0.5875 -0.875 0
0.575 -0.859375 0
0.725 -0.890625 0
0.741667 -0.859375 0
0.745833 -0.890625 0
0.754167 -0.875 0
0.7125 -0.875 0
0.720833 -0.859375 0
0.297917 -0.703125 0
0.335417 -0.713542 0
0.308333 -0.723958 0
0.327083 -0.729167 0
0.30625 -0.6875 0
0.325 -0.692708 0
0.225 -0.557292 0
0.241667 -0.526042 0
0.214583 -0.536458 0
0.222917 -0.520833 0
0.24375 -0.5625 0
0.252083 -0.546875 0
0.6125 -0.75 0
0.654167 -0.75 0
0.620833 -0.734375 0
0.641667 -0.734375 0
0.625 -0.765625 0
0.645833 -0.765625 0
0.39375 -0.604167 0
0.372917 -0.5625 0
0.402083 -0.588542 0
0.391667 -0.567708 0
0.375 -0.598958 0
0.364583 -0.578125 0
0.9125 -0.703125 0
0.8875 -0.713542 0
0.9125 -0.723958 0
0.9 -0.729167 0
0.9 -0.6875 0
0.8875 -0.692708 0
0.9125 -0.557292 0
0.8875 -0.526042 0
0.9125 -0.536458 0
0.9 -0.520833 0
0.9 -0.5625 0
0.8875 -0.546875 0
0.8 -0.604167 0
0.8 -0.5625 0
0.7875 -0.588542 0
0.7875 -0.567708 0
0.8125 -0.598958 0
0.8125 -0.578125 0
0.890625 -0.0729167 0
0.859375 -0.09375 0
0.890625 -0.09375 0
0.875 -0.104167 0
0.875 -0.0625 0
0.859375 -0.0729167 0
0.890625 0.0729167 0
0.859375 0.09375 0
0.890625 0.09375 0
0.875 0.104167 0
0.875 0.0625 0
0.859375 0.0729167 0
0.778125 -0.307292 0
0.771875 -0.276042 0
0.790625 -0.302083 0
0.7875 -0.286458 0
0.7625 -0.296875 0
0.759375 -0.28125 0
0.690625 -0.34375 0
0.659375 -0.322917 0
0.678125 -0.348958 0
0.6625 -0.338542 0
0.6875 -0.328125 0
0.671875 -0.317708 0
0.75 -0.0208333 0
0.75 0.0208333 0
0.734375 -0.0104167 0
0.734375 0.0104167 0
0.765625 -0.0104167 0
0.765625 0.0104167 0
0.6625 -0.203125 0
0.6375 -0.213542 0
0.646875 -0.192708 0
0.634375 -0.197917 0
0.665625 -0.21875 0
0.653125 -0.223958 0
0.9125 0.557292 0
0.8875 0.526042 0
0.9125 0.536458 0
0.9 0.520833 0
0.9 0.5625 0
0.8875 0.546875 0
0.9125 0.703125 0
0.8875 0.713542 0
0.9125 0.723958 0
0.9 0.729167 0
0.9 0.6875 0
0.8875 0.692708 0
0.771875 0.276042 0
0.778125 0.307292 0
0.7875 0.286458 0
0.790625 0.302083 0
0.759375 0.28125 0
0.7625 0.296875 0
0.6625 0.203125 0
0.6375 0.213542 0
0.646875 0.192708 0
0.634375 0.197917 0
0.665625 0.21875 0
0.653125 0.223958 0
0.8 0.5625 0
0.8 0.604167 0
0.7875 0.567708 0
0.7875 0.588542 0
0.8125 0.578125 0
0.8125 0.598958 0
0.690625 0.34375 0
0.659375 0.322917 0
0.678125 0.348958 0
0.6625 0.338542 0
0.6875 0.328125 0
0.671875 0.317708 0
0.725 0.890625 0
0.741667 0.859375 0
0.745833 0.890625 0
0.754167 0.875 0
0.7125 0.875 0
0.720833 0.859375 0
0.579167 0.890625 0
0.554167 0.859375 0
0.558333 0.890625 0
0.545833 0.875 0
0.5875 0.875 0
0.575 0.859375 0
0.654167 0.75 0
0.6125 0.75 0
0.641667 0.734375 0
0.620833 0.734375 0
0.645833 0.765625 0
0.625 0.765625 0
0.0729167 0.854167 0
0.09375 0.8125 0
0.09375 0.854167 0
0.104167 0.833333 0
0.0625 0.833333 0
0.0729167 0.8125 0
-0.0729167 0.854167 0
-0.09375 0.8125 0
-0.09375 0.854167 0
-0.104167 0.833333 0
-0.0625 0.833333 0
-0.0729167 0.8125 0
0.335417 0.713542 0
0.297917 0.703125 0
0.327083 0.729167 0
0.308333 0.723958 0
0.325 0.692708 0
0.30625 0.6875 0
0.39375 0.604167 0
0.372917 0.5625 0
0.402083 0.588542 0
0.391667 0.567708 0
0.375 0.598958 0
0.364583 0.578125 0
0.0208333 0.666667 0
-0.0208333 0.666667 0
0.0104167 0.645833 0
-0.0104167 0.645833 0
0.0104167 0.6875 0
-0.0104167 0.6875 0
0.225 0.557292 0
0.241667 0.526042 0
0.214583 0.536458 0
0.222917 0.520833 0
0.24375 0.5625 0
0.252083 0.546875 0
-0.579167 0.890625 0
-0.554167 0.859375 0
-0.558333 0.890625 0
-0.545833 0.875 0
-0.5875 0.875 0
-0.575 0.859375 0
-0.725 0.890625 0
-0.741667 0.859375 0
-0.745833 0.890625 0
-0.754167 0.875 0
-0.7125 0.875 0
-0.720833 0.859375 0
-0.297917 0.703125 0
-0.335417 0.713542 0
-0.308333 0.723958 0
-0.327083 0.729167 0
-0.30625 0.6875 0
-0.325 0.692708 0
-0.225 0.557292 0
-0.241667 0.526042 0
-0.214583 0.536458 0
-0.222917 0.520833 0
-0.24375 0.5625 0
-0.252083 0.546875 0
-0.6125 0.75 0
-0.654167 0.75 0
-0.620833 0.734375 0
-0.641667 0.734375 0
-0.625 0.765625 0
-0.645833 0.765625 0
-0.39375 0.604167 0
-0.372917 0.5625 0
-0.402083 0.588542 0
-0.391667 0.567708 0
-0.375 0.598958 0
-0.364583 0.578125 0
-0.9125 0.703125 0
-0.8875 0.713542 0
-0.9125 0.723958 0
-0.9 0.729167 0
-0.9 0.6875 0
-0.8875 0.692708 0
-0.9125 0.557292 0
-0.8875 0.526042 0
-0.9125 0.536458 0
-0.9 0.520833 0
-0.9 0.5625 0
-0.8875 0.546875 0
-0.8 0.604167 0
-0.8 0.5625 0
-0.7875 0.588542 0
-0.7875 0.567708 0
-0.8125 0.598958 0
-0.8125 0.578125 0
-0.890625 0.0729167 0
-0.859375 0.09375 0
-0.890625 0.09375 0
-0.875 0.104167 0
-0.875 0.0625 0
-0.859375 0.0729167 0
-0.890625 -0.0729167 0
-0.859375 -0.09375 0
-0.890625 -0.09375 0
-0.875 -0.104167 0
-0.875 -0.0625 0
-0.859375 -0.0729167 0
-0.778125 0.307292 0
-0.771875 0.276042 0
-0.790625 0.302083 0
-0.7875 0.286458 0
-0.7625 0.296875 0
-0.759375 0.28125 0
-0.690625 0.34375 0
-0.659375 0.322917 0
-0.678125 0.348958 0
-0.6625 0.338542 0
-0.6875 0.328125 0
-0.671875 0.317708 0
-0.75 0.0208333 0
-0.75 -0.0208333 0
-0.734375 0.0104167 0
-0.734375 -0.0104167 0
-0.765625 0.0104167 0
-0.765625 -0.0104167 0
-0.6625 0.203125 0
-0.6375 0.213542 0
-0.646875 0.192708 0
-0.634375 0.197917 0
-0.665625 0.21875 0
-0.653125 0.223958 0
-0.778125 -0.307292 0
-0.771875 -0.276042 0
-0.790625 -0.302083 0
-0.7875 -0.286458 0
-0.7625 -0.296875 0
-0.759375 -0.28125 0
-0.690625 -0.34375 0
-0.659375 -0.322917 0
-0.678125 -0.348958 0
-0.6625 -0.338542 0
-0.6875 -0.328125 0
-0.671875 -0.317708 0
-0.6625 -0.203125 0
-0.6375 -0.213542 0
-0.646875 -0.192708 0
-0.634375 -0.197917 0
-0.665625 -0.21875 0
-0.653125 -0.223958 0
-0.409375 -0.34375 0
-0.440625 -0.322917 0
-0.428125 -0.348958 0
-0.44375 -0.338542 0
-0.40625 -0.328125 0
-0.421875 -0.317708 0
-0.278125 -0.307292 0
-0.271875 -0.276042 0
-0.259375 -0.302083 0
-0.25625 -0.286458 0
-0.29375 -0.296875 0
-0.290625 -0.28125 0
-0.41875 -0.213542 0
-0.38125 -0.203125 0
-0.415625 -0.197917 0
-0.396875 -0.192708 0
-0.403125 -0.223958 0
-0.384375 -0.21875 0
0.278125 -0.307292 0
0.271875 -0.276042 0
0.259375 -0.302083 0
0.25625 -0.286458 0
0.29375 -0.296875 0
0.290625 -0.28125 0
0.409375 -0.34375 0
0.440625 -0.322917 0
0.428125 -0.348958 0
0.44375 -0.338542 0
0.40625 -0.328125 0
0.421875 -0.317708 0
0.140625 -0.09375 0
0.109375 -0.0729167 0
0.125 -0.104167 0
0.109375 -0.09375 0
0.140625 -0.0729167 0
0.125 -0.0625 0
0.38125 -0.203125 0
0.41875 -0.213542 0
0.396875 -0.192708 0
0.415625 -0.197917 0
0.384375 -0.21875 0
0.403125 -0.223958 0
0.25 -0.0208333 0
0.25 0.0208333 0
0.265625 -0.0104167 0
0.265625 0.0104167 0
0.234375 -0.0104167 0
0.234375 0.0104167 0
-0.109375 -0.0729167 0
-0.140625 -0.09375 0
-0.109375 -0.09375 0
-0.125 -0.104167 0
-0.125 -0.0625 0
-0.140625 -0.0729167 0
0.109375 0.0729167 0
0.140625 0.09375 0
0.109375 0.09375 0
0.125 0.104167 0
0.125 0.0625 0
0.140625 0.0729167 0
-0.109375 0.0729167 0
-0.140625 0.09375 0
-0.109375 0.09375 0
-0.125 0.104167 0
-0.125 0.0625 0
-0.140625 0.0729167 0
-0.25 -0.0208333 0
-0.25 0.0208333 0
-0.265625 -0.0104167 0
-0.265625 0.0104167 0
-0.234375 -0.0104167 0
-0.234375 0.0104167 0
0.41875 0.213542 0
0.38125 0.203125 0
0.415625 0.197917 0
0.396875 0.192708 0
0.403125 0.223958 0
0.384375 0.21875 0
0.440625 0.322917 0
0.409375 0.34375 0
0.44375 0.338542 0
0.428125 0.348958 0
0.421875 0.317708 0
0.40625 0.328125 0
0.271875 0.276042 0
0.278125 0.307292 0
0.25625 0.286458 0
0.259375 0.302083 0
0.290625 0.28125 0
0.29375 0.296875 0
-0.278125 0.307292 0
-0.271875 0.276042 0
-0.259375 0.302083 0
-0.25625 0.286458 0
-0.29375 0.296875 0
-0.290625 0.28125 0
-0.409375 0.34375 0
-0.440625 0.322917 0
-0.428125 0.348958 0
-0.44375 0.338542 0
-0.40625 0.328125 0
-0.421875 0.317708 0
-0.38125 0.203125 0
-0.41875 0.213542 0
-0.396875 0.192708 0
-0.415625 0.197917 0
-0.384375 0.21875 0
-0.403125 0.223958 0
-0.9375 -1 0
-0.895833 -1 0
-0.925 -0.984375 0
-0.904167 -0.984375 0
-1 -0.9375 0
-1 -0.895833 0
-0.9875 -0.921875 0
-0.9875 -0.901042 0
-0.9625 -0.953125 0
-0.9375 -0.921875 0
-0.941667 -0.953125 0
-0.9625 -0.932292 0
-0.929167 -0.9375 0
-0.95 -0.916667 0
-0.395833 -1 0
-0.4375 -1 0
-0.404167 -0.984375 0
-0.425 -0.984375 0
-0.270833 -1 0
-0.229167 -1 0
-0.260417 -0.979167 0
-0.239583 -0.979167 0
-0.358333 -0.953125 0
-0.375 -0.921875 0
-0.379167 -0.953125 0
-0.347917 -0.932292 0
-0.3875 -0.9375 0
-0.35625 -0.916667 0
-0.302083 -0.9375 0
-0.28125 -0.895833 0
-0.28125 -0.9375 0
-0.310417 -0.921875 0
-0.270833 -0.916667 0
-0.3 -0.901042 0
0.270833 -1 0
0.229167 -1 0
0.260417 -0.979167 0
0.239583 -0.979167 0
0.395833 -1 0
0.4375 -1 0
0.404167 -0.984375 0
0.425 -0.984375 0
0.302083 -0.9375 0
0.28125 -0.895833 0
0.28125 -0.9375 0
0.310417 -0.921875 0
0.270833 -0.916667 0
0.3 -0.901042 0
0.358333 -0.953125 0
0.375 -0.921875 0
0.379167 -0.953125 0
0.347917 -0.932292 0
0.3875 -0.9375 0
0.35625 -0.916667 0
0.9375 -1 0
0.895833 -1 0
0.925 -0.984375 0
0.904167 -0.984375 0
1 -0.9375 0
1 -0.895833 0
0.9875 -0.921875 0
0.9875 -0.901042 0
0.9625 -0.953125 0
0.9375 -0.921875 0
0.941667 -0.953125 0
0.9625 -0.932292 0
0.929167 -0.9375 0
0.95 -0.916667 0
1 -0.395833 0
1 -0.4375 0
0.9875 -0.401042 0
0.9875 -0.421875 0
1 -0.270833 0
1 -0.229167 0
0.984375 -0.260417 0
0.984375 -0.239583 0
0.9625 -0.348958 0
0.9375 -0.359375 0
0.9625 -0.369792 0
0.946875 -0.338542 0
0.95 -0.375 0
0.934375 -0.34375 0
0.953125 -0.302083 0
0.921875 -0.28125 0
0.953125 -0.28125 0
0.940625 -0.307292 0
0.9375 -0.270833 0
0.925 -0.296875 0
1 0.270833 0
1 0.229167 0
0.984375 0.260417 0
0.984375 0.239583 0
1 0.395833 0
1 0.4375 0
0.9875 0.401042 0
0.9875 0.421875 0
0.953125 0.302083 0
0.921875 0.28125 0
0.953125 0.28125 0
0.940625 0.307292 0
0.9375 0.270833 0
0.925 0.296875 0
0.9625 0.348958 0
0.9375 0.359375 0
0.9625 0.369792 0
0.946875 0.338542 0
0.95 0.375 0
0.934375 0.34375 0
1 0.9375 0
1 0.895833 0
0.9875 0.921875 0
0.9875 0.901042 0
0.9375 1 0
0.895833 1 0
0.925 0.984375 0
0.904167 0.984375 0
0.9625 0.953125 0
0.9375 0.921875 0
0.9625 0.932292 0
0.941667 0.953125 0
0.95 0.916667 0
0.929167 0.9375 0
0.395833 1 0
0.4375 1 0
0.404167 0.984375 0
0.425 0.984375 0
0.270833 1 0
0.229167 1 0
0.260417 0.979167 0
0.239583 0.979167 0
0.358333 0.953125 0
0.375 0.921875 0
0.379167 0.953125 0
0.347917 0.932292 0
0.3875 0.9375 0
0.35625 0.916667 0
0.302083 0.9375 0
0.28125 0.895833 0
0.28125 0.9375 0
0.310417 0.921875 0
0.270833 0.916667 0
0.3 0.901042 0
-0.270833 1 0
-0.229167 1 0
-0.260417 0.979167 0
-0.239583 0.979167 0
-0.395833 1 0
-0.4375 1 0
-0.404167 0.984375 0
-0.425 0.984375 0
-0.302083 0.9375 0
-0.28125 0.895833 0
-0.28125 0.9375 0
-0.310417 0.921875 0
-0.270833 0.916667 0
-0.3 0.901042 0
-0.358333 0.953125 0
-0.375 0.921875 0
-0.379167 0.953125 0
-0.347917 0.932292 0
-0.3875 0.9375 0
-0.35625 0.916667 0
-0.9375 1 0
-0.895833 1 0
-0.925 0.984375 0
-0.904167 0.984375 0
-1 0.9375 0
-1 0.895833 0
-0.9875 0.921875 0
-0.9875 0.901042 0
-0.9625 0.953125 0
-0.9375 0.921875 0
-0.941667 0.953125 0
-0.9625 0.932292 0
-0.929167 0.9375 0
-0.95 0.916667 0
-1 0.395833 0
-1 0.4375 0
-0.9875 0.401042 0
-0.9875 0.421875 0
-1 0.270833 0
-1 0.229167 0
-0.984375 0.260417 0
-0.984375 0.239583 0
-0.9625 0.348958 0
-0.9375 0.359375 0
-0.9625 0.369792 0
-0.946875 0.338542 0
-0.95 0.375 0
-0.934375 0.34375 0
-0.953125 0.302083 0
-0.921875 0.28125 0
-0.953125 0.28125 0
-0.940625 0.307292 0
-0.9375 0.270833 0
-0.925 0.296875 0
-1 -0.395833 0
-1 -0.4375 0
-0.9875 -0.401042 0
-0.9875 -0.421875 0
-1 -0.270833 0
-1 -0.229167 0
-0.984375 -0.260417 0
-0.984375 -0.239583 0
-0.9625 -0.348958 0
-0.9375 -0.359375 0
-0.9625 -0.369792 0
-0.946875 -0.338542 0
-0.95 -0.375 0
-0.934375 -0.34375 0
-0.953125 -0.302083 0
-0.921875 -0.28125 0
-0.953125 -0.28125 0
-0.940625 -0.307292 0
-0.9375 -0.270833 0
-0.925 -0.296875 0
-0.6375 -0.546875 0
-0.6625 -0.578125 0
-0.629167 -0.5625 0
-0.65 -0.541667 0
-0.641667 -0.578125 0
-0.6625 -0.557292 0
-0.575 -0.546875 0
-0.558333 -0.578125 0
-0.5875 -0.5625 0
-0.55625 -0.541667 0
-0.579167 -0.578125 0
-0.547917 -0.557292 0
-0.6375 -0.484375 0
-0.6625 -0.473958 0
-0.65 -0.5 0
-0.634375 -0.46875 0
-0.6625 -0.494792 0
-0.646875 -0.463542 0
-0.54375 -0.484375 0
-0.50625 -0.473958 0
-0.535417 -0.5 0
-0.540625 -0.46875 0
-0.516667 -0.494792 0
-0.521875 -0.463542 0
-0.590625 -0.453125 0
-0.584375 -0.421875 0
-0.603125 -0.447917 0
-0.571875 -0.447917 0
-0.6 -0.432292 0
-0.56875 -0.432292 0
-0.03125 -0.395833 0
-0.0520833 -0.4375 0
-0.0208333 -0.416667 0
-0.05 -0.401042 0
-0.03125 -0.4375 0
-0.0604167 -0.421875 0
0.03125 -0.395833 0
0.0520833 -0.4375 0
0.0208333 -0.416667 0
0.05 -0.401042 0
0.03125 -0.4375 0
0.0604167 -0.421875 0
-0.05625 -0.348958 0
-0.09375 -0.359375 0
-0.0666667 -0.369792 0
-0.071875 -0.338542 0
-0.0854167 -0.375 0
-0.090625 -0.34375 0
0.05625 -0.348958 0
0.09375 -0.359375 0
0.0666667 -0.369792 0
0.071875 -0.338542 0
0.0854167 -0.375 0
0.090625 -0.34375 0
0.046875 -0.302083 0
0.078125 -0.28125 0
0.065625 -0.307292 0
0.046875 -0.28125 0
0.08125 -0.296875 0
0.0625 -0.270833 0
0 -0.270833 0
0 -0.229167 0
0.015625 -0.260417 0
-0.015625 -0.260417 0
0.015625 -0.239583 0
-0.015625 -0.239583 0
-0.046875 -0.302083 0
-0.078125 -0.28125 0
-0.065625 -0.307292 0
-0.046875 -0.28125 0
-0.08125 -0.296875 0
-0.0625 -0.270833 0
0.575 -0.546875 0
0.558333 -0.578125 0
0.5875 -0.5625 0
0.55625 -0.541667 0
0.579167 -0.578125 0
0.547917 -0.557292 0
0.6375 -0.546875 0
0.6625 -0.578125 0
0.629167 -0.5625 0
0.65 -0.541667 0
0.641667 -0.578125 0
0.6625 -0.557292 0
0.6375 -0.484375 0
0.6625 -0.473958 0
0.65 -0.5 0
0.634375 -0.46875 0
0.6625 -0.494792 0
0.646875 -0.463542 0
0.54375 -0.484375 0
0.50625 -0.473958 0
0.535417 -0.5 0
0.540625 -0.46875 0
0.516667 -0.494792 0
0.521875 -0.463542 0
0.590625 -0.453125 0
0.584375 -0.421875 0
0.603125 -0.447917 0
0.571875 -0.447917 0
0.6 -0.432292 0
0.56875 -0.432292 0
0.546875 -0.03125 0
0.578125 -0.0520833 0
0.5625 -0.0208333 0
0.55 -0.046875 0
0.578125 -0.03125 0
0.565625 -0.0572917 0
0.546875 0.03125 0
0.578125 0.0520833 0
0.5625 0.0208333 0
0.55 0.046875 0
0.578125 0.03125 0
0.565625 0.0572917 0
0.453125 -0.03125 0
0.421875 -0.0520833 0
0.45625 -0.046875 0
0.4375 -0.0208333 0
0.440625 -0.0572917 0
0.421875 -0.03125 0
0.509375 -0.046875 0
0.515625 -0.078125 0
0.525 -0.0572917 0
0.49375 -0.0572917 0
0.528125 -0.0729167 0
0.496875 -0.0729167 0
0.509375 0.046875 0
0.515625 0.078125 0
0.525 0.0572917 0
0.49375 0.0572917 0
0.528125 0.0729167 0
0.496875 0.0729167 0
0.453125 0.03125 0
0.421875 0.0520833 0
0.4375 0.0208333 0
0.45625 0.046875 0
0.421875 0.03125 0
0.440625 0.0572917 0
0.6375 0.484375 0
0.6625 0.473958 0
0.65 0.5 0
0.634375 0.46875 0
0.6625 0.494792 0
0.646875 0.463542 0
0.6375 0.546875 0
0.6625 0.578125 0
0.65 0.541667 0
0.629167 0.5625 0
0.6625 0.557292 0
0.641667 0.578125 0
0.575 0.546875 0
0.558333 0.578125 0
0.5875 0.5625 0
0.55625 0.541667 0
0.579167 0.578125 0
0.547917 0.557292 0
0.590625 0.453125 0
0.584375 0.421875 0
0.603125 0.447917 0
0.571875 0.447917 0
0.6 0.432292 0
0.56875 0.432292 0
0.54375 0.484375 0
0.50625 0.473958 0
0.535417 0.5 0
0.540625 0.46875 0
0.516667 0.494792 0
0.521875 0.463542 0
0.03125 0.395833 0
0.0520833 0.4375 0
0.0208333 0.416667 0
0.05 0.401042 0
0.03125 0.4375 0
0.0604167 0.421875 0
-0.03125 0.395833 0
-0.0520833 0.4375 0
-0.0208333 0.416667 0
-0.05 0.401042 0
-0.03125 0.4375 0
-0.0604167 0.421875 0
0 0.270833 0
0 0.229167 0
0.015625 0.260417 0
-0.015625 0.260417 0
0.015625 0.239583 0
-0.015625 0.239583 0
0.046875 0.302083 0
0.078125 0.28125 0
0.046875 0.28125 0
0.065625 0.307292 0
0.0625 0.270833 0
0.08125 0.296875 0
0.05625 0.348958 0
0.09375 0.359375 0
0.0666667 0.369792 0
0.071875 0.338542 0
0.0854167 0.375 0
0.090625 0.34375 0
-0.05625 0.348958 0
-0.09375 0.359375 0
-0.0666667 0.369792 0
-0.071875 0.338542 0
-0.0854167 0.375 0
-0.090625 0.34375 0
-0.046875 0.302083 0
-0.078125 0.28125 0
-0.046875 0.28125 0
-0.065625 0.307292 0
-0.0625 0.270833 0
-0.08125 0.296875 0
-0.575 0.546875 0
-0.558333 0.578125 0
-0.5875 0.5625 0
-0.55625 0.541667 0
-0.579167 0.578125 0
-0.547917 0.557292 0
-0.6375 0.546875 0
-0.6625 0.578125 0
-0.629167 0.5625 0
-0.65 0.541667 0
-0.641667 0.578125 0
-0.6625 0.557292 0
-0.6375 0.484375 0
-0.6625 0.473958 0
-0.65 0.5 0
-0.634375 0.46875 0
-0.6625 0.494792 0
-0.646875 0.463542 0
-0.54375 0.484375 0
-0.50625 0.473958 0
-0.535417 0.5 0
-0.540625 0.46875 0
-0.516667 0.494792 0
-0.521875 0.463542 0
-0.590625 0.453125 0
-0.584375 0.421875 0
-0.603125 0.447917 0
-0.571875 0.447917 0
-0.6 0.432292 0
-0.56875 0.432292 0
-0.546875 0.03125 0
-0.578125 0.0520833 0
-0.5625 0.0208333 0
-0.55 0.046875 0
-0.578125 0.03125 0
-0.565625 0.0572917 0
-0.546875 -0.03125 0
-0.578125 -0.0520833 0
-0.5625 -0.0208333 0
-0.55 -0.046875 0
-0.578125 -0.03125 0
-0.565625 -0.0572917 0
-0.509375 -0.046875 0
-0.515625 -0.078125 0
-0.525 -0.0572917 0
-0.49375 -0.0572917 0
-0.528125 -0.0729167 0
-0.496875 -0.0729167 0
-0.453125 -0.03125 0
-0.421875 -0.0520833 0
-0.45625 -0.046875 0
-0.4375 -0.0208333 0
-0.440625 -0.0572917 0
-0.421875 -0.03125 0
-0.453125 0.03125 0
-0.421875 0.0520833 0
-0.4375 0.0208333 0
-0.45625 0.046875 0
-0.421875 0.03125 0
-0.440625 0.0572917 0
-0.509375 0.046875 0
-0.515625 0.078125 0
-0.525 0.0572917 0
-0.49375 0.0572917 0
-0.528125 0.0729167 0
-0.496875 0.0729167 0
-0.729167 -1 0
-0.770833 -1 0
-0.7375 -0.984375 0
-0.758333 -0.984375 0
-0.604167 -1 0
-0.5625 -1 0
-0.591667 -0.984375 0
-0.570833 -0.984375 0
-0.691667 -0.953125 0
-0.708333 -0.921875 0
-0.7125 -0.953125 0
-0.679167 -0.9375 0
-0.720833 -0.9375 0
-0.6875 -0.921875 0
-0.629167 -0.953125 0
-0.604167 -0.921875 0
-0.608333 -0.953125 0
-0.6375 -0.9375 0
-0.595833 -0.9375 0
-0.625 -0.921875 0
-1 -0.729167 0
-1 -0.770833 0
-0.9875 -0.734375 0
-0.9875 -0.755208 0
-1 -0.604167 0
-1 -0.5625 0
-0.9875 -0.588542 0
-0.9875 -0.567708 0
-0.9625 -0.682292 0
-0.9375 -0.692708 0
-0.9625 -0.703125 0
-0.95 -0.666667 0
-0.95 -0.708333 0
-0.9375 -0.671875 0
-0.9625 -0.619792 0
-0.9375 -0.588542 0
-0.9625 -0.598958 0
-0.95 -0.625 0
-0.95 -0.583333 0
-0.9375 -0.609375 0
-0.8375 -0.796875 0
-0.8625 -0.828125 0
-0.829167 -0.8125 0
-0.85 -0.791667 0
-0.841667 -0.828125 0
-0.8625 -0.807292 0
-0.7625 -0.703125 0
-0.7375 -0.671875 0
-0.741667 -0.703125 0
-0.7625 -0.682292 0
-0.729167 -0.6875 0
-0.75 -0.666667 0
-0.775 -0.796875 0
-0.758333 -0.828125 0
-0.7875 -0.8125 0
-0.754167 -0.796875 0
-0.779167 -0.828125 0
-0.745833 -0.8125 0
-0.8375 -0.734375 0
-0.8625 -0.723958 0
-0.85 -0.75 0
-0.8375 -0.713542 0
-0.8625 -0.744792 0
-0.85 -0.708333 0
-0.7375 -0.75 0
-0.695833 -0.75 0
-0.725 -0.734375 0
-0.729167 -0.765625 0
-0.704167 -0.734375 0
-0.708333 -0.765625 0
-0.8 -0.6875 0
-0.8 -0.645833 0
-0.7875 -0.671875 0
-0.8125 -0.682292 0
-0.7875 -0.651042 0
-0.8125 -0.661458 0
-0.0625 -1 0
-0.104167 -1 0
-0.0729167 -0.979167 0
-0.09375 -0.979167 0
0.0625 -1 0
0.104167 -1 0
0.0729167 -0.979167 0
0.09375 -0.979167 0
-0.03125 -0.9375 0
-0.0520833 -0.895833 0
-0.0520833 -0.9375 0
-0.0208333 -0.916667 0
-0.0625 -0.916667 0
-0.03125 -0.895833 0
0.03125 -0.9375 0
0.0520833 -0.895833 0
0.0520833 -0.9375 0
0.0208333 -0.916667 0
0.0625 -0.916667 0
0.03125 -0.895833 0
-0.441667 -0.796875 0
-0.425 -0.828125 0
-0.454167 -0.8125 0
-0.422917 -0.791667 0
-0.445833 -0.828125 0
-0.414583 -0.807292 0
-0.491667 -0.703125 0
-0.508333 -0.671875 0
-0.5125 -0.703125 0
-0.48125 -0.682292 0
-0.520833 -0.6875 0
-0.489583 -0.666667 0
-0.504167 -0.796875 0
-0.529167 -0.828125 0
-0.495833 -0.8125 0
-0.525 -0.796875 0
-0.508333 -0.828125 0
-0.5375 -0.8125 0
-0.529167 -0.75 0
-0.570833 -0.75 0
-0.5375 -0.734375 0
-0.541667 -0.765625 0
-0.558333 -0.734375 0
-0.5625 -0.765625 0
-0.410417 -0.734375 0
-0.372917 -0.723958 0
-0.402083 -0.75 0
-0.4 -0.713542 0
-0.383333 -0.744792 0
-0.38125 -0.708333 0
-0.435417 -0.6875 0
-0.414583 -0.645833 0
-0.44375 -0.671875 0
-0.416667 -0.682292 0
-0.433333 -0.651042 0
-0.40625 -0.661458 0
-0.197917 -0.729167 0
-0.21875 -0.770833 0
-0.1875 -0.75 0
-0.216667 -0.734375 0
-0.197917 -0.770833 0
-0.227083 -0.755208 0
-0.135417 -0.604167 0
-0.114583 -0.5625 0
-0.114583 -0.604167 0
-0.14375 -0.588542 0
-0.104167 -0.583333 0
-0.133333 -0.567708 0
-0.135417 -0.729167 0
-0.114583 -0.770833 0
-0.145833 -0.75 0
-0.114583 -0.729167 0
-0.135417 -0.770833 0
-0.104167 -0.75 0
-0.222917 -0.682292 0
-0.260417 -0.692708 0
-0.233333 -0.703125 0
-0.23125 -0.666667 0
-0.252083 -0.708333 0
-0.25 -0.671875 0
-0.104167 -0.666667 0
-0.0625 -0.666667 0
-0.09375 -0.645833 0
-0.09375 -0.6875 0
-0.0729167 -0.645833 0
-0.0729167 -0.6875 0
-0.191667 -0.619792 0
-0.208333 -0.588542 0
-0.18125 -0.598958 0
-0.210417 -0.625 0
-0.189583 -0.583333 0
-0.21875 -0.609375 0
0.604167 -1 0
0.5625 -1 0
0.591667 -0.984375 0
0.570833 -0.984375 0
0.729167 -1 0
0.770833 -1 0
0.7375 -0.984375 0
0.758333 -0.984375 0
0.629167 -0.953125 0
0.604167 -0.921875 0
0.608333 -0.953125 0
0.6375 -0.9375 0
0.595833 -0.9375 0
0.625 -0.921875 0
0.691667 -0.953125 0
0.708333 -0.921875 0
0.7125 -0.953125 0
0.679167 -0.9375 0
0.720833 -0.9375 0
0.6875 -0.921875 0
0.197917 -0.729167 0
0.21875 -0.770833 0
0.1875 -0.75 0
0.216667 -0.734375 0
0.197917 -0.770833 0
0.227083 -0.755208 0
0.135417 -0.604167 0
0.114583 -0.5625 0
0.114583 -0.604167 0
0.14375 -0.588542 0
0.104167 -0.583333 0
0.133333 -0.567708 0
0.135417 -0.729167 0
0.114583 -0.770833 0
0.145833 -0.75 0
0.114583 -0.729167 0
0.135417 -0.770833 0
0.104167 -0.75 0
0.104167 -0.666667 0
0.0625 -0.666667 0
0.09375 -0.645833 0
0.09375 -0.6875 0
0.0729167 -0.645833 0
0.0729167 -0.6875 0
0.222917 -0.682292 0
0.260417 -0.692708 0
0.233333 -0.703125 0
0.23125 -0.666667 0
0.252083 -0.708333 0
0.25 -0.671875 0
0.191667 -0.619792 0
0.208333 -0.588542 0
0.18125 -0.598958 0
0.210417 -0.625 0
0.189583 -0.583333 0
0.21875 -0.609375 0
0.441667 -0.796875 0
0.425 -0.828125 0
0.454167 -0.8125 0
0.422917 -0.791667 0
0.445833 -0.828125 0
0.414583 -0.807292 0
0.491667 -0.703125 0
0.508333 -0.671875 0
0.5125 -0.703125 0
0.48125 -0.682292 0
0.520833 -0.6875 0
0.489583 -0.666667 0
0.504167 -0.796875 0
0.529167 -0.828125 0
0.495833 -0.8125 0
0.525 -0.796875 0
0.508333 -0.828125 0
0.5375 -0.8125 0
0.410417 -0.734375 0
0.372917 -0.723958 0
0.402083 -0.75 0
0.4 -0.713542 0
0.383333 -0.744792 0
0.38125 -0.708333 0
0.529167 -0.75 0
0.570833 -0.75 0
0.5375 -0.734375 0
0.541667 -0.765625 0
0.558333 -0.734375 0
0.5625 -0.765625 0
0.435417 -0.6875 0
0.414583 -0.645833 0
0.44375 -0.671875 0
0.416667 -0.682292 0
0.433333 -0.651042 0
0.40625 -0.661458 0
1 -0.729167 0
1 -0.770833 0
0.9875 -0.734375 0
0.9875 -0.755208 0
1 -0.604167 0
1 -0.5625 0
0.9875 -0.588542 0
0.9875 -0.567708 0
0.9625 -0.682292 0
0.9375 -0.692708 0
0.9625 -0.703125 0
0.95 -0.666667 0
0.95 -0.708333 0
0.9375 -0.671875 0
0.9625 -0.619792 0
0.9375 -0.588542 0
0.9625 -0.598958 0
0.95 -0.625 0
0.95 -0.583333 0
0.9375 -0.609375 0
0.8375 -0.796875 0
0.8625 -0.828125 0
0.829167 -0.8125 0
0.85 -0.791667 0
0.841667 -0.828125 0
0.8625 -0.807292 0
0.7625 -0.703125 0
0.7375 -0.671875 0
0.741667 -0.703125 0
0.7625 -0.682292 0
0.729167 -0.6875 0
0.75 -0.666667 0
0.775 -0.796875 0
0.758333 -0.828125 0
0.7875 -0.8125 0
0.754167 -0.796875 0
0.779167 -0.828125 0
0.745833 -0.8125 0
0.7375 -0.75 0
0.695833 -0.75 0
0.725 -0.734375 0
0.729167 -0.765625 0
0.704167 -0.734375 0
0.708333 -0.765625 0
0.8375 -0.734375 0
0.8625 -0.723958 0
0.85 -0.75 0
0.8375 -0.713542 0
0.8625 -0.744792 0
0.85 -0.708333 0
0.8 -0.6875 0
0.8 -0.645833 0
0.7875 -0.671875 0
0.8125 -0.682292 0
0.7875 -0.651042 0
0.8125 -0.661458 0
1 -0.0625 0
1 -0.104167 0
0.984375 -0.0729167 0
0.984375 -0.09375 0
1 0.0625 0
1 0.104167 0
0.984375 0.0729167 0
0.984375 0.09375 0
0.953125 -0.03125 0
0.921875 -0.0520833 0
0.953125 -0.0520833 0
0.9375 -0.0208333 0
0.9375 -0.0625 0
0.921875 -0.03125 0
0.953125 0.03125 0
0.921875 0.0520833 0
0.953125 0.0520833 0
0.9375 0.0208333 0
0.9375 0.0625 0
0.921875 0.03125 0
0.8375 -0.401042 0
0.8625 -0.390625 0
0.85 -0.416667 0
0.834375 -0.385417 0
0.8625 -0.411458 0
0.846875 -0.380208 0
0.7625 -0.432292 0
0.7375 -0.442708 0
0.7625 -0.453125 0
0.746875 -0.421875 0
0.75 -0.458333 0
0.734375 -0.427083 0
0.8375 -0.463542 0
0.8625 -0.494792 0
0.85 -0.458333 0
0.8375 -0.484375 0
0.8625 -0.473958 0
0.85 -0.5 0
0.8 -0.479167 0
0.8 -0.520833 0
0.7875 -0.484375 0
0.8125 -0.494792 0
0.7875 -0.505208 0
0.8125 -0.515625 0
0.790625 -0.369792 0
0.784375 -0.338542 0
0.803125 -0.364583 0
0.775 -0.359375 0
0.8 -0.348958 0
0.771875 -0.34375 0
0.753125 -0.385417 0
0.721875 -0.364583 0
0.740625 -0.390625 0
0.75 -0.369792 0
0.725 -0.380208 0
0.734375 -0.359375 0
0.796875 -0.197917 0
0.828125 -0.21875 0
0.8125 -0.1875 0
0.8 -0.213542 0
0.828125 -0.197917 0
0.815625 -0.223958 0
0.703125 -0.135417 0
0.671875 -0.114583 0
0.703125 -0.114583 0
0.690625 -0.140625 0
0.6875 -0.104167 0
0.675 -0.130208 0
0.796875 -0.135417 0
0.828125 -0.114583 0
0.8125 -0.145833 0
0.796875 -0.114583 0
0.828125 -0.135417 0
0.8125 -0.104167 0
0.759375 -0.213542 0
0.765625 -0.244792 0
0.775 -0.223958 0
0.746875 -0.21875 0
0.778125 -0.239583 0
0.75 -0.234375 0
0.75 -0.104167 0
0.75 -0.0625 0
0.734375 -0.09375 0
0.765625 -0.09375 0
0.734375 -0.0729167 0
0.765625 -0.0729167 0
0.7125 -0.182292 0
0.6875 -0.192708 0
0.696875 -0.171875 0
0.715625 -0.197917 0
0.684375 -0.177083 0
0.703125 -0.203125 0
1 0.604167 0
1 0.5625 0
0.9875 0.588542 0
0.9875 0.567708 0
1 0.729167 0
1 0.770833 0
0.9875 0.734375 0
0.9875 0.755208 0
0.9625 0.619792 0
0.9375 0.588542 0
0.9625 0.598958 0
0.95 0.625 0
0.95 0.583333 0
0.9375 0.609375 0
0.9625 0.682292 0
0.9375 0.692708 0
0.9625 0.703125 0
0.95 0.666667 0
0.95 0.708333 0
0.9375 0.671875 0
0.796875 0.197917 0
0.828125 0.21875 0
0.8125 0.1875 0
0.8 0.213542 0
0.828125 0.197917 0
0.815625 0.223958 0
0.703125 0.135417 0
0.671875 0.114583 0
0.703125 0.114583 0
0.690625 0.140625 0
0.6875 0.104167 0
0.675 0.130208 0
0.796875 0.135417 0
0.828125 0.114583 0
0.8125 0.145833 0
0.796875 0.114583 0
0.828125 0.135417 0
0.8125 0.104167 0
0.75 0.104167 0
0.75 0.0625 0
0.734375 0.09375 0
0.765625 0.09375 0
0.734375 0.0729167 0
0.765625 0.0729167 0
0.759375 0.213542 0
0.765625 0.244792 0
0.775 0.223958 0
0.746875 0.21875 0
0.778125 0.239583 0
0.75 0.234375 0
0.7125 0.182292 0
0.6875 0.192708 0
0.696875 0.171875 0
0.715625 0.197917 0
0.684375 0.177083 0
0.703125 0.203125 0
0.8375 0.401042 0
0.8625 0.390625 0
0.85 0.416667 0
0.834375 0.385417 0
0.8625 0.411458 0
0.846875 0.380208 0
0.7625 0.432292 0
0.7375 0.442708 0
0.7625 0.453125 0
0.746875 0.421875 0
0.75 0.458333 0
0.734375 0.427083 0
0.8375 0.463542 0
0.8625 0.494792 0
0.85 0.458333 0
0.8375 0.484375 0
0.8625 0.473958 0
0.85 0.5 0
0.790625 0.369792 0
0.784375 0.338542 0
0.803125 0.364583 0
0.775 0.359375 0
0.8 0.348958 0
0.771875 0.34375 0
0.8 0.479167 0
0.8 0.520833 0
0.7875 0.484375 0
0.8125 0.494792 0
0.7875 0.505208 0
0.8125 0.515625 0
0.753125 0.385417 0
0.721875 0.364583 0
0.740625 0.390625 0
0.75 0.369792 0
0.725 0.380208 0
0.734375 0.359375 0
0.729167 1 0
0.770833 1 0
0.7375 0.984375 0
0.758333 0.984375 0
0.604167 1 0
0.5625 1 0
0.591667 0.984375 0
0.570833 0.984375 0
0.691667 0.953125 0
0.708333 0.921875 0
0.7125 0.953125 0
0.679167 0.9375 0
0.720833 0.9375 0
0.6875 0.921875 0
0.629167 0.953125 0
0.604167 0.921875 0
0.608333 0.953125 0
0.6375 0.9375 0
0.595833 0.9375 0
0.625 0.921875 0
0.8375 0.796875 0
0.8625 0.828125 0
0.85 0.791667 0
0.829167 0.8125 0
0.8625 0.807292 0
0.841667 0.828125 0
0.7625 0.703125 0
0.7375 0.671875 0
0.7625 0.682292 0
0.741667 0.703125 0
0.75 0.666667 0
0.729167 0.6875 0
0.8375 0.734375 0
0.8625 0.723958 0
0.85 0.75 0
0.8375 0.713542 0
0.8625 0.744792 0
0.85 0.708333 0
0.8 0.6875 0
0.8 0.645833 0
0.7875 0.671875 0
0.8125 0.682292 0
0.7875 0.651042 0
0.8125 0.661458 0
0.775 0.796875 0
0.758333 0.828125 0
0.7875 0.8125 0
0.754167 0.796875 0
0.779167 0.828125 0
0.745833 0.8125 0
0.7375 0.75 0
0.695833 0.75 0
0.725 0.734375 0
0.729167 0.765625 0
0.704167 0.734375 0
0.708333 0.765625 0
0.0625 1 0
0.104167 1 0
0.0729167 0.979167 0
0.09375 0.979167 0
-0.0625 1 0
-0.104167 1 0
-0.0729167 0.979167 0
-0.09375 0.979167 0
0.03125 0.9375 0
0.0520833 0.895833 0
0.0520833 0.9375 0
0.0208333 0.916667 0
0.0625 0.916667 0
0.03125 0.895833 0
-0.03125 0.9375 0
-0.0520833 0.895833 0
-0.0520833 0.9375 0
-0.0208333 0.916667 0
-0.0625 0.916667 0
-0.03125 0.895833 0
0.441667 0.796875 0
0.425 0.828125 0
0.454167 0.8125 0
0.422917 0.791667 0
0.445833 0.828125 0
0.414583 0.807292 0
0.491667 0.703125 0
0.508333 0.671875 0
0.5125 0.703125 0
0.48125 0.682292 0
0.520833 0.6875 0
0.489583 0.666667 0
0.504167 0.796875 0
0.529167 0.828125 0
0.495833 0.8125 0
0.525 0.796875 0
0.508333 0.828125 0
0.5375 0.8125 0
0.529167 0.75 0
0.570833 0.75 0
0.5375 0.734375 0
0.541667 0.765625 0
0.558333 0.734375 0
0.5625 0.765625 0
0.410417 0.734375 0
0.372917 0.723958 0
0.402083 0.75 0
0.4 0.713542 0
0.383333 0.744792 0
0.38125 0.708333 0
0.435417 0.6875 0
0.414583 0.645833 0
0.44375 0.671875 0
0.416667 0.682292 0
0.433333 0.651042 0
0.40625 0.661458 0
0.197917 0.729167 0
0.21875 0.770833 0
0.1875 0.75 0
0.216667 0.734375 0
0.197917 0.770833 0
0.227083 0.755208 0
0.135417 0.604167 0
0.114583 0.5625 0
0.114583 0.604167 0
0.14375 0.588542 0
0.104167 0.583333 0
0.133333 0.567708 0
0.135417 0.729167 0
0.114583 0.770833 0
0.145833 0.75 0
0.114583 0.729167 0
0.135417 0.770833 0
0.104167 0.75 0
0.222917 0.682292 0
0.260417 0.692708 0
0.233333 0.703125 0
0.23125 0.666667 0
0.252083 0.708333 0
0.25 0.671875 0
0.104167 0.666667 0
0.0625 0.666667 0
0.09375 0.645833 0
0.09375 0.6875 0
0.0729167 0.645833 0
0.0729167 0.6875 0
0.191667 0.619792 0
0.208333 0.588542 0
0.18125 0.598958 0
0.210417 0.625 0
0.189583 0.583333 0
0.21875 0.609375 0
-0.604167 1 0
-0.5625 1 0
-0.591667 0.984375 0
-0.570833 0.984375 0
-0.729167 1 0
-0.770833 1 0
-0.7375 0.984375 0
-0.758333 0.984375 0
-0.629167 0.953125 0
-0.604167 0.921875 0
-0.608333 0.953125 0
-0.6375 0.9375 0
-0.595833 0.9375 0
-0.625 0.921875 0
-0.691667 0.953125 0
-0.708333 0.921875 0
-0.7125 0.953125 0
-0.679167 0.9375 0
-0.720833 0.9375 0
-0.6875 0.921875 0
-0.197917 0.729167 0
-0.21875 0.770833 0
-0.1875 0.75 0
-0.216667 0.734375 0
-0.197917 0.770833 0
-0.227083 0.755208 0
-0.135417 0.604167 0
-0.114583 0.5625 0
-0.114583 0.604167 0
-0.14375 0.588542 0
-0.104167 0.583333 0
-0.133333 0.567708 0
-0.135417 0.729167 0
-0.114583 0.770833 0
-0.145833 0.75 0
-0.114583 0.729167 0
-0.135417 0.770833 0
-0.104167 0.75 0
-0.104167 0.666667 0
-0.0625 0.666667 0
-0.09375 0.645833 0
-0.09375 0.6875 0
-0.0729167 0.645833 0
-0.0729167 0.6875 0
-0.222917 0.682292 0
-0.260417 0.692708 0
-0.233333 0.703125 0
-0.23125 0.666667 0
-0.252083 0.708333 0
-0.25 0.671875 0
-0.191667 0.619792 0
-0.208333 0.588542 0
-0.18125 0.598958 0
-0.210417 0.625 0
-0.189583 0.583333 0
-0.21875 0.609375 0
-0.441667 0.796875 0
-0.425 0.828125 0
-0.454167 0.8125 0
-0.422917 0.791667 0
-0.445833 0.828125 0
-0.414583 0.807292 0
-0.491667 0.703125 0
-0.508333 0.671875 0
-0.5125 0.703125 0
-0.48125 0.682292 0
-0.520833 0.6875 0
-0.489583 0.666667 0
-0.504167 0.796875 0
-0.529167 0.828125 0
-0.495833 0.8125 0
-0.525 0.796875 0
-0.508333 0.828125 0
-0.5375 0.8125 0
-0.410417 0.734375 0
-0.372917 0.723958 0
-0.402083 0.75 0
-0.4 0.713542 0
-0.383333 0.744792 0
-0.38125 0.708333 0
-0.529167 0.75 0
-0.570833 0.75 0
-0.5375 0.734375 0
-0.541667 0.765625 0
-0.558333 0.734375 0
-0.5625 0.765625 0
-0.435417 0.6875 0
-0.414583 0.645833 0
-0.44375 0.671875 0
-0.416667 0.682292 0
-0.433333 0.651042 0
-0.40625 0.661458 0
-1 0.729167 0
-1 0.770833 0
-0.9875 0.734375 0
-0.9875 0.755208 0
-1 0.604167 0
-1 0.5625 0
-0.9875 0.588542 0
-0.9875 0.567708 0
-0.9625 0.682292 0
-0.9375 0.692708 0
-0.9625 0.703125 0
-0.95 0.666667 0
-0.95 0.708333 0
-0.9375 0.671875 0
-0.9625 0.619792 0
-0.9375 0.588542 0
-0.9625 0.598958 0
-0.95 0.625 0
-0.95 0.583333 0
-0.9375 0.609375 0
-0.8375 0.796875 0
-0.8625 0.828125 0
-0.829167 0.8125 0
-0.85 0.791667 0
-0.841667 0.828125 0
-0.8625 0.807292 0
-0.7625 0.703125 0
-0.7375 0.671875 0
-0.741667 0.703125 0
-0.7625 0.682292 0
-0.729167 0.6875 0
-0.75 0.666667 0
-0.775 0.796875 0
-0.758333 0.828125 0
-0.7875 0.8125 0
-0.754167 0.796875 0
-0.779167 0.828125 0
-0.745833 0.8125 0
-0.7375 0.75 0
-0.695833 0.75 0
-0.725 0.734375 0
-0.729167 0.765625 0
-0.704167 0.734375 0
-0.708333 0.765625 0
-0.8375 0.734375 0
-0.8625 0.723958 0
-0.85 0.75 0
-0.8375 0.713542 0
-0.8625 0.744792 0
-0.85 0.708333 0
-0.8 0.6875 0
-0.8 0.645833 0
-0.7875 0.671875 0
-0.8125 0.682292 0
-0.7875 0.651042 0
-0.8125 0.661458 0
-1 0.0625 0
-1 0.104167 0
-0.984375 0.0729167 0
-0.984375 0.09375 0
-1 -0.0625 0
-1 -0.104167 0
-0.984375 -0.0729167 0
-0.984375 -0.09375 0
-0.953125 0.03125 0
-0.921875 0.0520833 0
-0.953125 0.0520833 0
-0.9375 0.0208333 0
-0.9375 0.0625 0
-0.921875 0.03125 0
-0.953125 -0.03125 0
-0.921875 -0.0520833 0
-0.953125 -0.0520833 0
-0.9375 -0.0208333 0
-0.9375 -0.0625 0
-0.921875 -0.03125 0
-0.8375 0.401042 0
-0.8625 0.390625 0
-0.85 0.416667 0
-0.834375 0.385417 0
-0.8625 0.411458 0
-0.846875 0.380208 0
-0.7625 0.432292 0
-0.7375 0.442708 0
-0.7625 0.453125 0
-0.746875 0.421875 0
-0.75 0.458333 0
-0.734375 0.427083 0
-0.8375 0.463542 0
-0.8625 0.494792 0
-0.85 0.458333 0
-0.8375 0.484375 0
-0.8625 0.473958 0
-0.85 0.5 0
-0.8 0.479167 0
-0.8 0.520833 0
-0.7875 0.484375 0
-0.8125 0.494792 0
-0.7875 0.505208 0
-0.8125 0.515625 0
-0.790625 0.369792 0
-0.784375 0.338542 0
-0.803125 0.364583 0
-0.775 0.359375 0
-0.8 0.348958 0
-0.771875 0.34375 0
-0.753125 0.385417 0
-0.721875 0.364583 0
-0.740625 0.390625 0
-0.75 0.369792 0
-0.725 0.380208 0
-0.734375 0.359375 0
-0.796875 0.197917 0
-0.828125 0.21875 0
-0.8125 0.1875 0
-0.8 0.213542 0
-0.828125 0.197917 0
-0.815625 0.223958 0
-0.703125 0.135417 0
-0.671875 0.114583 0
-0.703125 0.114583 0
-0.690625 0.140625 0
-0.6875 0.104167 0
-0.675 0.130208 0
-0.796875 0.135417 0
-0.828125 0.114583 0
-0.8125 0.145833 0
-0.796875 0.114583 0
-0.828125 0.135417 0
-0.8125 0.104167 0
-0.759375 0.213542 0
-0.765625 0.244792 0
-0.775 0.223958 0
-0.746875 0.21875 0
-0.778125 0.239583 0
-0.75 0.234375 0
-0.75 0.104167 0
-0.75 0.0625 0
-0.734375 0.09375 0
-0.765625 0.09375 0
-0.734375 0.0729167 0
-0.765625 0.0729167 0
-0.7125 0.182292 0
-0.6875 0.192708 0
-0.696875 0.171875 0
-0.715625 0.197917 0
-0.684375 0.177083 0
-0.703125 0.203125 0
-0.8375 -0.401042 0
-0.8625 -0.390625 0
-0.85 -0.416667 0
-0.834375 -0.385417 0
-0.8625 -0.411458 0
-0.846875 -0.380208 0
-0.7625 -0.432292 0
-0.7375 -0.442708 0
-0.7625 -0.453125 0
-0.746875 -0.421875 0
-0.75 -0.458333 0
-0.734375 -0.427083 0
-0.8375 -0.463542 0
-0.8625 -0.494792 0
-0.85 -0.458333 0
-0.8375 -0.484375 0
-0.8625 -0.473958 0
-0.85 -0.5 0
-0.8 -0.479167 0
-0.8 -0.520833 0
-0.7875 -0.484375 0
-0.8125 -0.494792 0
-0.7875 -0.505208 0
-0.8125 -0.515625 0
-0.790625 -0.369792 0
-0.784375 -0.338542 0
-0.803125 -0.364583 0
-0.775 -0.359375 0
-0.8 -0.348958 0
-0.771875 -0.34375 0
-0.753125 -0.385417 0
-0.721875 -0.364583 0
-0.740625 -0.390625 0
-0.75 -0.369792 0
-0.725 -0.380208 0
-0.734375 -0.359375 0
-0.796875 -0.197917 0
-0.828125 -0.21875 0
-0.8125 -0.1875 0
-0.8 -0.213542 0
-0.828125 -0.197917 0
-0.815625 -0.223958 0
-0.703125 -0.135417 0
-0.671875 -0.114583 0
-0.703125 -0.114583 0
-0.690625 -0.140625 0
-0.6875 -0.104167 0
-0.675 -0.130208 0
-0.796875 -0.135417 0
-0.828125 -0.114583 0
-0.8125 -0.145833 0
-0.796875 -0.114583 0
-0.828125 -0.135417 0
-0.8125 -0.104167 0
-0.75 -0.104167 0
-0.75 -0.0625 0
-0.734375 -0.09375 0
-0.765625 -0.09375 0
-0.734375 -0.0729167 0
-0.765625 -0.0729167 0
-0.759375 -0.213542 0
-0.765625 -0.244792 0
-0.775 -0.223958 0
-0.746875 -0.21875 0
-0.778125 -0.239583 0
-0.75 -0.234375 0
-0.7125 -0.182292 0
-0.6875 -0.192708 0
-0.696875 -0.171875 0
-0.715625 -0.197917 0
-0.684375 -0.177083 0
-0.703125 -0.203125 0
-0.35625 -0.432292 0
-0.39375 -0.442708 0
-0.366667 -0.453125 0
-0.371875 -0.421875 0
-0.385417 -0.458333 0
-0.390625 -0.427083 0
-0.24375 -0.401042 0
-0.20625 -0.390625 0
-0.235417 -0.416667 0
-0.240625 -0.385417 0
-0.216667 -0.411458 0
-0.221875 -0.380208 0
-0.33125 -0.479167 0
-0.352083 -0.520833 0
-0.35 -0.484375 0
-0.322917 -0.494792 0
-0.360417 -0.505208 0
-0.333333 -0.515625 0
-0.275 -0.463542 0
-0.258333 -0.494792 0
-0.25625 -0.458333 0
-0.285417 -0.484375 0
-0.247917 -0.473958 0
-0.277083 -0.5 0
-0.346875 -0.385417 0
-0.378125 -0.364583 0
-0.365625 -0.390625 0
-0.34375 -0.369792 0
-0.38125 -0.380208 0
-0.359375 -0.359375 0
-0.290625 -0.369792 0
-0.284375 -0.338542 0
-0.271875 -0.364583 0
-0.30625 -0.359375 0
-0.26875 -0.348958 0
-0.303125 -0.34375 0
-0.559375 -0.296875 0
-0.565625 -0.328125 0
-0.575 -0.307292 0
-0.54375 -0.307292 0
-0.578125 -0.322917 0
-0.546875 -0.322917 0
-0.540625 -0.203125 0
-0.534375 -0.171875 0
-0.553125 -0.197917 0
-0.521875 -0.197917 0
-0.55 -0.182292 0
-0.51875 -0.182292 0
-0.596875 -0.28125 0
-0.628125 -0.302083 0
-0.6 -0.296875 0
-0.609375 -0.276042 0
-0.615625 -0.307292 0
-0.625 -0.286458 0
-0.5875 -0.234375 0
-0.6125 -0.223958 0
-0.584375 -0.21875 0
-0.603125 -0.244792 0
-0.596875 -0.213542 0
-0.615625 -0.239583 0
-0.503125 -0.28125 0
-0.471875 -0.302083 0
-0.50625 -0.296875 0
-0.484375 -0.276042 0
-0.490625 -0.307292 0
-0.46875 -0.286458 0
-0.49375 -0.234375 0
-0.45625 -0.223958 0
-0.490625 -0.21875 0
-0.478125 -0.244792 0
-0.471875 -0.213542 0
-0.459375 -0.239583 0
0.24375 -0.401042 0
0.20625 -0.390625 0
0.235417 -0.416667 0
0.240625 -0.385417 0
0.216667 -0.411458 0
0.221875 -0.380208 0
0.35625 -0.432292 0
0.39375 -0.442708 0
0.366667 -0.453125 0
0.371875 -0.421875 0
0.385417 -0.458333 0
0.390625 -0.427083 0
0.275 -0.463542 0
0.258333 -0.494792 0
0.25625 -0.458333 0
0.285417 -0.484375 0
0.247917 -0.473958 0
0.277083 -0.5 0
0.33125 -0.479167 0
0.352083 -0.520833 0
0.35 -0.484375 0
0.322917 -0.494792 0
0.360417 -0.505208 0
0.333333 -0.515625 0
0.290625 -0.369792 0
0.284375 -0.338542 0
0.271875 -0.364583 0
0.30625 -0.359375 0
0.26875 -0.348958 0
0.303125 -0.34375 0
0.346875 -0.385417 0
0.378125 -0.364583 0
0.365625 -0.390625 0
0.34375 -0.369792 0
0.38125 -0.380208 0
0.359375 -0.359375 0
0.203125 -0.197917 0
0.171875 -0.21875 0
0.20625 -0.213542 0
0.1875 -0.1875 0
0.190625 -0.223958 0
0.171875 -0.197917 0
0.296875 -0.135417 0
0.328125 -0.114583 0
0.315625 -0.140625 0
0.296875 -0.114583 0
0.33125 -0.130208 0
0.3125 -0.104167 0
0.259375 -0.213542 0
0.265625 -0.244792 0
0.24375 -0.223958 0
0.278125 -0.21875 0
0.246875 -0.239583 0
0.28125 -0.234375 0
0.203125 -0.135417 0
0.171875 -0.114583 0
0.1875 -0.145833 0
0.203125 -0.114583 0
0.171875 -0.135417 0
0.1875 -0.104167 0
0.30625 -0.182292 0
0.34375 -0.192708 0
0.321875 -0.171875 0
0.309375 -0.197917 0
0.340625 -0.177083 0
0.328125 -0.203125 0
0.25 -0.104167 0
0.25 -0.0625 0
0.265625 -0.09375 0
0.234375 -0.09375 0
0.265625 -0.0729167 0
0.234375 -0.0729167 0
0 -0.0625 0
0 -0.104167 0
0.015625 -0.0729167 0
-0.015625 -0.0729167 0
0.015625 -0.09375 0
-0.015625 -0.09375 0
0 0.0625 0
0 0.104167 0
0.015625 0.0729167 0
-0.015625 0.0729167 0
0.015625 0.09375 0
-0.015625 0.09375 0
0.046875 -0.03125 0
0.078125 -0.0520833 0
0.046875 -0.0520833 0
0.0625 -0.0208333 0
0.0625 -0.0625 0
0.078125 -0.03125 0
-0.046875 -0.03125 0
-0.078125 -0.0520833 0
-0.046875 -0.0520833 0
-0.0625 -0.0208333 0
-0.0625 -0.0625 0
-0.078125 -0.03125 0
0.046875 0.03125 0
0.078125 0.0520833 0
0.046875 0.0520833 0
0.0625 0.0208333 0
0.0625 0.0625 0
0.078125 0.03125 0
-0.046875 0.03125 0
-0.078125 0.0520833 0
-0.046875 0.0520833 0
-0.0625 0.0208333 0
-0.0625 0.0625 0
-0.078125 0.03125 0
-0.203125 -0.197917 0
-0.171875 -0.21875 0
-0.20625 -0.213542 0
-0.1875 -0.1875 0
-0.190625 -0.223958 0
-0.171875 -0.197917 0
-0.296875 -0.135417 0
-0.328125 -0.114583 0
-0.315625 -0.140625 0
-0.296875 -0.114583 0
-0.33125 -0.130208 0
-0.3125 -0.104167 0
-0.259375 -0.213542 0
-0.265625 -0.244792 0
-0.24375 -0.223958 0
-0.278125 -0.21875 0
-0.246875 -0.239583 0
-0.28125 -0.234375 0
-0.30625 -0.182292 0
-0.34375 -0.192708 0
-0.321875 -0.171875 0
-0.309375 -0.197917 0
-0.340625 -0.177083 0
-0.328125 -0.203125 0
-0.203125 -0.135417 0
-0.171875 -0.114583 0
-0.1875 -0.145833 0
-0.203125 -0.114583 0
-0.171875 -0.135417 0
-0.1875 -0.104167 0
-0.25 -0.104167 0
-0.25 -0.0625 0
-0.265625 -0.09375 0
-0.234375 -0.09375 0
-0.265625 -0.0729167 0
-0.234375 -0.0729167 0
0.559375 -0.296875 0
0.565625 -0.328125 0
0.575 -0.307292 0
0.54375 -0.307292 0
0.578125 -0.322917 0
0.546875 -0.322917 0
0.540625 -0.203125 0
0.534375 -0.171875 0
0.553125 -0.197917 0
0.521875 -0.197917 0
0.55 -0.182292 0
0.51875 -0.182292 0
0.596875 -0.28125 0
0.628125 -0.302083 0
0.6 -0.296875 0
0.609375 -0.276042 0
0.615625 -0.307292 0
0.625 -0.286458 0
0.5875 -0.234375 0
0.6125 -0.223958 0
0.584375 -0.21875 0
0.603125 -0.244792 0
0.596875 -0.213542 0
0.615625 -0.239583 0
0.503125 -0.28125 0
0.471875 -0.302083 0
0.50625 -0.296875 0
0.484375 -0.276042 0
0.490625 -0.307292 0
0.46875 -0.286458 0
0.49375 -0.234375 0
0.45625 -0.223958 0
0.490625 -0.21875 0
0.478125 -0.244792 0
0.471875 -0.213542 0
0.459375 -0.239583 0
0.540625 0.203125 0
0.534375 0.171875 0
0.553125 0.197917 0
0.521875 0.197917 0
0.55 0.182292 0
0.51875 0.182292 0
0.559375 0.296875 0
0.565625 0.328125 0
0.575 0.307292 0
0.54375 0.307292 0
0.578125 0.322917 0
0.546875 0.322917 0
0.5875 0.234375 0
0.6125 0.223958 0
0.584375 0.21875 0
0.603125 0.244792 0
0.596875 0.213542 0
0.615625 0.239583 0
0.596875 0.28125 0
0.628125 0.302083 0
0.6 0.296875 0
0.609375 0.276042 0
0.615625 0.307292 0
0.625 0.286458 0
0.49375 0.234375 0
0.45625 0.223958 0
0.490625 0.21875 0
0.478125 0.244792 0
0.471875 0.213542 0
0.459375 0.239583 0
0.503125 0.28125 0
0.471875 0.302083 0
0.50625 0.296875 0
0.484375 0.276042 0
0.490625 0.307292 0
0.46875 0.286458 0
0.296875 0.135417 0
0.328125 0.114583 0
0.296875 0.114583 0
0.315625 0.140625 0
0.3125 0.104167 0
0.33125 0.130208 0
0.203125 0.197917 0
0.171875 0.21875 0
0.1875 0.1875 0
0.20625 0.213542 0
0.171875 0.197917 0
0.190625 0.223958 0
0.25 0.104167 0
0.25 0.0625 0
0.265625 0.09375 0
0.234375 0.09375 0
0.265625 0.0729167 0
0.234375 0.0729167 0
0.203125 0.135417 0
0.171875 0.114583 0
0.1875 0.145833 0
0.203125 0.114583 0
0.171875 0.135417 0
0.1875 0.104167 0
0.30625 0.182292 0
0.34375 0.192708 0
0.321875 0.171875 0
0.309375 0.197917 0
0.340625 0.177083 0
0.328125 0.203125 0
0.259375 0.213542 0
0.265625 0.244792 0
0.24375 0.223958 0
0.278125 0.21875 0
0.246875 0.239583 0
0.28125 0.234375 0
0.35625 0.432292 0
0.39375 0.442708 0
0.366667 0.453125 0
0.371875 0.421875 0
0.385417 0.458333 0
0.390625 0.427083 0
0.24375 0.401042 0
0.20625 0.390625 0
0.235417 0.416667 0
0.240625 0.385417 0
0.216667 0.411458 0
0.221875 0.380208 0
0.33125 0.479167 0
0.352083 0.520833 0
0.35 0.484375 0
0.322917 0.494792 0
0.360417 0.505208 0
0.333333 0.515625 0
0.275 0.463542 0
0.258333 0.494792 0
0.25625 0.458333 0
0.285417 0.484375 0
0.247917 0.473958 0
0.277083 0.5 0
0.346875 0.385417 0
0.378125 0.364583 0
0.365625 0.390625 0
0.34375 0.369792 0
0.38125 0.380208 0
0.359375 0.359375 0
0.290625 0.369792 0
0.284375 0.338542 0
0.271875 0.364583 0
0.30625 0.359375 0
0.26875 0.348958 0
0.303125 0.34375 0
-0.24375 0.401042 0
-0.20625 0.390625 0
-0.235417 0.416667 0
-0.240625 0.385417 0
-0.216667 0.411458 0
-0.221875 0.380208 0
-0.35625 0.432292 0
-0.39375 0.442708 0
-0.366667 0.453125 0
-0.371875 0.421875 0
-0.385417 0.458333 0
-0.390625 0.427083 0
-0.275 0.463542 0
-0.258333 0.494792 0
-0.25625 0.458333 0
-0.285417 0.484375 0
-0.247917 0.473958 0
-0.277083 0.5 0
-0.33125 0.479167 0
-0.352083 0.520833 0
-0.35 0.484375 0
-0.322917 0.494792 0
-0.360417 0.505208 0
-0.333333 0.515625 0
-0.290625 0.369792 0
-0.284375 0.338542 0
-0.271875 0.364583 0
-0.30625 0.359375 0
-0.26875 0.348958 0
-0.303125 0.34375 0
-0.346875 0.385417 0
-0.378125 0.364583 0
-0.365625 0.390625 0
-0.34375 0.369792 0
-0.38125 0.380208 0
-0.359375 0.359375 0
-0.203125 0.197917 0
-0.171875 0.21875 0
-0.1875 0.1875 0
-0.20625 0.213542 0
-0.171875 0.197917 0
-0.190625 0.223958 0
-0.296875 0.135417 0
-0.328125 0.114583 0
-0.296875 0.114583 0
-0.315625 0.140625 0
-0.3125 0.104167 0
-0.33125 0.130208 0
-0.203125 0.135417 0
-0.171875 0.114583 0
-0.1875 0.145833 0
-0.203125 0.114583 0
-0.171875 0.135417 0
-0.1875 0.104167 0
-0.25 0.104167 0
-0.25 0.0625 0
-0.265625 0.09375 0
-0.234375 0.09375 0
-0.265625 0.0729167 0
-0.234375 0.0729167 0
-0.259375 0.213542 0
-0.265625 0.244792 0
-0.24375 0.223958 0
-0.278125 0.21875 0
-0.246875 0.239583 0
-0.28125 0.234375 0
-0.30625 0.182292 0
-0.34375 0.192708 0
-0.321875 0.171875 0
-0.309375 0.197917 0
-0.340625 0.177083 0
-0.328125 0.203125 0
-0.559375 0.296875 0
-0.565625 0.328125 0
-0.575 0.307292 0
-0.54375 0.307292 0
-0.578125 0.322917 0
-0.546875 0.322917 0
-0.540625 0.203125 0
-0.534375 0.171875 0
-0.553125 0.197917 0
-0.521875 0.197917 0
-0.55 0.182292 0
-0.51875 0.182292 0
-0.596875 0.28125 0
-0.628125 0.302083 0
-0.6 0.296875 0
-0.609375 0.276042 0
-0.615625 0.307292 0
-0.625 0.286458 0
-0.5875 0.234375 0
-0.6125 0.223958 0
-0.584375 0.21875 0
-0.603125 0.244792 0
-0.596875 0.213542 0
-0.615625 0.239583 0
-0.503125 0.28125 0
-0.471875 0.302083 0
-0.50625 0.296875 0
-0.484375 0.276042 0
-0.490625 0.307292 0
-0.46875 0.286458 0
-0.49375 0.234375 0
-0.45625 0.223958 0
-0.490625 0.21875 0
-0.478125 0.244792 0
-0.471875 0.213542 0
-0.459375 0.239583 0
-0.858333 -0.953125 0
-0.875 -0.921875 0
-0.879167 -0.953125 0
-0.8875 -0.9375 0
-0.845833 -0.9375 0
-0.854167 -0.921875 0
-0.795833 -0.953125 0
-0.770833 -0.921875 0
-0.775 -0.953125 0
-0.7625 -0.9375 0
-0.804167 -0.9375 0
-0.791667 -0.921875 0
-0.9625 -0.848958 0
-0.9375 -0.859375 0
-0.9625 -0.869792 0
-0.95 -0.875 0
-0.95 -0.833333 0
-0.9375 -0.838542 0
-0.9625 -0.786458 0
-0.9375 -0.755208 0
-0.9625 -0.765625 0
-0.95 -0.75 0
-0.95 -0.791667 0
-0.9375 -0.776042 0
-0.8375 -0.875 0
-0.795833 -0.875 0
-0.825 -0.859375 0
-0.804167 -0.859375 0
-0.829167 -0.890625 0
-0.808333 -0.890625 0
-0.9 -0.8125 0
-0.9 -0.770833 0
-0.8875 -0.796875 0
-0.8875 -0.776042 0
-0.9125 -0.807292 0
-0.9125 -0.786458 0
-0.4625 -0.953125 0
-0.4375 -0.921875 0
-0.441667 -0.953125 0
-0.429167 -0.9375 0
-0.470833 -0.9375 0
-0.458333 -0.921875 0
-0.525 -0.953125 0
-0.541667 -0.921875 0
-0.545833 -0.953125 0
-0.554167 -0.9375 0
-0.5125 -0.9375 0
-0.520833 -0.921875 0
-0.197917 -0.9375 0
-0.21875 -0.895833 0
-0.21875 -0.9375 0
-0.229167 -0.916667 0
-0.1875 -0.916667 0
-0.197917 -0.895833 0
-0.135417 -0.9375 0
-0.114583 -0.895833 0
-0.114583 -0.9375 0
-0.104167 -0.916667 0
-0.145833 -0.916667 0
-0.135417 -0.895833 0
-0.34375 -0.859375 0
-0.30625 -0.848958 0
-0.335417 -0.875 0
-0.316667 -0.869792 0
-0.333333 -0.838542 0
-0.314583 -0.833333 0
-0.4625 -0.875 0
-0.504167 -0.875 0
-0.470833 -0.859375 0
-0.491667 -0.859375 0
-0.475 -0.890625 0
-0.495833 -0.890625 0
-0.36875 -0.8125 0
-0.347917 -0.770833 0
-0.377083 -0.796875 0
-0.366667 -0.776042 0
-0.35 -0.807292 0
-0.339583 -0.786458 0
-0.1875 -0.833333 0
-0.145833 -0.833333 0
-0.177083 -0.8125 0
-0.15625 -0.8125 0
-0.177083 -0.854167 0
-0.15625 -0.854167 0
-0.275 -0.786458 0
-0.291667 -0.755208 0
-0.264583 -0.765625 0
-0.272917 -0.75 0
-0.29375 -0.791667 0
-0.302083 -0.776042 0
0.197917 -0.9375 0
0.21875 -0.895833 0
0.21875 -0.9375 0
0.229167 -0.916667 0
0.1875 -0.916667 0
0.197917 -0.895833 0
0.135417 -0.9375 0
0.114583 -0.895833 0
0.114583 -0.9375 0
0.104167 -0.916667 0
0.145833 -0.916667 0
0.135417 -0.895833 0
0.4625 -0.953125 0
0.4375 -0.921875 0
0.441667 -0.953125 0
0.429167 -0.9375 0
0.470833 -0.9375 0
0.458333 -0.921875 0
0.525 -0.953125 0
0.541667 -0.921875 0
0.545833 -0.953125 0
0.554167 -0.9375 0
0.5125 -0.9375 0
0.520833 -0.921875 0
0.30625 -0.848958 0
0.34375 -0.859375 0
0.316667 -0.869792 0
0.335417 -0.875 0
0.314583 -0.833333 0
0.333333 -0.838542 0
0.1875 -0.833333 0
0.145833 -0.833333 0
0.177083 -0.8125 0
0.15625 -0.8125 0
0.177083 -0.854167 0
0.15625 -0.854167 0
0.275 -0.786458 0
0.291667 -0.755208 0
0.264583 -0.765625 0
0.272917 -0.75 0
0.29375 -0.791667 0
0.302083 -0.776042 0
0.4625 -0.875 0
0.504167 -0.875 0
0.470833 -0.859375 0
0.491667 -0.859375 0
0.475 -0.890625 0
0.495833 -0.890625 0
0.36875 -0.8125 0
0.347917 -0.770833 0
0.377083 -0.796875 0
0.366667 -0.776042 0
0.35 -0.807292 0
0.339583 -0.786458 0
0.858333 -0.953125 0
0.875 -0.921875 0
0.879167 -0.953125 0
0.8875 -0.9375 0
0.845833 -0.9375 0
0.854167 -0.921875 0
0.795833 -0.953125 0
0.770833 -0.921875 0
0.775 -0.953125 0
0.7625 -0.9375 0
0.804167 -0.9375 0
0.791667 -0.921875 0
0.9625 -0.848958 0
0.9375 -0.859375 0
0.9625 -0.869792 0
0.95 -0.875 0
0.95 -0.833333 0
0.9375 -0.838542 0
0.9625 -0.786458 0
0.9375 -0.755208 0
0.9625 -0.765625 0
0.95 -0.75 0
0.95 -0.791667 0
0.9375 -0.776042 0
0.8375 -0.875 0
0.795833 -0.875 0
0.825 -0.859375 0
0.804167 -0.859375 0
0.829167 -0.890625 0
0.808333 -0.890625 0
0.9 -0.8125 0
0.9 -0.770833 0
0.8875 -0.796875 0
0.8875 -0.776042 0
0.9125 -0.807292 0
0.9125 -0.786458 0
0.9625 -0.453125 0
0.9375 -0.421875 0
0.9625 -0.432292 0
0.95 -0.416667 0
0.95 -0.458333 0
0.9375 -0.442708 0
0.9625 -0.515625 0
0.9375 -0.526042 0
0.9625 -0.536458 0
0.95 -0.541667 0
0.95 -0.5 0
0.9375 -0.505208 0
0.953125 -0.197917 0
0.921875 -0.21875 0
0.953125 -0.21875 0
0.9375 -0.229167 0
0.9375 -0.1875 0
0.921875 -0.197917 0
0.953125 -0.135417 0
0.921875 -0.114583 0
0.953125 -0.114583 0
0.9375 -0.104167 0
0.9375 -0.145833 0
0.921875 -0.135417 0
0.890625 -0.328125 0
0.884375 -0.296875 0
0.903125 -0.322917 0
0.9 -0.307292 0
0.875 -0.317708 0
0.871875 -0.302083 0
0.9 -0.4375 0
0.9 -0.479167 0
0.8875 -0.442708 0
0.8875 -0.463542 0
0.9125 -0.453125 0
0.9125 -0.473958 0
0.853125 -0.34375 0
0.821875 -0.322917 0
0.840625 -0.348958 0
0.825 -0.338542 0
0.85 -0.328125 0
0.834375 -0.317708 0
0.875 -0.1875 0
0.875 -0.145833 0
0.859375 -0.177083 0
0.859375 -0.15625 0
0.890625 -0.177083 0
0.890625 -0.15625 0
0.8375 -0.265625 0
0.8125 -0.276042 0
0.821875 -0.255208 0
0.809375 -0.260417 0
0.840625 -0.28125 0
0.828125 -0.286458 0
0.953125 0.197917 0
0.921875 0.21875 0
0.953125 0.21875 0
0.9375 0.229167 0
0.9375 0.1875 0
0.921875 0.197917 0
0.953125 0.135417 0
0.921875 0.114583 0
0.953125 0.114583 0
0.9375 0.104167 0
0.9375 0.145833 0
0.921875 0.135417 0
0.9625 0.453125 0
0.9375 0.421875 0
0.9625 0.432292 0
0.95 0.416667 0
0.95 0.458333 0
0.9375 0.442708 0
0.9625 0.515625 0
0.9375 0.526042 0
0.9625 0.536458 0
0.95 0.541667 0
0.95 0.5 0
0.9375 0.505208 0
0.884375 0.296875 0
0.890625 0.328125 0
0.9 0.307292 0
0.903125 0.322917 0
0.871875 0.302083 0
0.875 0.317708 0
0.875 0.1875 0
0.875 0.145833 0
0.859375 0.177083 0
0.859375 0.15625 0
0.890625 0.177083 0
0.890625 0.15625 0
0.8375 0.265625 0
0.8125 0.276042 0
0.821875 0.255208 0
0.809375 0.260417 0
0.840625 0.28125 0
0.828125 0.286458 0
0.9 0.4375 0
0.9 0.479167 0
0.8875 0.442708 0
0.8875 0.463542 0
0.9125 0.453125 0
0.9125 0.473958 0
0.853125 0.34375 0
0.821875 0.322917 0
0.840625 0.348958 0
0.825 0.338542 0
0.85 0.328125 0
0.834375 0.317708 0
0.9625 0.848958 0
0.9375 0.859375 0
0.9625 0.869792 0
0.95 0.875 0
0.95 0.833333 0
0.9375 0.838542 0
0.9625 0.786458 0
0.9375 0.755208 0
0.9625 0.765625 0
0.95 0.75 0
0.95 0.791667 0
0.9375 0.776042 0
0.858333 0.953125 0
0.875 0.921875 0
0.879167 0.953125 0
0.8875 0.9375 0
0.845833 0.9375 0
0.854167 0.921875 0
0.795833 0.953125 0
0.770833 0.921875 0
0.775 0.953125 0
0.7625 0.9375 0
0.804167 0.9375 0
0.791667 0.921875 0
0.9 0.8125 0
0.9 0.770833 0
0.8875 0.796875 0
0.8875 0.776042 0
0.9125 0.807292 0
0.9125 0.786458 0
0.8375 0.875 0
0.795833 0.875 0
0.825 0.859375 0
0.804167 0.859375 0
0.829167 0.890625 0
0.808333 0.890625 0
0.4625 0.953125 0
0.4375 0.921875 0
0.441667 0.953125 0
0.429167 0.9375 0
0.470833 0.9375 0
0.458333 0.921875 0
0.525 0.953125 0
0.541667 0.921875 0
0.545833 0.953125 0
0.554167 0.9375 0
0.5125 0.9375 0
0.520833 0.921875 0
0.197917 0.9375 0
0.21875 0.895833 0
0.21875 0.9375 0
0.229167 0.916667 0
0.1875 0.916667 0
0.197917 0.895833 0
0.135417 0.9375 0
0.114583 0.895833 0
0.114583 0.9375 0
0.104167 0.916667 0
0.145833 0.916667 0
0.135417 0.895833 0
0.34375 0.859375 0
0.30625 0.848958 0
0.335417 0.875 0
0.316667 0.869792 0
0.333333 0.838542 0
0.314583 0.833333 0
0.4625 0.875 0
0.504167 0.875 0
0.470833 0.859375 0
0.491667 0.859375 0
0.475 0.890625 0
0.495833 0.890625 0
0.36875 0.8125 0
0.347917 0.770833 0
0.377083 0.796875 0
0.366667 0.776042 0
0.35 0.807292 0
0.339583 0.786458 0
0.1875 0.833333 0
0.145833 0.833333 0
0.177083 0.8125 0
0.15625 0.8125 0
0.177083 0.854167 0
0.15625 0.854167 0
0.275 0.786458 0
0.291667 0.755208 0
0.264583 0.765625 0
0.272917 0.75 0
0.29375 0.791667 0
0.302083 0.776042 0
-0.197917 0.9375 0
-0.21875 0.895833 0
-0.21875 0.9375 0
-0.229167 0.916667 0
-0.1875 0.916667 0
-0.197917 0.895833 0
-0.135417 0.9375 0
-0.114583 0.895833 0
-0.114583 0.9375 0
-0.104167 0.916667 0
-0.145833 0.916667 0
-0.135417 0.895833 0
-0.4625 0.953125 0
-0.4375 0.921875 0
-0.441667 0.953125 0
-0.429167 0.9375 0
-0.470833 0.9375 0
-0.458333 0.921875 0
-0.525 0.953125 0
-0.541667 0.921875 0
-0.545833 0.953125 0
-0.554167 0.9375 0
-0.5125 0.9375 0
-0.520833 0.921875 0
-0.30625 0.848958 0
-0.34375 0.859375 0
-0.316667 0.869792 0
-0.335417 0.875 0
-0.314583 0.833333 0
-0.333333 0.838542 0
-0.1875 0.833333 0
-0.145833 0.833333 0
-0.177083 0.8125 0
-0.15625 0.8125 0
-0.177083 0.854167 0
-0.15625 0.854167 0
-0.275 0.786458 0
-0.291667 0.755208 0
-0.264583 0.765625 0
-0.272917 0.75 0
-0.29375 0.791667 0
-0.302083 0.776042 0
-0.4625 0.875 0
-0.504167 0.875 0
-0.470833 0.859375 0
-0.491667 0.859375 0
-0.475 0.890625 0
-0.495833 0.890625 0
-0.36875 0.8125 0
-0.347917 0.770833 0
-0.377083 0.796875 0
-0.366667 0.776042 0
-0.35 0.807292 0
-0.339583 0.786458 0
-0.858333 0.953125 0
-0.875 0.921875 0
-0.879167 0.953125 0
-0.8875 0.9375 0
-0.845833 0.9375 0
-0.854167 0.921875 0
-0.795833 0.953125 0
-0.770833 0.921875 0
-0.775 0.953125 0
-0.7625 0.9375 0
-0.804167 0.9375 0
-0.791667 0.921875 0
-0.9625 0.848958 0
-0.9375 0.859375 0
-0.9625 0.869792 0
-0.95 0.875 0
-0.95 0.833333 0
-0.9375 0.838542 0
-0.9625 0.786458 0
-0.9375 0.755208 0
-0.9625 0.765625 0
-0.95 0.75 0
-0.95 0.791667 0
-0.9375 0.776042 0
-0.8375 0.875 0
-0.795833 0.875 0
-0.825 0.859375 0
-0.804167 0.859375 0
-0.829167 0.890625 0
-0.808333 0.890625 0
-0.9 0.8125 0
-0.9 0.770833 0
-0.8875 0.796875 0
-0.8875 0.776042 0
-0.9125 0.807292 0
-0.9125 0.786458 0
-0.9625 0.453125 0
-0.9375 0.421875 0
-0.9625 0.432292 0
-0.95 0.416667 0
-0.95 0.458333 0
-0.9375 0.442708 0
-0.9625 0.515625 0
-0.9375 0.526042 0
-0.9625 0.536458 0
-0.95 0.541667 0
-0.95 0.5 0
-0.9375 0.505208 0
-0.953125 0.197917 0
-0.921875 0.21875 0
-0.953125 0.21875 0
-0.9375 0.229167 0
-0.9375 0.1875 0
-0.921875 0.197917 0
-0.953125 0.135417 0
-0.921875 0.114583 0
-0.953125 0.114583 0
-0.9375 0.104167 0
-0.9375 0.145833 0
-0.921875 0.135417 0
-0.890625 0.328125 0
-0.884375 0.296875 0
-0.903125 0.322917 0
-0.9 0.307292 0
-0.875 0.317708 0
-0.871875 0.302083 0
-0.9 0.4375 0
-0.9 0.479167 0
-0.8875 0.442708 0
-0.8875 0.463542 0
-0.9125 0.453125 0
-0.9125 0.473958 0
-0.853125 0.34375 0
-0.821875 0.322917 0
-0.840625 0.348958 0
-0.825 0.338542 0
-0.85 0.328125 0
-0.834375 0.317708 0
-0.875 0.1875 0
-0.875 0.145833 0
-0.859375 0.177083 0
-0.859375 0.15625 0
-0.890625 0.177083 0
-0.890625 0.15625 0
-0.8375 0.265625 0
-0.8125 0.276042 0
-0.821875 0.255208 0
-0.809375 0.260417 0
-0.840625 0.28125 0
-0.828125 0.286458 0
-0.9625 -0.453125 0
-0.9375 -0.421875 0
-0.9625 -0.432292 0
-0.95 -0.416667 0
-0.95 -0.458333 0
-0.9375 -0.442708 0
-0.9625 -0.515625 0
-0.9375 -0.526042 0
-0.9625 -0.536458 0
-0.95 -0.541667 0
-0.95 -0.5 0
-0.9375 -0.505208 0
-0.953125 -0.197917 0
-0.921875 -0.21875 0
-0.953125 -0.21875 0
-0.9375 -0.229167 0
-0.9375 -0.1875 0
-0.921875 -0.197917 0
-0.953125 -0.135417 0
-0.921875 -0.114583 0
-0.953125 -0.114583 0
-0.9375 -0.104167 0
-0.9375 -0.145833 0
-0.921875 -0.135417 0
-0.890625 -0.328125 0
-0.884375 -0.296875 0
-0.903125 -0.322917 0
-0.9 -0.307292 0
-0.875 -0.317708 0
-0.871875 -0.302083 0
-0.9 -0.4375 0
-0.9 -0.479167 0
-0.8875 -0.442708 0
-0.8875 -0.463542 0
-0.9125 -0.453125 0
-0.9125 -0.473958 0
-0.853125 -0.34375 0
-0.821875 -0.322917 0
-0.840625 -0.348958 0
-0.825 -0.338542 0
-0.85 -0.328125 0
-0.834375 -0.317708 0
-0.875 -0.1875 0
-0.875 -0.145833 0
-0.859375 -0.177083 0
-0.859375 -0.15625 0
-0.890625 -0.177083 0
-0.890625 -0.15625 0
-0.8375 -0.265625 0
-0.8125 -0.276042 0
-0.821875 -0.255208 0
-0.809375 -0.260417 0
-0.840625 -0.28125 0
-0.828125 -0.286458 0
-0.6375 -0.625 0
-0.595833 -0.625 0
-0.625 -0.609375 0
-0.604167 -0.609375 0
-0.629167 -0.640625 0
-0.608333 -0.640625 0
-0.7 -0.5625 0
-0.7 -0.520833 0
-0.6875 -0.546875 0
-0.6875 -0.526042 0
-0.7125 -0.557292 0
-0.7125 -0.536458 0
-0.675 -0.671875 0
-0.658333 -0.703125 0
-0.6875 -0.6875 0
-0.679167 -0.703125 0
-0.654167 -0.671875 0
-0.645833 -0.6875 0
-0.7375 -0.609375 0
-0.7625 -0.598958 0
-0.75 -0.625 0
-0.7625 -0.619792 0
-0.7375 -0.588542 0
-0.75 -0.583333 0
-0.502083 -0.5625 0
-0.48125 -0.520833 0
-0.510417 -0.546875 0
-0.5 -0.526042 0
-0.483333 -0.557292 0
-0.472917 -0.536458 0
-0.570833 -0.671875 0
-0.595833 -0.703125 0
-0.5625 -0.6875 0
-0.575 -0.703125 0
-0.591667 -0.671875 0
-0.604167 -0.6875 0
-0.477083 -0.609375 0
-0.439583 -0.598958 0
-0.46875 -0.625 0
-0.45 -0.619792 0
-0.466667 -0.588542 0
-0.447917 -0.583333 0
-0.653125 -0.427083 0
-0.621875 -0.40625 0
-0.640625 -0.432292 0
-0.625 -0.421875 0
-0.65 -0.411458 0
-0.634375 -0.401042 0
-0.7375 -0.505208 0
-0.7625 -0.536458 0
-0.75 -0.5 0
-0.7625 -0.515625 0
-0.7375 -0.526042 0
-0.75 -0.541667 0
-0.690625 -0.411458 0
-0.684375 -0.380208 0
-0.703125 -0.40625 0
-0.7 -0.390625 0
-0.675 -0.401042 0
-0.671875 -0.385417 0
-0.496875 -0.427083 0
-0.528125 -0.40625 0
-0.515625 -0.432292 0
-0.53125 -0.421875 0
-0.49375 -0.411458 0
-0.509375 -0.401042 0
-0.425 -0.505208 0
-0.408333 -0.536458 0
-0.40625 -0.5 0
-0.397917 -0.515625 0
-0.435417 -0.526042 0
-0.427083 -0.541667 0
-0.440625 -0.411458 0
-0.434375 -0.380208 0
-0.421875 -0.40625 0
-0.41875 -0.390625 0
-0.45625 -0.401042 0
-0.453125 -0.385417 0
-0.6125 -0.359375 0
-0.6375 -0.348958 0
-0.609375 -0.34375 0
-0.621875 -0.338542 0
-0.628125 -0.369792 0
-0.640625 -0.364583 0
-0.51875 -0.359375 0
-0.48125 -0.348958 0
-0.515625 -0.34375 0
-0.496875 -0.338542 0
-0.503125 -0.369792 0
-0.484375 -0.364583 0
-0.0208333 -0.5 0
0.0208333 -0.5 0
-0.0104167 -0.479167 0
0.0104167 -0.479167 0
-0.0104167 -0.520833 0
0.0104167 -0.520833 0
-0.108333 -0.453125 0
-0.125 -0.421875 0
-0.0979167 -0.432292 0
-0.10625 -0.416667 0
-0.127083 -0.458333 0
-0.135417 -0.442708 0
-0.0520833 -0.5625 0
-0.03125 -0.604167 0
-0.0625 -0.583333 0
-0.0520833 -0.604167 0
-0.03125 -0.5625 0
-0.0208333 -0.583333 0
-0.139583 -0.515625 0
-0.177083 -0.526042 0
-0.15 -0.536458 0
-0.16875 -0.541667 0
-0.147917 -0.5 0
-0.166667 -0.505208 0
0.108333 -0.453125 0
0.125 -0.421875 0
0.0979167 -0.432292 0
0.10625 -0.416667 0
0.127083 -0.458333 0
0.135417 -0.442708 0
0.0520833 -0.5625 0
0.03125 -0.604167 0
0.0625 -0.583333 0
0.0520833 -0.604167 0
0.03125 -0.5625 0
0.0208333 -0.583333 0
0.139583 -0.515625 0
0.177083 -0.526042 0
0.15 -0.536458 0
0.16875 -0.541667 0
0.147917 -0.5 0
0.166667 -0.505208 0
-0.140625 -0.328125 0
-0.134375 -0.296875 0
-0.121875 -0.322917 0
-0.11875 -0.307292 0
-0.15625 -0.317708 0
-0.153125 -0.302083 0
-0.18125 -0.4375 0
-0.202083 -0.479167 0
-0.2 -0.442708 0
-0.210417 -0.463542 0
-0.172917 -0.453125 0
-0.183333 -0.473958 0
-0.196875 -0.34375 0
-0.228125 -0.322917 0
-0.215625 -0.348958 0
-0.23125 -0.338542 0
-0.19375 -0.328125 0
-0.209375 -0.317708 0
0.140625 -0.328125 0
0.134375 -0.296875 0
0.121875 -0.322917 0
0.11875 -0.307292 0
0.15625 -0.317708 0
0.153125 -0.302083 0
0.18125 -0.4375 0
0.202083 -0.479167 0
0.2 -0.442708 0
0.210417 -0.463542 0
0.172917 -0.453125 0
0.183333 -0.473958 0
0.196875 -0.34375 0
0.228125 -0.322917 0
0.215625 -0.348958 0
0.23125 -0.338542 0
0.19375 -0.328125 0
0.209375 -0.317708 0
0.078125 -0.21875 0
0.046875 -0.197917 0
0.0625 -0.229167 0
0.046875 -0.21875 0
0.078125 -0.197917 0
0.0625 -0.1875 0
0.18125 -0.265625 0
0.21875 -0.276042 0
0.196875 -0.255208 0
0.215625 -0.260417 0
0.184375 -0.28125 0
0.203125 -0.286458 0
0.125 -0.1875 0
0.125 -0.145833 0
0.140625 -0.177083 0
0.140625 -0.15625 0
0.109375 -0.177083 0
0.109375 -0.15625 0
-0.046875 -0.197917 0
-0.078125 -0.21875 0
-0.046875 -0.21875 0
-0.0625 -0.229167 0
-0.0625 -0.1875 0
-0.078125 -0.197917 0
0.046875 -0.135417 0
0.078125 -0.114583 0
0.046875 -0.114583 0
0.0625 -0.104167 0
0.0625 -0.145833 0
0.078125 -0.135417 0
-0.046875 -0.135417 0
-0.078125 -0.114583 0
-0.046875 -0.114583 0
-0.0625 -0.104167 0
-0.0625 -0.145833 0
-0.078125 -0.135417 0
-0.18125 -0.265625 0
-0.21875 -0.276042 0
-0.196875 -0.255208 0
-0.215625 -0.260417 0
-0.184375 -0.28125 0
-0.203125 -0.286458 0
-0.125 -0.1875 0
-0.125 -0.145833 0
-0.140625 -0.177083 0
-0.140625 -0.15625 0
-0.109375 -0.177083 0
-0.109375 -0.15625 0
0.595833 -0.625 0
0.6375 -0.625 0
0.604167 -0.609375 0
0.625 -0.609375 0
0.608333 -0.640625 0
0.629167 -0.640625 0
0.502083 -0.5625 0
0.48125 -0.520833 0
0.510417 -0.546875 0
0.5 -0.526042 0
0.483333 -0.557292 0
0.472917 -0.536458 0
0.570833 -0.671875 0
0.595833 -0.703125 0
0.5625 -0.6875 0
0.575 -0.703125 0
0.591667 -0.671875 0
0.604167 -0.6875 0
0.477083 -0.609375 0
0.439583 -0.598958 0
0.46875 -0.625 0
0.45 -0.619792 0
0.466667 -0.588542 0
0.447917 -0.583333 0
0.7 -0.5625 0
0.7 -0.520833 0
0.6875 -0.546875 0
0.6875 -0.526042 0
0.7125 -0.557292 0
0.7125 -0.536458 0
0.675 -0.671875 0
0.658333 -0.703125 0
0.6875 -0.6875 0
0.679167 -0.703125 0
0.654167 -0.671875 0
0.645833 -0.6875 0
0.7375 -0.609375 0
0.7625 -0.598958 0
0.75 -0.625 0
0.7625 -0.619792 0
0.7375 -0.588542 0
0.75 -0.583333 0
0.653125 -0.427083 0
0.621875 -0.40625 0
0.640625 -0.432292 0
0.625 -0.421875 0
0.65 -0.411458 0
0.634375 -0.401042 0
0.7375 -0.505208 0
0.7625 -0.536458 0
0.75 -0.5 0
0.7625 -0.515625 0
0.7375 -0.526042 0
0.75 -0.541667 0
0.690625 -0.411458 0
0.684375 -0.380208 0
0.703125 -0.40625 0
0.7 -0.390625 0
0.675 -0.401042 0
0.671875 -0.385417 0
0.496875 -0.427083 0
0.528125 -0.40625 0
0.515625 -0.432292 0
0.53125 -0.421875 0
0.49375 -0.411458 0
0.509375 -0.401042 0
0.425 -0.505208 0
0.408333 -0.536458 0
0.40625 -0.5 0
0.397917 -0.515625 0
0.435417 -0.526042 0
0.427083 -0.541667 0
0.440625 -0.411458 0
0.434375 -0.380208 0
0.421875 -0.40625 0
0.41875 -0.390625 0
0.45625 -0.401042 0
0.453125 -0.385417 0
0.6125 -0.359375 0
0.6375 -0.348958 0
0.609375 -0.34375 0
0.621875 -0.338542 0
0.628125 -0.369792 0
0.640625 -0.364583 0
0.51875 -0.359375 0
0.48125 -0.348958 0
0.515625 -0.34375 0
0.496875 -0.338542 0
0.503125 -0.369792 0
0.484375 -0.364583 0
0.625 -0.0208333 0
0.625 0.0208333 0
0.609375 -0.0104167 0
0.609375 0.0104167 0
0.640625 -0.0104167 0
0.640625 0.0104167 0
0.5875 -0.0989583 0
0.5625 -0.109375 0
0.571875 -0.0885417 0
0.559375 -0.09375 0
0.590625 -0.114583 0
0.578125 -0.119792 0
0.671875 -0.0520833 0
0.703125 -0.03125 0
0.6875 -0.0625 0
0.703125 -0.0520833 0
0.671875 -0.03125 0
0.6875 -0.0208333 0
0.634375 -0.130208 0
0.640625 -0.161458 0
0.65 -0.140625 0
0.653125 -0.15625 0
0.621875 -0.135417 0
0.625 -0.151042 0
0.5875 0.0989583 0
0.5625 0.109375 0
0.571875 0.0885417 0
0.559375 0.09375 0
0.590625 0.114583 0
0.578125 0.119792 0
0.671875 0.0520833 0
0.703125 0.03125 0
0.6875 0.0625 0
0.703125 0.0520833 0
0.671875 0.03125 0
0.6875 0.0208333 0
0.634375 0.130208 0
0.640625 0.161458 0
0.65 0.140625 0
0.653125 0.15625 0
0.621875 0.135417 0
0.625 0.151042 0
0.43125 -0.0989583 0
0.46875 -0.109375 0
0.446875 -0.0885417 0
0.465625 -0.09375 0
0.434375 -0.114583 0
0.453125 -0.119792 0
0.375 -0.0208333 0
0.375 0.0208333 0
0.390625 -0.0104167 0
0.390625 0.0104167 0
0.359375 -0.0104167 0
0.359375 0.0104167 0
0.384375 -0.130208 0
0.390625 -0.161458 0
0.36875 -0.140625 0
0.371875 -0.15625 0
0.403125 -0.135417 0
0.40625 -0.151042 0
0.328125 -0.0520833 0
0.296875 -0.03125 0
0.3125 -0.0625 0
0.296875 -0.0520833 0
0.328125 -0.03125 0
0.3125 -0.0208333 0
0.571875 -0.15625 0
0.603125 -0.177083 0
0.575 -0.171875 0
0.590625 -0.182292 0
0.584375 -0.151042 0
0.6 -0.161458 0
0.478125 -0.15625 0
0.446875 -0.177083 0
0.48125 -0.171875 0
0.465625 -0.182292 0
0.459375 -0.151042 0
0.44375 -0.161458 0
0.46875 0.109375 0
0.43125 0.0989583 0
0.465625 0.09375 0
0.446875 0.0885417 0
0.453125 0.119792 0
0.434375 0.114583 0
0.571875 0.15625 0
0.603125 0.177083 0
0.575 0.171875 0
0.590625 0.182292 0
0.584375 0.151042 0
0.6 0.161458 0
0.478125 0.15625 0
0.446875 0.177083 0
0.48125 0.171875 0
0.465625 0.182292 0
0.459375 0.151042 0
0.44375 0.161458 0
0.328125 0.0520833 0
0.296875 0.03125 0
0.3125 0.0625 0
0.296875 0.0520833 0
0.328125 0.03125 0
0.3125 0.0208333 0
0.384375 0.130208 0
0.390625 0.161458 0
0.36875 0.140625 0
0.371875 0.15625 0
0.403125 0.135417 0
0.40625 0.151042 0
0.7 0.520833 0
0.7 0.5625 0
0.6875 0.526042 0
0.6875 0.546875 0
0.7125 0.536458 0
0.7125 0.557292 0
0.653125 0.427083 0
0.621875 0.40625 0
0.640625 0.432292 0
0.625 0.421875 0
0.65 0.411458 0
0.634375 0.401042 0
0.7375 0.505208 0
0.7625 0.536458 0
0.75 0.5 0
0.7625 0.515625 0
0.7375 0.526042 0
0.75 0.541667 0
0.690625 0.411458 0
0.684375 0.380208 0
0.703125 0.40625 0
0.7 0.390625 0
0.675 0.401042 0
0.671875 0.385417 0
0.6375 0.625 0
0.595833 0.625 0
0.625 0.609375 0
0.604167 0.609375 0
0.629167 0.640625 0
0.608333 0.640625 0
0.7375 0.609375 0
0.7625 0.598958 0
0.75 0.625 0
0.7625 0.619792 0
0.7375 0.588542 0
0.75 0.583333 0
0.675 0.671875 0
0.658333 0.703125 0
0.6875 0.6875 0
0.679167 0.703125 0
0.654167 0.671875 0
0.645833 0.6875 0
0.502083 0.5625 0
0.48125 0.520833 0
0.510417 0.546875 0
0.5 0.526042 0
0.483333 0.557292 0
0.472917 0.536458 0
0.570833 0.671875 0
0.595833 0.703125 0
0.5625 0.6875 0
0.575 0.703125 0
0.591667 0.671875 0
0.604167 0.6875 0
0.477083 0.609375 0
0.439583 0.598958 0
0.46875 0.625 0
0.45 0.619792 0
0.466667 0.588542 0
0.447917 0.583333 0
0.528125 0.40625 0
0.496875 0.427083 0
0.53125 0.421875 0
0.515625 0.432292 0
0.509375 0.401042 0
0.49375 0.411458 0
0.6125 0.359375 0
0.6375 0.348958 0
0.609375 0.34375 0
0.621875 0.338542 0
0.628125 0.369792 0
0.640625 0.364583 0
0.51875 0.359375 0
0.48125 0.348958 0
0.515625 0.34375 0
0.496875 0.338542 0
0.503125 0.369792 0
0.484375 0.364583 0
0.425 0.505208 0
0.408333 0.536458 0
0.40625 0.5 0
0.397917 0.515625 0
0.435417 0.526042 0
0.427083 0.541667 0
0.440625 0.411458 0
0.434375 0.380208 0
0.421875 0.40625 0
0.41875 0.390625 0
0.45625 0.401042 0
0.453125 0.385417 0
0.0208333 0.5 0
-0.0208333 0.5 0
0.0104167 0.479167 0
-0.0104167 0.479167 0
0.0104167 0.520833 0
-0.0104167 0.520833 0
0.108333 0.453125 0
0.125 0.421875 0
0.0979167 0.432292 0
0.10625 0.416667 0
0.127083 0.458333 0
0.135417 0.442708 0
0.0520833 0.5625 0
0.03125 0.604167 0
0.0625 0.583333 0
0.0520833 0.604167 0
0.03125 0.5625 0
0.0208333 0.583333 0
0.139583 0.515625 0
0.177083 0.526042 0
0.15 0.536458 0
0.16875 0.541667 0
0.147917 0.5 0
0.166667 0.505208 0
-0.108333 0.453125 0
-0.125 0.421875 0
-0.0979167 0.432292 0
-0.10625 0.416667 0
-0.127083 0.458333 0
-0.135417 0.442708 0
-0.0520833 0.5625 0
-0.03125 0.604167 0
-0.0625 0.583333 0
-0.0520833 0.604167 0
-0.03125 0.5625 0
-0.0208333 0.583333 0
-0.139583 0.515625 0
-0.177083 0.526042 0
-0.15 0.536458 0
-0.16875 0.541667 0
-0.147917 0.5 0
-0.166667 0.505208 0
0.046875 0.197917 0
0.078125 0.21875 0
0.046875 0.21875 0
0.0625 0.229167 0
0.0625 0.1875 0
0.078125 0.197917 0
-0.046875 0.197917 0
-0.078125 0.21875 0
-0.046875 0.21875 0
-0.0625 0.229167 0
-0.0625 0.1875 0
-0.078125 0.197917 0
0.046875 0.135417 0
0.078125 0.114583 0
0.046875 0.114583 0
0.0625 0.104167 0
0.0625 0.145833 0
0.078125 0.135417 0
-0.046875 0.135417 0
-0.078125 0.114583 0
-0.046875 0.114583 0
-0.0625 0.104167 0
-0.0625 0.145833 0
-0.078125 0.135417 0
0.134375 0.296875 0
0.140625 0.328125 0
0.11875 0.307292 0
0.121875 0.322917 0
0.153125 0.302083 0
0.15625 0.317708 0
0.125 0.1875 0
0.125 0.145833 0
0.140625 0.177083 0
0.140625 0.15625 0
0.109375 0.177083 0
0.109375 0.15625 0
0.18125 0.265625 0
0.21875 0.276042 0
0.196875 0.255208 0
0.215625 0.260417 0
0.184375 0.28125 0
0.203125 0.286458 0
0.18125 0.4375 0
0.202083 0.479167 0
0.2 0.442708 0
0.210417 0.463542 0
0.172917 0.453125 0
0.183333 0.473958 0
0.196875 0.34375 0
0.228125 0.322917 0
0.215625 0.348958 0
0.23125 0.338542 0
0.19375 0.328125 0
0.209375 0.317708 0
-0.140625 0.328125 0
-0.134375 0.296875 0
-0.121875 0.322917 0
-0.11875 0.307292 0
-0.15625 0.317708 0
-0.153125 0.302083 0
-0.18125 0.4375 0
-0.202083 0.479167 0
-0.2 0.442708 0
-0.210417 0.463542 0
-0.172917 0.453125 0
-0.183333 0.473958 0
-0.196875 0.34375 0
-0.228125 0.322917 0
-0.215625 0.348958 0
-0.23125 0.338542 0
-0.19375 0.328125 0
-0.209375 0.317708 0
-0.125 0.1875 0
-0.125 0.145833 0
-0.140625 0.177083 0
-0.140625 0.15625 0
-0.109375 0.177083 0
-0.109375 0.15625 0
-0.18125 0.265625 0
-0.21875 0.276042 0
-0.196875 0.255208 0
-0.215625 0.260417 0
-0.184375 0.28125 0
-0.203125 0.286458 0
-0.595833 0.625 0
-0.6375 0.625 0
-0.604167 0.609375 0
-0.625 0.609375 0
-0.608333 0.640625 0
-0.629167 0.640625 0
-0.502083 0.5625 0
-0.48125 0.520833 0
-0.510417 0.546875 0
-0.5 0.526042 0
-0.483333 0.557292 0
-0.472917 0.536458 0
-0.570833 0.671875 0
-0.595833 0.703125 0
-0.5625 0.6875 0
-0.575 0.703125 0
-0.591667 0.671875 0
-0.604167 0.6875 0
-0.477083 0.609375 0
-0.439583 0.598958 0
-0.46875 0.625 0
-0.45 0.619792 0
-0.466667 0.588542 0
-0.447917 0.583333 0
-0.7 0.5625 0
-0.7 0.520833 0
-0.6875 0.546875 0
-0.6875 0.526042 0
-0.7125 0.557292 0
-0.7125 0.536458 0
-0.675 0.671875 0
-0.658333 0.703125 0
-0.6875 0.6875 0
-0.679167 0.703125 0
-0.654167 0.671875 0
-0.645833 0.6875 0
-0.7375 0.609375 0
-0.7625 0.598958 0
-0.75 0.625 0
-0.7625 0.619792 0
-0.7375 0.588542 0
-0.75 0.583333 0
-0.653125 0.427083 0
-0.621875 0.40625 0
-0.640625 0.432292 0
-0.625 0.421875 0
-0.65 0.411458 0
-0.634375 0.401042 0
-0.7375 0.505208 0
-0.7625 0.536458 0
-0.75 0.5 0
-0.7625 0.515625 0
-0.7375 0.526042 0
-0.75 0.541667 0
-0.690625 0.411458 0
-0.684375 0.380208 0
-0.703125 0.40625 0
-0.7 0.390625 0
-0.675 0.401042 0
-0.671875 0.385417 0
-0.496875 0.427083 0
-0.528125 0.40625 0
-0.515625 0.432292 0
-0.53125 0.421875 0
-0.49375 0.411458 0
-0.509375 0.401042 0
-0.425 0.505208 0
-0.408333 0.536458 0
-0.40625 0.5 0
-0.397917 0.515625 0
-0.435417 0.526042 0
-0.427083 0.541667 0
-0.440625 0.411458 0
-0.434375 0.380208 0
-0.421875 0.40625 0
-0.41875 0.390625 0
-0.45625 0.401042 0
-0.453125 0.385417 0
-0.6125 0.359375 0
-0.6375 0.348958 0
-0.609375 0.34375 0
-0.621875 0.338542 0
-0.628125 0.369792 0
-0.640625 0.364583 0
-0.51875 0.359375 0
-0.48125 0.348958 0
-0.515625 0.34375 0
-0.496875 0.338542 0
-0.503125 0.369792 0
-0.484375 0.364583 0
-0.625 0.0208333 0
-0.625 -0.0208333 0
-0.609375 0.0104167 0
-0.609375 -0.0104167 0
-0.640625 0.0104167 0
-0.640625 -0.0104167 0
-0.5875 0.0989583 0
-0.5625 0.109375 0
-0.571875 0.0885417 0
-0.559375 0.09375 0
-0.590625 0.114583 0
-0.578125 0.119792 0
-0.671875 0.0520833 0
-0.703125 0.03125 0
-0.6875 0.0625 0
-0.703125 0.0520833 0
-0.671875 0.03125 0
-0.6875 0.0208333 0
-0.634375 0.130208 0
-0.640625 0.161458 0
-0.65 0.140625 0
-0.653125 0.15625 0
-0.621875 0.135417 0
-0.625 0.151042 0
-0.5875 -0.0989583 0
-0.5625 -0.109375 0
-0.571875 -0.0885417 0
-0.559375 -0.09375 0
-0.590625 -0.114583 0
-0.578125 -0.119792 0
-0.671875 -0.0520833 0
-0.703125 -0.03125 0
-0.6875 -0.0625 0
-0.703125 -0.0520833 0
-0.671875 -0.03125 0
-0.6875 -0.0208333 0
-0.634375 -0.130208 0
-0.640625 -0.161458 0
-0.65 -0.140625 0
-0.653125 -0.15625 0
-0.621875 -0.135417 0
-0.625 -0.151042 0
-0.46875 -0.109375 0
-0.43125 -0.0989583 0
-0.465625 -0.09375 0
-0.446875 -0.0885417 0
-0.453125 -0.119792 0
-0.434375 -0.114583 0
-0.571875 -0.15625 0
-0.603125 -0.177083 0
-0.575 -0.171875 0
-0.590625 -0.182292 0
-0.584375 -0.151042 0
-0.6 -0.161458 0
-0.478125 -0.15625 0
-0.446875 -0.177083 0
-0.48125 -0.171875 0
-0.465625 -0.182292 0
-0.459375 -0.151042 0
-0.44375 -0.161458 0
-0.375 -0.0208333 0
-0.375 0.0208333 0
-0.390625 -0.0104167 0
-0.390625 0.0104167 0
-0.359375 -0.0104167 0
-0.359375 0.0104167 0
-0.384375 -0.130208 0
-0.390625 -0.161458 0
-0.36875 -0.140625 0
-0.371875 -0.15625 0
-0.403125 -0.135417 0
-0.40625 -0.151042 0
-0.328125 -0.0520833 0
-0.296875 -0.03125 0
-0.3125 -0.0625 0
-0.296875 -0.0520833 0
-0.328125 -0.03125 0
-0.3125 -0.0208333 0
-0.43125 0.0989583 0
-0.46875 0.109375 0
-0.446875 0.0885417 0
-0.465625 0.09375 0
-0.434375 0.114583 0
-0.453125 0.119792 0
-0.328125 0.0520833 0
-0.296875 0.03125 0
-0.3125 0.0625 0
-0.296875 0.0520833 0
-0.328125 0.03125 0
-0.3125 0.0208333 0
-0.384375 0.130208 0
-0.390625 0.161458 0
-0.36875 0.140625 0
-0.371875 0.15625 0
-0.403125 0.135417 0
-0.40625 0.151042 0
-0.571875 0.15625 0
-0.603125 0.177083 0
-0.575 0.171875 0
-0.590625 0.182292 0
-0.584375 0.151042 0
-0.6 0.161458 0
-0.478125 0.15625 0
-0.446875 0.177083 0
-0.48125 0.171875 0
-0.465625 0.182292 0
-0.459375 0.151042 0
-0.44375 0.161458 0
-0.670833 -0.875 0
-0.629167 -0.875 0
-0.6625 -0.890625 0
-0.641667 -0.890625 0
-0.658333 -0.859375 0
-0.6375 -0.859375 0
-0.695833 -0.828125 0
-0.670833 -0.796875 0
-0.704167 -0.8125 0
-0.691667 -0.796875 0
-0.675 -0.828125 0
-0.6625 -0.8125 0
-0.591667 -0.828125 0
-0.608333 -0.796875 0
-0.579167 -0.8125 0
-0.5875 -0.796875 0
-0.6125 -0.828125 0
-0.620833 -0.8125 0
-0.9 -0.645833 0
-0.9 -0.604167 0
-0.9125 -0.640625 0
-0.9125 -0.619792 0
-0.8875 -0.630208 0
-0.8875 -0.609375 0
-0.8625 -0.661458 0
-0.8375 -0.630208 0
-0.85 -0.666667 0
-0.8375 -0.651042 0
-0.8625 -0.640625 0
-0.85 -0.625 0
-0.8625 -0.557292 0
-0.8375 -0.567708 0
-0.85 -0.541667 0
-0.8375 -0.546875 0
-0.8625 -0.578125 0
-0.85 -0.583333 0
-0.0208333 -0.833333 0
0.0208333 -0.833333 0
-0.0104167 -0.854167 0
0.0104167 -0.854167 0
-0.0104167 -0.8125 0
0.0104167 -0.8125 0
-0.0520833 -0.770833 0
-0.03125 -0.729167 0
-0.0625 -0.75 0
-0.0520833 -0.729167 0
-0.03125 -0.770833 0
-0.0208333 -0.75 0
0.0520833 -0.770833 0
0.03125 -0.729167 0
0.0625 -0.75 0
0.0520833 -0.729167 0
0.03125 -0.770833 0
0.0208333 -0.75 0
-0.341667 -0.661458 0
-0.358333 -0.630208 0
-0.360417 -0.666667 0
-0.36875 -0.651042 0
-0.33125 -0.640625 0
-0.339583 -0.625 0
-0.285417 -0.645833 0
-0.264583 -0.604167 0
-0.266667 -0.640625 0
-0.25625 -0.619792 0
-0.29375 -0.630208 0
-0.283333 -0.609375 0
-0.327083 -0.567708 0
-0.289583 -0.557292 0
-0.316667 -0.546875 0
-0.297917 -0.541667 0
-0.31875 -0.583333 0
-0.3 -0.578125 0
0.629167 -0.875 0
0.670833 -0.875 0
0.641667 -0.890625 0
0.6625 -0.890625 0
0.6375 -0.859375 0
0.658333 -0.859375 0
0.591667 -0.828125 0
0.608333 -0.796875 0
0.579167 -0.8125 0
0.5875 -0.796875 0
0.6125 -0.828125 0
0.620833 -0.8125 0
0.695833 -0.828125 0
0.670833 -0.796875 0
0.704167 -0.8125 0
0.691667 -0.796875 0
0.675 -0.828125 0
0.6625 -0.8125 0
0.285417 -0.645833 0
0.264583 -0.604167 0
0.266667 -0.640625 0
0.25625 -0.619792 0
0.29375 -0.630208 0
0.283333 -0.609375 0
0.341667 -0.661458 0
0.358333 -0.630208 0
0.360417 -0.666667 0
0.36875 -0.651042 0
0.33125 -0.640625 0
0.339583 -0.625 0
0.289583 -0.557292 0
0.327083 -0.567708 0
0.297917 -0.541667 0
0.316667 -0.546875 0
0.3 -0.578125 0
0.31875 -0.583333 0
0.9 -0.645833 0
0.9 -0.604167 0
0.9125 -0.640625 0
0.9125 -0.619792 0
0.8875 -0.630208 0
0.8875 -0.609375 0
0.8625 -0.661458 0
0.8375 -0.630208 0
0.85 -0.666667 0
0.8375 -0.651042 0
0.8625 -0.640625 0
0.85 -0.625 0
0.8625 -0.557292 0
0.8375 -0.567708 0
0.85 -0.541667 0
0.8375 -0.546875 0
0.8625 -0.578125 0
0.85 -0.583333 0
0.875 -0.0208333 0
0.875 0.0208333 0
0.890625 -0.0104167 0
0.890625 0.0104167 0
0.859375 -0.0104167 0
0.859375 0.0104167 0
0.828125 -0.0520833 0
0.796875 -0.03125 0
0.8125 -0.0625 0
0.796875 -0.0520833 0
0.828125 -0.03125 0
0.8125 -0.0208333 0
0.828125 0.0520833 0
0.796875 0.03125 0
0.8125 0.0625 0
0.796875 0.0520833 0
0.828125 0.03125 0
0.8125 0.0208333 0
0.7375 -0.307292 0
0.7125 -0.317708 0
0.740625 -0.322917 0
0.728125 -0.328125 0
0.721875 -0.296875 0
0.709375 -0.302083 0
0.728125 -0.260417 0
0.696875 -0.239583 0
0.725 -0.244792 0
0.709375 -0.234375 0
0.715625 -0.265625 0
0.7 -0.255208 0
0.665625 -0.286458 0
0.659375 -0.255208 0
0.65 -0.276042 0
0.646875 -0.260417 0
0.678125 -0.28125 0
0.675 -0.265625 0
0.9 0.604167 0
0.9 0.645833 0
0.9125 0.619792 0
0.9125 0.640625 0
0.8875 0.609375 0
0.8875 0.630208 0
0.8625 0.557292 0
0.8375 0.567708 0
0.85 0.541667 0
0.8375 0.546875 0
0.8625 0.578125 0
0.85 0.583333 0
0.8625 0.661458 0
0.8375 0.630208 0
0.85 0.666667 0
0.8375 0.651042 0
0.8625 0.640625 0
0.85 0.625 0
0.728125 0.260417 0
0.696875 0.239583 0
0.725 0.244792 0
0.709375 0.234375 0
0.715625 0.265625 0
0.7 0.255208 0
0.7375 0.307292 0
0.7125 0.317708 0
0.740625 0.322917 0
0.728125 0.328125 0
0.721875 0.296875 0
0.709375 0.302083 0
0.659375 0.255208 0
0.665625 0.286458 0
0.646875 0.260417 0
0.65 0.276042 0
0.675 0.265625 0
0.678125 0.28125 0
0.670833 0.875 0
0.629167 0.875 0
0.6625 0.890625 0
0.641667 0.890625 0
0.658333 0.859375 0
0.6375 0.859375 0
0.695833 0.828125 0
0.670833 0.796875 0
0.704167 0.8125 0
0.691667 0.796875 0
0.675 0.828125 0
0.6625 0.8125 0
0.591667 0.828125 0
0.608333 0.796875 0
0.579167 0.8125 0
0.5875 0.796875 0
0.6125 0.828125 0
0.620833 0.8125 0
0.0208333 0.833333 0
-0.0208333 0.833333 0
0.0104167 0.854167 0
-0.0104167 0.854167 0
0.0104167 0.8125 0
-0.0104167 0.8125 0
0.0520833 0.770833 0
0.03125 0.729167 0
0.0625 0.75 0
0.0520833 0.729167 0
0.03125 0.770833 0
0.0208333 0.75 0
-0.0520833 0.770833 0
-0.03125 0.729167 0
-0.0625 0.75 0
-0.0520833 0.729167 0
-0.03125 0.770833 0
-0.0208333 0.75 0
0.341667 0.661458 0
0.358333 0.630208 0
0.360417 0.666667 0
0.36875 0.651042 0
0.33125 0.640625 0
0.339583 0.625 0
0.285417 0.645833 0
0.264583 0.604167 0
0.266667 0.640625 0
0.25625 0.619792 0
0.29375 0.630208 0
0.283333 0.609375 0
0.327083 0.567708 0
0.289583 0.557292 0
0.316667 0.546875 0
0.297917 0.541667 0
0.31875 0.583333 0
0.3 0.578125 0
-0.629167 0.875 0
-0.670833 0.875 0
-0.641667 0.890625 0
-0.6625 0.890625 0
-0.6375 0.859375 0
-0.658333 0.859375 0
-0.591667 0.828125 0
-0.608333 0.796875 0
-0.579167 0.8125 0
-0.5875 0.796875 0
-0.6125 0.828125 0
-0.620833 0.8125 0
-0.695833 0.828125 0
-0.670833 0.796875 0
-0.704167 0.8125 0
-0.691667 0.796875 0
-0.675 0.828125 0
-0.6625 0.8125 0
-0.285417 0.645833 0
-0.264583 0.604167 0
-0.266667 0.640625 0
-0.25625 0.619792 0
-0.29375 0.630208 0
-0.283333 0.609375 0
-0.341667 0.661458 0
-0.358333 0.630208 0
-0.360417 0.666667 0
-0.36875 0.651042 0
-0.33125 0.640625 0
-0.339583 0.625 0
-0.289583 0.557292 0
-0.327083 0.567708 0
-0.297917 0.541667 0
-0.316667 0.546875 0
-0.3 0.578125 0
-0.31875 0.583333 0
-0.9 0.645833 0
-0.9 0.604167 0
-0.9125 0.640625 0
-0.9125 0.619792 0
-0.8875 0.630208 0
-0.8875 0.609375 0
-0.8625 0.661458 0
-0.8375 0.630208 0
-0.85 0.666667 0
-0.8375 0.651042 0
-0.8625 0.640625 0
-0.85 0.625 0
-0.8625 0.557292 0
-0.8375 0.567708 0
-0.85 0.541667 0
-0.8375 0.546875 0
-0.8625 0.578125 0
-0.85 0.583333 0
-0.875 0.0208333 0
-0.875 -0.0208333 0
-0.890625 0.0104167 0
-0.890625 -0.0104167 0
-0.859375 0.0104167 0
-0.859375 -0.0104167 0
-0.828125 0.0520833 0
-0.796875 0.03125 0
-0.8125 0.0625 0
-0.796875 0.0520833 0
-0.828125 0.03125 0
-0.8125 0.0208333 0
-0.828125 -0.0520833 0
-0.796875 -0.03125 0
-0.8125 -0.0625 0
-0.796875 -0.0520833 0
-0.828125 -0.03125 0
-0.8125 -0.0208333 0
-0.7375 0.307292 0
-0.7125 0.317708 0
-0.740625 0.322917 0
-0.728125 0.328125 0
-0.721875 0.296875 0
-0.709375 0.302083 0
-0.728125 0.260417 0
-0.696875 0.239583 0
-0.725 0.244792 0
-0.709375 0.234375 0
-0.715625 0.265625 0
-0.7 0.255208 0
-0.665625 0.286458 0
-0.659375 0.255208 0
-0.65 0.276042 0
-0.646875 0.260417 0
-0.678125 0.28125 0
-0.675 0.265625 0
-0.7375 -0.307292 0
-0.7125 -0.317708 0
-0.740625 -0.322917 0
-0.728125 -0.328125 0
-0.721875 -0.296875 0
-0.709375 -0.302083 0
-0.728125 -0.260417 0
-0.696875 -0.239583 0
-0.725 -0.244792 0
-0.709375 -0.234375 0
-0.715625 -0.265625 0
-0.7 -0.255208 0
-0.665625 -0.286458 0
-0.659375 -0.255208 0
-0.65 -0.276042 0
-0.646875 -0.260417 0
-0.678125 -0.28125 0
-0.675 -0.265625 0
-0.36875 -0.317708 0
-0.33125 -0.307292 0
-0.353125 -0.328125 0
-0.334375 -0.322917 0
-0.365625 -0.302083 0
-0.346875 -0.296875 0
-0.415625 -0.286458 0
-0.409375 -0.255208 0
-0.43125 -0.276042 0
-0.428125 -0.260417 0
-0.396875 -0.28125 0
-0.39375 -0.265625 0
-0.321875 -0.260417 0
-0.353125 -0.239583 0
-0.31875 -0.244792 0
-0.334375 -0.234375 0
-0.340625 -0.265625 0
-0.35625 -0.255208 0
0.33125 -0.307292 0
0.36875 -0.317708 0
0.334375 -0.322917 0
0.353125 -0.328125 0
0.346875 -0.296875 0
0.365625 -0.302083 0
0.321875 -0.260417 0
0.353125 -0.239583 0
0.31875 -0.244792 0
0.334375 -0.234375 0
0.340625 -0.265625 0
0.35625 -0.255208 0
0.415625 -0.286458 0
0.409375 -0.255208 0
0.43125 -0.276042 0
0.428125 -0.260417 0
0.396875 -0.28125 0
0.39375 -0.265625 0
0.171875 -0.0520833 0
0.203125 -0.03125 0
0.1875 -0.0625 0
0.203125 -0.0520833 0
0.171875 -0.03125 0
0.1875 -0.0208333 0
0.125 -0.0208333 0
0.125 0.0208333 0
0.109375 -0.0104167 0
0.109375 0.0104167 0
0.140625 -0.0104167 0
0.140625 0.0104167 0
0.203125 0.03125 0
0.171875 0.0520833 0
0.203125 0.0520833 0
0.1875 0.0625 0
0.1875 0.0208333 0
0.171875 0.03125 0
-0.125 -0.0208333 0
-0.125 0.0208333 0
-0.109375 -0.0104167 0
-0.109375 0.0104167 0
-0.140625 -0.0104167 0
-0.140625 0.0104167 0
-0.171875 -0.0520833 0
-0.203125 -0.03125 0
-0.1875 -0.0625 0
-0.203125 -0.0520833 0
-0.171875 -0.03125 0
-0.1875 -0.0208333 0
-0.171875 0.0520833 0
-0.203125 0.03125 0
-0.1875 0.0625 0
-0.203125 0.0520833 0
-0.171875 0.03125 0
-0.1875 0.0208333 0
0.409375 0.255208 0
0.415625 0.286458 0
0.428125 0.260417 0
0.43125 0.276042 0
0.39375 0.265625 0
0.396875 0.28125 0
0.353125 0.239583 0
0.321875 0.260417 0
0.334375 0.234375 0
0.31875 0.244792 0
0.35625 0.255208 0
0.340625 0.265625 0
0.36875 0.317708 0
0.33125 0.307292 0
0.353125 0.328125 0
0.334375 0.322917 0
0.365625 0.302083 0
0.346875 0.296875 0
-0.33125 0.307292 0
-0.36875 0.317708 0
-0.334375 0.322917 0
-0.353125 0.328125 0
-0.346875 0.296875 0
-0.365625 0.302083 0
-0.321875 0.260417 0
-0.353125 0.239583 0
-0.31875 0.244792 0
-0.334375 0.234375 0
-0.340625 0.265625 0
-0.35625 0.255208 0
-0.415625 0.286458 0
-0.409375 0.255208 0
-0.43125 0.276042 0
-0.428125 0.260417 0
-0.396875 0.28125 0
-0.39375 0.265625 0
-0.966667 -0.984375 0
-0.945833 -0.984375 0
-0.9875 -0.963542 0
-0.9875 -0.942708 0
-0.954167 -0.96875 0
-0.975 -0.947917 0
-0.3625 -0.984375 0
-0.383333 -0.984375 0
-0.302083 -0.979167 0
-0.28125 -0.979167 0
-0.33125 -0.963542 0
-0.370833 -0.96875 0
-0.339583 -0.947917 0
-0.291667 -0.958333 0
-0.320833 -0.942708 0
0.302083 -0.979167 0
0.28125 -0.979167 0
0.3625 -0.984375 0
0.383333 -0.984375 0
0.33125 -0.963542 0
0.291667 -0.958333 0
0.320833 -0.942708 0
0.370833 -0.96875 0
0.339583 -0.947917 0
0.966667 -0.984375 0
0.945833 -0.984375 0
0.9875 -0.963542 0
0.9875 -0.942708 0
0.954167 -0.96875 0
0.975 -0.947917 0
0.9875 -0.359375 0
0.9875 -0.380208 0
0.984375 -0.302083 0
0.984375 -0.28125 0
0.971875 -0.328125 0
0.975 -0.364583 0
0.959375 -0.333333 0
0.96875 -0.291667 0
0.95625 -0.317708 0
0.984375 0.302083 0
0.984375 0.28125 0
0.9875 0.359375 0
0.9875 0.380208 0
0.971875 0.328125 0
0.96875 0.291667 0
0.95625 0.317708 0
0.975 0.364583 0
0.959375 0.333333 0
0.9875 0.963542 0
0.9875 0.942708 0
0.966667 0.984375 0
0.945833 0.984375 0
0.975 0.947917 0
0.954167 0.96875 0
0.3625 0.984375 0
0.383333 0.984375 0
0.302083 0.979167 0
0.28125 0.979167 0
0.33125 0.963542 0
0.370833 0.96875 0
0.339583 0.947917 0
0.291667 0.958333 0
0.320833 0.942708 0
-0.302083 0.979167 0
-0.28125 0.979167 0
-0.3625 0.984375 0
-0.383333 0.984375 0
-0.33125 0.963542 0
-0.291667 0.958333 0
-0.320833 0.942708 0
-0.370833 0.96875 0
-0.339583 0.947917 0
-0.966667 0.984375 0
-0.945833 0.984375 0
-0.9875 0.963542 0
-0.9875 0.942708 0
-0.954167 0.96875 0
-0.975 0.947917 0
-0.9875 0.359375 0
-0.9875 0.380208 0
-0.984375 0.302083 0
-0.984375 0.28125 0
-0.971875 0.328125 0
-0.975 0.364583 0
-0.959375 0.333333 0
-0.96875 0.291667 0
-0.95625 0.317708 0
-0.9875 -0.359375 0
-0.9875 -0.380208 0
-0.984375 -0.302083 0
-0.984375 -0.28125 0
-0.971875 -0.328125 0
-0.975 -0.364583 0
-0.959375 -0.333333 0
-0.96875 -0.291667 0
-0.95625 -0.317708 0
-0.604167 -0.53125 0
-0.625 -0.510417 0
-0.616667 -0.546875 0
-0.6375 -0.526042 0
-0.572917 -0.510417 0
-0.595833 -0.546875 0
-0.564583 -0.526042 0
-0.609375 -0.479167 0
-0.6375 -0.505208 0
-0.621875 -0.473958 0
-0.578125 -0.479167 0
-0.554167 -0.505208 0
-0.559375 -0.473958 0
-0.60625 -0.463542 0
-0.575 -0.463542 0
0 -0.375 0
-0.0291667 -0.359375 0
-0.0104167 -0.395833 0
-0.0395833 -0.380208 0
0.0291667 -0.359375 0
0.0104167 -0.395833 0
0.0395833 -0.380208 0
-0.034375 -0.328125 0
-0.0479167 -0.364583 0
-0.053125 -0.333333 0
0.034375 -0.328125 0
0.0479167 -0.364583 0
0.053125 -0.333333 0
0.015625 -0.302083 0
0.05 -0.317708 0
0.03125 -0.291667 0
-0.015625 -0.302083 0
0.015625 -0.28125 0
-0.015625 -0.28125 0
-0.05 -0.317708 0
-0.03125 -0.291667 0
0.604167 -0.53125 0
0.572917 -0.510417 0
0.595833 -0.546875 0
0.564583 -0.526042 0
0.625 -0.510417 0
0.616667 -0.546875 0
0.6375 -0.526042 0
0.609375 -0.479167 0
0.6375 -0.505208 0
0.621875 -0.473958 0
0.578125 -0.479167 0
0.554167 -0.505208 0
0.559375 -0.473958 0
0.60625 -0.463542 0
0.575 -0.463542 0
0.53125 0 0
0.51875 -0.0260417 0
0.546875 -0.0104167 0
0.534375 -0.0364583 0
0.51875 0.0260417 0
0.546875 0.0104167 0
0.534375 0.0364583 0
0.4875 -0.0260417 0
0.46875 0 0
0.471875 -0.0364583 0
0.453125 -0.0104167 0
0.521875 -0.0416667 0
0.490625 -0.0416667 0
0.4875 0.0260417 0
0.521875 0.0416667 0
0.490625 0.0416667 0
0.453125 0.0104167 0
0.471875 0.0364583 0
0.625 0.510417 0
0.609375 0.479167 0
0.6375 0.505208 0
0.621875 0.473958 0
0.604167 0.53125 0
0.6375 0.526042 0
0.616667 0.546875 0
0.572917 0.510417 0
0.595833 0.546875 0
0.564583 0.526042 0
0.578125 0.479167 0
0.60625 0.463542 0
0.575 0.463542 0
0.554167 0.505208 0
0.559375 0.473958 0
0 0.375 0
0.0291667 0.359375 0
0.0104167 0.395833 0
0.0395833 0.380208 0
-0.0291667 0.359375 0
-0.0104167 0.395833 0
-0.0395833 0.380208 0
0.015625 0.302083 0
-0.015625 0.302083 0
0.015625 0.28125 0
-0.015625 0.28125 0
0.034375 0.328125 0
0.03125 0.291667 0
0.05 0.317708 0
0.0479167 0.364583 0
0.053125 0.333333 0
-0.034375 0.328125 0
-0.0479167 0.364583 0
-0.053125 0.333333 0
-0.03125 0.291667 0
-0.05 0.317708 0
-0.604167 0.53125 0
-0.572917 0.510417 0
-0.595833 0.546875 0
-0.564583 0.526042 0
-0.625 0.510417 0
-0.616667 0.546875 0
-0.6375 0.526042 0
-0.609375 0.479167 0
-0.6375 0.505208 0
-0.621875 0.473958 0
-0.578125 0.479167 0
-0.554167 0.505208 0
-0.559375 0.473958 0
-0.60625 0.463542 0
-0.575 0.463542 0
-0.53125 0 0
-0.51875 0.0260417 0
-0.546875 0.0104167 0
-0.534375 0.0364583 0
-0.51875 -0.0260417 0
-0.546875 -0.0104167 0
-0.534375 -0.0364583 0
-0.4875 -0.0260417 0
-0.521875 -0.0416667 0
-0.490625 -0.0416667 0
-0.46875 0 0
-0.471875 -0.0364583 0
-0.453125 -0.0104167 0
-0.4875 0.0260417 0
-0.453125 0.0104167 0
-0.471875 0.0364583 0
-0.521875 0.0416667 0
-0.490625 0.0416667 0
-0.695833 -0.984375 0
-0.716667 -0.984375 0
-0.633333 -0.984375 0
-0.6125 -0.984375 0
-0.6625 -0.96875 0
-0.704167 -0.96875 0
-0.670833 -0.953125 0
-0.620833 -0.96875 0
-0.65 -0.953125 0
-0.9875 -0.692708 0
-0.9875 -0.713542 0
-0.9875 -0.630208 0
-0.9875 -0.609375 0
-0.975 -0.65625 0
-0.975 -0.697917 0
-0.9625 -0.661458 0
-0.975 -0.614583 0
-0.9625 -0.640625 0
-0.804167 -0.78125 0
-0.825 -0.760417 0
-0.816667 -0.796875 0
-0.8375 -0.776042 0
-0.766667 -0.734375 0
-0.7875 -0.713542 0
-0.754167 -0.71875 0
-0.775 -0.697917 0
-0.770833 -0.765625 0
-0.795833 -0.796875 0
-0.7625 -0.78125 0
-0.8125 -0.723958 0
-0.8375 -0.755208 0
-0.825 -0.71875 0
-0.745833 -0.734375 0
-0.75 -0.765625 0
-0.7875 -0.692708 0
-0.8125 -0.703125 0
-0.03125 -0.979167 0
-0.0520833 -0.979167 0
0.03125 -0.979167 0
0.0520833 -0.979167 0
0 -0.958333 0
-0.0416667 -0.958333 0
-0.0104167 -0.9375 0
0.0416667 -0.958333 0
0.0104167 -0.9375 0
-0.470833 -0.78125 0
-0.439583 -0.760417 0
-0.4625 -0.796875 0
-0.43125 -0.776042 0
-0.495833 -0.734375 0
-0.464583 -0.713542 0
-0.504167 -0.71875 0
-0.472917 -0.697917 0
-0.5 -0.765625 0
-0.483333 -0.796875 0
-0.5125 -0.78125 0
-0.516667 -0.734375 0
-0.520833 -0.765625 0
-0.4375 -0.723958 0
-0.420833 -0.755208 0
-0.41875 -0.71875 0
-0.454167 -0.692708 0
-0.427083 -0.703125 0
-0.166667 -0.708333 0
-0.195833 -0.692708 0
-0.177083 -0.729167 0
-0.20625 -0.713542 0
-0.135417 -0.645833 0
-0.164583 -0.630208 0
-0.125 -0.625 0
-0.154167 -0.609375 0
-0.135417 -0.6875 0
-0.15625 -0.729167 0
-0.125 -0.708333 0
-0.19375 -0.65625 0
-0.214583 -0.697917 0
-0.2125 -0.661458 0
-0.114583 -0.645833 0
-0.114583 -0.6875 0
-0.172917 -0.614583 0
-0.202083 -0.640625 0
0.633333 -0.984375 0
0.6125 -0.984375 0
0.695833 -0.984375 0
0.716667 -0.984375 0
0.6625 -0.96875 0
0.620833 -0.96875 0
0.65 -0.953125 0
0.704167 -0.96875 0
0.670833 -0.953125 0
0.166667 -0.708333 0
0.195833 -0.692708 0
0.177083 -0.729167 0
0.20625 -0.713542 0
0.135417 -0.645833 0
0.164583 -0.630208 0
0.125 -0.625 0
0.154167 -0.609375 0
0.135417 -0.6875 0
0.15625 -0.729167 0
0.125 -0.708333 0
0.114583 -0.645833 0
0.114583 -0.6875 0
0.19375 -0.65625 0
0.214583 -0.697917 0
0.2125 -0.661458 0
0.172917 -0.614583 0
0.202083 -0.640625 0
0.470833 -0.78125 0
0.439583 -0.760417 0
0.4625 -0.796875 0
0.43125 -0.776042 0
0.495833 -0.734375 0
0.464583 -0.713542 0
0.504167 -0.71875 0
0.472917 -0.697917 0
0.5 -0.765625 0
0.483333 -0.796875 0
0.5125 -0.78125 0
0.4375 -0.723958 0
0.420833 -0.755208 0
0.41875 -0.71875 0
0.516667 -0.734375 0
0.520833 -0.765625 0
0.454167 -0.692708 0
0.427083 -0.703125 0
0.9875 -0.692708 0
0.9875 -0.713542 0
0.9875 -0.630208 0
0.9875 -0.609375 0
0.975 -0.65625 0
0.975 -0.697917 0
0.9625 -0.661458 0
0.975 -0.614583 0
0.9625 -0.640625 0
0.804167 -0.78125 0
0.825 -0.760417 0
0.816667 -0.796875 0
0.8375 -0.776042 0
0.766667 -0.734375 0
0.7875 -0.713542 0
0.754167 -0.71875 0
0.775 -0.697917 0
0.770833 -0.765625 0
0.795833 -0.796875 0
0.7625 -0.78125 0
0.745833 -0.734375 0
0.75 -0.765625 0
0.8125 -0.723958 0
0.8375 -0.755208 0
0.825 -0.71875 0
0.7875 -0.692708 0
0.8125 -0.703125 0
0.984375 -0.03125 0
0.984375 -0.0520833 0
0.984375 0.03125 0
0.984375 0.0520833 0
0.96875 0 0
0.96875 -0.0416667 0
0.953125 -0.0104167 0
0.96875 0.0416667 0
0.953125 0.0104167 0
0.825 -0.427083 0
0.809375 -0.395833 0
0.8375 -0.421875 0
0.821875 -0.390625 0
0.7875 -0.442708 0
0.771875 -0.411458 0
0.775 -0.447917 0
0.759375 -0.416667 0
0.8125 -0.453125 0
0.8375 -0.442708 0
0.825 -0.46875 0
0.7875 -0.463542 0
0.8125 -0.473958 0
0.78125 -0.390625 0
0.80625 -0.380208 0
0.778125 -0.375 0
0.75625 -0.401042 0
0.765625 -0.380208 0
0.78125 -0.166667 0
0.76875 -0.192708 0
0.796875 -0.177083 0
0.784375 -0.203125 0
0.734375 -0.135417 0
0.721875 -0.161458 0
0.71875 -0.125 0
0.70625 -0.151042 0
0.765625 -0.135417 0
0.796875 -0.15625 0
0.78125 -0.125 0
0.740625 -0.1875 0
0.771875 -0.208333 0
0.74375 -0.203125 0
0.734375 -0.114583 0
0.765625 -0.114583 0
0.709375 -0.166667 0
0.728125 -0.192708 0
0.9875 0.630208 0
0.9875 0.609375 0
0.9875 0.692708 0
0.9875 0.713542 0
0.975 0.65625 0
0.975 0.614583 0
0.9625 0.640625 0
0.975 0.697917 0
0.9625 0.661458 0
0.78125 0.166667 0
0.76875 0.192708 0
0.796875 0.177083 0
0.784375 0.203125 0
0.734375 0.135417 0
0.721875 0.161458 0
0.71875 0.125 0
0.70625 0.151042 0
0.765625 0.135417 0
0.796875 0.15625 0
0.78125 0.125 0
0.734375 0.114583 0
0.765625 0.114583 0
0.740625 0.1875 0
0.771875 0.208333 0
0.74375 0.203125 0
0.709375 0.166667 0
0.728125 0.192708 0
0.825 0.427083 0
0.809375 0.395833 0
0.8375 0.421875 0
0.821875 0.390625 0
0.7875 0.442708 0
0.771875 0.411458 0
0.775 0.447917 0
0.759375 0.416667 0
0.8125 0.453125 0
0.8375 0.442708 0
0.825 0.46875 0
0.78125 0.390625 0
0.80625 0.380208 0
0.778125 0.375 0
0.7875 0.463542 0
0.8125 0.473958 0
0.75625 0.401042 0
0.765625 0.380208 0
0.695833 0.984375 0
0.716667 0.984375 0
0.633333 0.984375 0
0.6125 0.984375 0
0.6625 0.96875 0
0.704167 0.96875 0
0.670833 0.953125 0
0.620833 0.96875 0
0.65 0.953125 0
0.825 0.760417 0
0.804167 0.78125 0
0.8375 0.776042 0
0.816667 0.796875 0
0.7875 0.713542 0
0.766667 0.734375 0
0.775 0.697917 0
0.754167 0.71875 0
0.8125 0.723958 0
0.8375 0.755208 0
0.825 0.71875 0
0.7875 0.692708 0
0.8125 0.703125 0
0.770833 0.765625 0
0.795833 0.796875 0
0.7625 0.78125 0
0.745833 0.734375 0
0.75 0.765625 0
0.03125 0.979167 0
0.0520833 0.979167 0
-0.03125 0.979167 0
-0.0520833 0.979167 0
0 0.958333 0
0.0416667 0.958333 0
0.0104167 0.9375 0
-0.0416667 0.958333 0
-0.0104167 0.9375 0
0.470833 0.78125 0
0.439583 0.760417 0
0.4625 0.796875 0
0.43125 0.776042 0
0.495833 0.734375 0
0.464583 0.713542 0
0.504167 0.71875 0
0.472917 0.697917 0
0.5 0.765625 0
0.483333 0.796875 0
0.5125 0.78125 0
0.516667 0.734375 0
0.520833 0.765625 0
0.4375 0.723958 0
0.420833 0.755208 0
0.41875 0.71875 0
0.454167 0.692708 0
0.427083 0.703125 0
0.166667 0.708333 0
0.195833 0.692708 0
0.177083 0.729167 0
0.20625 0.713542 0
0.135417 0.645833 0
0.164583 0.630208 0
0.125 0.625 0
0.154167 0.609375 0
0.135417 0.6875 0
0.15625 0.729167 0
0.125 0.708333 0
0.19375 0.65625 0
0.214583 0.697917 0
0.2125 0.661458 0
0.114583 0.645833 0
0.114583 0.6875 0
0.172917 0.614583 0
0.202083 0.640625 0
-0.633333 0.984375 0
-0.6125 0.984375 0
-0.695833 0.984375 0
-0.716667 0.984375 0
-0.6625 0.96875 0
-0.620833 0.96875 0
-0.65 0.953125 0
-0.704167 0.96875 0
-0.670833 0.953125 0
-0.166667 0.708333 0
-0.195833 0.692708 0
-0.177083 0.729167 0
-0.20625 0.713542 0
-0.135417 0.645833 0
-0.164583 0.630208 0
-0.125 0.625 0
-0.154167 0.609375 0
-0.135417 0.6875 0
-0.15625 0.729167 0
-0.125 0.708333 0
-0.114583 0.645833 0
-0.114583 0.6875 0
-0.19375 0.65625 0
-0.214583 0.697917 0
-0.2125 0.661458 0
-0.172917 0.614583 0
-0.202083 0.640625 0
-0.470833 0.78125 0
-0.439583 0.760417 0
-0.4625 0.796875 0
-0.43125 0.776042 0
-0.495833 0.734375 0
-0.464583 0.713542 0
-0.504167 0.71875 0
-0.472917 0.697917 0
-0.5 0.765625 0
-0.483333 0.796875 0
-0.5125 0.78125 0
-0.4375 0.723958 0
-0.420833 0.755208 0
-0.41875 0.71875 0
-0.516667 0.734375 0
-0.520833 0.765625 0
-0.454167 0.692708 0
-0.427083 0.703125 0
-0.9875 0.692708 0
-0.9875 0.713542 0
-0.9875 0.630208 0
-0.9875 0.609375 0
-0.975 0.65625 0
-0.975 0.697917 0
-0.9625 0.661458 0
-0.975 0.614583 0
-0.9625 0.640625 0
-0.804167 0.78125 0
-0.825 0.760417 0
-0.816667 0.796875 0
-0.8375 0.776042 0
-0.766667 0.734375 0
-0.7875 0.713542 0
-0.754167 0.71875 0
-0.775 0.697917 0
-0.770833 0.765625 0
-0.795833 0.796875 0
-0.7625 0.78125 0
-0.745833 0.734375 0
-0.75 0.765625 0
-0.8125 0.723958 0
-0.8375 0.755208 0
-0.825 0.71875 0
-0.7875 0.692708 0
-0.8125 0.703125 0
-0.984375 0.03125 0
-0.984375 0.0520833 0
-0.984375 -0.03125 0
-0.984375 -0.0520833 0
-0.96875 0 0
-0.96875 0.0416667 0
-0.953125 0.0104167 0
-0.96875 -0.0416667 0
-0.953125 -0.0104167 0
-0.825 0.427083 0
-0.809375 0.395833 0
-0.8375 0.421875 0
-0.821875 0.390625 0
-0.7875 0.442708 0
-0.771875 0.411458 0
-0.775 0.447917 0
-0.759375 0.416667 0
-0.8125 0.453125 0
-0.8375 0.442708 0
-0.825 0.46875 0
-0.7875 0.463542 0
-0.8125 0.473958 0
-0.78125 0.390625 0
-0.80625 0.380208 0
-0.778125 0.375 0
-0.75625 0.401042 0
-0.765625 0.380208 0
-0.78125 0.166667 0
-0.76875 0.192708 0
-0.796875 0.177083 0
-0.784375 0.203125 0
-0.734375 0.135417 0
-0.721875 0.161458 0
-0.71875 0.125 0
-0.70625 0.151042 0
-0.765625 0.135417 0
-0.796875 0.15625 0
-0.78125 0.125 0
-0.740625 0.1875 0
-0.771875 0.208333 0
-0.74375 0.203125 0
-0.734375 0.114583 0
-0.765625 0.114583 0
-0.709375 0.166667 0
-0.728125 0.192708 0
-0.825 -0.427083 0
-0.809375 -0.395833 0
-0.8375 -0.421875 0
-0.821875 -0.390625 0
-0.7875 -0.442708 0
-0.771875 -0.411458 0
-0.775 -0.447917 0
-0.759375 -0.416667 0
-0.8125 -0.453125 0
-0.8375 -0.442708 0
-0.825 -0.46875 0
-0.7875 -0.463542 0
-0.8125 -0.473958 0
-0.78125 -0.390625 0
-0.80625 -0.380208 0
-0.778125 -0.375 0
-0.75625 -0.401042 0
-0.765625 -0.380208 0
-0.78125 -0.166667 0
-0.76875 -0.192708 0
-0.796875 -0.177083 0
-0.784375 -0.203125 0
-0.734375 -0.135417 0
-0.721875 -0.161458 0
-0.71875 -0.125 0
-0.70625 -0.151042 0
-0.765625 -0.135417 0
-0.796875 -0.15625 0
-0.78125 -0.125 0
-0.734375 -0.114583 0
-0.765625 -0.114583 0
-0.740625 -0.1875 0
-0.771875 -0.208333 0
-0.74375 -0.203125 0
-0.709375 -0.166667 0
-0.728125 -0.192708 0
-0.329167 -0.442708 0
-0.334375 -0.411458 0
-0.347917 -0.447917 0
-0.353125 -0.416667 0
-0.272917 -0.427083 0
-0.278125 -0.395833 0
-0.254167 -0.421875 0
-0.259375 -0.390625 0
-0.302083 -0.453125 0
-0.339583 -0.463542 0
-0.3125 -0.473958 0
-0.264583 -0.442708 0
-0.29375 -0.46875 0
-0.3125 -0.390625 0
-0.35 -0.401042 0
-0.328125 -0.380208 0
-0.275 -0.380208 0
-0.309375 -0.375 0
-0.56875 -0.276042 0
-0.5375 -0.276042 0
-0.571875 -0.291667 0
-0.540625 -0.291667 0
-0.559375 -0.229167 0
-0.528125 -0.229167 0
-0.55625 -0.213542 0
-0.525 -0.213542 0
-0.578125 -0.255208 0
-0.584375 -0.286458 0
-0.59375 -0.265625 0
-0.571875 -0.223958 0
-0.590625 -0.25 0
-0.515625 -0.255208 0
-0.521875 -0.286458 0
-0.5 -0.265625 0
-0.509375 -0.223958 0
-0.496875 -0.25 0
0.272917 -0.427083 0
0.278125 -0.395833 0
0.254167 -0.421875 0
0.259375 -0.390625 0
0.329167 -0.442708 0
0.334375 -0.411458 0
0.347917 -0.447917 0
0.353125 -0.416667 0
0.302083 -0.453125 0
0.264583 -0.442708 0
0.29375 -0.46875 0
0.339583 -0.463542 0
0.3125 -0.473958 0
0.3125 -0.390625 0
0.275 -0.380208 0
0.309375 -0.375 0
0.35 -0.401042 0
0.328125 -0.380208 0
0.2375 -0.192708 0
0.21875 -0.166667 0
0.221875 -0.203125 0
0.203125 -0.177083 0
0.284375 -0.161458 0
0.265625 -0.135417 0
0.3 -0.151042 0
0.28125 -0.125 0
0.271875 -0.1875 0
0.240625 -0.208333 0
0.275 -0.203125 0
0.234375 -0.135417 0
0.203125 -0.15625 0
0.21875 -0.125 0
0.303125 -0.166667 0
0.290625 -0.192708 0
0.265625 -0.114583 0
0.234375 -0.114583 0
0.015625 -0.03125 0
-0.015625 -0.03125 0
0.015625 -0.0520833 0
-0.015625 -0.0520833 0
0.015625 0.03125 0
-0.015625 0.03125 0
0.015625 0.0520833 0
-0.015625 0.0520833 0
0.03125 0 0
0.03125 -0.0416667 0
0.046875 -0.0104167 0
-0.03125 0 0
-0.03125 -0.0416667 0
-0.046875 -0.0104167 0
0.03125 0.0416667 0
0.046875 0.0104167 0
-0.03125 0.0416667 0
-0.046875 0.0104167 0
-0.2375 -0.192708 0
-0.21875 -0.166667 0
-0.221875 -0.203125 0
-0.203125 -0.177083 0
-0.284375 -0.161458 0
-0.265625 -0.135417 0
-0.3 -0.151042 0
-0.28125 -0.125 0
-0.271875 -0.1875 0
-0.240625 -0.208333 0
-0.275 -0.203125 0
-0.303125 -0.166667 0
-0.290625 -0.192708 0
-0.234375 -0.135417 0
-0.203125 -0.15625 0
-0.21875 -0.125 0
-0.265625 -0.114583 0
-0.234375 -0.114583 0
0.56875 -0.276042 0
0.5375 -0.276042 0
0.571875 -0.291667 0
0.540625 -0.291667 0
0.559375 -0.229167 0
0.528125 -0.229167 0
0.55625 -0.213542 0
0.525 -0.213542 0
0.578125 -0.255208 0
0.584375 -0.286458 0
0.59375 -0.265625 0
0.571875 -0.223958 0
0.590625 -0.25 0
0.515625 -0.255208 0
0.521875 -0.286458 0
0.5 -0.265625 0
0.509375 -0.223958 0
0.496875 -0.25 0
0.559375 0.229167 0
0.528125 0.229167 0
0.55625 0.213542 0
0.525 0.213542 0
0.56875 0.276042 0
0.5375 0.276042 0
0.571875 0.291667 0
0.540625 0.291667 0
0.578125 0.255208 0
0.571875 0.223958 0
0.590625 0.25 0
0.584375 0.286458 0
0.59375 0.265625 0
0.515625 0.255208 0
0.509375 0.223958 0
0.496875 0.25 0
0.521875 0.286458 0
0.5 0.265625 0
0.265625 0.135417 0
0.284375 0.161458 0
0.28125 0.125 0
0.3 0.151042 0
0.21875 0.166667 0
0.2375 0.192708 0
0.203125 0.177083 0
0.221875 0.203125 0
0.234375 0.135417 0
0.265625 0.114583 0
0.234375 0.114583 0
0.203125 0.15625 0
0.21875 0.125 0
0.271875 0.1875 0
0.303125 0.166667 0
0.290625 0.192708 0
0.240625 0.208333 0
0.275 0.203125 0
0.329167 0.442708 0
0.334375 0.411458 0
0.347917 0.447917 0
0.353125 0.416667 0
0.272917 0.427083 0
0.278125 0.395833 0
0.254167 0.421875 0
0.259375 0.390625 0
0.302083 0.453125 0
0.339583 0.463542 0
0.3125 0.473958 0
0.264583 0.442708 0
0.29375 0.46875 0
0.3125 0.390625 0
0.35 0.401042 0
0.328125 0.380208 0
0.275 0.380208 0
0.309375 0.375 0
-0.272917 0.427083 0
-0.278125 0.395833 0
-0.254167 0.421875 0
-0.259375 0.390625 0
-0.329167 0.442708 0
-0.334375 0.411458 0
-0.347917 0.447917 0
-0.353125 0.416667 0
-0.302083 0.453125 0
-0.264583 0.442708 0
-0.29375 0.46875 0
-0.339583 0.463542 0
-0.3125 0.473958 0
-0.3125 0.390625 0
-0.275 0.380208 0
-0.309375 0.375 0
-0.35 0.401042 0
-0.328125 0.380208 0
-0.21875 0.166667 0
-0.2375 0.192708 0
-0.203125 0.177083 0
-0.221875 0.203125 0
-0.265625 0.135417 0
-0.284375 0.161458 0
-0.28125 0.125 0
-0.3 0.151042 0
-0.234375 0.135417 0
-0.203125 0.15625 0
-0.21875 0.125 0
-0.265625 0.114583 0
-0.234375 0.114583 0
-0.271875 0.1875 0
-0.240625 0.208333 0
-0.275 0.203125 0
-0.303125 0.166667 0
-0.290625 0.192708 0
-0.56875 0.276042 0
-0.5375 0.276042 0
-0.571875 0.291667 0
-0.540625 0.291667 0
-0.559375 0.229167 0
-0.528125 0.229167 0
-0.55625 0.213542 0
-0.525 0.213542 0
-0.578125 0.255208 0
-0.584375 0.286458 0
-0.59375 0.265625 0
-0.571875 0.223958 0
-0.590625 0.25 0
-0.515625 0.255208 0
-0.521875 0.286458 0
-0.5 0.265625 0
-0.509375 0.223958 0
-0.496875 0.25 0
-0.8625 -0.984375 0
-0.883333 -0.984375 0
-0.8 -0.984375 0
-0.779167 -0.984375 0
-0.829167 -0.96875 0
-0.870833 -0.96875 0
-0.8375 -0.953125 0
-0.7875 -0.96875 0
-0.816667 -0.953125 0
-0.9875 -0.859375 0
-0.9875 -0.880208 0
-0.9875 -0.796875 0
-0.9875 -0.776042 0
-0.975 -0.822917 0
-0.975 -0.864583 0
-0.9625 -0.828125 0
-0.975 -0.78125 0
-0.9625 -0.807292 0
-0.904167 -0.90625 0
-0.925 -0.885417 0
-0.916667 -0.921875 0
-0.9375 -0.901042 0
-0.866667 -0.859375 0
-0.8875 -0.838542 0
-0.854167 -0.84375 0
-0.875 -0.822917 0
-0.870833 -0.890625 0
-0.895833 -0.921875 0
-0.8625 -0.90625 0
-0.9125 -0.848958 0
-0.9375 -0.880208 0
-0.925 -0.84375 0
-0.845833 -0.859375 0
-0.85 -0.890625 0
-0.8875 -0.817708 0
-0.9125 -0.828125 0
-0.466667 -0.984375 0
-0.445833 -0.984375 0
-0.529167 -0.984375 0
-0.55 -0.984375 0
-0.495833 -0.96875 0
-0.454167 -0.96875 0
-0.483333 -0.953125 0
-0.5375 -0.96875 0
-0.504167 -0.953125 0
-0.197917 -0.979167 0
-0.21875 -0.979167 0
-0.135417 -0.979167 0
-0.114583 -0.979167 0
-0.166667 -0.958333 0
-0.208333 -0.958333 0
-0.177083 -0.9375 0
-0.125 -0.958333 0
-0.15625 -0.9375 0
-0.404167 -0.90625 0
-0.372917 -0.885417 0
-0.395833 -0.921875 0
-0.364583 -0.901042 0
-0.429167 -0.859375 0
-0.397917 -0.838542 0
-0.4375 -0.84375 0
-0.40625 -0.822917 0
-0.433333 -0.890625 0
-0.416667 -0.921875 0
-0.445833 -0.90625 0
-0.370833 -0.848958 0
-0.354167 -0.880208 0
-0.352083 -0.84375 0
-0.45 -0.859375 0
-0.454167 -0.890625 0
-0.3875 -0.817708 0
-0.360417 -0.828125 0
-0.25 -0.875 0
-0.279167 -0.859375 0
-0.260417 -0.895833 0
-0.289583 -0.880208 0
-0.21875 -0.8125 0
-0.247917 -0.796875 0
-0.208333 -0.791667 0
-0.2375 -0.776042 0
-0.21875 -0.854167 0
-0.239583 -0.895833 0
-0.208333 -0.875 0
-0.277083 -0.822917 0
-0.297917 -0.864583 0
-0.295833 -0.828125 0
-0.197917 -0.8125 0
-0.197917 -0.854167 0
-0.25625 -0.78125 0
-0.285417 -0.807292 0
0.197917 -0.979167 0
0.21875 -0.979167 0
0.135417 -0.979167 0
0.114583 -0.979167 0
0.166667 -0.958333 0
0.208333 -0.958333 0
0.177083 -0.9375 0
0.125 -0.958333 0
0.15625 -0.9375 0
0.466667 -0.984375 0
0.445833 -0.984375 0
0.529167 -0.984375 0
0.55 -0.984375 0
0.495833 -0.96875 0
0.454167 -0.96875 0
0.483333 -0.953125 0
0.5375 -0.96875 0
0.504167 -0.953125 0
0.25 -0.875 0
0.279167 -0.859375 0
0.260417 -0.895833 0
0.289583 -0.880208 0
0.21875 -0.8125 0
0.247917 -0.796875 0
0.208333 -0.791667 0
0.2375 -0.776042 0
0.21875 -0.854167 0
0.239583 -0.895833 0
0.208333 -0.875 0
0.277083 -0.822917 0
0.297917 -0.864583 0
0.295833 -0.828125 0
0.197917 -0.8125 0
0.197917 -0.854167 0
0.25625 -0.78125 0
0.285417 -0.807292 0
0.404167 -0.90625 0
0.372917 -0.885417 0
0.395833 -0.921875 0
0.364583 -0.901042 0
0.429167 -0.859375 0
0.397917 -0.838542 0
0.4375 -0.84375 0
0.40625 -0.822917 0
0.433333 -0.890625 0
0.416667 -0.921875 0
0.445833 -0.90625 0
0.370833 -0.848958 0
0.354167 -0.880208 0
0.352083 -0.84375 0
0.45 -0.859375 0
0.454167 -0.890625 0
0.3875 -0.817708 0
0.360417 -0.828125 0
0.8625 -0.984375 0
0.883333 -0.984375 0
0.8 -0.984375 0
0.779167 -0.984375 0
0.829167 -0.96875 0
0.870833 -0.96875 0
0.8375 -0.953125 0
0.7875 -0.96875 0
0.816667 -0.953125 0
0.9875 -0.859375 0
0.9875 -0.880208 0
0.9875 -0.796875 0
0.9875 -0.776042 0
0.975 -0.822917 0
0.975 -0.864583 0
0.9625 -0.828125 0
0.975 -0.78125 0
0.9625 -0.807292 0
0.904167 -0.90625 0
0.925 -0.885417 0
0.916667 -0.921875 0
0.9375 -0.901042 0
0.866667 -0.859375 0
0.8875 -0.838542 0
0.854167 -0.84375 0
0.875 -0.822917 0
0.870833 -0.890625 0
0.895833 -0.921875 0
0.8625 -0.90625 0
0.9125 -0.848958 0
0.9375 -0.880208 0
0.925 -0.84375 0
0.845833 -0.859375 0
0.85 -0.890625 0
0.8875 -0.817708 0
0.9125 -0.828125 0
0.9875 -0.463542 0
0.9875 -0.442708 0
0.9875 -0.526042 0
0.9875 -0.546875 0
0.975 -0.489583 0
0.975 -0.447917 0
0.9625 -0.473958 0
0.975 -0.53125 0
0.9625 -0.494792 0
0.984375 -0.197917 0
0.984375 -0.21875 0
0.984375 -0.135417 0
0.984375 -0.114583 0
0.96875 -0.166667 0
0.96875 -0.208333 0
0.953125 -0.177083 0
0.96875 -0.125 0
0.953125 -0.15625 0
0.925 -0.385417 0
0.909375 -0.354167 0
0.9375 -0.380208 0
0.921875 -0.348958 0
0.8875 -0.401042 0
0.871875 -0.369792 0
0.875 -0.40625 0
0.859375 -0.375 0
0.9125 -0.411458 0
0.9375 -0.401042 0
0.925 -0.427083 0
0.88125 -0.348958 0
0.90625 -0.338542 0
0.878125 -0.333333 0
0.8875 -0.421875 0
0.9125 -0.432292 0
0.85625 -0.359375 0
0.865625 -0.338542 0
0.90625 -0.25 0
0.89375 -0.276042 0
0.921875 -0.260417 0
0.909375 -0.286458 0
0.859375 -0.21875 0
0.846875 -0.244792 0
0.84375 -0.208333 0
0.83125 -0.234375 0
0.890625 -0.21875 0
0.921875 -0.239583 0
0.90625 -0.208333 0
0.865625 -0.270833 0
0.896875 -0.291667 0
0.86875 -0.286458 0
0.859375 -0.197917 0
0.890625 -0.197917 0
0.834375 -0.25 0
0.853125 -0.276042 0
0.984375 0.197917 0
0.984375 0.21875 0
0.984375 0.135417 0
0.984375 0.114583 0
0.96875 0.166667 0
0.96875 0.208333 0
0.953125 0.177083 0
0.96875 0.125 0
0.953125 0.15625 0
0.9875 0.463542 0
0.9875 0.442708 0
0.9875 0.526042 0
0.9875 0.546875 0
0.975 0.489583 0
0.975 0.447917 0
0.9625 0.473958 0
0.975 0.53125 0
0.9625 0.494792 0
0.90625 0.25 0
0.89375 0.276042 0
0.921875 0.260417 0
0.909375 0.286458 0
0.859375 0.21875 0
0.846875 0.244792 0
0.84375 0.208333 0
0.83125 0.234375 0
0.890625 0.21875 0
0.921875 0.239583 0
0.90625 0.208333 0
0.865625 0.270833 0
0.896875 0.291667 0
0.86875 0.286458 0
0.859375 0.197917 0
0.890625 0.197917 0
0.834375 0.25 0
0.853125 0.276042 0
0.925 0.385417 0
0.909375 0.354167 0
0.9375 0.380208 0
0.921875 0.348958 0
0.8875 0.401042 0
0.871875 0.369792 0
0.875 0.40625 0
0.859375 0.375 0
0.9125 0.411458 0
0.9375 0.401042 0
0.925 0.427083 0
0.88125 0.348958 0
0.90625 0.338542 0
0.878125 0.333333 0
0.8875 0.421875 0
0.9125 0.432292 0
0.85625 0.359375 0
0.865625 0.338542 0
0.9875 0.859375 0
0.9875 0.880208 0
0.9875 0.796875 0
0.9875 0.776042 0
0.975 0.822917 0
0.975 0.864583 0
0.9625 0.828125 0
0.975 0.78125 0
0.9625 0.807292 0
0.8625 0.984375 0
0.883333 0.984375 0
0.8 0.984375 0
0.779167 0.984375 0
0.829167 0.96875 0
0.870833 0.96875 0
0.8375 0.953125 0
0.7875 0.96875 0
0.816667 0.953125 0
0.925 0.885417 0
0.904167 0.90625 0
0.9375 0.901042 0
0.916667 0.921875 0
0.8875 0.838542 0
0.866667 0.859375 0
0.875 0.822917 0
0.854167 0.84375 0
0.9125 0.848958 0
0.9375 0.880208 0
0.925 0.84375 0
0.870833 0.890625 0
0.895833 0.921875 0
0.8625 0.90625 0
0.8875 0.817708 0
0.9125 0.828125 0
0.845833 0.859375 0
0.85 0.890625 0
0.466667 0.984375 0
0.445833 0.984375 0
0.529167 0.984375 0
0.55 0.984375 0
0.495833 0.96875 0
0.454167 0.96875 0
0.483333 0.953125 0
0.5375 0.96875 0
0.504167 0.953125 0
0.197917 0.979167 0
0.21875 0.979167 0
0.135417 0.979167 0
0.114583 0.979167 0
0.166667 0.958333 0
0.208333 0.958333 0
0.177083 0.9375 0
0.125 0.958333 0
0.15625 0.9375 0
0.404167 0.90625 0
0.372917 0.885417 0
0.395833 0.921875 0
0.364583 0.901042 0
0.429167 0.859375 0
0.397917 0.838542 0
0.4375 0.84375 0
0.40625 0.822917 0
0.433333 0.890625 0
0.416667 0.921875 0
0.445833 0.90625 0
0.370833 0.848958 0
0.354167 0.880208 0
0.352083 0.84375 0
0.45 0.859375 0
0.454167 0.890625 0
0.3875 0.817708 0
0.360417 0.828125 0
0.25 0.875 0
0.279167 0.859375 0
0.260417 0.895833 0
0.289583 0.880208 0
0.21875 0.8125 0
0.247917 0.796875 0
0.208333 0.791667 0
0.2375 0.776042 0
0.21875 0.854167 0
0.239583 0.895833 0
0.208333 0.875 0
0.277083 0.822917 0
0.297917 0.864583 0
0.295833 0.828125 0
0.197917 0.8125 0
0.197917 0.854167 0
0.25625 0.78125 0
0.285417 0.807292 0
-0.197917 0.979167 0
-0.21875 0.979167 0
-0.135417 0.979167 0
-0.114583 0.979167 0
-0.166667 0.958333 0
-0.208333 0.958333 0
-0.177083 0.9375 0
-0.125 0.958333 0
-0.15625 0.9375 0
-0.466667 0.984375 0
-0.445833 0.984375 0
-0.529167 0.984375 0
-0.55 0.984375 0
-0.495833 0.96875 0
-0.454167 0.96875 0
-0.483333 0.953125 0
-0.5375 0.96875 0
-0.504167 0.953125 0
-0.25 0.875 0
-0.279167 0.859375 0
-0.260417 0.895833 0
-0.289583 0.880208 0
-0.21875 0.8125 0
-0.247917 0.796875 0
-0.208333 0.791667 0
-0.2375 0.776042 0
-0.21875 0.854167 0
-0.239583 0.895833 0
-0.208333 0.875 0
-0.277083 0.822917 0
-0.297917 0.864583 0
-0.295833 0.828125 0
-0.197917 0.8125 0
-0.197917 0.854167 0
-0.25625 0.78125 0
-0.285417 0.807292 0
-0.404167 0.90625 0
-0.372917 0.885417 0
-0.395833 0.921875 0
-0.364583 0.901042 0
-0.429167 0.859375 0
-0.397917 0.838542 0
-0.4375 0.84375 0
-0.40625 0.822917 0
-0.433333 0.890625 0
-0.416667 0.921875 0
-0.445833 0.90625 0
-0.370833 0.848958 0
-0.354167 0.880208 0
-0.352083 0.84375 0
-0.45 0.859375 0
-0.454167 0.890625 0
-0.3875 0.817708 0
-0.360417 0.828125 0
-0.8625 0.984375 0
-0.883333 0.984375 0
-0.8 0.984375 0
-0.779167 0.984375 0
-0.829167 0.96875 0
-0.870833 0.96875 0
-0.8375 0.953125 0
-0.7875 0.96875 0
-0.816667 0.953125 0
-0.9875 0.859375 0
-0.9875 0.880208 0
-0.9875 0.796875 0
-0.9875 0.776042 0
-0.975 0.822917 0
-0.975 0.864583 0
-0.9625 0.828125 0
-0.975 0.78125 0
-0.9625 0.807292 0
-0.904167 0.90625 0
-0.925 0.885417 0
-0.916667 0.921875 0
-0.9375 0.901042 0
-0.866667 0.859375 0
-0.8875 0.838542 0
-0.854167 0.84375 0
-0.875 0.822917 0
-0.870833 0.890625 0
-0.895833 0.921875 0
-0.8625 0.90625 0
-0.9125 0.848958 0
-0.9375 0.880208 0
-0.925 0.84375 0
-0.845833 0.859375 0
-0.85 0.890625 0
-0.8875 0.817708 0
-0.9125 0.828125 0
-0.9875 0.463542 0
-0.9875 0.442708 0
-0.9875 0.526042 0
-0.9875 0.546875 0
-0.975 0.489583 0
-0.975 0.447917 0
-0.9625 0.473958 0
-0.975 0.53125 0
-0.9625 0.494792 0
-0.984375 0.197917 0
-0.984375 0.21875 0
-0.984375 0.135417 0
-0.984375 0.114583 0
-0.96875 0.166667 0
-0.96875 0.208333 0
-0.953125 0.177083 0
-0.96875 0.125 0
-0.953125 0.15625 0
-0.925 0.385417 0
-0.909375 0.354167 0
-0.9375 0.380208 0
-0.921875 0.348958 0
-0.8875 0.401042 0
-0.871875 0.369792 0
-0.875 0.40625 0
-0.859375 0.375 0
-0.9125 0.411458 0
-0.9375 0.401042 0
-0.925 0.427083 0
-0.88125 0.348958 0
-0.90625 0.338542 0
-0.878125 0.333333 0
-0.8875 0.421875 0
-0.9125 0.432292 0
-0.85625 0.359375 0
-0.865625 0.338542 0
-0.90625 0.25 0
-0.89375 0.276042 0
-0.921875 0.260417 0
-0.909375 0.286458 0
-0.859375 0.21875 0
-0.846875 0.244792 0
-0.84375 0.208333 0
-0.83125 0.234375 0
-0.890625 0.21875 0
-0.921875 0.239583 0
-0.90625 0.208333 0
-0.865625 0.270833 0
-0.896875 0.291667 0
-0.86875 0.286458 0
-0.859375 0.197917 0
-0.890625 0.197917 0
-0.834375 0.25 0
-0.853125 0.276042 0
-0.9875 -0.463542 0
-0.9875 -0.442708 0
-0.9875 -0.526042 0
-0.9875 -0.546875 0
-0.975 -0.489583 0
-0.975 -0.447917 0
-0.9625 -0.473958 0
-0.975 -0.53125 0
-0.9625 -0.494792 0
-0.984375 -0.197917 0
-0.984375 -0.21875 0
-0.984375 -0.135417 0
-0.984375 -0.114583 0
-0.96875 -0.166667 0
-0.96875 -0.208333 0
-0.953125 -0.177083 0
-0.96875 -0.125 0
-0.953125 -0.15625 0
-0.925 -0.385417 0
-0.909375 -0.354167 0
-0.9375 -0.380208 0
-0.921875 -0.348958 0
-0.8875 -0.401042 0
-0.871875 -0.369792 0
-0.875 -0.40625 0
-0.859375 -0.375 0
-0.9125 -0.411458 0
-0.9375 -0.401042 0
-0.925 -0.427083 0
-0.88125 -0.348958 0
-0.90625 -0.338542 0
-0.878125 -0.333333 0
-0.8875 -0.421875 0
-0.9125 -0.432292 0
-0.85625 -0.359375 0
-0.865625 -0.338542 0
-0.90625 -0.25 0
-0.89375 -0.276042 0
-0.921875 -0.260417 0
-0.909375 -0.286458 0
-0.859375 -0.21875 0
-0.846875 -0.244792 0
-0.84375 -0.208333 0
-0.83125 -0.234375 0
-0.890625 -0.21875 0
-0.921875 -0.239583 0
-0.90625 -0.208333 0
-0.865625 -0.270833 0
-0.896875 -0.291667 0
-0.86875 -0.286458 0
-0.859375 -0.197917 0
-0.890625 -0.197917 0
-0.834375 -0.25 0
-0.853125 -0.276042 0
-0.666667 -0.609375 0
-0.6875 -0.588542 0
-0.654167 -0.59375 0
-0.675 -0.572917 0
-0.704167 -0.65625 0
-0.725 -0.635417 0
-0.716667 -0.671875 0
-0.7375 -0.651042 0
-0.670833 -0.640625 0
-0.645833 -0.609375 0
-0.65 -0.640625 0
-0.7125 -0.598958 0
-0.6875 -0.567708 0
-0.7125 -0.578125 0
-0.695833 -0.671875 0
-0.6625 -0.65625 0
-0.7375 -0.630208 0
-0.725 -0.59375 0
-0.5625 -0.609375 0
-0.53125 -0.588542 0
-0.570833 -0.59375 0
-0.539583 -0.572917 0
-0.5375 -0.65625 0
-0.50625 -0.635417 0
-0.529167 -0.671875 0
-0.497917 -0.651042 0
-0.566667 -0.640625 0
-0.583333 -0.609375 0
-0.5875 -0.640625 0
-0.504167 -0.598958 0
-0.520833 -0.567708 0
-0.49375 -0.578125 0
-0.55 -0.671875 0
-0.579167 -0.65625 0
-0.4875 -0.630208 0
-0.485417 -0.59375 0
-0.6875 -0.484375 0
-0.671875 -0.453125 0
-0.675 -0.489583 0
-0.659375 -0.458333 0
-0.725 -0.46875 0
-0.709375 -0.4375 0
-0.7375 -0.463542 0
-0.721875 -0.432292 0
-0.7125 -0.494792 0
-0.6875 -0.505208 0
-0.7125 -0.515625 0
-0.68125 -0.432292 0
-0.65625 -0.442708 0
-0.665625 -0.421875 0
-0.7375 -0.484375 0
-0.725 -0.510417 0
-0.70625 -0.421875 0
-0.678125 -0.416667 0
-0.479167 -0.484375 0
-0.484375 -0.453125 0
-0.497917 -0.489583 0
-0.503125 -0.458333 0
-0.422917 -0.46875 0
-0.428125 -0.4375 0
-0.404167 -0.463542 0
-0.409375 -0.432292 0
-0.452083 -0.494792 0
-0.489583 -0.505208 0
-0.4625 -0.515625 0
-0.4625 -0.432292 0
-0.5 -0.442708 0
-0.478125 -0.421875 0
-0.414583 -0.484375 0
-0.44375 -0.510417 0
-0.425 -0.421875 0
-0.459375 -0.416667 0
-0.59375 -0.401042 0
-0.5625 -0.401042 0
-0.596875 -0.416667 0
-0.565625 -0.416667 0
-0.584375 -0.354167 0
-0.553125 -0.354167 0
-0.58125 -0.338542 0
-0.55 -0.338542 0
-0.603125 -0.380208 0
-0.609375 -0.411458 0
-0.61875 -0.390625 0
-0.540625 -0.380208 0
-0.546875 -0.411458 0
-0.525 -0.390625 0
-0.596875 -0.348958 0
-0.615625 -0.375 0
-0.534375 -0.348958 0
-0.521875 -0.375 0
-0.0520833 -0.479167 0
-0.08125 -0.463542 0
-0.0416667 -0.458333 0
-0.0708333 -0.442708 0
-0.0833334 -0.541667 0
-0.1125 -0.526042 0
-0.09375 -0.5625 0
-0.122917 -0.546875 0
-0.0520833 -0.520833 0
-0.03125 -0.479167 0
-0.03125 -0.520833 0
-0.110417 -0.489583 0
-0.0895833 -0.447917 0
-0.11875 -0.473958 0
-0.0729167 -0.5625 0
-0.0416667 -0.541667 0
-0.13125 -0.53125 0
-0.129167 -0.494792 0
0.0520833 -0.479167 0
0.08125 -0.463542 0
0.0416667 -0.458333 0
0.0708333 -0.442708 0
0.0833334 -0.541667 0
0.1125 -0.526042 0
0.09375 -0.5625 0
0.122917 -0.546875 0
0.0520833 -0.520833 0
0.03125 -0.479167 0
0.03125 -0.520833 0
0.110417 -0.489583 0
0.0895833 -0.447917 0
0.11875 -0.473958 0
0.0729167 -0.5625 0
0.0416667 -0.541667 0
0.13125 -0.53125 0
0.129167 -0.494792 0
-0.122917 -0.385417 0
-0.128125 -0.354167 0
-0.104167 -0.380208 0
-0.109375 -0.348958 0
-0.179167 -0.401042 0
-0.184375 -0.369792 0
-0.197917 -0.40625 0
-0.203125 -0.375 0
-0.152083 -0.411458 0
-0.114583 -0.401042 0
-0.14375 -0.427083 0
-0.1625 -0.348958 0
-0.125 -0.338542 0
-0.159375 -0.333333 0
-0.189583 -0.421875 0
-0.1625 -0.432292 0
-0.2 -0.359375 0
-0.178125 -0.338542 0
0.122917 -0.385417 0
0.128125 -0.354167 0
0.104167 -0.380208 0
0.109375 -0.348958 0
0.179167 -0.401042 0
0.184375 -0.369792 0
0.197917 -0.40625 0
0.203125 -0.375 0
0.152083 -0.411458 0
0.114583 -0.401042 0
0.14375 -0.427083 0
0.1625 -0.348958 0
0.125 -0.338542 0
0.159375 -0.333333 0
0.189583 -0.421875 0
0.1625 -0.432292 0
0.2 -0.359375 0
0.178125 -0.338542 0
0.1125 -0.276042 0
0.09375 -0.25 0
0.096875 -0.286458 0
0.078125 -0.260417 0
0.159375 -0.244792 0
0.140625 -0.21875 0
0.175 -0.234375 0
0.15625 -0.208333 0
0.146875 -0.270833 0
0.115625 -0.291667 0
0.15 -0.286458 0
0.109375 -0.21875 0
0.078125 -0.239583 0
0.09375 -0.208333 0
0.178125 -0.25 0
0.165625 -0.276042 0
0.140625 -0.197917 0
0.109375 -0.197917 0
0.015625 -0.197917 0
-0.015625 -0.197917 0
0.015625 -0.21875 0
-0.015625 -0.21875 0
0.015625 -0.135417 0
-0.015625 -0.135417 0
0.015625 -0.114583 0
-0.015625 -0.114583 0
0.03125 -0.166667 0
0.03125 -0.208333 0
0.046875 -0.177083 0
-0.03125 -0.166667 0
-0.03125 -0.208333 0
-0.046875 -0.177083 0
0.03125 -0.125 0
0.046875 -0.15625 0
-0.03125 -0.125 0
-0.046875 -0.15625 0
-0.1125 -0.276042 0
-0.09375 -0.25 0
-0.096875 -0.286458 0
-0.078125 -0.260417 0
-0.159375 -0.244792 0
-0.140625 -0.21875 0
-0.175 -0.234375 0
-0.15625 -0.208333 0
-0.146875 -0.270833 0
-0.115625 -0.291667 0
-0.15 -0.286458 0
-0.109375 -0.21875 0
-0.078125 -0.239583 0
-0.09375 -0.208333 0
-0.178125 -0.25 0
-0.165625 -0.276042 0
-0.140625 -0.197917 0
-0.109375 -0.197917 0
0.5625 -0.609375 0
0.53125 -0.588542 0
0.570833 -0.59375 0
0.539583 -0.572917 0
0.5375 -0.65625 0
0.50625 -0.635417 0
0.529167 -0.671875 0
0.497917 -0.651042 0
0.566667 -0.640625 0
0.583333 -0.609375 0
0.5875 -0.640625 0
0.504167 -0.598958 0
0.520833 -0.567708 0
0.49375 -0.578125 0
0.55 -0.671875 0
0.579167 -0.65625 0
0.4875 -0.630208 0
0.485417 -0.59375 0
0.666667 -0.609375 0
0.6875 -0.588542 0
0.654167 -0.59375 0
0.675 -0.572917 0
0.704167 -0.65625 0
0.725 -0.635417 0
0.716667 -0.671875 0
0.7375 -0.651042 0
0.670833 -0.640625 0
0.645833 -0.609375 0
0.65 -0.640625 0
0.7125 -0.598958 0
0.6875 -0.567708 0
0.7125 -0.578125 0
0.695833 -0.671875 0
0.6625 -0.65625 0
0.7375 -0.630208 0
0.725 -0.59375 0
0.6875 -0.484375 0
0.671875 -0.453125 0
0.675 -0.489583 0
0.659375 -0.458333 0
0.725 -0.46875 0
0.709375 -0.4375 0
0.7375 -0.463542 0
0.721875 -0.432292 0
0.7125 -0.494792 0
0.6875 -0.505208 0
0.7125 -0.515625 0
0.68125 -0.432292 0
0.65625 -0.442708 0
0.665625 -0.421875 0
0.7375 -0.484375 0
0.725 -0.510417 0
0.70625 -0.421875 0
0.678125 -0.416667 0
0.479167 -0.484375 0
0.484375 -0.453125 0
0.497917 -0.489583 0
0.503125 -0.458333 0
0.422917 -0.46875 0
0.428125 -0.4375 0
0.404167 -0.463542 0
0.409375 -0.432292 0
0.452083 -0.494792 0
0.489583 -0.505208 0
0.4625 -0.515625 0
0.4625 -0.432292 0
0.5 -0.442708 0
0.478125 -0.421875 0
0.414583 -0.484375 0
0.44375 -0.510417 0
0.425 -0.421875 0
0.459375 -0.416667 0
0.59375 -0.401042 0
0.5625 -0.401042 0
0.596875 -0.416667 0
0.565625 -0.416667 0
0.584375 -0.354167 0
0.553125 -0.354167 0
0.58125 -0.338542 0
0.55 -0.338542 0
0.603125 -0.380208 0
0.609375 -0.411458 0
0.61875 -0.390625 0
0.540625 -0.380208 0
0.546875 -0.411458 0
0.525 -0.390625 0
0.596875 -0.348958 0
0.615625 -0.375 0
0.534375 -0.348958 0
0.521875 -0.375 0
0.609375 -0.0520833 0
0.596875 -0.078125 0
0.59375 -0.0416667 0
0.58125 -0.0677083 0
0.65625 -0.0833334 0
0.64375 -0.109375 0
0.671875 -0.09375 0
0.659375 -0.119792 0
0.640625 -0.0520833 0
0.609375 -0.03125 0
0.640625 -0.03125 0
0.615625 -0.104167 0
0.584375 -0.0833333 0
0.603125 -0.109375 0
0.671875 -0.0729167 0
0.65625 -0.0416667 0
0.646875 -0.125 0
0.61875 -0.119792 0
0.609375 0.0520833 0
0.596875 0.078125 0
0.59375 0.0416667 0
0.58125 0.0677083 0
0.65625 0.0833334 0
0.64375 0.109375 0
0.671875 0.09375 0
0.659375 0.119792 0
0.640625 0.0520833 0
0.609375 0.03125 0
0.640625 0.03125 0
0.615625 0.104167 0
0.584375 0.0833333 0
0.603125 0.109375 0
0.671875 0.0729167 0
0.65625 0.0416667 0
0.646875 0.125 0
0.61875 0.119792 0
0.409375 -0.078125 0
0.390625 -0.0520833 0
0.425 -0.0677083 0
0.40625 -0.0416667 0
0.3625 -0.109375 0
0.34375 -0.0833334 0
0.346875 -0.119792 0
0.328125 -0.09375 0
0.396875 -0.104167 0
0.428125 -0.0833333 0
0.415625 -0.109375 0
0.359375 -0.0520833 0
0.390625 -0.03125 0
0.359375 -0.03125 0
0.365625 -0.125 0
0.4 -0.119792 0
0.328125 -0.0729167 0
0.34375 -0.0416667 0
0.534375 -0.104167 0
0.503125 -0.104167 0
0.53125 -0.0885417 0
0.5 -0.0885417 0
0.54375 -0.151042 0
0.5125 -0.151042 0
0.546875 -0.166667 0
0.515625 -0.166667 0
0.553125 -0.130208 0
0.546875 -0.0989583 0
0.565625 -0.125 0
0.490625 -0.130208 0
0.484375 -0.0989583 0
0.471875 -0.125 0
0.559375 -0.161458 0
0.56875 -0.140625 0
0.496875 -0.161458 0
0.475 -0.140625 0
0.534375 0.104167 0
0.503125 0.104167 0
0.53125 0.0885417 0
0.5 0.0885417 0
0.54375 0.151042 0
0.5125 0.151042 0
0.546875 0.166667 0
0.515625 0.166667 0
0.553125 0.130208 0
0.546875 0.0989583 0
0.565625 0.125 0
0.490625 0.130208 0
0.484375 0.0989583 0
0.471875 0.125 0
0.559375 0.161458 0
0.56875 0.140625 0
0.496875 0.161458 0
0.475 0.140625 0
0.390625 0.0520833 0
0.409375 0.078125 0
0.40625 0.0416667 0
0.425 0.0677083 0
0.34375 0.0833334 0
0.3625 0.109375 0
0.328125 0.09375 0
0.346875 0.119792 0
0.359375 0.0520833 0
0.390625 0.03125 0
0.359375 0.03125 0
0.396875 0.104167 0
0.428125 0.0833333 0
0.415625 0.109375 0
0.328125 0.0729167 0
0.34375 0.0416667 0
0.365625 0.125 0
0.4 0.119792 0
0.6875 0.484375 0
0.671875 0.453125 0
0.675 0.489583 0
0.659375 0.458333 0
0.725 0.46875 0
0.709375 0.4375 0
0.7375 0.463542 0
0.721875 0.432292 0
0.7125 0.494792 0
0.6875 0.505208 0
0.7125 0.515625 0
0.68125 0.432292 0
0.65625 0.442708 0
0.665625 0.421875 0
0.7375 0.484375 0
0.725 0.510417 0
0.70625 0.421875 0
0.678125 0.416667 0
0.6875 0.588542 0
0.666667 0.609375 0
0.675 0.572917 0
0.654167 0.59375 0
0.725 0.635417 0
0.704167 0.65625 0
0.7375 0.651042 0
0.716667 0.671875 0
0.7125 0.598958 0
0.6875 0.567708 0
0.7125 0.578125 0
0.670833 0.640625 0
0.645833 0.609375 0
0.65 0.640625 0
0.7375 0.630208 0
0.725 0.59375 0
0.695833 0.671875 0
0.6625 0.65625 0
0.5625 0.609375 0
0.53125 0.588542 0
0.570833 0.59375 0
0.539583 0.572917 0
0.5375 0.65625 0
0.50625 0.635417 0
0.529167 0.671875 0
0.497917 0.651042 0
0.566667 0.640625 0
0.583333 0.609375 0
0.5875 0.640625 0
0.504167 0.598958 0
0.520833 0.567708 0
0.49375 0.578125 0
0.55 0.671875 0
0.579167 0.65625 0
0.4875 0.630208 0
0.485417 0.59375 0
0.59375 0.401042 0
0.5625 0.401042 0
0.596875 0.416667 0
0.565625 0.416667 0
0.584375 0.354167 0
0.553125 0.354167 0
0.58125 0.338542 0
0.55 0.338542 0
0.603125 0.380208 0
0.609375 0.411458 0
0.61875 0.390625 0
0.540625 0.380208 0
0.546875 0.411458 0
0.525 0.390625 0
0.596875 0.348958 0
0.615625 0.375 0
0.534375 0.348958 0
0.521875 0.375 0
0.479167 0.484375 0
0.484375 0.453125 0
0.497917 0.489583 0
0.503125 0.458333 0
0.422917 0.46875 0
0.428125 0.4375 0
0.404167 0.463542 0
0.409375 0.432292 0
0.452083 0.494792 0
0.489583 0.505208 0
0.4625 0.515625 0
0.4625 0.432292 0
0.5 0.442708 0
0.478125 0.421875 0
0.414583 0.484375 0
0.44375 0.510417 0
0.425 0.421875 0
0.459375 0.416667 0
0.0520833 0.479167 0
0.08125 0.463542 0
0.0416667 0.458333 0
0.0708333 0.442708 0
0.0833334 0.541667 0
0.1125 0.526042 0
0.09375 0.5625 0
0.122917 0.546875 0
0.0520833 0.520833 0
0.03125 0.479167 0
0.03125 0.520833 0
0.110417 0.489583 0
0.0895833 0.447917 0
0.11875 0.473958 0
0.0729167 0.5625 0
0.0416667 0.541667 0
0.13125 0.53125 0
0.129167 0.494792 0
-0.0520833 0.479167 0
-0.08125 0.463542 0
-0.0416667 0.458333 0
-0.0708333 0.442708 0
-0.0833334 0.541667 0
-0.1125 0.526042 0
-0.09375 0.5625 0
-0.122917 0.546875 0
-0.0520833 0.520833 0
-0.03125 0.479167 0
-0.03125 0.520833 0
-0.110417 0.489583 0
-0.0895833 0.447917 0
-0.11875 0.473958 0
-0.0729167 0.5625 0
-0.0416667 0.541667 0
-0.13125 0.53125 0
-0.129167 0.494792 0
0.015625 0.197917 0
-0.015625 0.197917 0
0.015625 0.21875 0
-0.015625 0.21875 0
0.015625 0.135417 0
-0.015625 0.135417 0
0.015625 0.114583 0
-0.015625 0.114583 0
0.03125 0.166667 0
0.03125 0.208333 0
0.046875 0.177083 0
-0.03125 0.166667 0
-0.03125 0.208333 0
-0.046875 0.177083 0
0.03125 0.125 0
0.046875 0.15625 0
-0.03125 0.125 0
-0.046875 0.15625 0
0.09375 0.25 0
0.1125 0.276042 0
0.078125 0.260417 0
0.096875 0.286458 0
0.140625 0.21875 0
0.159375 0.244792 0
0.15625 0.208333 0
0.175 0.234375 0
0.109375 0.21875 0
0.078125 0.239583 0
0.09375 0.208333 0
0.146875 0.270833 0
0.115625 0.291667 0
0.15 0.286458 0
0.140625 0.197917 0
0.109375 0.197917 0
0.178125 0.25 0
0.165625 0.276042 0
0.122917 0.385417 0
0.128125 0.354167 0
0.104167 0.380208 0
0.109375 0.348958 0
0.179167 0.401042 0
0.184375 0.369792 0
0.197917 0.40625 0
0.203125 0.375 0
0.152083 0.411458 0
0.114583 0.401042 0
0.14375 0.427083 0
0.1625 0.348958 0
0.125 0.338542 0
0.159375 0.333333 0
0.189583 0.421875 0
0.1625 0.432292 0
0.2 0.359375 0
0.178125 0.338542 0
-0.122917 0.385417 0
-0.128125 0.354167 0
-0.104167 0.380208 0
-0.109375 0.348958 0
-0.179167 0.401042 0
-0.184375 0.369792 0
-0.197917 0.40625 0
-0.203125 0.375 0
-0.152083 0.411458 0
-0.114583 0.401042 0
-0.14375 0.427083 0
-0.1625 0.348958 0
-0.125 0.338542 0
-0.159375 0.333333 0
-0.189583 0.421875 0
-0.1625 0.432292 0
-0.2 0.359375 0
-0.178125 0.338542 0
-0.09375 0.25 0
-0.1125 0.276042 0
-0.078125 0.260417 0
-0.096875 0.286458 0
-0.140625 0.21875 0
-0.159375 0.244792 0
-0.15625 0.208333 0
-0.175 0.234375 0
-0.109375 0.21875 0
-0.078125 0.239583 0
-0.09375 0.208333 0
-0.146875 0.270833 0
-0.115625 0.291667 0
-0.15 0.286458 0
-0.140625 0.197917 0
-0.109375 0.197917 0
-0.178125 0.25 0
-0.165625 0.276042 0
-0.5625 0.609375 0
-0.53125 0.588542 0
-0.570833 0.59375 0
-0.539583 0.572917 0
-0.5375 0.65625 0
-0.50625 0.635417 0
-0.529167 0.671875 0
-0.497917 0.651042 0
-0.566667 0.640625 0
-0.583333 0.609375 0
-0.5875 0.640625 0
-0.504167 0.598958 0
-0.520833 0.567708 0
-0.49375 0.578125 0
-0.55 0.671875 0
-0.579167 0.65625 0
-0.4875 0.630208 0
-0.485417 0.59375 0
-0.666667 0.609375 0
-0.6875 0.588542 0
-0.654167 0.59375 0
-0.675 0.572917 0
-0.704167 0.65625 0
-0.725 0.635417 0
-0.716667 0.671875 0
-0.7375 0.651042 0
-0.670833 0.640625 0
-0.645833 0.609375 0
-0.65 0.640625 0
-0.7125 0.598958 0
-0.6875 0.567708 0
-0.7125 0.578125 0
-0.695833 0.671875 0
-0.6625 0.65625 0
-0.7375 0.630208 0
-0.725 0.59375 0
-0.6875 0.484375 0
-0.671875 0.453125 0
-0.675 0.489583 0
-0.659375 0.458333 0
-0.725 0.46875 0
-0.709375 0.4375 0
-0.7375 0.463542 0
-0.721875 0.432292 0
-0.7125 0.494792 0
-0.6875 0.505208 0
-0.7125 0.515625 0
-0.68125 0.432292 0
-0.65625 0.442708 0
-0.665625 0.421875 0
-0.7375 0.484375 0
-0.725 0.510417 0
-0.70625 0.421875 0
-0.678125 0.416667 0
-0.479167 0.484375 0
-0.484375 0.453125 0
-0.497917 0.489583 0
-0.503125 0.458333 0
-0.422917 0.46875 0
-0.428125 0.4375 0
-0.404167 0.463542 0
-0.409375 0.432292 0
-0.452083 0.494792 0
-0.489583 0.505208 0
-0.4625 0.515625 0
-0.4625 0.432292 0
-0.5 0.442708 0
-0.478125 0.421875 0
-0.414583 0.484375 0
-0.44375 0.510417 0
-0.425 0.421875 0
-0.459375 0.416667 0
-0.59375 0.401042 0
-0.5625 0.401042 0
-0.596875 0.416667 0
-0.565625 0.416667 0
-0.584375 0.354167 0
-0.553125 0.354167 0
-0.58125 0.338542 0
-0.55 0.338542 0
-0.603125 0.380208 0
-0.609375 0.411458 0
-0.61875 0.390625 0
-0.540625 0.380208 0
-0.546875 0.411458 0
-0.525 0.390625 0
-0.596875 0.348958 0
-0.615625 0.375 0
-0.534375 0.348958 0
-0.521875 0.375 0
-0.609375 0.0520833 0
-0.596875 0.078125 0
-0.59375 0.0416667 0
-0.58125 0.0677083 0
-0.65625 0.0833334 0
-0.64375 0.109375 0
-0.671875 0.09375 0
-0.659375 0.119792 0
-0.640625 0.0520833 0
-0.609375 0.03125 0
-0.640625 0.03125 0
-0.615625 0.104167 0
-0.584375 0.0833333 0
-0.603125 0.109375 0
-0.671875 0.0729167 0
-0.65625 0.0416667 0
-0.646875 0.125 0
-0.61875 0.119792 0
-0.609375 -0.0520833 0
-0.596875 -0.078125 0
-0.59375 -0.0416667 0
-0.58125 -0.0677083 0
-0.65625 -0.0833334 0
-0.64375 -0.109375 0
-0.671875 -0.09375 0
-0.659375 -0.119792 0
-0.640625 -0.0520833 0
-0.609375 -0.03125 0
-0.640625 -0.03125 0
-0.615625 -0.104167 0
-0.584375 -0.0833333 0
-0.603125 -0.109375 0
-0.671875 -0.0729167 0
-0.65625 -0.0416667 0
-0.646875 -0.125 0
-0.61875 -0.119792 0
-0.534375 -0.104167 0
-0.503125 -0.104167 0
-0.53125 -0.0885417 0
-0.5 -0.0885417 0
-0.54375 -0.151042 0
-0.5125 -0.151042 0
-0.546875 -0.166667 0
-0.515625 -0.166667 0
-0.553125 -0.130208 0
-0.546875 -0.0989583 0
-0.565625 -0.125 0
-0.490625 -0.130208 0
-0.484375 -0.0989583 0
-0.471875 -0.125 0
-0.559375 -0.161458 0
-0.56875 -0.140625 0
-0.496875 -0.161458 0
-0.475 -0.140625 0
-0.409375 -0.078125 0
-0.390625 -0.0520833 0
-0.425 -0.0677083 0
-0.40625 -0.0416667 0
-0.3625 -0.109375 0
-0.34375 -0.0833334 0
-0.346875 -0.119792 0
-0.328125 -0.09375 0
-0.396875 -0.104167 0
-0.428125 -0.0833333 0
-0.415625 -0.109375 0
-0.359375 -0.0520833 0
-0.390625 -0.03125 0
-0.359375 -0.03125 0
-0.365625 -0.125 0
-0.4 -0.119792 0
-0.328125 -0.0729167 0
-0.34375 -0.0416667 0
-0.390625 0.0520833 0
-0.409375 0.078125 0
-0.40625 0.0416667 0
-0.425 0.0677083 0
-0.34375 0.0833334 0
-0.3625 0.109375 0
-0.328125 0.09375 0
-0.346875 0.119792 0
-0.359375 0.0520833 0
-0.390625 0.03125 0
-0.359375 0.03125 0
-0.396875 0.104167 0
-0.428125 0.0833333 0
-0.415625 0.109375 0
-0.328125 0.0729167 0
-0.34375 0.0416667 0
-0.365625 0.125 0
-0.4 0.119792 0
-0.534375 0.104167 0
-0.503125 0.104167 0
-0.53125 0.0885417 0
-0.5 0.0885417 0
-0.54375 0.151042 0
-0.5125 0.151042 0
-0.546875 0.166667 0
-0.515625 0.166667 0
-0.553125 0.130208 0
-0.546875 0.0989583 0
-0.565625 0.125 0
-0.490625 0.130208 0
-0.484375 0.0989583 0
-0.471875 0.125 0
-0.559375 0.161458 0
-0.56875 0.140625 0
-0.496875 0.161458 0
-0.475 0.140625 0
-0.7375 -0.90625 0
-0.704167 -0.890625 0
-0.729167 -0.921875 0
-0.695833 -0.90625 0
-0.7625 -0.859375 0
-0.729167 -0.84375 0
-0.770833 -0.84375 0
-0.7375 -0.828125 0
-0.766667 -0.890625 0
-0.75 -0.921875 0
-0.779167 -0.90625 0
-0.783333 -0.859375 0
-0.7875 -0.890625 0
-0.7 -0.859375 0
-0.683333 -0.890625 0
-0.679167 -0.859375 0
-0.716667 -0.828125 0
-0.6875 -0.84375 0
-0.570833 -0.90625 0
-0.6 -0.890625 0
-0.583333 -0.921875 0
-0.6125 -0.90625 0
-0.533333 -0.859375 0
-0.5625 -0.84375 0
-0.520833 -0.84375 0
-0.55 -0.828125 0
-0.5375 -0.890625 0
-0.5625 -0.921875 0
-0.529167 -0.90625 0
-0.5125 -0.859375 0
-0.516667 -0.890625 0
-0.595833 -0.859375 0
-0.620833 -0.890625 0
-0.616667 -0.859375 0
-0.570833 -0.828125 0
-0.604167 -0.84375 0
-0.925 -0.71875 0
-0.9125 -0.682292 0
-0.9375 -0.713542 0
-0.925 -0.677083 0
-0.8875 -0.734375 0
-0.875 -0.697917 0
-0.875 -0.739583 0
-0.8625 -0.703125 0
-0.9125 -0.744792 0
-0.9375 -0.734375 0
-0.925 -0.760417 0
-0.8875 -0.755208 0
-0.9125 -0.765625 0
-0.8875 -0.671875 0
-0.9125 -0.661458 0
-0.8875 -0.651042 0
-0.8625 -0.682292 0
-0.875 -0.65625 0
-0.925 -0.552083 0
-0.9125 -0.578125 0
-0.9375 -0.567708 0
-0.925 -0.59375 0
-0.8875 -0.505208 0
-0.875 -0.53125 0
-0.875 -0.489583 0
-0.8625 -0.515625 0
-0.9125 -0.515625 0
-0.9375 -0.546875 0
-0.925 -0.510417 0
-0.8875 -0.484375 0
-0.9125 -0.494792 0
-0.8875 -0.567708 0
-0.9125 -0.598958 0
-0.8875 -0.588542 0
-0.8625 -0.536458 0
-0.875 -0.572917 0
-0.6625 -0.734375 0
-0.666667 -0.765625 0
-0.683333 -0.734375 0
-0.6875 -0.765625 0
-0.6 -0.734375 0
-0.604167 -0.765625 0
-0.579167 -0.734375 0
-0.583333 -0.765625 0
-0.629167 -0.71875 0
-0.670833 -0.71875 0
-0.6375 -0.703125 0
-0.5875 -0.71875 0
-0.616667 -0.703125 0
-0.6375 -0.78125 0
-0.679167 -0.78125 0
-0.65 -0.796875 0
-0.595833 -0.78125 0
-0.629167 -0.796875 0
-0.7875 -0.609375 0
-0.8125 -0.619792 0
-0.7875 -0.630208 0
-0.8125 -0.640625 0
-0.7875 -0.546875 0
-0.8125 -0.557292 0
-0.7875 -0.526042 0
-0.8125 -0.536458 0
-0.775 -0.572917 0
-0.775 -0.614583 0
-0.7625 -0.578125 0
-0.775 -0.53125 0
-0.7625 -0.557292 0
-0.825 -0.59375 0
-0.825 -0.635417 0
-0.8375 -0.609375 0
-0.825 -0.552083 0
-0.8375 -0.588542 0
-0.0833334 -0.875 0
-0.0520833 -0.854167 0
-0.0729167 -0.895833 0
-0.0416667 -0.875 0
-0.114583 -0.8125 0
-0.0833334 -0.791667 0
-0.125 -0.791667 0
-0.09375 -0.770833 0
-0.114583 -0.854167 0
-0.09375 -0.895833 0
-0.125 -0.875 0
-0.135417 -0.8125 0
-0.135417 -0.854167 0
-0.0520833 -0.8125 0
-0.03125 -0.854167 0
-0.03125 -0.8125 0
-0.0729167 -0.770833 0
-0.0416667 -0.791667 0
0.0833334 -0.875 0
0.0520833 -0.854167 0
0.0729167 -0.895833 0
0.0416667 -0.875 0
0.114583 -0.8125 0
0.0833334 -0.791667 0
0.125 -0.791667 0
0.09375 -0.770833 0
0.114583 -0.854167 0
0.09375 -0.895833 0
0.125 -0.875 0
0.135417 -0.8125 0
0.135417 -0.854167 0
0.0520833 -0.8125 0
0.03125 -0.854167 0
0.03125 -0.8125 0
0.0729167 -0.770833 0
0.0416667 -0.791667 0
-0.345833 -0.734375 0
-0.34375 -0.697917 0
-0.364583 -0.739583 0
-0.3625 -0.703125 0
-0.289583 -0.71875 0
-0.2875 -0.682292 0
-0.270833 -0.713542 0
-0.26875 -0.677083 0
-0.31875 -0.744792 0
-0.35625 -0.755208 0
-0.329167 -0.765625 0
-0.28125 -0.734375 0
-0.310417 -0.760417 0
-0.314583 -0.671875 0
-0.352083 -0.682292 0
-0.322917 -0.65625 0
-0.277083 -0.661458 0
-0.304167 -0.651042 0
-0.4125 -0.609375 0
-0.385417 -0.619792 0
-0.422917 -0.630208 0
-0.395833 -0.640625 0
-0.38125 -0.546875 0
-0.354167 -0.557292 0
-0.370833 -0.526042 0
-0.34375 -0.536458 0
-0.410417 -0.572917 0
-0.43125 -0.614583 0
-0.429167 -0.578125 0
-0.389583 -0.53125 0
-0.41875 -0.557292 0
-0.35625 -0.59375 0
-0.377083 -0.635417 0
-0.347917 -0.609375 0
-0.335417 -0.552083 0
-0.3375 -0.588542 0
-0.03125 -0.645833 0
-0.03125 -0.6875 0
-0.0520833 -0.645833 0
-0.0520833 -0.6875 0
0.03125 -0.645833 0
0.03125 -0.6875 0
0.0520833 -0.645833 0
0.0520833 -0.6875 0
0 -0.625 0
-0.0416667 -0.625 0
-0.0104167 -0.604167 0
0.0416667 -0.625 0
0.0104167 -0.604167 0
0 -0.708333 0
-0.0416667 -0.708333 0
-0.0104167 -0.729167 0
0.0416667 -0.708333 0
0.0104167 -0.729167 0
-0.20625 -0.552083 0
-0.235417 -0.578125 0
-0.197917 -0.567708 0
-0.227083 -0.59375 0
-0.23125 -0.505208 0
-0.260417 -0.53125 0
-0.239583 -0.489583 0
-0.26875 -0.515625 0
-0.204167 -0.515625 0
-0.1875 -0.546875 0
-0.185417 -0.510417 0
-0.220833 -0.484375 0
-0.19375 -0.494792 0
-0.2625 -0.567708 0
-0.245833 -0.598958 0
-0.272917 -0.588542 0
-0.279167 -0.536458 0
-0.28125 -0.572917 0
0.570833 -0.90625 0
0.6 -0.890625 0
0.583333 -0.921875 0
0.6125 -0.90625 0
0.533333 -0.859375 0
0.5625 -0.84375 0
0.520833 -0.84375 0
0.55 -0.828125 0
0.5375 -0.890625 0
0.5625 -0.921875 0
0.529167 -0.90625 0
0.5125 -0.859375 0
0.516667 -0.890625 0
0.595833 -0.859375 0
0.620833 -0.890625 0
0.616667 -0.859375 0
0.570833 -0.828125 0
0.604167 -0.84375 0
0.7375 -0.90625 0
0.704167 -0.890625 0
0.729167 -0.921875 0
0.695833 -0.90625 0
0.7625 -0.859375 0
0.729167 -0.84375 0
0.770833 -0.84375 0
0.7375 -0.828125 0
0.766667 -0.890625 0
0.75 -0.921875 0
0.779167 -0.90625 0
0.783333 -0.859375 0
0.7875 -0.890625 0
0.7 -0.859375 0
0.683333 -0.890625 0
0.679167 -0.859375 0
0.716667 -0.828125 0
0.6875 -0.84375 0
0.289583 -0.71875 0
0.2875 -0.682292 0
0.270833 -0.713542 0
0.26875 -0.677083 0
0.345833 -0.734375 0
0.34375 -0.697917 0
0.364583 -0.739583 0
0.3625 -0.703125 0
0.31875 -0.744792 0
0.28125 -0.734375 0
0.310417 -0.760417 0
0.35625 -0.755208 0
0.329167 -0.765625 0
0.314583 -0.671875 0
0.277083 -0.661458 0
0.304167 -0.651042 0
0.352083 -0.682292 0
0.322917 -0.65625 0
0.20625 -0.552083 0
0.235417 -0.578125 0
0.197917 -0.567708 0
0.227083 -0.59375 0
0.23125 -0.505208 0
0.260417 -0.53125 0
0.239583 -0.489583 0
0.26875 -0.515625 0
0.204167 -0.515625 0
0.1875 -0.546875 0
0.185417 -0.510417 0
0.220833 -0.484375 0
0.19375 -0.494792 0
0.2625 -0.567708 0
0.245833 -0.598958 0
0.272917 -0.588542 0
0.279167 -0.536458 0
0.28125 -0.572917 0
0.6 -0.734375 0
0.604167 -0.765625 0
0.579167 -0.734375 0
0.583333 -0.765625 0
0.6625 -0.734375 0
0.666667 -0.765625 0
0.683333 -0.734375 0
0.6875 -0.765625 0
0.629167 -0.71875 0
0.5875 -0.71875 0
0.616667 -0.703125 0
0.670833 -0.71875 0
0.6375 -0.703125 0
0.6375 -0.78125 0
0.595833 -0.78125 0
0.629167 -0.796875 0
0.679167 -0.78125 0
0.65 -0.796875 0
0.4125 -0.609375 0
0.385417 -0.619792 0
0.422917 -0.630208 0
0.395833 -0.640625 0
0.38125 -0.546875 0
0.354167 -0.557292 0
0.370833 -0.526042 0
0.34375 -0.536458 0
0.410417 -0.572917 0
0.43125 -0.614583 0
0.429167 -0.578125 0
0.389583 -0.53125 0
0.41875 -0.557292 0
0.35625 -0.59375 0
0.377083 -0.635417 0
0.347917 -0.609375 0
0.335417 -0.552083 0
0.3375 -0.588542 0
0.925 -0.71875 0
0.9125 -0.682292 0
0.9375 -0.713542 0
0.925 -0.677083 0
0.8875 -0.734375 0
0.875 -0.697917 0
0.875 -0.739583 0
0.8625 -0.703125 0
0.9125 -0.744792 0
0.9375 -0.734375 0
0.925 -0.760417 0
0.8875 -0.755208 0
0.9125 -0.765625 0
0.8875 -0.671875 0
0.9125 -0.661458 0
0.8875 -0.651042 0
0.8625 -0.682292 0
0.875 -0.65625 0
0.925 -0.552083 0
0.9125 -0.578125 0
0.9375 -0.567708 0
0.925 -0.59375 0
0.8875 -0.505208 0
0.875 -0.53125 0
0.875 -0.489583 0
0.8625 -0.515625 0
0.9125 -0.515625 0
0.9375 -0.546875 0
0.925 -0.510417 0
0.8875 -0.484375 0
0.9125 -0.494792 0
0.8875 -0.567708 0
0.9125 -0.598958 0
0.8875 -0.588542 0
0.8625 -0.536458 0
0.875 -0.572917 0
0.7875 -0.609375 0
0.8125 -0.619792 0
0.7875 -0.630208 0
0.8125 -0.640625 0
0.7875 -0.546875 0
0.8125 -0.557292 0
0.7875 -0.526042 0
0.8125 -0.536458 0
0.775 -0.572917 0
0.775 -0.614583 0
0.7625 -0.578125 0
0.775 -0.53125 0
0.7625 -0.557292 0
0.825 -0.59375 0
0.825 -0.635417 0
0.8375 -0.609375 0
0.825 -0.552083 0
0.8375 -0.588542 0
0.90625 -0.0833334 0
0.890625 -0.0520833 0
0.921875 -0.0729167 0
0.90625 -0.0416667 0
0.859375 -0.114583 0
0.84375 -0.0833334 0
0.84375 -0.125 0
0.828125 -0.09375 0
0.890625 -0.114583 0
0.921875 -0.09375 0
0.90625 -0.125 0
0.859375 -0.135417 0
0.890625 -0.135417 0
0.859375 -0.0520833 0
0.890625 -0.03125 0
0.859375 -0.03125 0
0.828125 -0.0729167 0
0.84375 -0.0416667 0
0.90625 0.0833334 0
0.890625 0.0520833 0
0.921875 0.0729167 0
0.90625 0.0416667 0
0.859375 0.114583 0
0.84375 0.0833334 0
0.84375 0.125 0
0.828125 0.09375 0
0.890625 0.114583 0
0.921875 0.09375 0
0.90625 0.125 0
0.859375 0.135417 0
0.890625 0.135417 0
0.859375 0.0520833 0
0.890625 0.03125 0
0.859375 0.03125 0
0.828125 0.0729167 0
0.84375 0.0416667 0
0.79375 -0.317708 0
0.765625 -0.3125 0
0.796875 -0.333333 0
0.76875 -0.328125 0
0.784375 -0.270833 0
0.75625 -0.265625 0
0.78125 -0.255208 0
0.753125 -0.25 0
0.803125 -0.296875 0
0.809375 -0.328125 0
0.81875 -0.307292 0
0.796875 -0.265625 0
0.815625 -0.291667 0
0.746875 -0.286458 0
0.753125 -0.317708 0
0.734375 -0.291667 0
0.740625 -0.255208 0
0.73125 -0.276042 0
0.69375 -0.359375 0
0.703125 -0.338542 0
0.709375 -0.369792 0
0.71875 -0.348958 0
0.646875 -0.328125 0
0.65625 -0.307292 0
0.63125 -0.317708 0
0.640625 -0.296875 0
0.665625 -0.354167 0
0.696875 -0.375 0
0.66875 -0.369792 0
0.634375 -0.333333 0
0.653125 -0.359375 0
0.684375 -0.3125 0
0.715625 -0.333333 0
0.696875 -0.307292 0
0.653125 -0.291667 0
0.68125 -0.296875 0
0.734375 -0.03125 0
0.765625 -0.03125 0
0.734375 -0.0520833 0
0.765625 -0.0520833 0
0.734375 0.03125 0
0.765625 0.03125 0
0.734375 0.0520833 0
0.765625 0.0520833 0
0.71875 0 0
0.71875 -0.0416667 0
0.703125 -0.0104167 0
0.71875 0.0416667 0
0.703125 0.0104167 0
0.78125 0 0
0.78125 -0.0416667 0
0.796875 -0.0104167 0
0.78125 0.0416667 0
0.796875 0.0104167 0
0.659375 -0.1875 0
0.678125 -0.213542 0
0.671875 -0.182292 0
0.690625 -0.208333 0
0.621875 -0.203125 0
0.640625 -0.229167 0
0.609375 -0.208333 0
0.628125 -0.234375 0
0.63125 -0.182292 0
0.65625 -0.171875 0
0.628125 -0.166667 0
0.60625 -0.192708 0
0.615625 -0.171875 0
0.66875 -0.234375 0
0.69375 -0.223958 0
0.684375 -0.244792 0
0.64375 -0.244792 0
0.671875 -0.25 0
0.925 0.552083 0
0.9125 0.578125 0
0.9375 0.567708 0
0.925 0.59375 0
0.8875 0.505208 0
0.875 0.53125 0
0.875 0.489583 0
0.8625 0.515625 0
0.9125 0.515625 0
0.9375 0.546875 0
0.925 0.510417 0
0.8875 0.484375 0
0.9125 0.494792 0
0.8875 0.567708 0
0.9125 0.598958 0
0.8875 0.588542 0
0.8625 0.536458 0
0.875 0.572917 0
0.925 0.71875 0
0.9125 0.682292 0
0.9375 0.713542 0
0.925 0.677083 0
0.8875 0.734375 0
0.875 0.697917 0
0.875 0.739583 0
0.8625 0.703125 0
0.9125 0.744792 0
0.9375 0.734375 0
0.925 0.760417 0
0.8875 0.755208 0
0.9125 0.765625 0
0.8875 0.671875 0
0.9125 0.661458 0
0.8875 0.651042 0
0.8625 0.682292 0
0.875 0.65625 0
0.784375 0.270833 0
0.75625 0.265625 0
0.78125 0.255208 0
0.753125 0.25 0
0.79375 0.317708 0
0.765625 0.3125 0
0.796875 0.333333 0
0.76875 0.328125 0
0.803125 0.296875 0
0.796875 0.265625 0
0.815625 0.291667 0
0.809375 0.328125 0
0.81875 0.307292 0
0.746875 0.286458 0
0.740625 0.255208 0
0.73125 0.276042 0
0.753125 0.317708 0
0.734375 0.291667 0
0.659375 0.1875 0
0.678125 0.213542 0
0.671875 0.182292 0
0.690625 0.208333 0
0.621875 0.203125 0
0.640625 0.229167 0
0.609375 0.208333 0
0.628125 0.234375 0
0.63125 0.182292 0
0.65625 0.171875 0
0.628125 0.166667 0
0.60625 0.192708 0
0.615625 0.171875 0
0.66875 0.234375 0
0.69375 0.223958 0
0.684375 0.244792 0
0.64375 0.244792 0
0.671875 0.25 0
0.7875 0.546875 0
0.8125 0.557292 0
0.7875 0.526042 0
0.8125 0.536458 0
0.7875 0.609375 0
0.8125 0.619792 0
0.7875 0.630208 0
0.8125 0.640625 0
0.775 0.572917 0
0.775 0.53125 0
0.7625 0.557292 0
0.775 0.614583 0
0.7625 0.578125 0
0.825 0.59375 0
0.825 0.552083 0
0.8375 0.588542 0
0.825 0.635417 0
0.8375 0.609375 0
0.69375 0.359375 0
0.703125 0.338542 0
0.709375 0.369792 0
0.71875 0.348958 0
0.646875 0.328125 0
0.65625 0.307292 0
0.63125 0.317708 0
0.640625 0.296875 0
0.665625 0.354167 0
0.696875 0.375 0
0.66875 0.369792 0
0.634375 0.333333 0
0.653125 0.359375 0
0.684375 0.3125 0
0.715625 0.333333 0
0.696875 0.307292 0
0.653125 0.291667 0
0.68125 0.296875 0
0.7375 0.90625 0
0.704167 0.890625 0
0.729167 0.921875 0
0.695833 0.90625 0
0.7625 0.859375 0
0.729167 0.84375 0
0.770833 0.84375 0
0.7375 0.828125 0
0.766667 0.890625 0
0.75 0.921875 0
0.779167 0.90625 0
0.783333 0.859375 0
0.7875 0.890625 0
0.7 0.859375 0
0.683333 0.890625 0
0.679167 0.859375 0
0.716667 0.828125 0
0.6875 0.84375 0
0.570833 0.90625 0
0.6 0.890625 0
0.583333 0.921875 0
0.6125 0.90625 0
0.533333 0.859375 0
0.5625 0.84375 0
0.520833 0.84375 0
0.55 0.828125 0
0.5375 0.890625 0
0.5625 0.921875 0
0.529167 0.90625 0
0.5125 0.859375 0
0.516667 0.890625 0
0.595833 0.859375 0
0.620833 0.890625 0
0.616667 0.859375 0
0.570833 0.828125 0
0.604167 0.84375 0
0.6625 0.734375 0
0.666667 0.765625 0
0.683333 0.734375 0
0.6875 0.765625 0
0.6 0.734375 0
0.604167 0.765625 0
0.579167 0.734375 0
0.583333 0.765625 0
0.629167 0.71875 0
0.670833 0.71875 0
0.6375 0.703125 0
0.5875 0.71875 0
0.616667 0.703125 0
0.6375 0.78125 0
0.679167 0.78125 0
0.65 0.796875 0
0.595833 0.78125 0
0.629167 0.796875 0
0.0833334 0.875 0
0.0520833 0.854167 0
0.0729167 0.895833 0
0.0416667 0.875 0
0.114583 0.8125 0
0.0833334 0.791667 0
0.125 0.791667 0
0.09375 0.770833 0
0.114583 0.854167 0
0.09375 0.895833 0
0.125 0.875 0
0.135417 0.8125 0
0.135417 0.854167 0
0.0520833 0.8125 0
0.03125 0.854167 0
0.03125 0.8125 0
0.0729167 0.770833 0
0.0416667 0.791667 0
-0.0833334 0.875 0
-0.0520833 0.854167 0
-0.0729167 0.895833 0
-0.0416667 0.875 0
-0.114583 0.8125 0
-0.0833334 0.791667 0
-0.125 0.791667 0
-0.09375 0.770833 0
-0.114583 0.854167 0
-0.09375 0.895833 0
-0.125 0.875 0
-0.135417 0.8125 0
-0.135417 0.854167 0
-0.0520833 0.8125 0
-0.03125 0.854167 0
-0.03125 0.8125 0
-0.0729167 0.770833 0
-0.0416667 0.791667 0
0.345833 0.734375 0
0.34375 0.697917 0
0.364583 0.739583 0
0.3625 0.703125 0
0.289583 0.71875 0
0.2875 0.682292 0
0.270833 0.713542 0
0.26875 0.677083 0
0.31875 0.744792 0
0.35625 0.755208 0
0.329167 0.765625 0
0.28125 0.734375 0
0.310417 0.760417 0
0.314583 0.671875 0
0.352083 0.682292 0
0.322917 0.65625 0
0.277083 0.661458 0
0.304167 0.651042 0
0.4125 0.609375 0
0.385417 0.619792 0
0.422917 0.630208 0
0.395833 0.640625 0
0.38125 0.546875 0
0.354167 0.557292 0
0.370833 0.526042 0
0.34375 0.536458 0
0.410417 0.572917 0
0.43125 0.614583 0
0.429167 0.578125 0
0.389583 0.53125 0
0.41875 0.557292 0
0.35625 0.59375 0
0.377083 0.635417 0
0.347917 0.609375 0
0.335417 0.552083 0
0.3375 0.588542 0
0.03125 0.645833 0
0.03125 0.6875 0
0.0520833 0.645833 0
0.0520833 0.6875 0
-0.03125 0.645833 0
-0.03125 0.6875 0
-0.0520833 0.645833 0
-0.0520833 0.6875 0
0 0.625 0
0.0416667 0.625 0
0.0104167 0.604167 0
-0.0416667 0.625 0
-0.0104167 0.604167 0
0 0.708333 0
0.0416667 0.708333 0
0.0104167 0.729167 0
-0.0416667 0.708333 0
-0.0104167 0.729167 0
0.20625 0.552083 0
0.235417 0.578125 0
0.197917 0.567708 0
0.227083 0.59375 0
0.23125 0.505208 0
0.260417 0.53125 0
0.239583 0.489583 0
0.26875 0.515625 0
0.204167 0.515625 0
0.1875 0.546875 0
0.185417 0.510417 0
0.220833 0.484375 0
0.19375 0.494792 0
0.2625 0.567708 0
0.245833 0.598958 0
0.272917 0.588542 0
0.279167 0.536458 0
0.28125 0.572917 0
-0.570833 0.90625 0
-0.6 0.890625 0
-0.583333 0.921875 0
-0.6125 0.90625 0
-0.533333 0.859375 0
-0.5625 0.84375 0
-0.520833 0.84375 0
-0.55 0.828125 0
-0.5375 0.890625 0
-0.5625 0.921875 0
-0.529167 0.90625 0
-0.5125 0.859375 0
-0.516667 0.890625 0
-0.595833 0.859375 0
-0.620833 0.890625 0
-0.616667 0.859375 0
-0.570833 0.828125 0
-0.604167 0.84375 0
-0.7375 0.90625 0
-0.704167 0.890625 0
-0.729167 0.921875 0
-0.695833 0.90625 0
-0.7625 0.859375 0
-0.729167 0.84375 0
-0.770833 0.84375 0
-0.7375 0.828125 0
-0.766667 0.890625 0
-0.75 0.921875 0
-0.779167 0.90625 0
-0.783333 0.859375 0
-0.7875 0.890625 0
-0.7 0.859375 0
-0.683333 0.890625 0
-0.679167 0.859375 0
-0.716667 0.828125 0
-0.6875 0.84375 0
-0.289583 0.71875 0
-0.2875 0.682292 0
-0.270833 0.713542 0
-0.26875 0.677083 0
-0.345833 0.734375 0
-0.34375 0.697917 0
-0.364583 0.739583 0
-0.3625 0.703125 0
-0.31875 0.744792 0
-0.28125 0.734375 0
-0.310417 0.760417 0
-0.35625 0.755208 0
-0.329167 0.765625 0
-0.314583 0.671875 0
-0.277083 0.661458 0
-0.304167 0.651042 0
-0.352083 0.682292 0
-0.322917 0.65625 0
-0.20625 0.552083 0
-0.235417 0.578125 0
-0.197917 0.567708 0
-0.227083 0.59375 0
-0.23125 0.505208 0
-0.260417 0.53125 0
-0.239583 0.489583 0
-0.26875 0.515625 0
-0.204167 0.515625 0
-0.1875 0.546875 0
-0.185417 0.510417 0
-0.220833 0.484375 0
-0.19375 0.494792 0
-0.2625 0.567708 0
-0.245833 0.598958 0
-0.272917 0.588542 0
-0.279167 0.536458 0
-0.28125 0.572917 0
-0.6 0.734375 0
-0.604167 0.765625 0
-0.579167 0.734375 0
-0.583333 0.765625 0
-0.6625 0.734375 0
-0.666667 0.765625 0
-0.683333 0.734375 0
-0.6875 0.765625 0
-0.629167 0.71875 0
-0.5875 0.71875 0
-0.616667 0.703125 0
-0.670833 0.71875 0
-0.6375 0.703125 0
-0.6375 0.78125 0
-0.595833 0.78125 0
-0.629167 0.796875 0
-0.679167 0.78125 0
-0.65 0.796875 0
-0.4125 0.609375 0
-0.385417 0.619792 0
-0.422917 0.630208 0
-0.395833 0.640625 0
-0.38125 0.546875 0
-0.354167 0.557292 0
-0.370833 0.526042 0
-0.34375 0.536458 0
-0.410417 0.572917 0
-0.43125 0.614583 0
-0.429167 0.578125 0
-0.389583 0.53125 0
-0.41875 0.557292 0
-0.35625 0.59375 0
-0.377083 0.635417 0
-0.347917 0.609375 0
-0.335417 0.552083 0
-0.3375 0.588542 0
-0.925 0.71875 0
-0.9125 0.682292 0
-0.9375 0.713542 0
-0.925 0.677083 0
-0.8875 0.734375 0
-0.875 0.697917 0
-0.875 0.739583 0
-0.8625 0.703125 0
-0.9125 0.744792 0
-0.9375 0.734375 0
-0.925 0.760417 0
-0.8875 0.755208 0
-0.9125 0.765625 0
-0.8875 0.671875 0
-0.9125 0.661458 0
-0.8875 0.651042 0
-0.8625 0.682292 0
-0.875 0.65625 0
-0.925 0.552083 0
-0.9125 0.578125 0
-0.9375 0.567708 0
-0.925 0.59375 0
-0.8875 0.505208 0
-0.875 0.53125 0
-0.875 0.489583 0
-0.8625 0.515625 0
-0.9125 0.515625 0
-0.9375 0.546875 0
-0.925 0.510417 0
-0.8875 0.484375 0
-0.9125 0.494792 0
-0.8875 0.567708 0
-0.9125 0.598958 0
-0.8875 0.588542 0
-0.8625 0.536458 0
-0.875 0.572917 0
-0.7875 0.609375 0
-0.8125 0.619792 0
-0.7875 0.630208 0
-0.8125 0.640625 0
-0.7875 0.546875 0
-0.8125 0.557292 0
-0.7875 0.526042 0
-0.8125 0.536458 0
-0.775 0.572917 0
-0.775 0.614583 0
-0.7625 0.578125 0
-0.775 0.53125 0
-0.7625 0.557292 0
-0.825 0.59375 0
-0.825 0.635417 0
-0.8375 0.609375 0
-0.825 0.552083 0
-0.8375 0.588542 0
-0.90625 0.0833334 0
-0.890625 0.0520833 0
-0.921875 0.0729167 0
-0.90625 0.0416667 0
-0.859375 0.114583 0
-0.84375 0.0833334 0
-0.84375 0.125 0
-0.828125 0.09375 0
-0.890625 0.114583 0
-0.921875 0.09375 0
-0.90625 0.125 0
-0.859375 0.135417 0
-0.890625 0.135417 0
-0.859375 0.0520833 0
-0.890625 0.03125 0
-0.859375 0.03125 0
-0.828125 0.0729167 0
-0.84375 0.0416667 0
-0.90625 -0.0833334 0
-0.890625 -0.0520833 0
-0.921875 -0.0729167 0
-0.90625 -0.0416667 0
-0.859375 -0.114583 0
-0.84375 -0.0833334 0
-0.84375 -0.125 0
-0.828125 -0.09375 0
-0.890625 -0.114583 0
-0.921875 -0.09375 0
-0.90625 -0.125 0
-0.859375 -0.135417 0
-0.890625 -0.135417 0
-0.859375 -0.0520833 0
-0.890625 -0.03125 0
-0.859375 -0.03125 0
-0.828125 -0.0729167 0
-0.84375 -0.0416667 0
-0.79375 0.317708 0
-0.765625 0.3125 0
-0.796875 0.333333 0
-0.76875 0.328125 0
-0.784375 0.270833 0
-0.75625 0.265625 0
-0.78125 0.255208 0
-0.753125 0.25 0
-0.803125 0.296875 0
-0.809375 0.328125 0
-0.81875 0.307292 0
-0.796875 0.265625 0
-0.815625 0.291667 0
-0.746875 0.286458 0
-0.753125 0.317708 0
-0.734375 0.291667 0
-0.740625 0.255208 0
-0.73125 0.276042 0
-0.69375 0.359375 0
-0.703125 0.338542 0
-0.709375 0.369792 0
-0.71875 0.348958 0
-0.646875 0.328125 0
-0.65625 0.307292 0
-0.63125 0.317708 0
-0.640625 0.296875 0
-0.665625 0.354167 0
-0.696875 0.375 0
-0.66875 0.369792 0
-0.634375 0.333333 0
-0.653125 0.359375 0
-0.684375 0.3125 0
-0.715625 0.333333 0
-0.696875 0.307292 0
-0.653125 0.291667 0
-0.68125 0.296875 0
-0.734375 0.03125 0
-0.765625 0.03125 0
-0.734375 0.0520833 0
-0.765625 0.0520833 0
-0.734375 -0.03125 0
-0.765625 -0.03125 0
-0.734375 -0.0520833 0
-0.765625 -0.0520833 0
-0.71875 0 0
-0.71875 0.0416667 0
-0.703125 0.0104167 0
-0.71875 -0.0416667 0
-0.703125 -0.0104167 0
-0.78125 0 0
-0.78125 0.0416667 0
-0.796875 0.0104167 0
-0.78125 -0.0416667 0
-0.796875 -0.0104167 0
-0.659375 0.1875 0
-0.678125 0.213542 0
-0.671875 0.182292 0
-0.690625 0.208333 0
-0.621875 0.203125 0
-0.640625 0.229167 0
-0.609375 0.208333 0
-0.628125 0.234375 0
-0.63125 0.182292 0
-0.65625 0.171875 0
-0.628125 0.166667 0
-0.60625 0.192708 0
-0.615625 0.171875 0
-0.66875 0.234375 0
-0.69375 0.223958 0
-0.684375 0.244792 0
-0.64375 0.244792 0
-0.671875 0.25 0
-0.79375 -0.317708 0
-0.765625 -0.3125 0
-0.796875 -0.333333 0
-0.76875 -0.328125 0
-0.784375 -0.270833 0
-0.75625 -0.265625 0
-0.78125 -0.255208 0
-0.753125 -0.25 0
-0.803125 -0.296875 0
-0.809375 -0.328125 0
-0.81875 -0.307292 0
-0.796875 -0.265625 0
-0.815625 -0.291667 0
-0.746875 -0.286458 0
-0.753125 -0.317708 0
-0.734375 -0.291667 0
-0.740625 -0.255208 0
-0.73125 -0.276042 0
-0.69375 -0.359375 0
-0.703125 -0.338542 0
-0.709375 -0.369792 0
-0.71875 -0.348958 0
-0.646875 -0.328125 0
-0.65625 -0.307292 0
-0.63125 -0.317708 0
-0.640625 -0.296875 0
-0.665625 -0.354167 0
-0.696875 -0.375 0
-0.66875 -0.369792 0
-0.634375 -0.333333 0
-0.653125 -0.359375 0
-0.684375 -0.3125 0
-0.715625 -0.333333 0
-0.696875 -0.307292 0
-0.653125 -0.291667 0
-0.68125 -0.296875 0
-0.659375 -0.1875 0
-0.678125 -0.213542 0
-0.671875 -0.182292 0
-0.690625 -0.208333 0
-0.621875 -0.203125 0
-0.640625 -0.229167 0
-0.609375 -0.208333 0
-0.628125 -0.234375 0
-0.63125 -0.182292 0
-0.65625 -0.171875 0
-0.628125 -0.166667 0
-0.60625 -0.192708 0
-0.615625 -0.171875 0
-0.66875 -0.234375 0
-0.69375 -0.223958 0
-0.684375 -0.244792 0
-0.64375 -0.244792 0
-0.671875 -0.25 0
-0.4125 -0.359375 0
-0.390625 -0.338542 0
-0.396875 -0.369792 0
-0.375 -0.348958 0
-0.459375 -0.328125 0
-0.4375 -0.307292 0
-0.475 -0.317708 0
-0.453125 -0.296875 0
-0.446875 -0.354167 0
-0.415625 -0.375 0
-0.45 -0.369792 0
-0.478125 -0.333333 0
-0.465625 -0.359375 0
-0.403125 -0.3125 0
-0.371875 -0.333333 0
-0.384375 -0.307292 0
-0.434375 -0.291667 0
-0.4 -0.296875 0
-0.2625 -0.317708 0
-0.296875 -0.3125 0
-0.265625 -0.333333 0
-0.3 -0.328125 0
-0.253125 -0.270833 0
-0.2875 -0.265625 0
-0.25 -0.255208 0
-0.284375 -0.25 0
-0.240625 -0.296875 0
-0.246875 -0.328125 0
-0.225 -0.307292 0
-0.234375 -0.265625 0
-0.221875 -0.291667 0
-0.309375 -0.286458 0
-0.315625 -0.317708 0
-0.328125 -0.291667 0
-0.303125 -0.255208 0
-0.325 -0.276042 0
-0.434375 -0.203125 0
-0.421875 -0.229167 0
-0.453125 -0.208333 0
-0.440625 -0.234375 0
-0.378125 -0.1875 0
-0.365625 -0.213542 0
-0.359375 -0.182292 0
-0.346875 -0.208333 0
-0.4125 -0.182292 0
-0.45 -0.192708 0
-0.428125 -0.171875 0
-0.375 -0.171875 0
-0.409375 -0.166667 0
-0.3875 -0.234375 0
-0.425 -0.244792 0
-0.390625 -0.25 0
-0.35 -0.223958 0
-0.371875 -0.244792 0
0.2625 -0.317708 0
0.296875 -0.3125 0
0.265625 -0.333333 0
0.3 -0.328125 0
0.253125 -0.270833 0
0.2875 -0.265625 0
0.25 -0.255208 0
0.284375 -0.25 0
0.240625 -0.296875 0
0.246875 -0.328125 0
0.225 -0.307292 0
0.234375 -0.265625 0
0.221875 -0.291667 0
0.309375 -0.286458 0
0.315625 -0.317708 0
0.328125 -0.291667 0
0.303125 -0.255208 0
0.325 -0.276042 0
0.4125 -0.359375 0
0.390625 -0.338542 0
0.396875 -0.369792 0
0.375 -0.348958 0
0.459375 -0.328125 0
0.4375 -0.307292 0
0.475 -0.317708 0
0.453125 -0.296875 0
0.446875 -0.354167 0
0.415625 -0.375 0
0.45 -0.369792 0
0.478125 -0.333333 0
0.465625 -0.359375 0
0.403125 -0.3125 0
0.371875 -0.333333 0
0.384375 -0.307292 0
0.434375 -0.291667 0
0.4 -0.296875 0
0.140625 -0.114583 0
0.15625 -0.0833334 0
0.15625 -0.125 0
0.171875 -0.09375 0
0.09375 -0.0833334 0
0.109375 -0.0520833 0
0.078125 -0.0729167 0
0.09375 -0.0416667 0
0.109375 -0.114583 0
0.140625 -0.135417 0
0.109375 -0.135417 0
0.078125 -0.09375 0
0.09375 -0.125 0
0.140625 -0.0520833 0
0.171875 -0.0729167 0
0.15625 -0.0416667 0
0.109375 -0.03125 0
0.140625 -0.03125 0
0.378125 -0.1875 0
0.365625 -0.213542 0
0.359375 -0.182292 0
0.346875 -0.208333 0
0.434375 -0.203125 0
0.421875 -0.229167 0
0.453125 -0.208333 0
0.440625 -0.234375 0
0.4125 -0.182292 0
0.375 -0.171875 0
0.409375 -0.166667 0
0.45 -0.192708 0
0.428125 -0.171875 0
0.3875 -0.234375 0
0.35 -0.223958 0
0.371875 -0.244792 0
0.425 -0.244792 0
0.390625 -0.25 0
0.265625 -0.03125 0
0.234375 -0.03125 0
0.265625 -0.0520833 0
0.234375 -0.0520833 0
0.265625 0.03125 0
0.234375 0.03125 0
0.265625 0.0520833 0
0.234375 0.0520833 0
0.28125 0 0
0.28125 -0.0416667 0
0.296875 -0.0104167 0
0.28125 0.0416667 0
0.296875 0.0104167 0
0.21875 0 0
0.21875 -0.0416667 0
0.203125 -0.0104167 0
0.21875 0.0416667 0
0.203125 0.0104167 0
-0.09375 -0.0833334 0
-0.109375 -0.0520833 0
-0.078125 -0.0729167 0
-0.09375 -0.0416667 0
-0.140625 -0.114583 0
-0.15625 -0.0833334 0
-0.15625 -0.125 0
-0.171875 -0.09375 0
-0.109375 -0.114583 0
-0.078125 -0.09375 0
-0.09375 -0.125 0
-0.140625 -0.135417 0
-0.109375 -0.135417 0
-0.140625 -0.0520833 0
-0.109375 -0.03125 0
-0.140625 -0.03125 0
-0.171875 -0.0729167 0
-0.15625 -0.0416667 0
0.09375 0.0833334 0
0.109375 0.0520833 0
0.078125 0.0729167 0
0.09375 0.0416667 0
0.140625 0.114583 0
0.15625 0.0833334 0
0.15625 0.125 0
0.171875 0.09375 0
0.109375 0.114583 0
0.078125 0.09375 0
0.09375 0.125 0
0.140625 0.135417 0
0.109375 0.135417 0
0.140625 0.0520833 0
0.109375 0.03125 0
0.140625 0.03125 0
0.171875 0.0729167 0
0.15625 0.0416667 0
-0.09375 0.0833334 0
-0.109375 0.0520833 0
-0.078125 0.0729167 0
-0.09375 0.0416667 0
-0.140625 0.114583 0
-0.15625 0.0833334 0
-0.15625 0.125 0
-0.171875 0.09375 0
-0.109375 0.114583 0
-0.078125 0.09375 0
-0.09375 0.125 0
-0.140625 0.135417 0
-0.109375 0.135417 0
-0.140625 0.0520833 0
-0.109375 0.03125 0
-0.140625 0.03125 0
-0.171875 0.0729167 0
-0.15625 0.0416667 0
-0.265625 -0.03125 0
-0.234375 -0.03125 0
-0.265625 -0.0520833 0
-0.234375 -0.0520833 0
-0.265625 0.03125 0
-0.234375 0.03125 0
-0.265625 0.0520833 0
-0.234375 0.0520833 0
-0.28125 0 0
-0.28125 -0.0416667 0
-0.296875 -0.0104167 0
-0.28125 0.0416667 0
-0.296875 0.0104167 0
-0.21875 0 0
-0.21875 -0.0416667 0
-0.203125 -0.0104167 0
-0.21875 0.0416667 0
-0.203125 0.0104167 0
0.434375 0.203125 0
0.421875 0.229167 0
0.453125 0.208333 0
0.440625 0.234375 0
0.378125 0.1875 0
0.365625 0.213542 0
0.359375 0.182292 0
0.346875 0.208333 0
0.4125 0.182292 0
0.45 0.192708 0
0.428125 0.171875 0
0.375 0.171875 0
0.409375 0.166667 0
0.3875 0.234375 0
0.425 0.244792 0
0.390625 0.25 0
0.35 0.223958 0
0.371875 0.244792 0
0.459375 0.328125 0
0.4375 0.307292 0
0.475 0.317708 0
0.453125 0.296875 0
0.4125 0.359375 0
0.390625 0.338542 0
0.396875 0.369792 0
0.375 0.348958 0
0.446875 0.354167 0
0.478125 0.333333 0
0.465625 0.359375 0
0.415625 0.375 0
0.45 0.369792 0
0.403125 0.3125 0
0.434375 0.291667 0
0.4 0.296875 0
0.371875 0.333333 0
0.384375 0.307292 0
0.253125 0.270833 0
0.2875 0.265625 0
0.25 0.255208 0
0.284375 0.25 0
0.2625 0.317708 0
0.296875 0.3125 0
0.265625 0.333333 0
0.3 0.328125 0
0.240625 0.296875 0
0.234375 0.265625 0
0.221875 0.291667 0
0.246875 0.328125 0
0.225 0.307292 0
0.309375 0.286458 0
0.303125 0.255208 0
0.325 0.276042 0
0.315625 0.317708 0
0.328125 0.291667 0
-0.2625 0.317708 0
-0.296875 0.3125 0
-0.265625 0.333333 0
-0.3 0.328125 0
-0.253125 0.270833 0
-0.2875 0.265625 0
-0.25 0.255208 0
-0.284375 0.25 0
-0.240625 0.296875 0
-0.246875 0.328125 0
-0.225 0.307292 0
-0.234375 0.265625 0
-0.221875 0.291667 0
-0.309375 0.286458 0
-0.315625 0.317708 0
-0.328125 0.291667 0
-0.303125 0.255208 0
-0.325 0.276042 0
-0.4125 0.359375 0
-0.390625 0.338542 0
-0.396875 0.369792 0
-0.375 0.348958 0
-0.459375 0.328125 0
-0.4375 0.307292 0
-0.475 0.317708 0
-0.453125 0.296875 0
-0.446875 0.354167 0
-0.415625 0.375 0
-0.45 0.369792 0
-0.478125 0.333333 0
-0.465625 0.359375 0
-0.403125 0.3125 0
-0.371875 0.333333 0
-0.384375 0.307292 0
-0.434375 0.291667 0
-0.4 0.296875 0
-0.378125 0.1875 0
-0.365625 0.213542 0
-0.359375 0.182292 0
-0.346875 0.208333 0
-0.434375 0.203125 0
-0.421875 0.229167 0
-0.453125 0.208333 0
-0.440625 0.234375 0
-0.4125 0.182292 0
-0.375 0.171875 0
-0.409375 0.166667 0
-0.45 0.192708 0
-0.428125 0.171875 0
-0.3875 0.234375 0
-0.35 0.223958 0
-0.371875 0.244792 0
-0.425 0.244792 0
-0.390625 0.25 0
-0.9125 -0.96875 0
-0.920833 -0.953125 0
-0.9 -0.953125 0
-0.975 -0.90625 0
-0.9625 -0.911458 0
-0.9625 -0.890625 0
-0.4125 -0.96875 0
-0.4 -0.953125 0
-0.420833 -0.953125 0
-0.25 -0.958333 0
-0.260417 -0.9375 0
-0.239583 -0.9375 0
-0.3375 -0.911458 0
-0.31875 -0.90625 0
-0.327083 -0.890625 0
0.25 -0.958333 0
0.260417 -0.9375 0
0.239583 -0.9375 0
0.4125 -0.96875 0
0.4 -0.953125 0
0.420833 -0.953125 0
0.31875 -0.90625 0
0.3375 -0.911458 0
0.327083 -0.890625 0
0.9125 -0.96875 0
0.920833 -0.953125 0
0.9 -0.953125 0
0.975 -0.90625 0
0.9625 -0.911458 0
0.9625 -0.890625 0
0.975 -0.40625 0
0.9625 -0.390625 0
0.9625 -0.411458 0
0.96875 -0.25 0
0.953125 -0.260417 0
0.953125 -0.239583 0
0.93125 -0.328125 0
0.928125 -0.3125 0
0.915625 -0.317708 0
0.96875 0.25 0
0.953125 0.260417 0
0.953125 0.239583 0
0.975 0.40625 0
0.9625 0.390625 0
0.9625 0.411458 0
0.928125 0.3125 0
0.93125 0.328125 0
0.915625 0.317708 0
0.975 0.90625 0
0.9625 0.911458 0
0.9625 0.890625 0
0.9125 0.96875 0
0.920833 0.953125 0
0.9 0.953125 0
0.4125 0.96875 0
0.4 0.953125 0
0.420833 0.953125 0
0.25 0.958333 0
0.260417 0.9375 0
0.239583 0.9375 0
0.3375 0.911458 0
0.31875 0.90625 0
0.327083 0.890625 0
-0.25 0.958333 0
-0.260417 0.9375 0
-0.239583 0.9375 0
-0.4125 0.96875 0
-0.4 0.953125 0
-0.420833 0.953125 0
-0.31875 0.90625 0
-0.3375 0.911458 0
-0.327083 0.890625 0
-0.9125 0.96875 0
-0.920833 0.953125 0
-0.9 0.953125 0
-0.975 0.90625 0
-0.9625 0.911458 0
-0.9625 0.890625 0
-0.975 0.40625 0
-0.9625 0.390625 0
-0.9625 0.411458 0
-0.96875 0.25 0
-0.953125 0.260417 0
-0.953125 0.239583 0
-0.93125 0.328125 0
-0.928125 0.3125 0
-0.915625 0.317708 0
-0.975 -0.40625 0
-0.9625 -0.390625 0
-0.9625 -0.411458 0
-0.96875 -0.25 0
-0.953125 -0.260417 0
-0.953125 -0.239583 0
-0.93125 -0.328125 0
-0.928125 -0.3125 0
-0.915625 -0.317708 0
-0.620833 -0.578125 0
-0.6 -0.578125 0
-0.6625 -0.536458 0
-0.6625 -0.515625 0
-0.6125 -0.59375 0
-0.675 -0.53125 0
-0.5375 -0.536458 0
-0.527083 -0.515625 0
-0.51875 -0.53125 0
-0.63125 -0.453125 0
-0.615625 -0.442708 0
-0.628125 -0.4375 0
-0.5375 -0.453125 0
-0.553125 -0.442708 0
-0.534375 -0.4375 0
-0.0104167 -0.4375 0
0.0104167 -0.4375 0
-0.06875 -0.40625 0
-0.0770833 -0.390625 0
0 -0.458333 0
-0.0875 -0.411458 0
0.06875 -0.40625 0
0.0770833 -0.390625 0
0.0875 -0.411458 0
-0.0875 -0.328125 0
-0.084375 -0.3125 0
-0.103125 -0.317708 0
0.0875 -0.328125 0
0.084375 -0.3125 0
0.103125 -0.317708 0
0.046875 -0.260417 0
0.03125 -0.25 0
0.046875 -0.239583 0
-0.03125 -0.25 0
-0.046875 -0.260417 0
-0.046875 -0.239583 0
0.6 -0.578125 0
0.620833 -0.578125 0
0.5375 -0.536458 0
0.527083 -0.515625 0
0.6125 -0.59375 0
0.51875 -0.53125 0
0.6625 -0.536458 0
0.6625 -0.515625 0
0.675 -0.53125 0
0.63125 -0.453125 0
0.615625 -0.442708 0
0.628125 -0.4375 0
0.5375 -0.453125 0
0.553125 -0.442708 0
0.534375 -0.4375 0
0.578125 -0.0104167 0
0.578125 0.0104167 0
0.553125 -0.0625 0
0.540625 -0.0677083 0
0.59375 0 0
0.55625 -0.078125 0
0.553125 0.0625 0
0.540625 0.0677083 0
0.55625 0.078125 0
0.459375 -0.0625 0
0.478125 -0.0677083 0
0.421875 -0.0104167 0
0.421875 0.0104167 0
0.4625 -0.078125 0
0.40625 0 0
0.478125 0.0677083 0
0.459375 0.0625 0
0.4625 0.078125 0
0.6625 0.515625 0
0.6625 0.536458 0
0.63125 0.453125 0
0.615625 0.442708 0
0.675 0.53125 0
0.628125 0.4375 0
0.620833 0.578125 0
0.6 0.578125 0
0.6125 0.59375 0
0.5375 0.536458 0
0.527083 0.515625 0
0.51875 0.53125 0
0.553125 0.442708 0
0.5375 0.453125 0
0.534375 0.4375 0
0.0104167 0.4375 0
-0.0104167 0.4375 0
0.06875 0.40625 0
0.0770833 0.390625 0
0 0.458333 0
0.0875 0.411458 0
-0.06875 0.40625 0
-0.0770833 0.390625 0
-0.0875 0.411458 0
0.03125 0.25 0
0.046875 0.260417 0
-0.03125 0.25 0
-0.046875 0.260417 0
0.046875 0.239583 0
-0.046875 0.239583 0
0.084375 0.3125 0
0.0875 0.328125 0
0.103125 0.317708 0
-0.0875 0.328125 0
-0.084375 0.3125 0
-0.103125 0.317708 0
-0.6 0.578125 0
-0.620833 0.578125 0
-0.5375 0.536458 0
-0.527083 0.515625 0
-0.6125 0.59375 0
-0.51875 0.53125 0
-0.6625 0.536458 0
-0.6625 0.515625 0
-0.675 0.53125 0
-0.63125 0.453125 0
-0.615625 0.442708 0
-0.628125 0.4375 0
-0.5375 0.453125 0
-0.553125 0.442708 0
-0.534375 0.4375 0
-0.578125 0.0104167 0
-0.578125 -0.0104167 0
-0.553125 0.0625 0
-0.540625 0.0677083 0
-0.59375 0 0
-0.55625 0.078125 0
-0.553125 -0.0625 0
-0.540625 -0.0677083 0
-0.55625 -0.078125 0
-0.478125 -0.0677083 0
-0.459375 -0.0625 0
-0.4625 -0.078125 0
-0.421875 -0.0104167 0
-0.421875 0.0104167 0
-0.40625 0 0
-0.459375 0.0625 0
-0.478125 0.0677083 0
-0.4625 0.078125 0
-0.745833 -0.96875 0
-0.733333 -0.953125 0
-0.754167 -0.953125 0
-0.579167 -0.96875 0
-0.5875 -0.953125 0
-0.566667 -0.953125 0
-0.666667 -0.921875 0
-0.645833 -0.921875 0
-0.654167 -0.90625 0
-0.975 -0.739583 0
-0.9625 -0.723958 0
-0.9625 -0.744792 0
-0.975 -0.572917 0
-0.9625 -0.578125 0
-0.9625 -0.557292 0
-0.9375 -0.651042 0
-0.9375 -0.630208 0
-0.925 -0.635417 0
-0.820833 -0.828125 0
-0.8 -0.828125 0
-0.8625 -0.786458 0
-0.8625 -0.765625 0
-0.8125 -0.84375 0
-0.875 -0.78125 0
-0.720833 -0.703125 0
-0.7125 -0.71875 0
-0.7625 -0.661458 0
-0.775 -0.65625 0
-0.7 -0.703125 0
-0.7625 -0.640625 0
-0.733333 -0.796875 0
-0.720833 -0.78125 0
-0.7125 -0.796875 0
-0.8375 -0.692708 0
-0.825 -0.677083 0
-0.8375 -0.671875 0
-0.0833334 -0.958333 0
-0.0729167 -0.9375 0
-0.09375 -0.9375 0
0.0833334 -0.958333 0
0.0729167 -0.9375 0
0.09375 -0.9375 0
-0.0104167 -0.895833 0
0.0104167 -0.895833 0
0 -0.875 0
-0.466667 -0.828125 0
-0.4875 -0.828125 0
-0.404167 -0.786458 0
-0.39375 -0.765625 0
-0.479167 -0.84375 0
-0.385417 -0.78125 0
-0.533333 -0.703125 0
-0.545833 -0.71875 0
-0.470833 -0.661458 0
-0.452083 -0.65625 0
-0.554167 -0.703125 0
-0.460417 -0.640625 0
-0.545833 -0.796875 0
-0.554167 -0.78125 0
-0.566667 -0.796875 0
-0.389583 -0.692708 0
-0.397917 -0.677083 0
-0.379167 -0.671875 0
-0.177083 -0.770833 0
-0.15625 -0.770833 0
-0.235417 -0.739583 0
-0.24375 -0.723958 0
-0.166667 -0.791667 0
-0.254167 -0.744792 0
-0.09375 -0.604167 0
-0.0833334 -0.625 0
-0.152083 -0.572917 0
-0.170833 -0.578125 0
-0.0729167 -0.604167 0
-0.160417 -0.557292 0
-0.09375 -0.729167 0
-0.0833334 -0.708333 0
-0.0729167 -0.729167 0
-0.239583 -0.651042 0
-0.229167 -0.630208 0
-0.247917 -0.635417 0
0.579167 -0.96875 0
0.5875 -0.953125 0
0.566667 -0.953125 0
0.745833 -0.96875 0
0.733333 -0.953125 0
0.754167 -0.953125 0
0.645833 -0.921875 0
0.666667 -0.921875 0
0.654167 -0.90625 0
0.177083 -0.770833 0
0.15625 -0.770833 0
0.235417 -0.739583 0
0.24375 -0.723958 0
0.166667 -0.791667 0
0.254167 -0.744792 0
0.09375 -0.604167 0
0.0833334 -0.625 0
0.152083 -0.572917 0
0.170833 -0.578125 0
0.0729167 -0.604167 0
0.160417 -0.557292 0
0.09375 -0.729167 0
0.0833334 -0.708333 0
0.0729167 -0.729167 0
0.239583 -0.651042 0
0.229167 -0.630208 0
0.247917 -0.635417 0
0.466667 -0.828125 0
0.4875 -0.828125 0
0.404167 -0.786458 0
0.39375 -0.765625 0
0.479167 -0.84375 0
0.385417 -0.78125 0
0.533333 -0.703125 0
0.545833 -0.71875 0
0.470833 -0.661458 0
0.452083 -0.65625 0
0.554167 -0.703125 0
0.460417 -0.640625 0
0.545833 -0.796875 0
0.554167 -0.78125 0
0.566667 -0.796875 0
0.389583 -0.692708 0
0.397917 -0.677083 0
0.379167 -0.671875 0
0.975 -0.739583 0
0.9625 -0.723958 0
0.9625 -0.744792 0
0.975 -0.572917 0
0.9625 -0.578125 0
0.9625 -0.557292 0
0.9375 -0.651042 0
0.9375 -0.630208 0
0.925 -0.635417 0
0.820833 -0.828125 0
0.8 -0.828125 0
0.8625 -0.786458 0
0.8625 -0.765625 0
0.8125 -0.84375 0
0.875 -0.78125 0
0.720833 -0.703125 0
0.7125 -0.71875 0
0.7625 -0.661458 0
0.775 -0.65625 0
0.7 -0.703125 0
0.7625 -0.640625 0
0.733333 -0.796875 0
0.720833 -0.78125 0
0.7125 -0.796875 0
0.8375 -0.692708 0
0.825 -0.677083 0
0.8375 -0.671875 0
0.96875 -0.0833334 0
0.953125 -0.0729167 0
0.953125 -0.09375 0
0.96875 0.0833334 0
0.953125 0.0729167 0
0.953125 0.09375 0
0.921875 -0.0104167 0
0.921875 0.0104167 0
0.90625 0 0
0.8625 -0.432292 0
0.8625 -0.453125 0
0.83125 -0.369792 0
0.815625 -0.359375 0
0.875 -0.447917 0
0.828125 -0.354167 0
0.7625 -0.473958 0
0.775 -0.489583 0
0.73125 -0.411458 0
0.728125 -0.395833 0
0.7625 -0.494792 0
0.715625 -0.401042 0
0.8375 -0.505208 0
0.825 -0.510417 0
0.8375 -0.526042 0
0.759375 -0.348958 0
0.746875 -0.354167 0
0.74375 -0.338542 0
0.828125 -0.177083 0
0.828125 -0.15625 0
0.803125 -0.229167 0
0.790625 -0.234375 0
0.84375 -0.166667 0
0.80625 -0.244792 0
0.703125 -0.09375 0
0.71875 -0.0833334 0
0.678125 -0.145833 0
0.68125 -0.161458 0
0.703125 -0.0729167 0
0.665625 -0.151042 0
0.796875 -0.09375 0
0.78125 -0.0833334 0
0.796875 -0.0729167 0
0.734375 -0.223958 0
0.71875 -0.213542 0
0.721875 -0.229167 0
0.975 0.572917 0
0.9625 0.578125 0
0.9625 0.557292 0
0.975 0.739583 0
0.9625 0.723958 0
0.9625 0.744792 0
0.9375 0.630208 0
0.9375 0.651042 0
0.925 0.635417 0
0.828125 0.177083 0
0.828125 0.15625 0
0.803125 0.229167 0
0.790625 0.234375 0
0.84375 0.166667 0
0.80625 0.244792 0
0.703125 0.09375 0
0.71875 0.0833334 0
0.678125 0.145833 0
0.68125 0.161458 0
0.703125 0.0729167 0
0.665625 0.151042 0
0.796875 0.09375 0
0.78125 0.0833334 0
0.796875 0.0729167 0
0.734375 0.223958 0
0.71875 0.213542 0
0.721875 0.229167 0
0.8625 0.432292 0
0.8625 0.453125 0
0.83125 0.369792 0
0.815625 0.359375 0
0.875 0.447917 0
0.828125 0.354167 0
0.7625 0.473958 0
0.775 0.489583 0
0.73125 0.411458 0
0.728125 0.395833 0
0.7625 0.494792 0
0.715625 0.401042 0
0.8375 0.505208 0
0.825 0.510417 0
0.8375 0.526042 0
0.759375 0.348958 0
0.746875 0.354167 0
0.74375 0.338542 0
0.745833 0.96875 0
0.733333 0.953125 0
0.754167 0.953125 0
0.579167 0.96875 0
0.5875 0.953125 0
0.566667 0.953125 0
0.666667 0.921875 0
0.645833 0.921875 0
0.654167 0.90625 0
0.8625 0.786458 0
0.8625 0.765625 0
0.820833 0.828125 0
0.8 0.828125 0
0.875 0.78125 0
0.8125 0.84375 0
0.7625 0.661458 0
0.775 0.65625 0
0.720833 0.703125 0
0.7125 0.71875 0
0.7625 0.640625 0
0.7 0.703125 0
0.8375 0.692708 0
0.825 0.677083 0
0.8375 0.671875 0
0.733333 0.796875 0
0.720833 0.78125 0
0.7125 0.796875 0
0.0833334 0.958333 0
0.0729167 0.9375 0
0.09375 0.9375 0
-0.0833334 0.958333 0
-0.0729167 0.9375 0
-0.09375 0.9375 0
0.0104167 0.895833 0
-0.0104167 0.895833 0
0 0.875 0
0.466667 0.828125 0
0.4875 0.828125 0
0.404167 0.786458 0
0.39375 0.765625 0
0.479167 0.84375 0
0.385417 0.78125 0
0.533333 0.703125 0
0.545833 0.71875 0
0.470833 0.661458 0
0.452083 0.65625 0
0.554167 0.703125 0
0.460417 0.640625 0
0.545833 0.796875 0
0.554167 0.78125 0
0.566667 0.796875 0
0.389583 0.692708 0
0.397917 0.677083 0
0.379167 0.671875 0
0.177083 0.770833 0
0.15625 0.770833 0
0.235417 0.739583 0
0.24375 0.723958 0
0.166667 0.791667 0
0.254167 0.744792 0
0.09375 0.604167 0
0.0833334 0.625 0
0.152083 0.572917 0
0.170833 0.578125 0
0.0729167 0.604167 0
0.160417 0.557292 0
0.09375 0.729167 0
0.0833334 0.708333 0
0.0729167 0.729167 0
0.239583 0.651042 0
0.229167 0.630208 0
0.247917 0.635417 0
-0.579167 0.96875 0
-0.5875 0.953125 0
-0.566667 0.953125 0
-0.745833 0.96875 0
-0.733333 0.953125 0
-0.754167 0.953125 0
-0.645833 0.921875 0
-0.666667 0.921875 0
-0.654167 0.90625 0
-0.177083 0.770833 0
-0.15625 0.770833 0
-0.235417 0.739583 0
-0.24375 0.723958 0
-0.166667 0.791667 0
-0.254167 0.744792 0
-0.09375 0.604167 0
-0.0833334 0.625 0
-0.152083 0.572917 0
-0.170833 0.578125 0
-0.0729167 0.604167 0
-0.160417 0.557292 0
-0.09375 0.729167 0
-0.0833334 0.708333 0
-0.0729167 0.729167 0
-0.239583 0.651042 0
-0.229167 0.630208 0
-0.247917 0.635417 0
-0.466667 0.828125 0
-0.4875 0.828125 0
-0.404167 0.786458 0
-0.39375 0.765625 0
-0.479167 0.84375 0
-0.385417 0.78125 0
-0.533333 0.703125 0
-0.545833 0.71875 0
-0.470833 0.661458 0
-0.452083 0.65625 0
-0.554167 0.703125 0
-0.460417 0.640625 0
-0.545833 0.796875 0
-0.554167 0.78125 0
-0.566667 0.796875 0
-0.389583 0.692708 0
-0.397917 0.677083 0
-0.379167 0.671875 0
-0.975 0.739583 0
-0.9625 0.723958 0
-0.9625 0.744792 0
-0.975 0.572917 0
-0.9625 0.578125 0
-0.9625 0.557292 0
-0.9375 0.651042 0
-0.9375 0.630208 0
-0.925 0.635417 0
-0.820833 0.828125 0
-0.8 0.828125 0
-0.8625 0.786458 0
-0.8625 0.765625 0
-0.8125 0.84375 0
-0.875 0.78125 0
-0.720833 0.703125 0
-0.7125 0.71875 0
-0.7625 0.661458 0
-0.775 0.65625 0
-0.7 0.703125 0
-0.7625 0.640625 0
-0.733333 0.796875 0
-0.720833 0.78125 0
-0.7125 0.796875 0
-0.8375 0.692708 0
-0.825 0.677083 0
-0.8375 0.671875 0
-0.96875 0.0833334 0
-0.953125 0.0729167 0
-0.953125 0.09375 0
-0.96875 -0.0833334 0
-0.953125 -0.0729167 0
-0.953125 -0.09375 0
-0.921875 0.0104167 0
-0.921875 -0.0104167 0
-0.90625 0 0
-0.8625 0.432292 0
-0.8625 0.453125 0
-0.83125 0.369792 0
-0.815625 0.359375 0
-0.875 0.447917 0
-0.828125 0.354167 0
-0.7625 0.473958 0
-0.775 0.489583 0
-0.73125 0.411458 0
-0.728125 0.395833 0
-0.7625 0.494792 0
-0.715625 0.401042 0
-0.8375 0.505208 0
-0.825 0.510417 0
-0.8375 0.526042 0
-0.759375 0.348958 0
-0.746875 0.354167 0
-0.74375 0.338542 0
-0.828125 0.177083 0
-0.828125 0.15625 0
-0.803125 0.229167 0
-0.790625 0.234375 0
-0.84375 0.166667 0
-0.80625 0.244792 0
-0.703125 0.09375 0
-0.71875 0.0833334 0
-0.678125 0.145833 0
-0.68125 0.161458 0
-0.703125 0.0729167 0
-0.665625 0.151042 0
-0.796875 0.09375 0
-0.78125 0.0833334 0
-0.796875 0.0729167 0
-0.734375 0.223958 0
-0.71875 0.213542 0
-0.721875 0.229167 0
-0.8625 -0.432292 0
-0.8625 -0.453125 0
-0.83125 -0.369792 0
-0.815625 -0.359375 0
-0.875 -0.447917 0
-0.828125 -0.354167 0
-0.7625 -0.473958 0
-0.775 -0.489583 0
-0.73125 -0.411458 0
-0.728125 -0.395833 0
-0.7625 -0.494792 0
-0.715625 -0.401042 0
-0.8375 -0.505208 0
-0.825 -0.510417 0
-0.8375 -0.526042 0
-0.759375 -0.348958 0
-0.746875 -0.354167 0
-0.74375 -0.338542 0
-0.828125 -0.177083 0
-0.828125 -0.15625 0
-0.803125 -0.229167 0
-0.790625 -0.234375 0
-0.84375 -0.166667 0
-0.80625 -0.244792 0
-0.703125 -0.09375 0
-0.71875 -0.0833334 0
-0.678125 -0.145833 0
-0.68125 -0.161458 0
-0.703125 -0.0729167 0
-0.665625 -0.151042 0
-0.796875 -0.09375 0
-0.78125 -0.0833334 0
-0.796875 -0.0729167 0
-0.734375 -0.223958 0
-0.71875 -0.213542 0
-0.721875 -0.229167 0
-0.377083 -0.473958 0
-0.36875 -0.489583 0
-0.3875 -0.411458 0
-0.384375 -0.395833 0
-0.3875 -0.494792 0
-0.403125 -0.401042 0
-0.227083 -0.432292 0
-0.2375 -0.453125 0
-0.2375 -0.369792 0
-0.253125 -0.359375 0
-0.21875 -0.447917 0
-0.234375 -0.354167 0
-0.314583 -0.510417 0
-0.295833 -0.505208 0
-0.30625 -0.526042 0
-0.340625 -0.354167 0
-0.321875 -0.348958 0
-0.3375 -0.338542 0
-0.590625 -0.317708 0
-0.603125 -0.3125 0
-0.528125 -0.317708 0
-0.509375 -0.3125 0
-0.60625 -0.328125 0
-0.5125 -0.328125 0
-0.565625 -0.192708 0
-0.58125 -0.203125 0
-0.503125 -0.192708 0
-0.4875 -0.203125 0
-0.578125 -0.1875 0
-0.484375 -0.1875 0
-0.621875 -0.270833 0
-0.61875 -0.255208 0
-0.634375 -0.265625 0
-0.465625 -0.270833 0
-0.4625 -0.255208 0
-0.446875 -0.265625 0
0.227083 -0.432292 0
0.2375 -0.453125 0
0.2375 -0.369792 0
0.253125 -0.359375 0
0.21875 -0.447917 0
0.234375 -0.354167 0
0.377083 -0.473958 0
0.36875 -0.489583 0
0.3875 -0.411458 0
0.384375 -0.395833 0
0.3875 -0.494792 0
0.403125 -0.401042 0
0.295833 -0.505208 0
0.314583 -0.510417 0
0.30625 -0.526042 0
0.321875 -0.348958 0
0.340625 -0.354167 0
0.3375 -0.338542 0
0.209375 -0.229167 0
0.228125 -0.234375 0
0.171875 -0.177083 0
0.171875 -0.15625 0
0.2125 -0.244792 0
0.15625 -0.166667 0
0.334375 -0.145833 0
0.3375 -0.161458 0
0.296875 -0.09375 0
0.28125 -0.0833334 0
0.353125 -0.151042 0
0.296875 -0.0729167 0
0.296875 -0.223958 0
0.3125 -0.213542 0
0.315625 -0.229167 0
0.203125 -0.09375 0
0.21875 -0.0833334 0
0.203125 -0.0729167 0
0.03125 -0.0833334 0
0.046875 -0.0729167 0
-0.03125 -0.0833334 0
-0.046875 -0.0729167 0
0.046875 -0.09375 0
-0.046875 -0.09375 0
0.03125 0.0833334 0
0.046875 0.0729167 0
-0.03125 0.0833334 0
-0.046875 0.0729167 0
0.046875 0.09375 0
-0.046875 0.09375 0
0.078125 -0.0104167 0
0.078125 0.0104167 0
0.09375 0 0
-0.078125 -0.0104167 0
-0.078125 0.0104167 0
-0.09375 0 0
-0.209375 -0.229167 0
-0.228125 -0.234375 0
-0.171875 -0.177083 0
-0.171875 -0.15625 0
-0.2125 -0.244792 0
-0.15625 -0.166667 0
-0.334375 -0.145833 0
-0.3375 -0.161458 0
-0.296875 -0.09375 0
-0.28125 -0.0833334 0
-0.353125 -0.151042 0
-0.296875 -0.0729167 0
-0.296875 -0.223958 0
-0.3125 -0.213542 0
-0.315625 -0.229167 0
-0.203125 -0.09375 0
-0.21875 -0.0833334 0
-0.203125 -0.0729167 0
0.590625 -0.317708 0
0.603125 -0.3125 0
0.528125 -0.317708 0
0.509375 -0.3125 0
0.60625 -0.328125 0
0.5125 -0.328125 0
0.565625 -0.192708 0
0.58125 -0.203125 0
0.503125 -0.192708 0
0.4875 -0.203125 0
0.578125 -0.1875 0
0.484375 -0.1875 0
0.621875 -0.270833 0
0.61875 -0.255208 0
0.634375 -0.265625 0
0.465625 -0.270833 0
0.4625 -0.255208 0
0.446875 -0.265625 0
0.565625 0.192708 0
0.58125 0.203125 0
0.503125 0.192708 0
0.4875 0.203125 0
0.578125 0.1875 0
0.484375 0.1875 0
0.590625 0.317708 0
0.603125 0.3125 0
0.528125 0.317708 0
0.509375 0.3125 0
0.60625 0.328125 0
0.5125 0.328125 0
0.61875 0.255208 0
0.621875 0.270833 0
0.634375 0.265625 0
0.4625 0.255208 0
0.465625 0.270833 0
0.446875 0.265625 0
0.296875 0.09375 0
0.28125 0.0833334 0
0.334375 0.145833 0
0.3375 0.161458 0
0.296875 0.0729167 0
0.353125 0.151042 0
0.171875 0.177083 0
0.171875 0.15625 0
0.209375 0.229167 0
0.228125 0.234375 0
0.15625 0.166667 0
0.2125 0.244792 0
0.21875 0.0833334 0
0.203125 0.09375 0
0.203125 0.0729167 0
0.3125 0.213542 0
0.296875 0.223958 0
0.315625 0.229167 0
0.377083 0.473958 0
0.36875 0.489583 0
0.3875 0.411458 0
0.384375 0.395833 0
0.3875 0.494792 0
0.403125 0.401042 0
0.227083 0.432292 0
0.2375 0.453125 0
0.2375 0.369792 0
0.253125 0.359375 0
0.21875 0.447917 0
0.234375 0.354167 0
0.314583 0.510417 0
0.295833 0.505208 0
0.30625 0.526042 0
0.340625 0.354167 0
0.321875 0.348958 0
0.3375 0.338542 0
-0.227083 0.432292 0
-0.2375 0.453125 0
-0.2375 0.369792 0
-0.253125 0.359375 0
-0.21875 0.447917 0
-0.234375 0.354167 0
-0.377083 0.473958 0
-0.36875 0.489583 0
-0.3875 0.411458 0
-0.384375 0.395833 0
-0.3875 0.494792 0
-0.403125 0.401042 0
-0.295833 0.505208 0
-0.314583 0.510417 0
-0.30625 0.526042 0
-0.321875 0.348958 0
-0.340625 0.354167 0
-0.3375 0.338542 0
-0.171875 0.177083 0
-0.171875 0.15625 0
-0.209375 0.229167 0
-0.228125 0.234375 0
-0.15625 0.166667 0
-0.2125 0.244792 0
-0.296875 0.09375 0
-0.28125 0.0833334 0
-0.334375 0.145833 0
-0.3375 0.161458 0
-0.296875 0.0729167 0
-0.353125 0.151042 0
-0.203125 0.09375 0
-0.21875 0.0833334 0
-0.203125 0.0729167 0
-0.296875 0.223958 0
-0.3125 0.213542 0
-0.315625 0.229167 0
-0.590625 0.317708 0
-0.603125 0.3125 0
-0.528125 0.317708 0
-0.509375 0.3125 0
-0.60625 0.328125 0
-0.5125 0.328125 0
-0.565625 0.192708 0
-0.58125 0.203125 0
-0.503125 0.192708 0
-0.4875 0.203125 0
-0.578125 0.1875 0
-0.484375 0.1875 0
-0.621875 0.270833 0
-0.61875 0.255208 0
-0.634375 0.265625 0
-0.465625 0.270833 0
-0.4625 0.255208 0
-0.446875 0.265625 0
-0.833333 -0.921875 0
-0.8125 -0.921875 0
-0.820833 -0.90625 0
-0.9375 -0.817708 0
-0.9375 -0.796875 0
-0.925 -0.802083 0
-0.479167 -0.921875 0
-0.5 -0.921875 0
-0.4875 -0.90625 0
-0.177083 -0.895833 0
-0.15625 -0.895833 0
-0.166667 -0.875 0
-0.322917 -0.817708 0
-0.33125 -0.802083 0
-0.3125 -0.796875 0
0.177083 -0.895833 0
0.15625 -0.895833 0
0.166667 -0.875 0
0.479167 -0.921875 0
0.5 -0.921875 0
0.4875 -0.90625 0
0.322917 -0.817708 0
0.3125 -0.796875 0
0.33125 -0.802083 0
0.833333 -0.921875 0
0.8125 -0.921875 0
0.820833 -0.90625 0
0.9375 -0.817708 0
0.9375 -0.796875 0
0.925 -0.802083 0
0.9375 -0.463542 0
0.9375 -0.484375 0
0.925 -0.46875 0
0.921875 -0.177083 0
0.921875 -0.15625 0
0.90625 -0.166667 0
0.859375 -0.307292 0
0.846875 -0.3125 0
0.84375 -0.296875 0
0.921875 0.177083 0
0.921875 0.15625 0
0.90625 0.166667 0
0.9375 0.463542 0
0.9375 0.484375 0
0.925 0.46875 0
0.859375 0.307292 0
0.84375 0.296875 0
0.846875 0.3125 0
0.9375 0.817708 0
0.9375 0.796875 0
0.925 0.802083 0
0.833333 0.921875 0
0.8125 0.921875 0
0.820833 0.90625 0
0.479167 0.921875 0
0.5 0.921875 0
0.4875 0.90625 0
0.177083 0.895833 0
0.15625 0.895833 0
0.166667 0.875 0
0.322917 0.817708 0
0.33125 0.802083 0
0.3125 0.796875 0
-0.177083 0.895833 0
-0.15625 0.895833 0
-0.166667 0.875 0
-0.479167 0.921875 0
-0.5 0.921875 0
-0.4875 0.90625 0
-0.322917 0.817708 0
-0.3125 0.796875 0
-0.33125 0.802083 0
-0.833333 0.921875 0
-0.8125 0.921875 0
-0.820833 0.90625 0
-0.9375 0.817708 0
-0.9375 0.796875 0
-0.925 0.802083 0
-0.9375 0.463542 0
-0.9375 0.484375 0
-0.925 0.46875 0
-0.921875 0.177083 0
-0.921875 0.15625 0
-0.90625 0.166667 0
-0.859375 0.307292 0
-0.846875 0.3125 0
-0.84375 0.296875 0
-0.9375 -0.463542 0
-0.9375 -0.484375 0
-0.925 -0.46875 0
-0.921875 -0.177083 0
-0.921875 -0.15625 0
-0.90625 -0.166667 0
-0.859375 -0.307292 0
-0.846875 -0.3125 0
-0.84375 -0.296875 0
-0.620833 -0.65625 0
-0.633333 -0.671875 0
-0.6125 -0.671875 0
-0.725 -0.552083 0
-0.7375 -0.567708 0
-0.7375 -0.546875 0
-0.464583 -0.552083 0
-0.45625 -0.567708 0
-0.445833 -0.546875 0
-0.646875 -0.395833 0
-0.659375 -0.390625 0
-0.64375 -0.380208 0
-0.490625 -0.395833 0
-0.471875 -0.390625 0
-0.4875 -0.380208 0
0 -0.541667 0
-0.0104167 -0.5625 0
0.0104167 -0.5625 0
-0.145833 -0.463542 0
-0.15625 -0.484375 0
-0.164583 -0.46875 0
0.145833 -0.463542 0
0.15625 -0.484375 0
0.164583 -0.46875 0
-0.171875 -0.307292 0
-0.190625 -0.3125 0
-0.1875 -0.296875 0
0.171875 -0.307292 0
0.190625 -0.3125 0
0.1875 -0.296875 0
0.078125 -0.177083 0
0.09375 -0.166667 0
0.078125 -0.15625 0
-0.078125 -0.177083 0
-0.078125 -0.15625 0
-0.09375 -0.166667 0
0.620833 -0.65625 0
0.6125 -0.671875 0
0.633333 -0.671875 0
0.464583 -0.552083 0
0.45625 -0.567708 0
0.445833 -0.546875 0
0.725 -0.552083 0
0.7375 -0.567708 0
0.7375 -0.546875 0
0.646875 -0.395833 0
0.659375 -0.390625 0
0.64375 -0.380208 0
0.490625 -0.395833 0
0.471875 -0.390625 0
0.4875 -0.380208 0
0.65625 0 0
0.671875 -0.0104167 0
0.671875 0.0104167 0
0.59375 -0.130208 0
0.609375 -0.140625 0
0.596875 -0.145833 0
0.59375 0.130208 0
0.609375 0.140625 0
0.596875 0.145833 0
0.4375 -0.130208 0
0.421875 -0.140625 0
0.440625 -0.145833 0
0.34375 0 0
0.328125 -0.0104167 0
0.328125 0.0104167 0
0.4375 0.130208 0
0.440625 0.145833 0
0.421875 0.140625 0
0.725 0.552083 0
0.7375 0.546875 0
0.7375 0.567708 0
0.646875 0.395833 0
0.659375 0.390625 0
0.64375 0.380208 0
0.620833 0.65625 0
0.633333 0.671875 0
0.6125 0.671875 0
0.464583 0.552083 0
0.45625 0.567708 0
0.445833 0.546875 0
0.490625 0.395833 0
0.4875 0.380208 0
0.471875 0.390625 0
0 0.541667 0
0.0104167 0.5625 0
-0.0104167 0.5625 0
0.145833 0.463542 0
0.15625 0.484375 0
0.164583 0.46875 0
-0.145833 0.463542 0
-0.15625 0.484375 0
-0.164583 0.46875 0
0.078125 0.177083 0
0.078125 0.15625 0
0.09375 0.166667 0
-0.078125 0.177083 0
-0.078125 0.15625 0
-0.09375 0.166667 0
0.171875 0.307292 0
0.1875 0.296875 0
0.190625 0.3125 0
-0.171875 0.307292 0
-0.190625 0.3125 0
-0.1875 0.296875 0
-0.620833 0.65625 0
-0.6125 0.671875 0
-0.633333 0.671875 0
-0.464583 0.552083 0
-0.45625 0.567708 0
-0.445833 0.546875 0
-0.725 0.552083 0
-0.7375 0.567708 0
-0.7375 0.546875 0
-0.646875 0.395833 0
-0.659375 0.390625 0
-0.64375 0.380208 0
-0.490625 0.395833 0
-0.471875 0.390625 0
-0.4875 0.380208 0
-0.65625 0 0
-0.671875 0.0104167 0
-0.671875 -0.0104167 0
-0.59375 0.130208 0
-0.609375 0.140625 0
-0.596875 0.145833 0
-0.59375 -0.130208 0
-0.609375 -0.140625 0
-0.596875 -0.145833 0
-0.4375 -0.130208 0
-0.440625 -0.145833 0
-0.421875 -0.140625 0
-0.34375 0 0
-0.328125 -0.0104167 0
-0.328125 0.0104167 0
-0.4375 0.130208 0
-0.421875 0.140625 0
-0.440625 0.145833 0
-0.645833 -0.84375 0
-0.654167 -0.828125 0
-0.633333 -0.828125 0
-0.875 -0.614583 0
-0.8625 -0.619792 0
-0.8625 -0.598958 0
0 -0.791667 0
-0.0104167 -0.770833 0
0.0104167 -0.770833 0
-0.320833 -0.619792 0
-0.302083 -0.614583 0
-0.310417 -0.598958 0
0.645833 -0.84375 0
0.633333 -0.828125 0
0.654167 -0.828125 0
0.302083 -0.614583 0
0.320833 -0.619792 0
0.310417 -0.598958 0
0.875 -0.614583 0
0.8625 -0.619792 0
0.8625 -0.598958 0
0.84375 0 0
0.828125 -0.0104167 0
0.828125 0.0104167 0
0.70625 -0.286458 0
0.703125 -0.270833 0
0.690625 -0.276042 0
0.875 0.614583 0
0.8625 0.598958 0
0.8625 0.619792 0
0.703125 0.270833 0
0.70625 0.286458 0
0.690625 0.276042 0
0.645833 0.84375 0
0.654167 0.828125 0
0.633333 0.828125 0
0 0.791667 0
0.0104167 0.770833 0
-0.0104167 0.770833 0
0.320833 0.619792 0
0.302083 0.614583 0
0.310417 0.598958 0
-0.645833 0.84375 0
-0.633333 0.828125 0
-0.654167 0.828125 0
-0.302083 0.614583 0
-0.320833 0.619792 0
-0.310417 0.598958 0
-0.875 0.614583 0
-0.8625 0.619792 0
-0.8625 0.598958 0
-0.84375 0 0
-0.828125 0.0104167 0
-0.828125 -0.0104167 0
-0.70625 0.286458 0
-0.703125 0.270833 0
-0.690625 0.276042 0
-0.70625 -0.286458 0
-0.703125 -0.270833 0
-0.690625 -0.276042 0
-0.3625 -0.286458 0
-0.378125 -0.276042 0
-0.359375 -0.270833 0
0.3625 -0.286458 0
0.359375 -0.270833 0
0.378125 -0.276042 0
0.171875 -0.0104167 0
0.15625 0 0
0.171875 0.0104167 0
-0.15625 0 0
-0.171875 -0.0104167 0
-0.171875 0.0104167 0
0.378125 0.276042 0
0.359375 0.270833 0
0.3625 0.286458 0
-0.3625 0.286458 0
-0.359375 0.270833 0
-0.378125 0.276042 0
3 13  3478  3479
3 934  8637  3478
3 935  3479  8637
3 3478  8637  3479
3 286  4994  4991
3 2301  8639  4994
3 934  4991  8639
3 4994  8639  4991
3 287  4997  4999
3 935  8641  4997
3 2301  4999  8641
3 4997  8641  4999
3 934  8639  8637
3 2301  8641  8639
3 935  8637  8641
3 8639  8641  8637
3 118  4034  4031
3 1490  10188  4034
3 1487  4031  10188
3 4034  10188  4031
3 693  7387  7385
3 2303  10199  7387
3 1490  7385  10199
3 7387  10199  7385
3 286  4992  4996
3 1487  10190  4992
3 2303  4996  10190
3 4992  10190  4996
3 1490  10199  10188
3 2303  10190  10199
3 1487  10188  10190
3 10199  10190  10188
3 119  4037  4039
3 1493  10205  4037
3 1495  4039  10205
3 4037  10205  4039
3 287  5001  4998
3 2305  10207  5001
3 1493  4998  10207
3 5001  10207  4998
3 693  7386  7388
3 1495  10214  7386
3 2305  7388  10214
3 7386  10214  7388
3 1493  10207  10205
3 2305  10214  10207
3 1495  10205  10214
3 10207  10214  10205
3 286  4996  4994
3 2303  12383  4996
3 2301  4994  12383
3 4996  12383  4994
3 693  7388  7387
3 2305  12385  7388
3 2303  7387  12385
3 7388  12385  7387
3 287  4999  5001
3 2301  12384  4999
3 2305  5001  12384
3 4999  12384  5001
3 2303  12385  12383
3 2305  12384  12385
3 2301  12383  12384
3 12385  12384  12383
3 55  3704  3701
3 1160  9270  3704
3 1157  3701  9270
3 3704  9270  3701
3 512  6301  6299
3 2934  9281  6301
3 1160  6299  9281
3 6301  9281  6299
3 509  6281  6284
3 1157  9272  6281
3 2934  6284  9272
3 6281  9272  6284
3 1160  9281  9270
3 2934  9272  9281
3 1157  9270  9272
3 9281  9272  9270
3 220  4645  4643
3 2101  12023  4645
3 2099  4643  12023
3 4645  12023  4643
3 695  7400  7398
3 2945  12032  7400
3 2101  7398  12032
3 7400  12032  7398
3 512  6300  6303
3 2099  12025  6300
3 2945  6303  12025
3 6300  12025  6303
3 2101  12032  12023
3 2945  12025  12032
3 2099  12023  12025
3 12032  12025  12023
3 118  4032  4036
3 1488  10192  4032
3 1492  4036  10192
3 4032  10192  4036
3 509  6286  6282
3 2936  10194  6286
3 1488  6282  10194
3 6286  10194  6282
3 695  7397  7399
3 1492  10203  7397
3 2936  7399  10203
3 7397  10203  7399
3 1488  10194  10192
3 2936  10203  10194
3 1492  10192  10203
3 10194  10203  10192
3 512  6303  6301
3 2945  13016  6303
3 2934  6301  13016
3 6303  13016  6301
3 695  7399  7400
3 2936  13018  7399
3 2945  7400  13018
3 7399  13018  7400
3 509  6284  6286
3 2934  13015  6284
3 2936  6286  13015
3 6284  13015  6286
3 2945  13018  13016
3 2936  13015  13018
3 2934  13016  13015
3 13018  13015  13016
3 56  3707  3709
3 1163  9287  3707
3 1165  3709  9287
3 3707  9287  3709
3 515  6319  6317
3 2951  9289  6319
3 1163  6317  9289
3 6319  9289  6317
3 517  6329  6331
3 1165  9296  6329
3 2951  6331  9296
3 6329  9296  6331
3 1163  9289  9287
3 2951  9296  9289
3 1165  9287  9296
3 9289  9296  9287
3 119  4041  4038
3 1497  10209  4041
3 1494  4038  10209
3 4041  10209  4038
3 697  7411  7409
3 2953  10219  7411
3 1497  7409  10219
3 7411  10219  7409
3 515  6318  6321
3 1494  10211  6318
3 2953  6321  10211
3 6318  10211  6321
3 1497  10219  10209
3 2953  10211  10219
3 1494  10209  10211
3 10219  10211  10209
3 220  4644  4646
3 2100  12027  4644
3 2102  4646  12027
3 4644  12027  4646
3 517  6333  6330
3 2960  12029  6333
3 2100  6330  12029
3 6333  12029  6330
3 697  7410  7412
3 2102  12034  7410
3 2960  7412  12034
3 7410  12034  7412
3 2100  12029  12027
3 2960  12034  12029
3 2102  12027  12034
3 12029  12034  12027
3 515  6321  6319
3 2953  13031  6321
3 2951  6319  13031
3 6321  13031  6319
3 697  7412  7411
3 2960  13035  7412
3 2953  7411  13035
3 7412  13035  7411
3 517  6331  6333
3 2951  13032  6331
3 2960  6333  13032
3 6331  13032  6333
3 2953  13035  13031
3 2960  13032  13035
3 2951  13031  13032
3 13035  13032  13031
3 118  4036  4034
3 1492  10198  4036
3 1490  4034  10198
3 4036  10198  4034
3 695  7401  7397
3 3239  10204  7401
3 1492  7397  10204
3 7401  10204  7397
3 693  7385  7389
3 1490  10200  7385
3 3239  7389  10200
3 7385  10200  7389
3 1492  10204  10198
3 3239  10200  10204
3 1490  10198  10200
3 10204  10200  10198
3 220  4646  4645
3 2102  12031  4646
3 2101  4645  12031
3 4646  12031  4645
3 697  7414  7410
3 3241  12035  7414
3 2102  7410  12035
3 7414  12035  7410
3 695  7398  7402
3 2101  12033  7398
3 3241  7402  12033
3 7398  12033  7402
3 2102  12035  12031
3 3241  12033  12035
3 2101  12031  12033
3 12035  12033  12031
3 119  4039  4041
3 1495  10213  4039
3 1497  4041  10213
3 4039  10213  4041
3 693  7390  7386
3 3240  10215  7390
3 1495  7386  10215
3 7390  10215  7386
3 697  7409  7413
3 1497  10220  7409
3 3240  7413  10220
3 7409  10220  7413
3 1495  10215  10213
3 3240  10220  10215
3 1497  10213  10220
3 10215  10220  10213
3 695  7402  7401
3 3241  13320  7402
3 3239  7401  13320
3 7402  13320  7401
3 697  7413  7414
3 3240  13321  7413
3 3241  7414  13321
3 7413  13321  7414
3 693  7389  7390
3 3239  13319  7389
3 3240  7390  13319
3 7389  13319  7390
3 3241  13321  13320
3 3240  13319  13321
3 3239  13320  13319
3 13321  13319  13320
3 15  3491  3488
3 947  8668  3491
3 944  3488  8668
3 3491  8668  3488
3 299  5071  5069
3 2332  8676  5071
3 947  5069  8676
3 5071  8676  5069
3 296  5051  5054
3 944  8670  5051
3 2332  5054  8670
3 5051  8670  5054
3 947  8676  8668
3 2332  8670  8676
3 944  8668  8670
3 8676  8670  8668
3 131  4111  4109
3 1567  10421  4111
3 1565  4109  10421
3 4111  10421  4109
3 724  7574  7572
3 2340  10430  7574
3 1567  7572  10430
3 7574  10430  7572
3 299  5070  5073
3 1565  10423  5070
3 2340  5073  10423
3 5070  10423  5073
3 1567  10430  10421
3 2340  10423  10430
3 1565  10421  10423
3 10430  10423  10421
3 128  4091  4094
3 1547  10368  4091
3 1550  4094  10368
3 4091  10368  4094
3 296  5056  5052
3 2334  10370  5056
3 1547  5052  10370
3 5056  10370  5052
3 724  7571  7573
3 1550  10379  7571
3 2334  7573  10379
3 7571  10379  7573
3 1547  10370  10368
3 2334  10379  10370
3 1550  10368  10379
3 10370  10379  10368
3 299  5073  5071
3 2340  12416  5073
3 2332  5071  12416
3 5073  12416  5071
3 724  7573  7574
3 2334  12418  7573
3 2340  7574  12418
3 7573  12418  7574
3 296  5054  5056
3 2332  12415  5054
3 2334  5056  12415
3 5054  12415  5056
3 2340  12418  12416
3 2334  12415  12418
3 2332  12416  12415
3 12418  12415  12416
3 60  3733  3731
3 1189  9359  3733
3 1187  3731  9359
3 3733  9359  3731
3 541  6475  6473
3 3023  9368  6475
3 1189  6473  9368
3 6475  9368  6473
3 539  6461  6463
3 1187  9361  6461
3 3023  6463  9361
3 6461  9361  6463
3 1189  9368  9359
3 3023  9361  9368
3 1187  9359  9361
3 9368  9361  9359
3 222  4658  4656
3 2114  12063  4658
3 2112  4656  12063
3 4658  12063  4656
3 732  7622  7620
3 3032  12070  7622
3 2114  7620  12070
3 7622  12070  7620
3 541  6474  6477
3 2112  12065  6474
3 3032  6477  12065
3 6474  12065  6477
3 2114  12070  12063
3 3032  12065  12070
3 2112  12063  12065
3 12070  12065  12063
3 131  4110  4113
3 1566  10425  4110
3 1569  4113  10425
3 4110  10425  4113
3 539  6465  6462
3 3025  10427  6465
3 1566  6462  10427
3 6465  10427  6462
3 732  7619  7621
3 1569  10435  7619
3 3025  7621  10435
3 7619  10435  7621
3 1566  10427  10425
3 3025  10435  10427
3 1569  10425  10435
3 10427  10435  10425
3 541  6477  6475
3 3032  13104  6477
3 3023  6475  13104
3 6477  13104  6475
3 732  7621  7622
3 3025  13107  7621
3 3032  7622  13107
3 7621  13107  7622
3 539  6463  6465
3 3023  13103  6463
3 3025  6465  13103
3 6463  13103  6465
3 3032  13107  13104
3 3025  13103  13107
3 3023  13104  13103
3 13107  13103  13104
3 55  3702  3706
3 1158  9274  3702
3 1162  3706  9274
3 3702  9274  3706
3 510  6290  6287
3 2938  9276  6290
3 1158  6287  9276
3 6290  9276  6287
3 514  6311  6313
3 1162  9285  6311
3 2938  6313  9285
3 6311  9285  6313
3 1158  9276  9274
3 2938  9285  9276
3 1162  9274  9285
3 9276  9285  9274
3 128  4096  4092
3 1552  10372  4096
3 1548  4092  10372
3 4096  10372  4092
3 726  7585  7583
3 2940  10383  7585
3 1552  7583  10383
3 7585  10383  7583
3 510  6288  6292
3 1548  10374  6288
3 2940  6292  10374
3 6288  10374  6292
3 1552  10383  10372
3 2940  10374  10383
3 1548  10372  10374
3 10383  10374  10372
3 222  4655  4657
3 2111  12059  4655
3 2113  4657  12059
3 4655  12059  4657
3 514  6315  6312
3 2949  12061  6315
3 2111  6312  12061
3 6315  12061  6312
3 726  7584  7586
3 2113  12068  7584
3 2949  7586  12068
3 7584  12068  7586
3 2111  12061  12059
3 2949  12068  12061
3 2113  12059  12068
3 12061  12068  12059
3 510  6292  6290
3 2940  13021  6292
3 2938  6290  13021
3 6292  13021  6290
3 726  7586  7585
3 2949  13024  7586
3 2940  7585  13024
3 7586  13024  7585
3 514  6313  6315
3 2938  13022  6313
3 2949  6315  13022
3 6313  13022  6315
3 2940  13024  13021
3 2949  13022  13024
3 2938  13021  13022
3 13024  13022  13021
3 131  4113  4111
3 1569  10429  4113
3 1567  4111  10429
3 4113  10429  4111
3 732  7623  7619
3 3272  10436  7623
3 1569  7619  10436
3 7623  10436  7619
3 724  7572  7576
3 1567  10431  7572
3 3272  7576  10431
3 7572  10431  7576
3 1569  10436  10429
3 3272  10431  10436
3 1567  10429  10431
3 10436  10431  10429
3 222  4657  4658
3 2113  12067  4657
3 2114  4658  12067
3 4657  12067  4658
3 726  7588  7584
3 3274  12069  7588
3 2113  7584  12069
3 7588  12069  7584
3 732  7620  7624
3 2114  12071  7620
3 3274  7624  12071
3 7620  12071  7624
3 2113  12069  12067
3 3274  12071  12069
3 2114  12067  12071
3 12069  12071  12067
3 128  4094  4096
3 1550  10378  4094
3 1552  4096  10378
3 4094  10378  4096
3 724  7575  7571
3 3271  10380  7575
3 1550  7571  10380
3 7575  10380  7571
3 726  7583  7587
3 1552  10384  7583
3 3271  7587  10384
3 7583  10384  7587
3 1550  10380  10378
3 3271  10384  10380
3 1552  10378  10384
3 10380  10384  10378
3 732  7624  7623
3 3274  13354  7624
3 3272  7623  13354
3 7624  13354  7623
3 726  7587  7588
3 3271  13353  7587
3 3274  7588  13353
3 7587  13353  7588
3 724  7576  7575
3 3272  13352  7576
3 3271  7575  13352
3 7576  13352  7575
3 3274  13353  13354
3 3271  13352  13353
3 3272  13354  13352
3 13353  13352  13354
3 17  3499  3500
3 955  8700  3499
3 956  3500  8700
3 3499  8700  3500
3 307  5119  5117
3 2364  8702  5119
3 955  5117  8702
3 5119  8702  5117
3 308  5123  5125
3 956  8705  5123
3 2364  5125  8705
3 5123  8705  5125
3 955  8702  8700
3 2364  8705  8702
3 956  8700  8705
3 8702  8705  8700
3 139  4159  4157
3 1615  10565  4159
3 1613  4157  10565
3 4159  10565  4157
3 756  7765  7763
3 2366  10574  7765
3 1615  7763  10574
3 7765  10574  7763
3 307  5118  5121
3 1613  10567  5118
3 2366  5121  10567
3 5118  10567  5121
3 1615  10574  10565
3 2366  10567  10574
3 1613  10565  10567
3 10574  10567  10565
3 140  4163  4165
3 1619  10583  4163
3 1621  4165  10583
3 4163  10583  4165
3 308  5127  5124
3 2369  10585  5127
3 1619  5124  10585
3 5127  10585  5124
3 756  7764  7766
3 1621  10592  7764
3 2369  7766  10592
3 7764  10592  7766
3 1619  10585  10583
3 2369  10592  10585
3 1621  10583  10592
3 10585  10592  10583
3 307  5121  5119
3 2366  12446  5121
3 2364  5119  12446
3 5121  12446  5119
3 756  7766  7765
3 2369  12450  7766
3 2366  7765  12450
3 7766  12450  7765
3 308  5125  5127
3 2364  12447  5125
3 2369  5127  12447
3 5125  12447  5127
3 2366  12450  12446
3 2369  12447  12450
3 2364  12446  12447
3 12450  12447  12446
3 56  3711  3708
3 1167  9291  3711
3 1164  3708  9291
3 3711  9291  3708
3 519  6343  6341
3 2955  9301  6343
3 1167  6341  9301
3 6343  9301  6341
3 516  6323  6325
3 1164  9293  6323
3 2955  6325  9293
3 6323  9293  6325
3 1167  9301  9291
3 2955  9293  9301
3 1164  9291  9293
3 9301  9293  9291
3 224  4669  4667
3 2125  12095  4669
3 2123  4667  12095
3 4669  12095  4667
3 758  7778  7776
3 2965  12104  7778
3 2125  7776  12104
3 7778  12104  7776
3 519  6342  6345
3 2123  12097  6342
3 2965  6345  12097
3 6342  12097  6345
3 2125  12104  12095
3 2965  12097  12104
3 2123  12095  12097
3 12104  12097  12095
3 139  4158  4161
3 1614  10569  4158
3 1617  4161  10569
3 4158  10569  4161
3 516  6327  6324
3 2957  10571  6327
3 1614  6324  10571
3 6327  10571  6324
3 758  7775  7777
3 1617  10579  7775
3 2957  7777  10579
3 7775  10579  7777
3 1614  10571  10569
3 2957  10579  10571
3 1617  10569  10579
3 10571  10579  10569
3 519  6345  6343
3 2965  13038  6345
3 2955  6343  13038
3 6345  13038  6343
3 758  7777  7778
3 2957  13041  7777
3 2965  7778  13041
3 7777  13041  7778
3 516  6325  6327
3 2955  13037  6325
3 2957  6327  13037
3 6325  13037  6327
3 2965  13041  13038
3 2957  13037  13041
3 2955  13038  13037
3 13041  13037  13038
3 60  3732  3734
3 1188  9363  3732
3 1190  3734  9363
3 3732  9363  3734
3 540  6469  6467
3 3027  9365  6469
3 1188  6467  9365
3 6469  9365  6467
3 542  6479  6481
3 1190  9370  6479
3 3027  6481  9370
3 6479  9370  6481
3 1188  9365  9363
3 3027  9370  9365
3 1190  9363  9370
3 9365  9370  9363
3 140  4167  4164
3 1623  10587  4167
3 1620  4164  10587
3 4167  10587  4164
3 761  7795  7793
3 3029  10597  7795
3 1623  7793  10597
3 7795  10597  7793
3 540  6468  6471
3 1620  10589  6468
3 3029  6471  10589
3 6468  10589  6471
3 1623  10597  10587
3 3029  10589  10597
3 1620  10587  10589
3 10597  10589  10587
3 224  4668  4670
3 2124  12099  4668
3 2126  4670  12099
3 4668  12099  4670
3 542  6483  6480
3 3034  12101  6483
3 2124  6480  12101
3 6483  12101  6480
3 761  7794  7796
3 2126  12106  7794
3 3034  7796  12106
3 7794  12106  7796
3 2124  12101  12099
3 3034  12106  12101
3 2126  12099  12106
3 12101  12106  12099
3 540  6471  6469
3 3029  13109  6471
3 3027  6469  13109
3 6471  13109  6469
3 761  7796  7795
3 3034  13113  7796
3 3029  7795  13113
3 7796  13113  7795
3 542  6481  6483
3 3027  13110  6481
3 3034  6483  13110
3 6481  13110  6483
3 3029  13113  13109
3 3034  13110  13113
3 3027  13109  13110
3 13113  13110  13109
3 139  4161  4159
3 1617  10573  4161
3 1615  4159  10573
3 4161  10573  4159
3 758  7779  7775
3 3302  10580  7779
3 1617  7775  10580
3 7779  10580  7775
3 756  7763  7767
3 1615  10575  7763
3 3302  7767  10575
3 7763  10575  7767
3 1617  10580  10573
3 3302  10575  10580
3 1615  10573  10575
3 10580  10575  10573
3 224  4670  4669
3 2126  12103  4670
3 2125  4669  12103
3 4670  12103  4669
3 761  7798  7794
3 3306  12107  7798
3 2126  7794  12107
3 7798  12107  7794
3 758  7776  7780
3 2125  12105  7776
3 3306  7780  12105
3 7776  12105  7780
3 2126  12107  12103
3 3306  12105  12107
3 2125  12103  12105
3 12107  12105  12103
3 140  4165  4167
3 1621  10591  4165
3 1623  4167  10591
3 4165  10591  4167
3 756  7768  7764
3 3303  10593  7768
3 1621  7764  10593
3 7768  10593  7764
3 761  7793  7797
3 1623  10598  7793
3 3303  7797  10598
3 7793  10598  7797
3 1621  10593  10591
3 3303  10598  10593
3 1623  10591  10598
3 10593  10598  10591
3 758  7780  7779
3 3306  13383  7780
3 3302  7779  13383
3 7780  13383  7779
3 761  7797  7798
3 3303  13384  7797
3 3306  7798  13384
3 7797  13384  7798
3 756  7767  7768
3 3302  13382  7767
3 3303  7768  13382
3 7767  13382  7768
3 3306  13384  13383
3 3303  13382  13384
3 3302  13383  13382
3 13384  13382  13383
3 55  3706  3704
3 1162  9280  3706
3 1160  3704  9280
3 3706  9280  3704
3 514  6314  6311
3 2944  9286  6314
3 1162  6311  9286
3 6314  9286  6311
3 512  6299  6302
3 1160  9282  6299
3 2944  6302  9282
3 6299  9282  6302
3 1162  9286  9280
3 2944  9282  9286
3 1160  9280  9282
3 9286  9282  9280
3 222  4659  4655
3 2115  12060  4659
3 2111  4655  12060
3 4659  12060  4655
3 869  8444  8442
3 2950  12073  8444
3 2115  8442  12073
3 8444  12073  8442
3 514  6312  6316
3 2111  12062  6312
3 2950  6316  12062
3 6312  12062  6316
3 2115  12073  12060
3 2950  12062  12073
3 2111  12060  12062
3 12073  12062  12060
3 220  4643  4647
3 2099  12024  4643
3 2103  4647  12024
3 4643  12024  4647
3 512  6304  6300
3 2946  12026  6304
3 2099  6300  12026
3 6304  12026  6300
3 869  8441  8443
3 2103  12037  8441
3 2946  8443  12037
3 8441  12037  8443
3 2099  12026  12024
3 2946  12037  12026
3 2103  12024  12037
3 12026  12037  12024
3 514  6316  6314
3 2950  13029  6316
3 2944  6314  13029
3 6316  13029  6314
3 869  8443  8444
3 2946  13030  8443
3 2950  8444  13030
3 8443  13030  8444
3 512  6302  6304
3 2944  13028  6302
3 2946  6304  13028
3 6302  13028  6304
3 2950  13030  13029
3 2946  13028  13030
3 2944  13029  13028
3 13030  13028  13029
3 60  3734  3733
3 1190  9367  3734
3 1189  3733  9367
3 3734  9367  3733
3 542  6482  6479
3 3031  9371  6482
3 1190  6479  9371
3 6482  9371  6479
3 541  6473  6476
3 1189  9369  6473
3 3031  6476  9369
3 6473  9369  6476
3 1190  9371  9367
3 3031  9369  9371
3 1189  9367  9369
3 9371  9369  9367
3 224  4672  4668
3 2128  12100  4672
3 2124  4668  12100
3 4672  12100  4668
3 871  8456  8454
3 3035  12111  8456
3 2128  8454  12111
3 8456  12111  8454
3 542  6480  6484
3 2124  12102  6480
3 3035  6484  12102
3 6480  12102  6484
3 2128  12111  12100
3 3035  12102  12111
3 2124  12100  12102
3 12111  12102  12100
3 222  4656  4660
3 2112  12064  4656
3 2116  4660  12064
3 4656  12064  4660
3 541  6478  6474
3 3033  12066  6478
3 2112  6474  12066
3 6478  12066  6474
3 871  8453  8455
3 2116  12075  8453
3 3033  8455  12075
3 8453  12075  8455
3 2112  12066  12064
3 3033  12075  12066
3 2116  12064  12075
3 12066  12075  12064
3 542  6484  6482
3 3035  13116  6484
3 3031  6482  13116
3 6484  13116  6482
3 871  8455  8456
3 3033  13117  8455
3 3035  8456  13117
3 8455  13117  8456
3 541  6476  6478
3 3031  13115  6476
3 3033  6478  13115
3 6476  13115  6478
3 3035  13117  13116
3 3033  13115  13117
3 3031  13116  13115
3 13117  13115  13116
3 56  3709  3711
3 1165  9295  3709
3 1167  3711  9295
3 3709  9295  3711
3 517  6332  6329
3 2959  9297  6332
3 1165  6329  9297
3 6332  9297  6329
3 519  6341  6344
3 1167  9302  6341
3 2959  6344  9302
3 6341  9302  6344
3 1165  9297  9295
3 2959  9302  9297
3 1167  9295  9302
3 9297  9302  9295
3 220  4648  4644
3 2104  12028  4648
3 2100  4644  12028
3 4648  12028  4644
3 870  8449  8447
3 2961  12039  8449
3 2104  8447  12039
3 8449  12039  8447
3 517  6330  6334
3 2100  12030  6330
3 2961  6334  12030
3 6330  12030  6334
3 2104  12039  12028
3 2961  12030  12039
3 2100  12028  12030
3 12039  12030  12028
3 224  4667  4671
3 2123  12096  4667
3 2127  4671  12096
3 4667  12096  4671
3 519  6346  6342
3 2966  12098  6346
3 2123  6342  12098
3 6346  12098  6342
3 870  8448  8450
3 2127  12109  8448
3 2966  8450  12109
3 8448  12109  8450
3 2123  12098  12096
3 2966  12109  12098
3 2127  12096  12109
3 12098  12109  12096
3 517  6334  6332
3 2961  13043  6334
3 2959  6332  13043
3 6334  13043  6332
3 870  8450  8449
3 2966  13045  8450
3 2961  8449  13045
3 8450  13045  8449
3 519  6344  6346
3 2959  13044  6344
3 2966  6346  13044
3 6344  13044  6346
3 2961  13045  13043
3 2966  13044  13045
3 2959  13043  13044
3 13045  13044  13043
3 222  4660  4659
3 2116  12072  4660
3 2115  4659  12072
3 4660  12072  4659
3 871  8457  8453
3 3414  12076  8457
3 2116  8453  12076
3 8457  12076  8453
3 869  8442  8446
3 2115  12074  8442
3 3414  8446  12074
3 8442  12074  8446
3 2116  12076  12072
3 3414  12074  12076
3 2115  12072  12074
3 12076  12074  12072
3 224  4671  4672
3 2127  12108  4671
3 2128  4672  12108
3 4671  12108  4672
3 870  8452  8448
3 3415  12110  8452
3 2127  8448  12110
3 8452  12110  8448
3 871  8454  8458
3 2128  12112  8454
3 3415  8458  12112
3 8454  12112  8458
3 2127  12110  12108
3 3415  12112  12110
3 2128  12108  12112
3 12110  12112  12108
3 220  4647  4648
3 2103  12036  4647
3 2104  4648  12036
3 4647  12036  4648
3 869  8445  8441
3 3413  12038  8445
3 2103  8441  12038
3 8445  12038  8441
3 870  8447  8451
3 2104  12040  8447
3 3413  8451  12040
3 8447  12040  8451
3 2103  12038  12036
3 3413  12040  12038
3 2104  12036  12040
3 12038  12040  12036
3 871  8458  8457
3 3415  13495  8458
3 3414  8457  13495
3 8458  13495  8457
3 870  8451  8452
3 3413  13494  8451
3 3415  8452  13494
3 8451  13494  8452
3 869  8446  8445
3 3414  13493  8446
3 3413  8445  13493
3 8446  13493  8445
3 3415  13494  13495
3 3413  13493  13494
3 3414  13495  13493
3 13494  13493  13495
3 13  3479  3480
3 935  8640  3479
3 936  3480  8640
3 3479  8640  3480
3 287  5000  4997
3 2304  8642  5000
3 935  4997  8642
3 5000  8642  4997
3 288  5003  5006
3 936  8644  5003
3 2304  5006  8644
3 5003  8644  5006
3 935  8642  8640
3 2304  8644  8642
3 936  8640  8644
3 8642  8644  8640
3 119  4040  4037
3 1496  10206  4040
3 1493  4037  10206
3 4040  10206  4037
3 696  7405  7403
3 2306  10217  7405
3 1496  7403  10217
3 7405  10217  7403
3 287  4998  5002
3 1493  10208  4998
3 2306  5002  10208
3 4998  10208  5002
3 1496  10217  10206
3 2306  10208  10217
3 1493  10206  10208
3 10217  10208  10206
3 120  4043  4046
3 1499  10224  4043
3 1502  4046  10224
3 4043  10224  4046
3 288  5008  5004
3 2308  10226  5008
3 1499  5004  10226
3 5008  10226  5004
3 696  7404  7406
3 1502  10235  7404
3 2308  7406  10235
3 7404  10235  7406
3 1499  10226  10224
3 2308  10235  10226
3 1502  10224  10235
3 10226  10235  10224
3 287  5002  5000
3 2306  12386  5002
3 2304  5000  12386
3 5002  12386  5000
3 696  7406  7405
3 2308  12388  7406
3 2306  7405  12388
3 7406  12388  7405
3 288  5006  5008
3 2304  12387  5006
3 2308  5008  12387
3 5006  12387  5008
3 2306  12388  12386
3 2308  12387  12388
3 2304  12386  12387
3 12388  12387  12386
3 56  3710  3707
3 1166  9288  3710
3 1163  3707  9288
3 3710  9288  3707
3 518  6337  6335
3 2952  9299  6337
3 1166  6335  9299
3 6337  9299  6335
3 515  6317  6320
3 1163  9290  6317
3 2952  6320  9290
3 6317  9290  6320
3 1166  9299  9288
3 2952  9290  9299
3 1163  9288  9290
3 9299  9290  9288
3 223  4663  4661
3 2119  12077  4663
3 2117  4661  12077
3 4663  12077  4661
3 698  7418  7416
3 2963  12086  7418
3 2119  7416  12086
3 7418  12086  7416
3 518  6336  6339
3 2117  12079  6336
3 2963  6339  12079
3 6336  12079  6339
3 2119  12086  12077
3 2963  12079  12086
3 2117  12077  12079
3 12086  12079  12077
3 119  4038  4042
3 1494  10210  4038
3 1498  4042  10210
3 4038  10210  4042
3 515  6322  6318
3 2954  10212  6322
3 1494  6318  10212
3 6322  10212  6318
3 698  7415  7417
3 1498  10221  7415
3 2954  7417  10221
3 7415  10221  7417
3 1494  10212  10210
3 2954  10221  10212
3 1498  10210  10221
3 10212  10221  10210
3 518  6339  6337
3 2963  13034  6339
3 2952  6337  13034
3 6339  13034  6337
3 698  7417  7418
3 2954  13036  7417
3 2963  7418  13036
3 7417  13036  7418
3 515  6320  6322
3 2952  13033  6320
3 2954  6322  13033
3 6320  13033  6322
3 2963  13036  13034
3 2954  13033  13036
3 2952  13034  13033
3 13036  13033  13034
3 57  3713  3717
3 1169  9306  3713
3 1173  3717  9306
3 3713  9306  3717
3 521  6356  6353
3 2970  9308  6356
3 1169  6353  9308
3 6356  9308  6353
3 525  6377  6379
3 1173  9319  6377
3 2970  6379  9319
3 6377  9319  6379
3 1169  9308  9306
3 2970  9319  9308
3 1173  9306  9319
3 9308  9319  9306
3 120  4048  4044
3 1504  10228  4048
3 1500  4044  10228
3 4048  10228  4044
3 700  7429  7427
3 2972  10239  7429
3 1504  7427  10239
3 7429  10239  7427
3 521  6354  6358
3 1500  10230  6354
3 2972  6358  10230
3 6354  10230  6358
3 1504  10239  10228
3 2972  10230  10239
3 1500  10228  10230
3 10239  10230  10228
3 223  4662  4664
3 2118  12081  4662
3 2120  4664  12081
3 4662  12081  4664
3 525  6381  6378
3 2983  12083  6381
3 2118  6378  12083
3 6381  12083  6378
3 700  7428  7430
3 2120  12088  7428
3 2983  7430  12088
3 7428  12088  7430
3 2118  12083  12081
3 2983  12088  12083
3 2120  12081  12088
3 12083  12088  12081
3 521  6358  6356
3 2972  13051  6358
3 2970  6356  13051
3 6358  13051  6356
3 700  7430  7429
3 2983  13054  7430
3 2972  7429  13054
3 7430  13054  7429
3 525  6379  6381
3 2970  13052  6379
3 2983  6381  13052
3 6379  13052  6381
3 2972  13054  13051
3 2983  13052  13054
3 2970  13051  13052
3 13054  13052  13051
3 119  4042  4040
3 1498  10216  4042
3 1496  4040  10216
3 4042  10216  4040
3 698  7419  7415
3 3242  10222  7419
3 1498  7415  10222
3 7419  10222  7415
3 696  7403  7407
3 1496  10218  7403
3 3242  7407  10218
3 7403  10218  7407
3 1498  10222  10216
3 3242  10218  10222
3 1496  10216  10218
3 10222  10218  10216
3 223  4664  4663
3 2120  12085  4664
3 2119  4663  12085
3 4664  12085  4663
3 700  7432  7428
3 3244  12089  7432
3 2120  7428  12089
3 7432  12089  7428
3 698  7416  7420
3 2119  12087  7416
3 3244  7420  12087
3 7416  12087  7420
3 2120  12089  12085
3 3244  12087  12089
3 2119  12085  12087
3 12089  12087  12085
3 120  4046  4048
3 1502  10234  4046
3 1504  4048  10234
3 4046  10234  4048
3 696  7408  7404
3 3243  10236  7408
3 1502  7404  10236
3 7408  10236  7404
3 700  7427  7431
3 1504  10240  7427
3 3243  7431  10240
3 7427  10240  7431
3 1502  10236  10234
3 3243  10240  10236
3 1504  10234  10240
3 10236  10240  10234
3 698  7420  7419
3 3244  13323  7420
3 3242  7419  13323
3 7420  13323  7419
3 700  7431  7432
3 3243  13324  7431
3 3244  7432  13324
3 7431  13324  7432
3 696  7407  7408
3 3242  13322  7407
3 3243  7408  13322
3 7407  13322  7408
3 3244  13324  13323
3 3243  13322  13324
3 3242  13323  13322
3 13324  13322  13323
3 17  3503  3499
3 959  8701  3503
3 955  3499  8701
3 3503  8701  3499
3 311  5143  5141
3 2365  8712  5143
3 959  5141  8712
3 5143  8712  5141
3 307  5117  5120
3 955  8703  5117
3 2365  5120  8703
3 5117  8703  5120
3 959  8712  8701
3 2365  8703  8712
3 955  8701  8703
3 8712  8703  8701
3 143  4183  4181
3 1639  10637  4183
3 1637  4181  10637
3 4183  10637  4181
3 757  7772  7770
3 2376  10646  7772
3 1639  7770  10646
3 7772  10646  7770
3 311  5142  5145
3 1637  10639  5142
3 2376  5145  10639
3 5142  10639  5145
3 1639  10646  10637
3 2376  10639  10646
3 1637  10637  10639
3 10646  10639  10637
3 139  4157  4160
3 1613  10566  4157
3 1616  4160  10566
3 4157  10566  4160
3 307  5122  5118
3 2367  10568  5122
3 1613  5118  10568
3 5122  10568  5118
3 757  7769  7771
3 1616  10577  7769
3 2367  7771  10577
3 7769  10577  7771
3 1613  10568  10566
3 2367  10577  10568
3 1616  10566  10577
3 10568  10577  10566
3 311  5145  5143
3 2376  12449  5145
3 2365  5143  12449
3 5145  12449  5143
3 757  7771  7772
3 2367  12451  7771
3 2376  7772  12451
3 7771  12451  7772
3 307  5120  5122
3 2365  12448  5120
3 2367  5122  12448
3 5120  12448  5122
3 2376  12451  12449
3 2367  12448  12451
3 2365  12449  12448
3 12451  12448  12449
3 63  3751  3749
3 1207  9413  3751
3 1205  3749  9413
3 3751  9413  3749
3 559  6583  6581
3 3077  9422  6583
3 1207  6581  9422
3 6583  9422  6581
3 557  6569  6571
3 1205  9415  6569
3 3077  6571  9415
3 6569  9415  6571
3 1207  9422  9413
3 3077  9415  9422
3 1205  9413  9415
3 9422  9415  9413
3 225  4676  4674
3 2132  12117  4676
3 2130  4674  12117
3 4676  12117  4674
3 768  7838  7836
3 3086  12124  7838
3 2132  7836  12124
3 7838  12124  7836
3 559  6582  6585
3 2130  12119  6582
3 3086  6585  12119
3 6582  12119  6585
3 2132  12124  12117
3 3086  12119  12124
3 2130  12117  12119
3 12124  12119  12117
3 143  4182  4185
3 1638  10641  4182
3 1641  4185  10641
3 4182  10641  4185
3 557  6573  6570
3 3079  10643  6573
3 1638  6570  10643
3 6573  10643  6570
3 768  7835  7837
3 1641  10651  7835
3 3079  7837  10651
3 7835  10651  7837
3 1638  10643  10641
3 3079  10651  10643
3 1641  10641  10651
3 10643  10651  10641
3 559  6585  6583
3 3086  13158  6585
3 3077  6583  13158
3 6585  13158  6583
3 768  7837  7838
3 3079  13161  7837
3 3086  7838  13161
3 7837  13161  7838
3 557  6571  6573
3 3077  13157  6571
3 3079  6573  13157
3 6571  13157  6573
3 3086  13161  13158
3 3079  13157  13161
3 3077  13158  13157
3 13161  13157  13158
3 56  3708  3712
3 1164  9292  3708
3 1168  3712  9292
3 3708  9292  3712
3 516  6326  6323
3 2956  9294  6326
3 1164  6323  9294
3 6326  9294  6323
3 520  6347  6349
3 1168  9303  6347
3 2956  6349  9303
3 6347  9303  6349
3 1164  9294  9292
3 2956  9303  9294
3 1168  9292  9303
3 9294  9303  9292
3 139  4162  4158
3 1618  10570  4162
3 1614  4158  10570
3 4162  10570  4158
3 759  7783  7781
3 2958  10581  7783
3 1618  7781  10581
3 7783  10581  7781
3 516  6324  6328
3 1614  10572  6324
3 2958  6328  10572
3 6324  10572  6328
3 1618  10581  10570
3 2958  10572  10581
3 1614  10570  10572
3 10581  10572  10570
3 225  4673  4675
3 2129  12113  4673
3 2131  4675  12113
3 4673  12113  4675
3 520  6351  6348
3 2967  12115  6351
3 2129  6348  12115
3 6351  12115  6348
3 759  7782  7784
3 2131  12122  7782
3 2967  7784  12122
3 7782  12122  7784
3 2129  12115  12113
3 2967  12122  12115
3 2131  12113  12122
3 12115  12122  12113
3 516  6328  6326
3 2958  13039  6328
3 2956  6326  13039
3 6328  13039  6326
3 759  7784  7783
3 2967  13042  7784
3 2958  7783  13042
3 7784  13042  7783
3 520  6349  6351
3 2956  13040  6349
3 2967  6351  13040
3 6349  13040  6351
3 2958  13042  13039
3 2967  13040  13042
3 2956  13039  13040
3 13042  13040  13039
3 143  4185  4183
3 1641  10645  4185
3 1639  4183  10645
3 4185  10645  4183
3 768  7839  7835
3 3305  10652  7839
3 1641  7835  10652
3 7839  10652  7835
3 757  7770  7774
3 1639  10647  7770
3 3305  7774  10647
3 7770  10647  7774
3 1641  10652  10645
3 3305  10647  10652
3 1639  10645  10647
3 10652  10647  10645
3 225  4675  4676
3 2131  12121  4675
3 2132  4676  12121
3 4675  12121  4676
3 759  7786  7782
3 3307  12123  7786
3 2131  7782  12123
3 7786  12123  7782
3 768  7836  7840
3 2132  12125  7836
3 3307  7840  12125
3 7836  12125  7840
3 2131  12123  12121
3 3307  12125  12123
3 2132  12121  12125
3 12123  12125  12121
3 139  4160  4162
3 1616  10576  4160
3 1618  4162  10576
3 4160  10576  4162
3 757  7773  7769
3 3304  10578  7773
3 1616  7769  10578
3 7773  10578  7769
3 759  7781  7785
3 1618  10582  7781
3 3304  7785  10582
3 7781  10582  7785
3 1616  10578  10576
3 3304  10582  10578
3 1618  10576  10582
3 10578  10582  10576
3 768  7840  7839
3 3307  13387  7840
3 3305  7839  13387
3 7840  13387  7839
3 759  7785  7786
3 3304  13386  7785
3 3307  7786  13386
3 7785  13386  7786
3 757  7774  7773
3 3305  13385  7774
3 3304  7773  13385
3 7774  13385  7773
3 3307  13386  13387
3 3304  13385  13386
3 3305  13387  13385
3 13386  13385  13387
3 19  3512  3513
3 968  8739  3512
3 969  3513  8739
3 3512  8739  3513
3 320  5198  5195
3 2403  8741  5198
3 968  5195  8741
3 5198  8741  5195
3 321  5201  5203
3 969  8743  5201
3 2403  5203  8743
3 5201  8743  5203
3 968  8741  8739
3 2403  8743  8741
3 969  8739  8743
3 8741  8743  8739
3 152  4238  4235
3 1694  10800  4238
3 1691  4235  10800
3 4238  10800  4235
3 795  7999  7997
3 2405  10811  7999
3 1694  7997  10811
3 7999  10811  7997
3 320  5196  5200
3 1691  10802  5196
3 2405  5200  10802
3 5196  10802  5200
3 1694  10811  10800
3 2405  10802  10811
3 1691  10800  10802
3 10811  10802  10800
3 153  4241  4243
3 1697  10817  4241
3 1699  4243  10817
3 4241  10817  4243
3 321  5205  5202
3 2407  10819  5205
3 1697  5202  10819
3 5205  10819  5202
3 795  7998  8000
3 1699  10826  7998
3 2407  8000  10826
3 7998  10826  8000
3 1697  10819  10817
3 2407  10826  10819
3 1699  10817  10826
3 10819  10826  10817
3 320  5200  5198
3 2405  12485  5200
3 2403  5198  12485
3 5200  12485  5198
3 795  8000  7999
3 2407  12487  8000
3 2405  7999  12487
3 8000  12487  7999
3 321  5203  5205
3 2403  12486  5203
3 2407  5205  12486
3 5203  12486  5205
3 2405  12487  12485
3 2407  12486  12487
3 2403  12485  12486
3 12487  12486  12485
3 57  3718  3714
3 1174  9310  3718
3 1170  3714  9310
3 3718  9310  3714
3 526  6385  6383
3 2974  9321  6385
3 1174  6383  9321
3 6385  9321  6383
3 522  6359  6362
3 1170  9312  6359
3 2974  6362  9312
3 6359  9312  6362
3 1174  9321  9310
3 2974  9312  9321
3 1170  9310  9312
3 9321  9312  9310
3 226  4681  4679
3 2137  12131  4681
3 2135  4679  12131
3 4681  12131  4679
3 797  8012  8010
3 2985  12140  8012
3 2137  8010  12140
3 8012  12140  8010
3 526  6384  6387
3 2135  12133  6384
3 2985  6387  12133
3 6384  12133  6387
3 2137  12140  12131
3 2985  12133  12140
3 2135  12131  12133
3 12140  12133  12131
3 152  4236  4240
3 1692  10804  4236
3 1696  4240  10804
3 4236  10804  4240
3 522  6364  6360
3 2976  10806  6364
3 1692  6360  10806
3 6364  10806  6360
3 797  8009  8011
3 1696  10815  8009
3 2976  8011  10815
3 8009  10815  8011
3 1692  10806  10804
3 2976  10815  10806
3 1696  10804  10815
3 10806  10815  10804
3 526  6387  6385
3 2985  13058  6387
3 2974  6385  13058
3 6387  13058  6385
3 797  8011  8012
3 2976  13060  8011
3 2985  8012  13060
3 8011  13060  8012
3 522  6362  6364
3 2974  13057  6362
3 2976  6364  13057
3 6362  13057  6364
3 2985  13060  13058
3 2976  13057  13060
3 2974  13058  13057
3 13060  13057  13058
3 63  3750  3752
3 1206  9417  3750
3 1208  3752  9417
3 3750  9417  3752
3 558  6577  6575
3 3081  9419  6577
3 1206  6575  9419
3 6577  9419  6575
3 560  6587  6589
3 1208  9424  6587
3 3081  6589  9424
3 6587  9424  6589
3 1206  9419  9417
3 3081  9424  9419
3 1208  9417  9424
3 9419  9424  9417
3 153  4245  4242
3 1701  10821  4245
3 1698  4242  10821
3 4245  10821  4242
3 799  8023  8021
3 3083  10831  8023
3 1701  8021  10831
3 8023  10831  8021
3 558  6576  6579
3 1698  10823  6576
3 3083  6579  10823
3 6576  10823  6579
3 1701  10831  10821
3 3083  10823  10831
3 1698  10821  10823
3 10831  10823  10821
3 226  4680  4682
3 2136  12135  4680
3 2138  4682  12135
3 4680  12135  4682
3 560  6591  6588
3 3088  12137  6591
3 2136  6588  12137
3 6591  12137  6588
3 799  8022  8024
3 2138  12142  8022
3 3088  8024  12142
3 8022  12142  8024
3 2136  12137  12135
3 3088  12142  12137
3 2138  12135  12142
3 12137  12142  12135
3 558  6579  6577
3 3083  13163  6579
3 3081  6577  13163
3 6579  13163  6577
3 799  8024  8023
3 3088  13167  8024
3 3083  8023  13167
3 8024  13167  8023
3 560  6589  6591
3 3081  13164  6589
3 3088  6591  13164
3 6589  13164  6591
3 3083  13167  13163
3 3088  13164  13167
3 3081  13163  13164
3 13167  13164  13163
3 152  4240  4238
3 1696  10810  4240
3 1694  4238  10810
3 4240  10810  4238
3 797  8013  8009
3 3341  10816  8013
3 1696  8009  10816
3 8013  10816  8009
3 795  7997  8001
3 1694  10812  7997
3 3341  8001  10812
3 7997  10812  8001
3 1696  10816  10810
3 3341  10812  10816
3 1694  10810  10812
3 10816  10812  10810
3 226  4682  4681
3 2138  12139  4682
3 2137  4681  12139
3 4682  12139  4681
3 799  8026  8022
3 3343  12143  8026
3 2138  8022  12143
3 8026  12143  8022
3 797  8010  8014
3 2137  12141  8010
3 3343  8014  12141
3 8010  12141  8014
3 2138  12143  12139
3 3343  12141  12143
3 2137  12139  12141
3 12143  12141  12139
3 153  4243  4245
3 1699  10825  4243
3 1701  4245  10825
3 4243  10825  4245
3 795  8002  7998
3 3342  10827  8002
3 1699  7998  10827
3 8002  10827  7998
3 799  8021  8025
3 1701  10832  8021
3 3342  8025  10832
3 8021  10832  8025
3 1699  10827  10825
3 3342  10832  10827
3 1701  10825  10832
3 10827  10832  10825
3 797  8014  8013
3 3343  13422  8014
3 3341  8013  13422
3 8014  13422  8013
3 799  8025  8026
3 3342  13423  8025
3 3343  8026  13423
3 8025  13423  8026
3 795  8001  8002
3 3341  13421  8001
3 3342  8002  13421
3 8001  13421  8002
3 3343  13423  13422
3 3342  13421  13423
3 3341  13422  13421
3 13423  13421  13422
3 56  3712  3710
3 1168  9298  3712
3 1166  3710  9298
3 3712  9298  3710
3 520  6350  6347
3 2962  9304  6350
3 1168  6347  9304
3 6350  9304  6347
3 518  6335  6338
3 1166  9300  6335
3 2962  6338  9300
3 6335  9300  6338
3 1168  9304  9298
3 2962  9300  9304
3 1166  9298  9300
3 9304  9300  9298
3 225  4677  4673
3 2133  12114  4677
3 2129  4673  12114
3 4677  12114  4673
3 872  8462  8460
3 2968  12127  8462
3 2133  8460  12127
3 8462  12127  8460
3 520  6348  6352
3 2129  12116  6348
3 2968  6352  12116
3 6348  12116  6352
3 2133  12127  12114
3 2968  12116  12127
3 2129  12114  12116
3 12127  12116  12114
3 223  4661  4665
3 2117  12078  4661
3 2121  4665  12078
3 4661  12078  4665
3 518  6340  6336
3 2964  12080  6340
3 2117  6336  12080
3 6340  12080  6336
3 872  8459  8461
3 2121  12091  8459
3 2964  8461  12091
3 8459  12091  8461
3 2117  12080  12078
3 2964  12091  12080
3 2121  12078  12091
3 12080  12091  12078
3 520  6352  6350
3 2968  13047  6352
3 2962  6350  13047
3 6352  13047  6350
3 872  8461  8462
3 2964  13048  8461
3 2968  8462  13048
3 8461  13048  8462
3 518  6338  6340
3 2962  13046  6338
3 2964  6340  13046
3 6338  13046  6340
3 2968  13048  13047
3 2964  13046  13048
3 2962  13047  13046
3 13048  13046  13047
3 63  3752  3751
3 1208  9421  3752
3 1207  3751  9421
3 3752  9421  3751
3 560  6590  6587
3 3085  9425  6590
3 1208  6587  9425
3 6590  9425  6587
3 559  6581  6584
3 1207  9423  6581
3 3085  6584  9423
3 6581  9423  6584
3 1208  9425  9421
3 3085  9423  9425
3 1207  9421  9423
3 9425  9423  9421
3 226  4684  4680
3 2140  12136  4684
3 2136  4680  12136
3 4684  12136  4680
3 874  8474  8472
3 3089  12147  8474
3 2140  8472  12147
3 8474  12147  8472
3 560  6588  6592
3 2136  12138  6588
3 3089  6592  12138
3 6588  12138  6592
3 2140  12147  12136
3 3089  12138  12147
3 2136  12136  12138
3 12147  12138  12136
3 225  4674  4678
3 2130  12118  4674
3 2134  4678  12118
3 4674  12118  4678
3 559  6586  6582
3 3087  12120  6586
3 2130  6582  12120
3 6586  12120  6582
3 874  8471  8473
3 2134  12129  8471
3 3087  8473  12129
3 8471  12129  8473
3 2130  12120  12118
3 3087  12129  12120
3 2134  12118  12129
3 12120  12129  12118
3 560  6592  6590
3 3089  13170  6592
3 3085  6590  13170
3 6592  13170  6590
3 874  8473  8474
3 3087  13171  8473
3 3089  8474  13171
3 8473  13171  8474
3 559  6584  6586
3 3085  13169  6584
3 3087  6586  13169
3 6584  13169  6586
3 3089  13171  13170
3 3087  13169  13171
3 3085  13170  13169
3 13171  13169  13170
3 57  3717  3718
3 1173  9318  3717
3 1174  3718  9318
3 3717  9318  3718
3 525  6380  6377
3 2982  9320  6380
3 1173  6377  9320
3 6380  9320  6377
3 526  6383  6386
3 1174  9322  6383
3 2982  6386  9322
3 6383  9322  6386
3 1173  9320  9318
3 2982  9322  9320
3 1174  9318  9322
3 9320  9322  9318
3 223  4666  4662
3 2122  12082  4666
3 2118  4662  12082
3 4666  12082  4662
3 873  8467  8465
3 2984  12093  8467
3 2122  8465  12093
3 8467  12093  8465
3 525  6378  6382
3 2118  12084  6378
3 2984  6382  12084
3 6378  12084  6382
3 2122  12093  12082
3 2984  12084  12093
3 2118  12082  12084
3 12093  12084  12082
3 226  4679  4683
3 2135  12132  4679
3 2139  4683  12132
3 4679  12132  4683
3 526  6388  6384
3 2986  12134  6388
3 2135  6384  12134
3 6388  12134  6384
3 873  8466  8468
3 2139  12145  8466
3 2986  8468  12145
3 8466  12145  8468
3 2135  12134  12132
3 2986  12145  12134
3 2139  12132  12145
3 12134  12145  12132
3 525  6382  6380
3 2984  13064  6382
3 2982  6380  13064
3 6382  13064  6380
3 873  8468  8467
3 2986  13066  8468
3 2984  8467  13066
3 8468  13066  8467
3 526  6386  6388
3 2982  13065  6386
3 2986  6388  13065
3 6386  13065  6388
3 2984  13066  13064
3 2986  13065  13066
3 2982  13064  13065
3 13066  13065  13064
3 225  4678  4677
3 2134  12126  4678
3 2133  4677  12126
3 4678  12126  4677
3 874  8475  8471
3 3417  12130  8475
3 2134  8471  12130
3 8475  12130  8471
3 872  8460  8464
3 2133  12128  8460
3 3417  8464  12128
3 8460  12128  8464
3 2134  12130  12126
3 3417  12128  12130
3 2133  12126  12128
3 12130  12128  12126
3 226  4683  4684
3 2139  12144  4683
3 2140  4684  12144
3 4683  12144  4684
3 873  8470  8466
3 3418  12146  8470
3 2139  8466  12146
3 8470  12146  8466
3 874  8472  8476
3 2140  12148  8472
3 3418  8476  12148
3 8472  12148  8476
3 2139  12146  12144
3 3418  12148  12146
3 2140  12144  12148
3 12146  12148  12144
3 223  4665  4666
3 2121  12090  4665
3 2122  4666  12090
3 4665  12090  4666
3 872  8463  8459
3 3416  12092  8463
3 2121  8459  12092
3 8463  12092  8459
3 873  8465  8469
3 2122  12094  8465
3 3416  8469  12094
3 8465  12094  8469
3 2121  12092  12090
3 3416  12094  12092
3 2122  12090  12094
3 12092  12094  12090
3 874  8476  8475
3 3418  13498  8476
3 3417  8475  13498
3 8476  13498  8475
3 873  8469  8470
3 3416  13497  8469
3 3418  8470  13497
3 8469  13497  8470
3 872  8464  8463
3 3417  13496  8464
3 3416  8463  13496
3 8464  13496  8463
3 3418  13497  13498
3 3416  13496  13497
3 3417  13498  13496
3 13497  13496  13498
3 13  3477  3478
3 933  8634  3477
3 934  3478  8634
3 3477  8634  3478
3 285  4988  4985
3 2298  8636  4988
3 933  4985  8636
3 4988  8636  4985
3 286  4991  4993
3 934  8638  4991
3 2298  4993  8638
3 4991  8638  4993
3 933  8636  8634
3 2298  8638  8636
3 934  8634  8638
3 8636  8638  8634
3 117  4028  4025
3 1484  10170  4028
3 1481  4025  10170
3 4028  10170  4025
3 690  7369  7367
3 2300  10181  7369
3 1484  7367  10181
3 7369  10181  7367
3 285  4986  4990
3 1481  10172  4986
3 2300  4990  10172
3 4986  10172  4990
3 1484  10181  10170
3 2300  10172  10181
3 1481  10170  10172
3 10181  10172  10170
3 118  4031  4033
3 1487  10187  4031
3 1489  4033  10187
3 4031  10187  4033
3 286  4995  4992
3 2302  10189  4995
3 1487  4992  10189
3 4995  10189  4992
3 690  7368  7370
3 1489  10196  7368
3 2302  7370  10196
3 7368  10196  7370
3 1487  10189  10187
3 2302  10196  10189
3 1489  10187  10196
3 10189  10196  10187
3 285  4990  4988
3 2300  12380  4990
3 2298  4988  12380
3 4990  12380  4988
3 690  7370  7369
3 2302  12382  7370
3 2300  7369  12382
3 7370  12382  7369
3 286  4993  4995
3 2298  12381  4993
3 2302  4995  12381
3 4993  12381  4995
3 2300  12382  12380
3 2302  12381  12382
3 2298  12380  12381
3 12382  12381  12380
3 54  3699  3695
3 1155  9252  3699
3 1151  3695  9252
3 3699  9252  3695
3 507  6271  6269
3 2916  9265  6271
3 1155  6269  9265
3 6271  9265  6269
3 503  6245  6248
3 1151  9254  6245
3 2916  6248  9254
3 6245  9254  6248
3 1155  9265  9252
3 2916  9254  9265
3 1151  9252  9254
3 9265  9254  9252
3 218  4633  4631
3 2089  11987  4633
3 2087  4631  11987
3 4633  11987  4631
3 692  7382  7380
3 2929  11996  7382
3 2089  7380  11996
3 7382  11996  7380
3 507  6270  6273
3 2087  11989  6270
3 2929  6273  11989
3 6270  11989  6273
3 2089  11996  11987
3 2929  11989  11996
3 2087  11987  11989
3 11996  11989  11987
3 117  4026  4030
3 1482  10174  4026
3 1486  4030  10174
3 4026  10174  4030
3 503  6250  6246
3 2918  10176  6250
3 1482  6246  10176
3 6250  10176  6246
3 692  7379  7381
3 1486  10185  7379
3 2918  7381  10185
3 7379  10185  7381
3 1482  10176  10174
3 2918  10185  10176
3 1486  10174  10185
3 10176  10185  10174
3 507  6273  6271
3 2929  12998  6273
3 2916  6271  12998
3 6273  12998  6271
3 692  7381  7382
3 2918  13000  7381
3 2929  7382  13000
3 7381  13000  7382
3 503  6248  6250
3 2916  12997  6248
3 2918  6250  12997
3 6248  12997  6250
3 2929  13000  12998
3 2918  12997  13000
3 2916  12998  12997
3 13000  12997  12998
3 55  3701  3703
3 1157  9269  3701
3 1159  3703  9269
3 3701  9269  3703
3 509  6283  6281
3 2933  9271  6283
3 1157  6281  9271
3 6283  9271  6281
3 511  6293  6295
3 1159  9278  6293
3 2933  6295  9278
3 6293  9278  6295
3 1157  9271  9269
3 2933  9278  9271
3 1159  9269  9278
3 9271  9278  9269
3 118  4035  4032
3 1491  10191  4035
3 1488  4032  10191
3 4035  10191  4032
3 694  7393  7391
3 2935  10201  7393
3 1491  7391  10201
3 7393  10201  7391
3 509  6282  6285
3 1488  10193  6282
3 2935  6285  10193
3 6282  10193  6285
3 1491  10201  10191
3 2935  10193  10201
3 1488  10191  10193
3 10201  10193  10191
3 218  4632  4634
3 2088  11991  4632
3 2090  4634  11991
3 4632  11991  4634
3 511  6297  6294
3 2942  11993  6297
3 2088  6294  11993
3 6297  11993  6294
3 694  7392  7394
3 2090  11998  7392
3 2942  7394  11998
3 7392  11998  7394
3 2088  11993  11991
3 2942  11998  11993
3 2090  11991  11998
3 11993  11998  11991
3 509  6285  6283
3 2935  13013  6285
3 2933  6283  13013
3 6285  13013  6283
3 694  7394  7393
3 2942  13017  7394
3 2935  7393  13017
3 7394  13017  7393
3 511  6295  6297
3 2933  13014  6295
3 2942  6297  13014
3 6295  13014  6297
3 2935  13017  13013
3 2942  13014  13017
3 2933  13013  13014
3 13017  13014  13013
3 117  4030  4028
3 1486  10180  4030
3 1484  4028  10180
3 4030  10180  4028
3 692  7383  7379
3 3236  10186  7383
3 1486  7379  10186
3 7383  10186  7379
3 690  7367  7371
3 1484  10182  7367
3 3236  7371  10182
3 7367  10182  7371
3 1486  10186  10180
3 3236  10182  10186
3 1484  10180  10182
3 10186  10182  10180
3 218  4634  4633
3 2090  11995  4634
3 2089  4633  11995
3 4634  11995  4633
3 694  7396  7392
3 3238  11999  7396
3 2090  7392  11999
3 7396  11999  7392
3 692  7380  7384
3 2089  11997  7380
3 3238  7384  11997
3 7380  11997  7384
3 2090  11999  11995
3 3238  11997  11999
3 2089  11995  11997
3 11999  11997  11995
3 118  4033  4035
3 1489  10195  4033
3 1491  4035  10195
3 4033  10195  4035
3 690  7372  7368
3 3237  10197  7372
3 1489  7368  10197
3 7372  10197  7368
3 694  7391  7395
3 1491  10202  7391
3 3237  7395  10202
3 7391  10202  7395
3 1489  10197  10195
3 3237  10202  10197
3 1491  10195  10202
3 10197  10202  10195
3 692  7384  7383
3 3238  13317  7384
3 3236  7383  13317
3 7384  13317  7383
3 694  7395  7396
3 3237  13318  7395
3 3238  7396  13318
3 7395  13318  7396
3 690  7371  7372
3 3236  13316  7371
3 3237  7372  13316
3 7371  13316  7372
3 3238  13318  13317
3 3237  13316  13318
3 3236  13317  13316
3 13318  13316  13317
3 14  3485  3484
3 941  8655  3485
3 940  3484  8655
3 3485  8655  3484
3 293  5036  5033
3 2319  8659  5036
3 941  5033  8659
3 5036  8659  5033
3 292  5027  5030
3 940  8657  5027
3 2319  5030  8657
3 5027  8657  5030
3 941  8659  8655
3 2319  8657  8659
3 940  8655  8657
3 8659  8657  8655
3 125  4076  4073
3 1532  10314  4076
3 1529  4073  10314
3 4076  10314  4073
3 711  7496  7494
3 2323  10325  7496
3 1532  7494  10325
3 7496  10325  7494
3 293  5034  5038
3 1529  10316  5034
3 2323  5038  10316
3 5034  10316  5038
3 1532  10325  10314
3 2323  10316  10325
3 1529  10314  10316
3 10325  10316  10314
3 124  4067  4070
3 1523  10296  4067
3 1526  4070  10296
3 4067  10296  4070
3 292  5032  5028
3 2321  10298  5032
3 1523  5028  10298
3 5032  10298  5028
3 711  7493  7495
3 1526  10307  7493
3 2321  7495  10307
3 7493  10307  7495
3 1523  10298  10296
3 2321  10307  10298
3 1526  10296  10307
3 10298  10307  10296
3 293  5038  5036
3 2323  12402  5038
3 2319  5036  12402
3 5038  12402  5036
3 711  7495  7496
3 2321  12403  7495
3 2323  7496  12403
3 7495  12403  7496
3 292  5030  5032
3 2319  12401  5030
3 2321  5032  12401
3 5030  12401  5032
3 2323  12403  12402
3 2321  12401  12403
3 2319  12402  12401
3 12403  12401  12402
3 58  3723  3719
3 1179  9324  3723
3 1175  3719  9324
3 3723  9324  3719
3 531  6415  6413
3 2988  9337  6415
3 1179  6413  9337
3 6415  9337  6413
3 527  6389  6392
3 1175  9326  6389
3 2988  6392  9326
3 6389  9326  6392
3 1179  9337  9324
3 2988  9326  9337
3 1175  9324  9326
3 9337  9326  9324
3 219  4640  4638
3 2096  12009  4640
3 2094  4638  12009
3 4640  12009  4638
3 715  7520  7518
3 3001  12016  7520
3 2096  7518  12016
3 7520  12016  7518
3 531  6414  6417
3 2094  12011  6414
3 3001  6417  12011
3 6414  12011  6417
3 2096  12016  12009
3 3001  12011  12016
3 2094  12009  12011
3 12016  12011  12009
3 125  4074  4078
3 1530  10318  4074
3 1534  4078  10318
3 4074  10318  4078
3 527  6394  6390
3 2990  10320  6394
3 1530  6390  10320
3 6394  10320  6390
3 715  7517  7519
3 1534  10329  7517
3 2990  7519  10329
3 7517  10329  7519
3 1530  10320  10318
3 2990  10329  10320
3 1534  10318  10329
3 10320  10329  10318
3 531  6417  6415
3 3001  13070  6417
3 2988  6415  13070
3 6417  13070  6415
3 715  7519  7520
3 2990  13072  7519
3 3001  7520  13072
3 7519  13072  7520
3 527  6392  6394
3 2988  13069  6392
3 2990  6394  13069
3 6392  13069  6394
3 3001  13072  13070
3 2990  13069  13072
3 2988  13070  13069
3 13072  13069  13070
3 54  3696  3700
3 1152  9256  3696
3 1156  3700  9256
3 3696  9256  3700
3 504  6254  6251
3 2920  9258  6254
3 1152  6251  9258
3 6254  9258  6251
3 508  6275  6277
3 1156  9267  6275
3 2920  6277  9267
3 6275  9267  6277
3 1152  9258  9256
3 2920  9267  9258
3 1156  9256  9267
3 9258  9267  9256
3 124  4072  4068
3 1528  10300  4072
3 1524  4068  10300
3 4072  10300  4068
3 713  7507  7505
3 2922  10311  7507
3 1528  7505  10311
3 7507  10311  7505
3 504  6252  6256
3 1524  10302  6252
3 2922  6256  10302
3 6252  10302  6256
3 1528  10311  10300
3 2922  10302  10311
3 1524  10300  10302
3 10311  10302  10300
3 219  4637  4639
3 2093  12005  4637
3 2095  4639  12005
3 4637  12005  4639
3 508  6279  6276
3 2931  12007  6279
3 2093  6276  12007
3 6279  12007  6276
3 713  7506  7508
3 2095  12014  7506
3 2931  7508  12014
3 7506  12014  7508
3 2093  12007  12005
3 2931  12014  12007
3 2095  12005  12014
3 12007  12014  12005
3 504  6256  6254
3 2922  13003  6256
3 2920  6254  13003
3 6256  13003  6254
3 713  7508  7507
3 2931  13006  7508
3 2922  7507  13006
3 7508  13006  7507
3 508  6277  6279
3 2920  13004  6277
3 2931  6279  13004
3 6277  13004  6279
3 2922  13006  13003
3 2931  13004  13006
3 2920  13003  13004
3 13006  13004  13003
3 125  4078  4076
3 1534  10324  4078
3 1532  4076  10324
3 4078  10324  4076
3 715  7521  7517
3 3258  10330  7521
3 1534  7517  10330
3 7521  10330  7517
3 711  7494  7498
3 1532  10326  7494
3 3258  7498  10326
3 7494  10326  7498
3 1534  10330  10324
3 3258  10326  10330
3 1532  10324  10326
3 10330  10326  10324
3 219  4639  4640
3 2095  12013  4639
3 2096  4640  12013
3 4639  12013  4640
3 713  7510  7506
3 3259  12015  7510
3 2095  7506  12015
3 7510  12015  7506
3 715  7518  7522
3 2096  12017  7518
3 3259  7522  12017
3 7518  12017  7522
3 2095  12015  12013
3 3259  12017  12015
3 2096  12013  12017
3 12015  12017  12013
3 124  4070  4072
3 1526  10306  4070
3 1528  4072  10306
3 4070  10306  4072
3 711  7497  7493
3 3257  10308  7497
3 1526  7493  10308
3 7497  10308  7493
3 713  7505  7509
3 1528  10312  7505
3 3257  7509  10312
3 7505  10312  7509
3 1526  10308  10306
3 3257  10312  10308
3 1528  10306  10312
3 10308  10312  10306
3 715  7522  7521
3 3259  13339  7522
3 3258  7521  13339
3 7522  13339  7521
3 713  7509  7510
3 3257  13338  7509
3 3259  7510  13338
3 7509  13338  7510
3 711  7498  7497
3 3258  13337  7498
3 3257  7497  13337
3 7498  13337  7497
3 3259  13338  13339
3 3257  13337  13338
3 3258  13339  13337
3 13338  13337  13339
3 15  3488  3489
3 944  8667  3488
3 945  3489  8667
3 3488  8667  3489
3 296  5053  5051
3 2331  8669  5053
3 944  5051  8669
3 5053  8669  5051
3 297  5057  5060
3 945  8672  5057
3 2331  5060  8672
3 5057  8672  5060
3 944  8669  8667
3 2331  8672  8669
3 945  8667  8672
3 8669  8672  8667
3 128  4093  4091
3 1549  10367  4093
3 1547  4091  10367
3 4093  10367  4091
3 723  7567  7565
3 2333  10376  7567
3 1549  7565  10376
3 7567  10376  7565
3 296  5052  5055
3 1547  10369  5052
3 2333  5055  10369
3 5052  10369  5055
3 1549  10376  10367
3 2333  10369  10376
3 1547  10367  10369
3 10376  10369  10367
3 129  4097  4100
3 1553  10386  4097
3 1556  4100  10386
3 4097  10386  4100
3 297  5062  5058
3 2336  10388  5062
3 1553  5058  10388
3 5062  10388  5058
3 723  7566  7568
3 1556  10397  7566
3 2336  7568  10397
3 7566  10397  7568
3 1553  10388  10386
3 2336  10397  10388
3 1556  10386  10397
3 10388  10397  10386
3 296  5055  5053
3 2333  12413  5055
3 2331  5053  12413
3 5055  12413  5053
3 723  7568  7567
3 2336  12417  7568
3 2333  7567  12417
3 7568  12417  7567
3 297  5060  5062
3 2331  12414  5060
3 2336  5062  12414
3 5060  12414  5062
3 2333  12417  12413
3 2336  12414  12417
3 2331  12413  12414
3 12417  12414  12413
3 55  3705  3702
3 1161  9273  3705
3 1158  3702  9273
3 3705  9273  3702
3 513  6307  6305
3 2937  9283  6307
3 1161  6305  9283
3 6307  9283  6305
3 510  6287  6289
3 1158  9275  6287
3 2937  6289  9275
3 6287  9275  6289
3 1161  9283  9273
3 2937  9275  9283
3 1158  9273  9275
3 9283  9275  9273
3 221  4651  4649
3 2107  12041  4651
3 2105  4649  12041
3 4651  12041  4649
3 725  7580  7578
3 2947  12050  7580
3 2107  7578  12050
3 7580  12050  7578
3 513  6306  6309
3 2105  12043  6306
3 2947  6309  12043
3 6306  12043  6309
3 2107  12050  12041
3 2947  12043  12050
3 2105  12041  12043
3 12050  12043  12041
3 128  4092  4095
3 1548  10371  4092
3 1551  4095  10371
3 4092  10371  4095
3 510  6291  6288
3 2939  10373  6291
3 1548  6288  10373
3 6291  10373  6288
3 725  7577  7579
3 1551  10381  7577
3 2939  7579  10381
3 7577  10381  7579
3 1548  10373  10371
3 2939  10381  10373
3 1551  10371  10381
3 10373  10381  10371
3 513  6309  6307
3 2947  13020  6309
3 2937  6307  13020
3 6309  13020  6307
3 725  7579  7580
3 2939  13023  7579
3 2947  7580  13023
3 7579  13023  7580
3 510  6289  6291
3 2937  13019  6289
3 2939  6291  13019
3 6289  13019  6291
3 2947  13023  13020
3 2939  13019  13023
3 2937  13020  13019
3 13023  13019  13020
3 58  3720  3724
3 1176  9328  3720
3 1180  3724  9328
3 3720  9328  3724
3 528  6398  6395
3 2992  9330  6398
3 1176  6395  9330
3 6398  9330  6395
3 532  6419  6421
3 1180  9339  6419
3 2992  6421  9339
3 6419  9339  6421
3 1176  9330  9328
3 2992  9339  9330
3 1180  9328  9339
3 9330  9339  9328
3 129  4102  4098
3 1558  10390  4102
3 1554  4098  10390
3 4102  10390  4098
3 728  7597  7595
3 2994  10401  7597
3 1558  7595  10401
3 7597  10401  7595
3 528  6396  6400
3 1554  10392  6396
3 2994  6400  10392
3 6396  10392  6400
3 1558  10401  10390
3 2994  10392  10401
3 1554  10390  10392
3 10401  10392  10390
3 221  4650  4652
3 2106  12045  4650
3 2108  4652  12045
3 4650  12045  4652
3 532  6423  6420
3 3003  12047  6423
3 2106  6420  12047
3 6423  12047  6420
3 728  7596  7598
3 2108  12052  7596
3 3003  7598  12052
3 7596  12052  7598
3 2106  12047  12045
3 3003  12052  12047
3 2108  12045  12052
3 12047  12052  12045
3 528  6400  6398
3 2994  13075  6400
3 2992  6398  13075
3 6400  13075  6398
3 728  7598  7597
3 3003  13078  7598
3 2994  7597  13078
3 7598  13078  7597
3 532  6421  6423
3 2992  13076  6421
3 3003  6423  13076
3 6421  13076  6423
3 2994  13078  13075
3 3003  13076  13078
3 2992  13075  13076
3 13078  13076  13075
3 128  4095  4093
3 1551  10375  4095
3 1549  4093  10375
3 4095  10375  4093
3 725  7581  7577
3 3269  10382  7581
3 1551  7577  10382
3 7581  10382  7577
3 723  7565  7569
3 1549  10377  7565
3 3269  7569  10377
3 7565  10377  7569
3 1551  10382  10375
3 3269  10377  10382
3 1549  10375  10377
3 10382  10377  10375
3 221  4652  4651
3 2108  12049  4652
3 2107  4651  12049
3 4652  12049  4651
3 728  7600  7596
3 3273  12053  7600
3 2108  7596  12053
3 7600  12053  7596
3 725  7578  7582
3 2107  12051  7578
3 3273  7582  12051
3 7578  12051  7582
3 2108  12053  12049
3 3273  12051  12053
3 2107  12049  12051
3 12053  12051  12049
3 129  4100  4102
3 1556  10396  4100
3 1558  4102  10396
3 4100  10396  4102
3 723  7570  7566
3 3270  10398  7570
3 1556  7566  10398
3 7570  10398  7566
3 728  7595  7599
3 1558  10402  7595
3 3270  7599  10402
3 7595  10402  7599
3 1556  10398  10396
3 3270  10402  10398
3 1558  10396  10402
3 10398  10402  10396
3 725  7582  7581
3 3273  13350  7582
3 3269  7581  13350
3 7582  13350  7581
3 728  7599  7600
3 3270  13351  7599
3 3273  7600  13351
3 7599  13351  7600
3 723  7569  7570
3 3269  13349  7569
3 3270  7570  13349
3 7569  13349  7570
3 3273  13351  13350
3 3270  13349  13351
3 3269  13350  13349
3 13351  13349  13350
3 54  3700  3699
3 1156  9264  3700
3 1155  3699  9264
3 3700  9264  3699
3 508  6278  6275
3 2928  9268  6278
3 1156  6275  9268
3 6278  9268  6275
3 507  6269  6272
3 1155  9266  6269
3 2928  6272  9266
3 6269  9266  6272
3 1156  9268  9264
3 2928  9266  9268
3 1155  9264  9266
3 9268  9266  9264
3 219  4641  4637
3 2097  12006  4641
3 2093  4637  12006
3 4641  12006  4637
3 866  8426  8424
3 2932  12019  8426
3 2097  8424  12019
3 8426  12019  8424
3 508  6276  6280
3 2093  12008  6276
3 2932  6280  12008
3 6276  12008  6280
3 2097  12019  12006
3 2932  12008  12019
3 2093  12006  12008
3 12019  12008  12006
3 218  4631  4635
3 2087  11988  4631
3 2091  4635  11988
3 4631  11988  4635
3 507  6274  6270
3 2930  11990  6274
3 2087  6270  11990
3 6274  11990  6270
3 866  8423  8425
3 2091  12001  8423
3 2930  8425  12001
3 8423  12001  8425
3 2087  11990  11988
3 2930  12001  11990
3 2091  11988  12001
3 11990  12001  11988
3 508  6280  6278
3 2932  13011  6280
3 2928  6278  13011
3 6280  13011  6278
3 866  8425  8426
3 2930  13012  8425
3 2932  8426  13012
3 8425  13012  8426
3 507  6272  6274
3 2928  13010  6272
3 2930  6274  13010
3 6272  13010  6274
3 2932  13012  13011
3 2930  13010  13012
3 2928  13011  13010
3 13012  13010  13011
3 58  3724  3723
3 1180  9336  3724
3 1179  3723  9336
3 3724  9336  3723
3 532  6422  6419
3 3000  9340  6422
3 1180  6419  9340
3 6422  9340  6419
3 531  6413  6416
3 1179  9338  6413
3 3000  6416  9338
3 6413  9338  6416
3 1180  9340  9336
3 3000  9338  9340
3 1179  9336  9338
3 9340  9338  9336
3 221  4654  4650
3 2110  12046  4654
3 2106  4650  12046
3 4654  12046  4650
3 868  8438  8436
3 3004  12057  8438
3 2110  8436  12057
3 8438  12057  8436
3 532  6420  6424
3 2106  12048  6420
3 3004  6424  12048
3 6420  12048  6424
3 2110  12057  12046
3 3004  12048  12057
3 2106  12046  12048
3 12057  12048  12046
3 219  4638  4642
3 2094  12010  4638
3 2098  4642  12010
3 4638  12010  4642
3 531  6418  6414
3 3002  12012  6418
3 2094  6414  12012
3 6418  12012  6414
3 868  8435  8437
3 2098  12021  8435
3 3002  8437  12021
3 8435  12021  8437
3 2094  12012  12010
3 3002  12021  12012
3 2098  12010  12021
3 12012  12021  12010
3 532  6424  6422
3 3004  13083  6424
3 3000  6422  13083
3 6424  13083  6422
3 868  8437  8438
3 3002  13084  8437
3 3004  8438  13084
3 8437  13084  8438
3 531  6416  6418
3 3000  13082  6416
3 3002  6418  13082
3 6416  13082  6418
3 3004  13084  13083
3 3002  13082  13084
3 3000  13083  13082
3 13084  13082  13083
3 55  3703  3705
3 1159  9277  3703
3 1161  3705  9277
3 3703  9277  3705
3 511  6296  6293
3 2941  9279  6296
3 1159  6293  9279
3 6296  9279  6293
3 513  6305  6308
3 1161  9284  6305
3 2941  6308  9284
3 6305  9284  6308
3 1159  9279  9277
3 2941  9284  9279
3 1161  9277  9284
3 9279  9284  9277
3 218  4636  4632
3 2092  11992  4636
3 2088  4632  11992
3 4636  11992  4632
3 867  8431  8429
3 2943  12003  8431
3 2092  8429  12003
3 8431  12003  8429
3 511  6294  6298
3 2088  11994  6294
3 2943  6298  11994
3 6294  11994  6298
3 2092  12003  11992
3 2943  11994  12003
3 2088  11992  11994
3 12003  11994  11992
3 221  4649  4653
3 2105  12042  4649
3 2109  4653  12042
3 4649  12042  4653
3 513  6310  6306
3 2948  12044  6310
3 2105  6306  12044
3 6310  12044  6306
3 867  8430  8432
3 2109  12055  8430
3 2948  8432  12055
3 8430  12055  8432
3 2105  12044  12042
3 2948  12055  12044
3 2109  12042  12055
3 12044  12055  12042
3 511  6298  6296
3 2943  13025  6298
3 2941  6296  13025
3 6298  13025  6296
3 867  8432  8431
3 2948  13027  8432
3 2943  8431  13027
3 8432  13027  8431
3 513  6308  6310
3 2941  13026  6308
3 2948  6310  13026
3 6308  13026  6310
3 2943  13027  13025
3 2948  13026  13027
3 2941  13025  13026
3 13027  13026  13025
3 219  4642  4641
3 2098  12018  4642
3 2097  4641  12018
3 4642  12018  4641
3 868  8439  8435
3 3411  12022  8439
3 2098  8435  12022
3 8439  12022  8435
3 866  8424  8428
3 2097  12020  8424
3 3411  8428  12020
3 8424  12020  8428
3 2098  12022  12018
3 3411  12020  12022
3 2097  12018  12020
3 12022  12020  12018
3 221  4653  4654
3 2109  12054  4653
3 2110  4654  12054
3 4653  12054  4654
3 867  8434  8430
3 3412  12056  8434
3 2109  8430  12056
3 8434  12056  8430
3 868  8436  8440
3 2110  12058  8436
3 3412  8440  12058
3 8436  12058  8440
3 2109  12056  12054
3 3412  12058  12056
3 2110  12054  12058
3 12056  12058  12054
3 218  4635  4636
3 2091  12000  4635
3 2092  4636  12000
3 4635  12000  4636
3 866  8427  8423
3 3410  12002  8427
3 2091  8423  12002
3 8427  12002  8423
3 867  8429  8433
3 2092  12004  8429
3 3410  8433  12004
3 8429  12004  8433
3 2091  12002  12000
3 3410  12004  12002
3 2092  12000  12004
3 12002  12004  12000
3 868  8440  8439
3 3412  13492  8440
3 3411  8439  13492
3 8440  13492  8439
3 867  8433  8434
3 3410  13491  8433
3 3412  8434  13491
3 8433  13491  8434
3 866  8428  8427
3 3411  13490  8428
3 3410  8427  13490
3 8428  13490  8427
3 3412  13491  13492
3 3410  13490  13491
3 3411  13492  13490
3 13491  13490  13492
3 15  3490  3491
3 946  8673  3490
3 947  3491  8673
3 3490  8673  3491
3 298  5066  5063
3 2337  8675  5066
3 946  5063  8675
3 5066  8675  5063
3 299  5069  5072
3 947  8677  5069
3 2337  5072  8677
3 5069  8677  5072
3 946  8675  8673
3 2337  8677  8675
3 947  8673  8677
3 8675  8677  8673
3 130  4106  4103
3 1562  10404  4106
3 1559  4103  10404
3 4106  10404  4103
3 729  7603  7601
3 2339  10415  7603
3 1562  7601  10415
3 7603  10415  7601
3 298  5064  5068
3 1559  10406  5064
3 2339  5068  10406
3 5064  10406  5068
3 1562  10415  10404
3 2339  10406  10415
3 1559  10404  10406
3 10415  10406  10404
3 131  4109  4112
3 1565  10422  4109
3 1568  4112  10422
3 4109  10422  4112
3 299  5074  5070
3 2341  10424  5074
3 1565  5070  10424
3 5074  10424  5070
3 729  7602  7604
3 1568  10433  7602
3 2341  7604  10433
3 7602  10433  7604
3 1565  10424  10422
3 2341  10433  10424
3 1568  10422  10433
3 10424  10433  10422
3 298  5068  5066
3 2339  12419  5068
3 2337  5066  12419
3 5068  12419  5066
3 729  7604  7603
3 2341  12421  7604
3 2339  7603  12421
3 7604  12421  7603
3 299  5072  5074
3 2337  12420  5072
3 2341  5074  12420
3 5072  12420  5074
3 2339  12421  12419
3 2341  12420  12421
3 2337  12419  12420
3 12421  12420  12419
3 59  3729  3725
3 1185  9342  3729
3 1181  3725  9342
3 3729  9342  3725
3 537  6451  6449
3 3006  9355  6451
3 1185  6449  9355
3 6451  9355  6449
3 533  6425  6428
3 1181  9344  6425
3 3006  6428  9344
3 6425  9344  6428
3 1185  9355  9342
3 3006  9344  9355
3 1181  9342  9344
3 9355  9344  9342
3 227  4687  4685
3 2143  12149  4687
3 2141  4685  12149
3 4687  12149  4685
3 731  7616  7614
3 3019  12158  7616
3 2143  7614  12158
3 7616  12158  7614
3 537  6450  6453
3 2141  12151  6450
3 3019  6453  12151
3 6450  12151  6453
3 2143  12158  12149
3 3019  12151  12158
3 2141  12149  12151
3 12158  12151  12149
3 130  4104  4108
3 1560  10408  4104
3 1564  4108  10408
3 4104  10408  4108
3 533  6430  6426
3 3008  10410  6430
3 1560  6426  10410
3 6430  10410  6426
3 731  7613  7615
3 1564  10419  7613
3 3008  7615  10419
3 7613  10419  7615
3 1560  10410  10408
3 3008  10419  10410
3 1564  10408  10419
3 10410  10419  10408
3 537  6453  6451
3 3019  13088  6453
3 3006  6451  13088
3 6453  13088  6451
3 731  7615  7616
3 3008  13090  7615
3 3019  7616  13090
3 7615  13090  7616
3 533  6428  6430
3 3006  13087  6428
3 3008  6430  13087
3 6428  13087  6430
3 3019  13090  13088
3 3008  13087  13090
3 3006  13088  13087
3 13090  13087  13088
3 60  3731  3735
3 1187  9360  3731
3 1191  3735  9360
3 3731  9360  3735
3 539  6464  6461
3 3024  9362  6464
3 1187  6461  9362
3 6464  9362  6461
3 543  6485  6487
3 1191  9373  6485
3 3024  6487  9373
3 6485  9373  6487
3 1187  9362  9360
3 3024  9373  9362
3 1191  9360  9373
3 9362  9373  9360
3 131  4114  4110
3 1570  10426  4114
3 1566  4110  10426
3 4114  10426  4110
3 733  7627  7625
3 3026  10437  7627
3 1570  7625  10437
3 7627  10437  7625
3 539  6462  6466
3 1566  10428  6462
3 3026  6466  10428
3 6462  10428  6466
3 1570  10437  10426
3 3026  10428  10437
3 1566  10426  10428
3 10437  10428  10426
3 227  4686  4688
3 2142  12153  4686
3 2144  4688  12153
3 4686  12153  4688
3 543  6489  6486
3 3037  12155  6489
3 2142  6486  12155
3 6489  12155  6486
3 733  7626  7628
3 2144  12160  7626
3 3037  7628  12160
3 7626  12160  7628
3 2142  12155  12153
3 3037  12160  12155
3 2144  12153  12160
3 12155  12160  12153
3 539  6466  6464
3 3026  13105  6466
3 3024  6464  13105
3 6466  13105  6464
3 733  7628  7627
3 3037  13108  7628
3 3026  7627  13108
3 7628  13108  7627
3 543  6487  6489
3 3024  13106  6487
3 3037  6489  13106
3 6487  13106  6489
3 3026  13108  13105
3 3037  13106  13108
3 3024  13105  13106
3 13108  13106  13105
3 130  4108  4106
3 1564  10414  4108
3 1562  4106  10414
3 4108  10414  4106
3 731  7617  7613
3 3275  10420  7617
3 1564  7613  10420
3 7617  10420  7613
3 729  7601  7605
3 1562  10416  7601
3 3275  7605  10416
3 7601  10416  7605
3 1564  10420  10414
3 3275  10416  10420
3 1562  10414  10416
3 10420  10416  10414
3 227  4688  4687
3 2144  12157  4688
3 2143  4687  12157
3 4688  12157  4687
3 733  7630  7626
3 3277  12161  7630
3 2144  7626  12161
3 7630  12161  7626
3 731  7614  7618
3 2143  12159  7614
3 3277  7618  12159
3 7614  12159  7618
3 2144  12161  12157
3 3277  12159  12161
3 2143  12157  12159
3 12161  12159  12157
3 131  4112  4114
3 1568  10432  4112
3 1570  4114  10432
3 4112  10432  4114
3 729  7606  7602
3 3276  10434  7606
3 1568  7602  10434
3 7606  10434  7602
3 733  7625  7629
3 1570  10438  7625
3 3276  7629  10438
3 7625  10438  7629
3 1568  10434  10432
3 3276  10438  10434
3 1570  10432  10438
3 10434  10438  10432
3 731  7618  7617
3 3277  13356  7618
3 3275  7617  13356
3 7618  13356  7617
3 733  7629  7630
3 3276  13357  7629
3 3277  7630  13357
3 7629  13357  7630
3 729  7605  7606
3 3275  13355  7605
3 3276  7606  13355
3 7605  13355  7606
3 3277  13357  13356
3 3276  13355  13357
3 3275  13356  13355
3 13357  13355  13356
3 16  3496  3495
3 952  8688  3496
3 951  3495  8688
3 3496  8688  3495
3 304  5102  5099
3 2352  8692  5102
3 952  5099  8692
3 5102  8692  5099
3 303  5093  5096
3 951  8690  5093
3 2352  5096  8690
3 5093  8690  5096
3 952  8692  8688
3 2352  8690  8692
3 951  8688  8690
3 8692  8690  8688
3 136  4142  4139
3 1598  10512  4142
3 1595  4139  10512
3 4142  10512  4139
3 744  7694  7692
3 2356  10523  7694
3 1598  7692  10523
3 7694  10523  7692
3 304  5100  5104
3 1595  10514  5100
3 2356  5104  10514
3 5100  10514  5104
3 1598  10523  10512
3 2356  10514  10523
3 1595  10512  10514
3 10523  10514  10512
3 135  4133  4136
3 1589  10494  4133
3 1592  4136  10494
3 4133  10494  4136
3 303  5098  5094
3 2354  10496  5098
3 1589  5094  10496
3 5098  10496  5094
3 744  7691  7693
3 1592  10505  7691
3 2354  7693  10505
3 7691  10505  7693
3 1589  10496  10494
3 2354  10505  10496
3 1592  10494  10505
3 10496  10505  10494
3 304  5104  5102
3 2356  12435  5104
3 2352  5102  12435
3 5104  12435  5102
3 744  7693  7694
3 2354  12436  7693
3 2356  7694  12436
3 7693  12436  7694
3 303  5096  5098
3 2352  12434  5096
3 2354  5098  12434
3 5096  12434  5098
3 2356  12436  12435
3 2354  12434  12436
3 2352  12435  12434
3 12436  12434  12435
3 61  3741  3737
3 1197  9378  3741
3 1193  3737  9378
3 3741  9378  3737
3 549  6523  6521
3 3042  9391  6523
3 1197  6521  9391
3 6523  9391  6521
3 545  6497  6500
3 1193  9380  6497
3 3042  6500  9380
3 6497  9380  6500
3 1197  9391  9378
3 3042  9380  9391
3 1193  9378  9380
3 9391  9380  9378
3 228  4694  4692
3 2150  12171  4694
3 2148  4692  12171
3 4694  12171  4692
3 748  7718  7716
3 3055  12178  7718
3 2150  7716  12178
3 7718  12178  7716
3 549  6522  6525
3 2148  12173  6522
3 3055  6525  12173
3 6522  12173  6525
3 2150  12178  12171
3 3055  12173  12178
3 2148  12171  12173
3 12178  12173  12171
3 136  4140  4144
3 1596  10516  4140
3 1600  4144  10516
3 4140  10516  4144
3 545  6502  6498
3 3044  10518  6502
3 1596  6498  10518
3 6502  10518  6498
3 748  7715  7717
3 1600  10527  7715
3 3044  7717  10527
3 7715  10527  7717
3 1596  10518  10516
3 3044  10527  10518
3 1600  10516  10527
3 10518  10527  10516
3 549  6525  6523
3 3055  13124  6525
3 3042  6523  13124
3 6525  13124  6523
3 748  7717  7718
3 3044  13126  7717
3 3055  7718  13126
3 7717  13126  7718
3 545  6500  6502
3 3042  13123  6500
3 3044  6502  13123
3 6500  13123  6502
3 3055  13126  13124
3 3044  13123  13126
3 3042  13124  13123
3 13126  13123  13124
3 59  3726  3730
3 1182  9346  3726
3 1186  3730  9346
3 3726  9346  3730
3 534  6434  6431
3 3010  9348  6434
3 1182  6431  9348
3 6434  9348  6431
3 538  6455  6457
3 1186  9357  6455
3 3010  6457  9357
3 6455  9357  6457
3 1182  9348  9346
3 3010  9357  9348
3 1186  9346  9357
3 9348  9357  9346
3 135  4138  4134
3 1594  10498  4138
3 1590  4134  10498
3 4138  10498  4134
3 746  7705  7703
3 3012  10509  7705
3 1594  7703  10509
3 7705  10509  7703
3 534  6432  6436
3 1590  10500  6432
3 3012  6436  10500
3 6432  10500  6436
3 1594  10509  10498
3 3012  10500  10509
3 1590  10498  10500
3 10509  10500  10498
3 228  4691  4693
3 2147  12167  4691
3 2149  4693  12167
3 4691  12167  4693
3 538  6459  6456
3 3021  12169  6459
3 2147  6456  12169
3 6459  12169  6456
3 746  7704  7706
3 2149  12176  7704
3 3021  7706  12176
3 7704  12176  7706
3 2147  12169  12167
3 3021  12176  12169
3 2149  12167  12176
3 12169  12176  12167
3 534  6436  6434
3 3012  13093  6436
3 3010  6434  13093
3 6436  13093  6434
3 746  7706  7705
3 3021  13096  7706
3 3012  7705  13096
3 7706  13096  7705
3 538  6457  6459
3 3010  13094  6457
3 3021  6459  13094
3 6457  13094  6459
3 3012  13096  13093
3 3021  13094  13096
3 3010  13093  13094
3 13096  13094  13093
3 136  4144  4142
3 1600  10522  4144
3 1598  4142  10522
3 4144  10522  4142
3 748  7719  7715
3 3291  10528  7719
3 1600  7715  10528
3 7719  10528  7715
3 744  7692  7696
3 1598  10524  7692
3 3291  7696  10524
3 7692  10524  7696
3 1600  10528  10522
3 3291  10524  10528
3 1598  10522  10524
3 10528  10524  10522
3 228  4693  4694
3 2149  12175  4693
3 2150  4694  12175
3 4693  12175  4694
3 746  7708  7704
3 3292  12177  7708
3 2149  7704  12177
3 7708  12177  7704
3 748  7716  7720
3 2150  12179  7716
3 3292  7720  12179
3 7716  12179  7720
3 2149  12177  12175
3 3292  12179  12177
3 2150  12175  12179
3 12177  12179  12175
3 135  4136  4138
3 1592  10504  4136
3 1594  4138  10504
3 4136  10504  4138
3 744  7695  7691
3 3290  10506  7695
3 1592  7691  10506
3 7695  10506  7691
3 746  7703  7707
3 1594  10510  7703
3 3290  7707  10510
3 7703  10510  7707
3 1592  10506  10504
3 3290  10510  10506
3 1594  10504  10510
3 10506  10510  10504
3 748  7720  7719
3 3292  13372  7720
3 3291  7719  13372
3 7720  13372  7719
3 746  7707  7708
3 3290  13371  7707
3 3292  7708  13371
3 7707  13371  7708
3 744  7696  7695
3 3291  13370  7696
3 3290  7695  13370
3 7696  13370  7695
3 3292  13371  13372
3 3290  13370  13371
3 3291  13372  13370
3 13371  13370  13372
3 17  3500  3501
3 956  8704  3500
3 957  3501  8704
3 3500  8704  3501
3 308  5126  5123
3 2368  8706  5126
3 956  5123  8706
3 5126  8706  5123
3 309  5129  5132
3 957  8708  5129
3 2368  5132  8708
3 5129  8708  5132
3 956  8706  8704
3 2368  8708  8706
3 957  8704  8708
3 8706  8708  8704
3 140  4166  4163
3 1622  10584  4166
3 1619  4163  10584
3 4166  10584  4163
3 760  7789  7787
3 2370  10595  7789
3 1622  7787  10595
3 7789  10595  7787
3 308  5124  5128
3 1619  10586  5124
3 2370  5128  10586
3 5124  10586  5128
3 1622  10595  10584
3 2370  10586  10595
3 1619  10584  10586
3 10595  10586  10584
3 141  4169  4172
3 1625  10602  4169
3 1628  4172  10602
3 4169  10602  4172
3 309  5134  5130
3 2372  10604  5134
3 1625  5130  10604
3 5134  10604  5130
3 760  7788  7790
3 1628  10613  7788
3 2372  7790  10613
3 7788  10613  7790
3 1625  10604  10602
3 2372  10613  10604
3 1628  10602  10613
3 10604  10613  10602
3 308  5128  5126
3 2370  12452  5128
3 2368  5126  12452
3 5128  12452  5126
3 760  7790  7789
3 2372  12454  7790
3 2370  7789  12454
3 7790  12454  7789
3 309  5132  5134
3 2368  12453  5132
3 2372  5134  12453
3 5132  12453  5134
3 2370  12454  12452
3 2372  12453  12454
3 2368  12452  12453
3 12454  12453  12452
3 60  3736  3732
3 1192  9364  3736
3 1188  3732  9364
3 3736  9364  3732
3 544  6493  6491
3 3028  9375  6493
3 1192  6491  9375
3 6493  9375  6491
3 540  6467  6470
3 1188  9366  6467
3 3028  6470  9366
3 6467  9366  6470
3 1192  9375  9364
3 3028  9366  9375
3 1188  9364  9366
3 9375  9366  9364
3 229  4699  4697
3 2155  12185  4699
3 2153  4697  12185
3 4699  12185  4697
3 762  7802  7800
3 3039  12194  7802
3 2155  7800  12194
3 7802  12194  7800
3 544  6492  6495
3 2153  12187  6492
3 3039  6495  12187
3 6492  12187  6495
3 2155  12194  12185
3 3039  12187  12194
3 2153  12185  12187
3 12194  12187  12185
3 140  4164  4168
3 1620  10588  4164
3 1624  4168  10588
3 4164  10588  4168
3 540  6472  6468
3 3030  10590  6472
3 1620  6468  10590
3 6472  10590  6468
3 762  7799  7801
3 1624  10599  7799
3 3030  7801  10599
3 7799  10599  7801
3 1620  10590  10588
3 3030  10599  10590
3 1624  10588  10599
3 10590  10599  10588
3 544  6495  6493
3 3039  13112  6495
3 3028  6493  13112
3 6495  13112  6493
3 762  7801  7802
3 3030  13114  7801
3 3039  7802  13114
3 7801  13114  7802
3 540  6470  6472
3 3028  13111  6470
3 3030  6472  13111
3 6470  13111  6472
3 3039  13114  13112
3 3030  13111  13114
3 3028  13112  13111
3 13114  13111  13112
3 61  3738  3742
3 1194  9382  3738
3 1198  3742  9382
3 3738  9382  3742
3 546  6506  6503
3 3046  9384  6506
3 1194  6503  9384
3 6506  9384  6503
3 550  6527  6529
3 1198  9393  6527
3 3046  6529  9393
3 6527  9393  6529
3 1194  9384  9382
3 3046  9393  9384
3 1198  9382  9393
3 9384  9393  9382
3 141  4174  4170
3 1630  10606  4174
3 1626  4170  10606
3 4174  10606  4170
3 764  7813  7811
3 3048  10617  7813
3 1630  7811  10617
3 7813  10617  7811
3 546  6504  6508
3 1626  10608  6504
3 3048  6508  10608
3 6504  10608  6508
3 1630  10617  10606
3 3048  10608  10617
3 1626  10606  10608
3 10617  10608  10606
3 229  4698  4700
3 2154  12189  4698
3 2156  4700  12189
3 4698  12189  4700
3 550  6531  6528
3 3057  12191  6531
3 2154  6528  12191
3 6531  12191  6528
3 764  7812  7814
3 2156  12196  7812
3 3057  7814  12196
3 7812  12196  7814
3 2154  12191  12189
3 3057  12196  12191
3 2156  12189  12196
3 12191  12196  12189
3 546  6508  6506
3 3048  13129  6508
3 3046  6506  13129
3 6508  13129  6506
3 764  7814  7813
3 3057  13132  7814
3 3048  7813  13132
3 7814  13132  7813
3 550  6529  6531
3 3046  13130  6529
3 3057  6531  13130
3 6529  13130  6531
3 3048  13132  13129
3 3057  13130  13132
3 3046  13129  13130
3 13132  13130  13129
3 140  4168  4166
3 1624  10594  4168
3 1622  4166  10594
3 4168  10594  4166
3 762  7803  7799
3 3308  10600  7803
3 1624  7799  10600
3 7803  10600  7799
3 760  7787  7791
3 1622  10596  7787
3 3308  7791  10596
3 7787  10596  7791
3 1624  10600  10594
3 3308  10596  10600
3 1622  10594  10596
3 10600  10596  10594
3 229  4700  4699
3 2156  12193  4700
3 2155  4699  12193
3 4700  12193  4699
3 764  7816  7812
3 3310  12197  7816
3 2156  7812  12197
3 7816  12197  7812
3 762  7800  7804
3 2155  12195  7800
3 3310  7804  12195
3 7800  12195  7804
3 2156  12197  12193
3 3310  12195  12197
3 2155  12193  12195
3 12197  12195  12193
3 141  4172  4174
3 1628  10612  4172
3 1630  4174  10612
3 4172  10612  4174
3 760  7792  7788
3 3309  10614  7792
3 1628  7788  10614
3 7792  10614  7788
3 764  7811  7815
3 1630  10618  7811
3 3309  7815  10618
3 7811  10618  7815
3 1628  10614  10612
3 3309  10618  10614
3 1630  10612  10618
3 10614  10618  10612
3 762  7804  7803
3 3310  13389  7804
3 3308  7803  13389
3 7804  13389  7803
3 764  7815  7816
3 3309  13390  7815
3 3310  7816  13390
3 7815  13390  7816
3 760  7791  7792
3 3308  13388  7791
3 3309  7792  13388
3 7791  13388  7792
3 3310  13390  13389
3 3309  13388  13390
3 3308  13389  13388
3 13390  13388  13389
3 59  3730  3729
3 1186  9354  3730
3 1185  3729  9354
3 3730  9354  3729
3 538  6458  6455
3 3018  9358  6458
3 1186  6455  9358
3 6458  9358  6455
3 537  6449  6452
3 1185  9356  6449
3 3018  6452  9356
3 6449  9356  6452
3 1186  9358  9354
3 3018  9356  9358
3 1185  9354  9356
3 9358  9356  9354
3 228  4695  4691
3 2151  12168  4695
3 2147  4691  12168
3 4695  12168  4691
3 875  8480  8478
3 3022  12181  8480
3 2151  8478  12181
3 8480  12181  8478
3 538  6456  6460
3 2147  12170  6456
3 3022  6460  12170
3 6456  12170  6460
3 2151  12181  12168
3 3022  12170  12181
3 2147  12168  12170
3 12181  12170  12168
3 227  4685  4689
3 2141  12150  4685
3 2145  4689  12150
3 4685  12150  4689
3 537  6454  6450
3 3020  12152  6454
3 2141  6450  12152
3 6454  12152  6450
3 875  8477  8479
3 2145  12163  8477
3 3020  8479  12163
3 8477  12163  8479
3 2141  12152  12150
3 3020  12163  12152
3 2145  12150  12163
3 12152  12163  12150
3 538  6460  6458
3 3022  13101  6460
3 3018  6458  13101
3 6460  13101  6458
3 875  8479  8480
3 3020  13102  8479
3 3022  8480  13102
3 8479  13102  8480
3 537  6452  6454
3 3018  13100  6452
3 3020  6454  13100
3 6452  13100  6454
3 3022  13102  13101
3 3020  13100  13102
3 3018  13101  13100
3 13102  13100  13101
3 61  3742  3741
3 1198  9390  3742
3 1197  3741  9390
3 3742  9390  3741
3 550  6530  6527
3 3054  9394  6530
3 1198  6527  9394
3 6530  9394  6527
3 549  6521  6524
3 1197  9392  6521
3 3054  6524  9392
3 6521  9392  6524
3 1198  9394  9390
3 3054  9392  9394
3 1197  9390  9392
3 9394  9392  9390
3 229  4702  4698
3 2158  12190  4702
3 2154  4698  12190
3 4702  12190  4698
3 877  8492  8490
3 3058  12201  8492
3 2158  8490  12201
3 8492  12201  8490
3 550  6528  6532
3 2154  12192  6528
3 3058  6532  12192
3 6528  12192  6532
3 2158  12201  12190
3 3058  12192  12201
3 2154  12190  12192
3 12201  12192  12190
3 228  4692  4696
3 2148  12172  4692
3 2152  4696  12172
3 4692  12172  4696
3 549  6526  6522
3 3056  12174  6526
3 2148  6522  12174
3 6526  12174  6522
3 877  8489  8491
3 2152  12183  8489
3 3056  8491  12183
3 8489  12183  8491
3 2148  12174  12172
3 3056  12183  12174
3 2152  12172  12183
3 12174  12183  12172
3 550  6532  6530
3 3058  13137  6532
3 3054  6530  13137
3 6532  13137  6530
3 877  8491  8492
3 3056  13138  8491
3 3058  8492  13138
3 8491  13138  8492
3 549  6524  6526
3 3054  13136  6524
3 3056  6526  13136
3 6524  13136  6526
3 3058  13138  13137
3 3056  13136  13138
3 3054  13137  13136
3 13138  13136  13137
3 60  3735  3736
3 1191  9372  3735
3 1192  3736  9372
3 3735  9372  3736
3 543  6488  6485
3 3036  9374  6488
3 1191  6485  9374
3 6488  9374  6485
3 544  6491  6494
3 1192  9376  6491
3 3036  6494  9376
3 6491  9376  6494
3 1191  9374  9372
3 3036  9376  9374
3 1192  9372  9376
3 9374  9376  9372
3 227  4690  4686
3 2146  12154  4690
3 2142  4686  12154
3 4690  12154  4686
3 876  8485  8483
3 3038  12165  8485
3 2146  8483  12165
3 8485  12165  8483
3 543  6486  6490
3 2142  12156  6486
3 3038  6490  12156
3 6486  12156  6490
3 2146  12165  12154
3 3038  12156  12165
3 2142  12154  12156
3 12165  12156  12154
3 229  4697  4701
3 2153  12186  4697
3 2157  4701  12186
3 4697  12186  4701
3 544  6496  6492
3 3040  12188  6496
3 2153  6492  12188
3 6496  12188  6492
3 876  8484  8486
3 2157  12199  8484
3 3040  8486  12199
3 8484  12199  8486
3 2153  12188  12186
3 3040  12199  12188
3 2157  12186  12199
3 12188  12199  12186
3 543  6490  6488
3 3038  13118  6490
3 3036  6488  13118
3 6490  13118  6488
3 876  8486  8485
3 3040  13120  8486
3 3038  8485  13120
3 8486  13120  8485
3 544  6494  6496
3 3036  13119  6494
3 3040  6496  13119
3 6494  13119  6496
3 3038  13120  13118
3 3040  13119  13120
3 3036  13118  13119
3 13120  13119  13118
3 228  4696  4695
3 2152  12180  4696
3 2151  4695  12180
3 4696  12180  4695
3 877  8493  8489
3 3420  12184  8493
3 2152  8489  12184
3 8493  12184  8489
3 875  8478  8482
3 2151  12182  8478
3 3420  8482  12182
3 8478  12182  8482
3 2152  12184  12180
3 3420  12182  12184
3 2151  12180  12182
3 12184  12182  12180
3 229  4701  4702
3 2157  12198  4701
3 2158  4702  12198
3 4701  12198  4702
3 876  8488  8484
3 3421  12200  8488
3 2157  8484  12200
3 8488  12200  8484
3 877  8490  8494
3 2158  12202  8490
3 3421  8494  12202
3 8490  12202  8494
3 2157  12200  12198
3 3421  12202  12200
3 2158  12198  12202
3 12200  12202  12198
3 227  4689  4690
3 2145  12162  4689
3 2146  4690  12162
3 4689  12162  4690
3 875  8481  8477
3 3419  12164  8481
3 2145  8477  12164
3 8481  12164  8477
3 876  8483  8487
3 2146  12166  8483
3 3419  8487  12166
3 8483  12166  8487
3 2145  12164  12162
3 3419  12166  12164
3 2146  12162  12166
3 12164  12166  12162
3 877  8494  8493
3 3421  13501  8494
3 3420  8493  13501
3 8494  13501  8493
3 876  8487  8488
3 3419  13500  8487
3 3421  8488  13500
3 8487  13500  8488
3 875  8482  8481
3 3420  13499  8482
3 3419  8481  13499
3 8482  13499  8481
3 3421  13500  13501
3 3419  13499  13500
3 3420  13501  13499
3 13500  13499  13501
3 17  3502  3503
3 958  8709  3502
3 959  3503  8709
3 3502  8709  3503
3 310  5138  5135
3 2373  8711  5138
3 958  5135  8711
3 5138  8711  5135
3 311  5141  5144
3 959  8713  5141
3 2373  5144  8713
3 5141  8713  5144
3 958  8711  8709
3 2373  8713  8711
3 959  8709  8713
3 8711  8713  8709
3 142  4178  4175
3 1634  10620  4178
3 1631  4175  10620
3 4178  10620  4175
3 765  7819  7817
3 2375  10631  7819
3 1634  7817  10631
3 7819  10631  7817
3 310  5136  5140
3 1631  10622  5136
3 2375  5140  10622
3 5136  10622  5140
3 1634  10631  10620
3 2375  10622  10631
3 1631  10620  10622
3 10631  10622  10620
3 143  4181  4184
3 1637  10638  4181
3 1640  4184  10638
3 4181  10638  4184
3 311  5146  5142
3 2377  10640  5146
3 1637  5142  10640
3 5146  10640  5142
3 765  7818  7820
3 1640  10649  7818
3 2377  7820  10649
3 7818  10649  7820
3 1637  10640  10638
3 2377  10649  10640
3 1640  10638  10649
3 10640  10649  10638
3 310  5140  5138
3 2375  12455  5140
3 2373  5138  12455
3 5140  12455  5138
3 765  7820  7819
3 2377  12457  7820
3 2375  7819  12457
3 7820  12457  7819
3 311  5144  5146
3 2373  12456  5144
3 2377  5146  12456
3 5144  12456  5146
3 2375  12457  12455
3 2377  12456  12457
3 2373  12455  12456
3 12457  12456  12455
3 62  3747  3743
3 1203  9396  3747
3 1199  3743  9396
3 3747  9396  3743
3 555  6559  6557
3 3060  9409  6559
3 1203  6557  9409
3 6559  9409  6557
3 551  6533  6536
3 1199  9398  6533
3 3060  6536  9398
3 6533  9398  6536
3 1203  9409  9396
3 3060  9398  9409
3 1199  9396  9398
3 9409  9398  9396
3 230  4705  4703
3 2161  12203  4705
3 2159  4703  12203
3 4705  12203  4703
3 767  7832  7830
3 3073  12212  7832
3 2161  7830  12212
3 7832  12212  7830
3 555  6558  6561
3 2159  12205  6558
3 3073  6561  12205
3 6558  12205  6561
3 2161  12212  12203
3 3073  12205  12212
3 2159  12203  12205
3 12212  12205  12203
3 142  4176  4180
3 1632  10624  4176
3 1636  4180  10624
3 4176  10624  4180
3 551  6538  6534
3 3062  10626  6538
3 1632  6534  10626
3 6538  10626  6534
3 767  7829  7831
3 1636  10635  7829
3 3062  7831  10635
3 7829  10635  7831
3 1632  10626  10624
3 3062  10635  10626
3 1636  10624  10635
3 10626  10635  10624
3 555  6561  6559
3 3073  13142  6561
3 3060  6559  13142
3 6561  13142  6559
3 767  7831  7832
3 3062  13144  7831
3 3073  7832  13144
3 7831  13144  7832
3 551  6536  6538
3 3060  13141  6536
3 3062  6538  13141
3 6536  13141  6538
3 3073  13144  13142
3 3062  13141  13144
3 3060  13142  13141
3 13144  13141  13142
3 63  3749  3753
3 1205  9414  3749
3 1209  3753  9414
3 3749  9414  3753
3 557  6572  6569
3 3078  9416  6572
3 1205  6569  9416
3 6572  9416  6569
3 561  6593  6595
3 1209  9427  6593
3 3078  6595  9427
3 6593  9427  6595
3 1205  9416  9414
3 3078  9427  9416
3 1209  9414  9427
3 9416  9427  9414
3 143  4186  4182
3 1642  10642  4186
3 1638  4182  10642
3 4186  10642  4182
3 769  7843  7841
3 3080  10653  7843
3 1642  7841  10653
3 7843  10653  7841
3 557  6570  6574
3 1638  10644  6570
3 3080  6574  10644
3 6570  10644  6574
3 1642  10653  10642
3 3080  10644  10653
3 1638  10642  10644
3 10653  10644  10642
3 230  4704  4706
3 2160  12207  4704
3 2162  4706  12207
3 4704  12207  4706
3 561  6597  6594
3 3091  12209  6597
3 2160  6594  12209
3 6597  12209  6594
3 769  7842  7844
3 2162  12214  7842
3 3091  7844  12214
3 7842  12214  7844
3 2160  12209  12207
3 3091  12214  12209
3 2162  12207  12214
3 12209  12214  12207
3 557  6574  6572
3 3080  13159  6574
3 3078  6572  13159
3 6574  13159  6572
3 769  7844  7843
3 3091  13162  7844
3 3080  7843  13162
3 7844  13162  7843
3 561  6595  6597
3 3078  13160  6595
3 3091  6597  13160
3 6595  13160  6597
3 3080  13162  13159
3 3091  13160  13162
3 3078  13159  13160
3 13162  13160  13159
3 142  4180  4178
3 1636  10630  4180
3 1634  4178  10630
3 4180  10630  4178
3 767  7833  7829
3 3311  10636  7833
3 1636  7829  10636
3 7833  10636  7829
3 765  7817  7821
3 1634  10632  7817
3 3311  7821  10632
3 7817  10632  7821
3 1636  10636  10630
3 3311  10632  10636
3 1634  10630  10632
3 10636  10632  10630
3 230  4706  4705
3 2162  12211  4706
3 2161  4705  12211
3 4706  12211  4705
3 769  7846  7842
3 3313  12215  7846
3 2162  7842  12215
3 7846  12215  7842
3 767  7830  7834
3 2161  12213  7830
3 3313  7834  12213
3 7830  12213  7834
3 2162  12215  12211
3 3313  12213  12215
3 2161  12211  12213
3 12215  12213  12211
3 143  4184  4186
3 1640  10648  4184
3 1642  4186  10648
3 4184  10648  4186
3 765  7822  7818
3 3312  10650  7822
3 1640  7818  10650
3 7822  10650  7818
3 769  7841  7845
3 1642  10654  7841
3 3312  7845  10654
3 7841  10654  7845
3 1640  10650  10648
3 3312  10654  10650
3 1642  10648  10654
3 10650  10654  10648
3 767  7834  7833
3 3313  13392  7834
3 3311  7833  13392
3 7834  13392  7833
3 769  7845  7846
3 3312  13393  7845
3 3313  7846  13393
3 7845  13393  7846
3 765  7821  7822
3 3311  13391  7821
3 3312  7822  13391
3 7821  13391  7822
3 3313  13393  13392
3 3312  13391  13393
3 3311  13392  13391
3 13393  13391  13392
3 18  3508  3507
3 964  8724  3508
3 963  3507  8724
3 3508  8724  3507
3 316  5174  5171
3 2388  8728  5174
3 964  5171  8728
3 5174  8728  5171
3 315  5165  5168
3 963  8726  5165
3 2388  5168  8726
3 5165  8726  5168
3 964  8728  8724
3 2388  8726  8728
3 963  8724  8726
3 8728  8726  8724
3 148  4214  4211
3 1670  10728  4214
3 1667  4211  10728
3 4214  10728  4211
3 780  7910  7908
3 2392  10739  7910
3 1670  7908  10739
3 7910  10739  7908
3 316  5172  5176
3 1667  10730  5172
3 2392  5176  10730
3 5172  10730  5176
3 1670  10739  10728
3 2392  10730  10739
3 1667  10728  10730
3 10739  10730  10728
3 147  4205  4208
3 1661  10710  4205
3 1664  4208  10710
3 4205  10710  4208
3 315  5170  5166
3 2390  10712  5170
3 1661  5166  10712
3 5170  10712  5166
3 780  7907  7909
3 1664  10721  7907
3 2390  7909  10721
3 7907  10721  7909
3 1661  10712  10710
3 2390  10721  10712
3 1664  10710  10721
3 10712  10721  10710
3 316  5176  5174
3 2392  12471  5176
3 2388  5174  12471
3 5176  12471  5174
3 780  7909  7910
3 2390  12472  7909
3 2392  7910  12472
3 7909  12472  7910
3 315  5168  5170
3 2388  12470  5168
3 2390  5170  12470
3 5168  12470  5170
3 2392  12472  12471
3 2390  12470  12472
3 2388  12471  12470
3 12472  12470  12471
3 64  3759  3755
3 1215  9432  3759
3 1211  3755  9432
3 3759  9432  3755
3 567  6631  6629
3 3096  9445  6631
3 1215  6629  9445
3 6631  9445  6629
3 563  6605  6608
3 1211  9434  6605
3 3096  6608  9434
3 6605  9434  6608
3 1215  9445  9432
3 3096  9434  9445
3 1211  9432  9434
3 9445  9434  9432
3 231  4712  4710
3 2168  12225  4712
3 2166  4710  12225
3 4712  12225  4710
3 784  7934  7932
3 3109  12232  7934
3 2168  7932  12232
3 7934  12232  7932
3 567  6630  6633
3 2166  12227  6630
3 3109  6633  12227
3 6630  12227  6633
3 2168  12232  12225
3 3109  12227  12232
3 2166  12225  12227
3 12232  12227  12225
3 148  4212  4216
3 1668  10732  4212
3 1672  4216  10732
3 4212  10732  4216
3 563  6610  6606
3 3098  10734  6610
3 1668  6606  10734
3 6610  10734  6606
3 784  7931  7933
3 1672  10743  7931
3 3098  7933  10743
3 7931  10743  7933
3 1668  10734  10732
3 3098  10743  10734
3 1672  10732  10743
3 10734  10743  10732
3 567  6633  6631
3 3109  13178  6633
3 3096  6631  13178
3 6633  13178  6631
3 784  7933  7934
3 3098  13180  7933
3 3109  7934  13180
3 7933  13180  7934
3 563  6608  6610
3 3096  13177  6608
3 3098  6610  13177
3 6608  13177  6610
3 3109  13180  13178
3 3098  13177  13180
3 3096  13178  13177
3 13180  13177  13178
3 62  3744  3748
3 1200  9400  3744
3 1204  3748  9400
3 3744  9400  3748
3 552  6542  6539
3 3064  9402  6542
3 1200  6539  9402
3 6542  9402  6539
3 556  6563  6565
3 1204  9411  6563
3 3064  6565  9411
3 6563  9411  6565
3 1200  9402  9400
3 3064  9411  9402
3 1204  9400  9411
3 9402  9411  9400
3 147  4210  4206
3 1666  10714  4210
3 1662  4206  10714
3 4210  10714  4206
3 782  7921  7919
3 3066  10725  7921
3 1666  7919  10725
3 7921  10725  7919
3 552  6540  6544
3 1662  10716  6540
3 3066  6544  10716
3 6540  10716  6544
3 1666  10725  10714
3 3066  10716  10725
3 1662  10714  10716
3 10725  10716  10714
3 231  4709  4711
3 2165  12221  4709
3 2167  4711  12221
3 4709  12221  4711
3 556  6567  6564
3 3075  12223  6567
3 2165  6564  12223
3 6567  12223  6564
3 782  7920  7922
3 2167  12230  7920
3 3075  7922  12230
3 7920  12230  7922
3 2165  12223  12221
3 3075  12230  12223
3 2167  12221  12230
3 12223  12230  12221
3 552  6544  6542
3 3066  13147  6544
3 3064  6542  13147
3 6544  13147  6542
3 782  7922  7921
3 3075  13150  7922
3 3066  7921  13150
3 7922  13150  7921
3 556  6565  6567
3 3064  13148  6565
3 3075  6567  13148
3 6565  13148  6567
3 3066  13150  13147
3 3075  13148  13150
3 3064  13147  13148
3 13150  13148  13147
3 148  4216  4214
3 1672  10738  4216
3 1670  4214  10738
3 4216  10738  4214
3 784  7935  7931
3 3327  10744  7935
3 1672  7931  10744
3 7935  10744  7931
3 780  7908  7912
3 1670  10740  7908
3 3327  7912  10740
3 7908  10740  7912
3 1672  10744  10738
3 3327  10740  10744
3 1670  10738  10740
3 10744  10740  10738
3 231  4711  4712
3 2167  12229  4711
3 2168  4712  12229
3 4711  12229  4712
3 782  7924  7920
3 3328  12231  7924
3 2167  7920  12231
3 7924  12231  7920
3 784  7932  7936
3 2168  12233  7932
3 3328  7936  12233
3 7932  12233  7936
3 2167  12231  12229
3 3328  12233  12231
3 2168  12229  12233
3 12231  12233  12229
3 147  4208  4210
3 1664  10720  4208
3 1666  4210  10720
3 4208  10720  4210
3 780  7911  7907
3 3326  10722  7911
3 1664  7907  10722
3 7911  10722  7907
3 782  7919  7923
3 1666  10726  7919
3 3326  7923  10726
3 7919  10726  7923
3 1664  10722  10720
3 3326  10726  10722
3 1666  10720  10726
3 10722  10726  10720
3 784  7936  7935
3 3328  13408  7936
3 3327  7935  13408
3 7936  13408  7935
3 782  7923  7924
3 3326  13407  7923
3 3328  7924  13407
3 7923  13407  7924
3 780  7912  7911
3 3327  13406  7912
3 3326  7911  13406
3 7912  13406  7911
3 3328  13407  13408
3 3326  13406  13407
3 3327  13408  13406
3 13407  13406  13408
3 19  3513  3514
3 969  8742  3513
3 970  3514  8742
3 3513  8742  3514
3 321  5204  5201
3 2406  8744  5204
3 969  5201  8744
3 5204  8744  5201
3 322  5207  5210
3 970  8746  5207
3 2406  5210  8746
3 5207  8746  5210
3 969  8744  8742
3 2406  8746  8744
3 970  8742  8746
3 8744  8746  8742
3 153  4244  4241
3 1700  10818  4244
3 1697  4241  10818
3 4244  10818  4241
3 798  8017  8015
3 2408  10829  8017
3 1700  8015  10829
3 8017  10829  8015
3 321  5202  5206
3 1697  10820  5202
3 2408  5206  10820
3 5202  10820  5206
3 1700  10829  10818
3 2408  10820  10829
3 1697  10818  10820
3 10829  10820  10818
3 154  4247  4250
3 1703  10836  4247
3 1706  4250  10836
3 4247  10836  4250
3 322  5212  5208
3 2410  10838  5212
3 1703  5208  10838
3 5212  10838  5208
3 798  8016  8018
3 1706  10847  8016
3 2410  8018  10847
3 8016  10847  8018
3 1703  10838  10836
3 2410  10847  10838
3 1706  10836  10847
3 10838  10847  10836
3 321  5206  5204
3 2408  12488  5206
3 2406  5204  12488
3 5206  12488  5204
3 798  8018  8017
3 2410  12490  8018
3 2408  8017  12490
3 8018  12490  8017
3 322  5210  5212
3 2406  12489  5210
3 2410  5212  12489
3 5210  12489  5212
3 2408  12490  12488
3 2410  12489  12490
3 2406  12488  12489
3 12490  12489  12488
3 63  3754  3750
3 1210  9418  3754
3 1206  3750  9418
3 3754  9418  3750
3 562  6601  6599
3 3082  9429  6601
3 1210  6599  9429
3 6601  9429  6599
3 558  6575  6578
3 1206  9420  6575
3 3082  6578  9420
3 6575  9420  6578
3 1210  9429  9418
3 3082  9420  9429
3 1206  9418  9420
3 9429  9420  9418
3 232  4717  4715
3 2173  12239  4717
3 2171  4715  12239
3 4717  12239  4715
3 800  8030  8028
3 3093  12248  8030
3 2173  8028  12248
3 8030  12248  8028
3 562  6600  6603
3 2171  12241  6600
3 3093  6603  12241
3 6600  12241  6603
3 2173  12248  12239
3 3093  12241  12248
3 2171  12239  12241
3 12248  12241  12239
3 153  4242  4246
3 1698  10822  4242
3 1702  4246  10822
3 4242  10822  4246
3 558  6580  6576
3 3084  10824  6580
3 1698  6576  10824
3 6580  10824  6576
3 800  8027  8029
3 1702  10833  8027
3 3084  8029  10833
3 8027  10833  8029
3 1698  10824  10822
3 3084  10833  10824
3 1702  10822  10833
3 10824  10833  10822
3 562  6603  6601
3 3093  13166  6603
3 3082  6601  13166
3 6603  13166  6601
3 800  8029  8030
3 3084  13168  8029
3 3093  8030  13168
3 8029  13168  8030
3 558  6578  6580
3 3082  13165  6578
3 3084  6580  13165
3 6578  13165  6580
3 3093  13168  13166
3 3084  13165  13168
3 3082  13166  13165
3 13168  13165  13166
3 64  3756  3760
3 1212  9436  3756
3 1216  3760  9436
3 3756  9436  3760
3 564  6614  6611
3 3100  9438  6614
3 1212  6611  9438
3 6614  9438  6611
3 568  6635  6637
3 1216  9447  6635
3 3100  6637  9447
3 6635  9447  6637
3 1212  9438  9436
3 3100  9447  9438
3 1216  9436  9447
3 9438  9447  9436
3 154  4252  4248
3 1708  10840  4252
3 1704  4248  10840
3 4252  10840  4248
3 802  8041  8039
3 3102  10851  8041
3 1708  8039  10851
3 8041  10851  8039
3 564  6612  6616
3 1704  10842  6612
3 3102  6616  10842
3 6612  10842  6616
3 1708  10851  10840
3 3102  10842  10851
3 1704  10840  10842
3 10851  10842  10840
3 232  4716  4718
3 2172  12243  4716
3 2174  4718  12243
3 4716  12243  4718
3 568  6639  6636
3 3111  12245  6639
3 2172  6636  12245
3 6639  12245  6636
3 802  8040  8042
3 2174  12250  8040
3 3111  8042  12250
3 8040  12250  8042
3 2172  12245  12243
3 3111  12250  12245
3 2174  12243  12250
3 12245  12250  12243
3 564  6616  6614
3 3102  13183  6616
3 3100  6614  13183
3 6616  13183  6614
3 802  8042  8041
3 3111  13186  8042
3 3102  8041  13186
3 8042  13186  8041
3 568  6637  6639
3 3100  13184  6637
3 3111  6639  13184
3 6637  13184  6639
3 3102  13186  13183
3 3111  13184  13186
3 3100  13183  13184
3 13186  13184  13183
3 153  4246  4244
3 1702  10828  4246
3 1700  4244  10828
3 4246  10828  4244
3 800  8031  8027
3 3344  10834  8031
3 1702  8027  10834
3 8031  10834  8027
3 798  8015  8019
3 1700  10830  8015
3 3344  8019  10830
3 8015  10830  8019
3 1702  10834  10828
3 3344  10830  10834
3 1700  10828  10830
3 10834  10830  10828
3 232  4718  4717
3 2174  12247  4718
3 2173  4717  12247
3 4718  12247  4717
3 802  8044  8040
3 3346  12251  8044
3 2174  8040  12251
3 8044  12251  8040
3 800  8028  8032
3 2173  12249  8028
3 3346  8032  12249
3 8028  12249  8032
3 2174  12251  12247
3 3346  12249  12251
3 2173  12247  12249
3 12251  12249  12247
3 154  4250  4252
3 1706  10846  4250
3 1708  4252  10846
3 4250  10846  4252
3 798  8020  8016
3 3345  10848  8020
3 1706  8016  10848
3 8020  10848  8016
3 802  8039  8043
3 1708  10852  8039
3 3345  8043  10852
3 8039  10852  8043
3 1706  10848  10846
3 3345  10852  10848
3 1708  10846  10852
3 10848  10852  10846
3 800  8032  8031
3 3346  13425  8032
3 3344  8031  13425
3 8032  13425  8031
3 802  8043  8044
3 3345  13426  8043
3 3346  8044  13426
3 8043  13426  8044
3 798  8019  8020
3 3344  13424  8019
3 3345  8020  13424
3 8019  13424  8020
3 3346  13426  13425
3 3345  13424  13426
3 3344  13425  13424
3 13426  13424  13425
3 62  3748  3747
3 1204  9408  3748
3 1203  3747  9408
3 3748  9408  3747
3 556  6566  6563
3 3072  9412  6566
3 1204  6563  9412
3 6566  9412  6563
3 555  6557  6560
3 1203  9410  6557
3 3072  6560  9410
3 6557  9410  6560
3 1204  9412  9408
3 3072  9410  9412
3 1203  9408  9410
3 9412  9410  9408
3 231  4713  4709
3 2169  12222  4713
3 2165  4709  12222
3 4713  12222  4709
3 878  8498  8496
3 3076  12235  8498
3 2169  8496  12235
3 8498  12235  8496
3 556  6564  6568
3 2165  12224  6564
3 3076  6568  12224
3 6564  12224  6568
3 2169  12235  12222
3 3076  12224  12235
3 2165  12222  12224
3 12235  12224  12222
3 230  4703  4707
3 2159  12204  4703
3 2163  4707  12204
3 4703  12204  4707
3 555  6562  6558
3 3074  12206  6562
3 2159  6558  12206
3 6562  12206  6558
3 878  8495  8497
3 2163  12217  8495
3 3074  8497  12217
3 8495  12217  8497
3 2159  12206  12204
3 3074  12217  12206
3 2163  12204  12217
3 12206  12217  12204
3 556  6568  6566
3 3076  13155  6568
3 3072  6566  13155
3 6568  13155  6566
3 878  8497  8498
3 3074  13156  8497
3 3076  8498  13156
3 8497  13156  8498
3 555  6560  6562
3 3072  13154  6560
3 3074  6562  13154
3 6560  13154  6562
3 3076  13156  13155
3 3074  13154  13156
3 3072  13155  13154
3 13156  13154  13155
3 64  3760  3759
3 1216  9444  3760
3 1215  3759  9444
3 3760  9444  3759
3 568  6638  6635
3 3108  9448  6638
3 1216  6635  9448
3 6638  9448  6635
3 567  6629  6632
3 1215  9446  6629
3 3108  6632  9446
3 6629  9446  6632
3 1216  9448  9444
3 3108  9446  9448
3 1215  9444  9446
3 9448  9446  9444
3 232  4720  4716
3 2176  12244  4720
3 2172  4716  12244
3 4720  12244  4716
3 880  8510  8508
3 3112  12255  8510
3 2176  8508  12255
3 8510  12255  8508
3 568  6636  6640
3 2172  12246  6636
3 3112  6640  12246
3 6636  12246  6640
3 2176  12255  12244
3 3112  12246  12255
3 2172  12244  12246
3 12255  12246  12244
3 231  4710  4714
3 2166  12226  4710
3 2170  4714  12226
3 4710  12226  4714
3 567  6634  6630
3 3110  12228  6634
3 2166  6630  12228
3 6634  12228  6630
3 880  8507  8509
3 2170  12237  8507
3 3110  8509  12237
3 8507  12237  8509
3 2166  12228  12226
3 3110  12237  12228
3 2170  12226  12237
3 12228  12237  12226
3 568  6640  6638
3 3112  13191  6640
3 3108  6638  13191
3 6640  13191  6638
3 880  8509  8510
3 3110  13192  8509
3 3112  8510  13192
3 8509  13192  8510
3 567  6632  6634
3 3108  13190  6632
3 3110  6634  13190
3 6632  13190  6634
3 3112  13192  13191
3 3110  13190  13192
3 3108  13191  13190
3 13192  13190  13191
3 63  3753  3754
3 1209  9426  3753
3 1210  3754  9426
3 3753  9426  3754
3 561  6596  6593
3 3090  9428  6596
3 1209  6593  9428
3 6596  9428  6593
3 562  6599  6602
3 1210  9430  6599
3 3090  6602  9430
3 6599  9430  6602
3 1209  9428  9426
3 3090  9430  9428
3 1210  9426  9430
3 9428  9430  9426
3 230  4708  4704
3 2164  12208  4708
3 2160  4704  12208
3 4708  12208  4704
3 879  8503  8501
3 3092  12219  8503
3 2164  8501  12219
3 8503  12219  8501
3 561  6594  6598
3 2160  12210  6594
3 3092  6598  12210
3 6594  12210  6598
3 2164  12219  12208
3 3092  12210  12219
3 2160  12208  12210
3 12219  12210  12208
3 232  4715  4719
3 2171  12240  4715
3 2175  4719  12240
3 4715  12240  4719
3 562  6604  6600
3 3094  12242  6604
3 2171  6600  12242
3 6604  12242  6600
3 879  8502  8504
3 2175  12253  8502
3 3094  8504  12253
3 8502  12253  8504
3 2171  12242  12240
3 3094  12253  12242
3 2175  12240  12253
3 12242  12253  12240
3 561  6598  6596
3 3092  13172  6598
3 3090  6596  13172
3 6598  13172  6596
3 879  8504  8503
3 3094  13174  8504
3 3092  8503  13174
3 8504  13174  8503
3 562  6602  6604
3 3090  13173  6602
3 3094  6604  13173
3 6602  13173  6604
3 3092  13174  13172
3 3094  13173  13174
3 3090  13172  13173
3 13174  13173  13172
3 231  4714  4713
3 2170  12234  4714
3 2169  4713  12234
3 4714  12234  4713
3 880  8511  8507
3 3423  12238  8511
3 2170  8507  12238
3 8511  12238  8507
3 878  8496  8500
3 2169  12236  8496
3 3423  8500  12236
3 8496  12236  8500
3 2170  12238  12234
3 3423  12236  12238
3 2169  12234  12236
3 12238  12236  12234
3 232  4719  4720
3 2175  12252  4719
3 2176  4720  12252
3 4719  12252  4720
3 879  8506  8502
3 3424  12254  8506
3 2175  8502  12254
3 8506  12254  8502
3 880  8508  8512
3 2176  12256  8508
3 3424  8512  12256
3 8508  12256  8512
3 2175  12254  12252
3 3424  12256  12254
3 2176  12252  12256
3 12254  12256  12252
3 230  4707  4708
3 2163  12216  4707
3 2164  4708  12216
3 4707  12216  4708
3 878  8499  8495
3 3422  12218  8499
3 2163  8495  12218
3 8499  12218  8495
3 879  8501  8505
3 2164  12220  8501
3 3422  8505  12220
3 8501  12220  8505
3 2163  12218  12216
3 3422  12220  12218
3 2164  12216  12220
3 12218  12220  12216
3 880  8512  8511
3 3424  13504  8512
3 3423  8511  13504
3 8512  13504  8511
3 879  8505  8506
3 3422  13503  8505
3 3424  8506  13503
3 8505  13503  8506
3 878  8500  8499
3 3423  13502  8500
3 3422  8499  13502
3 8500  13502  8499
3 3424  13503  13504
3 3422  13502  13503
3 3423  13504  13502
3 13503  13502  13504
3 19  3511  3512
3 967  8736  3511
3 968  3512  8736
3 3511  8736  3512
3 319  5192  5189
3 2400  8738  5192
3 967  5189  8738
3 5192  8738  5189
3 320  5195  5197
3 968  8740  5195
3 2400  5197  8740
3 5195  8740  5197
3 967  8738  8736
3 2400  8740  8738
3 968  8736  8740
3 8738  8740  8736
3 151  4232  4229
3 1688  10782  4232
3 1685  4229  10782
3 4232  10782  4229
3 792  7981  7979
3 2402  10793  7981
3 1688  7979  10793
3 7981  10793  7979
3 319  5190  5194
3 1685  10784  5190
3 2402  5194  10784
3 5190  10784  5194
3 1688  10793  10782
3 2402  10784  10793
3 1685  10782  10784
3 10793  10784  10782
3 152  4235  4237
3 1691  10799  4235
3 1693  4237  10799
3 4235  10799  4237
3 320  5199  5196
3 2404  10801  5199
3 1691  5196  10801
3 5199  10801  5196
3 792  7980  7982
3 1693  10808  7980
3 2404  7982  10808
3 7980  10808  7982
3 1691  10801  10799
3 2404  10808  10801
3 1693  10799  10808
3 10801  10808  10799
3 319  5194  5192
3 2402  12482  5194
3 2400  5192  12482
3 5194  12482  5192
3 792  7982  7981
3 2404  12484  7982
3 2402  7981  12484
3 7982  12484  7981
3 320  5197  5199
3 2400  12483  5197
3 2404  5199  12483
3 5197  12483  5199
3 2402  12484  12482
3 2404  12483  12484
3 2400  12482  12483
3 12484  12483  12482
3 53  3694  3690
3 1150  9238  3694
3 1146  3690  9238
3 3694  9238  3690
3 502  6241  6239
3 2902  9249  6241
3 1150  6239  9249
3 6241  9249  6239
3 498  6215  6218
3 1146  9240  6215
3 2902  6218  9240
3 6215  9240  6218
3 1150  9249  9238
3 2902  9240  9249
3 1146  9238  9240
3 9249  9240  9238
3 217  4627  4625
3 2083  11969  4627
3 2081  4625  11969
3 4627  11969  4625
3 794  7994  7992
3 2913  11978  7994
3 2083  7992  11978
3 7994  11978  7992
3 502  6240  6243
3 2081  11971  6240
3 2913  6243  11971
3 6240  11971  6243
3 2083  11978  11969
3 2913  11971  11978
3 2081  11969  11971
3 11978  11971  11969
3 151  4230  4234
3 1686  10786  4230
3 1690  4234  10786
3 4230  10786  4234
3 498  6220  6216
3 2904  10788  6220
3 1686  6216  10788
3 6220  10788  6216
3 794  7991  7993
3 1690  10797  7991
3 2904  7993  10797
3 7991  10797  7993
3 1686  10788  10786
3 2904  10797  10788
3 1690  10786  10797
3 10788  10797  10786
3 502  6243  6241
3 2913  12986  6243
3 2902  6241  12986
3 6243  12986  6241
3 794  7993  7994
3 2904  12988  7993
3 2913  7994  12988
3 7993  12988  7994
3 498  6218  6220
3 2902  12985  6218
3 2904  6220  12985
3 6218  12985  6220
3 2913  12988  12986
3 2904  12985  12988
3 2902  12986  12985
3 12988  12985  12986
3 57  3714  3716
3 1170  9309  3714
3 1172  3716  9309
3 3714  9309  3716
3 522  6361  6359
3 2973  9311  6361
3 1170  6359  9311
3 6361  9311  6359
3 524  6371  6373
3 1172  9316  6371
3 2973  6373  9316
3 6371  9316  6373
3 1170  9311  9309
3 2973  9316  9311
3 1172  9309  9316
3 9311  9316  9309
3 152  4239  4236
3 1695  10803  4239
3 1692  4236  10803
3 4239  10803  4236
3 796  8005  8003
3 2975  10813  8005
3 1695  8003  10813
3 8005  10813  8003
3 522  6360  6363
3 1692  10805  6360
3 2975  6363  10805
3 6360  10805  6363
3 1695  10813  10803
3 2975  10805  10813
3 1692  10803  10805
3 10813  10805  10803
3 217  4626  4628
3 2082  11973  4626
3 2084  4628  11973
3 4626  11973  4628
3 524  6375  6372
3 2980  11975  6375
3 2082  6372  11975
3 6375  11975  6372
3 796  8004  8006
3 2084  11980  8004
3 2980  8006  11980
3 8004  11980  8006
3 2082  11975  11973
3 2980  11980  11975
3 2084  11973  11980
3 11975  11980  11973
3 522  6363  6361
3 2975  13055  6363
3 2973  6361  13055
3 6363  13055  6361
3 796  8006  8005
3 2980  13059  8006
3 2975  8005  13059
3 8006  13059  8005
3 524  6373  6375
3 2973  13056  6373
3 2980  6375  13056
3 6373  13056  6375
3 2975  13059  13055
3 2980  13056  13059
3 2973  13055  13056
3 13059  13056  13055
3 151  4234  4232
3 1690  10792  4234
3 1688  4232  10792
3 4234  10792  4232
3 794  7995  7991
3 3338  10798  7995
3 1690  7991  10798
3 7995  10798  7991
3 792  7979  7983
3 1688  10794  7979
3 3338  7983  10794
3 7979  10794  7983
3 1690  10798  10792
3 3338  10794  10798
3 1688  10792  10794
3 10798  10794  10792
3 217  4628  4627
3 2084  11977  4628
3 2083  4627  11977
3 4628  11977  4627
3 796  8008  8004
3 3340  11981  8008
3 2084  8004  11981
3 8008  11981  8004
3 794  7992  7996
3 2083  11979  7992
3 3340  7996  11979
3 7992  11979  7996
3 2084  11981  11977
3 3340  11979  11981
3 2083  11977  11979
3 11981  11979  11977
3 152  4237  4239
3 1693  10807  4237
3 1695  4239  10807
3 4237  10807  4239
3 792  7984  7980
3 3339  10809  7984
3 1693  7980  10809
3 7984  10809  7980
3 796  8003  8007
3 1695  10814  8003
3 3339  8007  10814
3 8003  10814  8007
3 1693  10809  10807
3 3339  10814  10809
3 1695  10807  10814
3 10809  10814  10807
3 794  7996  7995
3 3340  13419  7996
3 3338  7995  13419
3 7996  13419  7995
3 796  8007  8008
3 3339  13420  8007
3 3340  8008  13420
3 8007  13420  8008
3 792  7983  7984
3 3338  13418  7983
3 3339  7984  13418
3 7983  13418  7984
3 3340  13420  13419
3 3339  13418  13420
3 3338  13419  13418
3 13420  13418  13419
3 12  3472  3473
3 928  8619  3472
3 929  3473  8619
3 3472  8619  3473
3 280  4958  4955
3 2283  8621  4958
3 928  4955  8621
3 4958  8621  4955
3 281  4961  4964
3 929  8623  4961
3 2283  4964  8623
3 4961  8623  4964
3 928  8621  8619
3 2283  8623  8621
3 929  8619  8623
3 8621  8623  8619
3 112  3998  3995
3 1454  10080  3998
3 1451  3995  10080
3 3998  10080  3995
3 675  7279  7277
3 2285  10091  7279
3 1454  7277  10091
3 7279  10091  7277
3 280  4956  4960
3 1451  10082  4956
3 2285  4960  10082
3 4956  10082  4960
3 1454  10091  10080
3 2285  10082  10091
3 1451  10080  10082
3 10091  10082  10080
3 113  4001  4004
3 1457  10098  4001
3 1460  4004  10098
3 4001  10098  4004
3 281  4966  4962
3 2287  10100  4966
3 1457  4962  10100
3 4966  10100  4962
3 675  7278  7280
3 1460  10109  7278
3 2287  7280  10109
3 7278  10109  7280
3 1457  10100  10098
3 2287  10109  10100
3 1460  10098  10109
3 10100  10109  10098
3 280  4960  4958
3 2285  12365  4960
3 2283  4958  12365
3 4960  12365  4958
3 675  7280  7279
3 2287  12367  7280
3 2285  7279  12367
3 7280  12367  7279
3 281  4964  4966
3 2283  12366  4964
3 2287  4966  12366
3 4964  12366  4966
3 2285  12367  12365
3 2287  12366  12367
3 2283  12365  12366
3 12367  12366  12365
3 52  3687  3683
3 1143  9216  3687
3 1139  3683  9216
3 3687  9216  3683
3 495  6199  6197
3 2880  9229  6199
3 1143  6197  9229
3 6199  9229  6197
3 491  6173  6176
3 1139  9218  6173
3 2880  6176  9218
3 6173  9218  6176
3 1143  9229  9216
3 2880  9218  9229
3 1139  9216  9218
3 9229  9218  9216
3 215  4615  4613
3 2071  11933  4615
3 2069  4613  11933
3 4615  11933  4613
3 677  7292  7290
3 2893  11942  7292
3 2071  7290  11942
3 7292  11942  7290
3 495  6198  6201
3 2069  11935  6198
3 2893  6201  11935
3 6198  11935  6201
3 2071  11942  11933
3 2893  11935  11942
3 2069  11933  11935
3 11942  11935  11933
3 112  3996  4000
3 1452  10084  3996
3 1456  4000  10084
3 3996  10084  4000
3 491  6178  6174
3 2882  10086  6178
3 1452  6174  10086
3 6178  10086  6174
3 677  7289  7291
3 1456  10095  7289
3 2882  7291  10095
3 7289  10095  7291
3 1452  10086  10084
3 2882  10095  10086
3 1456  10084  10095
3 10086  10095  10084
3 495  6201  6199
3 2893  12962  6201
3 2880  6199  12962
3 6201  12962  6199
3 677  7291  7292
3 2882  12964  7291
3 2893  7292  12964
3 7291  12964  7292
3 491  6176  6178
3 2880  12961  6176
3 2882  6178  12961
3 6176  12961  6178
3 2893  12964  12962
3 2882  12961  12964
3 2880  12962  12961
3 12964  12961  12962
3 53  3689  3693
3 1145  9234  3689
3 1149  3693  9234
3 3689  9234  3693
3 497  6212  6209
3 2898  9236  6212
3 1145  6209  9236
3 6212  9236  6209
3 501  6233  6235
3 1149  9247  6233
3 2898  6235  9247
3 6233  9247  6235
3 1145  9236  9234
3 2898  9247  9236
3 1149  9234  9247
3 9236  9247  9234
3 113  4006  4002
3 1462  10102  4006
3 1458  4002  10102
3 4006  10102  4002
3 679  7303  7301
3 2900  10113  7303
3 1462  7301  10113
3 7303  10113  7301
3 497  6210  6214
3 1458  10104  6210
3 2900  6214  10104
3 6210  10104  6214
3 1462  10113  10102
3 2900  10104  10113
3 1458  10102  10104
3 10113  10104  10102
3 215  4614  4616
3 2070  11937  4614
3 2072  4616  11937
3 4614  11937  4616
3 501  6237  6234
3 2911  11939  6237
3 2070  6234  11939
3 6237  11939  6234
3 679  7302  7304
3 2072  11944  7302
3 2911  7304  11944
3 7302  11944  7304
3 2070  11939  11937
3 2911  11944  11939
3 2072  11937  11944
3 11939  11944  11937
3 497  6214  6212
3 2900  12979  6214
3 2898  6212  12979
3 6214  12979  6212
3 679  7304  7303
3 2911  12982  7304
3 2900  7303  12982
3 7304  12982  7303
3 501  6235  6237
3 2898  12980  6235
3 2911  6237  12980
3 6235  12980  6237
3 2900  12982  12979
3 2911  12980  12982
3 2898  12979  12980
3 12982  12980  12979
3 112  4000  3998
3 1456  10090  4000
3 1454  3998  10090
3 4000  10090  3998
3 677  7293  7289
3 3221  10096  7293
3 1456  7289  10096
3 7293  10096  7289
3 675  7277  7281
3 1454  10092  7277
3 3221  7281  10092
3 7277  10092  7281
3 1456  10096  10090
3 3221  10092  10096
3 1454  10090  10092
3 10096  10092  10090
3 215  4616  4615
3 2072  11941  4616
3 2071  4615  11941
3 4616  11941  4615
3 679  7306  7302
3 3223  11945  7306
3 2072  7302  11945
3 7306  11945  7302
3 677  7290  7294
3 2071  11943  7290
3 3223  7294  11943
3 7290  11943  7294
3 2072  11945  11941
3 3223  11943  11945
3 2071  11941  11943
3 11945  11943  11941
3 113  4004  4006
3 1460  10108  4004
3 1462  4006  10108
3 4004  10108  4006
3 675  7282  7278
3 3222  10110  7282
3 1460  7278  10110
3 7282  10110  7278
3 679  7301  7305
3 1462  10114  7301
3 3222  7305  10114
3 7301  10114  7305
3 1460  10110  10108
3 3222  10114  10110
3 1462  10108  10114
3 10110  10114  10108
3 677  7294  7293
3 3223  13302  7294
3 3221  7293  13302
3 7294  13302  7293
3 679  7305  7306
3 3222  13303  7305
3 3223  7306  13303
3 7305  13303  7306
3 675  7281  7282
3 3221  13301  7281
3 3222  7282  13301
3 7281  13301  7282
3 3223  13303  13302
3 3222  13301  13303
3 3221  13302  13301
3 13303  13301  13302
3 13  3480  3476
3 936  8631  3480
3 932  3476  8631
3 3480  8631  3476
3 288  5005  5003
3 2295  8643  5005
3 936  5003  8643
3 5005  8643  5003
3 284  4979  4982
3 932  8633  4979
3 2295  4982  8633
3 4979  8633  4982
3 936  8643  8631
3 2295  8633  8643
3 932  8631  8633
3 8643  8633  8631
3 120  4045  4043
3 1501  10223  4045
3 1499  4043  10223
3 4045  10223  4043
3 687  7352  7350
3 2307  10232  7352
3 1501  7350  10232
3 7352  10232  7350
3 288  5004  5007
3 1499  10225  5004
3 2307  5007  10225
3 5004  10225  5007
3 1501  10232  10223
3 2307  10225  10232
3 1499  10223  10225
3 10232  10225  10223
3 116  4019  4022
3 1475  10152  4019
3 1478  4022  10152
3 4019  10152  4022
3 284  4984  4980
3 2297  10154  4984
3 1475  4980  10154
3 4984  10154  4980
3 687  7349  7351
3 1478  10163  7349
3 2297  7351  10163
3 7349  10163  7351
3 1475  10154  10152
3 2297  10163  10154
3 1478  10152  10163
3 10154  10163  10152
3 288  5007  5005
3 2307  12378  5007
3 2295  5005  12378
3 5007  12378  5005
3 687  7351  7352
3 2297  12379  7351
3 2307  7352  12379
3 7351  12379  7352
3 284  4982  4984
3 2295  12377  4982
3 2297  4984  12377
3 4982  12377  4984
3 2307  12379  12378
3 2297  12377  12379
3 2295  12378  12377
3 12379  12377  12378
3 57  3715  3713
3 1171  9305  3715
3 1169  3713  9305
3 3715  9305  3713
3 523  6367  6365
3 2969  9314  6367
3 1171  6365  9314
3 6367  9314  6365
3 521  6353  6355
3 1169  9307  6353
3 2969  6355  9307
3 6353  9307  6355
3 1171  9314  9305
3 2969  9307  9314
3 1169  9305  9307
3 9314  9307  9305
3 216  4622  4620
3 2078  11955  4622
3 2076  4620  11955
3 4622  11955  4620
3 699  7424  7422
3 2978  11962  7424
3 2078  7422  11962
3 7424  11962  7422
3 523  6366  6369
3 2076  11957  6366
3 2978  6369  11957
3 6366  11957  6369
3 2078  11962  11955
3 2978  11957  11962
3 2076  11955  11957
3 11962  11957  11955
3 120  4044  4047
3 1500  10227  4044
3 1503  4047  10227
3 4044  10227  4047
3 521  6357  6354
3 2971  10229  6357
3 1500  6354  10229
3 6357  10229  6354
3 699  7421  7423
3 1503  10237  7421
3 2971  7423  10237
3 7421  10237  7423
3 1500  10229  10227
3 2971  10237  10229
3 1503  10227  10237
3 10229  10237  10227
3 523  6369  6367
3 2978  13050  6369
3 2969  6367  13050
3 6369  13050  6367
3 699  7423  7424
3 2971  13053  7423
3 2978  7424  13053
3 7423  13053  7424
3 521  6355  6357
3 2969  13049  6355
3 2971  6357  13049
3 6355  13049  6357
3 2978  13053  13050
3 2971  13049  13053
3 2969  13050  13049
3 13053  13049  13050
3 52  3684  3688
3 1140  9220  3684
3 1144  3688  9220
3 3684  9220  3688
3 492  6182  6179
3 2884  9222  6182
3 1140  6179  9222
3 6182  9222  6179
3 496  6203  6205
3 1144  9231  6203
3 2884  6205  9231
3 6203  9231  6205
3 1140  9222  9220
3 2884  9231  9222
3 1144  9220  9231
3 9222  9231  9220
3 116  4024  4020
3 1480  10156  4024
3 1476  4020  10156
3 4024  10156  4020
3 689  7363  7361
3 2886  10167  7363
3 1480  7361  10167
3 7363  10167  7361
3 492  6180  6184
3 1476  10158  6180
3 2886  6184  10158
3 6180  10158  6184
3 1480  10167  10156
3 2886  10158  10167
3 1476  10156  10158
3 10167  10158  10156
3 216  4619  4621
3 2075  11951  4619
3 2077  4621  11951
3 4619  11951  4621
3 496  6207  6204
3 2895  11953  6207
3 2075  6204  11953
3 6207  11953  6204
3 689  7362  7364
3 2077  11960  7362
3 2895  7364  11960
3 7362  11960  7364
3 2075  11953  11951
3 2895  11960  11953
3 2077  11951  11960
3 11953  11960  11951
3 492  6184  6182
3 2886  12967  6184
3 2884  6182  12967
3 6184  12967  6182
3 689  7364  7363
3 2895  12970  7364
3 2886  7363  12970
3 7364  12970  7363
3 496  6205  6207
3 2884  12968  6205
3 2895  6207  12968
3 6205  12968  6207
3 2886  12970  12967
3 2895  12968  12970
3 2884  12967  12968
3 12970  12968  12967
3 120  4047  4045
3 1503  10231  4047
3 1501  4045  10231
3 4047  10231  4045
3 699  7425  7421
3 3234  10238  7425
3 1503  7421  10238
3 7425  10238  7421
3 687  7350  7354
3 1501  10233  7350
3 3234  7354  10233
3 7350  10233  7354
3 1503  10238  10231
3 3234  10233  10238
3 1501  10231  10233
3 10238  10233  10231
3 216  4621  4622
3 2077  11959  4621
3 2078  4622  11959
3 4621  11959  4622
3 689  7366  7362
3 3235  11961  7366
3 2077  7362  11961
3 7366  11961  7362
3 699  7422  7426
3 2078  11963  7422
3 3235  7426  11963
3 7422  11963  7426
3 2077  11961  11959
3 3235  11963  11961
3 2078  11959  11963
3 11961  11963  11959
3 116  4022  4024
3 1478  10162  4022
3 1480  4024  10162
3 4022  10162  4024
3 687  7353  7349
3 3233  10164  7353
3 1478  7349  10164
3 7353  10164  7349
3 689  7361  7365
3 1480  10168  7361
3 3233  7365  10168
3 7361  10168  7365
3 1478  10164  10162
3 3233  10168  10164
3 1480  10162  10168
3 10164  10168  10162
3 699  7426  7425
3 3235  13315  7426
3 3234  7425  13315
3 7426  13315  7425
3 689  7365  7366
3 3233  13314  7365
3 3235  7366  13314
3 7365  13314  7366
3 687  7354  7353
3 3234  13313  7354
3 3233  7353  13313
3 7354  13313  7353
3 3235  13314  13315
3 3233  13313  13314
3 3234  13315  13313
3 13314  13313  13315
3 53  3693  3694
3 1149  9246  3693
3 1150  3694  9246
3 3693  9246  3694
3 501  6236  6233
3 2910  9248  6236
3 1149  6233  9248
3 6236  9248  6233
3 502  6239  6242
3 1150  9250  6239
3 2910  6242  9250
3 6239  9250  6242
3 1149  9248  9246
3 2910  9250  9248
3 1150  9246  9250
3 9248  9250  9246
3 215  4618  4614
3 2074  11938  4618
3 2070  4614  11938
3 4618  11938  4614
3 864  8413  8411
3 2912  11949  8413
3 2074  8411  11949
3 8413  11949  8411
3 501  6234  6238
3 2070  11940  6234
3 2912  6238  11940
3 6234  11940  6238
3 2074  11949  11938
3 2912  11940  11949
3 2070  11938  11940
3 11949  11940  11938
3 217  4625  4629
3 2081  11970  4625
3 2085  4629  11970
3 4625  11970  4629
3 502  6244  6240
3 2914  11972  6244
3 2081  6240  11972
3 6244  11972  6240
3 864  8412  8414
3 2085  11983  8412
3 2914  8414  11983
3 8412  11983  8414
3 2081  11972  11970
3 2914  11983  11972
3 2085  11970  11983
3 11972  11983  11970
3 501  6238  6236
3 2912  12992  6238
3 2910  6236  12992
3 6238  12992  6236
3 864  8414  8413
3 2914  12994  8414
3 2912  8413  12994
3 8414  12994  8413
3 502  6242  6244
3 2910  12993  6242
3 2914  6244  12993
3 6242  12993  6244
3 2912  12994  12992
3 2914  12993  12994
3 2910  12992  12993
3 12994  12993  12992
3 52  3688  3687
3 1144  9228  3688
3 1143  3687  9228
3 3688  9228  3687
3 496  6206  6203
3 2892  9232  6206
3 1144  6203  9232
3 6206  9232  6203
3 495  6197  6200
3 1143  9230  6197
3 2892  6200  9230
3 6197  9230  6200
3 1144  9232  9228
3 2892  9230  9232
3 1143  9228  9230
3 9232  9230  9228
3 216  4623  4619
3 2079  11952  4623
3 2075  4619  11952
3 4623  11952  4619
3 863  8408  8406
3 2896  11965  8408
3 2079  8406  11965
3 8408  11965  8406
3 496  6204  6208
3 2075  11954  6204
3 2896  6208  11954
3 6204  11954  6208
3 2079  11965  11952
3 2896  11954  11965
3 2075  11952  11954
3 11965  11954  11952
3 215  4613  4617
3 2069  11934  4613
3 2073  4617  11934
3 4613  11934  4617
3 495  6202  6198
3 2894  11936  6202
3 2069  6198  11936
3 6202  11936  6198
3 863  8405  8407
3 2073  11947  8405
3 2894  8407  11947
3 8405  11947  8407
3 2069  11936  11934
3 2894  11947  11936
3 2073  11934  11947
3 11936  11947  11934
3 496  6208  6206
3 2896  12975  6208
3 2892  6206  12975
3 6208  12975  6206
3 863  8407  8408
3 2894  12976  8407
3 2896  8408  12976
3 8407  12976  8408
3 495  6200  6202
3 2892  12974  6200
3 2894  6202  12974
3 6200  12974  6202
3 2896  12976  12975
3 2894  12974  12976
3 2892  12975  12974
3 12976  12974  12975
3 57  3716  3715
3 1172  9313  3716
3 1171  3715  9313
3 3716  9313  3715
3 524  6374  6371
3 2977  9317  6374
3 1172  6371  9317
3 6374  9317  6371
3 523  6365  6368
3 1171  9315  6365
3 2977  6368  9315
3 6365  9315  6368
3 1172  9317  9313
3 2977  9315  9317
3 1171  9313  9315
3 9317  9315  9313
3 217  4630  4626
3 2086  11974  4630
3 2082  4626  11974
3 4630  11974  4626
3 865  8420  8418
3 2981  11985  8420
3 2086  8418  11985
3 8420  11985  8418
3 524  6372  6376
3 2082  11976  6372
3 2981  6376  11976
3 6372  11976  6376
3 2086  11985  11974
3 2981  11976  11985
3 2082  11974  11976
3 11985  11976  11974
3 216  4620  4624
3 2076  11956  4620
3 2080  4624  11956
3 4620  11956  4624
3 523  6370  6366
3 2979  11958  6370
3 2076  6366  11958
3 6370  11958  6366
3 865  8417  8419
3 2080  11967  8417
3 2979  8419  11967
3 8417  11967  8419
3 2076  11958  11956
3 2979  11967  11958
3 2080  11956  11967
3 11958  11967  11956
3 524  6376  6374
3 2981  13062  6376
3 2977  6374  13062
3 6376  13062  6374
3 865  8419  8420
3 2979  13063  8419
3 2981  8420  13063
3 8419  13063  8420
3 523  6368  6370
3 2977  13061  6368
3 2979  6370  13061
3 6368  13061  6370
3 2981  13063  13062
3 2979  13061  13063
3 2977  13062  13061
3 13063  13061  13062
3 215  4617  4618
3 2073  11946  4617
3 2074  4618  11946
3 4617  11946  4618
3 863  8409  8405
3 3407  11948  8409
3 2073  8405  11948
3 8409  11948  8405
3 864  8411  8415
3 2074  11950  8411
3 3407  8415  11950
3 8411  11950  8415
3 2073  11948  11946
3 3407  11950  11948
3 2074  11946  11950
3 11948  11950  11946
3 216  4624  4623
3 2080  11964  4624
3 2079  4623  11964
3 4624  11964  4623
3 865  8421  8417
3 3408  11968  8421
3 2080  8417  11968
3 8421  11968  8417
3 863  8406  8410
3 2079  11966  8406
3 3408  8410  11966
3 8406  11966  8410
3 2080  11968  11964
3 3408  11966  11968
3 2079  11964  11966
3 11968  11966  11964
3 217  4629  4630
3 2085  11982  4629
3 2086  4630  11982
3 4629  11982  4630
3 864  8416  8412
3 3409  11984  8416
3 2085  8412  11984
3 8416  11984  8412
3 865  8418  8422
3 2086  11986  8418
3 3409  8422  11986
3 8418  11986  8422
3 2085  11984  11982
3 3409  11986  11984
3 2086  11982  11986
3 11984  11986  11982
3 863  8410  8409
3 3408  13487  8410
3 3407  8409  13487
3 8410  13487  8409
3 865  8422  8421
3 3409  13489  8422
3 3408  8421  13489
3 8422  13489  8421
3 864  8415  8416
3 3407  13488  8415
3 3409  8416  13488
3 8415  13488  8416
3 3408  13489  13487
3 3409  13488  13489
3 3407  13487  13488
3 13489  13488  13487
3 15  3486  3487
3 942  8660  3486
3 943  3487  8660
3 3486  8660  3487
3 294  5041  5039
3 2324  8662  5041
3 942  5039  8662
3 5041  8662  5039
3 295  5045  5047
3 943  8665  5045
3 2324  5047  8665
3 5045  8665  5047
3 942  8662  8660
3 2324  8665  8662
3 943  8660  8665
3 8662  8665  8660
3 126  4081  4079
3 1537  10331  4081
3 1535  4079  10331
3 4081  10331  4079
3 716  7525  7523
3 2326  10340  7525
3 1537  7523  10340
3 7525  10340  7523
3 294  5040  5043
3 1535  10333  5040
3 2326  5043  10333
3 5040  10333  5043
3 1537  10340  10331
3 2326  10333  10340
3 1535  10331  10333
3 10340  10333  10331
3 127  4085  4087
3 1541  10349  4085
3 1543  4087  10349
3 4085  10349  4087
3 295  5049  5046
3 2329  10351  5049
3 1541  5046  10351
3 5049  10351  5046
3 716  7524  7526
3 1543  10358  7524
3 2329  7526  10358
3 7524  10358  7526
3 1541  10351  10349
3 2329  10358  10351
3 1543  10349  10358
3 10351  10358  10349
3 294  5043  5041
3 2326  12404  5043
3 2324  5041  12404
3 5043  12404  5041
3 716  7526  7525
3 2329  12408  7526
3 2326  7525  12408
3 7526  12408  7525
3 295  5047  5049
3 2324  12405  5047
3 2329  5049  12405
3 5047  12405  5049
3 2326  12408  12404
3 2329  12405  12408
3 2324  12404  12405
3 12408  12405  12404
3 33  3585  3582
3 1041  8931  3585
3 1038  3582  8931
3 3585  8931  3582
3 393  5611  5609
3 2595  8941  5611
3 1041  5609  8941
3 5611  8941  5609
3 390  5591  5593
3 1038  8933  5591
3 2595  5593  8933
3 5591  8933  5593
3 1041  8941  8931
3 2595  8933  8941
3 1038  8931  8933
3 8941  8933  8931
3 180  4405  4403
3 1861  11303  4405
3 1859  4403  11303
3 4405  11303  4403
3 718  7538  7536
3 2605  11312  7538
3 1861  7536  11312
3 7538  11312  7536
3 393  5610  5613
3 1859  11305  5610
3 2605  5613  11305
3 5610  11305  5613
3 1861  11312  11303
3 2605  11305  11312
3 1859  11303  11305
3 11312  11305  11303
3 126  4080  4083
3 1536  10335  4080
3 1539  4083  10335
3 4080  10335  4083
3 390  5595  5592
3 2597  10337  5595
3 1536  5592  10337
3 5595  10337  5592
3 718  7535  7537
3 1539  10345  7535
3 2597  7537  10345
3 7535  10345  7537
3 1536  10337  10335
3 2597  10345  10337
3 1539  10335  10345
3 10337  10345  10335
3 393  5613  5611
3 2605  12678  5613
3 2595  5611  12678
3 5613  12678  5611
3 718  7537  7538
3 2597  12681  7537
3 2605  7538  12681
3 7537  12681  7538
3 390  5593  5595
3 2595  12677  5593
3 2597  5595  12677
3 5593  12677  5595
3 2605  12681  12678
3 2597  12677  12681
3 2595  12678  12677
3 12681  12677  12678
3 35  3592  3594
3 1048  8958  3592
3 1050  3594  8958
3 3592  8958  3594
3 400  5649  5647
3 2622  8960  5649
3 1048  5647  8960
3 5649  8960  5647
3 402  5659  5661
3 1050  8965  5659
3 2622  5661  8965
3 5659  8965  5661
3 1048  8960  8958
3 2622  8965  8960
3 1050  8958  8965
3 8960  8965  8958
3 127  4089  4086
3 1545  10353  4089
3 1542  4086  10353
3 4089  10353  4086
3 721  7555  7553
3 2624  10363  7555
3 1545  7553  10363
3 7555  10363  7553
3 400  5648  5651
3 1542  10355  5648
3 2624  5651  10355
3 5648  10355  5651
3 1545  10363  10353
3 2624  10355  10363
3 1542  10353  10355
3 10363  10355  10353
3 180  4404  4406
3 1860  11307  4404
3 1862  4406  11307
3 4404  11307  4406
3 402  5663  5660
3 2629  11309  5663
3 1860  5660  11309
3 5663  11309  5660
3 721  7554  7556
3 1862  11314  7554
3 2629  7556  11314
3 7554  11314  7556
3 1860  11309  11307
3 2629  11314  11309
3 1862  11307  11314
3 11309  11314  11307
3 400  5651  5649
3 2624  12704  5651
3 2622  5649  12704
3 5651  12704  5649
3 721  7556  7555
3 2629  12708  7556
3 2624  7555  12708
3 7556  12708  7555
3 402  5661  5663
3 2622  12705  5661
3 2629  5663  12705
3 5661  12705  5663
3 2624  12708  12704
3 2629  12705  12708
3 2622  12704  12705
3 12708  12705  12704
3 126  4083  4081
3 1539  10339  4083
3 1537  4081  10339
3 4083  10339  4081
3 718  7539  7535
3 3260  10346  7539
3 1539  7535  10346
3 7539  10346  7535
3 716  7523  7527
3 1537  10341  7523
3 3260  7527  10341
3 7523  10341  7527
3 1539  10346  10339
3 3260  10341  10346
3 1537  10339  10341
3 10346  10341  10339
3 180  4406  4405
3 1862  11311  4406
3 1861  4405  11311
3 4406  11311  4405
3 721  7558  7554
3 3264  11315  7558
3 1862  7554  11315
3 7558  11315  7554
3 718  7536  7540
3 1861  11313  7536
3 3264  7540  11313
3 7536  11313  7540
3 1862  11315  11311
3 3264  11313  11315
3 1861  11311  11313
3 11315  11313  11311
3 127  4087  4089
3 1543  10357  4087
3 1545  4089  10357
3 4087  10357  4089
3 716  7528  7524
3 3261  10359  7528
3 1543  7524  10359
3 7528  10359  7524
3 721  7553  7557
3 1545  10364  7553
3 3261  7557  10364
3 7553  10364  7557
3 1543  10359  10357
3 3261  10364  10359
3 1545  10357  10364
3 10359  10364  10357
3 718  7540  7539
3 3264  13341  7540
3 3260  7539  13341
3 7540  13341  7539
3 721  7557  7558
3 3261  13342  7557
3 3264  7558  13342
3 7557  13342  7558
3 716  7527  7528
3 3260  13340  7527
3 3261  7528  13340
3 7527  13340  7528
3 3264  13342  13341
3 3261  13340  13342
3 3260  13341  13340
3 13342  13340  13341
3 4  3440  3442
3 896  8545  3440
3 898  3442  8545
3 3440  8545  3442
3 248  4795  4793
3 2209  8546  4795
3 896  4793  8546
3 4795  8546  4793
3 250  4803  4805
3 898  8550  4803
3 2209  4805  8550
3 4803  8550  4805
3 896  8546  8545
3 2209  8550  8546
3 898  8545  8550
3 8546  8550  8545
3 80  3835  3833
3 1291  9638  3835
3 1289  3833  9638
3 3835  9638  3833
3 601  6835  6833
3 2210  9643  6835
3 1291  6833  9643
3 6835  9643  6833
3 248  4794  4796
3 1289  9639  4794
3 2210  4796  9639
3 4794  9639  4796
3 1291  9643  9638
3 2210  9639  9643
3 1289  9638  9639
3 9643  9639  9638
3 82  3843  3845
3 1299  9665  3843
3 1301  3845  9665
3 3843  9665  3845
3 250  4807  4804
3 2214  9667  4807
3 1299  4804  9667
3 4807  9667  4804
3 601  6834  6836
3 1301  9674  6834
3 2214  6836  9674
3 6834  9674  6836
3 1299  9667  9665
3 2214  9674  9667
3 1301  9665  9674
3 9667  9674  9665
3 248  4796  4795
3 2210  12290  4796
3 2209  4795  12290
3 4796  12290  4795
3 601  6836  6835
3 2214  12292  6836
3 2210  6835  12292
3 6836  12292  6835
3 250  4805  4807
3 2209  12291  4805
3 2214  4807  12291
3 4805  12291  4807
3 2210  12292  12290
3 2214  12291  12292
3 2209  12290  12291
3 12292  12291  12290
3 31  3573  3571
3 1029  8900  3573
3 1027  3571  8900
3 3573  8900  3571
3 381  5539  5537
3 2564  8905  5539
3 1029  5537  8905
3 5539  8905  5537
3 379  5529  5531
3 1027  8901  5529
3 2564  5531  8901
3 5529  8901  5531
3 1029  8905  8900
3 2564  8901  8905
3 1027  8900  8901
3 8905  8901  8900
3 176  4381  4379
3 1837  11231  4381
3 1835  4379  11231
3 4381  11231  4379
3 602  6842  6840
3 2569  11240  6842
3 1837  6840  11240
3 6842  11240  6840
3 381  5538  5541
3 1835  11233  5538
3 2569  5541  11233
3 5538  11233  5541
3 1837  11240  11231
3 2569  11233  11240
3 1835  11231  11233
3 11240  11233  11231
3 80  3834  3836
3 1290  9640  3834
3 1292  3836  9640
3 3834  9640  3836
3 379  5532  5530
3 2565  9641  5532
3 1290  5530  9641
3 5532  9641  5530
3 602  6839  6841
3 1292  9645  6839
3 2565  6841  9645
3 6839  9645  6841
3 1290  9641  9640
3 2565  9645  9641
3 1292  9640  9645
3 9641  9645  9640
3 381  5541  5539
3 2569  12645  5541
3 2564  5539  12645
3 5541  12645  5539
3 602  6841  6842
3 2565  12646  6841
3 2569  6842  12646
3 6841  12646  6842
3 379  5531  5532
3 2564  12644  5531
3 2565  5532  12644
3 5531  12644  5532
3 2569  12646  12645
3 2565  12644  12646
3 2564  12645  12644
3 12646  12644  12645
3 33  3581  3583
3 1037  8927  3581
3 1039  3583  8927
3 3581  8927  3583
3 389  5587  5585
3 2591  8929  5587
3 1037  5585  8929
3 5587  8929  5585
3 391  5597  5599
3 1039  8936  5597
3 2591  5599  8936
3 5597  8936  5599
3 1037  8929  8927
3 2591  8936  8929
3 1039  8927  8936
3 8929  8936  8927
3 82  3847  3844
3 1303  9669  3847
3 1300  3844  9669
3 3847  9669  3844
3 606  6865  6863
3 2593  9679  6865
3 1303  6863  9679
3 6865  9679  6863
3 389  5586  5589
3 1300  9671  5586
3 2593  5589  9671
3 5586  9671  5589
3 1303  9679  9669
3 2593  9671  9679
3 1300  9669  9671
3 9679  9671  9669
3 176  4380  4382
3 1836  11235  4380
3 1838  4382  11235
3 4380  11235  4382
3 391  5601  5598
3 2600  11237  5601
3 1836  5598  11237
3 5601  11237  5598
3 606  6864  6866
3 1838  11242  6864
3 2600  6866  11242
3 6864  11242  6866
3 1836  11237  11235
3 2600  11242  11237
3 1838  11235  11242
3 11237  11242  11235
3 389  5589  5587
3 2593  12671  5589
3 2591  5587  12671
3 5589  12671  5587
3 606  6866  6865
3 2600  12675  6866
3 2593  6865  12675
3 6866  12675  6865
3 391  5599  5601
3 2591  12672  5599
3 2600  5601  12672
3 5599  12672  5601
3 2593  12675  12671
3 2600  12672  12675
3 2591  12671  12672
3 12675  12672  12671
3 80  3836  3835
3 1292  9642  3836
3 1291  3835  9642
3 3836  9642  3835
3 602  6843  6839
3 3146  9646  6843
3 1292  6839  9646
3 6843  9646  6839
3 601  6833  6837
3 1291  9644  6833
3 3146  6837  9644
3 6833  9644  6837
3 1292  9646  9642
3 3146  9644  9646
3 1291  9642  9644
3 9646  9644  9642
3 176  4382  4381
3 1838  11239  4382
3 1837  4381  11239
3 4382  11239  4381
3 606  6868  6864
3 3148  11243  6868
3 1838  6864  11243
3 6868  11243  6864
3 602  6840  6844
3 1837  11241  6840
3 3148  6844  11241
3 6840  11241  6844
3 1838  11243  11239
3 3148  11241  11243
3 1837  11239  11241
3 11243  11241  11239
3 82  3845  3847
3 1301  9673  3845
3 1303  3847  9673
3 3845  9673  3847
3 601  6838  6834
3 3147  9675  6838
3 1301  6834  9675
3 6838  9675  6834
3 606  6863  6867
3 1303  9680  6863
3 3147  6867  9680
3 6863  9680  6867
3 1301  9675  9673
3 3147  9680  9675
3 1303  9673  9680
3 9675  9680  9673
3 602  6844  6843
3 3148  13227  6844
3 3146  6843  13227
3 6844  13227  6843
3 606  6867  6868
3 3147  13228  6867
3 3148  6868  13228
3 6867  13228  6868
3 601  6837  6838
3 3146  13226  6837
3 3147  6838  13226
3 6837  13226  6838
3 3148  13228  13227
3 3147  13226  13228
3 3146  13227  13226
3 13228  13226  13227
3 5  3445  3443
3 901  8552  3445
3 899  3443  8552
3 3445  8552  3443
3 253  4819  4817
3 2216  8557  4819
3 901  4817  8557
3 4819  8557  4817
3 251  4809  4811
3 899  8553  4809
3 2216  4811  8553
3 4809  8553  4811
3 901  8557  8552
3 2216  8553  8557
3 899  8552  8553
3 8557  8553  8552
3 85  3859  3857
3 1315  9701  3859
3 1313  3857  9701
3 3859  9701  3857
3 608  6878  6876
3 2221  9710  6878
3 1315  6876  9710
3 6878  9710  6876
3 253  4818  4821
3 1313  9703  4818
3 2221  4821  9703
3 4818  9703  4821
3 1315  9710  9701
3 2221  9703  9710
3 1313  9701  9703
3 9710  9703  9701
3 83  3849  3851
3 1305  9683  3849
3 1307  3851  9683
3 3849  9683  3851
3 251  4812  4810
3 2217  9684  4812
3 1305  4810  9684
3 4812  9684  4810
3 608  6875  6877
3 1307  9688  6875
3 2217  6877  9688
3 6875  9688  6877
3 1305  9684  9683
3 2217  9688  9684
3 1307  9683  9688
3 9684  9688  9683
3 253  4821  4819
3 2221  12297  4821
3 2216  4819  12297
3 4821  12297  4819
3 608  6877  6878
3 2217  12298  6877
3 2221  6878  12298
3 6877  12298  6878
3 251  4811  4812
3 2216  12296  4811
3 2217  4812  12296
3 4811  12296  4812
3 2221  12298  12297
3 2217  12296  12298
3 2216  12297  12296
3 12298  12296  12297
3 35  3593  3591
3 1049  8954  3593
3 1047  3591  8954
3 3593  8954  3591
3 401  5655  5653
3 2618  8963  5655
3 1049  5653  8963
3 5655  8963  5653
3 399  5641  5643
3 1047  8956  5641
3 2618  5643  8956
3 5641  8956  5643
3 1049  8963  8954
3 2618  8956  8963
3 1047  8954  8956
3 8963  8956  8954
3 177  4388  4386
3 1844  11253  4388
3 1842  4386  11253
3 4388  11253  4386
3 613  6908  6906
3 2627  11260  6908
3 1844  6906  11260
3 6908  11260  6906
3 401  5654  5657
3 1842  11255  5654
3 2627  5657  11255
3 5654  11255  5657
3 1844  11260  11253
3 2627  11255  11260
3 1842  11253  11255
3 11260  11255  11253
3 85  3858  3861
3 1314  9705  3858
3 1317  3861  9705
3 3858  9705  3861
3 399  5645  5642
3 2620  9707  5645
3 1314  5642  9707
3 5645  9707  5642
3 613  6905  6907
3 1317  9715  6905
3 2620  6907  9715
3 6905  9715  6907
3 1314  9707  9705
3 2620  9715  9707
3 1317  9705  9715
3 9707  9715  9705
3 401  5657  5655
3 2627  12699  5657
3 2618  5655  12699
3 5657  12699  5655
3 613  6907  6908
3 2620  12702  6907
3 2627  6908  12702
3 6907  12702  6908
3 399  5643  5645
3 2618  12698  5643
3 2620  5645  12698
3 5643  12698  5645
3 2627  12702  12699
3 2620  12698  12702
3 2618  12699  12698
3 12702  12698  12699
3 31  3572  3574
3 1028  8902  3572
3 1030  3574  8902
3 3572  8902  3574
3 380  5535  5533
3 2566  8903  5535
3 1028  5533  8903
3 5535  8903  5533
3 382  5543  5545
3 1030  8907  5543
3 2566  5545  8907
3 5543  8907  5545
3 1028  8903  8902
3 2566  8907  8903
3 1030  8902  8907
3 8903  8907  8902
3 83  3852  3850
3 1308  9685  3852
3 1306  3850  9685
3 3852  9685  3850
3 609  6883  6881
3 2567  9690  6883
3 1308  6881  9690
3 6883  9690  6881
3 380  5534  5536
3 1306  9686  5534
3 2567  5536  9686
3 5534  9686  5536
3 1308  9690  9685
3 2567  9686  9690
3 1306  9685  9686
3 9690  9686  9685
3 177  4385  4387
3 1841  11249  4385
3 1843  4387  11249
3 4385  11249  4387
3 382  5547  5544
3 2571  11251  5547
3 1841  5544  11251
3 5547  11251  5544
3 609  6882  6884
3 1843  11258  6882
3 2571  6884  11258
3 6882  11258  6884
3 1841  11251  11249
3 2571  11258  11251
3 1843  11249  11258
3 11251  11258  11249
3 380  5536  5535
3 2567  12647  5536
3 2566  5535  12647
3 5536  12647  5535
3 609  6884  6883
3 2571  12649  6884
3 2567  6883  12649
3 6884  12649  6883
3 382  5545  5547
3 2566  12648  5545
3 2571  5547  12648
3 5545  12648  5547
3 2567  12649  12647
3 2571  12648  12649
3 2566  12647  12648
3 12649  12648  12647
3 85  3861  3859
3 1317  9709  3861
3 1315  3859  9709
3 3861  9709  3859
3 613  6909  6905
3 3153  9716  6909
3 1317  6905  9716
3 6909  9716  6905
3 608  6876  6880
3 1315  9711  6876
3 3153  6880  9711
3 6876  9711  6880
3 1317  9716  9709
3 3153  9711  9716
3 1315  9709  9711
3 9716  9711  9709
3 177  4387  4388
3 1843  11257  4387
3 1844  4388  11257
3 4387  11257  4388
3 609  6886  6882
3 3154  11259  6886
3 1843  6882  11259
3 6886  11259  6882
3 613  6906  6910
3 1844  11261  6906
3 3154  6910  11261
3 6906  11261  6910
3 1843  11259  11257
3 3154  11261  11259
3 1844  11257  11261
3 11259  11261  11257
3 83  3851  3852
3 1307  9687  3851
3 1308  3852  9687
3 3851  9687  3852
3 608  6879  6875
3 3152  9689  6879
3 1307  6875  9689
3 6879  9689  6875
3 609  6881  6885
3 1308  9691  6881
3 3152  6885  9691
3 6881  9691  6885
3 1307  9689  9687
3 3152  9691  9689
3 1308  9687  9691
3 9689  9691  9687
3 613  6910  6909
3 3154  13234  6910
3 3153  6909  13234
3 6910  13234  6909
3 609  6885  6886
3 3152  13233  6885
3 3154  6886  13233
3 6885  13233  6886
3 608  6880  6879
3 3153  13232  6880
3 3152  6879  13232
3 6880  13232  6879
3 3154  13233  13234
3 3152  13232  13233
3 3153  13234  13232
3 13233  13232  13234
3 33  3583  3585
3 1039  8935  3583
3 1041  3585  8935
3 3583  8935  3585
3 391  5600  5597
3 2599  8937  5600
3 1039  5597  8937
3 5600  8937  5597
3 393  5609  5612
3 1041  8942  5609
3 2599  5612  8942
3 5609  8942  5612
3 1039  8937  8935
3 2599  8942  8937
3 1041  8935  8942
3 8937  8942  8935
3 176  4384  4380
3 1840  11236  4384
3 1836  4380  11236
3 4384  11236  4380
3 825  8179  8177
3 2601  11247  8179
3 1840  8177  11247
3 8179  11247  8177
3 391  5598  5602
3 1836  11238  5598
3 2601  5602  11238
3 5598  11238  5602
3 1840  11247  11236
3 2601  11238  11247
3 1836  11236  11238
3 11247  11238  11236
3 180  4403  4407
3 1859  11304  4403
3 1863  4407  11304
3 4403  11304  4407
3 393  5614  5610
3 2606  11306  5614
3 1859  5610  11306
3 5614  11306  5610
3 825  8178  8180
3 1863  11317  8178
3 2606  8180  11317
3 8178  11317  8180
3 1859  11306  11304
3 2606  11317  11306
3 1863  11304  11317
3 11306  11317  11304
3 391  5602  5600
3 2601  12683  5602
3 2599  5600  12683
3 5602  12683  5600
3 825  8180  8179
3 2606  12685  8180
3 2601  8179  12685
3 8180  12685  8179
3 393  5612  5614
3 2599  12684  5612
3 2606  5614  12684
3 5612  12684  5614
3 2601  12685  12683
3 2606  12684  12685
3 2599  12683  12684
3 12685  12684  12683
3 31  3574  3573
3 1030  8904  3574
3 1029  3573  8904
3 3574  8904  3573
3 382  5546  5543
3 2568  8908  5546
3 1030  5543  8908
3 5546  8908  5543
3 381  5537  5540
3 1029  8906  5537
3 2568  5540  8906
3 5537  8906  5540
3 1030  8908  8904
3 2568  8906  8908
3 1029  8904  8906
3 8908  8906  8904
3 177  4389  4385
3 1845  11250  4389
3 1841  4385  11250
3 4389  11250  4385
3 824  8174  8172
3 2572  11263  8174
3 1845  8172  11263
3 8174  11263  8172
3 382  5544  5548
3 1841  11252  5544
3 2572  5548  11252
3 5544  11252  5548
3 1845  11263  11250
3 2572  11252  11263
3 1841  11250  11252
3 11263  11252  11250
3 176  4379  4383
3 1835  11232  4379
3 1839  4383  11232
3 4379  11232  4383
3 381  5542  5538
3 2570  11234  5542
3 1835  5538  11234
3 5542  11234  5538
3 824  8171  8173
3 1839  11245  8171
3 2570  8173  11245
3 8171  11245  8173
3 1835  11234  11232
3 2570  11245  11234
3 1839  11232  11245
3 11234  11245  11232
3 382  5548  5546
3 2572  12651  5548
3 2568  5546  12651
3 5548  12651  5546
3 824  8173  8174
3 2570  12652  8173
3 2572  8174  12652
3 8173  12652  8174
3 381  5540  5542
3 2568  12650  5540
3 2570  5542  12650
3 5540  12650  5542
3 2572  12652  12651
3 2570  12650  12652
3 2568  12651  12650
3 12652  12650  12651
3 35  3594  3593
3 1050  8962  3594
3 1049  3593  8962
3 3594  8962  3593
3 402  5662  5659
3 2626  8966  5662
3 1050  5659  8966
3 5662  8966  5659
3 401  5653  5656
3 1049  8964  5653
3 2626  5656  8964
3 5653  8964  5656
3 1050  8966  8962
3 2626  8964  8966
3 1049  8962  8964
3 8966  8964  8962
3 180  4408  4404
3 1864  11308  4408
3 1860  4404  11308
3 4408  11308  4404
3 826  8186  8184
3 2630  11319  8186
3 1864  8184  11319
3 8186  11319  8184
3 402  5660  5664
3 1860  11310  5660
3 2630  5664  11310
3 5660  11310  5664
3 1864  11319  11308
3 2630  11310  11319
3 1860  11308  11310
3 11319  11310  11308
3 177  4386  4390
3 1842  11254  4386
3 1846  4390  11254
3 4386  11254  4390
3 401  5658  5654
3 2628  11256  5658
3 1842  5654  11256
3 5658  11256  5654
3 826  8183  8185
3 1846  11265  8183
3 2628  8185  11265
3 8183  11265  8185
3 1842  11256  11254
3 2628  11265  11256
3 1846  11254  11265
3 11256  11265  11254
3 402  5664  5662
3 2630  12711  5664
3 2626  5662  12711
3 5664  12711  5662
3 826  8185  8186
3 2628  12712  8185
3 2630  8186  12712
3 8185  12712  8186
3 401  5656  5658
3 2626  12710  5656
3 2628  5658  12710
3 5656  12710  5658
3 2630  12712  12711
3 2628  12710  12712
3 2626  12711  12710
3 12712  12710  12711
3 176  4383  4384
3 1839  11244  4383
3 1840  4384  11244
3 4383  11244  4384
3 824  8175  8171
3 3368  11246  8175
3 1839  8171  11246
3 8175  11246  8171
3 825  8177  8181
3 1840  11248  8177
3 3368  8181  11248
3 8177  11248  8181
3 1839  11246  11244
3 3368  11248  11246
3 1840  11244  11248
3 11246  11248  11244
3 177  4390  4389
3 1846  11262  4390
3 1845  4389  11262
3 4390  11262  4389
3 826  8187  8183
3 3369  11266  8187
3 1846  8183  11266
3 8187  11266  8183
3 824  8172  8176
3 1845  11264  8172
3 3369  8176  11264
3 8172  11264  8176
3 1846  11266  11262
3 3369  11264  11266
3 1845  11262  11264
3 11266  11264  11262
3 180  4407  4408
3 1863  11316  4407
3 1864  4408  11316
3 4407  11316  4408
3 825  8182  8178
3 3370  11318  8182
3 1863  8178  11318
3 8182  11318  8178
3 826  8184  8188
3 1864  11320  8184
3 3370  8188  11320
3 8184  11320  8188
3 1863  11318  11316
3 3370  11320  11318
3 1864  11316  11320
3 11318  11320  11316
3 824  8176  8175
3 3369  13448  8176
3 3368  8175  13448
3 8176  13448  8175
3 826  8188  8187
3 3370  13450  8188
3 3369  8187  13450
3 8188  13450  8187
3 825  8181  8182
3 3368  13449  8181
3 3370  8182  13449
3 8181  13449  8182
3 3369  13450  13448
3 3370  13449  13450
3 3368  13448  13449
3 13450  13449  13448
3 15  3487  3490
3 943  8664  3487
3 946  3490  8664
3 3487  8664  3490
3 295  5048  5045
3 2328  8666  5048
3 943  5045  8666
3 5048  8666  5045
3 298  5063  5065
3 946  8674  5063
3 2328  5065  8674
3 5063  8674  5065
3 943  8666  8664
3 2328  8674  8666
3 946  8664  8674
3 8666  8674  8664
3 127  4088  4085
3 1544  10350  4088
3 1541  4085  10350
3 4088  10350  4085
3 720  7549  7547
3 2330  10361  7549
3 1544  7547  10361
3 7549  10361  7547
3 295  5046  5050
3 1541  10352  5046
3 2330  5050  10352
3 5046  10352  5050
3 1544  10361  10350
3 2330  10352  10361
3 1541  10350  10352
3 10361  10352  10350
3 130  4103  4105
3 1559  10403  4103
3 1561  4105  10403
3 4103  10403  4105
3 298  5067  5064
3 2338  10405  5067
3 1559  5064  10405
3 5067  10405  5064
3 720  7548  7550
3 1561  10412  7548
3 2338  7550  10412
3 7548  10412  7550
3 1559  10405  10403
3 2338  10412  10405
3 1561  10403  10412
3 10405  10412  10403
3 295  5050  5048
3 2330  12410  5050
3 2328  5048  12410
3 5050  12410  5048
3 720  7550  7549
3 2338  12412  7550
3 2330  7549  12412
3 7550  12412  7549
3 298  5065  5067
3 2328  12411  5065
3 2338  5067  12411
3 5065  12411  5067
3 2330  12412  12410
3 2338  12411  12412
3 2328  12410  12411
3 12412  12411  12410
3 35  3596  3592
3 1052  8959  3596
3 1048  3592  8959
3 3596  8959  3592
3 404  5673  5671
3 2623  8970  5673
3 1052  5671  8970
3 5673  8970  5671
3 400  5647  5650
3 1048  8961  5647
3 2623  5650  8961
3 5647  8961  5650
3 1052  8970  8959
3 2623  8961  8970
3 1048  8959  8961
3 8970  8961  8959
3 185  4435  4433
3 1891  11393  4435
3 1889  4433  11393
3 4435  11393  4433
3 722  7562  7560
3 2634  11402  7562
3 1891  7560  11402
3 7562  11402  7560
3 404  5672  5675
3 1889  11395  5672
3 2634  5675  11395
3 5672  11395  5675
3 1891  11402  11393
3 2634  11395  11402
3 1889  11393  11395
3 11402  11395  11393
3 127  4086  4090
3 1542  10354  4086
3 1546  4090  10354
3 4086  10354  4090
3 400  5652  5648
3 2625  10356  5652
3 1542  5648  10356
3 5652  10356  5648
3 722  7559  7561
3 1546  10365  7559
3 2625  7561  10365
3 7559  10365  7561
3 1542  10356  10354
3 2625  10365  10356
3 1546  10354  10365
3 10356  10365  10354
3 404  5675  5673
3 2634  12707  5675
3 2623  5673  12707
3 5675  12707  5673
3 722  7561  7562
3 2625  12709  7561
3 2634  7562  12709
3 7561  12709  7562
3 400  5650  5652
3 2623  12706  5650
3 2625  5652  12706
3 5650  12706  5652
3 2634  12709  12707
3 2625  12706  12709
3 2623  12707  12706
3 12709  12706  12707
3 59  3725  3727
3 1181  9341  3725
3 1183  3727  9341
3 3725  9341  3727
3 533  6427  6425
3 3005  9343  6427
3 1181  6425  9343
3 6427  9343  6425
3 535  6437  6439
3 1183  9350  6437
3 3005  6439  9350
3 6437  9350  6439
3 1181  9343  9341
3 3005  9350  9343
3 1183  9341  9350
3 9343  9350  9341
3 130  4107  4104
3 1563  10407  4107
3 1560  4104  10407
3 4107  10407  4104
3 730  7609  7607
3 3007  10417  7609
3 1563  7607  10417
3 7609  10417  7607
3 533  6426  6429
3 1560  10409  6426
3 3007  6429  10409
3 6426  10409  6429
3 1563  10417  10407
3 3007  10409  10417
3 1560  10407  10409
3 10417  10409  10407
3 185  4434  4436
3 1890  11397  4434
3 1892  4436  11397
3 4434  11397  4436
3 535  6441  6438
3 3014  11399  6441
3 1890  6438  11399
3 6441  11399  6438
3 730  7608  7610
3 1892  11404  7608
3 3014  7610  11404
3 7608  11404  7610
3 1890  11399  11397
3 3014  11404  11399
3 1892  11397  11404
3 11399  11404  11397
3 533  6429  6427
3 3007  13085  6429
3 3005  6427  13085
3 6429  13085  6427
3 730  7610  7609
3 3014  13089  7610
3 3007  7609  13089
3 7610  13089  7609
3 535  6439  6441
3 3005  13086  6439
3 3014  6441  13086
3 6439  13086  6441
3 3007  13089  13085
3 3014  13086  13089
3 3005  13085  13086
3 13089  13086  13085
3 127  4090  4088
3 1546  10360  4090
3 1544  4088  10360
3 4090  10360  4088
3 722  7563  7559
3 3266  10366  7563
3 1546  7559  10366
3 7563  10366  7559
3 720  7547  7551
3 1544  10362  7547
3 3266  7551  10362
3 7547  10362  7551
3 1546  10366  10360
3 3266  10362  10366
3 1544  10360  10362
3 10366  10362  10360
3 185  4436  4435
3 1892  11401  4436
3 1891  4435  11401
3 4436  11401  4435
3 730  7612  7608
3 3268  11405  7612
3 1892  7608  11405
3 7612  11405  7608
3 722  7560  7564
3 1891  11403  7560
3 3268  7564  11403
3 7560  11403  7564
3 1892  11405  11401
3 3268  11403  11405
3 1891  11401  11403
3 11405  11403  11401
3 130  4105  4107
3 1561  10411  4105
3 1563  4107  10411
3 4105  10411  4107
3 720  7552  7548
3 3267  10413  7552
3 1561  7548  10413
3 7552  10413  7548
3 730  7607  7611
3 1563  10418  7607
3 3267  7611  10418
3 7607  10418  7611
3 1561  10413  10411
3 3267  10418  10413
3 1563  10411  10418
3 10413  10418  10411
3 722  7564  7563
3 3268  13347  7564
3 3266  7563  13347
3 7564  13347  7563
3 730  7611  7612
3 3267  13348  7611
3 3268  7612  13348
3 7611  13348  7612
3 720  7551  7552
3 3266  13346  7551
3 3267  7552  13346
3 7551  13346  7552
3 3268  13348  13347
3 3267  13346  13348
3 3266  13347  13346
3 13348  13346  13347
3 5  3446  3445
3 902  8556  3446
3 901  3445  8556
3 3446  8556  3445
3 254  4826  4823
3 2220  8560  4826
3 902  4823  8560
3 4826  8560  4823
3 253  4817  4820
3 901  8558  4817
3 2220  4820  8558
3 4817  8558  4820
3 902  8560  8556
3 2220  8558  8560
3 901  8556  8558
3 8560  8558  8556
3 86  3866  3863
3 1322  9720  3866
3 1319  3863  9720
3 3866  9720  3863
3 612  6902  6900
3 2224  9731  6902
3 1322  6900  9731
3 6902  9731  6900
3 254  4824  4828
3 1319  9722  4824
3 2224  4828  9722
3 4824  9722  4828
3 1322  9731  9720
3 2224  9722  9731
3 1319  9720  9722
3 9731  9722  9720
3 85  3857  3860
3 1313  9702  3857
3 1316  3860  9702
3 3857  9702  3860
3 253  4822  4818
3 2222  9704  4822
3 1313  4818  9704
3 4822  9704  4818
3 612  6899  6901
3 1316  9713  6899
3 2222  6901  9713
3 6899  9713  6901
3 1313  9704  9702
3 2222  9713  9704
3 1316  9702  9713
3 9704  9713  9702
3 254  4828  4826
3 2224  12303  4828
3 2220  4826  12303
3 4828  12303  4826
3 612  6901  6902
3 2222  12304  6901
3 2224  6902  12304
3 6901  12304  6902
3 253  4820  4822
3 2220  12302  4820
3 2222  4822  12302
3 4820  12302  4822
3 2224  12304  12303
3 2222  12302  12304
3 2220  12303  12302
3 12304  12302  12303
3 36  3600  3597
3 1056  8973  3600
3 1053  3597  8973
3 3600  8973  3597
3 408  5697  5695
3 2637  8984  5697
3 1056  5695  8984
3 5697  8984  5695
3 405  5677  5680
3 1053  8975  5677
3 2637  5680  8975
3 5677  8975  5680
3 1056  8984  8973
3 2637  8975  8984
3 1053  8973  8975
3 8984  8975  8973
3 184  4430  4428
3 1886  11379  4430
3 1884  4428  11379
3 4430  11379  4428
3 616  6926  6924
3 2648  11386  6926
3 1886  6924  11386
3 6926  11386  6924
3 408  5696  5699
3 1884  11381  5696
3 2648  5699  11381
3 5696  11381  5699
3 1886  11386  11379
3 2648  11381  11386
3 1884  11379  11381
3 11386  11381  11379
3 86  3864  3868
3 1320  9724  3864
3 1324  3868  9724
3 3864  9724  3868
3 405  5682  5678
3 2639  9726  5682
3 1320  5678  9726
3 5682  9726  5678
3 616  6923  6925
3 1324  9735  6923
3 2639  6925  9735
3 6923  9735  6925
3 1320  9726  9724
3 2639  9735  9726
3 1324  9724  9735
3 9726  9735  9724
3 408  5699  5697
3 2648  12719  5699
3 2637  5697  12719
3 5699  12719  5697
3 616  6925  6926
3 2639  12721  6925
3 2648  6926  12721
3 6925  12721  6926
3 405  5680  5682
3 2637  12718  5680
3 2639  5682  12718
3 5680  12718  5682
3 2648  12721  12719
3 2639  12718  12721
3 2637  12719  12718
3 12721  12718  12719
3 35  3591  3595
3 1047  8955  3591
3 1051  3595  8955
3 3591  8955  3595
3 399  5644  5641
3 2619  8957  5644
3 1047  5641  8957
3 5644  8957  5641
3 403  5665  5667
3 1051  8968  5665
3 2619  5667  8968
3 5665  8968  5667
3 1047  8957  8955
3 2619  8968  8957
3 1051  8955  8968
3 8957  8968  8955
3 85  3862  3858
3 1318  9706  3862
3 1314  3858  9706
3 3862  9706  3858
3 614  6913  6911
3 2621  9717  6913
3 1318  6911  9717
3 6913  9717  6911
3 399  5642  5646
3 1314  9708  5642
3 2621  5646  9708
3 5642  9708  5646
3 1318  9717  9706
3 2621  9708  9717
3 1314  9706  9708
3 9717  9708  9706
3 184  4427  4429
3 1883  11375  4427
3 1885  4429  11375
3 4427  11375  4429
3 403  5669  5666
3 2632  11377  5669
3 1883  5666  11377
3 5669  11377  5666
3 614  6912  6914
3 1885  11384  6912
3 2632  6914  11384
3 6912  11384  6914
3 1883  11377  11375
3 2632  11384  11377
3 1885  11375  11384
3 11377  11384  11375
3 399  5646  5644
3 2621  12700  5646
3 2619  5644  12700
3 5646  12700  5644
3 614  6914  6913
3 2632  12703  6914
3 2621  6913  12703
3 6914  12703  6913
3 403  5667  5669
3 2619  12701  5667
3 2632  5669  12701
3 5667  12701  5669
3 2621  12703  12700
3 2632  12701  12703
3 2619  12700  12701
3 12703  12701  12700
3 86  3868  3866
3 1324  9730  3868
3 1322  3866  9730
3 3868  9730  3866
3 616  6927  6923
3 3159  9736  6927
3 1324  6923  9736
3 6927  9736  6923
3 612  6900  6904
3 1322  9732  6900
3 3159  6904  9732
3 6900  9732  6904
3 1324  9736  9730
3 3159  9732  9736
3 1322  9730  9732
3 9736  9732  9730
3 184  4429  4430
3 1885  11383  4429
3 1886  4430  11383
3 4429  11383  4430
3 614  6916  6912
3 3160  11385  6916
3 1885  6912  11385
3 6916  11385  6912
3 616  6924  6928
3 1886  11387  6924
3 3160  6928  11387
3 6924  11387  6928
3 1885  11385  11383
3 3160  11387  11385
3 1886  11383  11387
3 11385  11387  11383
3 85  3860  3862
3 1316  9712  3860
3 1318  3862  9712
3 3860  9712  3862
3 612  6903  6899
3 3158  9714  6903
3 1316  6899  9714
3 6903  9714  6899
3 614  6911  6915
3 1318  9718  6911
3 3158  6915  9718
3 6911  9718  6915
3 1316  9714  9712
3 3158  9718  9714
3 1318  9712  9718
3 9714  9718  9712
3 616  6928  6927
3 3160  13240  6928
3 3159  6927  13240
3 6928  13240  6927
3 614  6915  6916
3 3158  13239  6915
3 3160  6916  13239
3 6915  13239  6916
3 612  6904  6903
3 3159  13238  6904
3 3158  6903  13238
3 6904  13238  6903
3 3160  13239  13240
3 3158  13238  13239
3 3159  13240  13238
3 13239  13238  13240
3 16  3495  3492
3 951  8679  3495
3 948  3492  8679
3 3495  8679  3492
3 303  5095  5093
3 2343  8689  5095
3 951  5093  8689
3 5095  8689  5093
3 300  5075  5078
3 948  8681  5075
3 2343  5078  8681
3 5075  8681  5078
3 951  8689  8679
3 2343  8681  8689
3 948  8679  8681
3 8689  8681  8679
3 135  4135  4133
3 1591  10493  4135
3 1589  4133  10493
3 4135  10493  4133
3 735  7640  7638
3 2353  10502  7640
3 1591  7638  10502
3 7640  10502  7638
3 303  5094  5097
3 1589  10495  5094
3 2353  5097  10495
3 5094  10495  5097
3 1591  10502  10493
3 2353  10495  10502
3 1589  10493  10495
3 10502  10495  10493
3 132  4115  4118
3 1571  10440  4115
3 1574  4118  10440
3 4115  10440  4118
3 300  5080  5076
3 2345  10442  5080
3 1571  5076  10442
3 5080  10442  5076
3 735  7637  7639
3 1574  10451  7637
3 2345  7639  10451
3 7637  10451  7639
3 1571  10442  10440
3 2345  10451  10442
3 1574  10440  10451
3 10442  10451  10440
3 303  5097  5095
3 2353  12425  5097
3 2343  5095  12425
3 5097  12425  5095
3 735  7639  7640
3 2345  12427  7639
3 2353  7640  12427
3 7639  12427  7640
3 300  5078  5080
3 2343  12424  5078
3 2345  5080  12424
3 5078  12424  5080
3 2353  12427  12425
3 2345  12424  12427
3 2343  12425  12424
3 12427  12424  12425
3 59  3728  3726
3 1184  9345  3728
3 1182  3726  9345
3 3728  9345  3726
3 536  6445  6443
3 3009  9352  6445
3 1184  6443  9352
3 6445  9352  6443
3 534  6431  6433
3 1182  9347  6431
3 3009  6433  9347
3 6431  9347  6433
3 1184  9352  9345
3 3009  9347  9352
3 1182  9345  9347
3 9352  9347  9345
3 187  4448  4446
3 1904  11433  4448
3 1902  4446  11433
3 4448  11433  4446
3 745  7700  7698
3 3016  11440  7700
3 1904  7698  11440
3 7700  11440  7698
3 536  6444  6447
3 1902  11435  6444
3 3016  6447  11435
3 6444  11435  6447
3 1904  11440  11433
3 3016  11435  11440
3 1902  11433  11435
3 11440  11435  11433
3 135  4134  4137
3 1590  10497  4134
3 1593  4137  10497
3 4134  10497  4137
3 534  6435  6432
3 3011  10499  6435
3 1590  6432  10499
3 6435  10499  6432
3 745  7697  7699
3 1593  10507  7697
3 3011  7699  10507
3 7697  10507  7699
3 1590  10499  10497
3 3011  10507  10499
3 1593  10497  10507
3 10499  10507  10497
3 536  6447  6445
3 3016  13092  6447
3 3009  6445  13092
3 6447  13092  6445
3 745  7699  7700
3 3011  13095  7699
3 3016  7700  13095
3 7699  13095  7700
3 534  6433  6435
3 3009  13091  6433
3 3011  6435  13091
3 6433  13091  6435
3 3016  13095  13092
3 3011  13091  13095
3 3009  13092  13091
3 13095  13091  13092
3 36  3598  3602
3 1054  8977  3598
3 1058  3602  8977
3 3598  8977  3602
3 406  5686  5683
3 2641  8979  5686
3 1054  5683  8979
3 5686  8979  5683
3 410  5707  5709
3 1058  8988  5707
3 2641  5709  8988
3 5707  8988  5709
3 1054  8979  8977
3 2641  8988  8979
3 1058  8977  8988
3 8979  8988  8977
3 132  4120  4116
3 1576  10444  4120
3 1572  4116  10444
3 4120  10444  4116
3 737  7651  7649
3 2643  10455  7651
3 1576  7649  10455
3 7651  10455  7649
3 406  5684  5688
3 1572  10446  5684
3 2643  5688  10446
3 5684  10446  5688
3 1576  10455  10444
3 2643  10446  10455
3 1572  10444  10446
3 10455  10446  10444
3 187  4445  4447
3 1901  11429  4445
3 1903  4447  11429
3 4445  11429  4447
3 410  5711  5708
3 2652  11431  5711
3 1901  5708  11431
3 5711  11431  5708
3 737  7650  7652
3 1903  11438  7650
3 2652  7652  11438
3 7650  11438  7652
3 1901  11431  11429
3 2652  11438  11431
3 1903  11429  11438
3 11431  11438  11429
3 406  5688  5686
3 2643  12724  5688
3 2641  5686  12724
3 5688  12724  5686
3 737  7652  7651
3 2652  12727  7652
3 2643  7651  12727
3 7652  12727  7651
3 410  5709  5711
3 2641  12725  5709
3 2652  5711  12725
3 5709  12725  5711
3 2643  12727  12724
3 2652  12725  12727
3 2641  12724  12725
3 12727  12725  12724
3 135  4137  4135
3 1593  10501  4137
3 1591  4135  10501
3 4137  10501  4135
3 745  7701  7697
3 3281  10508  7701
3 1593  7697  10508
3 7701  10508  7697
3 735  7638  7642
3 1591  10503  7638
3 3281  7642  10503
3 7638  10503  7642
3 1593  10508  10501
3 3281  10503  10508
3 1591  10501  10503
3 10508  10503  10501
3 187  4447  4448
3 1903  11437  4447
3 1904  4448  11437
3 4447  11437  4448
3 737  7654  7650
3 3283  11439  7654
3 1903  7650  11439
3 7654  11439  7650
3 745  7698  7702
3 1904  11441  7698
3 3283  7702  11441
3 7698  11441  7702
3 1903  11439  11437
3 3283  11441  11439
3 1904  11437  11441
3 11439  11441  11437
3 132  4118  4120
3 1574  10450  4118
3 1576  4120  10450
3 4118  10450  4120
3 735  7641  7637
3 3280  10452  7641
3 1574  7637  10452
3 7641  10452  7637
3 737  7649  7653
3 1576  10456  7649
3 3280  7653  10456
3 7649  10456  7653
3 1574  10452  10450
3 3280  10456  10452
3 1576  10450  10456
3 10452  10456  10450
3 745  7702  7701
3 3283  13363  7702
3 3281  7701  13363
3 7702  13363  7701
3 737  7653  7654
3 3280  13362  7653
3 3283  7654  13362
3 7653  13362  7654
3 735  7642  7641
3 3281  13361  7642
3 3280  7641  13361
3 7642  13361  7641
3 3283  13362  13363
3 3280  13361  13362
3 3281  13363  13361
3 13362  13361  13363
3 35  3595  3596
3 1051  8967  3595
3 1052  3596  8967
3 3595  8967  3596
3 403  5668  5665
3 2631  8969  5668
3 1051  5665  8969
3 5668  8969  5665
3 404  5671  5674
3 1052  8971  5671
3 2631  5674  8971
3 5671  8971  5674
3 1051  8969  8967
3 2631  8971  8969
3 1052  8967  8971
3 8969  8971  8967
3 184  4431  4427
3 1887  11376  4431
3 1883  4427  11376
3 4431  11376  4427
3 833  8227  8225
3 2633  11389  8227
3 1887  8225  11389
3 8227  11389  8225
3 403  5666  5670
3 1883  11378  5666
3 2633  5670  11378
3 5666  11378  5670
3 1887  11389  11376
3 2633  11378  11389
3 1883  11376  11378
3 11389  11378  11376
3 185  4433  4437
3 1889  11394  4433
3 1893  4437  11394
3 4433  11394  4437
3 404  5676  5672
3 2635  11396  5676
3 1889  5672  11396
3 5676  11396  5672
3 833  8226  8228
3 1893  11407  8226
3 2635  8228  11407
3 8226  11407  8228
3 1889  11396  11394
3 2635  11407  11396
3 1893  11394  11407
3 11396  11407  11394
3 403  5670  5668
3 2633  12713  5670
3 2631  5668  12713
3 5670  12713  5668
3 833  8228  8227
3 2635  12715  8228
3 2633  8227  12715
3 8228  12715  8227
3 404  5674  5676
3 2631  12714  5674
3 2635  5676  12714
3 5674  12714  5676
3 2633  12715  12713
3 2635  12714  12715
3 2631  12713  12714
3 12715  12714  12713
3 36  3602  3600
3 1058  8983  3602
3 1056  3600  8983
3 3602  8983  3600
3 410  5710  5707
3 2647  8989  5710
3 1058  5707  8989
3 5710  8989  5707
3 408  5695  5698
3 1056  8985  5695
3 2647  5698  8985
3 5695  8985  5698
3 1058  8989  8983
3 2647  8985  8989
3 1056  8983  8985
3 8989  8985  8983
3 187  4449  4445
3 1905  11430  4449
3 1901  4445  11430
3 4449  11430  4445
3 834  8234  8232
3 2653  11443  8234
3 1905  8232  11443
3 8234  11443  8232
3 410  5708  5712
3 1901  11432  5708
3 2653  5712  11432
3 5708  11432  5712
3 1905  11443  11430
3 2653  11432  11443
3 1901  11430  11432
3 11443  11432  11430
3 184  4428  4432
3 1884  11380  4428
3 1888  4432  11380
3 4428  11380  4432
3 408  5700  5696
3 2649  11382  5700
3 1884  5696  11382
3 5700  11382  5696
3 834  8231  8233
3 1888  11391  8231
3 2649  8233  11391
3 8231  11391  8233
3 1884  11382  11380
3 2649  11391  11382
3 1888  11380  11391
3 11382  11391  11380
3 410  5712  5710
3 2653  12732  5712
3 2647  5710  12732
3 5712  12732  5710
3 834  8233  8234
3 2649  12733  8233
3 2653  8234  12733
3 8233  12733  8234
3 408  5698  5700
3 2647  12731  5698
3 2649  5700  12731
3 5698  12731  5700
3 2653  12733  12732
3 2649  12731  12733
3 2647  12732  12731
3 12733  12731  12732
3 59  3727  3728
3 1183  9349  3727
3 1184  3728  9349
3 3727  9349  3728
3 535  6440  6437
3 3013  9351  6440
3 1183  6437  9351
3 6440  9351  6437
3 536  6443  6446
3 1184  9353  6443
3 3013  6446  9353
3 6443  9353  6446
3 1183  9351  9349
3 3013  9353  9351
3 1184  9349  9353
3 9351  9353  9349
3 185  4438  4434
3 1894  11398  4438
3 1890  4434  11398
3 4438  11398  4434
3 835  8239  8237
3 3015  11409  8239
3 1894  8237  11409
3 8239  11409  8237
3 535  6438  6442
3 1890  11400  6438
3 3015  6442  11400
3 6438  11400  6442
3 1894  11409  11398
3 3015  11400  11409
3 1890  11398  11400
3 11409  11400  11398
3 187  4446  4450
3 1902  11434  4446
3 1906  4450  11434
3 4446  11434  4450
3 536  6448  6444
3 3017  11436  6448
3 1902  6444  11436
3 6448  11436  6444
3 835  8238  8240
3 1906  11445  8238
3 3017  8240  11445
3 8238  11445  8240
3 1902  11436  11434
3 3017  11445  11436
3 1906  11434  11445
3 11436  11445  11434
3 535  6442  6440
3 3015  13097  6442
3 3013  6440  13097
3 6442  13097  6440
3 835  8240  8239
3 3017  13099  8240
3 3015  8239  13099
3 8240  13099  8239
3 536  6446  6448
3 3013  13098  6446
3 3017  6448  13098
3 6446  13098  6448
3 3015  13099  13097
3 3017  13098  13099
3 3013  13097  13098
3 13099  13098  13097
3 184  4432  4431
3 1888  11388  4432
3 1887  4431  11388
3 4432  11388  4431
3 834  8235  8231
3 3377  11392  8235
3 1888  8231  11392
3 8235  11392  8231
3 833  8225  8229
3 1887  11390  8225
3 3377  8229  11390
3 8225  11390  8229
3 1888  11392  11388
3 3377  11390  11392
3 1887  11388  11390
3 11392  11390  11388
3 187  4450  4449
3 1906  11442  4450
3 1905  4449  11442
3 4450  11442  4449
3 835  8242  8238
3 3379  11446  8242
3 1906  8238  11446
3 8242  11446  8238
3 834  8232  8236
3 1905  11444  8232
3 3379  8236  11444
3 8232  11444  8236
3 1906  11446  11442
3 3379  11444  11446
3 1905  11442  11444
3 11446  11444  11442
3 185  4437  4438
3 1893  11406  4437
3 1894  4438  11406
3 4437  11406  4438
3 833  8230  8226
3 3378  11408  8230
3 1893  8226  11408
3 8230  11408  8226
3 835  8237  8241
3 1894  11410  8237
3 3378  8241  11410
3 8237  11410  8241
3 1893  11408  11406
3 3378  11410  11408
3 1894  11406  11410
3 11408  11410  11406
3 834  8236  8235
3 3379  13458  8236
3 3377  8235  13458
3 8236  13458  8235
3 835  8241  8242
3 3378  13459  8241
3 3379  8242  13459
3 8241  13459  8242
3 833  8229  8230
3 3377  13457  8229
3 3378  8230  13457
3 8229  13457  8230
3 3379  13459  13458
3 3378  13457  13459
3 3377  13458  13457
3 13459  13457  13458
3 16  3492  3493
3 948  8678  3492
3 949  3493  8678
3 3492  8678  3493
3 300  5077  5075
3 2342  8680  5077
3 948  5075  8680
3 5077  8680  5075
3 301  5081  5083
3 949  8683  5081
3 2342  5083  8683
3 5081  8683  5083
3 948  8680  8678
3 2342  8683  8680
3 949  8678  8683
3 8680  8683  8678
3 132  4117  4115
3 1573  10439  4117
3 1571  4115  10439
3 4117  10439  4115
3 734  7633  7631
3 2344  10448  7633
3 1573  7631  10448
3 7633  10448  7631
3 300  5076  5079
3 1571  10441  5076
3 2344  5079  10441
3 5076  10441  5079
3 1573  10448  10439
3 2344  10441  10448
3 1571  10439  10441
3 10448  10441  10439
3 133  4121  4123
3 1577  10457  4121
3 1579  4123  10457
3 4121  10457  4123
3 301  5085  5082
3 2347  10459  5085
3 1577  5082  10459
3 5085  10459  5082
3 734  7632  7634
3 1579  10466  7632
3 2347  7634  10466
3 7632  10466  7634
3 1577  10459  10457
3 2347  10466  10459
3 1579  10457  10466
3 10459  10466  10457
3 300  5079  5077
3 2344  12422  5079
3 2342  5077  12422
3 5079  12422  5077
3 734  7634  7633
3 2347  12426  7634
3 2344  7633  12426
3 7634  12426  7633
3 301  5083  5085
3 2342  12423  5083
3 2347  5085  12423
3 5083  12423  5085
3 2344  12426  12422
3 2347  12423  12426
3 2342  12422  12423
3 12426  12423  12422
3 36  3601  3598
3 1057  8976  3601
3 1054  3598  8976
3 3601  8976  3598
3 409  5703  5701
3 2640  8986  5703
3 1057  5701  8986
3 5703  8986  5701
3 406  5683  5685
3 1054  8978  5683
3 2640  5685  8978
3 5683  8978  5685
3 1057  8986  8976
3 2640  8978  8986
3 1054  8976  8978
3 8986  8978  8976
3 186  4441  4439
3 1897  11411  4441
3 1895  4439  11411
3 4441  11411  4439
3 736  7646  7644
3 2650  11420  7646
3 1897  7644  11420
3 7646  11420  7644
3 409  5702  5705
3 1895  11413  5702
3 2650  5705  11413
3 5702  11413  5705
3 1897  11420  11411
3 2650  11413  11420
3 1895  11411  11413
3 11420  11413  11411
3 132  4116  4119
3 1572  10443  4116
3 1575  4119  10443
3 4116  10443  4119
3 406  5687  5684
3 2642  10445  5687
3 1572  5684  10445
3 5687  10445  5684
3 736  7643  7645
3 1575  10453  7643
3 2642  7645  10453
3 7643  10453  7645
3 1572  10445  10443
3 2642  10453  10445
3 1575  10443  10453
3 10445  10453  10443
3 409  5705  5703
3 2650  12723  5705
3 2640  5703  12723
3 5705  12723  5703
3 736  7645  7646
3 2642  12726  7645
3 2650  7646  12726
3 7645  12726  7646
3 406  5685  5687
3 2640  12722  5685
3 2642  5687  12722
3 5685  12722  5687
3 2650  12726  12723
3 2642  12722  12726
3 2640  12723  12722
3 12726  12722  12723
3 38  3608  3610
3 1064  9003  3608
3 1066  3610  9003
3 3608  9003  3610
3 416  5741  5739
3 2667  9005  5741
3 1064  5739  9005
3 5741  9005  5739
3 418  5751  5753
3 1066  9010  5751
3 2667  5753  9010
3 5751  9010  5753
3 1064  9005  9003
3 2667  9010  9005
3 1066  9003  9010
3 9005  9010  9003
3 133  4125  4122
3 1581  10461  4125
3 1578  4122  10461
3 4125  10461  4122
3 739  7663  7661
3 2669  10471  7663
3 1581  7661  10471
3 7663  10471  7661
3 416  5740  5743
3 1578  10463  5740
3 2669  5743  10463
3 5740  10463  5743
3 1581  10471  10461
3 2669  10463  10471
3 1578  10461  10463
3 10471  10463  10461
3 186  4440  4442
3 1896  11415  4440
3 1898  4442  11415
3 4440  11415  4442
3 418  5755  5752
3 2674  11417  5755
3 1896  5752  11417
3 5755  11417  5752
3 739  7662  7664
3 1898  11422  7662
3 2674  7664  11422
3 7662  11422  7664
3 1896  11417  11415
3 2674  11422  11417
3 1898  11415  11422
3 11417  11422  11415
3 416  5743  5741
3 2669  12749  5743
3 2667  5741  12749
3 5743  12749  5741
3 739  7664  7663
3 2674  12753  7664
3 2669  7663  12753
3 7664  12753  7663
3 418  5753  5755
3 2667  12750  5753
3 2674  5755  12750
3 5753  12750  5755
3 2669  12753  12749
3 2674  12750  12753
3 2667  12749  12750
3 12753  12750  12749
3 132  4119  4117
3 1575  10447  4119
3 1573  4117  10447
3 4119  10447  4117
3 736  7647  7643
3 3278  10454  7647
3 1575  7643  10454
3 7647  10454  7643
3 734  7631  7635
3 1573  10449  7631
3 3278  7635  10449
3 7631  10449  7635
3 1575  10454  10447
3 3278  10449  10454
3 1573  10447  10449
3 10454  10449  10447
3 186  4442  4441
3 1898  11419  4442
3 1897  4441  11419
3 4442  11419  4441
3 739  7666  7662
3 3282  11423  7666
3 1898  7662  11423
3 7666  11423  7662
3 736  7644  7648
3 1897  11421  7644
3 3282  7648  11421
3 7644  11421  7648
3 1898  11423  11419
3 3282  11421  11423
3 1897  11419  11421
3 11423  11421  11419
3 133  4123  4125
3 1579  10465  4123
3 1581  4125  10465
3 4123  10465  4125
3 734  7636  7632
3 3279  10467  7636
3 1579  7632  10467
3 7636  10467  7632
3 739  7661  7665
3 1581  10472  7661
3 3279  7665  10472
3 7661  10472  7665
3 1579  10467  10465
3 3279  10472  10467
3 1581  10465  10472
3 10467  10472  10465
3 736  7648  7647
3 3282  13359  7648
3 3278  7647  13359
3 7648  13359  7647
3 739  7665  7666
3 3279  13360  7665
3 3282  7666  13360
3 7665  13360  7666
3 734  7635  7636
3 3278  13358  7635
3 3279  7636  13358
3 7635  13358  7636
3 3282  13360  13359
3 3279  13358  13360
3 3278  13359  13358
3 13360  13358  13359
3 5  3444  3446
3 900  8554  3444
3 902  3446  8554
3 3444  8554  3446
3 252  4815  4813
3 2218  8555  4815
3 900  4813  8555
3 4815  8555  4813
3 254  4823  4825
3 902  8559  4823
3 2218  4825  8559
3 4823  8559  4825
3 900  8555  8554
3 2218  8559  8555
3 902  8554  8559
3 8555  8559  8554
3 84  3855  3853
3 1311  9692  3855
3 1309  3853  9692
3 3855  9692  3853
3 610  6889  6887
3 2219  9697  6889
3 1311  6887  9697
3 6889  9697  6887
3 252  4814  4816
3 1309  9693  4814
3 2219  4816  9693
3 4814  9693  4816
3 1311  9697  9692
3 2219  9693  9697
3 1309  9692  9693
3 9697  9693  9692
3 86  3863  3865
3 1319  9719  3863
3 1321  3865  9719
3 3863  9719  3865
3 254  4827  4824
3 2223  9721  4827
3 1319  4824  9721
3 4827  9721  4824
3 610  6888  6890
3 1321  9728  6888
3 2223  6890  9728
3 6888  9728  6890
3 1319  9721  9719
3 2223  9728  9721
3 1321  9719  9728
3 9721  9728  9719
3 252  4816  4815
3 2219  12299  4816
3 2218  4815  12299
3 4816  12299  4815
3 610  6890  6889
3 2223  12301  6890
3 2219  6889  12301
3 6890  12301  6889
3 254  4825  4827
3 2218  12300  4825
3 2223  4827  12300
3 4825  12300  4827
3 2219  12301  12299
3 2223  12300  12301
3 2218  12299  12300
3 12301  12300  12299
3 34  3589  3587
3 1045  8945  3589
3 1043  3587  8945
3 3589  8945  3587
3 397  5631  5629
3 2609  8950  5631
3 1045  5629  8950
3 5631  8950  5629
3 395  5621  5623
3 1043  8946  5621
3 2609  5623  8946
3 5621  8946  5623
3 1045  8950  8945
3 2609  8946  8950
3 1043  8945  8946
3 8950  8946  8945
3 182  4417  4415
3 1873  11339  4417
3 1871  4415  11339
3 4417  11339  4415
3 611  6896  6894
3 2614  11348  6896
3 1873  6894  11348
3 6896  11348  6894
3 397  5630  5633
3 1871  11341  5630
3 2614  5633  11341
3 5630  11341  5633
3 1873  11348  11339
3 2614  11341  11348
3 1871  11339  11341
3 11348  11341  11339
3 84  3854  3856
3 1310  9694  3854
3 1312  3856  9694
3 3854  9694  3856
3 395  5624  5622
3 2610  9695  5624
3 1310  5622  9695
3 5624  9695  5622
3 611  6893  6895
3 1312  9699  6893
3 2610  6895  9699
3 6893  9699  6895
3 1310  9695  9694
3 2610  9699  9695
3 1312  9694  9699
3 9695  9699  9694
3 397  5633  5631
3 2614  12690  5633
3 2609  5631  12690
3 5633  12690  5631
3 611  6895  6896
3 2610  12691  6895
3 2614  6896  12691
3 6895  12691  6896
3 395  5623  5624
3 2609  12689  5623
3 2610  5624  12689
3 5623  12689  5624
3 2614  12691  12690
3 2610  12689  12691
3 2609  12690  12689
3 12691  12689  12690
3 36  3597  3599
3 1053  8972  3597
3 1055  3599  8972
3 3597  8972  3599
3 405  5679  5677
3 2636  8974  5679
3 1053  5677  8974
3 5679  8974  5677
3 407  5689  5691
3 1055  8981  5689
3 2636  5691  8981
3 5689  8981  5691
3 1053  8974  8972
3 2636  8981  8974
3 1055  8972  8981
3 8974  8981  8972
3 86  3867  3864
3 1323  9723  3867
3 1320  3864  9723
3 3867  9723  3864
3 615  6919  6917
3 2638  9733  6919
3 1323  6917  9733
3 6919  9733  6917
3 405  5678  5681
3 1320  9725  5678
3 2638  5681  9725
3 5678  9725  5681
3 1323  9733  9723
3 2638  9725  9733
3 1320  9723  9725
3 9733  9725  9723
3 182  4416  4418
3 1872  11343  4416
3 1874  4418  11343
3 4416  11343  4418
3 407  5693  5690
3 2645  11345  5693
3 1872  5690  11345
3 5693  11345  5690
3 615  6918  6920
3 1874  11350  6918
3 2645  6920  11350
3 6918  11350  6920
3 1872  11345  11343
3 2645  11350  11345
3 1874  11343  11350
3 11345  11350  11343
3 405  5681  5679
3 2638  12716  5681
3 2636  5679  12716
3 5681  12716  5679
3 615  6920  6919
3 2645  12720  6920
3 2638  6919  12720
3 6920  12720  6919
3 407  5691  5693
3 2636  12717  5691
3 2645  5693  12717
3 5691  12717  5693
3 2638  12720  12716
3 2645  12717  12720
3 2636  12716  12717
3 12720  12717  12716
3 84  3856  3855
3 1312  9696  3856
3 1311  3855  9696
3 3856  9696  3855
3 611  6897  6893
3 3155  9700  6897
3 1312  6893  9700
3 6897  9700  6893
3 610  6887  6891
3 1311  9698  6887
3 3155  6891  9698
3 6887  9698  6891
3 1312  9700  9696
3 3155  9698  9700
3 1311  9696  9698
3 9700  9698  9696
3 182  4418  4417
3 1874  11347  4418
3 1873  4417  11347
3 4418  11347  4417
3 615  6922  6918
3 3157  11351  6922
3 1874  6918  11351
3 6922  11351  6918
3 611  6894  6898
3 1873  11349  6894
3 3157  6898  11349
3 6894  11349  6898
3 1874  11351  11347
3 3157  11349  11351
3 1873  11347  11349
3 11351  11349  11347
3 86  3865  3867
3 1321  9727  3865
3 1323  3867  9727
3 3865  9727  3867
3 610  6892  6888
3 3156  9729  6892
3 1321  6888  9729
3 6892  9729  6888
3 615  6917  6921
3 1323  9734  6917
3 3156  6921  9734
3 6917  9734  6921
3 1321  9729  9727
3 3156  9734  9729
3 1323  9727  9734
3 9729  9734  9727
3 611  6898  6897
3 3157  13236  6898
3 3155  6897  13236
3 6898  13236  6897
3 615  6921  6922
3 3156  13237  6921
3 3157  6922  13237
3 6921  13237  6922
3 610  6891  6892
3 3155  13235  6891
3 3156  6892  13235
3 6891  13235  6892
3 3157  13237  13236
3 3156  13235  13237
3 3155  13236  13235
3 13237  13235  13236
3 6  3449  3447
3 905  8561  3449
3 903  3447  8561
3 3449  8561  3447
3 257  4839  4837
3 2225  8565  4839
3 905  4837  8565
3 4839  8565  4837
3 255  4829  4831
3 903  8562  4829
3 2225  4831  8562
3 4829  8562  4831
3 905  8565  8561
3 2225  8562  8565
3 903  8561  8562
3 8565  8562  8561
3 89  3879  3877
3 1335  9755  3879
3 1333  3877  9755
3 3879  9755  3877
3 617  6932  6930
3 2229  9764  6932
3 1335  6930  9764
3 6932  9764  6930
3 257  4838  4841
3 1333  9757  4838
3 2229  4841  9757
3 4838  9757  4841
3 1335  9764  9755
3 2229  9757  9764
3 1333  9755  9757
3 9764  9757  9755
3 87  3869  3871
3 1325  9737  3869
3 1327  3871  9737
3 3869  9737  3871
3 255  4832  4830
3 2226  9738  4832
3 1325  4830  9738
3 4832  9738  4830
3 617  6929  6931
3 1327  9742  6929
3 2226  6931  9742
3 6929  9742  6931
3 1325  9738  9737
3 2226  9742  9738
3 1327  9737  9742
3 9738  9742  9737
3 257  4841  4839
3 2229  12306  4841
3 2225  4839  12306
3 4841  12306  4839
3 617  6931  6932
3 2226  12307  6931
3 2229  6932  12307
3 6931  12307  6932
3 255  4831  4832
3 2225  12305  4831
3 2226  4832  12305
3 4831  12305  4832
3 2229  12307  12306
3 2226  12305  12307
3 2225  12306  12305
3 12307  12305  12306
3 38  3609  3607
3 1065  8999  3609
3 1063  3607  8999
3 3609  8999  3607
3 417  5747  5745
3 2663  9008  5747
3 1065  5745  9008
3 5747  9008  5745
3 415  5733  5735
3 1063  9001  5733
3 2663  5735  9001
3 5733  9001  5735
3 1065  9008  8999
3 2663  9001  9008
3 1063  8999  9001
3 9008  9001  8999
3 183  4424  4422
3 1880  11361  4424
3 1878  4422  11361
3 4424  11361  4422
3 621  6956  6954
3 2672  11368  6956
3 1880  6954  11368
3 6956  11368  6954
3 417  5746  5749
3 1878  11363  5746
3 2672  5749  11363
3 5746  11363  5749
3 1880  11368  11361
3 2672  11363  11368
3 1878  11361  11363
3 11368  11363  11361
3 89  3878  3881
3 1334  9759  3878
3 1337  3881  9759
3 3878  9759  3881
3 415  5737  5734
3 2665  9761  5737
3 1334  5734  9761
3 5737  9761  5734
3 621  6953  6955
3 1337  9769  6953
3 2665  6955  9769
3 6953  9769  6955
3 1334  9761  9759
3 2665  9769  9761
3 1337  9759  9769
3 9761  9769  9759
3 417  5749  5747
3 2672  12744  5749
3 2663  5747  12744
3 5749  12744  5747
3 621  6955  6956
3 2665  12747  6955
3 2672  6956  12747
3 6955  12747  6956
3 415  5735  5737
3 2663  12743  5735
3 2665  5737  12743
3 5735  12743  5737
3 2672  12747  12744
3 2665  12743  12747
3 2663  12744  12743
3 12747  12743  12744
3 34  3588  3590
3 1044  8947  3588
3 1046  3590  8947
3 3588  8947  3590
3 396  5627  5625
3 2611  8948  5627
3 1044  5625  8948
3 5627  8948  5625
3 398  5635  5637
3 1046  8952  5635
3 2611  5637  8952
3 5635  8952  5637
3 1044  8948  8947
3 2611  8952  8948
3 1046  8947  8952
3 8948  8952  8947
3 87  3872  3870
3 1328  9739  3872
3 1326  3870  9739
3 3872  9739  3870
3 618  6937  6935
3 2612  9744  6937
3 1328  6935  9744
3 6937  9744  6935
3 396  5626  5628
3 1326  9740  5626
3 2612  5628  9740
3 5626  9740  5628
3 1328  9744  9739
3 2612  9740  9744
3 1326  9739  9740
3 9744  9740  9739
3 183  4421  4423
3 1877  11357  4421
3 1879  4423  11357
3 4421  11357  4423
3 398  5639  5636
3 2616  11359  5639
3 1877  5636  11359
3 5639  11359  5636
3 618  6936  6938
3 1879  11366  6936
3 2616  6938  11366
3 6936  11366  6938
3 1877  11359  11357
3 2616  11366  11359
3 1879  11357  11366
3 11359  11366  11357
3 396  5628  5627
3 2612  12692  5628
3 2611  5627  12692
3 5628  12692  5627
3 618  6938  6937
3 2616  12694  6938
3 2612  6937  12694
3 6938  12694  6937
3 398  5637  5639
3 2611  12693  5637
3 2616  5639  12693
3 5637  12693  5639
3 2612  12694  12692
3 2616  12693  12694
3 2611  12692  12693
3 12694  12693  12692
3 89  3881  3879
3 1337  9763  3881
3 1335  3879  9763
3 3881  9763  3879
3 621  6957  6953
3 3162  9770  6957
3 1337  6953  9770
3 6957  9770  6953
3 617  6930  6934
3 1335  9765  6930
3 3162  6934  9765
3 6930  9765  6934
3 1337  9770  9763
3 3162  9765  9770
3 1335  9763  9765
3 9770  9765  9763
3 183  4423  4424
3 1879  11365  4423
3 1880  4424  11365
3 4423  11365  4424
3 618  6940  6936
3 3163  11367  6940
3 1879  6936  11367
3 6940  11367  6936
3 621  6954  6958
3 1880  11369  6954
3 3163  6958  11369
3 6954  11369  6958
3 1879  11367  11365
3 3163  11369  11367
3 1880  11365  11369
3 11367  11369  11365
3 87  3871  3872
3 1327  9741  3871
3 1328  3872  9741
3 3871  9741  3872
3 617  6933  6929
3 3161  9743  6933
3 1327  6929  9743
3 6933  9743  6929
3 618  6935  6939
3 1328  9745  6935
3 3161  6939  9745
3 6935  9745  6939
3 1327  9743  9741
3 3161  9745  9743
3 1328  9741  9745
3 9743  9745  9741
3 621  6958  6957
3 3163  13243  6958
3 3162  6957  13243
3 6958  13243  6957
3 618  6939  6940
3 3161  13242  6939
3 3163  6940  13242
3 6939  13242  6940
3 617  6934  6933
3 3162  13241  6934
3 3161  6933  13241
3 6934  13241  6933
3 3163  13242  13243
3 3161  13241  13242
3 3162  13243  13241
3 13242  13241  13243
3 36  3599  3601
3 1055  8980  3599
3 1057  3601  8980
3 3599  8980  3601
3 407  5692  5689
3 2644  8982  5692
3 1055  5689  8982
3 5692  8982  5689
3 409  5701  5704
3 1057  8987  5701
3 2644  5704  8987
3 5701  8987  5704
3 1055  8982  8980
3 2644  8987  8982
3 1057  8980  8987
3 8982  8987  8980
3 182  4420  4416
3 1876  11344  4420
3 1872  4416  11344
3 4420  11344  4416
3 831  8215  8213
3 2646  11355  8215
3 1876  8213  11355
3 8215  11355  8213
3 407  5690  5694
3 1872  11346  5690
3 2646  5694  11346
3 5690  11346  5694
3 1876  11355  11344
3 2646  11346  11355
3 1872  11344  11346
3 11355  11346  11344
3 186  4439  4443
3 1895  11412  4439
3 1899  4443  11412
3 4439  11412  4443
3 409  5706  5702
3 2651  11414  5706
3 1895  5702  11414
3 5706  11414  5702
3 831  8214  8216
3 1899  11425  8214
3 2651  8216  11425
3 8214  11425  8216
3 1895  11414  11412
3 2651  11425  11414
3 1899  11412  11425
3 11414  11425  11412
3 407  5694  5692
3 2646  12728  5694
3 2644  5692  12728
3 5694  12728  5692
3 831  8216  8215
3 2651  12730  8216
3 2646  8215  12730
3 8216  12730  8215
3 409  5704  5706
3 2644  12729  5704
3 2651  5706  12729
3 5704  12729  5706
3 2646  12730  12728
3 2651  12729  12730
3 2644  12728  12729
3 12730  12729  12728
3 34  3590  3589
3 1046  8949  3590
3 1045  3589  8949
3 3590  8949  3589
3 398  5638  5635
3 2613  8953  5638
3 1046  5635  8953
3 5638  8953  5635
3 397  5629  5632
3 1045  8951  5629
3 2613  5632  8951
3 5629  8951  5632
3 1046  8953  8949
3 2613  8951  8953
3 1045  8949  8951
3 8953  8951  8949
3 183  4425  4421
3 1881  11358  4425
3 1877  4421  11358
3 4425  11358  4421
3 830  8210  8208
3 2617  11371  8210
3 1881  8208  11371
3 8210  11371  8208
3 398  5636  5640
3 1877  11360  5636
3 2617  5640  11360
3 5636  11360  5640
3 1881  11371  11358
3 2617  11360  11371
3 1877  11358  11360
3 11371  11360  11358
3 182  4415  4419
3 1871  11340  4415
3 1875  4419  11340
3 4415  11340  4419
3 397  5634  5630
3 2615  11342  5634
3 1871  5630  11342
3 5634  11342  5630
3 830  8207  8209
3 1875  11353  8207
3 2615  8209  11353
3 8207  11353  8209
3 1871  11342  11340
3 2615  11353  11342
3 1875  11340  11353
3 11342  11353  11340
3 398  5640  5638
3 2617  12696  5640
3 2613  5638  12696
3 5640  12696  5638
3 830  8209  8210
3 2615  12697  8209
3 2617  8210  12697
3 8209  12697  8210
3 397  5632  5634
3 2613  12695  5632
3 2615  5634  12695
3 5632  12695  5634
3 2617  12697  12696
3 2615  12695  12697
3 2613  12696  12695
3 12697  12695  12696
3 38  3610  3609
3 1066  9007  3610
3 1065  3609  9007
3 3610  9007  3609
3 418  5754  5751
3 2671  9011  5754
3 1066  5751  9011
3 5754  9011  5751
3 417  5745  5748
3 1065  9009  5745
3 2671  5748  9009
3 5745  9009  5748
3 1066  9011  9007
3 2671  9009  9011
3 1065  9007  9009
3 9011  9009  9007
3 186  4444  4440
3 1900  11416  4444
3 1896  4440  11416
3 4444  11416  4440
3 832  8222  8220
3 2675  11427  8222
3 1900  8220  11427
3 8222  11427  8220
3 418  5752  5756
3 1896  11418  5752
3 2675  5756  11418
3 5752  11418  5756
3 1900  11427  11416
3 2675  11418  11427
3 1896  11416  11418
3 11427  11418  11416
3 183  4422  4426
3 1878  11362  4422
3 1882  4426  11362
3 4422  11362  4426
3 417  5750  5746
3 2673  11364  5750
3 1878  5746  11364
3 5750  11364  5746
3 832  8219  8221
3 1882  11373  8219
3 2673  8221  11373
3 8219  11373  8221
3 1878  11364  11362
3 2673  11373  11364
3 1882  11362  11373
3 11364  11373  11362
3 418  5756  5754
3 2675  12756  5756
3 2671  5754  12756
3 5756  12756  5754
3 832  8221  8222
3 2673  12757  8221
3 2675  8222  12757
3 8221  12757  8222
3 417  5748  5750
3 2671  12755  5748
3 2673  5750  12755
3 5748  12755  5750
3 2675  12757  12756
3 2673  12755  12757
3 2671  12756  12755
3 12757  12755  12756
3 182  4419  4420
3 1875  11352  4419
3 1876  4420  11352
3 4419  11352  4420
3 830  8211  8207
3 3374  11354  8211
3 1875  8207  11354
3 8211  11354  8207
3 831  8213  8217
3 1876  11356  8213
3 3374  8217  11356
3 8213  11356  8217
3 1875  11354  11352
3 3374  11356  11354
3 1876  11352  11356
3 11354  11356  11352
3 183  4426  4425
3 1882  11370  4426
3 1881  4425  11370
3 4426  11370  4425
3 832  8223  8219
3 3375  11374  8223
3 1882  8219  11374
3 8223  11374  8219
3 830  8208  8212
3 1881  11372  8208
3 3375  8212  11372
3 8208  11372  8212
3 1882  11374  11370
3 3375  11372  11374
3 1881  11370  11372
3 11374  11372  11370
3 186  4443  4444
3 1899  11424  4443
3 1900  4444  11424
3 4443  11424  4444
3 831  8218  8214
3 3376  11426  8218
3 1899  8214  11426
3 8218  11426  8214
3 832  8220  8224
3 1900  11428  8220
3 3376  8224  11428
3 8220  11428  8224
3 1899  11426  11424
3 3376  11428  11426
3 1900  11424  11428
3 11426  11428  11424
3 830  8212  8211
3 3375  13454  8212
3 3374  8211  13454
3 8212  13454  8211
3 832  8224  8223
3 3376  13456  8224
3 3375  8223  13456
3 8224  13456  8223
3 831  8217  8218
3 3374  13455  8217
3 3376  8218  13455
3 8217  13455  8218
3 3375  13456  13454
3 3376  13455  13456
3 3374  13454  13455
3 13456  13455  13454
3 16  3493  3494
3 949  8682  3493
3 950  3494  8682
3 3493  8682  3494
3 301  5084  5081
3 2346  8684  5084
3 949  5081  8684
3 5084  8684  5081
3 302  5087  5089
3 950  8686  5087
3 2346  5089  8686
3 5087  8686  5089
3 949  8684  8682
3 2346  8686  8684
3 950  8682  8686
3 8684  8686  8682
3 133  4124  4121
3 1580  10458  4124
3 1577  4121  10458
3 4124  10458  4121
3 738  7657  7655
3 2348  10469  7657
3 1580  7655  10469
3 7657  10469  7655
3 301  5082  5086
3 1577  10460  5082
3 2348  5086  10460
3 5082  10460  5086
3 1580  10469  10458
3 2348  10460  10469
3 1577  10458  10460
3 10469  10460  10458
3 134  4127  4129
3 1583  10475  4127
3 1585  4129  10475
3 4127  10475  4129
3 302  5091  5088
3 2350  10477  5091
3 1583  5088  10477
3 5091  10477  5088
3 738  7656  7658
3 1585  10484  7656
3 2350  7658  10484
3 7656  10484  7658
3 1583  10477  10475
3 2350  10484  10477
3 1585  10475  10484
3 10477  10484  10475
3 301  5086  5084
3 2348  12428  5086
3 2346  5084  12428
3 5086  12428  5084
3 738  7658  7657
3 2350  12430  7658
3 2348  7657  12430
3 7658  12430  7657
3 302  5089  5091
3 2346  12429  5089
3 2350  5091  12429
3 5089  12429  5091
3 2348  12430  12428
3 2350  12429  12430
3 2346  12428  12429
3 12430  12429  12428
3 38  3612  3608
3 1068  9004  3612
3 1064  3608  9004
3 3612  9004  3608
3 420  5765  5763
3 2668  9015  5765
3 1068  5763  9015
3 5765  9015  5763
3 416  5739  5742
3 1064  9006  5739
3 2668  5742  9006
3 5739  9006  5742
3 1068  9015  9004
3 2668  9006  9015
3 1064  9004  9006
3 9015  9006  9004
3 190  4465  4463
3 1921  11483  4465
3 1919  4463  11483
3 4465  11483  4463
3 740  7670  7668
3 2679  11492  7670
3 1921  7668  11492
3 7670  11492  7668
3 420  5764  5767
3 1919  11485  5764
3 2679  5767  11485
3 5764  11485  5767
3 1921  11492  11483
3 2679  11485  11492
3 1919  11483  11485
3 11492  11485  11483
3 133  4122  4126
3 1578  10462  4122
3 1582  4126  10462
3 4122  10462  4126
3 416  5744  5740
3 2670  10464  5744
3 1578  5740  10464
3 5744  10464  5740
3 740  7667  7669
3 1582  10473  7667
3 2670  7669  10473
3 7667  10473  7669
3 1578  10464  10462
3 2670  10473  10464
3 1582  10462  10473
3 10464  10473  10462
3 420  5767  5765
3 2679  12752  5767
3 2668  5765  12752
3 5767  12752  5765
3 740  7669  7670
3 2670  12754  7669
3 2679  7670  12754
3 7669  12754  7670
3 416  5742  5744
3 2668  12751  5742
3 2670  5744  12751
3 5742  12751  5744
3 2679  12754  12752
3 2670  12751  12754
3 2668  12752  12751
3 12754  12751  12752
3 40  3618  3620
3 1074  9030  3618
3 1076  3620  9030
3 3618  9030  3620
3 426  5797  5795
3 2694  9032  5797
3 1074  5795  9032
3 5797  9032  5795
3 428  5807  5809
3 1076  9037  5807
3 2694  5809  9037
3 5807  9037  5809
3 1074  9032  9030
3 2694  9037  9032
3 1076  9030  9037
3 9032  9037  9030
3 134  4131  4128
3 1587  10479  4131
3 1584  4128  10479
3 4131  10479  4128
3 742  7681  7679
3 2696  10489  7681
3 1587  7679  10489
3 7681  10489  7679
3 426  5796  5799
3 1584  10481  5796
3 2696  5799  10481
3 5796  10481  5799
3 1587  10489  10479
3 2696  10481  10489
3 1584  10479  10481
3 10489  10481  10479
3 190  4464  4466
3 1920  11487  4464
3 1922  4466  11487
3 4464  11487  4466
3 428  5811  5808
3 2701  11489  5811
3 1920  5808  11489
3 5811  11489  5808
3 742  7680  7682
3 1922  11494  7680
3 2701  7682  11494
3 7680  11494  7682
3 1920  11489  11487
3 2701  11494  11489
3 1922  11487  11494
3 11489  11494  11487
3 426  5799  5797
3 2696  12776  5799
3 2694  5797  12776
3 5799  12776  5797
3 742  7682  7681
3 2701  12780  7682
3 2696  7681  12780
3 7682  12780  7681
3 428  5809  5811
3 2694  12777  5809
3 2701  5811  12777
3 5809  12777  5811
3 2696  12780  12776
3 2701  12777  12780
3 2694  12776  12777
3 12780  12777  12776
3 133  4126  4124
3 1582  10468  4126
3 1580  4124  10468
3 4126  10468  4124
3 740  7671  7667
3 3284  10474  7671
3 1582  7667  10474
3 7671  10474  7667
3 738  7655  7659
3 1580  10470  7655
3 3284  7659  10470
3 7655  10470  7659
3 1582  10474  10468
3 3284  10470  10474
3 1580  10468  10470
3 10474  10470  10468
3 190  4466  4465
3 1922  11491  4466
3 1921  4465  11491
3 4466  11491  4465
3 742  7684  7680
3 3286  11495  7684
3 1922  7680  11495
3 7684  11495  7680
3 740  7668  7672
3 1921  11493  7668
3 3286  7672  11493
3 7668  11493  7672
3 1922  11495  11491
3 3286  11493  11495
3 1921  11491  11493
3 11495  11493  11491
3 134  4129  4131
3 1585  10483  4129
3 1587  4131  10483
3 4129  10483  4131
3 738  7660  7656
3 3285  10485  7660
3 1585  7656  10485
3 7660  10485  7656
3 742  7679  7683
3 1587  10490  7679
3 3285  7683  10490
3 7679  10490  7683
3 1585  10485  10483
3 3285  10490  10485
3 1587  10483  10490
3 10485  10490  10483
3 740  7672  7671
3 3286  13365  7672
3 3284  7671  13365
3 7672  13365  7671
3 742  7683  7684
3 3285  13366  7683
3 3286  7684  13366
3 7683  13366  7684
3 738  7659  7660
3 3284  13364  7659
3 3285  7660  13364
3 7659  13364  7660
3 3286  13366  13365
3 3285  13364  13366
3 3284  13365  13364
3 13366  13364  13365
3 6  3448  3449
3 904  8563  3448
3 905  3449  8563
3 3448  8563  3449
3 256  4835  4833
3 2227  8564  4835
3 904  4833  8564
3 4835  8564  4833
3 257  4837  4840
3 905  8566  4837
3 2227  4840  8566
3 4837  8566  4840
3 904  8564  8563
3 2227  8566  8564
3 905  8563  8566
3 8564  8566  8563
3 88  3875  3873
3 1331  9746  3875
3 1329  3873  9746
3 3875  9746  3873
3 619  6943  6941
3 2228  9751  6943
3 1331  6941  9751
3 6943  9751  6941
3 256  4834  4836
3 1329  9747  4834
3 2228  4836  9747
3 4834  9747  4836
3 1331  9751  9746
3 2228  9747  9751
3 1329  9746  9747
3 9751  9747  9746
3 89  3877  3880
3 1333  9756  3877
3 1336  3880  9756
3 3877  9756  3880
3 257  4842  4838
3 2230  9758  4842
3 1333  4838  9758
3 4842  9758  4838
3 619  6942  6944
3 1336  9767  6942
3 2230  6944  9767
3 6942  9767  6944
3 1333  9758  9756
3 2230  9767  9758
3 1336  9756  9767
3 9758  9767  9756
3 256  4836  4835
3 2228  12308  4836
3 2227  4835  12308
3 4836  12308  4835
3 619  6944  6943
3 2230  12310  6944
3 2228  6943  12310
3 6944  12310  6943
3 257  4840  4842
3 2227  12309  4840
3 2230  4842  12309
3 4840  12309  4842
3 2228  12310  12308
3 2230  12309  12310
3 2227  12308  12309
3 12310  12309  12308
3 37  3605  3603
3 1061  8990  3605
3 1059  3603  8990
3 3605  8990  3603
3 413  5723  5721
3 2654  8995  5723
3 1061  5721  8995
3 5723  8995  5721
3 411  5713  5715
3 1059  8991  5713
3 2654  5715  8991
3 5713  8991  5715
3 1061  8995  8990
3 2654  8991  8995
3 1059  8990  8991
3 8995  8991  8990
3 188  4453  4451
3 1909  11447  4453
3 1907  4451  11447
3 4453  11447  4451
3 620  6950  6948
3 2659  11456  6950
3 1909  6948  11456
3 6950  11456  6948
3 413  5722  5725
3 1907  11449  5722
3 2659  5725  11449
3 5722  11449  5725
3 1909  11456  11447
3 2659  11449  11456
3 1907  11447  11449
3 11456  11449  11447
3 88  3874  3876
3 1330  9748  3874
3 1332  3876  9748
3 3874  9748  3876
3 411  5716  5714
3 2655  9749  5716
3 1330  5714  9749
3 5716  9749  5714
3 620  6947  6949
3 1332  9753  6947
3 2655  6949  9753
3 6947  9753  6949
3 1330  9749  9748
3 2655  9753  9749
3 1332  9748  9753
3 9749  9753  9748
3 413  5725  5723
3 2659  12735  5725
3 2654  5723  12735
3 5725  12735  5723
3 620  6949  6950
3 2655  12736  6949
3 2659  6950  12736
3 6949  12736  6950
3 411  5715  5716
3 2654  12734  5715
3 2655  5716  12734
3 5715  12734  5716
3 2659  12736  12735
3 2655  12734  12736
3 2654  12735  12734
3 12736  12734  12735
3 38  3607  3611
3 1063  9000  3607
3 1067  3611  9000
3 3607  9000  3611
3 415  5736  5733
3 2664  9002  5736
3 1063  5733  9002
3 5736  9002  5733
3 419  5757  5759
3 1067  9013  5757
3 2664  5759  9013
3 5757  9013  5759
3 1063  9002  9000
3 2664  9013  9002
3 1067  9000  9013
3 9002  9013  9000
3 89  3882  3878
3 1338  9760  3882
3 1334  3878  9760
3 3882  9760  3878
3 622  6961  6959
3 2666  9771  6961
3 1338  6959  9771
3 6961  9771  6959
3 415  5734  5738
3 1334  9762  5734
3 2666  5738  9762
3 5734  9762  5738
3 1338  9771  9760
3 2666  9762  9771
3 1334  9760  9762
3 9771  9762  9760
3 188  4452  4454
3 1908  11451  4452
3 1910  4454  11451
3 4452  11451  4454
3 419  5761  5758
3 2677  11453  5761
3 1908  5758  11453
3 5761  11453  5758
3 622  6960  6962
3 1910  11458  6960
3 2677  6962  11458
3 6960  11458  6962
3 1908  11453  11451
3 2677  11458  11453
3 1910  11451  11458
3 11453  11458  11451
3 415  5738  5736
3 2666  12745  5738
3 2664  5736  12745
3 5738  12745  5736
3 622  6962  6961
3 2677  12748  6962
3 2666  6961  12748
3 6962  12748  6961
3 419  5759  5761
3 2664  12746  5759
3 2677  5761  12746
3 5759  12746  5761
3 2666  12748  12745
3 2677  12746  12748
3 2664  12745  12746
3 12748  12746  12745
3 88  3876  3875
3 1332  9750  3876
3 1331  3875  9750
3 3876  9750  3875
3 620  6951  6947
3 3164  9754  6951
3 1332  6947  9754
3 6951  9754  6947
3 619  6941  6945
3 1331  9752  6941
3 3164  6945  9752
3 6941  9752  6945
3 1332  9754  9750
3 3164  9752  9754
3 1331  9750  9752
3 9754  9752  9750
3 188  4454  4453
3 1910  11455  4454
3 1909  4453  11455
3 4454  11455  4453
3 622  6964  6960
3 3166  11459  6964
3 1910  6960  11459
3 6964  11459  6960
3 620  6948  6952
3 1909  11457  6948
3 3166  6952  11457
3 6948  11457  6952
3 1910  11459  11455
3 3166  11457  11459
3 1909  11455  11457
3 11459  11457  11455
3 89  3880  3882
3 1336  9766  3880
3 1338  3882  9766
3 3880  9766  3882
3 619  6946  6942
3 3165  9768  6946
3 1336  6942  9768
3 6946  9768  6942
3 622  6959  6963
3 1338  9772  6959
3 3165  6963  9772
3 6959  9772  6963
3 1336  9768  9766
3 3165  9772  9768
3 1338  9766  9772
3 9768  9772  9766
3 620  6952  6951
3 3166  13245  6952
3 3164  6951  13245
3 6952  13245  6951
3 622  6963  6964
3 3165  13246  6963
3 3166  6964  13246
3 6963  13246  6964
3 619  6945  6946
3 3164  13244  6945
3 3165  6946  13244
3 6945  13244  6946
3 3166  13246  13245
3 3165  13244  13246
3 3164  13245  13244
3 13246  13244  13245
3 7  3452  3450
3 908  8567  3452
3 906  3450  8567
3 3452  8567  3450
3 260  4853  4851
3 2231  8572  4853
3 908  4851  8572
3 4853  8572  4851
3 258  4843  4845
3 906  8568  4843
3 2231  4845  8568
3 4843  8568  4845
3 908  8572  8567
3 2231  8568  8572
3 906  8567  8568
3 8572  8568  8567
3 92  3893  3891
3 1349  9791  3893
3 1347  3891  9791
3 3893  9791  3891
3 623  6968  6966
3 2236  9800  6968
3 1349  6966  9800
3 6968  9800  6966
3 260  4852  4855
3 1347  9793  4852
3 2236  4855  9793
3 4852  9793  4855
3 1349  9800  9791
3 2236  9793  9800
3 1347  9791  9793
3 9800  9793  9791
3 90  3883  3885
3 1339  9773  3883
3 1341  3885  9773
3 3883  9773  3885
3 258  4846  4844
3 2232  9774  4846
3 1339  4844  9774
3 4846  9774  4844
3 623  6965  6967
3 1341  9778  6965
3 2232  6967  9778
3 6965  9778  6967
3 1339  9774  9773
3 2232  9778  9774
3 1341  9773  9778
3 9774  9778  9773
3 260  4855  4853
3 2236  12312  4855
3 2231  4853  12312
3 4855  12312  4853
3 623  6967  6968
3 2232  12313  6967
3 2236  6968  12313
3 6967  12313  6968
3 258  4845  4846
3 2231  12311  4845
3 2232  4846  12311
3 4845  12311  4846
3 2236  12313  12312
3 2232  12311  12313
3 2231  12312  12311
3 12313  12311  12312
3 40  3619  3617
3 1075  9026  3619
3 1073  3617  9026
3 3619  9026  3617
3 427  5803  5801
3 2690  9035  5803
3 1075  5801  9035
3 5803  9035  5801
3 425  5789  5791
3 1073  9028  5789
3 2690  5791  9028
3 5789  9028  5791
3 1075  9035  9026
3 2690  9028  9035
3 1073  9026  9028
3 9035  9028  9026
3 189  4460  4458
3 1916  11469  4460
3 1914  4458  11469
3 4460  11469  4458
3 628  6998  6996
3 2699  11476  6998
3 1916  6996  11476
3 6998  11476  6996
3 427  5802  5805
3 1914  11471  5802
3 2699  5805  11471
3 5802  11471  5805
3 1916  11476  11469
3 2699  11471  11476
3 1914  11469  11471
3 11476  11471  11469
3 92  3892  3895
3 1348  9795  3892
3 1351  3895  9795
3 3892  9795  3895
3 425  5793  5790
3 2692  9797  5793
3 1348  5790  9797
3 5793  9797  5790
3 628  6995  6997
3 1351  9805  6995
3 2692  6997  9805
3 6995  9805  6997
3 1348  9797  9795
3 2692  9805  9797
3 1351  9795  9805
3 9797  9805  9795
3 427  5805  5803
3 2699  12771  5805
3 2690  5803  12771
3 5805  12771  5803
3 628  6997  6998
3 2692  12774  6997
3 2699  6998  12774
3 6997  12774  6998
3 425  5791  5793
3 2690  12770  5791
3 2692  5793  12770
3 5791  12770  5793
3 2699  12774  12771
3 2692  12770  12774
3 2690  12771  12770
3 12774  12770  12771
3 37  3604  3606
3 1060  8992  3604
3 1062  3606  8992
3 3604  8992  3606
3 412  5719  5717
3 2656  8993  5719
3 1060  5717  8993
3 5719  8993  5717
3 414  5727  5729
3 1062  8997  5727
3 2656  5729  8997
3 5727  8997  5729
3 1060  8993  8992
3 2656  8997  8993
3 1062  8992  8997
3 8993  8997  8992
3 90  3886  3884
3 1342  9775  3886
3 1340  3884  9775
3 3886  9775  3884
3 624  6973  6971
3 2657  9780  6973
3 1342  6971  9780
3 6973  9780  6971
3 412  5718  5720
3 1340  9776  5718
3 2657  5720  9776
3 5718  9776  5720
3 1342  9780  9775
3 2657  9776  9780
3 1340  9775  9776
3 9780  9776  9775
3 189  4457  4459
3 1913  11465  4457
3 1915  4459  11465
3 4457  11465  4459
3 414  5731  5728
3 2661  11467  5731
3 1913  5728  11467
3 5731  11467  5728
3 624  6972  6974
3 1915  11474  6972
3 2661  6974  11474
3 6972  11474  6974
3 1913  11467  11465
3 2661  11474  11467
3 1915  11465  11474
3 11467  11474  11465
3 412  5720  5719
3 2657  12737  5720
3 2656  5719  12737
3 5720  12737  5719
3 624  6974  6973
3 2661  12739  6974
3 2657  6973  12739
3 6974  12739  6973
3 414  5729  5731
3 2656  12738  5729
3 2661  5731  12738
3 5729  12738  5731
3 2657  12739  12737
3 2661  12738  12739
3 2656  12737  12738
3 12739  12738  12737
3 92  3895  3893
3 1351  9799  3895
3 1349  3893  9799
3 3895  9799  3893
3 628  6999  6995
3 3168  9806  6999
3 1351  6995  9806
3 6999  9806  6995
3 623  6966  6970
3 1349  9801  6966
3 3168  6970  9801
3 6966  9801  6970
3 1351  9806  9799
3 3168  9801  9806
3 1349  9799  9801
3 9806  9801  9799
3 189  4459  4460
3 1915  11473  4459
3 1916  4460  11473
3 4459  11473  4460
3 624  6976  6972
3 3169  11475  6976
3 1915  6972  11475
3 6976  11475  6972
3 628  6996  7000
3 1916  11477  6996
3 3169  7000  11477
3 6996  11477  7000
3 1915  11475  11473
3 3169  11477  11475
3 1916  11473  11477
3 11475  11477  11473
3 90  3885  3886
3 1341  9777  3885
3 1342  3886  9777
3 3885  9777  3886
3 623  6969  6965
3 3167  9779  6969
3 1341  6965  9779
3 6969  9779  6965
3 624  6971  6975
3 1342  9781  6971
3 3167  6975  9781
3 6971  9781  6975
3 1341  9779  9777
3 3167  9781  9779
3 1342  9777  9781
3 9779  9781  9777
3 628  7000  6999
3 3169  13249  7000
3 3168  6999  13249
3 7000  13249  6999
3 624  6975  6976
3 3167  13248  6975
3 3169  6976  13248
3 6975  13248  6976
3 623  6970  6969
3 3168  13247  6970
3 3167  6969  13247
3 6970  13247  6969
3 3169  13248  13249
3 3167  13247  13248
3 3168  13249  13247
3 13248  13247  13249
3 38  3611  3612
3 1067  9012  3611
3 1068  3612  9012
3 3611  9012  3612
3 419  5760  5757
3 2676  9014  5760
3 1067  5757  9014
3 5760  9014  5757
3 420  5763  5766
3 1068  9016  5763
3 2676  5766  9016
3 5763  9016  5766
3 1067  9014  9012
3 2676  9016  9014
3 1068  9012  9016
3 9014  9016  9012
3 188  4456  4452
3 1912  11452  4456
3 1908  4452  11452
3 4456  11452  4452
3 837  8251  8249
3 2678  11463  8251
3 1912  8249  11463
3 8251  11463  8249
3 419  5758  5762
3 1908  11454  5758
3 2678  5762  11454
3 5758  11454  5762
3 1912  11463  11452
3 2678  11454  11463
3 1908  11452  11454
3 11463  11454  11452
3 190  4463  4467
3 1919  11484  4463
3 1923  4467  11484
3 4463  11484  4467
3 420  5768  5764
3 2680  11486  5768
3 1919  5764  11486
3 5768  11486  5764
3 837  8250  8252
3 1923  11497  8250
3 2680  8252  11497
3 8250  11497  8252
3 1919  11486  11484
3 2680  11497  11486
3 1923  11484  11497
3 11486  11497  11484
3 419  5762  5760
3 2678  12758  5762
3 2676  5760  12758
3 5762  12758  5760
3 837  8252  8251
3 2680  12760  8252
3 2678  8251  12760
3 8252  12760  8251
3 420  5766  5768
3 2676  12759  5766
3 2680  5768  12759
3 5766  12759  5768
3 2678  12760  12758
3 2680  12759  12760
3 2676  12758  12759
3 12760  12759  12758
3 37  3606  3605
3 1062  8994  3606
3 1061  3605  8994
3 3606  8994  3605
3 414  5730  5727
3 2658  8998  5730
3 1062  5727  8998
3 5730  8998  5727
3 413  5721  5724
3 1061  8996  5721
3 2658  5724  8996
3 5721  8996  5724
3 1062  8998  8994
3 2658  8996  8998
3 1061  8994  8996
3 8998  8996  8994
3 189  4461  4457
3 1917  11466  4461
3 1913  4457  11466
3 4461  11466  4457
3 836  8246  8244
3 2662  11479  8246
3 1917  8244  11479
3 8246  11479  8244
3 414  5728  5732
3 1913  11468  5728
3 2662  5732  11468
3 5728  11468  5732
3 1917  11479  11466
3 2662  11468  11479
3 1913  11466  11468
3 11479  11468  11466
3 188  4451  4455
3 1907  11448  4451
3 1911  4455  11448
3 4451  11448  4455
3 413  5726  5722
3 2660  11450  5726
3 1907  5722  11450
3 5726  11450  5722
3 836  8243  8245
3 1911  11461  8243
3 2660  8245  11461
3 8243  11461  8245
3 1907  11450  11448
3 2660  11461  11450
3 1911  11448  11461
3 11450  11461  11448
3 414  5732  5730
3 2662  12741  5732
3 2658  5730  12741
3 5732  12741  5730
3 836  8245  8246
3 2660  12742  8245
3 2662  8246  12742
3 8245  12742  8246
3 413  5724  5726
3 2658  12740  5724
3 2660  5726  12740
3 5724  12740  5726
3 2662  12742  12741
3 2660  12740  12742
3 2658  12741  12740
3 12742  12740  12741
3 40  3620  3619
3 1076  9034  3620
3 1075  3619  9034
3 3620  9034  3619
3 428  5810  5807
3 2698  9038  5810
3 1076  5807  9038
3 5810  9038  5807
3 427  5801  5804
3 1075  9036  5801
3 2698  5804  9036
3 5801  9036  5804
3 1076  9038  9034
3 2698  9036  9038
3 1075  9034  9036
3 9038  9036  9034
3 190  4468  4464
3 1924  11488  4468
3 1920  4464  11488
3 4468  11488  4464
3 838  8258  8256
3 2702  11499  8258
3 1924  8256  11499
3 8258  11499  8256
3 428  5808  5812
3 1920  11490  5808
3 2702  5812  11490
3 5808  11490  5812
3 1924  11499  11488
3 2702  11490  11499
3 1920  11488  11490
3 11499  11490  11488
3 189  4458  4462
3 1914  11470  4458
3 1918  4462  11470
3 4458  11470  4462
3 427  5806  5802
3 2700  11472  5806
3 1914  5802  11472
3 5806  11472  5802
3 838  8255  8257
3 1918  11481  8255
3 2700  8257  11481
3 8255  11481  8257
3 1914  11472  11470
3 2700  11481  11472
3 1918  11470  11481
3 11472  11481  11470
3 428  5812  5810
3 2702  12783  5812
3 2698  5810  12783
3 5812  12783  5810
3 838  8257  8258
3 2700  12784  8257
3 2702  8258  12784
3 8257  12784  8258
3 427  5804  5806
3 2698  12782  5804
3 2700  5806  12782
3 5804  12782  5806
3 2702  12784  12783
3 2700  12782  12784
3 2698  12783  12782
3 12784  12782  12783
3 188  4455  4456
3 1911  11460  4455
3 1912  4456  11460
3 4455  11460  4456
3 836  8247  8243
3 3380  11462  8247
3 1911  8243  11462
3 8247  11462  8243
3 837  8249  8253
3 1912  11464  8249
3 3380  8253  11464
3 8249  11464  8253
3 1911  11462  11460
3 3380  11464  11462
3 1912  11460  11464
3 11462  11464  11460
3 189  4462  4461
3 1918  11478  4462
3 1917  4461  11478
3 4462  11478  4461
3 838  8259  8255
3 3381  11482  8259
3 1918  8255  11482
3 8259  11482  8255
3 836  8244  8248
3 1917  11480  8244
3 3381  8248  11480
3 8244  11480  8248
3 1918  11482  11478
3 3381  11480  11482
3 1917  11478  11480
3 11482  11480  11478
3 190  4467  4468
3 1923  11496  4467
3 1924  4468  11496
3 4467  11496  4468
3 837  8254  8250
3 3382  11498  8254
3 1923  8250  11498
3 8254  11498  8250
3 838  8256  8260
3 1924  11500  8256
3 3382  8260  11500
3 8256  11500  8260
3 1923  11498  11496
3 3382  11500  11498
3 1924  11496  11500
3 11498  11500  11496
3 836  8248  8247
3 3381  13460  8248
3 3380  8247  13460
3 8248  13460  8247
3 838  8260  8259
3 3382  13462  8260
3 3381  8259  13462
3 8260  13462  8259
3 837  8253  8254
3 3380  13461  8253
3 3382  8254  13461
3 8253  13461  8254
3 3381  13462  13460
3 3382  13461  13462
3 3380  13460  13461
3 13462  13461  13460
3 17  3501  3497
3 957  8694  3501
3 953  3497  8694
3 3501  8694  3497
3 309  5131  5129
3 2358  8707  5131
3 957  5129  8707
3 5131  8707  5129
3 305  5105  5108
3 953  8696  5105
3 2358  5108  8696
3 5105  8696  5108
3 957  8707  8694
3 2358  8696  8707
3 953  8694  8696
3 8707  8696  8694
3 141  4171  4169
3 1627  10601  4171
3 1625  4169  10601
3 4171  10601  4169
3 750  7730  7728
3 2371  10610  7730
3 1627  7728  10610
3 7730  10610  7728
3 309  5130  5133
3 1625  10603  5130
3 2371  5133  10603
3 5130  10603  5133
3 1627  10610  10601
3 2371  10603  10610
3 1625  10601  10603
3 10610  10603  10601
3 137  4145  4148
3 1601  10530  4145
3 1604  4148  10530
3 4145  10530  4148
3 305  5110  5106
3 2360  10532  5110
3 1601  5106  10532
3 5110  10532  5106
3 750  7727  7729
3 1604  10541  7727
3 2360  7729  10541
3 7727  10541  7729
3 1601  10532  10530
3 2360  10541  10532
3 1604  10530  10541
3 10532  10541  10530
3 309  5133  5131
3 2371  12440  5133
3 2358  5131  12440
3 5133  12440  5131
3 750  7729  7730
3 2360  12442  7729
3 2371  7730  12442
3 7729  12442  7730
3 305  5108  5110
3 2358  12439  5108
3 2360  5110  12439
3 5108  12439  5110
3 2371  12442  12440
3 2360  12439  12442
3 2358  12440  12439
3 12442  12439  12440
3 61  3740  3738
3 1196  9381  3740
3 1194  3738  9381
3 3740  9381  3738
3 548  6517  6515
3 3045  9388  6517
3 1196  6515  9388
3 6517  9388  6515
3 546  6503  6505
3 1194  9383  6503
3 3045  6505  9383
3 6503  9383  6505
3 1196  9388  9381
3 3045  9383  9388
3 1194  9381  9383
3 9388  9383  9381
3 196  4502  4500
3 1958  11595  4502
3 1956  4500  11595
3 4502  11595  4500
3 763  7808  7806
3 3052  11602  7808
3 1958  7806  11602
3 7808  11602  7806
3 548  6516  6519
3 1956  11597  6516
3 3052  6519  11597
3 6516  11597  6519
3 1958  11602  11595
3 3052  11597  11602
3 1956  11595  11597
3 11602  11597  11595
3 141  4170  4173
3 1626  10605  4170
3 1629  4173  10605
3 4170  10605  4173
3 546  6507  6504
3 3047  10607  6507
3 1626  6504  10607
3 6507  10607  6504
3 763  7805  7807
3 1629  10615  7805
3 3047  7807  10615
3 7805  10615  7807
3 1626  10607  10605
3 3047  10615  10607
3 1629  10605  10615
3 10607  10615  10605
3 548  6519  6517
3 3052  13128  6519
3 3045  6517  13128
3 6519  13128  6517
3 763  7807  7808
3 3047  13131  7807
3 3052  7808  13131
3 7807  13131  7808
3 546  6505  6507
3 3045  13127  6505
3 3047  6507  13127
3 6505  13127  6507
3 3052  13131  13128
3 3047  13127  13131
3 3045  13128  13127
3 13131  13127  13128
3 41  3624  3628
3 1080  9049  3624
3 1084  3628  9049
3 3624  9049  3628
3 432  5834  5831
3 2713  9051  5834
3 1080  5831  9051
3 5834  9051  5831
3 436  5855  5857
3 1084  9060  5855
3 2713  5857  9060
3 5855  9060  5857
3 1080  9051  9049
3 2713  9060  9051
3 1084  9049  9060
3 9051  9060  9049
3 137  4150  4146
3 1606  10534  4150
3 1602  4146  10534
3 4150  10534  4146
3 752  7741  7739
3 2715  10545  7741
3 1606  7739  10545
3 7741  10545  7739
3 432  5832  5836
3 1602  10536  5832
3 2715  5836  10536
3 5832  10536  5836
3 1606  10545  10534
3 2715  10536  10545
3 1602  10534  10536
3 10545  10536  10534
3 196  4499  4501
3 1955  11591  4499
3 1957  4501  11591
3 4499  11591  4501
3 436  5859  5856
3 2724  11593  5859
3 1955  5856  11593
3 5859  11593  5856
3 752  7740  7742
3 1957  11600  7740
3 2724  7742  11600
3 7740  11600  7742
3 1955  11593  11591
3 2724  11600  11593
3 1957  11591  11600
3 11593  11600  11591
3 432  5836  5834
3 2715  12796  5836
3 2713  5834  12796
3 5836  12796  5834
3 752  7742  7741
3 2724  12799  7742
3 2715  7741  12799
3 7742  12799  7741
3 436  5857  5859
3 2713  12797  5857
3 2724  5859  12797
3 5857  12797  5859
3 2715  12799  12796
3 2724  12797  12799
3 2713  12796  12797
3 12799  12797  12796
3 141  4173  4171
3 1629  10609  4173
3 1627  4171  10609
3 4173  10609  4171
3 763  7809  7805
3 3296  10616  7809
3 1629  7805  10616
3 7809  10616  7805
3 750  7728  7732
3 1627  10611  7728
3 3296  7732  10611
3 7728  10611  7732
3 1629  10616  10609
3 3296  10611  10616
3 1627  10609  10611
3 10616  10611  10609
3 196  4501  4502
3 1957  11599  4501
3 1958  4502  11599
3 4501  11599  4502
3 752  7744  7740
3 3298  11601  7744
3 1957  7740  11601
3 7744  11601  7740
3 763  7806  7810
3 1958  11603  7806
3 3298  7810  11603
3 7806  11603  7810
3 1957  11601  11599
3 3298  11603  11601
3 1958  11599  11603
3 11601  11603  11599
3 137  4148  4150
3 1604  10540  4148
3 1606  4150  10540
3 4148  10540  4150
3 750  7731  7727
3 3295  10542  7731
3 1604  7727  10542
3 7731  10542  7727
3 752  7739  7743
3 1606  10546  7739
3 3295  7743  10546
3 7739  10546  7743
3 1604  10542  10540
3 3295  10546  10542
3 1606  10540  10546
3 10542  10546  10540
3 763  7810  7809
3 3298  13378  7810
3 3296  7809  13378
3 7810  13378  7809
3 752  7743  7744
3 3295  13377  7743
3 3298  7744  13377
3 7743  13377  7744
3 750  7732  7731
3 3296  13376  7732
3 3295  7731  13376
3 7732  13376  7731
3 3298  13377  13378
3 3295  13376  13377
3 3296  13378  13376
3 13377  13376  13378
3 16  3494  3496
3 950  8685  3494
3 952  3496  8685
3 3494  8685  3496
3 302  5090  5087
3 2349  8687  5090
3 950  5087  8687
3 5090  8687  5087
3 304  5099  5101
3 952  8691  5099
3 2349  5101  8691
3 5099  8691  5101
3 950  8687  8685
3 2349  8691  8687
3 952  8685  8691
3 8687  8691  8685
3 134  4130  4127
3 1586  10476  4130
3 1583  4127  10476
3 4130  10476  4127
3 741  7675  7673
3 2351  10487  7675
3 1586  7673  10487
3 7675  10487  7673
3 302  5088  5092
3 1583  10478  5088
3 2351  5092  10478
3 5088  10478  5092
3 1586  10487  10476
3 2351  10478  10487
3 1583  10476  10478
3 10487  10478  10476
3 136  4139  4141
3 1595  10511  4139
3 1597  4141  10511
3 4139  10511  4141
3 304  5103  5100
3 2355  10513  5103
3 1595  5100  10513
3 5103  10513  5100
3 741  7674  7676
3 1597  10520  7674
3 2355  7676  10520
3 7674  10520  7676
3 1595  10513  10511
3 2355  10520  10513
3 1597  10511  10520
3 10513  10520  10511
3 302  5092  5090
3 2351  12431  5092
3 2349  5090  12431
3 5092  12431  5090
3 741  7676  7675
3 2355  12433  7676
3 2351  7675  12433
3 7676  12433  7675
3 304  5101  5103
3 2349  12432  5101
3 2355  5103  12432
3 5101  12432  5103
3 2351  12433  12431
3 2355  12432  12433
3 2349  12431  12432
3 12433  12432  12431
3 40  3622  3618
3 1078  9031  3622
3 1074  3618  9031
3 3622  9031  3618
3 430  5821  5819
3 2695  9042  5821
3 1078  5819  9042
3 5821  9042  5819
3 426  5795  5798
3 1074  9033  5795
3 2695  5798  9033
3 5795  9033  5798
3 1078  9042  9031
3 2695  9033  9042
3 1074  9031  9033
3 9042  9033  9031
3 194  4489  4487
3 1945  11555  4489
3 1943  4487  11555
3 4489  11555  4487
3 743  7688  7686
3 2706  11564  7688
3 1945  7686  11564
3 7688  11564  7686
3 430  5820  5823
3 1943  11557  5820
3 2706  5823  11557
3 5820  11557  5823
3 1945  11564  11555
3 2706  11557  11564
3 1943  11555  11557
3 11564  11557  11555
3 134  4128  4132
3 1584  10480  4128
3 1588  4132  10480
3 4128  10480  4132
3 426  5800  5796
3 2697  10482  5800
3 1584  5796  10482
3 5800  10482  5796
3 743  7685  7687
3 1588  10491  7685
3 2697  7687  10491
3 7685  10491  7687
3 1584  10482  10480
3 2697  10491  10482
3 1588  10480  10491
3 10482  10491  10480
3 430  5823  5821
3 2706  12779  5823
3 2695  5821  12779
3 5823  12779  5821
3 743  7687  7688
3 2697  12781  7687
3 2706  7688  12781
3 7687  12781  7688
3 426  5798  5800
3 2695  12778  5798
3 2697  5800  12778
3 5798  12778  5800
3 2706  12781  12779
3 2697  12778  12781
3 2695  12779  12778
3 12781  12778  12779
3 61  3737  3739
3 1193  9377  3737
3 1195  3739  9377
3 3737  9377  3739
3 545  6499  6497
3 3041  9379  6499
3 1193  6497  9379
3 6499  9379  6497
3 547  6509  6511
3 1195  9386  6509
3 3041  6511  9386
3 6509  9386  6511
3 1193  9379  9377
3 3041  9386  9379
3 1195  9377  9386
3 9379  9386  9377
3 136  4143  4140
3 1599  10515  4143
3 1596  4140  10515
3 4143  10515  4140
3 747  7711  7709
3 3043  10525  7711
3 1599  7709  10525
3 7711  10525  7709
3 545  6498  6501
3 1596  10517  6498
3 3043  6501  10517
3 6498  10517  6501
3 1599  10525  10515
3 3043  10517  10525
3 1596  10515  10517
3 10525  10517  10515
3 194  4488  4490
3 1944  11559  4488
3 1946  4490  11559
3 4488  11559  4490
3 547  6513  6510
3 3050  11561  6513
3 1944  6510  11561
3 6513  11561  6510
3 747  7710  7712
3 1946  11566  7710
3 3050  7712  11566
3 7710  11566  7712
3 1944  11561  11559
3 3050  11566  11561
3 1946  11559  11566
3 11561  11566  11559
3 545  6501  6499
3 3043  13121  6501
3 3041  6499  13121
3 6501  13121  6499
3 747  7712  7711
3 3050  13125  7712
3 3043  7711  13125
3 7712  13125  7711
3 547  6511  6513
3 3041  13122  6511
3 3050  6513  13122
3 6511  13122  6513
3 3043  13125  13121
3 3050  13122  13125
3 3041  13121  13122
3 13125  13122  13121
3 134  4132  4130
3 1588  10486  4132
3 1586  4130  10486
3 4132  10486  4130
3 743  7689  7685
3 3287  10492  7689
3 1588  7685  10492
3 7689  10492  7685
3 741  7673  7677
3 1586  10488  7673
3 3287  7677  10488
3 7673  10488  7677
3 1588  10492  10486
3 3287  10488  10492
3 1586  10486  10488
3 10492  10488  10486
3 194  4490  4489
3 1946  11563  4490
3 1945  4489  11563
3 4490  11563  4489
3 747  7714  7710
3 3289  11567  7714
3 1946  7710  11567
3 7714  11567  7710
3 743  7686  7690
3 1945  11565  7686
3 3289  7690  11565
3 7686  11565  7690
3 1946  11567  11563
3 3289  11565  11567
3 1945  11563  11565
3 11567  11565  11563
3 136  4141  4143
3 1597  10519  4141
3 1599  4143  10519
3 4141  10519  4143
3 741  7678  7674
3 3288  10521  7678
3 1597  7674  10521
3 7678  10521  7674
3 747  7709  7713
3 1599  10526  7709
3 3288  7713  10526
3 7709  10526  7713
3 1597  10521  10519
3 3288  10526  10521
3 1599  10519  10526
3 10521  10526  10519
3 743  7690  7689
3 3289  13368  7690
3 3287  7689  13368
3 7690  13368  7689
3 747  7713  7714
3 3288  13369  7713
3 3289  7714  13369
3 7713  13369  7714
3 741  7677  7678
3 3287  13367  7677
3 3288  7678  13367
3 7677  13367  7678
3 3289  13369  13368
3 3288  13367  13369
3 3287  13368  13367
3 13369  13367  13368
3 7  3453  3452
3 909  8571  3453
3 908  3452  8571
3 3453  8571  3452
3 261  4860  4857
3 2235  8575  4860
3 909  4857  8575
3 4860  8575  4857
3 260  4851  4854
3 908  8573  4851
3 2235  4854  8573
3 4851  8573  4854
3 909  8575  8571
3 2235  8573  8575
3 908  8571  8573
3 8575  8573  8571
3 93  3900  3897
3 1356  9810  3900
3 1353  3897  9810
3 3900  9810  3897
3 627  6992  6990
3 2239  9821  6992
3 1356  6990  9821
3 6992  9821  6990
3 261  4858  4862
3 1353  9812  4858
3 2239  4862  9812
3 4858  9812  4862
3 1356  9821  9810
3 2239  9812  9821
3 1353  9810  9812
3 9821  9812  9810
3 92  3891  3894
3 1347  9792  3891
3 1350  3894  9792
3 3891  9792  3894
3 260  4856  4852
3 2237  9794  4856
3 1347  4852  9794
3 4856  9794  4852
3 627  6989  6991
3 1350  9803  6989
3 2237  6991  9803
3 6989  9803  6991
3 1347  9794  9792
3 2237  9803  9794
3 1350  9792  9803
3 9794  9803  9792
3 261  4862  4860
3 2239  12318  4862
3 2235  4860  12318
3 4862  12318  4860
3 627  6991  6992
3 2237  12319  6991
3 2239  6992  12319
3 6991  12319  6992
3 260  4854  4856
3 2235  12317  4854
3 2237  4856  12317
3 4854  12317  4856
3 2239  12319  12318
3 2237  12317  12319
3 2235  12318  12317
3 12319  12317  12318
3 41  3626  3623
3 1082  9045  3626
3 1079  3623  9045
3 3626  9045  3623
3 434  5845  5843
3 2709  9056  5845
3 1082  5843  9056
3 5845  9056  5843
3 431  5825  5828
3 1079  9047  5825
3 2709  5828  9047
3 5825  9047  5828
3 1082  9056  9045
3 2709  9047  9056
3 1079  9045  9047
3 9056  9047  9045
3 193  4484  4482
3 1940  11541  4484
3 1938  4482  11541
3 4484  11541  4482
3 631  7016  7014
3 2720  11548  7016
3 1940  7014  11548
3 7016  11548  7014
3 434  5844  5847
3 1938  11543  5844
3 2720  5847  11543
3 5844  11543  5847
3 1940  11548  11541
3 2720  11543  11548
3 1938  11541  11543
3 11548  11543  11541
3 93  3898  3902
3 1354  9814  3898
3 1358  3902  9814
3 3898  9814  3902
3 431  5830  5826
3 2711  9816  5830
3 1354  5826  9816
3 5830  9816  5826
3 631  7013  7015
3 1358  9825  7013
3 2711  7015  9825
3 7013  9825  7015
3 1354  9816  9814
3 2711  9825  9816
3 1358  9814  9825
3 9816  9825  9814
3 434  5847  5845
3 2720  12791  5847
3 2709  5845  12791
3 5847  12791  5845
3 631  7015  7016
3 2711  12793  7015
3 2720  7016  12793
3 7015  12793  7016
3 431  5828  5830
3 2709  12790  5828
3 2711  5830  12790
3 5828  12790  5830
3 2720  12793  12791
3 2711  12790  12793
3 2709  12791  12790
3 12793  12790  12791
3 40  3617  3621
3 1073  9027  3617
3 1077  3621  9027
3 3617  9027  3621
3 425  5792  5789
3 2691  9029  5792
3 1073  5789  9029
3 5792  9029  5789
3 429  5813  5815
3 1077  9040  5813
3 2691  5815  9040
3 5813  9040  5815
3 1073  9029  9027
3 2691  9040  9029
3 1077  9027  9040
3 9029  9040  9027
3 92  3896  3892
3 1352  9796  3896
3 1348  3892  9796
3 3896  9796  3892
3 629  7003  7001
3 2693  9807  7003
3 1352  7001  9807
3 7003  9807  7001
3 425  5790  5794
3 1348  9798  5790
3 2693  5794  9798
3 5790  9798  5794
3 1352  9807  9796
3 2693  9798  9807
3 1348  9796  9798
3 9807  9798  9796
3 193  4481  4483
3 1937  11537  4481
3 1939  4483  11537
3 4481  11537  4483
3 429  5817  5814
3 2704  11539  5817
3 1937  5814  11539
3 5817  11539  5814
3 629  7002  7004
3 1939  11546  7002
3 2704  7004  11546
3 7002  11546  7004
3 1937  11539  11537
3 2704  11546  11539
3 1939  11537  11546
3 11539  11546  11537
3 425  5794  5792
3 2693  12772  5794
3 2691  5792  12772
3 5794  12772  5792
3 629  7004  7003
3 2704  12775  7004
3 2693  7003  12775
3 7004  12775  7003
3 429  5815  5817
3 2691  12773  5815
3 2704  5817  12773
3 5815  12773  5817
3 2693  12775  12772
3 2704  12773  12775
3 2691  12772  12773
3 12775  12773  12772
3 93  3902  3900
3 1358  9820  3902
3 1356  3900  9820
3 3902  9820  3900
3 631  7017  7013
3 3174  9826  7017
3 1358  7013  9826
3 7017  9826  7013
3 627  6990  6994
3 1356  9822  6990
3 3174  6994  9822
3 6990  9822  6994
3 1358  9826  9820
3 3174  9822  9826
3 1356  9820  9822
3 9826  9822  9820
3 193  4483  4484
3 1939  11545  4483
3 1940  4484  11545
3 4483  11545  4484
3 629  7006  7002
3 3175  11547  7006
3 1939  7002  11547
3 7006  11547  7002
3 631  7014  7018
3 1940  11549  7014
3 3175  7018  11549
3 7014  11549  7018
3 1939  11547  11545
3 3175  11549  11547
3 1940  11545  11549
3 11547  11549  11545
3 92  3894  3896
3 1350  9802  3894
3 1352  3896  9802
3 3894  9802  3896
3 627  6993  6989
3 3173  9804  6993
3 1350  6989  9804
3 6993  9804  6989
3 629  7001  7005
3 1352  9808  7001
3 3173  7005  9808
3 7001  9808  7005
3 1350  9804  9802
3 3173  9808  9804
3 1352  9802  9808
3 9804  9808  9802
3 631  7018  7017
3 3175  13255  7018
3 3174  7017  13255
3 7018  13255  7017
3 629  7005  7006
3 3173  13254  7005
3 3175  7006  13254
3 7005  13254  7006
3 627  6994  6993
3 3174  13253  6994
3 3173  6993  13253
3 6994  13253  6993
3 3175  13254  13255
3 3173  13253  13254
3 3174  13255  13253
3 13254  13253  13255
3 61  3739  3740
3 1195  9385  3739
3 1196  3740  9385
3 3739  9385  3740
3 547  6512  6509
3 3049  9387  6512
3 1195  6509  9387
3 6512  9387  6509
3 548  6515  6518
3 1196  9389  6515
3 3049  6518  9389
3 6515  9389  6518
3 1195  9387  9385
3 3049  9389  9387
3 1196  9385  9389
3 9387  9389  9385
3 194  4492  4488
3 1948  11560  4492
3 1944  4488  11560
3 4492  11560  4488
3 844  8293  8291
3 3051  11571  8293
3 1948  8291  11571
3 8293  11571  8291
3 547  6510  6514
3 1944  11562  6510
3 3051  6514  11562
3 6510  11562  6514
3 1948  11571  11560
3 3051  11562  11571
3 1944  11560  11562
3 11571  11562  11560
3 196  4500  4504
3 1956  11596  4500
3 1960  4504  11596
3 4500  11596  4504
3 548  6520  6516
3 3053  11598  6520
3 1956  6516  11598
3 6520  11598  6516
3 844  8292  8294
3 1960  11607  8292
3 3053  8294  11607
3 8292  11607  8294
3 1956  11598  11596
3 3053  11607  11598
3 1960  11596  11607
3 11598  11607  11596
3 547  6514  6512
3 3051  13133  6514
3 3049  6512  13133
3 6514  13133  6512
3 844  8294  8293
3 3053  13135  8294
3 3051  8293  13135
3 8294  13135  8293
3 548  6518  6520
3 3049  13134  6518
3 3053  6520  13134
3 6518  13134  6520
3 3051  13135  13133
3 3053  13134  13135
3 3049  13133  13134
3 13135  13134  13133
3 40  3621  3622
3 1077  9039  3621
3 1078  3622  9039
3 3621  9039  3622
3 429  5816  5813
3 2703  9041  5816
3 1077  5813  9041
3 5816  9041  5813
3 430  5819  5822
3 1078  9043  5819
3 2703  5822  9043
3 5819  9043  5822
3 1077  9041  9039
3 2703  9043  9041
3 1078  9039  9043
3 9041  9043  9039
3 193  4485  4481
3 1941  11538  4485
3 1937  4481  11538
3 4485  11538  4481
3 842  8281  8279
3 2705  11551  8281
3 1941  8279  11551
3 8281  11551  8279
3 429  5814  5818
3 1937  11540  5814
3 2705  5818  11540
3 5814  11540  5818
3 1941  11551  11538
3 2705  11540  11551
3 1937  11538  11540
3 11551  11540  11538
3 194  4487  4491
3 1943  11556  4487
3 1947  4491  11556
3 4487  11556  4491
3 430  5824  5820
3 2707  11558  5824
3 1943  5820  11558
3 5824  11558  5820
3 842  8280  8282
3 1947  11569  8280
3 2707  8282  11569
3 8280  11569  8282
3 1943  11558  11556
3 2707  11569  11558
3 1947  11556  11569
3 11558  11569  11556
3 429  5818  5816
3 2705  12785  5818
3 2703  5816  12785
3 5818  12785  5816
3 842  8282  8281
3 2707  12787  8282
3 2705  8281  12787
3 8282  12787  8281
3 430  5822  5824
3 2703  12786  5822
3 2707  5824  12786
3 5822  12786  5824
3 2705  12787  12785
3 2707  12786  12787
3 2703  12785  12786
3 12787  12786  12785
3 41  3628  3626
3 1084  9055  3628
3 1082  3626  9055
3 3628  9055  3626
3 436  5858  5855
3 2719  9061  5858
3 1084  5855  9061
3 5858  9061  5855
3 434  5843  5846
3 1082  9057  5843
3 2719  5846  9057
3 5843  9057  5846
3 1084  9061  9055
3 2719  9057  9061
3 1082  9055  9057
3 9061  9057  9055
3 196  4503  4499
3 1959  11592  4503
3 1955  4499  11592
3 4503  11592  4499
3 843  8288  8286
3 2725  11605  8288
3 1959  8286  11605
3 8288  11605  8286
3 436  5856  5860
3 1955  11594  5856
3 2725  5860  11594
3 5856  11594  5860
3 1959  11605  11592
3 2725  11594  11605
3 1955  11592  11594
3 11605  11594  11592
3 193  4482  4486
3 1938  11542  4482
3 1942  4486  11542
3 4482  11542  4486
3 434  5848  5844
3 2721  11544  5848
3 1938  5844  11544
3 5848  11544  5844
3 843  8285  8287
3 1942  11553  8285
3 2721  8287  11553
3 8285  11553  8287
3 1938  11544  11542
3 2721  11553  11544
3 1942  11542  11553
3 11544  11553  11542
3 436  5860  5858
3 2725  12804  5860
3 2719  5858  12804
3 5860  12804  5858
3 843  8287  8288
3 2721  12805  8287
3 2725  8288  12805
3 8287  12805  8288
3 434  5846  5848
3 2719  12803  5846
3 2721  5848  12803
3 5846  12803  5848
3 2725  12805  12804
3 2721  12803  12805
3 2719  12804  12803
3 12805  12803  12804
3 194  4491  4492
3 1947  11568  4491
3 1948  4492  11568
3 4491  11568  4492
3 842  8284  8280
3 3387  11570  8284
3 1947  8280  11570
3 8284  11570  8280
3 844  8291  8295
3 1948  11572  8291
3 3387  8295  11572
3 8291  11572  8295
3 1947  11570  11568
3 3387  11572  11570
3 1948  11568  11572
3 11570  11572  11568
3 193  4486  4485
3 1942  11550  4486
3 1941  4485  11550
3 4486  11550  4485
3 843  8289  8285
3 3386  11554  8289
3 1942  8285  11554
3 8289  11554  8285
3 842  8279  8283
3 1941  11552  8279
3 3386  8283  11552
3 8279  11552  8283
3 1942  11554  11550
3 3386  11552  11554
3 1941  11550  11552
3 11554  11552  11550
3 196  4504  4503
3 1960  11604  4504
3 1959  4503  11604
3 4504  11604  4503
3 844  8296  8292
3 3388  11608  8296
3 1960  8292  11608
3 8296  11608  8292
3 843  8286  8290
3 1959  11606  8286
3 3388  8290  11606
3 8286  11606  8290
3 1960  11608  11604
3 3388  11606  11608
3 1959  11604  11606
3 11608  11606  11604
3 842  8283  8284
3 3386  13466  8283
3 3387  8284  13466
3 8283  13466  8284
3 843  8290  8289
3 3388  13467  8290
3 3386  8289  13467
3 8290  13467  8289
3 844  8295  8296
3 3387  13468  8295
3 3388  8296  13468
3 8295  13468  8296
3 3386  13467  13466
3 3388  13468  13467
3 3387  13466  13468
3 13467  13468  13466
3 17  3497  3498
3 953  8693  3497
3 954  3498  8693
3 3497  8693  3498
3 305  5107  5105
3 2357  8695  5107
3 953  5105  8695
3 5107  8695  5105
3 306  5111  5113
3 954  8698  5111
3 2357  5113  8698
3 5111  8698  5113
3 953  8695  8693
3 2357  8698  8695
3 954  8693  8698
3 8695  8698  8693
3 137  4147  4145
3 1603  10529  4147
3 1601  4145  10529
3 4147  10529  4145
3 749  7723  7721
3 2359  10538  7723
3 1603  7721  10538
3 7723  10538  7721
3 305  5106  5109
3 1601  10531  5106
3 2359  5109  10531
3 5106  10531  5109
3 1603  10538  10529
3 2359  10531  10538
3 1601  10529  10531
3 10538  10531  10529
3 138  4151  4153
3 1607  10547  4151
3 1609  4153  10547
3 4151  10547  4153
3 306  5115  5112
3 2362  10549  5115
3 1607  5112  10549
3 5115  10549  5112
3 749  7722  7724
3 1609  10556  7722
3 2362  7724  10556
3 7722  10556  7724
3 1607  10549  10547
3 2362  10556  10549
3 1609  10547  10556
3 10549  10556  10547
3 305  5109  5107
3 2359  12437  5109
3 2357  5107  12437
3 5109  12437  5107
3 749  7724  7723
3 2362  12441  7724
3 2359  7723  12441
3 7724  12441  7723
3 306  5113  5115
3 2357  12438  5113
3 2362  5115  12438
3 5113  12438  5115
3 2359  12441  12437
3 2362  12438  12441
3 2357  12437  12438
3 12441  12438  12437
3 41  3627  3624
3 1083  9048  3627
3 1080  3624  9048
3 3627  9048  3624
3 435  5851  5849
3 2712  9058  5851
3 1083  5849  9058
3 5851  9058  5849
3 432  5831  5833
3 1080  9050  5831
3 2712  5833  9050
3 5831  9050  5833
3 1083  9058  9048
3 2712  9050  9058
3 1080  9048  9050
3 9058  9050  9048
3 195  4495  4493
3 1951  11573  4495
3 1949  4493  11573
3 4495  11573  4493
3 751  7736  7734
3 2722  11582  7736
3 1951  7734  11582
3 7736  11582  7734
3 435  5850  5853
3 1949  11575  5850
3 2722  5853  11575
3 5850  11575  5853
3 1951  11582  11573
3 2722  11575  11582
3 1949  11573  11575
3 11582  11575  11573
3 137  4146  4149
3 1602  10533  4146
3 1605  4149  10533
3 4146  10533  4149
3 432  5835  5832
3 2714  10535  5835
3 1602  5832  10535
3 5835  10535  5832
3 751  7733  7735
3 1605  10543  7733
3 2714  7735  10543
3 7733  10543  7735
3 1602  10535  10533
3 2714  10543  10535
3 1605  10533  10543
3 10535  10543  10533
3 435  5853  5851
3 2722  12795  5853
3 2712  5851  12795
3 5853  12795  5851
3 751  7735  7736
3 2714  12798  7735
3 2722  7736  12798
3 7735  12798  7736
3 432  5833  5835
3 2712  12794  5833
3 2714  5835  12794
3 5833  12794  5835
3 2722  12798  12795
3 2714  12794  12798
3 2712  12795  12794
3 12798  12794  12795
3 43  3634  3636
3 1090  9075  3634
3 1092  3636  9075
3 3634  9075  3636
3 442  5889  5887
3 2739  9077  5889
3 1090  5887  9077
3 5889  9077  5887
3 444  5899  5901
3 1092  9082  5899
3 2739  5901  9082
3 5899  9082  5901
3 1090  9077  9075
3 2739  9082  9077
3 1092  9075  9082
3 9077  9082  9075
3 138  4155  4152
3 1611  10551  4155
3 1608  4152  10551
3 4155  10551  4152
3 754  7753  7751
3 2741  10561  7753
3 1611  7751  10561
3 7753  10561  7751
3 442  5888  5891
3 1608  10553  5888
3 2741  5891  10553
3 5888  10553  5891
3 1611  10561  10551
3 2741  10553  10561
3 1608  10551  10553
3 10561  10553  10551
3 195  4494  4496
3 1950  11577  4494
3 1952  4496  11577
3 4494  11577  4496
3 444  5903  5900
3 2746  11579  5903
3 1950  5900  11579
3 5903  11579  5900
3 754  7752  7754
3 1952  11584  7752
3 2746  7754  11584
3 7752  11584  7754
3 1950  11579  11577
3 2746  11584  11579
3 1952  11577  11584
3 11579  11584  11577
3 442  5891  5889
3 2741  12821  5891
3 2739  5889  12821
3 5891  12821  5889
3 754  7754  7753
3 2746  12825  7754
3 2741  7753  12825
3 7754  12825  7753
3 444  5901  5903
3 2739  12822  5901
3 2746  5903  12822
3 5901  12822  5903
3 2741  12825  12821
3 2746  12822  12825
3 2739  12821  12822
3 12825  12822  12821
3 137  4149  4147
3 1605  10537  4149
3 1603  4147  10537
3 4149  10537  4147
3 751  7737  7733
3 3293  10544  7737
3 1605  7733  10544
3 7737  10544  7733
3 749  7721  7725
3 1603  10539  7721
3 3293  7725  10539
3 7721  10539  7725
3 1605  10544  10537
3 3293  10539  10544
3 1603  10537  10539
3 10544  10539  10537
3 195  4496  4495
3 1952  11581  4496
3 1951  4495  11581
3 4496  11581  4495
3 754  7756  7752
3 3297  11585  7756
3 1952  7752  11585
3 7756  11585  7752
3 751  7734  7738
3 1951  11583  7734
3 3297  7738  11583
3 7734  11583  7738
3 1952  11585  11581
3 3297  11583  11585
3 1951  11581  11583
3 11585  11583  11581
3 138  4153  4155
3 1609  10555  4153
3 1611  4155  10555
3 4153  10555  4155
3 749  7726  7722
3 3294  10557  7726
3 1609  7722  10557
3 7726  10557  7722
3 754  7751  7755
3 1611  10562  7751
3 3294  7755  10562
3 7751  10562  7755
3 1609  10557  10555
3 3294  10562  10557
3 1611  10555  10562
3 10557  10562  10555
3 751  7738  7737
3 3297  13374  7738
3 3293  7737  13374
3 7738  13374  7737
3 754  7755  7756
3 3294  13375  7755
3 3297  7756  13375
3 7755  13375  7756
3 749  7725  7726
3 3293  13373  7725
3 3294  7726  13373
3 7725  13373  7726
3 3297  13375  13374
3 3294  13373  13375
3 3293  13374  13373
3 13375  13373  13374
3 7  3451  3453
3 907  8569  3451
3 909  3453  8569
3 3451  8569  3453
3 259  4849  4847
3 2233  8570  4849
3 907  4847  8570
3 4849  8570  4847
3 261  4857  4859
3 909  8574  4857
3 2233  4859  8574
3 4857  8574  4859
3 907  8570  8569
3 2233  8574  8570
3 909  8569  8574
3 8570  8574  8569
3 91  3889  3887
3 1345  9782  3889
3 1343  3887  9782
3 3889  9782  3887
3 625  6979  6977
3 2234  9787  6979
3 1345  6977  9787
3 6979  9787  6977
3 259  4848  4850
3 1343  9783  4848
3 2234  4850  9783
3 4848  9783  4850
3 1345  9787  9782
3 2234  9783  9787
3 1343  9782  9783
3 9787  9783  9782
3 93  3897  3899
3 1353  9809  3897
3 1355  3899  9809
3 3897  9809  3899
3 261  4861  4858
3 2238  9811  4861
3 1353  4858  9811
3 4861  9811  4858
3 625  6978  6980
3 1355  9818  6978
3 2238  6980  9818
3 6978  9818  6980
3 1353  9811  9809
3 2238  9818  9811
3 1355  9809  9818
3 9811  9818  9809
3 259  4850  4849
3 2234  12314  4850
3 2233  4849  12314
3 4850  12314  4849
3 625  6980  6979
3 2238  12316  6980
3 2234  6979  12316
3 6980  12316  6979
3 261  4859  4861
3 2233  12315  4859
3 2238  4861  12315
3 4859  12315  4861
3 2234  12316  12314
3 2238  12315  12316
3 2233  12314  12315
3 12316  12315  12314
3 39  3615  3613
3 1071  9017  3615
3 1069  3613  9017
3 3615  9017  3613
3 423  5779  5777
3 2681  9022  5779
3 1071  5777  9022
3 5779  9022  5777
3 421  5769  5771
3 1069  9018  5769
3 2681  5771  9018
3 5769  9018  5771
3 1071  9022  9017
3 2681  9018  9022
3 1069  9017  9018
3 9022  9018  9017
3 191  4471  4469
3 1927  11501  4471
3 1925  4469  11501
3 4471  11501  4469
3 626  6986  6984
3 2686  11510  6986
3 1927  6984  11510
3 6986  11510  6984
3 423  5778  5781
3 1925  11503  5778
3 2686  5781  11503
3 5778  11503  5781
3 1927  11510  11501
3 2686  11503  11510
3 1925  11501  11503
3 11510  11503  11501
3 91  3888  3890
3 1344  9784  3888
3 1346  3890  9784
3 3888  9784  3890
3 421  5772  5770
3 2682  9785  5772
3 1344  5770  9785
3 5772  9785  5770
3 626  6983  6985
3 1346  9789  6983
3 2682  6985  9789
3 6983  9789  6985
3 1344  9785  9784
3 2682  9789  9785
3 1346  9784  9789
3 9785  9789  9784
3 423  5781  5779
3 2686  12762  5781
3 2681  5779  12762
3 5781  12762  5779
3 626  6985  6986
3 2682  12763  6985
3 2686  6986  12763
3 6985  12763  6986
3 421  5771  5772
3 2681  12761  5771
3 2682  5772  12761
3 5771  12761  5772
3 2686  12763  12762
3 2682  12761  12763
3 2681  12762  12761
3 12763  12761  12762
3 41  3623  3625
3 1079  9044  3623
3 1081  3625  9044
3 3623  9044  3625
3 431  5827  5825
3 2708  9046  5827
3 1079  5825  9046
3 5827  9046  5825
3 433  5837  5839
3 1081  9053  5837
3 2708  5839  9053
3 5837  9053  5839
3 1079  9046  9044
3 2708  9053  9046
3 1081  9044  9053
3 9046  9053  9044
3 93  3901  3898
3 1357  9813  3901
3 1354  3898  9813
3 3901  9813  3898
3 630  7009  7007
3 2710  9823  7009
3 1357  7007  9823
3 7009  9823  7007
3 431  5826  5829
3 1354  9815  5826
3 2710  5829  9815
3 5826  9815  5829
3 1357  9823  9813
3 2710  9815  9823
3 1354  9813  9815
3 9823  9815  9813
3 191  4470  4472
3 1926  11505  4470
3 1928  4472  11505
3 4470  11505  4472
3 433  5841  5838
3 2717  11507  5841
3 1926  5838  11507
3 5841  11507  5838
3 630  7008  7010
3 1928  11512  7008
3 2717  7010  11512
3 7008  11512  7010
3 1926  11507  11505
3 2717  11512  11507
3 1928  11505  11512
3 11507  11512  11505
3 431  5829  5827
3 2710  12788  5829
3 2708  5827  12788
3 5829  12788  5827
3 630  7010  7009
3 2717  12792  7010
3 2710  7009  12792
3 7010  12792  7009
3 433  5839  5841
3 2708  12789  5839
3 2717  5841  12789
3 5839  12789  5841
3 2710  12792  12788
3 2717  12789  12792
3 2708  12788  12789
3 12792  12789  12788
3 91  3890  3889
3 1346  9786  3890
3 1345  3889  9786
3 3890  9786  3889
3 626  6987  6983
3 3170  9790  6987
3 1346  6983  9790
3 6987  9790  6983
3 625  6977  6981
3 1345  9788  6977
3 3170  6981  9788
3 6977  9788  6981
3 1346  9790  9786
3 3170  9788  9790
3 1345  9786  9788
3 9790  9788  9786
3 191  4472  4471
3 1928  11509  4472
3 1927  4471  11509
3 4472  11509  4471
3 630  7012  7008
3 3172  11513  7012
3 1928  7008  11513
3 7012  11513  7008
3 626  6984  6988
3 1927  11511  6984
3 3172  6988  11511
3 6984  11511  6988
3 1928  11513  11509
3 3172  11511  11513
3 1927  11509  11511
3 11513  11511  11509
3 93  3899  3901
3 1355  9817  3899
3 1357  3901  9817
3 3899  9817  3901
3 625  6982  6978
3 3171  9819  6982
3 1355  6978  9819
3 6982  9819  6978
3 630  7007  7011
3 1357  9824  7007
3 3171  7011  9824
3 7007  9824  7011
3 1355  9819  9817
3 3171  9824  9819
3 1357  9817  9824
3 9819  9824  9817
3 626  6988  6987
3 3172  13251  6988
3 3170  6987  13251
3 6988  13251  6987
3 630  7011  7012
3 3171  13252  7011
3 3172  7012  13252
3 7011  13252  7012
3 625  6981  6982
3 3170  13250  6981
3 3171  6982  13250
3 6981  13250  6982
3 3172  13252  13251
3 3171  13250  13252
3 3170  13251  13250
3 13252  13250  13251
3 8  3456  3454
3 912  8576  3456
3 910  3454  8576
3 3456  8576  3454
3 264  4873  4871
3 2240  8581  4873
3 912  4871  8581
3 4873  8581  4871
3 262  4863  4865
3 910  8577  4863
3 2240  4865  8577
3 4863  8577  4865
3 912  8581  8576
3 2240  8577  8581
3 910  8576  8577
3 8581  8577  8576
3 96  3913  3911
3 1369  9845  3913
3 1367  3911  9845
3 3913  9845  3911
3 632  7022  7020
3 2245  9854  7022
3 1369  7020  9854
3 7022  9854  7020
3 264  4872  4875
3 1367  9847  4872
3 2245  4875  9847
3 4872  9847  4875
3 1369  9854  9845
3 2245  9847  9854
3 1367  9845  9847
3 9854  9847  9845
3 94  3903  3905
3 1359  9827  3903
3 1361  3905  9827
3 3903  9827  3905
3 262  4866  4864
3 2241  9828  4866
3 1359  4864  9828
3 4866  9828  4864
3 632  7019  7021
3 1361  9832  7019
3 2241  7021  9832
3 7019  9832  7021
3 1359  9828  9827
3 2241  9832  9828
3 1361  9827  9832
3 9828  9832  9827
3 264  4875  4873
3 2245  12321  4875
3 2240  4873  12321
3 4875  12321  4873
3 632  7021  7022
3 2241  12322  7021
3 2245  7022  12322
3 7021  12322  7022
3 262  4865  4866
3 2240  12320  4865
3 2241  4866  12320
3 4865  12320  4866
3 2245  12322  12321
3 2241  12320  12322
3 2240  12321  12320
3 12322  12320  12321
3 43  3635  3633
3 1091  9071  3635
3 1089  3633  9071
3 3635  9071  3633
3 443  5895  5893
3 2735  9080  5895
3 1091  5893  9080
3 5895  9080  5893
3 441  5881  5883
3 1089  9073  5881
3 2735  5883  9073
3 5881  9073  5883
3 1091  9080  9071
3 2735  9073  9080
3 1089  9071  9073
3 9080  9073  9071
3 192  4478  4476
3 1934  11523  4478
3 1932  4476  11523
3 4478  11523  4476
3 637  7052  7050
3 2744  11530  7052
3 1934  7050  11530
3 7052  11530  7050
3 443  5894  5897
3 1932  11525  5894
3 2744  5897  11525
3 5894  11525  5897
3 1934  11530  11523
3 2744  11525  11530
3 1932  11523  11525
3 11530  11525  11523
3 96  3912  3915
3 1368  9849  3912
3 1371  3915  9849
3 3912  9849  3915
3 441  5885  5882
3 2737  9851  5885
3 1368  5882  9851
3 5885  9851  5882
3 637  7049  7051
3 1371  9859  7049
3 2737  7051  9859
3 7049  9859  7051
3 1368  9851  9849
3 2737  9859  9851
3 1371  9849  9859
3 9851  9859  9849
3 443  5897  5895
3 2744  12816  5897
3 2735  5895  12816
3 5897  12816  5895
3 637  7051  7052
3 2737  12819  7051
3 2744  7052  12819
3 7051  12819  7052
3 441  5883  5885
3 2735  12815  5883
3 2737  5885  12815
3 5883  12815  5885
3 2744  12819  12816
3 2737  12815  12819
3 2735  12816  12815
3 12819  12815  12816
3 39  3614  3616
3 1070  9019  3614
3 1072  3616  9019
3 3614  9019  3616
3 422  5775  5773
3 2683  9020  5775
3 1070  5773  9020
3 5775  9020  5773
3 424  5783  5785
3 1072  9024  5783
3 2683  5785  9024
3 5783  9024  5785
3 1070  9020  9019
3 2683  9024  9020
3 1072  9019  9024
3 9020  9024  9019
3 94  3906  3904
3 1362  9829  3906
3 1360  3904  9829
3 3906  9829  3904
3 633  7027  7025
3 2684  9834  7027
3 1362  7025  9834
3 7027  9834  7025
3 422  5774  5776
3 1360  9830  5774
3 2684  5776  9830
3 5774  9830  5776
3 1362  9834  9829
3 2684  9830  9834
3 1360  9829  9830
3 9834  9830  9829
3 192  4475  4477
3 1931  11519  4475
3 1933  4477  11519
3 4475  11519  4477
3 424  5787  5784
3 2688  11521  5787
3 1931  5784  11521
3 5787  11521  5784
3 633  7026  7028
3 1933  11528  7026
3 2688  7028  11528
3 7026  11528  7028
3 1931  11521  11519
3 2688  11528  11521
3 1933  11519  11528
3 11521  11528  11519
3 422  5776  5775
3 2684  12764  5776
3 2683  5775  12764
3 5776  12764  5775
3 633  7028  7027
3 2688  12766  7028
3 2684  7027  12766
3 7028  12766  7027
3 424  5785  5787
3 2683  12765  5785
3 2688  5787  12765
3 5785  12765  5787
3 2684  12766  12764
3 2688  12765  12766
3 2683  12764  12765
3 12766  12765  12764
3 96  3915  3913
3 1371  9853  3915
3 1369  3913  9853
3 3915  9853  3913
3 637  7053  7049
3 3177  9860  7053
3 1371  7049  9860
3 7053  9860  7049
3 632  7020  7024
3 1369  9855  7020
3 3177  7024  9855
3 7020  9855  7024
3 1371  9860  9853
3 3177  9855  9860
3 1369  9853  9855
3 9860  9855  9853
3 192  4477  4478
3 1933  11527  4477
3 1934  4478  11527
3 4477  11527  4478
3 633  7030  7026
3 3178  11529  7030
3 1933  7026  11529
3 7030  11529  7026
3 637  7050  7054
3 1934  11531  7050
3 3178  7054  11531
3 7050  11531  7054
3 1933  11529  11527
3 3178  11531  11529
3 1934  11527  11531
3 11529  11531  11527
3 94  3905  3906
3 1361  9831  3905
3 1362  3906  9831
3 3905  9831  3906
3 632  7023  7019
3 3176  9833  7023
3 1361  7019  9833
3 7023  9833  7019
3 633  7025  7029
3 1362  9835  7025
3 3176  7029  9835
3 7025  9835  7029
3 1361  9833  9831
3 3176  9835  9833
3 1362  9831  9835
3 9833  9835  9831
3 637  7054  7053
3 3178  13258  7054
3 3177  7053  13258
3 7054  13258  7053
3 633  7029  7030
3 3176  13257  7029
3 3178  7030  13257
3 7029  13257  7030
3 632  7024  7023
3 3177  13256  7024
3 3176  7023  13256
3 7024  13256  7023
3 3178  13257  13258
3 3176  13256  13257
3 3177  13258  13256
3 13257  13256  13258
3 41  3625  3627
3 1081  9052  3625
3 1083  3627  9052
3 3625  9052  3627
3 433  5840  5837
3 2716  9054  5840
3 1081  5837  9054
3 5840  9054  5837
3 435  5849  5852
3 1083  9059  5849
3 2716  5852  9059
3 5849  9059  5852
3 1081  9054  9052
3 2716  9059  9054
3 1083  9052  9059
3 9054  9059  9052
3 191  4474  4470
3 1930  11506  4474
3 1926  4470  11506
3 4474  11506  4470
3 840  8269  8267
3 2718  11517  8269
3 1930  8267  11517
3 8269  11517  8267
3 433  5838  5842
3 1926  11508  5838
3 2718  5842  11508
3 5838  11508  5842
3 1930  11517  11506
3 2718  11508  11517
3 1926  11506  11508
3 11517  11508  11506
3 195  4493  4497
3 1949  11574  4493
3 1953  4497  11574
3 4493  11574  4497
3 435  5854  5850
3 2723  11576  5854
3 1949  5850  11576
3 5854  11576  5850
3 840  8268  8270
3 1953  11587  8268
3 2723  8270  11587
3 8268  11587  8270
3 1949  11576  11574
3 2723  11587  11576
3 1953  11574  11587
3 11576  11587  11574
3 433  5842  5840
3 2718  12800  5842
3 2716  5840  12800
3 5842  12800  5840
3 840  8270  8269
3 2723  12802  8270
3 2718  8269  12802
3 8270  12802  8269
3 435  5852  5854
3 2716  12801  5852
3 2723  5854  12801
3 5852  12801  5854
3 2718  12802  12800
3 2723  12801  12802
3 2716  12800  12801
3 12802  12801  12800
3 39  3616  3615
3 1072  9021  3616
3 1071  3615  9021
3 3616  9021  3615
3 424  5786  5783
3 2685  9025  5786
3 1072  5783  9025
3 5786  9025  5783
3 423  5777  5780
3 1071  9023  5777
3 2685  5780  9023
3 5777  9023  5780
3 1072  9025  9021
3 2685  9023  9025
3 1071  9021  9023
3 9025  9023  9021
3 192  4479  4475
3 1935  11520  4479
3 1931  4475  11520
3 4479  11520  4475
3 839  8264  8262
3 2689  11533  8264
3 1935  8262  11533
3 8264  11533  8262
3 424  5784  5788
3 1931  11522  5784
3 2689  5788  11522
3 5784  11522  5788
3 1935  11533  11520
3 2689  11522  11533
3 1931  11520  11522
3 11533  11522  11520
3 191  4469  4473
3 1925  11502  4469
3 1929  4473  11502
3 4469  11502  4473
3 423  5782  5778
3 2687  11504  5782
3 1925  5778  11504
3 5782  11504  5778
3 839  8261  8263
3 1929  11515  8261
3 2687  8263  11515
3 8261  11515  8263
3 1925  11504  11502
3 2687  11515  11504
3 1929  11502  11515
3 11504  11515  11502
3 424  5788  5786
3 2689  12768  5788
3 2685  5786  12768
3 5788  12768  5786
3 839  8263  8264
3 2687  12769  8263
3 2689  8264  12769
3 8263  12769  8264
3 423  5780  5782
3 2685  12767  5780
3 2687  5782  12767
3 5780  12767  5782
3 2689  12769  12768
3 2687  12767  12769
3 2685  12768  12767
3 12769  12767  12768
3 43  3636  3635
3 1092  9079  3636
3 1091  3635  9079
3 3636  9079  3635
3 444  5902  5899
3 2743  9083  5902
3 1092  5899  9083
3 5902  9083  5899
3 443  5893  5896
3 1091  9081  5893
3 2743  5896  9081
3 5893  9081  5896
3 1092  9083  9079
3 2743  9081  9083
3 1091  9079  9081
3 9083  9081  9079
3 195  4498  4494
3 1954  11578  4498
3 1950  4494  11578
3 4498  11578  4494
3 841  8276  8274
3 2747  11589  8276
3 1954  8274  11589
3 8276  11589  8274
3 444  5900  5904
3 1950  11580  5900
3 2747  5904  11580
3 5900  11580  5904
3 1954  11589  11578
3 2747  11580  11589
3 1950  11578  11580
3 11589  11580  11578
3 192  4476  4480
3 1932  11524  4476
3 1936  4480  11524
3 4476  11524  4480
3 443  5898  5894
3 2745  11526  5898
3 1932  5894  11526
3 5898  11526  5894
3 841  8273  8275
3 1936  11535  8273
3 2745  8275  11535
3 8273  11535  8275
3 1932  11526  11524
3 2745  11535  11526
3 1936  11524  11535
3 11526  11535  11524
3 444  5904  5902
3 2747  12828  5904
3 2743  5902  12828
3 5904  12828  5902
3 841  8275  8276
3 2745  12829  8275
3 2747  8276  12829
3 8275  12829  8276
3 443  5896  5898
3 2743  12827  5896
3 2745  5898  12827
3 5896  12827  5898
3 2747  12829  12828
3 2745  12827  12829
3 2743  12828  12827
3 12829  12827  12828
3 191  4473  4474
3 1929  11514  4473
3 1930  4474  11514
3 4473  11514  4474
3 839  8265  8261
3 3383  11516  8265
3 1929  8261  11516
3 8265  11516  8261
3 840  8267  8271
3 1930  11518  8267
3 3383  8271  11518
3 8267  11518  8271
3 1929  11516  11514
3 3383  11518  11516
3 1930  11514  11518
3 11516  11518  11514
3 192  4480  4479
3 1936  11532  4480
3 1935  4479  11532
3 4480  11532  4479
3 841  8277  8273
3 3384  11536  8277
3 1936  8273  11536
3 8277  11536  8273
3 839  8262  8266
3 1935  11534  8262
3 3384  8266  11534
3 8262  11534  8266
3 1936  11536  11532
3 3384  11534  11536
3 1935  11532  11534
3 11536  11534  11532
3 195  4497  4498
3 1953  11586  4497
3 1954  4498  11586
3 4497  11586  4498
3 840  8272  8268
3 3385  11588  8272
3 1953  8268  11588
3 8272  11588  8268
3 841  8274  8278
3 1954  11590  8274
3 3385  8278  11590
3 8274  11590  8278
3 1953  11588  11586
3 3385  11590  11588
3 1954  11586  11590
3 11588  11590  11586
3 839  8266  8265
3 3384  13463  8266
3 3383  8265  13463
3 8266  13463  8265
3 841  8278  8277
3 3385  13465  8278
3 3384  8277  13465
3 8278  13465  8277
3 840  8271  8272
3 3383  13464  8271
3 3385  8272  13464
3 8271  13464  8272
3 3384  13465  13463
3 3385  13464  13465
3 3383  13463  13464
3 13465  13464  13463
3 17  3498  3502
3 954  8697  3498
3 958  3502  8697
3 3498  8697  3502
3 306  5114  5111
3 2361  8699  5114
3 954  5111  8699
3 5114  8699  5111
3 310  5135  5137
3 958  8710  5135
3 2361  5137  8710
3 5135  8710  5137
3 954  8699  8697
3 2361  8710  8699
3 958  8697  8710
3 8699  8710  8697
3 138  4154  4151
3 1610  10548  4154
3 1607  4151  10548
3 4154  10548  4151
3 753  7747  7745
3 2363  10559  7747
3 1610  7745  10559
3 7747  10559  7745
3 306  5112  5116
3 1607  10550  5112
3 2363  5116  10550
3 5112  10550  5116
3 1610  10559  10548
3 2363  10550  10559
3 1607  10548  10550
3 10559  10550  10548
3 142  4175  4177
3 1631  10619  4175
3 1633  4177  10619
3 4175  10619  4177
3 310  5139  5136
3 2374  10621  5139
3 1631  5136  10621
3 5139  10621  5136
3 753  7746  7748
3 1633  10628  7746
3 2374  7748  10628
3 7746  10628  7748
3 1631  10621  10619
3 2374  10628  10621
3 1633  10619  10628
3 10621  10628  10619
3 306  5116  5114
3 2363  12443  5116
3 2361  5114  12443
3 5116  12443  5114
3 753  7748  7747
3 2374  12445  7748
3 2363  7747  12445
3 7748  12445  7747
3 310  5137  5139
3 2361  12444  5137
3 2374  5139  12444
3 5137  12444  5139
3 2363  12445  12443
3 2374  12444  12445
3 2361  12443  12444
3 12445  12444  12443
3 43  3638  3634
3 1094  9076  3638
3 1090  3634  9076
3 3638  9076  3634
3 446  5913  5911
3 2740  9087  5913
3 1094  5911  9087
3 5913  9087  5911
3 442  5887  5890
3 1090  9078  5887
3 2740  5890  9078
3 5887  9078  5890
3 1094  9087  9076
3 2740  9078  9087
3 1090  9076  9078
3 9087  9078  9076
3 200  4525  4523
3 1981  11663  4525
3 1979  4523  11663
3 4525  11663  4523
3 755  7760  7758
3 2751  11672  7760
3 1981  7758  11672
3 7760  11672  7758
3 446  5912  5915
3 1979  11665  5912
3 2751  5915  11665
3 5912  11665  5915
3 1981  11672  11663
3 2751  11665  11672
3 1979  11663  11665
3 11672  11665  11663
3 138  4152  4156
3 1608  10552  4152
3 1612  4156  10552
3 4152  10552  4156
3 442  5892  5888
3 2742  10554  5892
3 1608  5888  10554
3 5892  10554  5888
3 755  7757  7759
3 1612  10563  7757
3 2742  7759  10563
3 7757  10563  7759
3 1608  10554  10552
3 2742  10563  10554
3 1612  10552  10563
3 10554  10563  10552
3 446  5915  5913
3 2751  12824  5915
3 2740  5913  12824
3 5915  12824  5913
3 755  7759  7760
3 2742  12826  7759
3 2751  7760  12826
3 7759  12826  7760
3 442  5890  5892
3 2740  12823  5890
3 2742  5892  12823
3 5890  12823  5892
3 2751  12826  12824
3 2742  12823  12826
3 2740  12824  12823
3 12826  12823  12824
3 62  3743  3745
3 1199  9395  3743
3 1201  3745  9395
3 3743  9395  3745
3 551  6535  6533
3 3059  9397  6535
3 1199  6533  9397
3 6535  9397  6533
3 553  6545  6547
3 1201  9404  6545
3 3059  6547  9404
3 6545  9404  6547
3 1199  9397  9395
3 3059  9404  9397
3 1201  9395  9404
3 9397  9404  9395
3 142  4179  4176
3 1635  10623  4179
3 1632  4176  10623
3 4179  10623  4176
3 766  7825  7823
3 3061  10633  7825
3 1635  7823  10633
3 7825  10633  7823
3 551  6534  6537
3 1632  10625  6534
3 3061  6537  10625
3 6534  10625  6537
3 1635  10633  10623
3 3061  10625  10633
3 1632  10623  10625
3 10633  10625  10623
3 200  4524  4526
3 1980  11667  4524
3 1982  4526  11667
3 4524  11667  4526
3 553  6549  6546
3 3068  11669  6549
3 1980  6546  11669
3 6549  11669  6546
3 766  7824  7826
3 1982  11674  7824
3 3068  7826  11674
3 7824  11674  7826
3 1980  11669  11667
3 3068  11674  11669
3 1982  11667  11674
3 11669  11674  11667
3 551  6537  6535
3 3061  13139  6537
3 3059  6535  13139
3 6537  13139  6535
3 766  7826  7825
3 3068  13143  7826
3 3061  7825  13143
3 7826  13143  7825
3 553  6547  6549
3 3059  13140  6547
3 3068  6549  13140
3 6547  13140  6549
3 3061  13143  13139
3 3068  13140  13143
3 3059  13139  13140
3 13143  13140  13139
3 138  4156  4154
3 1612  10558  4156
3 1610  4154  10558
3 4156  10558  4154
3 755  7761  7757
3 3299  10564  7761
3 1612  7757  10564
3 7761  10564  7757
3 753  7745  7749
3 1610  10560  7745
3 3299  7749  10560
3 7745  10560  7749
3 1612  10564  10558
3 3299  10560  10564
3 1610  10558  10560
3 10564  10560  10558
3 200  4526  4525
3 1982  11671  4526
3 1981  4525  11671
3 4526  11671  4525
3 766  7828  7824
3 3301  11675  7828
3 1982  7824  11675
3 7828  11675  7824
3 755  7758  7762
3 1981  11673  7758
3 3301  7762  11673
3 7758  11673  7762
3 1982  11675  11671
3 3301  11673  11675
3 1981  11671  11673
3 11675  11673  11671
3 142  4177  4179
3 1633  10627  4177
3 1635  4179  10627
3 4177  10627  4179
3 753  7750  7746
3 3300  10629  7750
3 1633  7746  10629
3 7750  10629  7746
3 766  7823  7827
3 1635  10634  7823
3 3300  7827  10634
3 7823  10634  7827
3 1633  10629  10627
3 3300  10634  10629
3 1635  10627  10634
3 10629  10634  10627
3 755  7762  7761
3 3301  13380  7762
3 3299  7761  13380
3 7762  13380  7761
3 766  7827  7828
3 3300  13381  7827
3 3301  7828  13381
3 7827  13381  7828
3 753  7749  7750
3 3299  13379  7749
3 3300  7750  13379
3 7749  13379  7750
3 3301  13381  13380
3 3300  13379  13381
3 3299  13380  13379
3 13381  13379  13380
3 8  3457  3456
3 913  8580  3457
3 912  3456  8580
3 3457  8580  3456
3 265  4880  4877
3 2244  8584  4880
3 913  4877  8584
3 4880  8584  4877
3 264  4871  4874
3 912  8582  4871
3 2244  4874  8582
3 4871  8582  4874
3 913  8584  8580
3 2244  8582  8584
3 912  8580  8582
3 8584  8582  8580
3 97  3920  3917
3 1376  9864  3920
3 1373  3917  9864
3 3920  9864  3917
3 636  7046  7044
3 2248  9875  7046
3 1376  7044  9875
3 7046  9875  7044
3 265  4878  4882
3 1373  9866  4878
3 2248  4882  9866
3 4878  9866  4882
3 1376  9875  9864
3 2248  9866  9875
3 1373  9864  9866
3 9875  9866  9864
3 96  3911  3914
3 1367  9846  3911
3 1370  3914  9846
3 3911  9846  3914
3 264  4876  4872
3 2246  9848  4876
3 1367  4872  9848
3 4876  9848  4872
3 636  7043  7045
3 1370  9857  7043
3 2246  7045  9857
3 7043  9857  7045
3 1367  9848  9846
3 2246  9857  9848
3 1370  9846  9857
3 9848  9857  9846
3 265  4882  4880
3 2248  12327  4882
3 2244  4880  12327
3 4882  12327  4880
3 636  7045  7046
3 2246  12328  7045
3 2248  7046  12328
3 7045  12328  7046
3 264  4874  4876
3 2244  12326  4874
3 2246  4876  12326
3 4874  12326  4876
3 2248  12328  12327
3 2246  12326  12328
3 2244  12327  12326
3 12328  12326  12327
3 44  3642  3639
3 1098  9090  3642
3 1095  3639  9090
3 3642  9090  3639
3 450  5937  5935
3 2754  9101  5937
3 1098  5935  9101
3 5937  9101  5935
3 447  5917  5920
3 1095  9092  5917
3 2754  5920  9092
3 5917  9092  5920
3 1098  9101  9090
3 2754  9092  9101
3 1095  9090  9092
3 9101  9092  9090
3 199  4520  4518
3 1976  11649  4520
3 1974  4518  11649
3 4520  11649  4518
3 640  7070  7068
3 2765  11656  7070
3 1976  7068  11656
3 7070  11656  7068
3 450  5936  5939
3 1974  11651  5936
3 2765  5939  11651
3 5936  11651  5939
3 1976  11656  11649
3 2765  11651  11656
3 1974  11649  11651
3 11656  11651  11649
3 97  3918  3922
3 1374  9868  3918
3 1378  3922  9868
3 3918  9868  3922
3 447  5922  5918
3 2756  9870  5922
3 1374  5918  9870
3 5922  9870  5918
3 640  7067  7069
3 1378  9879  7067
3 2756  7069  9879
3 7067  9879  7069
3 1374  9870  9868
3 2756  9879  9870
3 1378  9868  9879
3 9870  9879  9868
3 450  5939  5937
3 2765  12836  5939
3 2754  5937  12836
3 5939  12836  5937
3 640  7069  7070
3 2756  12838  7069
3 2765  7070  12838
3 7069  12838  7070
3 447  5920  5922
3 2754  12835  5920
3 2756  5922  12835
3 5920  12835  5922
3 2765  12838  12836
3 2756  12835  12838
3 2754  12836  12835
3 12838  12835  12836
3 43  3633  3637
3 1089  9072  3633
3 1093  3637  9072
3 3633  9072  3637
3 441  5884  5881
3 2736  9074  5884
3 1089  5881  9074
3 5884  9074  5881
3 445  5905  5907
3 1093  9085  5905
3 2736  5907  9085
3 5905  9085  5907
3 1089  9074  9072
3 2736  9085  9074
3 1093  9072  9085
3 9074  9085  9072
3 96  3916  3912
3 1372  9850  3916
3 1368  3912  9850
3 3916  9850  3912
3 638  7057  7055
3 2738  9861  7057
3 1372  7055  9861
3 7057  9861  7055
3 441  5882  5886
3 1368  9852  5882
3 2738  5886  9852
3 5882  9852  5886
3 1372  9861  9850
3 2738  9852  9861
3 1368  9850  9852
3 9861  9852  9850
3 199  4517  4519
3 1973  11645  4517
3 1975  4519  11645
3 4517  11645  4519
3 445  5909  5906
3 2749  11647  5909
3 1973  5906  11647
3 5909  11647  5906
3 638  7056  7058
3 1975  11654  7056
3 2749  7058  11654
3 7056  11654  7058
3 1973  11647  11645
3 2749  11654  11647
3 1975  11645  11654
3 11647  11654  11645
3 441  5886  5884
3 2738  12817  5886
3 2736  5884  12817
3 5886  12817  5884
3 638  7058  7057
3 2749  12820  7058
3 2738  7057  12820
3 7058  12820  7057
3 445  5907  5909
3 2736  12818  5907
3 2749  5909  12818
3 5907  12818  5909
3 2738  12820  12817
3 2749  12818  12820
3 2736  12817  12818
3 12820  12818  12817
3 97  3922  3920
3 1378  9874  3922
3 1376  3920  9874
3 3922  9874  3920
3 640  7071  7067
3 3183  9880  7071
3 1378  7067  9880
3 7071  9880  7067
3 636  7044  7048
3 1376  9876  7044
3 3183  7048  9876
3 7044  9876  7048
3 1378  9880  9874
3 3183  9876  9880
3 1376  9874  9876
3 9880  9876  9874
3 199  4519  4520
3 1975  11653  4519
3 1976  4520  11653
3 4519  11653  4520
3 638  7060  7056
3 3184  11655  7060
3 1975  7056  11655
3 7060  11655  7056
3 640  7068  7072
3 1976  11657  7068
3 3184  7072  11657
3 7068  11657  7072
3 1975  11655  11653
3 3184  11657  11655
3 1976  11653  11657
3 11655  11657  11653
3 96  3914  3916
3 1370  9856  3914
3 1372  3916  9856
3 3914  9856  3916
3 636  7047  7043
3 3182  9858  7047
3 1370  7043  9858
3 7047  9858  7043
3 638  7055  7059
3 1372  9862  7055
3 3182  7059  9862
3 7055  9862  7059
3 1370  9858  9856
3 3182  9862  9858
3 1372  9856  9862
3 9858  9862  9856
3 640  7072  7071
3 3184  13264  7072
3 3183  7071  13264
3 7072  13264  7071
3 638  7059  7060
3 3182  13263  7059
3 3184  7060  13263
3 7059  13263  7060
3 636  7048  7047
3 3183  13262  7048
3 3182  7047  13262
3 7048  13262  7047
3 3184  13263  13264
3 3182  13262  13263
3 3183  13264  13262
3 13263  13262  13264
3 18  3507  3504
3 963  8715  3507
3 960  3504  8715
3 3507  8715  3504
3 315  5167  5165
3 2379  8725  5167
3 963  5165  8725
3 5167  8725  5165
3 312  5147  5150
3 960  8717  5147
3 2379  5150  8717
3 5147  8717  5150
3 963  8725  8715
3 2379  8717  8725
3 960  8715  8717
3 8725  8717  8715
3 147  4207  4205
3 1663  10709  4207
3 1661  4205  10709
3 4207  10709  4205
3 771  7856  7854
3 2389  10718  7856
3 1663  7854  10718
3 7856  10718  7854
3 315  5166  5169
3 1661  10711  5166
3 2389  5169  10711
3 5166  10711  5169
3 1663  10718  10709
3 2389  10711  10718
3 1661  10709  10711
3 10718  10711  10709
3 144  4187  4190
3 1643  10656  4187
3 1646  4190  10656
3 4187  10656  4190
3 312  5152  5148
3 2381  10658  5152
3 1643  5148  10658
3 5152  10658  5148
3 771  7853  7855
3 1646  10667  7853
3 2381  7855  10667
3 7853  10667  7855
3 1643  10658  10656
3 2381  10667  10658
3 1646  10656  10667
3 10658  10667  10656
3 315  5169  5167
3 2389  12461  5169
3 2379  5167  12461
3 5169  12461  5167
3 771  7855  7856
3 2381  12463  7855
3 2389  7856  12463
3 7855  12463  7856
3 312  5150  5152
3 2379  12460  5150
3 2381  5152  12460
3 5150  12460  5152
3 2389  12463  12461
3 2381  12460  12463
3 2379  12461  12460
3 12463  12460  12461
3 62  3746  3744
3 1202  9399  3746
3 1200  3744  9399
3 3746  9399  3744
3 554  6553  6551
3 3063  9406  6553
3 1202  6551  9406
3 6553  9406  6551
3 552  6539  6541
3 1200  9401  6539
3 3063  6541  9401
3 6539  9401  6541
3 1202  9406  9399
3 3063  9401  9406
3 1200  9399  9401
3 9406  9401  9399
3 202  4538  4536
3 1994  11703  4538
3 1992  4536  11703
3 4538  11703  4536
3 781  7916  7914
3 3070  11710  7916
3 1994  7914  11710
3 7916  11710  7914
3 554  6552  6555
3 1992  11705  6552
3 3070  6555  11705
3 6552  11705  6555
3 1994  11710  11703
3 3070  11705  11710
3 1992  11703  11705
3 11710  11705  11703
3 147  4206  4209
3 1662  10713  4206
3 1665  4209  10713
3 4206  10713  4209
3 552  6543  6540
3 3065  10715  6543
3 1662  6540  10715
3 6543  10715  6540
3 781  7913  7915
3 1665  10723  7913
3 3065  7915  10723
3 7913  10723  7915
3 1662  10715  10713
3 3065  10723  10715
3 1665  10713  10723
3 10715  10723  10713
3 554  6555  6553
3 3070  13146  6555
3 3063  6553  13146
3 6555  13146  6553
3 781  7915  7916
3 3065  13149  7915
3 3070  7916  13149
3 7915  13149  7916
3 552  6541  6543
3 3063  13145  6541
3 3065  6543  13145
3 6541  13145  6543
3 3070  13149  13146
3 3065  13145  13149
3 3063  13146  13145
3 13149  13145  13146
3 44  3640  3644
3 1096  9094  3640
3 1100  3644  9094
3 3640  9094  3644
3 448  5926  5923
3 2758  9096  5926
3 1096  5923  9096
3 5926  9096  5923
3 452  5947  5949
3 1100  9105  5947
3 2758  5949  9105
3 5947  9105  5949
3 1096  9096  9094
3 2758  9105  9096
3 1100  9094  9105
3 9096  9105  9094
3 144  4192  4188
3 1648  10660  4192
3 1644  4188  10660
3 4192  10660  4188
3 773  7867  7865
3 2760  10671  7867
3 1648  7865  10671
3 7867  10671  7865
3 448  5924  5928
3 1644  10662  5924
3 2760  5928  10662
3 5924  10662  5928
3 1648  10671  10660
3 2760  10662  10671
3 1644  10660  10662
3 10671  10662  10660
3 202  4535  4537
3 1991  11699  4535
3 1993  4537  11699
3 4535  11699  4537
3 452  5951  5948
3 2769  11701  5951
3 1991  5948  11701
3 5951  11701  5948
3 773  7866  7868
3 1993  11708  7866
3 2769  7868  11708
3 7866  11708  7868
3 1991  11701  11699
3 2769  11708  11701
3 1993  11699  11708
3 11701  11708  11699
3 448  5928  5926
3 2760  12841  5928
3 2758  5926  12841
3 5928  12841  5926
3 773  7868  7867
3 2769  12844  7868
3 2760  7867  12844
3 7868  12844  7867
3 452  5949  5951
3 2758  12842  5949
3 2769  5951  12842
3 5949  12842  5951
3 2760  12844  12841
3 2769  12842  12844
3 2758  12841  12842
3 12844  12842  12841
3 147  4209  4207
3 1665  10717  4209
3 1663  4207  10717
3 4209  10717  4207
3 781  7917  7913
3 3317  10724  7917
3 1665  7913  10724
3 7917  10724  7913
3 771  7854  7858
3 1663  10719  7854
3 3317  7858  10719
3 7854  10719  7858
3 1665  10724  10717
3 3317  10719  10724
3 1663  10717  10719
3 10724  10719  10717
3 202  4537  4538
3 1993  11707  4537
3 1994  4538  11707
3 4537  11707  4538
3 773  7870  7866
3 3319  11709  7870
3 1993  7866  11709
3 7870  11709  7866
3 781  7914  7918
3 1994  11711  7914
3 3319  7918  11711
3 7914  11711  7918
3 1993  11709  11707
3 3319  11711  11709
3 1994  11707  11711
3 11709  11711  11707
3 144  4190  4192
3 1646  10666  4190
3 1648  4192  10666
3 4190  10666  4192
3 771  7857  7853
3 3316  10668  7857
3 1646  7853  10668
3 7857  10668  7853
3 773  7865  7869
3 1648  10672  7865
3 3316  7869  10672
3 7865  10672  7869
3 1646  10668  10666
3 3316  10672  10668
3 1648  10666  10672
3 10668  10672  10666
3 781  7918  7917
3 3319  13399  7918
3 3317  7917  13399
3 7918  13399  7917
3 773  7869  7870
3 3316  13398  7869
3 3319  7870  13398
3 7869  13398  7870
3 771  7858  7857
3 3317  13397  7858
3 3316  7857  13397
3 7858  13397  7857
3 3319  13398  13399
3 3316  13397  13398
3 3317  13399  13397
3 13398  13397  13399
3 43  3637  3638
3 1093  9084  3637
3 1094  3638  9084
3 3637  9084  3638
3 445  5908  5905
3 2748  9086  5908
3 1093  5905  9086
3 5908  9086  5905
3 446  5911  5914
3 1094  9088  5911
3 2748  5914  9088
3 5911  9088  5914
3 1093  9086  9084
3 2748  9088  9086
3 1094  9084  9088
3 9086  9088  9084
3 199  4521  4517
3 1977  11646  4521
3 1973  4517  11646
3 4521  11646  4517
3 848  8317  8315
3 2750  11659  8317
3 1977  8315  11659
3 8317  11659  8315
3 445  5906  5910
3 1973  11648  5906
3 2750  5910  11648
3 5906  11648  5910
3 1977  11659  11646
3 2750  11648  11659
3 1973  11646  11648
3 11659  11648  11646
3 200  4523  4527
3 1979  11664  4523
3 1983  4527  11664
3 4523  11664  4527
3 446  5916  5912
3 2752  11666  5916
3 1979  5912  11666
3 5916  11666  5912
3 848  8316  8318
3 1983  11677  8316
3 2752  8318  11677
3 8316  11677  8318
3 1979  11666  11664
3 2752  11677  11666
3 1983  11664  11677
3 11666  11677  11664
3 445  5910  5908
3 2750  12830  5910
3 2748  5908  12830
3 5910  12830  5908
3 848  8318  8317
3 2752  12832  8318
3 2750  8317  12832
3 8318  12832  8317
3 446  5914  5916
3 2748  12831  5914
3 2752  5916  12831
3 5914  12831  5916
3 2750  12832  12830
3 2752  12831  12832
3 2748  12830  12831
3 12832  12831  12830
3 44  3644  3642
3 1100  9100  3644
3 1098  3642  9100
3 3644  9100  3642
3 452  5950  5947
3 2764  9106  5950
3 1100  5947  9106
3 5950  9106  5947
3 450  5935  5938
3 1098  9102  5935
3 2764  5938  9102
3 5935  9102  5938
3 1100  9106  9100
3 2764  9102  9106
3 1098  9100  9102
3 9106  9102  9100
3 202  4539  4535
3 1995  11700  4539
3 1991  4535  11700
3 4539  11700  4535
3 849  8324  8322
3 2770  11713  8324
3 1995  8322  11713
3 8324  11713  8322
3 452  5948  5952
3 1991  11702  5948
3 2770  5952  11702
3 5948  11702  5952
3 1995  11713  11700
3 2770  11702  11713
3 1991  11700  11702
3 11713  11702  11700
3 199  4518  4522
3 1974  11650  4518
3 1978  4522  11650
3 4518  11650  4522
3 450  5940  5936
3 2766  11652  5940
3 1974  5936  11652
3 5940  11652  5936
3 849  8321  8323
3 1978  11661  8321
3 2766  8323  11661
3 8321  11661  8323
3 1974  11652  11650
3 2766  11661  11652
3 1978  11650  11661
3 11652  11661  11650
3 452  5952  5950
3 2770  12849  5952
3 2764  5950  12849
3 5952  12849  5950
3 849  8323  8324
3 2766  12850  8323
3 2770  8324  12850
3 8323  12850  8324
3 450  5938  5940
3 2764  12848  5938
3 2766  5940  12848
3 5938  12848  5940
3 2770  12850  12849
3 2766  12848  12850
3 2764  12849  12848
3 12850  12848  12849
3 62  3745  3746
3 1201  9403  3745
3 1202  3746  9403
3 3745  9403  3746
3 553  6548  6545
3 3067  9405  6548
3 1201  6545  9405
3 6548  9405  6545
3 554  6551  6554
3 1202  9407  6551
3 3067  6554  9407
3 6551  9407  6554
3 1201  9405  9403
3 3067  9407  9405
3 1202  9403  9407
3 9405  9407  9403
3 200  4528  4524
3 1984  11668  4528
3 1980  4524  11668
3 4528  11668  4524
3 850  8329  8327
3 3069  11679  8329
3 1984  8327  11679
3 8329  11679  8327
3 553  6546  6550
3 1980  11670  6546
3 3069  6550  11670
3 6546  11670  6550
3 1984  11679  11668
3 3069  11670  11679
3 1980  11668  11670
3 11679  11670  11668
3 202  4536  4540
3 1992  11704  4536
3 1996  4540  11704
3 4536  11704  4540
3 554  6556  6552
3 3071  11706  6556
3 1992  6552  11706
3 6556  11706  6552
3 850  8328  8330
3 1996  11715  8328
3 3071  8330  11715
3 8328  11715  8330
3 1992  11706  11704
3 3071  11715  11706
3 1996  11704  11715
3 11706  11715  11704
3 553  6550  6548
3 3069  13151  6550
3 3067  6548  13151
3 6550  13151  6548
3 850  8330  8329
3 3071  13153  8330
3 3069  8329  13153
3 8330  13153  8329
3 554  6554  6556
3 3067  13152  6554
3 3071  6556  13152
3 6554  13152  6556
3 3069  13153  13151
3 3071  13152  13153
3 3067  13151  13152
3 13153  13152  13151
3 199  4522  4521
3 1978  11658  4522
3 1977  4521  11658
3 4522  11658  4521
3 849  8325  8321
3 3392  11662  8325
3 1978  8321  11662
3 8325  11662  8321
3 848  8315  8319
3 1977  11660  8315
3 3392  8319  11660
3 8315  11660  8319
3 1978  11662  11658
3 3392  11660  11662
3 1977  11658  11660
3 11662  11660  11658
3 202  4540  4539
3 1996  11712  4540
3 1995  4539  11712
3 4540  11712  4539
3 850  8332  8328
3 3394  11716  8332
3 1996  8328  11716
3 8332  11716  8328
3 849  8322  8326
3 1995  11714  8322
3 3394  8326  11714
3 8322  11714  8326
3 1996  11716  11712
3 3394  11714  11716
3 1995  11712  11714
3 11716  11714  11712
3 200  4527  4528
3 1983  11676  4527
3 1984  4528  11676
3 4527  11676  4528
3 848  8320  8316
3 3393  11678  8320
3 1983  8316  11678
3 8320  11678  8316
3 850  8327  8331
3 1984  11680  8327
3 3393  8331  11680
3 8327  11680  8331
3 1983  11678  11676
3 3393  11680  11678
3 1984  11676  11680
3 11678  11680  11676
3 849  8326  8325
3 3394  13473  8326
3 3392  8325  13473
3 8326  13473  8325
3 850  8331  8332
3 3393  13474  8331
3 3394  8332  13474
3 8331  13474  8332
3 848  8319  8320
3 3392  13472  8319
3 3393  8320  13472
3 8319  13472  8320
3 3394  13474  13473
3 3393  13472  13474
3 3392  13473  13472
3 13474  13472  13473
3 18  3504  3505
3 960  8714  3504
3 961  3505  8714
3 3504  8714  3505
3 312  5149  5147
3 2378  8716  5149
3 960  5147  8716
3 5149  8716  5147
3 313  5153  5155
3 961  8719  5153
3 2378  5155  8719
3 5153  8719  5155
3 960  8716  8714
3 2378  8719  8716
3 961  8714  8719
3 8716  8719  8714
3 144  4189  4187
3 1645  10655  4189
3 1643  4187  10655
3 4189  10655  4187
3 770  7849  7847
3 2380  10664  7849
3 1645  7847  10664
3 7849  10664  7847
3 312  5148  5151
3 1643  10657  5148
3 2380  5151  10657
3 5148  10657  5151
3 1645  10664  10655
3 2380  10657  10664
3 1643  10655  10657
3 10664  10657  10655
3 145  4193  4195
3 1649  10673  4193
3 1651  4195  10673
3 4193  10673  4195
3 313  5157  5154
3 2383  10675  5157
3 1649  5154  10675
3 5157  10675  5154
3 770  7848  7850
3 1651  10682  7848
3 2383  7850  10682
3 7848  10682  7850
3 1649  10675  10673
3 2383  10682  10675
3 1651  10673  10682
3 10675  10682  10673
3 312  5151  5149
3 2380  12458  5151
3 2378  5149  12458
3 5151  12458  5149
3 770  7850  7849
3 2383  12462  7850
3 2380  7849  12462
3 7850  12462  7849
3 313  5155  5157
3 2378  12459  5155
3 2383  5157  12459
3 5155  12459  5157
3 2380  12462  12458
3 2383  12459  12462
3 2378  12458  12459
3 12462  12459  12458
3 44  3643  3640
3 1099  9093  3643
3 1096  3640  9093
3 3643  9093  3640
3 451  5943  5941
3 2757  9103  5943
3 1099  5941  9103
3 5943  9103  5941
3 448  5923  5925
3 1096  9095  5923
3 2757  5925  9095
3 5923  9095  5925
3 1099  9103  9093
3 2757  9095  9103
3 1096  9093  9095
3 9103  9095  9093
3 201  4531  4529
3 1987  11681  4531
3 1985  4529  11681
3 4531  11681  4529
3 772  7862  7860
3 2767  11690  7862
3 1987  7860  11690
3 7862  11690  7860
3 451  5942  5945
3 1985  11683  5942
3 2767  5945  11683
3 5942  11683  5945
3 1987  11690  11681
3 2767  11683  11690
3 1985  11681  11683
3 11690  11683  11681
3 144  4188  4191
3 1644  10659  4188
3 1647  4191  10659
3 4188  10659  4191
3 448  5927  5924
3 2759  10661  5927
3 1644  5924  10661
3 5927  10661  5924
3 772  7859  7861
3 1647  10669  7859
3 2759  7861  10669
3 7859  10669  7861
3 1644  10661  10659
3 2759  10669  10661
3 1647  10659  10669
3 10661  10669  10659
3 451  5945  5943
3 2767  12840  5945
3 2757  5943  12840
3 5945  12840  5943
3 772  7861  7862
3 2759  12843  7861
3 2767  7862  12843
3 7861  12843  7862
3 448  5925  5927
3 2757  12839  5925
3 2759  5927  12839
3 5925  12839  5927
3 2767  12843  12840
3 2759  12839  12843
3 2757  12840  12839
3 12843  12839  12840
3 46  3650  3652
3 1106  9120  3650
3 1108  3652  9120
3 3650  9120  3652
3 458  5981  5979
3 2784  9122  5981
3 1106  5979  9122
3 5981  9122  5979
3 460  5991  5993
3 1108  9127  5991
3 2784  5993  9127
3 5991  9127  5993
3 1106  9122  9120
3 2784  9127  9122
3 1108  9120  9127
3 9122  9127  9120
3 145  4197  4194
3 1653  10677  4197
3 1650  4194  10677
3 4197  10677  4194
3 775  7879  7877
3 2786  10687  7879
3 1653  7877  10687
3 7879  10687  7877
3 458  5980  5983
3 1650  10679  5980
3 2786  5983  10679
3 5980  10679  5983
3 1653  10687  10677
3 2786  10679  10687
3 1650  10677  10679
3 10687  10679  10677
3 201  4530  4532
3 1986  11685  4530
3 1988  4532  11685
3 4530  11685  4532
3 460  5995  5992
3 2791  11687  5995
3 1986  5992  11687
3 5995  11687  5992
3 775  7878  7880
3 1988  11692  7878
3 2791  7880  11692
3 7878  11692  7880
3 1986  11687  11685
3 2791  11692  11687
3 1988  11685  11692
3 11687  11692  11685
3 458  5983  5981
3 2786  12866  5983
3 2784  5981  12866
3 5983  12866  5981
3 775  7880  7879
3 2791  12870  7880
3 2786  7879  12870
3 7880  12870  7879
3 460  5993  5995
3 2784  12867  5993
3 2791  5995  12867
3 5993  12867  5995
3 2786  12870  12866
3 2791  12867  12870
3 2784  12866  12867
3 12870  12867  12866
3 144  4191  4189
3 1647  10663  4191
3 1645  4189  10663
3 4191  10663  4189
3 772  7863  7859
3 3314  10670  7863
3 1647  7859  10670
3 7863  10670  7859
3 770  7847  7851
3 1645  10665  7847
3 3314  7851  10665
3 7847  10665  7851
3 1647  10670  10663
3 3314  10665  10670
3 1645  10663  10665
3 10670  10665  10663
3 201  4532  4531
3 1988  11689  4532
3 1987  4531  11689
3 4532  11689  4531
3 775  7882  7878
3 3318  11693  7882
3 1988  7878  11693
3 7882  11693  7878
3 772  7860  7864
3 1987  11691  7860
3 3318  7864  11691
3 7860  11691  7864
3 1988  11693  11689
3 3318  11691  11693
3 1987  11689  11691
3 11693  11691  11689
3 145  4195  4197
3 1651  10681  4195
3 1653  4197  10681
3 4195  10681  4197
3 770  7852  7848
3 3315  10683  7852
3 1651  7848  10683
3 7852  10683  7848
3 775  7877  7881
3 1653  10688  7877
3 3315  7881  10688
3 7877  10688  7881
3 1651  10683  10681
3 3315  10688  10683
3 1653  10681  10688
3 10683  10688  10681
3 772  7864  7863
3 3318  13395  7864
3 3314  7863  13395
3 7864  13395  7863
3 775  7881  7882
3 3315  13396  7881
3 3318  7882  13396
3 7881  13396  7882
3 770  7851  7852
3 3314  13394  7851
3 3315  7852  13394
3 7851  13394  7852
3 3318  13396  13395
3 3315  13394  13396
3 3314  13395  13394
3 13396  13394  13395
3 8  3455  3457
3 911  8578  3455
3 913  3457  8578
3 3455  8578  3457
3 263  4869  4867
3 2242  8579  4869
3 911  4867  8579
3 4869  8579  4867
3 265  4877  4879
3 913  8583  4877
3 2242  4879  8583
3 4877  8583  4879
3 911  8579  8578
3 2242  8583  8579
3 913  8578  8583
3 8579  8583  8578
3 95  3909  3907
3 1365  9836  3909
3 1363  3907  9836
3 3909  9836  3907
3 634  7033  7031
3 2243  9841  7033
3 1365  7031  9841
3 7033  9841  7031
3 263  4868  4870
3 1363  9837  4868
3 2243  4870  9837
3 4868  9837  4870
3 1365  9841  9836
3 2243  9837  9841
3 1363  9836  9837
3 9841  9837  9836
3 97  3917  3919
3 1373  9863  3917
3 1375  3919  9863
3 3917  9863  3919
3 265  4881  4878
3 2247  9865  4881
3 1373  4878  9865
3 4881  9865  4878
3 634  7032  7034
3 1375  9872  7032
3 2247  7034  9872
3 7032  9872  7034
3 1373  9865  9863
3 2247  9872  9865
3 1375  9863  9872
3 9865  9872  9863
3 263  4870  4869
3 2243  12323  4870
3 2242  4869  12323
3 4870  12323  4869
3 634  7034  7033
3 2247  12325  7034
3 2243  7033  12325
3 7034  12325  7033
3 265  4879  4881
3 2242  12324  4879
3 2247  4881  12324
3 4879  12324  4881
3 2243  12325  12323
3 2247  12324  12325
3 2242  12323  12324
3 12325  12324  12323
3 42  3631  3629
3 1087  9062  3631
3 1085  3629  9062
3 3631  9062  3629
3 439  5871  5869
3 2726  9067  5871
3 1087  5869  9067
3 5871  9067  5869
3 437  5861  5863
3 1085  9063  5861
3 2726  5863  9063
3 5861  9063  5863
3 1087  9067  9062
3 2726  9063  9067
3 1085  9062  9063
3 9067  9063  9062
3 197  4507  4505
3 1963  11609  4507
3 1961  4505  11609
3 4507  11609  4505
3 635  7040  7038
3 2731  11618  7040
3 1963  7038  11618
3 7040  11618  7038
3 439  5870  5873
3 1961  11611  5870
3 2731  5873  11611
3 5870  11611  5873
3 1963  11618  11609
3 2731  11611  11618
3 1961  11609  11611
3 11618  11611  11609
3 95  3908  3910
3 1364  9838  3908
3 1366  3910  9838
3 3908  9838  3910
3 437  5864  5862
3 2727  9839  5864
3 1364  5862  9839
3 5864  9839  5862
3 635  7037  7039
3 1366  9843  7037
3 2727  7039  9843
3 7037  9843  7039
3 1364  9839  9838
3 2727  9843  9839
3 1366  9838  9843
3 9839  9843  9838
3 439  5873  5871
3 2731  12807  5873
3 2726  5871  12807
3 5873  12807  5871
3 635  7039  7040
3 2727  12808  7039
3 2731  7040  12808
3 7039  12808  7040
3 437  5863  5864
3 2726  12806  5863
3 2727  5864  12806
3 5863  12806  5864
3 2731  12808  12807
3 2727  12806  12808
3 2726  12807  12806
3 12808  12806  12807
3 44  3639  3641
3 1095  9089  3639
3 1097  3641  9089
3 3639  9089  3641
3 447  5919  5917
3 2753  9091  5919
3 1095  5917  9091
3 5919  9091  5917
3 449  5929  5931
3 1097  9098  5929
3 2753  5931  9098
3 5929  9098  5931
3 1095  9091  9089
3 2753  9098  9091
3 1097  9089  9098
3 9091  9098  9089
3 97  3921  3918
3 1377  9867  3921
3 1374  3918  9867
3 3921  9867  3918
3 639  7063  7061
3 2755  9877  7063
3 1377  7061  9877
3 7063  9877  7061
3 447  5918  5921
3 1374  9869  5918
3 2755  5921  9869
3 5918  9869  5921
3 1377  9877  9867
3 2755  9869  9877
3 1374  9867  9869
3 9877  9869  9867
3 197  4506  4508
3 1962  11613  4506
3 1964  4508  11613
3 4506  11613  4508
3 449  5933  5930
3 2762  11615  5933
3 1962  5930  11615
3 5933  11615  5930
3 639  7062  7064
3 1964  11620  7062
3 2762  7064  11620
3 7062  11620  7064
3 1962  11615  11613
3 2762  11620  11615
3 1964  11613  11620
3 11615  11620  11613
3 447  5921  5919
3 2755  12833  5921
3 2753  5919  12833
3 5921  12833  5919
3 639  7064  7063
3 2762  12837  7064
3 2755  7063  12837
3 7064  12837  7063
3 449  5931  5933
3 2753  12834  5931
3 2762  5933  12834
3 5931  12834  5933
3 2755  12837  12833
3 2762  12834  12837
3 2753  12833  12834
3 12837  12834  12833
3 95  3910  3909
3 1366  9840  3910
3 1365  3909  9840
3 3910  9840  3909
3 635  7041  7037
3 3179  9844  7041
3 1366  7037  9844
3 7041  9844  7037
3 634  7031  7035
3 1365  9842  7031
3 3179  7035  9842
3 7031  9842  7035
3 1366  9844  9840
3 3179  9842  9844
3 1365  9840  9842
3 9844  9842  9840
3 197  4508  4507
3 1964  11617  4508
3 1963  4507  11617
3 4508  11617  4507
3 639  7066  7062
3 3181  11621  7066
3 1964  7062  11621
3 7066  11621  7062
3 635  7038  7042
3 1963  11619  7038
3 3181  7042  11619
3 7038  11619  7042
3 1964  11621  11617
3 3181  11619  11621
3 1963  11617  11619
3 11621  11619  11617
3 97  3919  3921
3 1375  9871  3919
3 1377  3921  9871
3 3919  9871  3921
3 634  7036  7032
3 3180  9873  7036
3 1375  7032  9873
3 7036  9873  7032
3 639  7061  7065
3 1377  9878  7061
3 3180  7065  9878
3 7061  9878  7065
3 1375  9873  9871
3 3180  9878  9873
3 1377  9871  9878
3 9873  9878  9871
3 635  7042  7041
3 3181  13260  7042
3 3179  7041  13260
3 7042  13260  7041
3 639  7065  7066
3 3180  13261  7065
3 3181  7066  13261
3 7065  13261  7066
3 634  7035  7036
3 3179  13259  7035
3 3180  7036  13259
3 7035  13259  7036
3 3181  13261  13260
3 3180  13259  13261
3 3179  13260  13259
3 13261  13259  13260
3 9  3460  3458
3 916  8585  3460
3 914  3458  8585
3 3460  8585  3458
3 268  4893  4891
3 2249  8589  4893
3 916  4891  8589
3 4893  8589  4891
3 266  4883  4885
3 914  8586  4883
3 2249  4885  8586
3 4883  8586  4885
3 916  8589  8585
3 2249  8586  8589
3 914  8585  8586
3 8589  8586  8585
3 100  3933  3931
3 1389  9899  3933
3 1387  3931  9899
3 3933  9899  3931
3 641  7076  7074
3 2253  9908  7076
3 1389  7074  9908
3 7076  9908  7074
3 268  4892  4895
3 1387  9901  4892
3 2253  4895  9901
3 4892  9901  4895
3 1389  9908  9899
3 2253  9901  9908
3 1387  9899  9901
3 9908  9901  9899
3 98  3923  3925
3 1379  9881  3923
3 1381  3925  9881
3 3923  9881  3925
3 266  4886  4884
3 2250  9882  4886
3 1379  4884  9882
3 4886  9882  4884
3 641  7073  7075
3 1381  9886  7073
3 2250  7075  9886
3 7073  9886  7075
3 1379  9882  9881
3 2250  9886  9882
3 1381  9881  9886
3 9882  9886  9881
3 268  4895  4893
3 2253  12330  4895
3 2249  4893  12330
3 4895  12330  4893
3 641  7075  7076
3 2250  12331  7075
3 2253  7076  12331
3 7075  12331  7076
3 266  4885  4886
3 2249  12329  4885
3 2250  4886  12329
3 4885  12329  4886
3 2253  12331  12330
3 2250  12329  12331
3 2249  12330  12329
3 12331  12329  12330
3 46  3651  3649
3 1107  9116  3651
3 1105  3649  9116
3 3651  9116  3649
3 459  5987  5985
3 2780  9125  5987
3 1107  5985  9125
3 5987  9125  5985
3 457  5973  5975
3 1105  9118  5973
3 2780  5975  9118
3 5973  9118  5975
3 1107  9125  9116
3 2780  9118  9125
3 1105  9116  9118
3 9125  9118  9116
3 198  4514  4512
3 1970  11631  4514
3 1968  4512  11631
3 4514  11631  4512
3 645  7100  7098
3 2789  11638  7100
3 1970  7098  11638
3 7100  11638  7098
3 459  5986  5989
3 1968  11633  5986
3 2789  5989  11633
3 5986  11633  5989
3 1970  11638  11631
3 2789  11633  11638
3 1968  11631  11633
3 11638  11633  11631
3 100  3932  3935
3 1388  9903  3932
3 1391  3935  9903
3 3932  9903  3935
3 457  5977  5974
3 2782  9905  5977
3 1388  5974  9905
3 5977  9905  5974
3 645  7097  7099
3 1391  9913  7097
3 2782  7099  9913
3 7097  9913  7099
3 1388  9905  9903
3 2782  9913  9905
3 1391  9903  9913
3 9905  9913  9903
3 459  5989  5987
3 2789  12861  5989
3 2780  5987  12861
3 5989  12861  5987
3 645  7099  7100
3 2782  12864  7099
3 2789  7100  12864
3 7099  12864  7100
3 457  5975  5977
3 2780  12860  5975
3 2782  5977  12860
3 5975  12860  5977
3 2789  12864  12861
3 2782  12860  12864
3 2780  12861  12860
3 12864  12860  12861
3 42  3630  3632
3 1086  9064  3630
3 1088  3632  9064
3 3630  9064  3632
3 438  5867  5865
3 2728  9065  5867
3 1086  5865  9065
3 5867  9065  5865
3 440  5875  5877
3 1088  9069  5875
3 2728  5877  9069
3 5875  9069  5877
3 1086  9065  9064
3 2728  9069  9065
3 1088  9064  9069
3 9065  9069  9064
3 98  3926  3924
3 1382  9883  3926
3 1380  3924  9883
3 3926  9883  3924
3 642  7081  7079
3 2729  9888  7081
3 1382  7079  9888
3 7081  9888  7079
3 438  5866  5868
3 1380  9884  5866
3 2729  5868  9884
3 5866  9884  5868
3 1382  9888  9883
3 2729  9884  9888
3 1380  9883  9884
3 9888  9884  9883
3 198  4511  4513
3 1967  11627  4511
3 1969  4513  11627
3 4511  11627  4513
3 440  5879  5876
3 2733  11629  5879
3 1967  5876  11629
3 5879  11629  5876
3 642  7080  7082
3 1969  11636  7080
3 2733  7082  11636
3 7080  11636  7082
3 1967  11629  11627
3 2733  11636  11629
3 1969  11627  11636
3 11629  11636  11627
3 438  5868  5867
3 2729  12809  5868
3 2728  5867  12809
3 5868  12809  5867
3 642  7082  7081
3 2733  12811  7082
3 2729  7081  12811
3 7082  12811  7081
3 440  5877  5879
3 2728  12810  5877
3 2733  5879  12810
3 5877  12810  5879
3 2729  12811  12809
3 2733  12810  12811
3 2728  12809  12810
3 12811  12810  12809
3 100  3935  3933
3 1391  9907  3935
3 1389  3933  9907
3 3935  9907  3933
3 645  7101  7097
3 3186  9914  7101
3 1391  7097  9914
3 7101  9914  7097
3 641  7074  7078
3 1389  9909  7074
3 3186  7078  9909
3 7074  9909  7078
3 1391  9914  9907
3 3186  9909  9914
3 1389  9907  9909
3 9914  9909  9907
3 198  4513  4514
3 1969  11635  4513
3 1970  4514  11635
3 4513  11635  4514
3 642  7084  7080
3 3187  11637  7084
3 1969  7080  11637
3 7084  11637  7080
3 645  7098  7102
3 1970  11639  7098
3 3187  7102  11639
3 7098  11639  7102
3 1969  11637  11635
3 3187  11639  11637
3 1970  11635  11639
3 11637  11639  11635
3 98  3925  3926
3 1381  9885  3925
3 1382  3926  9885
3 3925  9885  3926
3 641  7077  7073
3 3185  9887  7077
3 1381  7073  9887
3 7077  9887  7073
3 642  7079  7083
3 1382  9889  7079
3 3185  7083  9889
3 7079  9889  7083
3 1381  9887  9885
3 3185  9889  9887
3 1382  9885  9889
3 9887  9889  9885
3 645  7102  7101
3 3187  13267  7102
3 3186  7101  13267
3 7102  13267  7101
3 642  7083  7084
3 3185  13266  7083
3 3187  7084  13266
3 7083  13266  7084
3 641  7078  7077
3 3186  13265  7078
3 3185  7077  13265
3 7078  13265  7077
3 3187  13266  13267
3 3185  13265  13266
3 3186  13267  13265
3 13266  13265  13267
3 44  3641  3643
3 1097  9097  3641
3 1099  3643  9097
3 3641  9097  3643
3 449  5932  5929
3 2761  9099  5932
3 1097  5929  9099
3 5932  9099  5929
3 451  5941  5944
3 1099  9104  5941
3 2761  5944  9104
3 5941  9104  5944
3 1097  9099  9097
3 2761  9104  9099
3 1099  9097  9104
3 9099  9104  9097
3 197  4510  4506
3 1966  11614  4510
3 1962  4506  11614
3 4510  11614  4506
3 846  8305  8303
3 2763  11625  8305
3 1966  8303  11625
3 8305  11625  8303
3 449  5930  5934
3 1962  11616  5930
3 2763  5934  11616
3 5930  11616  5934
3 1966  11625  11614
3 2763  11616  11625
3 1962  11614  11616
3 11625  11616  11614
3 201  4529  4533
3 1985  11682  4529
3 1989  4533  11682
3 4529  11682  4533
3 451  5946  5942
3 2768  11684  5946
3 1985  5942  11684
3 5946  11684  5942
3 846  8304  8306
3 1989  11695  8304
3 2768  8306  11695
3 8304  11695  8306
3 1985  11684  11682
3 2768  11695  11684
3 1989  11682  11695
3 11684  11695  11682
3 449  5934  5932
3 2763  12845  5934
3 2761  5932  12845
3 5934  12845  5932
3 846  8306  8305
3 2768  12847  8306
3 2763  8305  12847
3 8306  12847  8305
3 451  5944  5946
3 2761  12846  5944
3 2768  5946  12846
3 5944  12846  5946
3 2763  12847  12845
3 2768  12846  12847
3 2761  12845  12846
3 12847  12846  12845
3 42  3632  3631
3 1088  9066  3632
3 1087  3631  9066
3 3632  9066  3631
3 440  5878  5875
3 2730  9070  5878
3 1088  5875  9070
3 5878  9070  5875
3 439  5869  5872
3 1087  9068  5869
3 2730  5872  9068
3 5869  9068  5872
3 1088  9070  9066
3 2730  9068  9070
3 1087  9066  9068
3 9070  9068  9066
3 198  4515  4511
3 1971  11628  4515
3 1967  4511  11628
3 4515  11628  4511
3 845  8300  8298
3 2734  11641  8300
3 1971  8298  11641
3 8300  11641  8298
3 440  5876  5880
3 1967  11630  5876
3 2734  5880  11630
3 5876  11630  5880
3 1971  11641  11628
3 2734  11630  11641
3 1967  11628  11630
3 11641  11630  11628
3 197  4505  4509
3 1961  11610  4505
3 1965  4509  11610
3 4505  11610  4509
3 439  5874  5870
3 2732  11612  5874
3 1961  5870  11612
3 5874  11612  5870
3 845  8297  8299
3 1965  11623  8297
3 2732  8299  11623
3 8297  11623  8299
3 1961  11612  11610
3 2732  11623  11612
3 1965  11610  11623
3 11612  11623  11610
3 440  5880  5878
3 2734  12813  5880
3 2730  5878  12813
3 5880  12813  5878
3 845  8299  8300
3 2732  12814  8299
3 2734  8300  12814
3 8299  12814  8300
3 439  5872  5874
3 2730  12812  5872
3 2732  5874  12812
3 5872  12812  5874
3 2734  12814  12813
3 2732  12812  12814
3 2730  12813  12812
3 12814  12812  12813
3 46  3652  3651
3 1108  9124  3652
3 1107  3651  9124
3 3652  9124  3651
3 460  5994  5991
3 2788  9128  5994
3 1108  5991  9128
3 5994  9128  5991
3 459  5985  5988
3 1107  9126  5985
3 2788  5988  9126
3 5985  9126  5988
3 1108  9128  9124
3 2788  9126  9128
3 1107  9124  9126
3 9128  9126  9124
3 201  4534  4530
3 1990  11686  4534
3 1986  4530  11686
3 4534  11686  4530
3 847  8312  8310
3 2792  11697  8312
3 1990  8310  11697
3 8312  11697  8310
3 460  5992  5996
3 1986  11688  5992
3 2792  5996  11688
3 5992  11688  5996
3 1990  11697  11686
3 2792  11688  11697
3 1986  11686  11688
3 11697  11688  11686
3 198  4512  4516
3 1968  11632  4512
3 1972  4516  11632
3 4512  11632  4516
3 459  5990  5986
3 2790  11634  5990
3 1968  5986  11634
3 5990  11634  5986
3 847  8309  8311
3 1972  11643  8309
3 2790  8311  11643
3 8309  11643  8311
3 1968  11634  11632
3 2790  11643  11634
3 1972  11632  11643
3 11634  11643  11632
3 460  5996  5994
3 2792  12873  5996
3 2788  5994  12873
3 5996  12873  5994
3 847  8311  8312
3 2790  12874  8311
3 2792  8312  12874
3 8311  12874  8312
3 459  5988  5990
3 2788  12872  5988
3 2790  5990  12872
3 5988  12872  5990
3 2792  12874  12873
3 2790  12872  12874
3 2788  12873  12872
3 12874  12872  12873
3 197  4509  4510
3 1965  11622  4509
3 1966  4510  11622
3 4509  11622  4510
3 845  8301  8297
3 3389  11624  8301
3 1965  8297  11624
3 8301  11624  8297
3 846  8303  8307
3 1966  11626  8303
3 3389  8307  11626
3 8303  11626  8307
3 1965  11624  11622
3 3389  11626  11624
3 1966  11622  11626
3 11624  11626  11622
3 198  4516  4515
3 1972  11640  4516
3 1971  4515  11640
3 4516  11640  4515
3 847  8313  8309
3 3390  11644  8313
3 1972  8309  11644
3 8313  11644  8309
3 845  8298  8302
3 1971  11642  8298
3 3390  8302  11642
3 8298  11642  8302
3 1972  11644  11640
3 3390  11642  11644
3 1971  11640  11642
3 11644  11642  11640
3 201  4533  4534
3 1989  11694  4533
3 1990  4534  11694
3 4533  11694  4534
3 846  8308  8304
3 3391  11696  8308
3 1989  8304  11696
3 8308  11696  8304
3 847  8310  8314
3 1990  11698  8310
3 3391  8314  11698
3 8310  11698  8314
3 1989  11696  11694
3 3391  11698  11696
3 1990  11694  11698
3 11696  11698  11694
3 845  8302  8301
3 3390  13469  8302
3 3389  8301  13469
3 8302  13469  8301
3 847  8314  8313
3 3391  13471  8314
3 3390  8313  13471
3 8314  13471  8313
3 846  8307  8308
3 3389  13470  8307
3 3391  8308  13470
3 8307  13470  8308
3 3390  13471  13469
3 3391  13470  13471
3 3389  13469  13470
3 13471  13470  13469
3 18  3505  3506
3 961  8718  3505
3 962  3506  8718
3 3505  8718  3506
3 313  5156  5153
3 2382  8720  5156
3 961  5153  8720
3 5156  8720  5153
3 314  5159  5161
3 962  8722  5159
3 2382  5161  8722
3 5159  8722  5161
3 961  8720  8718
3 2382  8722  8720
3 962  8718  8722
3 8720  8722  8718
3 145  4196  4193
3 1652  10674  4196
3 1649  4193  10674
3 4196  10674  4193
3 774  7873  7871
3 2384  10685  7873
3 1652  7871  10685
3 7873  10685  7871
3 313  5154  5158
3 1649  10676  5154
3 2384  5158  10676
3 5154  10676  5158
3 1652  10685  10674
3 2384  10676  10685
3 1649  10674  10676
3 10685  10676  10674
3 146  4199  4201
3 1655  10691  4199
3 1657  4201  10691
3 4199  10691  4201
3 314  5163  5160
3 2386  10693  5163
3 1655  5160  10693
3 5163  10693  5160
3 774  7872  7874
3 1657  10700  7872
3 2386  7874  10700
3 7872  10700  7874
3 1655  10693  10691
3 2386  10700  10693
3 1657  10691  10700
3 10693  10700  10691
3 313  5158  5156
3 2384  12464  5158
3 2382  5156  12464
3 5158  12464  5156
3 774  7874  7873
3 2386  12466  7874
3 2384  7873  12466
3 7874  12466  7873
3 314  5161  5163
3 2382  12465  5161
3 2386  5163  12465
3 5161  12465  5163
3 2384  12466  12464
3 2386  12465  12466
3 2382  12464  12465
3 12466  12465  12464
3 46  3654  3650
3 1110  9121  3654
3 1106  3650  9121
3 3654  9121  3650
3 462  6005  6003
3 2785  9132  6005
3 1110  6003  9132
3 6005  9132  6003
3 458  5979  5982
3 1106  9123  5979
3 2785  5982  9123
3 5979  9123  5982
3 1110  9132  9121
3 2785  9123  9132
3 1106  9121  9123
3 9132  9123  9121
3 205  4555  4553
3 2011  11753  4555
3 2009  4553  11753
3 4555  11753  4553
3 776  7886  7884
3 2796  11762  7886
3 2011  7884  11762
3 7886  11762  7884
3 462  6004  6007
3 2009  11755  6004
3 2796  6007  11755
3 6004  11755  6007
3 2011  11762  11753
3 2796  11755  11762
3 2009  11753  11755
3 11762  11755  11753
3 145  4194  4198
3 1650  10678  4194
3 1654  4198  10678
3 4194  10678  4198
3 458  5984  5980
3 2787  10680  5984
3 1650  5980  10680
3 5984  10680  5980
3 776  7883  7885
3 1654  10689  7883
3 2787  7885  10689
3 7883  10689  7885
3 1650  10680  10678
3 2787  10689  10680
3 1654  10678  10689
3 10680  10689  10678
3 462  6007  6005
3 2796  12869  6007
3 2785  6005  12869
3 6007  12869  6005
3 776  7885  7886
3 2787  12871  7885
3 2796  7886  12871
3 7885  12871  7886
3 458  5982  5984
3 2785  12868  5982
3 2787  5984  12868
3 5982  12868  5984
3 2796  12871  12869
3 2787  12868  12871
3 2785  12869  12868
3 12871  12868  12869
3 48  3660  3662
3 1116  9147  3660
3 1118  3662  9147
3 3660  9147  3662
3 468  6037  6035
3 2811  9149  6037
3 1116  6035  9149
3 6037  9149  6035
3 470  6047  6049
3 1118  9154  6047
3 2811  6049  9154
3 6047  9154  6049
3 1116  9149  9147
3 2811  9154  9149
3 1118  9147  9154
3 9149  9154  9147
3 146  4203  4200
3 1659  10695  4203
3 1656  4200  10695
3 4203  10695  4200
3 778  7897  7895
3 2813  10705  7897
3 1659  7895  10705
3 7897  10705  7895
3 468  6036  6039
3 1656  10697  6036
3 2813  6039  10697
3 6036  10697  6039
3 1659  10705  10695
3 2813  10697  10705
3 1656  10695  10697
3 10705  10697  10695
3 205  4554  4556
3 2010  11757  4554
3 2012  4556  11757
3 4554  11757  4556
3 470  6051  6048
3 2818  11759  6051
3 2010  6048  11759
3 6051  11759  6048
3 778  7896  7898
3 2012  11764  7896
3 2818  7898  11764
3 7896  11764  7898
3 2010  11759  11757
3 2818  11764  11759
3 2012  11757  11764
3 11759  11764  11757
3 468  6039  6037
3 2813  12893  6039
3 2811  6037  12893
3 6039  12893  6037
3 778  7898  7897
3 2818  12897  7898
3 2813  7897  12897
3 7898  12897  7897
3 470  6049  6051
3 2811  12894  6049
3 2818  6051  12894
3 6049  12894  6051
3 2813  12897  12893
3 2818  12894  12897
3 2811  12893  12894
3 12897  12894  12893
3 145  4198  4196
3 1654  10684  4198
3 1652  4196  10684
3 4198  10684  4196
3 776  7887  7883
3 3320  10690  7887
3 1654  7883  10690
3 7887  10690  7883
3 774  7871  7875
3 1652  10686  7871
3 3320  7875  10686
3 7871  10686  7875
3 1654  10690  10684
3 3320  10686  10690
3 1652  10684  10686
3 10690  10686  10684
3 205  4556  4555
3 2012  11761  4556
3 2011  4555  11761
3 4556  11761  4555
3 778  7900  7896
3 3322  11765  7900
3 2012  7896  11765
3 7900  11765  7896
3 776  7884  7888
3 2011  11763  7884
3 3322  7888  11763
3 7884  11763  7888
3 2012  11765  11761
3 3322  11763  11765
3 2011  11761  11763
3 11765  11763  11761
3 146  4201  4203
3 1657  10699  4201
3 1659  4203  10699
3 4201  10699  4203
3 774  7876  7872
3 3321  10701  7876
3 1657  7872  10701
3 7876  10701  7872
3 778  7895  7899
3 1659  10706  7895
3 3321  7899  10706
3 7895  10706  7899
3 1657  10701  10699
3 3321  10706  10701
3 1659  10699  10706
3 10701  10706  10699
3 776  7888  7887
3 3322  13401  7888
3 3320  7887  13401
3 7888  13401  7887
3 778  7899  7900
3 3321  13402  7899
3 3322  7900  13402
3 7899  13402  7900
3 774  7875  7876
3 3320  13400  7875
3 3321  7876  13400
3 7875  13400  7876
3 3322  13402  13401
3 3321  13400  13402
3 3320  13401  13400
3 13402  13400  13401
3 9  3459  3460
3 915  8587  3459
3 916  3460  8587
3 3459  8587  3460
3 267  4889  4887
3 2251  8588  4889
3 915  4887  8588
3 4889  8588  4887
3 268  4891  4894
3 916  8590  4891
3 2251  4894  8590
3 4891  8590  4894
3 915  8588  8587
3 2251  8590  8588
3 916  8587  8590
3 8588  8590  8587
3 99  3929  3927
3 1385  9890  3929
3 1383  3927  9890
3 3929  9890  3927
3 643  7087  7085
3 2252  9895  7087
3 1385  7085  9895
3 7087  9895  7085
3 267  4888  4890
3 1383  9891  4888
3 2252  4890  9891
3 4888  9891  4890
3 1385  9895  9890
3 2252  9891  9895
3 1383  9890  9891
3 9895  9891  9890
3 100  3931  3934
3 1387  9900  3931
3 1390  3934  9900
3 3931  9900  3934
3 268  4896  4892
3 2254  9902  4896
3 1387  4892  9902
3 4896  9902  4892
3 643  7086  7088
3 1390  9911  7086
3 2254  7088  9911
3 7086  9911  7088
3 1387  9902  9900
3 2254  9911  9902
3 1390  9900  9911
3 9902  9911  9900
3 267  4890  4889
3 2252  12332  4890
3 2251  4889  12332
3 4890  12332  4889
3 643  7088  7087
3 2254  12334  7088
3 2252  7087  12334
3 7088  12334  7087
3 268  4894  4896
3 2251  12333  4894
3 2254  4896  12333
3 4894  12333  4896
3 2252  12334  12332
3 2254  12333  12334
3 2251  12332  12333
3 12334  12333  12332
3 45  3647  3645
3 1103  9107  3647
3 1101  3645  9107
3 3647  9107  3645
3 455  5963  5961
3 2771  9112  5963
3 1103  5961  9112
3 5963  9112  5961
3 453  5953  5955
3 1101  9108  5953
3 2771  5955  9108
3 5953  9108  5955
3 1103  9112  9107
3 2771  9108  9112
3 1101  9107  9108
3 9112  9108  9107
3 203  4543  4541
3 1999  11717  4543
3 1997  4541  11717
3 4543  11717  4541
3 644  7094  7092
3 2776  11726  7094
3 1999  7092  11726
3 7094  11726  7092
3 455  5962  5965
3 1997  11719  5962
3 2776  5965  11719
3 5962  11719  5965
3 1999  11726  11717
3 2776  11719  11726
3 1997  11717  11719
3 11726  11719  11717
3 99  3928  3930
3 1384  9892  3928
3 1386  3930  9892
3 3928  9892  3930
3 453  5956  5954
3 2772  9893  5956
3 1384  5954  9893
3 5956  9893  5954
3 644  7091  7093
3 1386  9897  7091
3 2772  7093  9897
3 7091  9897  7093
3 1384  9893  9892
3 2772  9897  9893
3 1386  9892  9897
3 9893  9897  9892
3 455  5965  5963
3 2776  12852  5965
3 2771  5963  12852
3 5965  12852  5963
3 644  7093  7094
3 2772  12853  7093
3 2776  7094  12853
3 7093  12853  7094
3 453  5955  5956
3 2771  12851  5955
3 2772  5956  12851
3 5955  12851  5956
3 2776  12853  12852
3 2772  12851  12853
3 2771  12852  12851
3 12853  12851  12852
3 46  3649  3653
3 1105  9117  3649
3 1109  3653  9117
3 3649  9117  3653
3 457  5976  5973
3 2781  9119  5976
3 1105  5973  9119
3 5976  9119  5973
3 461  5997  5999
3 1109  9130  5997
3 2781  5999  9130
3 5997  9130  5999
3 1105  9119  9117
3 2781  9130  9119
3 1109  9117  9130
3 9119  9130  9117
3 100  3936  3932
3 1392  9904  3936
3 1388  3932  9904
3 3936  9904  3932
3 646  7105  7103
3 2783  9915  7105
3 1392  7103  9915
3 7105  9915  7103
3 457  5974  5978
3 1388  9906  5974
3 2783  5978  9906
3 5974  9906  5978
3 1392  9915  9904
3 2783  9906  9915
3 1388  9904  9906
3 9915  9906  9904
3 203  4542  4544
3 1998  11721  4542
3 2000  4544  11721
3 4542  11721  4544
3 461  6001  5998
3 2794  11723  6001
3 1998  5998  11723
3 6001  11723  5998
3 646  7104  7106
3 2000  11728  7104
3 2794  7106  11728
3 7104  11728  7106
3 1998  11723  11721
3 2794  11728  11723
3 2000  11721  11728
3 11723  11728  11721
3 457  5978  5976
3 2783  12862  5978
3 2781  5976  12862
3 5978  12862  5976
3 646  7106  7105
3 2794  12865  7106
3 2783  7105  12865
3 7106  12865  7105
3 461  5999  6001
3 2781  12863  5999
3 2794  6001  12863
3 5999  12863  6001
3 2783  12865  12862
3 2794  12863  12865
3 2781  12862  12863
3 12865  12863  12862
3 99  3930  3929
3 1386  9894  3930
3 1385  3929  9894
3 3930  9894  3929
3 644  7095  7091
3 3188  9898  7095
3 1386  7091  9898
3 7095  9898  7091
3 643  7085  7089
3 1385  9896  7085
3 3188  7089  9896
3 7085  9896  7089
3 1386  9898  9894
3 3188  9896  9898
3 1385  9894  9896
3 9898  9896  9894
3 203  4544  4543
3 2000  11725  4544
3 1999  4543  11725
3 4544  11725  4543
3 646  7108  7104
3 3190  11729  7108
3 2000  7104  11729
3 7108  11729  7104
3 644  7092  7096
3 1999  11727  7092
3 3190  7096  11727
3 7092  11727  7096
3 2000  11729  11725
3 3190  11727  11729
3 1999  11725  11727
3 11729  11727  11725
3 100  3934  3936
3 1390  9910  3934
3 1392  3936  9910
3 3934  9910  3936
3 643  7090  7086
3 3189  9912  7090
3 1390  7086  9912
3 7090  9912  7086
3 646  7103  7107
3 1392  9916  7103
3 3189  7107  9916
3 7103  9916  7107
3 1390  9912  9910
3 3189  9916  9912
3 1392  9910  9916
3 9912  9916  9910
3 644  7096  7095
3 3190  13269  7096
3 3188  7095  13269
3 7096  13269  7095
3 646  7107  7108
3 3189  13270  7107
3 3190  7108  13270
3 7107  13270  7108
3 643  7089  7090
3 3188  13268  7089
3 3189  7090  13268
3 7089  13268  7090
3 3190  13270  13269
3 3189  13268  13270
3 3188  13269  13268
3 13270  13268  13269
3 10  3463  3461
3 919  8591  3463
3 917  3461  8591
3 3463  8591  3461
3 271  4907  4905
3 2255  8596  4907
3 919  4905  8596
3 4907  8596  4905
3 269  4897  4899
3 917  8592  4897
3 2255  4899  8592
3 4897  8592  4899
3 919  8596  8591
3 2255  8592  8596
3 917  8591  8592
3 8596  8592  8591
3 103  3947  3945
3 1403  9935  3947
3 1401  3945  9935
3 3947  9935  3945
3 647  7112  7110
3 2260  9944  7112
3 1403  7110  9944
3 7112  9944  7110
3 271  4906  4909
3 1401  9937  4906
3 2260  4909  9937
3 4906  9937  4909
3 1403  9944  9935
3 2260  9937  9944
3 1401  9935  9937
3 9944  9937  9935
3 101  3937  3939
3 1393  9917  3937
3 1395  3939  9917
3 3937  9917  3939
3 269  4900  4898
3 2256  9918  4900
3 1393  4898  9918
3 4900  9918  4898
3 647  7109  7111
3 1395  9922  7109
3 2256  7111  9922
3 7109  9922  7111
3 1393  9918  9917
3 2256  9922  9918
3 1395  9917  9922
3 9918  9922  9917
3 271  4909  4907
3 2260  12336  4909
3 2255  4907  12336
3 4909  12336  4907
3 647  7111  7112
3 2256  12337  7111
3 2260  7112  12337
3 7111  12337  7112
3 269  4899  4900
3 2255  12335  4899
3 2256  4900  12335
3 4899  12335  4900
3 2260  12337  12336
3 2256  12335  12337
3 2255  12336  12335
3 12337  12335  12336
3 48  3661  3659
3 1117  9143  3661
3 1115  3659  9143
3 3661  9143  3659
3 469  6043  6041
3 2807  9152  6043
3 1117  6041  9152
3 6043  9152  6041
3 467  6029  6031
3 1115  9145  6029
3 2807  6031  9145
3 6029  9145  6031
3 1117  9152  9143
3 2807  9145  9152
3 1115  9143  9145
3 9152  9145  9143
3 204  4550  4548
3 2006  11739  4550
3 2004  4548  11739
3 4550  11739  4548
3 652  7142  7140
3 2816  11746  7142
3 2006  7140  11746
3 7142  11746  7140
3 469  6042  6045
3 2004  11741  6042
3 2816  6045  11741
3 6042  11741  6045
3 2006  11746  11739
3 2816  11741  11746
3 2004  11739  11741
3 11746  11741  11739
3 103  3946  3949
3 1402  9939  3946
3 1405  3949  9939
3 3946  9939  3949
3 467  6033  6030
3 2809  9941  6033
3 1402  6030  9941
3 6033  9941  6030
3 652  7139  7141
3 1405  9949  7139
3 2809  7141  9949
3 7139  9949  7141
3 1402  9941  9939
3 2809  9949  9941
3 1405  9939  9949
3 9941  9949  9939
3 469  6045  6043
3 2816  12888  6045
3 2807  6043  12888
3 6045  12888  6043
3 652  7141  7142
3 2809  12891  7141
3 2816  7142  12891
3 7141  12891  7142
3 467  6031  6033
3 2807  12887  6031
3 2809  6033  12887
3 6031  12887  6033
3 2816  12891  12888
3 2809  12887  12891
3 2807  12888  12887
3 12891  12887  12888
3 45  3646  3648
3 1102  9109  3646
3 1104  3648  9109
3 3646  9109  3648
3 454  5959  5957
3 2773  9110  5959
3 1102  5957  9110
3 5959  9110  5957
3 456  5967  5969
3 1104  9114  5967
3 2773  5969  9114
3 5967  9114  5969
3 1102  9110  9109
3 2773  9114  9110
3 1104  9109  9114
3 9110  9114  9109
3 101  3940  3938
3 1396  9919  3940
3 1394  3938  9919
3 3940  9919  3938
3 648  7117  7115
3 2774  9924  7117
3 1396  7115  9924
3 7117  9924  7115
3 454  5958  5960
3 1394  9920  5958
3 2774  5960  9920
3 5958  9920  5960
3 1396  9924  9919
3 2774  9920  9924
3 1394  9919  9920
3 9924  9920  9919
3 204  4547  4549
3 2003  11735  4547
3 2005  4549  11735
3 4547  11735  4549
3 456  5971  5968
3 2778  11737  5971
3 2003  5968  11737
3 5971  11737  5968
3 648  7116  7118
3 2005  11744  7116
3 2778  7118  11744
3 7116  11744  7118
3 2003  11737  11735
3 2778  11744  11737
3 2005  11735  11744
3 11737  11744  11735
3 454  5960  5959
3 2774  12854  5960
3 2773  5959  12854
3 5960  12854  5959
3 648  7118  7117
3 2778  12856  7118
3 2774  7117  12856
3 7118  12856  7117
3 456  5969  5971
3 2773  12855  5969
3 2778  5971  12855
3 5969  12855  5971
3 2774  12856  12854
3 2778  12855  12856
3 2773  12854  12855
3 12856  12855  12854
3 103  3949  3947
3 1405  9943  3949
3 1403  3947  9943
3 3949  9943  3947
3 652  7143  7139
3 3192  9950  7143
3 1405  7139  9950
3 7143  9950  7139
3 647  7110  7114
3 1403  9945  7110
3 3192  7114  9945
3 7110  9945  7114
3 1405  9950  9943
3 3192  9945  9950
3 1403  9943  9945
3 9950  9945  9943
3 204  4549  4550
3 2005  11743  4549
3 2006  4550  11743
3 4549  11743  4550
3 648  7120  7116
3 3193  11745  7120
3 2005  7116  11745
3 7120  11745  7116
3 652  7140  7144
3 2006  11747  7140
3 3193  7144  11747
3 7140  11747  7144
3 2005  11745  11743
3 3193  11747  11745
3 2006  11743  11747
3 11745  11747  11743
3 101  3939  3940
3 1395  9921  3939
3 1396  3940  9921
3 3939  9921  3940
3 647  7113  7109
3 3191  9923  7113
3 1395  7109  9923
3 7113  9923  7109
3 648  7115  7119
3 1396  9925  7115
3 3191  7119  9925
3 7115  9925  7119
3 1395  9923  9921
3 3191  9925  9923
3 1396  9921  9925
3 9923  9925  9921
3 652  7144  7143
3 3193  13273  7144
3 3192  7143  13273
3 7144  13273  7143
3 648  7119  7120
3 3191  13272  7119
3 3193  7120  13272
3 7119  13272  7120
3 647  7114  7113
3 3192  13271  7114
3 3191  7113  13271
3 7114  13271  7113
3 3193  13272  13273
3 3191  13271  13272
3 3192  13273  13271
3 13272  13271  13273
3 46  3653  3654
3 1109  9129  3653
3 1110  3654  9129
3 3653  9129  3654
3 461  6000  5997
3 2793  9131  6000
3 1109  5997  9131
3 6000  9131  5997
3 462  6003  6006
3 1110  9133  6003
3 2793  6006  9133
3 6003  9133  6006
3 1109  9131  9129
3 2793  9133  9131
3 1110  9129  9133
3 9131  9133  9129
3 203  4546  4542
3 2002  11722  4546
3 1998  4542  11722
3 4546  11722  4542
3 852  8341  8339
3 2795  11733  8341
3 2002  8339  11733
3 8341  11733  8339
3 461  5998  6002
3 1998  11724  5998
3 2795  6002  11724
3 5998  11724  6002
3 2002  11733  11722
3 2795  11724  11733
3 1998  11722  11724
3 11733  11724  11722
3 205  4553  4557
3 2009  11754  4553
3 2013  4557  11754
3 4553  11754  4557
3 462  6008  6004
3 2797  11756  6008
3 2009  6004  11756
3 6008  11756  6004
3 852  8340  8342
3 2013  11767  8340
3 2797  8342  11767
3 8340  11767  8342
3 2009  11756  11754
3 2797  11767  11756
3 2013  11754  11767
3 11756  11767  11754
3 461  6002  6000
3 2795  12875  6002
3 2793  6000  12875
3 6002  12875  6000
3 852  8342  8341
3 2797  12877  8342
3 2795  8341  12877
3 8342  12877  8341
3 462  6006  6008
3 2793  12876  6006
3 2797  6008  12876
3 6006  12876  6008
3 2795  12877  12875
3 2797  12876  12877
3 2793  12875  12876
3 12877  12876  12875
3 45  3648  3647
3 1104  9111  3648
3 1103  3647  9111
3 3648  9111  3647
3 456  5970  5967
3 2775  9115  5970
3 1104  5967  9115
3 5970  9115  5967
3 455  5961  5964
3 1103  9113  5961
3 2775  5964  9113
3 5961  9113  5964
3 1104  9115  9111
3 2775  9113  9115
3 1103  9111  9113
3 9115  9113  9111
3 204  4551  4547
3 2007  11736  4551
3 2003  4547  11736
3 4551  11736  4547
3 851  8336  8334
3 2779  11749  8336
3 2007  8334  11749
3 8336  11749  8334
3 456  5968  5972
3 2003  11738  5968
3 2779  5972  11738
3 5968  11738  5972
3 2007  11749  11736
3 2779  11738  11749
3 2003  11736  11738
3 11749  11738  11736
3 203  4541  4545
3 1997  11718  4541
3 2001  4545  11718
3 4541  11718  4545
3 455  5966  5962
3 2777  11720  5966
3 1997  5962  11720
3 5966  11720  5962
3 851  8333  8335
3 2001  11731  8333
3 2777  8335  11731
3 8333  11731  8335
3 1997  11720  11718
3 2777  11731  11720
3 2001  11718  11731
3 11720  11731  11718
3 456  5972  5970
3 2779  12858  5972
3 2775  5970  12858
3 5972  12858  5970
3 851  8335  8336
3 2777  12859  8335
3 2779  8336  12859
3 8335  12859  8336
3 455  5964  5966
3 2775  12857  5964
3 2777  5966  12857
3 5964  12857  5966
3 2779  12859  12858
3 2777  12857  12859
3 2775  12858  12857
3 12859  12857  12858
3 48  3662  3661
3 1118  9151  3662
3 1117  3661  9151
3 3662  9151  3661
3 470  6050  6047
3 2815  9155  6050
3 1118  6047  9155
3 6050  9155  6047
3 469  6041  6044
3 1117  9153  6041
3 2815  6044  9153
3 6041  9153  6044
3 1118  9155  9151
3 2815  9153  9155
3 1117  9151  9153
3 9155  9153  9151
3 205  4558  4554
3 2014  11758  4558
3 2010  4554  11758
3 4558  11758  4554
3 853  8348  8346
3 2819  11769  8348
3 2014  8346  11769
3 8348  11769  8346
3 470  6048  6052
3 2010  11760  6048
3 2819  6052  11760
3 6048  11760  6052
3 2014  11769  11758
3 2819  11760  11769
3 2010  11758  11760
3 11769  11760  11758
3 204  4548  4552
3 2004  11740  4548
3 2008  4552  11740
3 4548  11740  4552
3 469  6046  6042
3 2817  11742  6046
3 2004  6042  11742
3 6046  11742  6042
3 853  8345  8347
3 2008  11751  8345
3 2817  8347  11751
3 8345  11751  8347
3 2004  11742  11740
3 2817  11751  11742
3 2008  11740  11751
3 11742  11751  11740
3 470  6052  6050
3 2819  12900  6052
3 2815  6050  12900
3 6052  12900  6050
3 853  8347  8348
3 2817  12901  8347
3 2819  8348  12901
3 8347  12901  8348
3 469  6044  6046
3 2815  12899  6044
3 2817  6046  12899
3 6044  12899  6046
3 2819  12901  12900
3 2817  12899  12901
3 2815  12900  12899
3 12901  12899  12900
3 203  4545  4546
3 2001  11730  4545
3 2002  4546  11730
3 4545  11730  4546
3 851  8337  8333
3 3395  11732  8337
3 2001  8333  11732
3 8337  11732  8333
3 852  8339  8343
3 2002  11734  8339
3 3395  8343  11734
3 8339  11734  8343
3 2001  11732  11730
3 3395  11734  11732
3 2002  11730  11734
3 11732  11734  11730
3 204  4552  4551
3 2008  11748  4552
3 2007  4551  11748
3 4552  11748  4551
3 853  8349  8345
3 3396  11752  8349
3 2008  8345  11752
3 8349  11752  8345
3 851  8334  8338
3 2007  11750  8334
3 3396  8338  11750
3 8334  11750  8338
3 2008  11752  11748
3 3396  11750  11752
3 2007  11748  11750
3 11752  11750  11748
3 205  4557  4558
3 2013  11766  4557
3 2014  4558  11766
3 4557  11766  4558
3 852  8344  8340
3 3397  11768  8344
3 2013  8340  11768
3 8344  11768  8340
3 853  8346  8350
3 2014  11770  8346
3 3397  8350  11770
3 8346  11770  8350
3 2013  11768  11766
3 3397  11770  11768
3 2014  11766  11770
3 11768  11770  11766
3 851  8338  8337
3 3396  13475  8338
3 3395  8337  13475
3 8338  13475  8337
3 853  8350  8349
3 3397  13477  8350
3 3396  8349  13477
3 8350  13477  8349
3 852  8343  8344
3 3395  13476  8343
3 3397  8344  13476
3 8343  13476  8344
3 3396  13477  13475
3 3397  13476  13477
3 3395  13475  13476
3 13477  13476  13475
3 19  3514  3509
3 970  8730  3514
3 965  3509  8730
3 3514  8730  3509
3 322  5209  5207
3 2394  8745  5209
3 970  5207  8745
3 5209  8745  5207
3 317  5177  5180
3 965  8732  5177
3 2394  5180  8732
3 5177  8732  5180
3 970  8745  8730
3 2394  8732  8745
3 965  8730  8732
3 8745  8732  8730
3 154  4249  4247
3 1705  10835  4249
3 1703  4247  10835
3 4249  10835  4247
3 786  7946  7944
3 2409  10844  7946
3 1705  7944  10844
3 7946  10844  7944
3 322  5208  5211
3 1703  10837  5208
3 2409  5211  10837
3 5208  10837  5211
3 1705  10844  10835
3 2409  10837  10844
3 1703  10835  10837
3 10844  10837  10835
3 149  4217  4220
3 1673  10746  4217
3 1676  4220  10746
3 4217  10746  4220
3 317  5182  5178
3 2396  10748  5182
3 1673  5178  10748
3 5182  10748  5178
3 786  7943  7945
3 1676  10757  7943
3 2396  7945  10757
3 7943  10757  7945
3 1673  10748  10746
3 2396  10757  10748
3 1676  10746  10757
3 10748  10757  10746
3 322  5211  5209
3 2409  12476  5211
3 2394  5209  12476
3 5211  12476  5209
3 786  7945  7946
3 2396  12478  7945
3 2409  7946  12478
3 7945  12478  7946
3 317  5180  5182
3 2394  12475  5180
3 2396  5182  12475
3 5180  12475  5182
3 2409  12478  12476
3 2396  12475  12478
3 2394  12476  12475
3 12478  12475  12476
3 64  3758  3756
3 1214  9435  3758
3 1212  3756  9435
3 3758  9435  3756
3 566  6625  6623
3 3099  9442  6625
3 1214  6623  9442
3 6625  9442  6623
3 564  6611  6613
3 1212  9437  6611
3 3099  6613  9437
3 6611  9437  6613
3 1214  9442  9435
3 3099  9437  9442
3 1212  9435  9437
3 9442  9437  9435
3 211  4592  4590
3 2048  11865  4592
3 2046  4590  11865
3 4592  11865  4590
3 801  8036  8034
3 3106  11872  8036
3 2048  8034  11872
3 8036  11872  8034
3 566  6624  6627
3 2046  11867  6624
3 3106  6627  11867
3 6624  11867  6627
3 2048  11872  11865
3 3106  11867  11872
3 2046  11865  11867
3 11872  11867  11865
3 154  4248  4251
3 1704  10839  4248
3 1707  4251  10839
3 4248  10839  4251
3 564  6615  6612
3 3101  10841  6615
3 1704  6612  10841
3 6615  10841  6612
3 801  8033  8035
3 1707  10849  8033
3 3101  8035  10849
3 8033  10849  8035
3 1704  10841  10839
3 3101  10849  10841
3 1707  10839  10849
3 10841  10849  10839
3 566  6627  6625
3 3106  13182  6627
3 3099  6625  13182
3 6627  13182  6625
3 801  8035  8036
3 3101  13185  8035
3 3106  8036  13185
3 8035  13185  8036
3 564  6613  6615
3 3099  13181  6613
3 3101  6615  13181
3 6613  13181  6615
3 3106  13185  13182
3 3101  13181  13185
3 3099  13182  13181
3 13185  13181  13182
3 49  3666  3670
3 1122  9166  3666
3 1126  3670  9166
3 3666  9166  3670
3 474  6074  6071
3 2830  9168  6074
3 1122  6071  9168
3 6074  9168  6071
3 478  6095  6097
3 1126  9177  6095
3 2830  6097  9177
3 6095  9177  6097
3 1122  9168  9166
3 2830  9177  9168
3 1126  9166  9177
3 9168  9177  9166
3 149  4222  4218
3 1678  10750  4222
3 1674  4218  10750
3 4222  10750  4218
3 788  7957  7955
3 2832  10761  7957
3 1678  7955  10761
3 7957  10761  7955
3 474  6072  6076
3 1674  10752  6072
3 2832  6076  10752
3 6072  10752  6076
3 1678  10761  10750
3 2832  10752  10761
3 1674  10750  10752
3 10761  10752  10750
3 211  4589  4591
3 2045  11861  4589
3 2047  4591  11861
3 4589  11861  4591
3 478  6099  6096
3 2841  11863  6099
3 2045  6096  11863
3 6099  11863  6096
3 788  7956  7958
3 2047  11870  7956
3 2841  7958  11870
3 7956  11870  7958
3 2045  11863  11861
3 2841  11870  11863
3 2047  11861  11870
3 11863  11870  11861
3 474  6076  6074
3 2832  12913  6076
3 2830  6074  12913
3 6076  12913  6074
3 788  7958  7957
3 2841  12916  7958
3 2832  7957  12916
3 7958  12916  7957
3 478  6097  6099
3 2830  12914  6097
3 2841  6099  12914
3 6097  12914  6099
3 2832  12916  12913
3 2841  12914  12916
3 2830  12913  12914
3 12916  12914  12913
3 154  4251  4249
3 1707  10843  4251
3 1705  4249  10843
3 4251  10843  4249
3 801  8037  8033
3 3332  10850  8037
3 1707  8033  10850
3 8037  10850  8033
3 786  7944  7948
3 1705  10845  7944
3 3332  7948  10845
3 7944  10845  7948
3 1707  10850  10843
3 3332  10845  10850
3 1705  10843  10845
3 10850  10845  10843
3 211  4591  4592
3 2047  11869  4591
3 2048  4592  11869
3 4591  11869  4592
3 788  7960  7956
3 3334  11871  7960
3 2047  7956  11871
3 7960  11871  7956
3 801  8034  8038
3 2048  11873  8034
3 3334  8038  11873
3 8034  11873  8038
3 2047  11871  11869
3 3334  11873  11871
3 2048  11869  11873
3 11871  11873  11869
3 149  4220  4222
3 1676  10756  4220
3 1678  4222  10756
3 4220  10756  4222
3 786  7947  7943
3 3331  10758  7947
3 1676  7943  10758
3 7947  10758  7943
3 788  7955  7959
3 1678  10762  7955
3 3331  7959  10762
3 7955  10762  7959
3 1676  10758  10756
3 3331  10762  10758
3 1678  10756  10762
3 10758  10762  10756
3 801  8038  8037
3 3334  13414  8038
3 3332  8037  13414
3 8038  13414  8037
3 788  7959  7960
3 3331  13413  7959
3 3334  7960  13413
3 7959  13413  7960
3 786  7948  7947
3 3332  13412  7948
3 3331  7947  13412
3 7948  13412  7947
3 3334  13413  13414
3 3331  13412  13413
3 3332  13414  13412
3 13413  13412  13414
3 18  3506  3508
3 962  8721  3506
3 964  3508  8721
3 3506  8721  3508
3 314  5162  5159
3 2385  8723  5162
3 962  5159  8723
3 5162  8723  5159
3 316  5171  5173
3 964  8727  5171
3 2385  5173  8727
3 5171  8727  5173
3 962  8723  8721
3 2385  8727  8723
3 964  8721  8727
3 8723  8727  8721
3 146  4202  4199
3 1658  10692  4202
3 1655  4199  10692
3 4202  10692  4199
3 777  7891  7889
3 2387  10703  7891
3 1658  7889  10703
3 7891  10703  7889
3 314  5160  5164
3 1655  10694  5160
3 2387  5164  10694
3 5160  10694  5164
3 1658  10703  10692
3 2387  10694  10703
3 1655  10692  10694
3 10703  10694  10692
3 148  4211  4213
3 1667  10727  4211
3 1669  4213  10727
3 4211  10727  4213
3 316  5175  5172
3 2391  10729  5175
3 1667  5172  10729
3 5175  10729  5172
3 777  7890  7892
3 1669  10736  7890
3 2391  7892  10736
3 7890  10736  7892
3 1667  10729  10727
3 2391  10736  10729
3 1669  10727  10736
3 10729  10736  10727
3 314  5164  5162
3 2387  12467  5164
3 2385  5162  12467
3 5164  12467  5162
3 777  7892  7891
3 2391  12469  7892
3 2387  7891  12469
3 7892  12469  7891
3 316  5173  5175
3 2385  12468  5173
3 2391  5175  12468
3 5173  12468  5175
3 2387  12469  12467
3 2391  12468  12469
3 2385  12467  12468
3 12469  12468  12467
3 48  3664  3660
3 1120  9148  3664
3 1116  3660  9148
3 3664  9148  3660
3 472  6061  6059
3 2812  9159  6061
3 1120  6059  9159
3 6061  9159  6059
3 468  6035  6038
3 1116  9150  6035
3 2812  6038  9150
3 6035  9150  6038
3 1120  9159  9148
3 2812  9150  9159
3 1116  9148  9150
3 9159  9150  9148
3 209  4579  4577
3 2035  11825  4579
3 2033  4577  11825
3 4579  11825  4577
3 779  7904  7902
3 2823  11834  7904
3 2035  7902  11834
3 7904  11834  7902
3 472  6060  6063
3 2033  11827  6060
3 2823  6063  11827
3 6060  11827  6063
3 2035  11834  11825
3 2823  11827  11834
3 2033  11825  11827
3 11834  11827  11825
3 146  4200  4204
3 1656  10696  4200
3 1660  4204  10696
3 4200  10696  4204
3 468  6040  6036
3 2814  10698  6040
3 1656  6036  10698
3 6040  10698  6036
3 779  7901  7903
3 1660  10707  7901
3 2814  7903  10707
3 7901  10707  7903
3 1656  10698  10696
3 2814  10707  10698
3 1660  10696  10707
3 10698  10707  10696
3 472  6063  6061
3 2823  12896  6063
3 2812  6061  12896
3 6063  12896  6061
3 779  7903  7904
3 2814  12898  7903
3 2823  7904  12898
3 7903  12898  7904
3 468  6038  6040
3 2812  12895  6038
3 2814  6040  12895
3 6038  12895  6040
3 2823  12898  12896
3 2814  12895  12898
3 2812  12896  12895
3 12898  12895  12896
3 64  3755  3757
3 1211  9431  3755
3 1213  3757  9431
3 3755  9431  3757
3 563  6607  6605
3 3095  9433  6607
3 1211  6605  9433
3 6607  9433  6605
3 565  6617  6619
3 1213  9440  6617
3 3095  6619  9440
3 6617  9440  6619
3 1211  9433  9431
3 3095  9440  9433
3 1213  9431  9440
3 9433  9440  9431
3 148  4215  4212
3 1671  10731  4215
3 1668  4212  10731
3 4215  10731  4212
3 783  7927  7925
3 3097  10741  7927
3 1671  7925  10741
3 7927  10741  7925
3 563  6606  6609
3 1668  10733  6606
3 3097  6609  10733
3 6606  10733  6609
3 1671  10741  10731
3 3097  10733  10741
3 1668  10731  10733
3 10741  10733  10731
3 209  4578  4580
3 2034  11829  4578
3 2036  4580  11829
3 4578  11829  4580
3 565  6621  6618
3 3104  11831  6621
3 2034  6618  11831
3 6621  11831  6618
3 783  7926  7928
3 2036  11836  7926
3 3104  7928  11836
3 7926  11836  7928
3 2034  11831  11829
3 3104  11836  11831
3 2036  11829  11836
3 11831  11836  11829
3 563  6609  6607
3 3097  13175  6609
3 3095  6607  13175
3 6609  13175  6607
3 783  7928  7927
3 3104  13179  7928
3 3097  7927  13179
3 7928  13179  7927
3 565  6619  6621
3 3095  13176  6619
3 3104  6621  13176
3 6619  13176  6621
3 3097  13179  13175
3 3104  13176  13179
3 3095  13175  13176
3 13179  13176  13175
3 146  4204  4202
3 1660  10702  4204
3 1658  4202  10702
3 4204  10702  4202
3 779  7905  7901
3 3323  10708  7905
3 1660  7901  10708
3 7905  10708  7901
3 777  7889  7893
3 1658  10704  7889
3 3323  7893  10704
3 7889  10704  7893
3 1660  10708  10702
3 3323  10704  10708
3 1658  10702  10704
3 10708  10704  10702
3 209  4580  4579
3 2036  11833  4580
3 2035  4579  11833
3 4580  11833  4579
3 783  7930  7926
3 3325  11837  7930
3 2036  7926  11837
3 7930  11837  7926
3 779  7902  7906
3 2035  11835  7902
3 3325  7906  11835
3 7902  11835  7906
3 2036  11837  11833
3 3325  11835  11837
3 2035  11833  11835
3 11837  11835  11833
3 148  4213  4215
3 1669  10735  4213
3 1671  4215  10735
3 4213  10735  4215
3 777  7894  7890
3 3324  10737  7894
3 1669  7890  10737
3 7894  10737  7890
3 783  7925  7929
3 1671  10742  7925
3 3324  7929  10742
3 7925  10742  7929
3 1669  10737  10735
3 3324  10742  10737
3 1671  10735  10742
3 10737  10742  10735
3 779  7906  7905
3 3325  13404  7906
3 3323  7905  13404
3 7906  13404  7905
3 783  7929  7930
3 3324  13405  7929
3 3325  7930  13405
3 7929  13405  7930
3 777  7893  7894
3 3323  13403  7893
3 3324  7894  13403
3 7893  13403  7894
3 3325  13405  13404
3 3324  13403  13405
3 3323  13404  13403
3 13405  13403  13404
3 10  3464  3463
3 920  8595  3464
3 919  3463  8595
3 3464  8595  3463
3 272  4914  4911
3 2259  8599  4914
3 920  4911  8599
3 4914  8599  4911
3 271  4905  4908
3 919  8597  4905
3 2259  4908  8597
3 4905  8597  4908
3 920  8599  8595
3 2259  8597  8599
3 919  8595  8597
3 8599  8597  8595
3 104  3954  3951
3 1410  9954  3954
3 1407  3951  9954
3 3954  9954  3951
3 651  7136  7134
3 2263  9965  7136
3 1410  7134  9965
3 7136  9965  7134
3 272  4912  4916
3 1407  9956  4912
3 2263  4916  9956
3 4912  9956  4916
3 1410  9965  9954
3 2263  9956  9965
3 1407  9954  9956
3 9965  9956  9954
3 103  3945  3948
3 1401  9936  3945
3 1404  3948  9936
3 3945  9936  3948
3 271  4910  4906
3 2261  9938  4910
3 1401  4906  9938
3 4910  9938  4906
3 651  7133  7135
3 1404  9947  7133
3 2261  7135  9947
3 7133  9947  7135
3 1401  9938  9936
3 2261  9947  9938
3 1404  9936  9947
3 9938  9947  9936
3 272  4916  4914
3 2263  12342  4916
3 2259  4914  12342
3 4916  12342  4914
3 651  7135  7136
3 2261  12343  7135
3 2263  7136  12343
3 7135  12343  7136
3 271  4908  4910
3 2259  12341  4908
3 2261  4910  12341
3 4908  12341  4910
3 2263  12343  12342
3 2261  12341  12343
3 2259  12342  12341
3 12343  12341  12342
3 49  3668  3665
3 1124  9162  3668
3 1121  3665  9162
3 3668  9162  3665
3 476  6085  6083
3 2826  9173  6085
3 1124  6083  9173
3 6085  9173  6083
3 473  6065  6068
3 1121  9164  6065
3 2826  6068  9164
3 6065  9164  6068
3 1124  9173  9162
3 2826  9164  9173
3 1121  9162  9164
3 9173  9164  9162
3 208  4574  4572
3 2030  11811  4574
3 2028  4572  11811
3 4574  11811  4572
3 655  7160  7158
3 2837  11818  7160
3 2030  7158  11818
3 7160  11818  7158
3 476  6084  6087
3 2028  11813  6084
3 2837  6087  11813
3 6084  11813  6087
3 2030  11818  11811
3 2837  11813  11818
3 2028  11811  11813
3 11818  11813  11811
3 104  3952  3956
3 1408  9958  3952
3 1412  3956  9958
3 3952  9958  3956
3 473  6070  6066
3 2828  9960  6070
3 1408  6066  9960
3 6070  9960  6066
3 655  7157  7159
3 1412  9969  7157
3 2828  7159  9969
3 7157  9969  7159
3 1408  9960  9958
3 2828  9969  9960
3 1412  9958  9969
3 9960  9969  9958
3 476  6087  6085
3 2837  12908  6087
3 2826  6085  12908
3 6087  12908  6085
3 655  7159  7160
3 2828  12910  7159
3 2837  7160  12910
3 7159  12910  7160
3 473  6068  6070
3 2826  12907  6068
3 2828  6070  12907
3 6068  12907  6070
3 2837  12910  12908
3 2828  12907  12910
3 2826  12908  12907
3 12910  12907  12908
3 48  3659  3663
3 1115  9144  3659
3 1119  3663  9144
3 3659  9144  3663
3 467  6032  6029
3 2808  9146  6032
3 1115  6029  9146
3 6032  9146  6029
3 471  6053  6055
3 1119  9157  6053
3 2808  6055  9157
3 6053  9157  6055
3 1115  9146  9144
3 2808  9157  9146
3 1119  9144  9157
3 9146  9157  9144
3 103  3950  3946
3 1406  9940  3950
3 1402  3946  9940
3 3950  9940  3946
3 653  7147  7145
3 2810  9951  7147
3 1406  7145  9951
3 7147  9951  7145
3 467  6030  6034
3 1402  9942  6030
3 2810  6034  9942
3 6030  9942  6034
3 1406  9951  9940
3 2810  9942  9951
3 1402  9940  9942
3 9951  9942  9940
3 208  4571  4573
3 2027  11807  4571
3 2029  4573  11807
3 4571  11807  4573
3 471  6057  6054
3 2821  11809  6057
3 2027  6054  11809
3 6057  11809  6054
3 653  7146  7148
3 2029  11816  7146
3 2821  7148  11816
3 7146  11816  7148
3 2027  11809  11807
3 2821  11816  11809
3 2029  11807  11816
3 11809  11816  11807
3 467  6034  6032
3 2810  12889  6034
3 2808  6032  12889
3 6034  12889  6032
3 653  7148  7147
3 2821  12892  7148
3 2810  7147  12892
3 7148  12892  7147
3 471  6055  6057
3 2808  12890  6055
3 2821  6057  12890
3 6055  12890  6057
3 2810  12892  12889
3 2821  12890  12892
3 2808  12889  12890
3 12892  12890  12889
3 104  3956  3954
3 1412  9964  3956
3 1410  3954  9964
3 3956  9964  3954
3 655  7161  7157
3 3198  9970  7161
3 1412  7157  9970
3 7161  9970  7157
3 651  7134  7138
3 1410  9966  7134
3 3198  7138  9966
3 7134  9966  7138
3 1412  9970  9964
3 3198  9966  9970
3 1410  9964  9966
3 9970  9966  9964
3 208  4573  4574
3 2029  11815  4573
3 2030  4574  11815
3 4573  11815  4574
3 653  7150  7146
3 3199  11817  7150
3 2029  7146  11817
3 7150  11817  7146
3 655  7158  7162
3 2030  11819  7158
3 3199  7162  11819
3 7158  11819  7162
3 2029  11817  11815
3 3199  11819  11817
3 2030  11815  11819
3 11817  11819  11815
3 103  3948  3950
3 1404  9946  3948
3 1406  3950  9946
3 3948  9946  3950
3 651  7137  7133
3 3197  9948  7137
3 1404  7133  9948
3 7137  9948  7133
3 653  7145  7149
3 1406  9952  7145
3 3197  7149  9952
3 7145  9952  7149
3 1404  9948  9946
3 3197  9952  9948
3 1406  9946  9952
3 9948  9952  9946
3 655  7162  7161
3 3199  13279  7162
3 3198  7161  13279
3 7162  13279  7161
3 653  7149  7150
3 3197  13278  7149
3 3199  7150  13278
3 7149  13278  7150
3 651  7138  7137
3 3198  13277  7138
3 3197  7137  13277
3 7138  13277  7137
3 3199  13278  13279
3 3197  13277  13278
3 3198  13279  13277
3 13278  13277  13279
3 64  3757  3758
3 1213  9439  3757
3 1214  3758  9439
3 3757  9439  3758
3 565  6620  6617
3 3103  9441  6620
3 1213  6617  9441
3 6620  9441  6617
3 566  6623  6626
3 1214  9443  6623
3 3103  6626  9443
3 6623  9443  6626
3 1213  9441  9439
3 3103  9443  9441
3 1214  9439  9443
3 9441  9443  9439
3 209  4582  4578
3 2038  11830  4582
3 2034  4578  11830
3 4582  11830  4578
3 859  8383  8381
3 3105  11841  8383
3 2038  8381  11841
3 8383  11841  8381
3 565  6618  6622
3 2034  11832  6618
3 3105  6622  11832
3 6618  11832  6622
3 2038  11841  11830
3 3105  11832  11841
3 2034  11830  11832
3 11841  11832  11830
3 211  4590  4594
3 2046  11866  4590
3 2050  4594  11866
3 4590  11866  4594
3 566  6628  6624
3 3107  11868  6628
3 2046  6624  11868
3 6628  11868  6624
3 859  8382  8384
3 2050  11877  8382
3 3107  8384  11877
3 8382  11877  8384
3 2046  11868  11866
3 3107  11877  11868
3 2050  11866  11877
3 11868  11877  11866
3 565  6622  6620
3 3105  13187  6622
3 3103  6620  13187
3 6622  13187  6620
3 859  8384  8383
3 3107  13189  8384
3 3105  8383  13189
3 8384  13189  8383
3 566  6626  6628
3 3103  13188  6626
3 3107  6628  13188
3 6626  13188  6628
3 3105  13189  13187
3 3107  13188  13189
3 3103  13187  13188
3 13189  13188  13187
3 48  3663  3664
3 1119  9156  3663
3 1120  3664  9156
3 3663  9156  3664
3 471  6056  6053
3 2820  9158  6056
3 1119  6053  9158
3 6056  9158  6053
3 472  6059  6062
3 1120  9160  6059
3 2820  6062  9160
3 6059  9160  6062
3 1119  9158  9156
3 2820  9160  9158
3 1120  9156  9160
3 9158  9160  9156
3 208  4575  4571
3 2031  11808  4575
3 2027  4571  11808
3 4575  11808  4571
3 857  8371  8369
3 2822  11821  8371
3 2031  8369  11821
3 8371  11821  8369
3 471  6054  6058
3 2027  11810  6054
3 2822  6058  11810
3 6054  11810  6058
3 2031  11821  11808
3 2822  11810  11821
3 2027  11808  11810
3 11821  11810  11808
3 209  4577  4581
3 2033  11826  4577
3 2037  4581  11826
3 4577  11826  4581
3 472  6064  6060
3 2824  11828  6064
3 2033  6060  11828
3 6064  11828  6060
3 857  8370  8372
3 2037  11839  8370
3 2824  8372  11839
3 8370  11839  8372
3 2033  11828  11826
3 2824  11839  11828
3 2037  11826  11839
3 11828  11839  11826
3 471  6058  6056
3 2822  12902  6058
3 2820  6056  12902
3 6058  12902  6056
3 857  8372  8371
3 2824  12904  8372
3 2822  8371  12904
3 8372  12904  8371
3 472  6062  6064
3 2820  12903  6062
3 2824  6064  12903
3 6062  12903  6064
3 2822  12904  12902
3 2824  12903  12904
3 2820  12902  12903
3 12904  12903  12902
3 49  3670  3668
3 1126  9172  3670
3 1124  3668  9172
3 3670  9172  3668
3 478  6098  6095
3 2836  9178  6098
3 1126  6095  9178
3 6098  9178  6095
3 476  6083  6086
3 1124  9174  6083
3 2836  6086  9174
3 6083  9174  6086
3 1126  9178  9172
3 2836  9174  9178
3 1124  9172  9174
3 9178  9174  9172
3 211  4593  4589
3 2049  11862  4593
3 2045  4589  11862
3 4593  11862  4589
3 858  8378  8376
3 2842  11875  8378
3 2049  8376  11875
3 8378  11875  8376
3 478  6096  6100
3 2045  11864  6096
3 2842  6100  11864
3 6096  11864  6100
3 2049  11875  11862
3 2842  11864  11875
3 2045  11862  11864
3 11875  11864  11862
3 208  4572  4576
3 2028  11812  4572
3 2032  4576  11812
3 4572  11812  4576
3 476  6088  6084
3 2838  11814  6088
3 2028  6084  11814
3 6088  11814  6084
3 858  8375  8377
3 2032  11823  8375
3 2838  8377  11823
3 8375  11823  8377
3 2028  11814  11812
3 2838  11823  11814
3 2032  11812  11823
3 11814  11823  11812
3 478  6100  6098
3 2842  12921  6100
3 2836  6098  12921
3 6100  12921  6098
3 858  8377  8378
3 2838  12922  8377
3 2842  8378  12922
3 8377  12922  8378
3 476  6086  6088
3 2836  12920  6086
3 2838  6088  12920
3 6086  12920  6088
3 2842  12922  12921
3 2838  12920  12922
3 2836  12921  12920
3 12922  12920  12921
3 209  4581  4582
3 2037  11838  4581
3 2038  4582  11838
3 4581  11838  4582
3 857  8374  8370
3 3402  11840  8374
3 2037  8370  11840
3 8374  11840  8370
3 859  8381  8385
3 2038  11842  8381
3 3402  8385  11842
3 8381  11842  8385
3 2037  11840  11838
3 3402  11842  11840
3 2038  11838  11842
3 11840  11842  11838
3 208  4576  4575
3 2032  11820  4576
3 2031  4575  11820
3 4576  11820  4575
3 858  8379  8375
3 3401  11824  8379
3 2032  8375  11824
3 8379  11824  8375
3 857  8369  8373
3 2031  11822  8369
3 3401  8373  11822
3 8369  11822  8373
3 2032  11824  11820
3 3401  11822  11824
3 2031  11820  11822
3 11824  11822  11820
3 211  4594  4593
3 2050  11874  4594
3 2049  4593  11874
3 4594  11874  4593
3 859  8386  8382
3 3403  11878  8386
3 2050  8382  11878
3 8386  11878  8382
3 858  8376  8380
3 2049  11876  8376
3 3403  8380  11876
3 8376  11876  8380
3 2050  11878  11874
3 3403  11876  11878
3 2049  11874  11876
3 11878  11876  11874
3 857  8373  8374
3 3401  13481  8373
3 3402  8374  13481
3 8373  13481  8374
3 858  8380  8379
3 3403  13482  8380
3 3401  8379  13482
3 8380  13482  8379
3 859  8385  8386
3 3402  13483  8385
3 3403  8386  13483
3 8385  13483  8386
3 3401  13482  13481
3 3403  13483  13482
3 3402  13481  13483
3 13482  13483  13481
3 19  3509  3510
3 965  8729  3509
3 966  3510  8729
3 3509  8729  3510
3 317  5179  5177
3 2393  8731  5179
3 965  5177  8731
3 5179  8731  5177
3 318  5183  5185
3 966  8734  5183
3 2393  5185  8734
3 5183  8734  5185
3 965  8731  8729
3 2393  8734  8731
3 966  8729  8734
3 8731  8734  8729
3 149  4219  4217
3 1675  10745  4219
3 1673  4217  10745
3 4219  10745  4217
3 785  7939  7937
3 2395  10754  7939
3 1675  7937  10754
3 7939  10754  7937
3 317  5178  5181
3 1673  10747  5178
3 2395  5181  10747
3 5178  10747  5181
3 1675  10754  10745
3 2395  10747  10754
3 1673  10745  10747
3 10754  10747  10745
3 150  4223  4225
3 1679  10763  4223
3 1681  4225  10763
3 4223  10763  4225
3 318  5187  5184
3 2398  10765  5187
3 1679  5184  10765
3 5187  10765  5184
3 785  7938  7940
3 1681  10772  7938
3 2398  7940  10772
3 7938  10772  7940
3 1679  10765  10763
3 2398  10772  10765
3 1681  10763  10772
3 10765  10772  10763
3 317  5181  5179
3 2395  12473  5181
3 2393  5179  12473
3 5181  12473  5179
3 785  7940  7939
3 2398  12477  7940
3 2395  7939  12477
3 7940  12477  7939
3 318  5185  5187
3 2393  12474  5185
3 2398  5187  12474
3 5185  12474  5187
3 2395  12477  12473
3 2398  12474  12477
3 2393  12473  12474
3 12477  12474  12473
3 49  3669  3666
3 1125  9165  3669
3 1122  3666  9165
3 3669  9165  3666
3 477  6091  6089
3 2829  9175  6091
3 1125  6089  9175
3 6091  9175  6089
3 474  6071  6073
3 1122  9167  6071
3 2829  6073  9167
3 6071  9167  6073
3 1125  9175  9165
3 2829  9167  9175
3 1122  9165  9167
3 9175  9167  9165
3 210  4585  4583
3 2041  11843  4585
3 2039  4583  11843
3 4585  11843  4583
3 787  7952  7950
3 2839  11852  7952
3 2041  7950  11852
3 7952  11852  7950
3 477  6090  6093
3 2039  11845  6090
3 2839  6093  11845
3 6090  11845  6093
3 2041  11852  11843
3 2839  11845  11852
3 2039  11843  11845
3 11852  11845  11843
3 149  4218  4221
3 1674  10749  4218
3 1677  4221  10749
3 4218  10749  4221
3 474  6075  6072
3 2831  10751  6075
3 1674  6072  10751
3 6075  10751  6072
3 787  7949  7951
3 1677  10759  7949
3 2831  7951  10759
3 7949  10759  7951
3 1674  10751  10749
3 2831  10759  10751
3 1677  10749  10759
3 10751  10759  10749
3 477  6093  6091
3 2839  12912  6093
3 2829  6091  12912
3 6093  12912  6091
3 787  7951  7952
3 2831  12915  7951
3 2839  7952  12915
3 7951  12915  7952
3 474  6073  6075
3 2829  12911  6073
3 2831  6075  12911
3 6073  12911  6075
3 2839  12915  12912
3 2831  12911  12915
3 2829  12912  12911
3 12915  12911  12912
3 51  3678  3680
3 1134  9201  3678
3 1136  3680  9201
3 3678  9201  3680
3 486  6145  6143
3 2865  9203  6145
3 1134  6143  9203
3 6145  9203  6143
3 488  6155  6157
3 1136  9208  6155
3 2865  6157  9208
3 6155  9208  6157
3 1134  9203  9201
3 2865  9208  9203
3 1136  9201  9208
3 9203  9208  9201
3 150  4227  4224
3 1683  10767  4227
3 1680  4224  10767
3 4227  10767  4224
3 790  7969  7967
3 2867  10777  7969
3 1683  7967  10777
3 7969  10777  7967
3 486  6144  6147
3 1680  10769  6144
3 2867  6147  10769
3 6144  10769  6147
3 1683  10777  10767
3 2867  10769  10777
3 1680  10767  10769
3 10777  10769  10767
3 210  4584  4586
3 2040  11847  4584
3 2042  4586  11847
3 4584  11847  4586
3 488  6159  6156
3 2872  11849  6159
3 2040  6156  11849
3 6159  11849  6156
3 790  7968  7970
3 2042  11854  7968
3 2872  7970  11854
3 7968  11854  7970
3 2040  11849  11847
3 2872  11854  11849
3 2042  11847  11854
3 11849  11854  11847
3 486  6147  6145
3 2867  12947  6147
3 2865  6145  12947
3 6147  12947  6145
3 790  7970  7969
3 2872  12951  7970
3 2867  7969  12951
3 7970  12951  7969
3 488  6157  6159
3 2865  12948  6157
3 2872  6159  12948
3 6157  12948  6159
3 2867  12951  12947
3 2872  12948  12951
3 2865  12947  12948
3 12951  12948  12947
3 149  4221  4219
3 1677  10753  4221
3 1675  4219  10753
3 4221  10753  4219
3 787  7953  7949
3 3329  10760  7953
3 1677  7949  10760
3 7953  10760  7949
3 785  7937  7941
3 1675  10755  7937
3 3329  7941  10755
3 7937  10755  7941
3 1677  10760  10753
3 3329  10755  10760
3 1675  10753  10755
3 10760  10755  10753
3 210  4586  4585
3 2042  11851  4586
3 2041  4585  11851
3 4586  11851  4585
3 790  7972  7968
3 3333  11855  7972
3 2042  7968  11855
3 7972  11855  7968
3 787  7950  7954
3 2041  11853  7950
3 3333  7954  11853
3 7950  11853  7954
3 2042  11855  11851
3 3333  11853  11855
3 2041  11851  11853
3 11855  11853  11851
3 150  4225  4227
3 1681  10771  4225
3 1683  4227  10771
3 4225  10771  4227
3 785  7942  7938
3 3330  10773  7942
3 1681  7938  10773
3 7942  10773  7938
3 790  7967  7971
3 1683  10778  7967
3 3330  7971  10778
3 7967  10778  7971
3 1681  10773  10771
3 3330  10778  10773
3 1683  10771  10778
3 10773  10778  10771
3 787  7954  7953
3 3333  13410  7954
3 3329  7953  13410
3 7954  13410  7953
3 790  7971  7972
3 3330  13411  7971
3 3333  7972  13411
3 7971  13411  7972
3 785  7941  7942
3 3329  13409  7941
3 3330  7942  13409
3 7941  13409  7942
3 3333  13411  13410
3 3330  13409  13411
3 3329  13410  13409
3 13411  13409  13410
3 10  3462  3464
3 918  8593  3462
3 920  3464  8593
3 3462  8593  3464
3 270  4903  4901
3 2257  8594  4903
3 918  4901  8594
3 4903  8594  4901
3 272  4911  4913
3 920  8598  4911
3 2257  4913  8598
3 4911  8598  4913
3 918  8594  8593
3 2257  8598  8594
3 920  8593  8598
3 8594  8598  8593
3 102  3943  3941
3 1399  9926  3943
3 1397  3941  9926
3 3943  9926  3941
3 649  7123  7121
3 2258  9931  7123
3 1399  7121  9931
3 7123  9931  7121
3 270  4902  4904
3 1397  9927  4902
3 2258  4904  9927
3 4902  9927  4904
3 1399  9931  9926
3 2258  9927  9931
3 1397  9926  9927
3 9931  9927  9926
3 104  3951  3953
3 1407  9953  3951
3 1409  3953  9953
3 3951  9953  3953
3 272  4915  4912
3 2262  9955  4915
3 1407  4912  9955
3 4915  9955  4912
3 649  7122  7124
3 1409  9962  7122
3 2262  7124  9962
3 7122  9962  7124
3 1407  9955  9953
3 2262  9962  9955
3 1409  9953  9962
3 9955  9962  9953
3 270  4904  4903
3 2258  12338  4904
3 2257  4903  12338
3 4904  12338  4903
3 649  7124  7123
3 2262  12340  7124
3 2258  7123  12340
3 7124  12340  7123
3 272  4913  4915
3 2257  12339  4913
3 2262  4915  12339
3 4913  12339  4915
3 2258  12340  12338
3 2262  12339  12340
3 2257  12338  12339
3 12340  12339  12338
3 47  3657  3655
3 1113  9134  3657
3 1111  3655  9134
3 3657  9134  3655
3 465  6019  6017
3 2798  9139  6019
3 1113  6017  9139
3 6019  9139  6017
3 463  6009  6011
3 1111  9135  6009
3 2798  6011  9135
3 6009  9135  6011
3 1113  9139  9134
3 2798  9135  9139
3 1111  9134  9135
3 9139  9135  9134
3 206  4561  4559
3 2017  11771  4561
3 2015  4559  11771
3 4561  11771  4559
3 650  7130  7128
3 2803  11780  7130
3 2017  7128  11780
3 7130  11780  7128
3 465  6018  6021
3 2015  11773  6018
3 2803  6021  11773
3 6018  11773  6021
3 2017  11780  11771
3 2803  11773  11780
3 2015  11771  11773
3 11780  11773  11771
3 102  3942  3944
3 1398  9928  3942
3 1400  3944  9928
3 3942  9928  3944
3 463  6012  6010
3 2799  9929  6012
3 1398  6010  9929
3 6012  9929  6010
3 650  7127  7129
3 1400  9933  7127
3 2799  7129  9933
3 7127  9933  7129
3 1398  9929  9928
3 2799  9933  9929
3 1400  9928  9933
3 9929  9933  9928
3 465  6021  6019
3 2803  12879  6021
3 2798  6019  12879
3 6021  12879  6019
3 650  7129  7130
3 2799  12880  7129
3 2803  7130  12880
3 7129  12880  7130
3 463  6011  6012
3 2798  12878  6011
3 2799  6012  12878
3 6011  12878  6012
3 2803  12880  12879
3 2799  12878  12880
3 2798  12879  12878
3 12880  12878  12879
3 49  3665  3667
3 1121  9161  3665
3 1123  3667  9161
3 3665  9161  3667
3 473  6067  6065
3 2825  9163  6067
3 1121  6065  9163
3 6067  9163  6065
3 475  6077  6079
3 1123  9170  6077
3 2825  6079  9170
3 6077  9170  6079
3 1121  9163  9161
3 2825  9170  9163
3 1123  9161  9170
3 9163  9170  9161
3 104  3955  3952
3 1411  9957  3955
3 1408  3952  9957
3 3955  9957  3952
3 654  7153  7151
3 2827  9967  7153
3 1411  7151  9967
3 7153  9967  7151
3 473  6066  6069
3 1408  9959  6066
3 2827  6069  9959
3 6066  9959  6069
3 1411  9967  9957
3 2827  9959  9967
3 1408  9957  9959
3 9967  9959  9957
3 206  4560  4562
3 2016  11775  4560
3 2018  4562  11775
3 4560  11775  4562
3 475  6081  6078
3 2834  11777  6081
3 2016  6078  11777
3 6081  11777  6078
3 654  7152  7154
3 2018  11782  7152
3 2834  7154  11782
3 7152  11782  7154
3 2016  11777  11775
3 2834  11782  11777
3 2018  11775  11782
3 11777  11782  11775
3 473  6069  6067
3 2827  12905  6069
3 2825  6067  12905
3 6069  12905  6067
3 654  7154  7153
3 2834  12909  7154
3 2827  7153  12909
3 7154  12909  7153
3 475  6079  6081
3 2825  12906  6079
3 2834  6081  12906
3 6079  12906  6081
3 2827  12909  12905
3 2834  12906  12909
3 2825  12905  12906
3 12909  12906  12905
3 102  3944  3943
3 1400  9930  3944
3 1399  3943  9930
3 3944  9930  3943
3 650  7131  7127
3 3194  9934  7131
3 1400  7127  9934
3 7131  9934  7127
3 649  7121  7125
3 1399  9932  7121
3 3194  7125  9932
3 7121  9932  7125
3 1400  9934  9930
3 3194  9932  9934
3 1399  9930  9932
3 9934  9932  9930
3 206  4562  4561
3 2018  11779  4562
3 2017  4561  11779
3 4562  11779  4561
3 654  7156  7152
3 3196  11783  7156
3 2018  7152  11783
3 7156  11783  7152
3 650  7128  7132
3 2017  11781  7128
3 3196  7132  11781
3 7128  11781  7132
3 2018  11783  11779
3 3196  11781  11783
3 2017  11779  11781
3 11783  11781  11779
3 104  3953  3955
3 1409  9961  3953
3 1411  3955  9961
3 3953  9961  3955
3 649  7126  7122
3 3195  9963  7126
3 1409  7122  9963
3 7126  9963  7122
3 654  7151  7155
3 1411  9968  7151
3 3195  7155  9968
3 7151  9968  7155
3 1409  9963  9961
3 3195  9968  9963
3 1411  9961  9968
3 9963  9968  9961
3 650  7132  7131
3 3196  13275  7132
3 3194  7131  13275
3 7132  13275  7131
3 654  7155  7156
3 3195  13276  7155
3 3196  7156  13276
3 7155  13276  7156
3 649  7125  7126
3 3194  13274  7125
3 3195  7126  13274
3 7125  13274  7126
3 3196  13276  13275
3 3195  13274  13276
3 3194  13275  13274
3 13276  13274  13275
3 11  3468  3466
3 924  8602  3468
3 922  3466  8602
3 3468  8602  3466
3 276  4933  4931
3 2266  8607  4933
3 924  4931  8607
3 4933  8607  4931
3 274  4921  4923
3 922  8603  4921
3 2266  4923  8603
3 4921  8603  4923
3 924  8607  8602
3 2266  8603  8607
3 922  8602  8603
3 8607  8603  8602
3 108  3973  3971
3 1429  10007  3973
3 1427  3971  10007
3 3973  10007  3971
3 658  7178  7176
3 2271  10016  7178
3 1429  7176  10016
3 7178  10016  7176
3 276  4932  4935
3 1427  10009  4932
3 2271  4935  10009
3 4932  10009  4935
3 1429  10016  10007
3 2271  10009  10016
3 1427  10007  10009
3 10016  10009  10007
3 106  3961  3963
3 1417  9980  3961
3 1419  3963  9980
3 3961  9980  3963
3 274  4924  4922
3 2267  9981  4924
3 1417  4922  9981
3 4924  9981  4922
3 658  7175  7177
3 1419  9985  7175
3 2267  7177  9985
3 7175  9985  7177
3 1417  9981  9980
3 2267  9985  9981
3 1419  9980  9985
3 9981  9985  9980
3 276  4935  4933
3 2271  12348  4935
3 2266  4933  12348
3 4935  12348  4933
3 658  7177  7178
3 2267  12349  7177
3 2271  7178  12349
3 7177  12349  7178
3 274  4923  4924
3 2266  12347  4923
3 2267  4924  12347
3 4923  12347  4924
3 2271  12349  12348
3 2267  12347  12349
3 2266  12348  12347
3 12349  12347  12348
3 51  3679  3677
3 1135  9197  3679
3 1133  3677  9197
3 3679  9197  3677
3 487  6151  6149
3 2861  9206  6151
3 1135  6149  9206
3 6151  9206  6149
3 485  6137  6139
3 1133  9199  6137
3 2861  6139  9199
3 6137  9199  6139
3 1135  9206  9197
3 2861  9199  9206
3 1133  9197  9199
3 9206  9199  9197
3 207  4568  4566
3 2024  11793  4568
3 2022  4566  11793
3 4568  11793  4566
3 663  7208  7206
3 2870  11800  7208
3 2024  7206  11800
3 7208  11800  7206
3 487  6150  6153
3 2022  11795  6150
3 2870  6153  11795
3 6150  11795  6153
3 2024  11800  11793
3 2870  11795  11800
3 2022  11793  11795
3 11800  11795  11793
3 108  3972  3975
3 1428  10011  3972
3 1431  3975  10011
3 3972  10011  3975
3 485  6141  6138
3 2863  10013  6141
3 1428  6138  10013
3 6141  10013  6138
3 663  7205  7207
3 1431  10021  7205
3 2863  7207  10021
3 7205  10021  7207
3 1428  10013  10011
3 2863  10021  10013
3 1431  10011  10021
3 10013  10021  10011
3 487  6153  6151
3 2870  12942  6153
3 2861  6151  12942
3 6153  12942  6151
3 663  7207  7208
3 2863  12945  7207
3 2870  7208  12945
3 7207  12945  7208
3 485  6139  6141
3 2861  12941  6139
3 2863  6141  12941
3 6139  12941  6141
3 2870  12945  12942
3 2863  12941  12945
3 2861  12942  12941
3 12945  12941  12942
3 47  3656  3658
3 1112  9136  3656
3 1114  3658  9136
3 3656  9136  3658
3 464  6015  6013
3 2800  9137  6015
3 1112  6013  9137
3 6015  9137  6013
3 466  6023  6025
3 1114  9141  6023
3 2800  6025  9141
3 6023  9141  6025
3 1112  9137  9136
3 2800  9141  9137
3 1114  9136  9141
3 9137  9141  9136
3 106  3964  3962
3 1420  9982  3964
3 1418  3962  9982
3 3964  9982  3962
3 659  7183  7181
3 2801  9987  7183
3 1420  7181  9987
3 7183  9987  7181
3 464  6014  6016
3 1418  9983  6014
3 2801  6016  9983
3 6014  9983  6016
3 1420  9987  9982
3 2801  9983  9987
3 1418  9982  9983
3 9987  9983  9982
3 207  4565  4567
3 2021  11789  4565
3 2023  4567  11789
3 4565  11789  4567
3 466  6027  6024
3 2805  11791  6027
3 2021  6024  11791
3 6027  11791  6024
3 659  7182  7184
3 2023  11798  7182
3 2805  7184  11798
3 7182  11798  7184
3 2021  11791  11789
3 2805  11798  11791
3 2023  11789  11798
3 11791  11798  11789
3 464  6016  6015
3 2801  12881  6016
3 2800  6015  12881
3 6016  12881  6015
3 659  7184  7183
3 2805  12883  7184
3 2801  7183  12883
3 7184  12883  7183
3 466  6025  6027
3 2800  12882  6025
3 2805  6027  12882
3 6025  12882  6027
3 2801  12883  12881
3 2805  12882  12883
3 2800  12881  12882
3 12883  12882  12881
3 108  3975  3973
3 1431  10015  3975
3 1429  3973  10015
3 3975  10015  3973
3 663  7209  7205
3 3204  10022  7209
3 1431  7205  10022
3 7209  10022  7205
3 658  7176  7180
3 1429  10017  7176
3 3204  7180  10017
3 7176  10017  7180
3 1431  10022  10015
3 3204  10017  10022
3 1429  10015  10017
3 10022  10017  10015
3 207  4567  4568
3 2023  11797  4567
3 2024  4568  11797
3 4567  11797  4568
3 659  7186  7182
3 3205  11799  7186
3 2023  7182  11799
3 7186  11799  7182
3 663  7206  7210
3 2024  11801  7206
3 3205  7210  11801
3 7206  11801  7210
3 2023  11799  11797
3 3205  11801  11799
3 2024  11797  11801
3 11799  11801  11797
3 106  3963  3964
3 1419  9984  3963
3 1420  3964  9984
3 3963  9984  3964
3 658  7179  7175
3 3203  9986  7179
3 1419  7175  9986
3 7179  9986  7175
3 659  7181  7185
3 1420  9988  7181
3 3203  7185  9988
3 7181  9988  7185
3 1419  9986  9984
3 3203  9988  9986
3 1420  9984  9988
3 9986  9988  9984
3 663  7210  7209
3 3205  13285  7210
3 3204  7209  13285
3 7210  13285  7209
3 659  7185  7186
3 3203  13284  7185
3 3205  7186  13284
3 7185  13284  7186
3 658  7180  7179
3 3204  13283  7180
3 3203  7179  13283
3 7180  13283  7179
3 3205  13284  13285
3 3203  13283  13284
3 3204  13285  13283
3 13284  13283  13285
3 49  3667  3669
3 1123  9169  3667
3 1125  3669  9169
3 3667  9169  3669
3 475  6080  6077
3 2833  9171  6080
3 1123  6077  9171
3 6080  9171  6077
3 477  6089  6092
3 1125  9176  6089
3 2833  6092  9176
3 6089  9176  6092
3 1123  9171  9169
3 2833  9176  9171
3 1125  9169  9176
3 9171  9176  9169
3 206  4564  4560
3 2020  11776  4564
3 2016  4560  11776
3 4564  11776  4560
3 855  8359  8357
3 2835  11787  8359
3 2020  8357  11787
3 8359  11787  8357
3 475  6078  6082
3 2016  11778  6078
3 2835  6082  11778
3 6078  11778  6082
3 2020  11787  11776
3 2835  11778  11787
3 2016  11776  11778
3 11787  11778  11776
3 210  4583  4587
3 2039  11844  4583
3 2043  4587  11844
3 4583  11844  4587
3 477  6094  6090
3 2840  11846  6094
3 2039  6090  11846
3 6094  11846  6090
3 855  8358  8360
3 2043  11857  8358
3 2840  8360  11857
3 8358  11857  8360
3 2039  11846  11844
3 2840  11857  11846
3 2043  11844  11857
3 11846  11857  11844
3 475  6082  6080
3 2835  12917  6082
3 2833  6080  12917
3 6082  12917  6080
3 855  8360  8359
3 2840  12919  8360
3 2835  8359  12919
3 8360  12919  8359
3 477  6092  6094
3 2833  12918  6092
3 2840  6094  12918
3 6092  12918  6094
3 2835  12919  12917
3 2840  12918  12919
3 2833  12917  12918
3 12919  12918  12917
3 47  3658  3657
3 1114  9138  3658
3 1113  3657  9138
3 3658  9138  3657
3 466  6026  6023
3 2802  9142  6026
3 1114  6023  9142
3 6026  9142  6023
3 465  6017  6020
3 1113  9140  6017
3 2802  6020  9140
3 6017  9140  6020
3 1114  9142  9138
3 2802  9140  9142
3 1113  9138  9140
3 9142  9140  9138
3 207  4569  4565
3 2025  11790  4569
3 2021  4565  11790
3 4569  11790  4565
3 854  8354  8352
3 2806  11803  8354
3 2025  8352  11803
3 8354  11803  8352
3 466  6024  6028
3 2021  11792  6024
3 2806  6028  11792
3 6024  11792  6028
3 2025  11803  11790
3 2806  11792  11803
3 2021  11790  11792
3 11803  11792  11790
3 206  4559  4563
3 2015  11772  4559
3 2019  4563  11772
3 4559  11772  4563
3 465  6022  6018
3 2804  11774  6022
3 2015  6018  11774
3 6022  11774  6018
3 854  8351  8353
3 2019  11785  8351
3 2804  8353  11785
3 8351  11785  8353
3 2015  11774  11772
3 2804  11785  11774
3 2019  11772  11785
3 11774  11785  11772
3 466  6028  6026
3 2806  12885  6028
3 2802  6026  12885
3 6028  12885  6026
3 854  8353  8354
3 2804  12886  8353
3 2806  8354  12886
3 8353  12886  8354
3 465  6020  6022
3 2802  12884  6020
3 2804  6022  12884
3 6020  12884  6022
3 2806  12886  12885
3 2804  12884  12886
3 2802  12885  12884
3 12886  12884  12885
3 51  3680  3679
3 1136  9205  3680
3 1135  3679  9205
3 3680  9205  3679
3 488  6158  6155
3 2869  9209  6158
3 1136  6155  9209
3 6158  9209  6155
3 487  6149  6152
3 1135  9207  6149
3 2869  6152  9207
3 6149  9207  6152
3 1136  9209  9205
3 2869  9207  9209
3 1135  9205  9207
3 9209  9207  9205
3 210  4588  4584
3 2044  11848  4588
3 2040  4584  11848
3 4588  11848  4584
3 856  8366  8364
3 2873  11859  8366
3 2044  8364  11859
3 8366  11859  8364
3 488  6156  6160
3 2040  11850  6156
3 2873  6160  11850
3 6156  11850  6160
3 2044  11859  11848
3 2873  11850  11859
3 2040  11848  11850
3 11859  11850  11848
3 207  4566  4570
3 2022  11794  4566
3 2026  4570  11794
3 4566  11794  4570
3 487  6154  6150
3 2871  11796  6154
3 2022  6150  11796
3 6154  11796  6150
3 856  8363  8365
3 2026  11805  8363
3 2871  8365  11805
3 8363  11805  8365
3 2022  11796  11794
3 2871  11805  11796
3 2026  11794  11805
3 11796  11805  11794
3 488  6160  6158
3 2873  12954  6160
3 2869  6158  12954
3 6160  12954  6158
3 856  8365  8366
3 2871  12955  8365
3 2873  8366  12955
3 8365  12955  8366
3 487  6152  6154
3 2869  12953  6152
3 2871  6154  12953
3 6152  12953  6154
3 2873  12955  12954
3 2871  12953  12955
3 2869  12954  12953
3 12955  12953  12954
3 206  4563  4564
3 2019  11784  4563
3 2020  4564  11784
3 4563  11784  4564
3 854  8355  8351
3 3398  11786  8355
3 2019  8351  11786
3 8355  11786  8351
3 855  8357  8361
3 2020  11788  8357
3 3398  8361  11788
3 8357  11788  8361
3 2019  11786  11784
3 3398  11788  11786
3 2020  11784  11788
3 11786  11788  11784
3 207  4570  4569
3 2026  11802  4570
3 2025  4569  11802
3 4570  11802  4569
3 856  8367  8363
3 3399  11806  8367
3 2026  8363  11806
3 8367  11806  8363
3 854  8352  8356
3 2025  11804  8352
3 3399  8356  11804
3 8352  11804  8356
3 2026  11806  11802
3 3399  11804  11806
3 2025  11802  11804
3 11806  11804  11802
3 210  4587  4588
3 2043  11856  4587
3 2044  4588  11856
3 4587  11856  4588
3 855  8362  8358
3 3400  11858  8362
3 2043  8358  11858
3 8362  11858  8358
3 856  8364  8368
3 2044  11860  8364
3 3400  8368  11860
3 8364  11860  8368
3 2043  11858  11856
3 3400  11860  11858
3 2044  11856  11860
3 11858  11860  11856
3 854  8356  8355
3 3399  13478  8356
3 3398  8355  13478
3 8356  13478  8355
3 856  8368  8367
3 3400  13480  8368
3 3399  8367  13480
3 8368  13480  8367
3 855  8361  8362
3 3398  13479  8361
3 3400  8362  13479
3 8361  13479  8362
3 3399  13480  13478
3 3400  13479  13480
3 3398  13478  13479
3 13480  13479  13478
3 19  3510  3511
3 966  8733  3510
3 967  3511  8733
3 3510  8733  3511
3 318  5186  5183
3 2397  8735  5186
3 966  5183  8735
3 5186  8735  5183
3 319  5189  5191
3 967  8737  5189
3 2397  5191  8737
3 5189  8737  5191
3 966  8735  8733
3 2397  8737  8735
3 967  8733  8737
3 8735  8737  8733
3 150  4226  4223
3 1682  10764  4226
3 1679  4223  10764
3 4226  10764  4223
3 789  7963  7961
3 2399  10775  7963
3 1682  7961  10775
3 7963  10775  7961
3 318  5184  5188
3 1679  10766  5184
3 2399  5188  10766
3 5184  10766  5188
3 1682  10775  10764
3 2399  10766  10775
3 1679  10764  10766
3 10775  10766  10764
3 151  4229  4231
3 1685  10781  4229
3 1687  4231  10781
3 4229  10781  4231
3 319  5193  5190
3 2401  10783  5193
3 1685  5190  10783
3 5193  10783  5190
3 789  7962  7964
3 1687  10790  7962
3 2401  7964  10790
3 7962  10790  7964
3 1685  10783  10781
3 2401  10790  10783
3 1687  10781  10790
3 10783  10790  10781
3 318  5188  5186
3 2399  12479  5188
3 2397  5186  12479
3 5188  12479  5186
3 789  7964  7963
3 2401  12481  7964
3 2399  7963  12481
3 7964  12481  7963
3 319  5191  5193
3 2397  12480  5191
3 2401  5193  12480
3 5191  12480  5193
3 2399  12481  12479
3 2401  12480  12481
3 2397  12479  12480
3 12481  12480  12479
3 51  3682  3678
3 1138  9202  3682
3 1134  3678  9202
3 3682  9202  3678
3 490  6169  6167
3 2866  9213  6169
3 1138  6167  9213
3 6169  9213  6167
3 486  6143  6146
3 1134  9204  6143
3 2866  6146  9204
3 6143  9204  6146
3 1138  9213  9202
3 2866  9204  9213
3 1134  9202  9204
3 9213  9204  9202
3 214  4609  4607
3 2065  11915  4609
3 2063  4607  11915
3 4609  11915  4607
3 791  7976  7974
3 2877  11924  7976
3 2065  7974  11924
3 7976  11924  7974
3 490  6168  6171
3 2063  11917  6168
3 2877  6171  11917
3 6168  11917  6171
3 2065  11924  11915
3 2877  11917  11924
3 2063  11915  11917
3 11924  11917  11915
3 150  4224  4228
3 1680  10768  4224
3 1684  4228  10768
3 4224  10768  4228
3 486  6148  6144
3 2868  10770  6148
3 1680  6144  10770
3 6148  10770  6144
3 791  7973  7975
3 1684  10779  7973
3 2868  7975  10779
3 7973  10779  7975
3 1680  10770  10768
3 2868  10779  10770
3 1684  10768  10779
3 10770  10779  10768
3 490  6171  6169
3 2877  12950  6171
3 2866  6169  12950
3 6171  12950  6169
3 791  7975  7976
3 2868  12952  7975
3 2877  7976  12952
3 7975  12952  7976
3 486  6146  6148
3 2866  12949  6146
3 2868  6148  12949
3 6146  12949  6148
3 2877  12952  12950
3 2868  12949  12952
3 2866  12950  12949
3 12952  12949  12950
3 53  3690  3692
3 1146  9237  3690
3 1148  3692  9237
3 3690  9237  3692
3 498  6217  6215
3 2901  9239  6217
3 1146  6215  9239
3 6217  9239  6215
3 500  6227  6229
3 1148  9244  6227
3 2901  6229  9244
3 6227  9244  6229
3 1146  9239  9237
3 2901  9244  9239
3 1148  9237  9244
3 9239  9244  9237
3 151  4233  4230
3 1689  10785  4233
3 1686  4230  10785
3 4233  10785  4230
3 793  7987  7985
3 2903  10795  7987
3 1689  7985  10795
3 7987  10795  7985
3 498  6216  6219
3 1686  10787  6216
3 2903  6219  10787
3 6216  10787  6219
3 1689  10795  10785
3 2903  10787  10795
3 1686  10785  10787
3 10795  10787  10785
3 214  4608  4610
3 2064  11919  4608
3 2066  4610  11919
3 4608  11919  4610
3 500  6231  6228
3 2908  11921  6231
3 2064  6228  11921
3 6231  11921  6228
3 793  7986  7988
3 2066  11926  7986
3 2908  7988  11926
3 7986  11926  7988
3 2064  11921  11919
3 2908  11926  11921
3 2066  11919  11926
3 11921  11926  11919
3 498  6219  6217
3 2903  12983  6219
3 2901  6217  12983
3 6219  12983  6217
3 793  7988  7987
3 2908  12987  7988
3 2903  7987  12987
3 7988  12987  7987
3 500  6229  6231
3 2901  12984  6229
3 2908  6231  12984
3 6229  12984  6231
3 2903  12987  12983
3 2908  12984  12987
3 2901  12983  12984
3 12987  12984  12983
3 150  4228  4226
3 1684  10774  4228
3 1682  4226  10774
3 4228  10774  4226
3 791  7977  7973
3 3335  10780  7977
3 1684  7973  10780
3 7977  10780  7973
3 789  7961  7965
3 1682  10776  7961
3 3335  7965  10776
3 7961  10776  7965
3 1684  10780  10774
3 3335  10776  10780
3 1682  10774  10776
3 10780  10776  10774
3 214  4610  4609
3 2066  11923  4610
3 2065  4609  11923
3 4610  11923  4609
3 793  7990  7986
3 3337  11927  7990
3 2066  7986  11927
3 7990  11927  7986
3 791  7974  7978
3 2065  11925  7974
3 3337  7978  11925
3 7974  11925  7978
3 2066  11927  11923
3 3337  11925  11927
3 2065  11923  11925
3 11927  11925  11923
3 151  4231  4233
3 1687  10789  4231
3 1689  4233  10789
3 4231  10789  4233
3 789  7966  7962
3 3336  10791  7966
3 1687  7962  10791
3 7966  10791  7962
3 793  7985  7989
3 1689  10796  7985
3 3336  7989  10796
3 7985  10796  7989
3 1687  10791  10789
3 3336  10796  10791
3 1689  10789  10796
3 10791  10796  10789
3 791  7978  7977
3 3337  13416  7978
3 3335  7977  13416
3 7978  13416  7977
3 793  7989  7990
3 3336  13417  7989
3 3337  7990  13417
3 7989  13417  7990
3 789  7965  7966
3 3335  13415  7965
3 3336  7966  13415
3 7965  13415  7966
3 3337  13417  13416
3 3336  13415  13417
3 3335  13416  13415
3 13417  13415  13416
3 11  3467  3468
3 923  8604  3467
3 924  3468  8604
3 3467  8604  3468
3 275  4928  4925
3 2268  8606  4928
3 923  4925  8606
3 4928  8606  4925
3 276  4931  4934
3 924  8608  4931
3 2268  4934  8608
3 4931  8608  4934
3 923  8606  8604
3 2268  8608  8606
3 924  8604  8608
3 8606  8608  8604
3 107  3968  3965
3 1424  9990  3968
3 1421  3965  9990
3 3968  9990  3965
3 660  7189  7187
3 2270  10001  7189
3 1424  7187  10001
3 7189  10001  7187
3 275  4926  4930
3 1421  9992  4926
3 2270  4930  9992
3 4926  9992  4930
3 1424  10001  9990
3 2270  9992  10001
3 1421  9990  9992
3 10001  9992  9990
3 108  3971  3974
3 1427  10008  3971
3 1430  3974  10008
3 3971  10008  3974
3 276  4936  4932
3 2272  10010  4936
3 1427  4932  10010
3 4936  10010  4932
3 660  7188  7190
3 1430  10019  7188
3 2272  7190  10019
3 7188  10019  7190
3 1427  10010  10008
3 2272  10019  10010
3 1430  10008  10019
3 10010  10019  10008
3 275  4930  4928
3 2270  12350  4930
3 2268  4928  12350
3 4930  12350  4928
3 660  7190  7189
3 2272  12352  7190
3 2270  7189  12352
3 7190  12352  7189
3 276  4934  4936
3 2268  12351  4934
3 2272  4936  12351
3 4934  12351  4936
3 2270  12352  12350
3 2272  12351  12352
3 2268  12350  12351
3 12352  12351  12350
3 50  3675  3671
3 1131  9180  3675
3 1127  3671  9180
3 3675  9180  3671
3 483  6127  6125
3 2844  9193  6127
3 1131  6125  9193
3 6127  9193  6125
3 479  6101  6104
3 1127  9182  6101
3 2844  6104  9182
3 6101  9182  6104
3 1131  9193  9180
3 2844  9182  9193
3 1127  9180  9182
3 9193  9182  9180
3 212  4597  4595
3 2053  11879  4597
3 2051  4595  11879
3 4597  11879  4595
3 662  7202  7200
3 2857  11888  7202
3 2053  7200  11888
3 7202  11888  7200
3 483  6126  6129
3 2051  11881  6126
3 2857  6129  11881
3 6126  11881  6129
3 2053  11888  11879
3 2857  11881  11888
3 2051  11879  11881
3 11888  11881  11879
3 107  3966  3970
3 1422  9994  3966
3 1426  3970  9994
3 3966  9994  3970
3 479  6106  6102
3 2846  9996  6106
3 1422  6102  9996
3 6106  9996  6102
3 662  7199  7201
3 1426  10005  7199
3 2846  7201  10005
3 7199  10005  7201
3 1422  9996  9994
3 2846  10005  9996
3 1426  9994  10005
3 9996  10005  9994
3 483  6129  6127
3 2857  12926  6129
3 2844  6127  12926
3 6129  12926  6127
3 662  7201  7202
3 2846  12928  7201
3 2857  7202  12928
3 7201  12928  7202
3 479  6104  6106
3 2844  12925  6104
3 2846  6106  12925
3 6104  12925  6106
3 2857  12928  12926
3 2846  12925  12928
3 2844  12926  12925
3 12928  12925  12926
3 51  3677  3681
3 1133  9198  3677
3 1137  3681  9198
3 3677  9198  3681
3 485  6140  6137
3 2862  9200  6140
3 1133  6137  9200
3 6140  9200  6137
3 489  6161  6163
3 1137  9211  6161
3 2862  6163  9211
3 6161  9211  6163
3 1133  9200  9198
3 2862  9211  9200
3 1137  9198  9211
3 9200  9211  9198
3 108  3976  3972
3 1432  10012  3976
3 1428  3972  10012
3 3976  10012  3972
3 664  7213  7211
3 2864  10023  7213
3 1432  7211  10023
3 7213  10023  7211
3 485  6138  6142
3 1428  10014  6138
3 2864  6142  10014
3 6138  10014  6142
3 1432  10023  10012
3 2864  10014  10023
3 1428  10012  10014
3 10023  10014  10012
3 212  4596  4598
3 2052  11883  4596
3 2054  4598  11883
3 4596  11883  4598
3 489  6165  6162
3 2875  11885  6165
3 2052  6162  11885
3 6165  11885  6162
3 664  7212  7214
3 2054  11890  7212
3 2875  7214  11890
3 7212  11890  7214
3 2052  11885  11883
3 2875  11890  11885
3 2054  11883  11890
3 11885  11890  11883
3 485  6142  6140
3 2864  12943  6142
3 2862  6140  12943
3 6142  12943  6140
3 664  7214  7213
3 2875  12946  7214
3 2864  7213  12946
3 7214  12946  7213
3 489  6163  6165
3 2862  12944  6163
3 2875  6165  12944
3 6163  12944  6165
3 2864  12946  12943
3 2875  12944  12946
3 2862  12943  12944
3 12946  12944  12943
3 107  3970  3968
3 1426  10000  3970
3 1424  3968  10000
3 3970  10000  3968
3 662  7203  7199
3 3206  10006  7203
3 1426  7199  10006
3 7203  10006  7199
3 660  7187  7191
3 1424  10002  7187
3 3206  7191  10002
3 7187  10002  7191
3 1426  10006  10000
3 3206  10002  10006
3 1424  10000  10002
3 10006  10002  10000
3 212  4598  4597
3 2054  11887  4598
3 2053  4597  11887
3 4598  11887  4597
3 664  7216  7212
3 3208  11891  7216
3 2054  7212  11891
3 7216  11891  7212
3 662  7200  7204
3 2053  11889  7200
3 3208  7204  11889
3 7200  11889  7204
3 2054  11891  11887
3 3208  11889  11891
3 2053  11887  11889
3 11891  11889  11887
3 108  3974  3976
3 1430  10018  3974
3 1432  3976  10018
3 3974  10018  3976
3 660  7192  7188
3 3207  10020  7192
3 1430  7188  10020
3 7192  10020  7188
3 664  7211  7215
3 1432  10024  7211
3 3207  7215  10024
3 7211  10024  7215
3 1430  10020  10018
3 3207  10024  10020
3 1432  10018  10024
3 10020  10024  10018
3 662  7204  7203
3 3208  13287  7204
3 3206  7203  13287
3 7204  13287  7203
3 664  7215  7216
3 3207  13288  7215
3 3208  7216  13288
3 7215  13288  7216
3 660  7191  7192
3 3206  13286  7191
3 3207  7192  13286
3 7191  13286  7192
3 3208  13288  13287
3 3207  13286  13288
3 3206  13287  13286
3 13288  13286  13287
3 12  3473  3471
3 929  8616  3473
3 927  3471  8616
3 3473  8616  3471
3 281  4963  4961
3 2280  8622  4963
3 929  4961  8622
3 4963  8622  4961
3 279  4949  4952
3 927  8618  4949
3 2280  4952  8618
3 4949  8618  4952
3 929  8622  8616
3 2280  8618  8622
3 927  8616  8618
3 8622  8618  8616
3 113  4003  4001
3 1459  10097  4003
3 1457  4001  10097
3 4003  10097  4001
3 672  7262  7260
3 2286  10106  7262
3 1459  7260  10106
3 7262  10106  7260
3 281  4962  4965
3 1457  10099  4962
3 2286  4965  10099
3 4962  10099  4965
3 1459  10106  10097
3 2286  10099  10106
3 1457  10097  10099
3 10106  10099  10097
3 111  3989  3992
3 1445  10062  3989
3 1448  3992  10062
3 3989  10062  3992
3 279  4954  4950
3 2282  10064  4954
3 1445  4950  10064
3 4954  10064  4950
3 672  7259  7261
3 1448  10073  7259
3 2282  7261  10073
3 7259  10073  7261
3 1445  10064  10062
3 2282  10073  10064
3 1448  10062  10073
3 10064  10073  10062
3 281  4965  4963
3 2286  12363  4965
3 2280  4963  12363
3 4965  12363  4963
3 672  7261  7262
3 2282  12364  7261
3 2286  7262  12364
3 7261  12364  7262
3 279  4952  4954
3 2280  12362  4952
3 2282  4954  12362
3 4952  12362  4954
3 2286  12364  12363
3 2282  12362  12364
3 2280  12363  12362
3 12364  12362  12363
3 53  3691  3689
3 1147  9233  3691
3 1145  3689  9233
3 3691  9233  3689
3 499  6223  6221
3 2897  9242  6223
3 1147  6221  9242
3 6223  9242  6221
3 497  6209  6211
3 1145  9235  6209
3 2897  6211  9235
3 6209  9235  6211
3 1147  9242  9233
3 2897  9235  9242
3 1145  9233  9235
3 9242  9235  9233
3 213  4604  4602
3 2060  11901  4604
3 2058  4602  11901
3 4604  11901  4602
3 678  7298  7296
3 2906  11908  7298
3 2060  7296  11908
3 7298  11908  7296
3 499  6222  6225
3 2058  11903  6222
3 2906  6225  11903
3 6222  11903  6225
3 2060  11908  11901
3 2906  11903  11908
3 2058  11901  11903
3 11908  11903  11901
3 113  4002  4005
3 1458  10101  4002
3 1461  4005  10101
3 4002  10101  4005
3 497  6213  6210
3 2899  10103  6213
3 1458  6210  10103
3 6213  10103  6210
3 678  7295  7297
3 1461  10111  7295
3 2899  7297  10111
3 7295  10111  7297
3 1458  10103  10101
3 2899  10111  10103
3 1461  10101  10111
3 10103  10111  10101
3 499  6225  6223
3 2906  12978  6225
3 2897  6223  12978
3 6225  12978  6223
3 678  7297  7298
3 2899  12981  7297
3 2906  7298  12981
3 7297  12981  7298
3 497  6211  6213
3 2897  12977  6211
3 2899  6213  12977
3 6211  12977  6213
3 2906  12981  12978
3 2899  12977  12981
3 2897  12978  12977
3 12981  12977  12978
3 50  3672  3676
3 1128  9184  3672
3 1132  3676  9184
3 3672  9184  3676
3 480  6110  6107
3 2848  9186  6110
3 1128  6107  9186
3 6110  9186  6107
3 484  6131  6133
3 1132  9195  6131
3 2848  6133  9195
3 6131  9195  6133
3 1128  9186  9184
3 2848  9195  9186
3 1132  9184  9195
3 9186  9195  9184
3 111  3994  3990
3 1450  10066  3994
3 1446  3990  10066
3 3994  10066  3990
3 674  7273  7271
3 2850  10077  7273
3 1450  7271  10077
3 7273  10077  7271
3 480  6108  6112
3 1446  10068  6108
3 2850  6112  10068
3 6108  10068  6112
3 1450  10077  10066
3 2850  10068  10077
3 1446  10066  10068
3 10077  10068  10066
3 213  4601  4603
3 2057  11897  4601
3 2059  4603  11897
3 4601  11897  4603
3 484  6135  6132
3 2859  11899  6135
3 2057  6132  11899
3 6135  11899  6132
3 674  7272  7274
3 2059  11906  7272
3 2859  7274  11906
3 7272  11906  7274
3 2057  11899  11897
3 2859  11906  11899
3 2059  11897  11906
3 11899  11906  11897
3 480  6112  6110
3 2850  12931  6112
3 2848  6110  12931
3 6112  12931  6110
3 674  7274  7273
3 2859  12934  7274
3 2850  7273  12934
3 7274  12934  7273
3 484  6133  6135
3 2848  12932  6133
3 2859  6135  12932
3 6133  12932  6135
3 2850  12934  12931
3 2859  12932  12934
3 2848  12931  12932
3 12934  12932  12931
3 113  4005  4003
3 1461  10105  4005
3 1459  4003  10105
3 4005  10105  4003
3 678  7299  7295
3 3219  10112  7299
3 1461  7295  10112
3 7299  10112  7295
3 672  7260  7264
3 1459  10107  7260
3 3219  7264  10107
3 7260  10107  7264
3 1461  10112  10105
3 3219  10107  10112
3 1459  10105  10107
3 10112  10107  10105
3 213  4603  4604
3 2059  11905  4603
3 2060  4604  11905
3 4603  11905  4604
3 674  7276  7272
3 3220  11907  7276
3 2059  7272  11907
3 7276  11907  7272
3 678  7296  7300
3 2060  11909  7296
3 3220  7300  11909
3 7296  11909  7300
3 2059  11907  11905
3 3220  11909  11907
3 2060  11905  11909
3 11907  11909  11905
3 111  3992  3994
3 1448  10072  3992
3 1450  3994  10072
3 3992  10072  3994
3 672  7263  7259
3 3218  10074  7263
3 1448  7259  10074
3 7263  10074  7259
3 674  7271  7275
3 1450  10078  7271
3 3218  7275  10078
3 7271  10078  7275
3 1448  10074  10072
3 3218  10078  10074
3 1450  10072  10078
3 10074  10078  10072
3 678  7300  7299
3 3220  13300  7300
3 3219  7299  13300
3 7300  13300  7299
3 674  7275  7276
3 3218  13299  7275
3 3220  7276  13299
3 7275  13299  7276
3 672  7264  7263
3 3219  13298  7264
3 3218  7263  13298
3 7264  13298  7263
3 3220  13299  13300
3 3218  13298  13299
3 3219  13300  13298
3 13299  13298  13300
3 51  3681  3682
3 1137  9210  3681
3 1138  3682  9210
3 3681  9210  3682
3 489  6164  6161
3 2874  9212  6164
3 1137  6161  9212
3 6164  9212  6161
3 490  6167  6170
3 1138  9214  6167
3 2874  6170  9214
3 6167  9214  6170
3 1137  9212  9210
3 2874  9214  9212
3 1138  9210  9214
3 9212  9214  9210
3 212  4600  4596
3 2056  11884  4600
3 2052  4596  11884
3 4600  11884  4596
3 861  8395  8393
3 2876  11895  8395
3 2056  8393  11895
3 8395  11895  8393
3 489  6162  6166
3 2052  11886  6162
3 2876  6166  11886
3 6162  11886  6166
3 2056  11895  11884
3 2876  11886  11895
3 2052  11884  11886
3 11895  11886  11884
3 214  4607  4611
3 2063  11916  4607
3 2067  4611  11916
3 4607  11916  4611
3 490  6172  6168
3 2878  11918  6172
3 2063  6168  11918
3 6172  11918  6168
3 861  8394  8396
3 2067  11929  8394
3 2878  8396  11929
3 8394  11929  8396
3 2063  11918  11916
3 2878  11929  11918
3 2067  11916  11929
3 11918  11929  11916
3 489  6166  6164
3 2876  12956  6166
3 2874  6164  12956
3 6166  12956  6164
3 861  8396  8395
3 2878  12958  8396
3 2876  8395  12958
3 8396  12958  8395
3 490  6170  6172
3 2874  12957  6170
3 2878  6172  12957
3 6170  12957  6172
3 2876  12958  12956
3 2878  12957  12958
3 2874  12956  12957
3 12958  12957  12956
3 50  3676  3675
3 1132  9192  3676
3 1131  3675  9192
3 3676  9192  3675
3 484  6134  6131
3 2856  9196  6134
3 1132  6131  9196
3 6134  9196  6131
3 483  6125  6128
3 1131  9194  6125
3 2856  6128  9194
3 6125  9194  6128
3 1132  9196  9192
3 2856  9194  9196
3 1131  9192  9194
3 9196  9194  9192
3 213  4605  4601
3 2061  11898  4605
3 2057  4601  11898
3 4605  11898  4601
3 860  8390  8388
3 2860  11911  8390
3 2061  8388  11911
3 8390  11911  8388
3 484  6132  6136
3 2057  11900  6132
3 2860  6136  11900
3 6132  11900  6136
3 2061  11911  11898
3 2860  11900  11911
3 2057  11898  11900
3 11911  11900  11898
3 212  4595  4599
3 2051  11880  4595
3 2055  4599  11880
3 4595  11880  4599
3 483  6130  6126
3 2858  11882  6130
3 2051  6126  11882
3 6130  11882  6126
3 860  8387  8389
3 2055  11893  8387
3 2858  8389  11893
3 8387  11893  8389
3 2051  11882  11880
3 2858  11893  11882
3 2055  11880  11893
3 11882  11893  11880
3 484  6136  6134
3 2860  12939  6136
3 2856  6134  12939
3 6136  12939  6134
3 860  8389  8390
3 2858  12940  8389
3 2860  8390  12940
3 8389  12940  8390
3 483  6128  6130
3 2856  12938  6128
3 2858  6130  12938
3 6128  12938  6130
3 2860  12940  12939
3 2858  12938  12940
3 2856  12939  12938
3 12940  12938  12939
3 53  3692  3691
3 1148  9241  3692
3 1147  3691  9241
3 3692  9241  3691
3 500  6230  6227
3 2905  9245  6230
3 1148  6227  9245
3 6230  9245  6227
3 499  6221  6224
3 1147  9243  6221
3 2905  6224  9243
3 6221  9243  6224
3 1148  9245  9241
3 2905  9243  9245
3 1147  9241  9243
3 9245  9243  9241
3 214  4612  4608
3 2068  11920  4612
3 2064  4608  11920
3 4612  11920  4608
3 862  8402  8400
3 2909  11931  8402
3 2068  8400  11931
3 8402  11931  8400
3 500  6228  6232
3 2064  11922  6228
3 2909  6232  11922
3 6228  11922  6232
3 2068  11931  11920
3 2909  11922  11931
3 2064  11920  11922
3 11931  11922  11920
3 213  4602  4606
3 2058  11902  4602
3 2062  4606  11902
3 4602  11902  4606
3 499  6226  6222
3 2907  11904  6226
3 2058  6222  11904
3 6226  11904  6222
3 862  8399  8401
3 2062  11913  8399
3 2907  8401  11913
3 8399  11913  8401
3 2058  11904  11902
3 2907  11913  11904
3 2062  11902  11913
3 11904  11913  11902
3 500  6232  6230
3 2909  12990  6232
3 2905  6230  12990
3 6232  12990  6230
3 862  8401  8402
3 2907  12991  8401
3 2909  8402  12991
3 8401  12991  8402
3 499  6224  6226
3 2905  12989  6224
3 2907  6226  12989
3 6224  12989  6226
3 2909  12991  12990
3 2907  12989  12991
3 2905  12990  12989
3 12991  12989  12990
3 212  4599  4600
3 2055  11892  4599
3 2056  4600  11892
3 4599  11892  4600
3 860  8391  8387
3 3404  11894  8391
3 2055  8387  11894
3 8391  11894  8387
3 861  8393  8397
3 2056  11896  8393
3 3404  8397  11896
3 8393  11896  8397
3 2055  11894  11892
3 3404  11896  11894
3 2056  11892  11896
3 11894  11896  11892
3 213  4606  4605
3 2062  11910  4606
3 2061  4605  11910
3 4606  11910  4605
3 862  8403  8399
3 3405  11914  8403
3 2062  8399  11914
3 8403  11914  8399
3 860  8388  8392
3 2061  11912  8388
3 3405  8392  11912
3 8388  11912  8392
3 2062  11914  11910
3 3405  11912  11914
3 2061  11910  11912
3 11914  11912  11910
3 214  4611  4612
3 2067  11928  4611
3 2068  4612  11928
3 4611  11928  4612
3 861  8398  8394
3 3406  11930  8398
3 2067  8394  11930
3 8398  11930  8394
3 862  8400  8404
3 2068  11932  8400
3 3406  8404  11932
3 8400  11932  8404
3 2067  11930  11928
3 3406  11932  11930
3 2068  11928  11932
3 11930  11932  11928
3 860  8392  8391
3 3405  13484  8392
3 3404  8391  13484
3 8392  13484  8391
3 862  8404  8403
3 3406  13486  8404
3 3405  8403  13486
3 8404  13486  8403
3 861  8397  8398
3 3404  13485  8397
3 3406  8398  13485
3 8397  13485  8398
3 3405  13486  13484
3 3406  13485  13486
3 3404  13484  13485
3 13486  13485  13484
3 12  3471  3469
3 927  8610  3471
3 925  3469  8610
3 3471  8610  3469
3 279  4951  4949
3 2274  8617  4951
3 927  4949  8617
3 4951  8617  4949
3 277  4937  4940
3 925  8612  4937
3 2274  4940  8612
3 4937  8612  4940
3 927  8617  8610
3 2274  8612  8617
3 925  8610  8612
3 8617  8612  8610
3 111  3991  3989
3 1447  10061  3991
3 1445  3989  10061
3 3991  10061  3989
3 666  7226  7224
3 2281  10070  7226
3 1447  7224  10070
3 7226  10070  7224
3 279  4950  4953
3 1445  10063  4950
3 2281  4953  10063
3 4950  10063  4953
3 1447  10070  10061
3 2281  10063  10070
3 1445  10061  10063
3 10070  10063  10061
3 109  3977  3980
3 1433  10026  3977
3 1436  3980  10026
3 3977  10026  3980
3 277  4942  4938
3 2276  10028  4942
3 1433  4938  10028
3 4942  10028  4938
3 666  7223  7225
3 1436  10037  7223
3 2276  7225  10037
3 7223  10037  7225
3 1433  10028  10026
3 2276  10037  10028
3 1436  10026  10037
3 10028  10037  10026
3 279  4953  4951
3 2281  12356  4953
3 2274  4951  12356
3 4953  12356  4951
3 666  7225  7226
3 2276  12358  7225
3 2281  7226  12358
3 7225  12358  7226
3 277  4940  4942
3 2274  12355  4940
3 2276  4942  12355
3 4940  12355  4942
3 2281  12358  12356
3 2276  12355  12358
3 2274  12356  12355
3 12358  12355  12356
3 50  3674  3672
3 1130  9183  3674
3 1128  3672  9183
3 3674  9183  3672
3 482  6121  6119
3 2847  9190  6121
3 1130  6119  9190
3 6121  9190  6119
3 480  6107  6109
3 1128  9185  6107
3 2847  6109  9185
3 6107  9185  6109
3 1130  9190  9183
3 2847  9185  9190
3 1128  9183  9185
3 9190  9185  9183
3 160  4286  4284
3 1742  10947  4286
3 1740  4284  10947
3 4286  10947  4284
3 673  7268  7266
3 2854  10954  7268
3 1742  7266  10954
3 7268  10954  7266
3 482  6120  6123
3 1740  10949  6120
3 2854  6123  10949
3 6120  10949  6123
3 1742  10954  10947
3 2854  10949  10954
3 1740  10947  10949
3 10954  10949  10947
3 111  3990  3993
3 1446  10065  3990
3 1449  3993  10065
3 3990  10065  3993
3 480  6111  6108
3 2849  10067  6111
3 1446  6108  10067
3 6111  10067  6108
3 673  7265  7267
3 1449  10075  7265
3 2849  7267  10075
3 7265  10075  7267
3 1446  10067  10065
3 2849  10075  10067
3 1449  10065  10075
3 10067  10075  10065
3 482  6123  6121
3 2854  12930  6123
3 2847  6121  12930
3 6123  12930  6121
3 673  7267  7268
3 2849  12933  7267
3 2854  7268  12933
3 7267  12933  7268
3 480  6109  6111
3 2847  12929  6109
3 2849  6111  12929
3 6109  12929  6111
3 2854  12933  12930
3 2849  12929  12933
3 2847  12930  12929
3 12933  12929  12930
3 22  3524  3528
3 980  8770  3524
3 984  3528  8770
3 3524  8770  3528
3 332  5262  5259
3 2434  8772  5262
3 980  5259  8772
3 5262  8772  5259
3 336  5283  5285
3 984  8781  5283
3 2434  5285  8781
3 5283  8781  5285
3 980  8772  8770
3 2434  8781  8772
3 984  8770  8781
3 8772  8781  8770
3 109  3982  3978
3 1438  10030  3982
3 1434  3978  10030
3 3982  10030  3978
3 668  7237  7235
3 2436  10041  7237
3 1438  7235  10041
3 7237  10041  7235
3 332  5260  5264
3 1434  10032  5260
3 2436  5264  10032
3 5260  10032  5264
3 1438  10041  10030
3 2436  10032  10041
3 1434  10030  10032
3 10041  10032  10030
3 160  4283  4285
3 1739  10943  4283
3 1741  4285  10943
3 4283  10943  4285
3 336  5287  5284
3 2445  10945  5287
3 1739  5284  10945
3 5287  10945  5284
3 668  7236  7238
3 1741  10952  7236
3 2445  7238  10952
3 7236  10952  7238
3 1739  10945  10943
3 2445  10952  10945
3 1741  10943  10952
3 10945  10952  10943
3 332  5264  5262
3 2436  12517  5264
3 2434  5262  12517
3 5264  12517  5262
3 668  7238  7237
3 2445  12520  7238
3 2436  7237  12520
3 7238  12520  7237
3 336  5285  5287
3 2434  12518  5285
3 2445  5287  12518
3 5285  12518  5287
3 2436  12520  12517
3 2445  12518  12520
3 2434  12517  12518
3 12520  12518  12517
3 111  3993  3991
3 1449  10069  3993
3 1447  3991  10069
3 3993  10069  3991
3 673  7269  7265
3 3212  10076  7269
3 1449  7265  10076
3 7269  10076  7265
3 666  7224  7228
3 1447  10071  7224
3 3212  7228  10071
3 7224  10071  7228
3 1449  10076  10069
3 3212  10071  10076
3 1447  10069  10071
3 10076  10071  10069
3 160  4285  4286
3 1741  10951  4285
3 1742  4286  10951
3 4285  10951  4286
3 668  7240  7236
3 3214  10953  7240
3 1741  7236  10953
3 7240  10953  7236
3 673  7266  7270
3 1742  10955  7266
3 3214  7270  10955
3 7266  10955  7270
3 1741  10953  10951
3 3214  10955  10953
3 1742  10951  10955
3 10953  10955  10951
3 109  3980  3982
3 1436  10036  3980
3 1438  3982  10036
3 3980  10036  3982
3 666  7227  7223
3 3211  10038  7227
3 1436  7223  10038
3 7227  10038  7223
3 668  7235  7239
3 1438  10042  7235
3 3211  7239  10042
3 7235  10042  7239
3 1436  10038  10036
3 3211  10042  10038
3 1438  10036  10042
3 10038  10042  10036
3 673  7270  7269
3 3214  13294  7270
3 3212  7269  13294
3 7270  13294  7269
3 668  7239  7240
3 3211  13293  7239
3 3214  7240  13293
3 7239  13293  7240
3 666  7228  7227
3 3212  13292  7228
3 3211  7227  13292
3 7228  13292  7227
3 3214  13293  13294
3 3211  13292  13293
3 3212  13294  13292
3 13293  13292  13294
3 11  3465  3467
3 921  8600  3465
3 923  3467  8600
3 3465  8600  3467
3 273  4919  4917
3 2264  8601  4919
3 921  4917  8601
3 4919  8601  4917
3 275  4925  4927
3 923  8605  4925
3 2264  4927  8605
3 4925  8605  4927
3 921  8601  8600
3 2264  8605  8601
3 923  8600  8605
3 8601  8605  8600
3 105  3959  3957
3 1415  9971  3959
3 1413  3957  9971
3 3959  9971  3957
3 656  7165  7163
3 2265  9976  7165
3 1415  7163  9976
3 7165  9976  7163
3 273  4918  4920
3 1413  9972  4918
3 2265  4920  9972
3 4918  9972  4920
3 1415  9976  9971
3 2265  9972  9976
3 1413  9971  9972
3 9976  9972  9971
3 107  3965  3967
3 1421  9989  3965
3 1423  3967  9989
3 3965  9989  3967
3 275  4929  4926
3 2269  9991  4929
3 1421  4926  9991
3 4929  9991  4926
3 656  7164  7166
3 1423  9998  7164
3 2269  7166  9998
3 7164  9998  7166
3 1421  9991  9989
3 2269  9998  9991
3 1423  9989  9998
3 9991  9998  9989
3 273  4920  4919
3 2265  12344  4920
3 2264  4919  12344
3 4920  12344  4919
3 656  7166  7165
3 2269  12346  7166
3 2265  7165  12346
3 7166  12346  7165
3 275  4927  4929
3 2264  12345  4927
3 2269  4929  12345
3 4927  12345  4929
3 2265  12346  12344
3 2269  12345  12346
3 2264  12344  12345
3 12346  12345  12344
3 21  3522  3520
3 978  8758  3522
3 976  3520  8758
3 3522  8758  3520
3 330  5249  5247
3 2422  8763  5249
3 978  5247  8763
3 5249  8763  5247
3 328  5237  5239
3 976  8759  5237
3 2422  5239  8759
3 5237  8759  5239
3 978  8763  8758
3 2422  8759  8763
3 976  8758  8759
3 8763  8759  8758
3 158  4273  4271
3 1729  10907  4273
3 1727  4271  10907
3 4273  10907  4271
3 657  7172  7170
3 2427  10916  7172
3 1729  7170  10916
3 7172  10916  7170
3 330  5248  5251
3 1727  10909  5248
3 2427  5251  10909
3 5248  10909  5251
3 1729  10916  10907
3 2427  10909  10916
3 1727  10907  10909
3 10916  10909  10907
3 105  3958  3960
3 1414  9973  3958
3 1416  3960  9973
3 3958  9973  3960
3 328  5240  5238
3 2423  9974  5240
3 1414  5238  9974
3 5240  9974  5238
3 657  7169  7171
3 1416  9978  7169
3 2423  7171  9978
3 7169  9978  7171
3 1414  9974  9973
3 2423  9978  9974
3 1416  9973  9978
3 9974  9978  9973
3 330  5251  5249
3 2427  12504  5251
3 2422  5249  12504
3 5251  12504  5249
3 657  7171  7172
3 2423  12505  7171
3 2427  7172  12505
3 7171  12505  7172
3 328  5239  5240
3 2422  12503  5239
3 2423  5240  12503
3 5239  12503  5240
3 2427  12505  12504
3 2423  12503  12505
3 2422  12504  12503
3 12505  12503  12504
3 50  3671  3673
3 1127  9179  3671
3 1129  3673  9179
3 3671  9179  3673
3 479  6103  6101
3 2843  9181  6103
3 1127  6101  9181
3 6103  9181  6101
3 481  6113  6115
3 1129  9188  6113
3 2843  6115  9188
3 6113  9188  6115
3 1127  9181  9179
3 2843  9188  9181
3 1129  9179  9188
3 9181  9188  9179
3 107  3969  3966
3 1425  9993  3969
3 1422  3966  9993
3 3969  9993  3966
3 661  7195  7193
3 2845  10003  7195
3 1425  7193  10003
3 7195  10003  7193
3 479  6102  6105
3 1422  9995  6102
3 2845  6105  9995
3 6102  9995  6105
3 1425  10003  9993
3 2845  9995  10003
3 1422  9993  9995
3 10003  9995  9993
3 158  4272  4274
3 1728  10911  4272
3 1730  4274  10911
3 4272  10911  4274
3 481  6117  6114
3 2852  10913  6117
3 1728  6114  10913
3 6117  10913  6114
3 661  7194  7196
3 1730  10918  7194
3 2852  7196  10918
3 7194  10918  7196
3 1728  10913  10911
3 2852  10918  10913
3 1730  10911  10918
3 10913  10918  10911
3 479  6105  6103
3 2845  12923  6105
3 2843  6103  12923
3 6105  12923  6103
3 661  7196  7195
3 2852  12927  7196
3 2845  7195  12927
3 7196  12927  7195
3 481  6115  6117
3 2843  12924  6115
3 2852  6117  12924
3 6115  12924  6117
3 2845  12927  12923
3 2852  12924  12927
3 2843  12923  12924
3 12927  12924  12923
3 105  3960  3959
3 1416  9975  3960
3 1415  3959  9975
3 3960  9975  3959
3 657  7173  7169
3 3200  9979  7173
3 1416  7169  9979
3 7173  9979  7169
3 656  7163  7167
3 1415  9977  7163
3 3200  7167  9977
3 7163  9977  7167
3 1416  9979  9975
3 3200  9977  9979
3 1415  9975  9977
3 9979  9977  9975
3 158  4274  4273
3 1730  10915  4274
3 1729  4273  10915
3 4274  10915  4273
3 661  7198  7194
3 3202  10919  7198
3 1730  7194  10919
3 7198  10919  7194
3 657  7170  7174
3 1729  10917  7170
3 3202  7174  10917
3 7170  10917  7174
3 1730  10919  10915
3 3202  10917  10919
3 1729  10915  10917
3 10919  10917  10915
3 107  3967  3969
3 1423  9997  3967
3 1425  3969  9997
3 3967  9997  3969
3 656  7168  7164
3 3201  9999  7168
3 1423  7164  9999
3 7168  9999  7164
3 661  7193  7197
3 1425  10004  7193
3 3201  7197  10004
3 7193  10004  7197
3 1423  9999  9997
3 3201  10004  9999
3 1425  9997  10004
3 9999  10004  9997
3 657  7174  7173
3 3202  13281  7174
3 3200  7173  13281
3 7174  13281  7173
3 661  7197  7198
3 3201  13282  7197
3 3202  7198  13282
3 7197  13282  7198
3 656  7167  7168
3 3200  13280  7167
3 3201  7168  13280
3 7167  13280  7168
3 3202  13282  13281
3 3201  13280  13282
3 3200  13281  13280
3 13282  13280  13281
3 0  3427  3426
3 883  8515  3427
3 882  3426  8515
3 3427  8515  3426
3 235  4732  4729
3 2179  8518  4732
3 883  4729  8518
3 4732  8518  4729
3 234  4725  4727
3 882  8516  4725
3 2179  4727  8516
3 4725  8516  4727
3 883  8518  8515
3 2179  8516  8518
3 882  8515  8516
3 8518  8516  8515
3 67  3772  3769
3 1228  9468  3772
3 1225  3769  9468
3 3772  9468  3769
3 571  6656  6654
3 2182  9479  6656
3 1228  6654  9479
3 6656  9479  6654
3 235  4730  4734
3 1225  9470  4730
3 2182  4734  9470
3 4730  9470  4734
3 1228  9479  9468
3 2182  9470  9479
3 1225  9468  9470
3 9479  9470  9468
3 66  3765  3767
3 1221  9458  3765
3 1223  3767  9458
3 3765  9458  3767
3 234  4728  4726
3 2180  9459  4728
3 1221  4726  9459
3 4728  9459  4726
3 571  6653  6655
3 1223  9463  6653
3 2180  6655  9463
3 6653  9463  6655
3 1221  9459  9458
3 2180  9463  9459
3 1223  9458  9463
3 9459  9463  9458
3 235  4734  4732
3 2182  12261  4734
3 2179  4732  12261
3 4734  12261  4732
3 571  6655  6656
3 2180  12262  6655
3 2182  6656  12262
3 6655  12262  6656
3 234  4727  4728
3 2179  12260  4727
3 2180  4728  12260
3 4727  12260  4728
3 2182  12262  12261
3 2180  12260  12262
3 2179  12261  12260
3 12262  12260  12261
3 22  3526  3523
3 982  8766  3526
3 979  3523  8766
3 3526  8766  3523
3 334  5273  5271
3 2430  8777  5273
3 982  5271  8777
3 5273  8777  5271
3 331  5253  5256
3 979  8768  5253
3 2430  5256  8768
3 5253  8768  5256
3 982  8777  8766
3 2430  8768  8777
3 979  8766  8768
3 8777  8768  8766
3 157  4268  4266
3 1724  10893  4268
3 1722  4266  10893
3 4268  10893  4266
3 574  6674  6672
3 2441  10900  6674
3 1724  6672  10900
3 6674  10900  6672
3 334  5272  5275
3 1722  10895  5272
3 2441  5275  10895
3 5272  10895  5275
3 1724  10900  10893
3 2441  10895  10900
3 1722  10893  10895
3 10900  10895  10893
3 67  3770  3774
3 1226  9472  3770
3 1230  3774  9472
3 3770  9472  3774
3 331  5258  5254
3 2432  9474  5258
3 1226  5254  9474
3 5258  9474  5254
3 574  6671  6673
3 1230  9483  6671
3 2432  6673  9483
3 6671  9483  6673
3 1226  9474  9472
3 2432  9483  9474
3 1230  9472  9483
3 9474  9483  9472
3 334  5275  5273
3 2441  12512  5275
3 2430  5273  12512
3 5275  12512  5273
3 574  6673  6674
3 2432  12514  6673
3 2441  6674  12514
3 6673  12514  6674
3 331  5256  5258
3 2430  12511  5256
3 2432  5258  12511
3 5256  12511  5258
3 2441  12514  12512
3 2432  12511  12514
3 2430  12512  12511
3 12514  12511  12512
3 21  3519  3521
3 975  8756  3519
3 977  3521  8756
3 3519  8756  3521
3 327  5235  5233
3 2420  8757  5235
3 975  5233  8757
3 5235  8757  5233
3 329  5241  5243
3 977  8761  5241
3 2420  5243  8761
3 5241  8761  5243
3 975  8757  8756
3 2420  8761  8757
3 977  8756  8761
3 8757  8761  8756
3 66  3768  3766
3 1224  9460  3768
3 1222  3766  9460
3 3768  9460  3766
3 572  6661  6659
3 2421  9465  6661
3 1224  6659  9465
3 6661  9465  6659
3 327  5234  5236
3 1222  9461  5234
3 2421  5236  9461
3 5234  9461  5236
3 1224  9465  9460
3 2421  9461  9465
3 1222  9460  9461
3 9465  9461  9460
3 157  4265  4267
3 1721  10889  4265
3 1723  4267  10889
3 4265  10889  4267
3 329  5245  5242
3 2425  10891  5245
3 1721  5242  10891
3 5245  10891  5242
3 572  6660  6662
3 1723  10898  6660
3 2425  6662  10898
3 6660  10898  6662
3 1721  10891  10889
3 2425  10898  10891
3 1723  10889  10898
3 10891  10898  10889
3 327  5236  5235
3 2421  12500  5236
3 2420  5235  12500
3 5236  12500  5235
3 572  6662  6661
3 2425  12502  6662
3 2421  6661  12502
3 6662  12502  6661
3 329  5243  5245
3 2420  12501  5243
3 2425  5245  12501
3 5243  12501  5245
3 2421  12502  12500
3 2425  12501  12502
3 2420  12500  12501
3 12502  12501  12500
3 67  3774  3772
3 1230  9478  3774
3 1228  3772  9478
3 3774  9478  3772
3 574  6675  6671
3 3117  9484  6675
3 1230  6671  9484
3 6675  9484  6671
3 571  6654  6658
3 1228  9480  6654
3 3117  6658  9480
3 6654  9480  6658
3 1230  9484  9478
3 3117  9480  9484
3 1228  9478  9480
3 9484  9480  9478
3 157  4267  4268
3 1723  10897  4267
3 1724  4268  10897
3 4267  10897  4268
3 572  6664  6660
3 3118  10899  6664
3 1723  6660  10899
3 6664  10899  6660
3 574  6672  6676
3 1724  10901  6672
3 3118  6676  10901
3 6672  10901  6676
3 1723  10899  10897
3 3118  10901  10899
3 1724  10897  10901
3 10899  10901  10897
3 66  3767  3768
3 1223  9462  3767
3 1224  3768  9462
3 3767  9462  3768
3 571  6657  6653
3 3116  9464  6657
3 1223  6653  9464
3 6657  9464  6653
3 572  6659  6663
3 1224  9466  6659
3 3116  6663  9466
3 6659  9466  6663
3 1223  9464  9462
3 3116  9466  9464
3 1224  9462  9466
3 9464  9466  9462
3 574  6676  6675
3 3118  13198  6676
3 3117  6675  13198
3 6676  13198  6675
3 572  6663  6664
3 3116  13197  6663
3 3118  6664  13197
3 6663  13197  6664
3 571  6658  6657
3 3117  13196  6658
3 3116  6657  13196
3 6658  13196  6657
3 3118  13197  13198
3 3116  13196  13197
3 3117  13198  13196
3 13197  13196  13198
3 50  3673  3674
3 1129  9187  3673
3 1130  3674  9187
3 3673  9187  3674
3 481  6116  6113
3 2851  9189  6116
3 1129  6113  9189
3 6116  9189  6113
3 482  6119  6122
3 1130  9191  6119
3 2851  6122  9191
3 6119  9191  6122
3 1129  9189  9187
3 2851  9191  9189
3 1130  9187  9191
3 9189  9191  9187
3 158  4276  4272
3 1732  10912  4276
3 1728  4272  10912
3 4276  10912  4272
3 808  8077  8075
3 2853  10923  8077
3 1732  8075  10923
3 8077  10923  8075
3 481  6114  6118
3 1728  10914  6114
3 2853  6118  10914
3 6114  10914  6118
3 1732  10923  10912
3 2853  10914  10923
3 1728  10912  10914
3 10923  10914  10912
3 160  4284  4288
3 1740  10948  4284
3 1744  4288  10948
3 4284  10948  4288
3 482  6124  6120
3 2855  10950  6124
3 1740  6120  10950
3 6124  10950  6120
3 808  8076  8078
3 1744  10959  8076
3 2855  8078  10959
3 8076  10959  8078
3 1740  10950  10948
3 2855  10959  10950
3 1744  10948  10959
3 10950  10959  10948
3 481  6118  6116
3 2853  12935  6118
3 2851  6116  12935
3 6118  12935  6116
3 808  8078  8077
3 2855  12937  8078
3 2853  8077  12937
3 8078  12937  8077
3 482  6122  6124
3 2851  12936  6122
3 2855  6124  12936
3 6122  12936  6124
3 2853  12937  12935
3 2855  12936  12937
3 2851  12935  12936
3 12937  12936  12935
3 21  3521  3522
3 977  8760  3521
3 978  3522  8760
3 3521  8760  3522
3 329  5244  5241
3 2424  8762  5244
3 977  5241  8762
3 5244  8762  5241
3 330  5247  5250
3 978  8764  5247
3 2424  5250  8764
3 5247  8764  5250
3 977  8762  8760
3 2424  8764  8762
3 978  8760  8764
3 8762  8764  8760
3 157  4269  4265
3 1725  10890  4269
3 1721  4265  10890
3 4269  10890  4265
3 806  8065  8063
3 2426  10903  8065
3 1725  8063  10903
3 8065  10903  8063
3 329  5242  5246
3 1721  10892  5242
3 2426  5246  10892
3 5242  10892  5246
3 1725  10903  10890
3 2426  10892  10903
3 1721  10890  10892
3 10903  10892  10890
3 158  4271  4275
3 1727  10908  4271
3 1731  4275  10908
3 4271  10908  4275
3 330  5252  5248
3 2428  10910  5252
3 1727  5248  10910
3 5252  10910  5248
3 806  8064  8066
3 1731  10921  8064
3 2428  8066  10921
3 8064  10921  8066
3 1727  10910  10908
3 2428  10921  10910
3 1731  10908  10921
3 10910  10921  10908
3 329  5246  5244
3 2426  12506  5246
3 2424  5244  12506
3 5246  12506  5244
3 806  8066  8065
3 2428  12508  8066
3 2426  8065  12508
3 8066  12508  8065
3 330  5250  5252
3 2424  12507  5250
3 2428  5252  12507
3 5250  12507  5252
3 2426  12508  12506
3 2428  12507  12508
3 2424  12506  12507
3 12508  12507  12506
3 22  3528  3526
3 984  8776  3528
3 982  3526  8776
3 3528  8776  3526
3 336  5286  5283
3 2440  8782  5286
3 984  5283  8782
3 5286  8782  5283
3 334  5271  5274
3 982  8778  5271
3 2440  5274  8778
3 5271  8778  5274
3 984  8782  8776
3 2440  8778  8782
3 982  8776  8778
3 8782  8778  8776
3 160  4287  4283
3 1743  10944  4287
3 1739  4283  10944
3 4287  10944  4283
3 807  8072  8070
3 2446  10957  8072
3 1743  8070  10957
3 8072  10957  8070
3 336  5284  5288
3 1739  10946  5284
3 2446  5288  10946
3 5284  10946  5288
3 1743  10957  10944
3 2446  10946  10957
3 1739  10944  10946
3 10957  10946  10944
3 157  4266  4270
3 1722  10894  4266
3 1726  4270  10894
3 4266  10894  4270
3 334  5276  5272
3 2442  10896  5276
3 1722  5272  10896
3 5276  10896  5272
3 807  8069  8071
3 1726  10905  8069
3 2442  8071  10905
3 8069  10905  8071
3 1722  10896  10894
3 2442  10905  10896
3 1726  10894  10905
3 10896  10905  10894
3 336  5288  5286
3 2446  12525  5288
3 2440  5286  12525
3 5288  12525  5286
3 807  8071  8072
3 2442  12526  8071
3 2446  8072  12526
3 8071  12526  8072
3 334  5274  5276
3 2440  12524  5274
3 2442  5276  12524
3 5274  12524  5276
3 2446  12526  12525
3 2442  12524  12526
3 2440  12525  12524
3 12526  12524  12525
3 158  4275  4276
3 1731  10920  4275
3 1732  4276  10920
3 4275  10920  4276
3 806  8068  8064
3 3351  10922  8068
3 1731  8064  10922
3 8068  10922  8064
3 808  8075  8079
3 1732  10924  8075
3 3351  8079  10924
3 8075  10924  8079
3 1731  10922  10920
3 3351  10924  10922
3 1732  10920  10924
3 10922  10924  10920
3 157  4270  4269
3 1726  10902  4270
3 1725  4269  10902
3 4270  10902  4269
3 807  8073  8069
3 3350  10906  8073
3 1726  8069  10906
3 8073  10906  8069
3 806  8063  8067
3 1725  10904  8063
3 3350  8067  10904
3 8063  10904  8067
3 1726  10906  10902
3 3350  10904  10906
3 1725  10902  10904
3 10906  10904  10902
3 160  4288  4287
3 1744  10956  4288
3 1743  4287  10956
3 4288  10956  4287
3 808  8080  8076
3 3352  10960  8080
3 1744  8076  10960
3 8080  10960  8076
3 807  8070  8074
3 1743  10958  8070
3 3352  8074  10958
3 8070  10958  8074
3 1744  10960  10956
3 3352  10958  10960
3 1743  10956  10958
3 10960  10958  10956
3 806  8067  8068
3 3350  13430  8067
3 3351  8068  13430
3 8067  13430  8068
3 807  8074  8073
3 3352  13431  8074
3 3350  8073  13431
3 8074  13431  8073
3 808  8079  8080
3 3351  13432  8079
3 3352  8080  13432
3 8079  13432  8080
3 3350  13431  13430
3 3352  13432  13431
3 3351  13430  13432
3 13431  13432  13430
3 12  3469  3470
3 925  8609  3469
3 926  3470  8609
3 3469  8609  3470
3 277  4939  4937
3 2273  8611  4939
3 925  4937  8611
3 4939  8611  4937
3 278  4943  4945
3 926  8614  4943
3 2273  4945  8614
3 4943  8614  4945
3 925  8611  8609
3 2273  8614  8611
3 926  8609  8614
3 8611  8614  8609
3 109  3979  3977
3 1435  10025  3979
3 1433  3977  10025
3 3979  10025  3977
3 665  7219  7217
3 2275  10034  7219
3 1435  7217  10034
3 7219  10034  7217
3 277  4938  4941
3 1433  10027  4938
3 2275  4941  10027
3 4938  10027  4941
3 1435  10034  10025
3 2275  10027  10034
3 1433  10025  10027
3 10034  10027  10025
3 110  3983  3985
3 1439  10043  3983
3 1441  3985  10043
3 3983  10043  3985
3 278  4947  4944
3 2278  10045  4947
3 1439  4944  10045
3 4947  10045  4944
3 665  7218  7220
3 1441  10052  7218
3 2278  7220  10052
3 7218  10052  7220
3 1439  10045  10043
3 2278  10052  10045
3 1441  10043  10052
3 10045  10052  10043
3 277  4941  4939
3 2275  12353  4941
3 2273  4939  12353
3 4941  12353  4939
3 665  7220  7219
3 2278  12357  7220
3 2275  7219  12357
3 7220  12357  7219
3 278  4945  4947
3 2273  12354  4945
3 2278  4947  12354
3 4945  12354  4947
3 2275  12357  12353
3 2278  12354  12357
3 2273  12353  12354
3 12357  12354  12353
3 22  3527  3524
3 983  8769  3527
3 980  3524  8769
3 3527  8769  3524
3 335  5279  5277
3 2433  8779  5279
3 983  5277  8779
3 5279  8779  5277
3 332  5259  5261
3 980  8771  5259
3 2433  5261  8771
3 5259  8771  5261
3 983  8779  8769
3 2433  8771  8779
3 980  8769  8771
3 8779  8771  8769
3 159  4279  4277
3 1735  10925  4279
3 1733  4277  10925
3 4279  10925  4277
3 667  7232  7230
3 2443  10934  7232
3 1735  7230  10934
3 7232  10934  7230
3 335  5278  5281
3 1733  10927  5278
3 2443  5281  10927
3 5278  10927  5281
3 1735  10934  10925
3 2443  10927  10934
3 1733  10925  10927
3 10934  10927  10925
3 109  3978  3981
3 1434  10029  3978
3 1437  3981  10029
3 3978  10029  3981
3 332  5263  5260
3 2435  10031  5263
3 1434  5260  10031
3 5263  10031  5260
3 667  7229  7231
3 1437  10039  7229
3 2435  7231  10039
3 7229  10039  7231
3 1434  10031  10029
3 2435  10039  10031
3 1437  10029  10039
3 10031  10039  10029
3 335  5281  5279
3 2443  12516  5281
3 2433  5279  12516
3 5281  12516  5279
3 667  7231  7232
3 2435  12519  7231
3 2443  7232  12519
3 7231  12519  7232
3 332  5261  5263
3 2433  12515  5261
3 2435  5263  12515
3 5261  12515  5263
3 2443  12519  12516
3 2435  12515  12519
3 2433  12516  12515
3 12519  12515  12516
3 24  3534  3536
3 990  8796  3534
3 992  3536  8796
3 3534  8796  3536
3 342  5317  5315
3 2460  8798  5317
3 990  5315  8798
3 5317  8798  5315
3 344  5327  5329
3 992  8803  5327
3 2460  5329  8803
3 5327  8803  5329
3 990  8798  8796
3 2460  8803  8798
3 992  8796  8803
3 8798  8803  8796
3 110  3987  3984
3 1443  10047  3987
3 1440  3984  10047
3 3987  10047  3984
3 670  7249  7247
3 2462  10057  7249
3 1443  7247  10057
3 7249  10057  7247
3 342  5316  5319
3 1440  10049  5316
3 2462  5319  10049
3 5316  10049  5319
3 1443  10057  10047
3 2462  10049  10057
3 1440  10047  10049
3 10057  10049  10047
3 159  4278  4280
3 1734  10929  4278
3 1736  4280  10929
3 4278  10929  4280
3 344  5331  5328
3 2467  10931  5331
3 1734  5328  10931
3 5331  10931  5328
3 670  7248  7250
3 1736  10936  7248
3 2467  7250  10936
3 7248  10936  7250
3 1734  10931  10929
3 2467  10936  10931
3 1736  10929  10936
3 10931  10936  10929
3 342  5319  5317
3 2462  12542  5319
3 2460  5317  12542
3 5319  12542  5317
3 670  7250  7249
3 2467  12546  7250
3 2462  7249  12546
3 7250  12546  7249
3 344  5329  5331
3 2460  12543  5329
3 2467  5331  12543
3 5329  12543  5331
3 2462  12546  12542
3 2467  12543  12546
3 2460  12542  12543
3 12546  12543  12542
3 109  3981  3979
3 1437  10033  3981
3 1435  3979  10033
3 3981  10033  3979
3 667  7233  7229
3 3209  10040  7233
3 1437  7229  10040
3 7233  10040  7229
3 665  7217  7221
3 1435  10035  7217
3 3209  7221  10035
3 7217  10035  7221
3 1437  10040  10033
3 3209  10035  10040
3 1435  10033  10035
3 10040  10035  10033
3 159  4280  4279
3 1736  10933  4280
3 1735  4279  10933
3 4280  10933  4279
3 670  7252  7248
3 3213  10937  7252
3 1736  7248  10937
3 7252  10937  7248
3 667  7230  7234
3 1735  10935  7230
3 3213  7234  10935
3 7230  10935  7234
3 1736  10937  10933
3 3213  10935  10937
3 1735  10933  10935
3 10937  10935  10933
3 110  3985  3987
3 1441  10051  3985
3 1443  3987  10051
3 3985  10051  3987
3 665  7222  7218
3 3210  10053  7222
3 1441  7218  10053
3 7222  10053  7218
3 670  7247  7251
3 1443  10058  7247
3 3210  7251  10058
3 7247  10058  7251
3 1441  10053  10051
3 3210  10058  10053
3 1443  10051  10058
3 10053  10058  10051
3 667  7234  7233
3 3213  13290  7234
3 3209  7233  13290
3 7234  13290  7233
3 670  7251  7252
3 3210  13291  7251
3 3213  7252  13291
3 7251  13291  7252
3 665  7221  7222
3 3209  13289  7221
3 3210  7222  13289
3 7221  13289  7222
3 3213  13291  13290
3 3210  13289  13291
3 3209  13290  13289
3 13291  13289  13290
3 0  3425  3427
3 881  8513  3425
3 883  3427  8513
3 3425  8513  3427
3 233  4723  4721
3 2177  8514  4723
3 881  4721  8514
3 4723  8514  4721
3 235  4729  4731
3 883  8517  4729
3 2177  4731  8517
3 4729  8517  4731
3 881  8514  8513
3 2177  8517  8514
3 883  8513  8517
3 8514  8517  8513
3 65  3763  3761
3 1219  9449  3763
3 1217  3761  9449
3 3763  9449  3761
3 569  6643  6641
3 2178  9454  6643
3 1219  6641  9454
3 6643  9454  6641
3 233  4722  4724
3 1217  9450  4722
3 2178  4724  9450
3 4722  9450  4724
3 1219  9454  9449
3 2178  9450  9454
3 1217  9449  9450
3 9454  9450  9449
3 67  3769  3771
3 1225  9467  3769
3 1227  3771  9467
3 3769  9467  3771
3 235  4733  4730
3 2181  9469  4733
3 1225  4730  9469
3 4733  9469  4730
3 569  6642  6644
3 1227  9476  6642
3 2181  6644  9476
3 6642  9476  6644
3 1225  9469  9467
3 2181  9476  9469
3 1227  9467  9476
3 9469  9476  9467
3 233  4724  4723
3 2178  12257  4724
3 2177  4723  12257
3 4724  12257  4723
3 569  6644  6643
3 2181  12259  6644
3 2178  6643  12259
3 6644  12259  6643
3 235  4731  4733
3 2177  12258  4731
3 2181  4733  12258
3 4731  12258  4733
3 2178  12259  12257
3 2181  12258  12259
3 2177  12257  12258
3 12259  12258  12257
3 20  3517  3515
3 973  8747  3517
3 971  3515  8747
3 3517  8747  3515
3 325  5223  5221
3 2411  8752  5223
3 973  5221  8752
3 5223  8752  5221
3 323  5213  5215
3 971  8748  5213
3 2411  5215  8748
3 5213  8748  5215
3 973  8752  8747
3 2411  8748  8752
3 971  8747  8748
3 8752  8748  8747
3 155  4255  4253
3 1711  10853  4255
3 1709  4253  10853
3 4255  10853  4253
3 570  6650  6648
3 2416  10862  6650
3 1711  6648  10862
3 6650  10862  6648
3 325  5222  5225
3 1709  10855  5222
3 2416  5225  10855
3 5222  10855  5225
3 1711  10862  10853
3 2416  10855  10862
3 1709  10853  10855
3 10862  10855  10853
3 65  3762  3764
3 1218  9451  3762
3 1220  3764  9451
3 3762  9451  3764
3 323  5216  5214
3 2412  9452  5216
3 1218  5214  9452
3 5216  9452  5214
3 570  6647  6649
3 1220  9456  6647
3 2412  6649  9456
3 6647  9456  6649
3 1218  9452  9451
3 2412  9456  9452
3 1220  9451  9456
3 9452  9456  9451
3 325  5225  5223
3 2416  12492  5225
3 2411  5223  12492
3 5225  12492  5223
3 570  6649  6650
3 2412  12493  6649
3 2416  6650  12493
3 6649  12493  6650
3 323  5215  5216
3 2411  12491  5215
3 2412  5216  12491
3 5215  12491  5216
3 2416  12493  12492
3 2412  12491  12493
3 2411  12492  12491
3 12493  12491  12492
3 22  3523  3525
3 979  8765  3523
3 981  3525  8765
3 3523  8765  3525
3 331  5255  5253
3 2429  8767  5255
3 979  5253  8767
3 5255  8767  5253
3 333  5265  5267
3 981  8774  5265
3 2429  5267  8774
3 5265  8774  5267
3 979  8767  8765
3 2429  8774  8767
3 981  8765  8774
3 8767  8774  8765
3 67  3773  3770
3 1229  9471  3773
3 1226  3770  9471
3 3773  9471  3770
3 573  6667  6665
3 2431  9481  6667
3 1229  6665  9481
3 6667  9481  6665
3 331  5254  5257
3 1226  9473  5254
3 2431  5257  9473
3 5254  9473  5257
3 1229  9481  9471
3 2431  9473  9481
3 1226  9471  9473
3 9481  9473  9471
3 155  4254  4256
3 1710  10857  4254
3 1712  4256  10857
3 4254  10857  4256
3 333  5269  5266
3 2438  10859  5269
3 1710  5266  10859
3 5269  10859  5266
3 573  6666  6668
3 1712  10864  6666
3 2438  6668  10864
3 6666  10864  6668
3 1710  10859  10857
3 2438  10864  10859
3 1712  10857  10864
3 10859  10864  10857
3 331  5257  5255
3 2431  12509  5257
3 2429  5255  12509
3 5257  12509  5255
3 573  6668  6667
3 2438  12513  6668
3 2431  6667  12513
3 6668  12513  6667
3 333  5267  5269
3 2429  12510  5267
3 2438  5269  12510
3 5267  12510  5269
3 2431  12513  12509
3 2438  12510  12513
3 2429  12509  12510
3 12513  12510  12509
3 65  3764  3763
3 1220  9453  3764
3 1219  3763  9453
3 3764  9453  3763
3 570  6651  6647
3 3113  9457  6651
3 1220  6647  9457
3 6651  9457  6647
3 569  6641  6645
3 1219  9455  6641
3 3113  6645  9455
3 6641  9455  6645
3 1220  9457  9453
3 3113  9455  9457
3 1219  9453  9455
3 9457  9455  9453
3 155  4256  4255
3 1712  10861  4256
3 1711  4255  10861
3 4256  10861  4255
3 573  6670  6666
3 3115  10865  6670
3 1712  6666  10865
3 6670  10865  6666
3 570  6648  6652
3 1711  10863  6648
3 3115  6652  10863
3 6648  10863  6652
3 1712  10865  10861
3 3115  10863  10865
3 1711  10861  10863
3 10865  10863  10861
3 67  3771  3773
3 1227  9475  3771
3 1229  3773  9475
3 3771  9475  3773
3 569  6646  6642
3 3114  9477  6646
3 1227  6642  9477
3 6646  9477  6642
3 573  6665  6669
3 1229  9482  6665
3 3114  6669  9482
3 6665  9482  6669
3 1227  9477  9475
3 3114  9482  9477
3 1229  9475  9482
3 9477  9482  9475
3 570  6652  6651
3 3115  13194  6652
3 3113  6651  13194
3 6652  13194  6651
3 573  6669  6670
3 3114  13195  6669
3 3115  6670  13195
3 6669  13195  6670
3 569  6645  6646
3 3113  13193  6645
3 3114  6646  13193
3 6645  13193  6646
3 3115  13195  13194
3 3114  13193  13195
3 3113  13194  13193
3 13195  13193  13194
3 1  3430  3428
3 886  8519  3430
3 884  3428  8519
3 3430  8519  3428
3 238  4745  4743
3 2183  8524  4745
3 886  4743  8524
3 4745  8524  4743
3 236  4735  4737
3 884  8520  4735
3 2183  4737  8520
3 4735  8520  4737
3 886  8524  8519
3 2183  8520  8524
3 884  8519  8520
3 8524  8520  8519
3 70  3785  3783
3 1241  9503  3785
3 1239  3783  9503
3 3785  9503  3783
3 575  6680  6678
3 2188  9512  6680
3 1241  6678  9512
3 6680  9512  6678
3 238  4744  4747
3 1239  9505  4744
3 2188  4747  9505
3 4744  9505  4747
3 1241  9512  9503
3 2188  9505  9512
3 1239  9503  9505
3 9512  9505  9503
3 68  3775  3777
3 1231  9485  3775
3 1233  3777  9485
3 3775  9485  3777
3 236  4738  4736
3 2184  9486  4738
3 1231  4736  9486
3 4738  9486  4736
3 575  6677  6679
3 1233  9490  6677
3 2184  6679  9490
3 6677  9490  6679
3 1231  9486  9485
3 2184  9490  9486
3 1233  9485  9490
3 9486  9490  9485
3 238  4747  4745
3 2188  12264  4747
3 2183  4745  12264
3 4747  12264  4745
3 575  6679  6680
3 2184  12265  6679
3 2188  6680  12265
3 6679  12265  6680
3 236  4737  4738
3 2183  12263  4737
3 2184  4738  12263
3 4737  12263  4738
3 2188  12265  12264
3 2184  12263  12265
3 2183  12264  12263
3 12265  12263  12264
3 24  3535  3533
3 991  8792  3535
3 989  3533  8792
3 3535  8792  3533
3 343  5323  5321
3 2456  8801  5323
3 991  5321  8801
3 5323  8801  5321
3 341  5309  5311
3 989  8794  5309
3 2456  5311  8794
3 5309  8794  5311
3 991  8801  8792
3 2456  8794  8801
3 989  8792  8794
3 8801  8794  8792
3 156  4262  4260
3 1718  10875  4262
3 1716  4260  10875
3 4262  10875  4260
3 580  6710  6708
3 2465  10882  6710
3 1718  6708  10882
3 6710  10882  6708
3 343  5322  5325
3 1716  10877  5322
3 2465  5325  10877
3 5322  10877  5325
3 1718  10882  10875
3 2465  10877  10882
3 1716  10875  10877
3 10882  10877  10875
3 70  3784  3787
3 1240  9507  3784
3 1243  3787  9507
3 3784  9507  3787
3 341  5313  5310
3 2458  9509  5313
3 1240  5310  9509
3 5313  9509  5310
3 580  6707  6709
3 1243  9517  6707
3 2458  6709  9517
3 6707  9517  6709
3 1240  9509  9507
3 2458  9517  9509
3 1243  9507  9517
3 9509  9517  9507
3 343  5325  5323
3 2465  12537  5325
3 2456  5323  12537
3 5325  12537  5323
3 580  6709  6710
3 2458  12540  6709
3 2465  6710  12540
3 6709  12540  6710
3 341  5311  5313
3 2456  12536  5311
3 2458  5313  12536
3 5311  12536  5313
3 2465  12540  12537
3 2458  12536  12540
3 2456  12537  12536
3 12540  12536  12537
3 20  3516  3518
3 972  8749  3516
3 974  3518  8749
3 3516  8749  3518
3 324  5219  5217
3 2413  8750  5219
3 972  5217  8750
3 5219  8750  5217
3 326  5227  5229
3 974  8754  5227
3 2413  5229  8754
3 5227  8754  5229
3 972  8750  8749
3 2413  8754  8750
3 974  8749  8754
3 8750  8754  8749
3 68  3778  3776
3 1234  9487  3778
3 1232  3776  9487
3 3778  9487  3776
3 576  6685  6683
3 2414  9492  6685
3 1234  6683  9492
3 6685  9492  6683
3 324  5218  5220
3 1232  9488  5218
3 2414  5220  9488
3 5218  9488  5220
3 1234  9492  9487
3 2414  9488  9492
3 1232  9487  9488
3 9492  9488  9487
3 156  4259  4261
3 1715  10871  4259
3 1717  4261  10871
3 4259  10871  4261
3 326  5231  5228
3 2418  10873  5231
3 1715  5228  10873
3 5231  10873  5228
3 576  6684  6686
3 1717  10880  6684
3 2418  6686  10880
3 6684  10880  6686
3 1715  10873  10871
3 2418  10880  10873
3 1717  10871  10880
3 10873  10880  10871
3 324  5220  5219
3 2414  12494  5220
3 2413  5219  12494
3 5220  12494  5219
3 576  6686  6685
3 2418  12496  6686
3 2414  6685  12496
3 6686  12496  6685
3 326  5229  5231
3 2413  12495  5229
3 2418  5231  12495
3 5229  12495  5231
3 2414  12496  12494
3 2418  12495  12496
3 2413  12494  12495
3 12496  12495  12494
3 70  3787  3785
3 1243  9511  3787
3 1241  3785  9511
3 3787  9511  3785
3 580  6711  6707
3 3120  9518  6711
3 1243  6707  9518
3 6711  9518  6707
3 575  6678  6682
3 1241  9513  6678
3 3120  6682  9513
3 6678  9513  6682
3 1243  9518  9511
3 3120  9513  9518
3 1241  9511  9513
3 9518  9513  9511
3 156  4261  4262
3 1717  10879  4261
3 1718  4262  10879
3 4261  10879  4262
3 576  6688  6684
3 3121  10881  6688
3 1717  6684  10881
3 6688  10881  6684
3 580  6708  6712
3 1718  10883  6708
3 3121  6712  10883
3 6708  10883  6712
3 1717  10881  10879
3 3121  10883  10881
3 1718  10879  10883
3 10881  10883  10879
3 68  3777  3778
3 1233  9489  3777
3 1234  3778  9489
3 3777  9489  3778
3 575  6681  6677
3 3119  9491  6681
3 1233  6677  9491
3 6681  9491  6677
3 576  6683  6687
3 1234  9493  6683
3 3119  6687  9493
3 6683  9493  6687
3 1233  9491  9489
3 3119  9493  9491
3 1234  9489  9493
3 9491  9493  9489
3 580  6712  6711
3 3121  13201  6712
3 3120  6711  13201
3 6712  13201  6711
3 576  6687  6688
3 3119  13200  6687
3 3121  6688  13200
3 6687  13200  6688
3 575  6682  6681
3 3120  13199  6682
3 3119  6681  13199
3 6682  13199  6681
3 3121  13200  13201
3 3119  13199  13200
3 3120  13201  13199
3 13200  13199  13201
3 22  3525  3527
3 981  8773  3525
3 983  3527  8773
3 3525  8773  3527
3 333  5268  5265
3 2437  8775  5268
3 981  5265  8775
3 5268  8775  5265
3 335  5277  5280
3 983  8780  5277
3 2437  5280  8780
3 5277  8780  5280
3 981  8775  8773
3 2437  8780  8775
3 983  8773  8780
3 8775  8780  8773
3 155  4258  4254
3 1714  10858  4258
3 1710  4254  10858
3 4258  10858  4254
3 804  8053  8051
3 2439  10869  8053
3 1714  8051  10869
3 8053  10869  8051
3 333  5266  5270
3 1710  10860  5266
3 2439  5270  10860
3 5266  10860  5270
3 1714  10869  10858
3 2439  10860  10869
3 1710  10858  10860
3 10869  10860  10858
3 159  4277  4281
3 1733  10926  4277
3 1737  4281  10926
3 4277  10926  4281
3 335  5282  5278
3 2444  10928  5282
3 1733  5278  10928
3 5282  10928  5278
3 804  8052  8054
3 1737  10939  8052
3 2444  8054  10939
3 8052  10939  8054
3 1733  10928  10926
3 2444  10939  10928
3 1737  10926  10939
3 10928  10939  10926
3 333  5270  5268
3 2439  12521  5270
3 2437  5268  12521
3 5270  12521  5268
3 804  8054  8053
3 2444  12523  8054
3 2439  8053  12523
3 8054  12523  8053
3 335  5280  5282
3 2437  12522  5280
3 2444  5282  12522
3 5280  12522  5282
3 2439  12523  12521
3 2444  12522  12523
3 2437  12521  12522
3 12523  12522  12521
3 20  3518  3517
3 974  8751  3518
3 973  3517  8751
3 3518  8751  3517
3 326  5230  5227
3 2415  8755  5230
3 974  5227  8755
3 5230  8755  5227
3 325  5221  5224
3 973  8753  5221
3 2415  5224  8753
3 5221  8753  5224
3 974  8755  8751
3 2415  8753  8755
3 973  8751  8753
3 8755  8753  8751
3 156  4263  4259
3 1719  10872  4263
3 1715  4259  10872
3 4263  10872  4259
3 803  8048  8046
3 2419  10885  8048
3 1719  8046  10885
3 8048  10885  8046
3 326  5228  5232
3 1715  10874  5228
3 2419  5232  10874
3 5228  10874  5232
3 1719  10885  10872
3 2419  10874  10885
3 1715  10872  10874
3 10885  10874  10872
3 155  4253  4257
3 1709  10854  4253
3 1713  4257  10854
3 4253  10854  4257
3 325  5226  5222
3 2417  10856  5226
3 1709  5222  10856
3 5226  10856  5222
3 803  8045  8047
3 1713  10867  8045
3 2417  8047  10867
3 8045  10867  8047
3 1709  10856  10854
3 2417  10867  10856
3 1713  10854  10867
3 10856  10867  10854
3 326  5232  5230
3 2419  12498  5232
3 2415  5230  12498
3 5232  12498  5230
3 803  8047  8048
3 2417  12499  8047
3 2419  8048  12499
3 8047  12499  8048
3 325  5224  5226
3 2415  12497  5224
3 2417  5226  12497
3 5224  12497  5226
3 2419  12499  12498
3 2417  12497  12499
3 2415  12498  12497
3 12499  12497  12498
3 24  3536  3535
3 992  8800  3536
3 991  3535  8800
3 3536  8800  3535
3 344  5330  5327
3 2464  8804  5330
3 992  5327  8804
3 5330  8804  5327
3 343  5321  5324
3 991  8802  5321
3 2464  5324  8802
3 5321  8802  5324
3 992  8804  8800
3 2464  8802  8804
3 991  8800  8802
3 8804  8802  8800
3 159  4282  4278
3 1738  10930  4282
3 1734  4278  10930
3 4282  10930  4278
3 805  8060  8058
3 2468  10941  8060
3 1738  8058  10941
3 8060  10941  8058
3 344  5328  5332
3 1734  10932  5328
3 2468  5332  10932
3 5328  10932  5332
3 1738  10941  10930
3 2468  10932  10941
3 1734  10930  10932
3 10941  10932  10930
3 156  4260  4264
3 1716  10876  4260
3 1720  4264  10876
3 4260  10876  4264
3 343  5326  5322
3 2466  10878  5326
3 1716  5322  10878
3 5326  10878  5322
3 805  8057  8059
3 1720  10887  8057
3 2466  8059  10887
3 8057  10887  8059
3 1716  10878  10876
3 2466  10887  10878
3 1720  10876  10887
3 10878  10887  10876
3 344  5332  5330
3 2468  12549  5332
3 2464  5330  12549
3 5332  12549  5330
3 805  8059  8060
3 2466  12550  8059
3 2468  8060  12550
3 8059  12550  8060
3 343  5324  5326
3 2464  12548  5324
3 2466  5326  12548
3 5324  12548  5326
3 2468  12550  12549
3 2466  12548  12550
3 2464  12549  12548
3 12550  12548  12549
3 155  4257  4258
3 1713  10866  4257
3 1714  4258  10866
3 4257  10866  4258
3 803  8049  8045
3 3347  10868  8049
3 1713  8045  10868
3 8049  10868  8045
3 804  8051  8055
3 1714  10870  8051
3 3347  8055  10870
3 8051  10870  8055
3 1713  10868  10866
3 3347  10870  10868
3 1714  10866  10870
3 10868  10870  10866
3 156  4264  4263
3 1720  10884  4264
3 1719  4263  10884
3 4264  10884  4263
3 805  8061  8057
3 3348  10888  8061
3 1720  8057  10888
3 8061  10888  8057
3 803  8046  8050
3 1719  10886  8046
3 3348  8050  10886
3 8046  10886  8050
3 1720  10888  10884
3 3348  10886  10888
3 1719  10884  10886
3 10888  10886  10884
3 159  4281  4282
3 1737  10938  4281
3 1738  4282  10938
3 4281  10938  4282
3 804  8056  8052
3 3349  10940  8056
3 1737  8052  10940
3 8056  10940  8052
3 805  8058  8062
3 1738  10942  8058
3 3349  8062  10942
3 8058  10942  8062
3 1737  10940  10938
3 3349  10942  10940
3 1738  10938  10942
3 10940  10942  10938
3 803  8050  8049
3 3348  13427  8050
3 3347  8049  13427
3 8050  13427  8049
3 805  8062  8061
3 3349  13429  8062
3 3348  8061  13429
3 8062  13429  8061
3 804  8055  8056
3 3347  13428  8055
3 3349  8056  13428
3 8055  13428  8056
3 3348  13429  13427
3 3349  13428  13429
3 3347  13427  13428
3 13429  13428  13427
3 12  3470  3472
3 926  8613  3470
3 928  3472  8613
3 3470  8613  3472
3 278  4946  4943
3 2277  8615  4946
3 926  4943  8615
3 4946  8615  4943
3 280  4955  4957
3 928  8620  4955
3 2277  4957  8620
3 4955  8620  4957
3 926  8615  8613
3 2277  8620  8615
3 928  8613  8620
3 8615  8620  8613
3 110  3986  3983
3 1442  10044  3986
3 1439  3983  10044
3 3986  10044  3983
3 669  7243  7241
3 2279  10055  7243
3 1442  7241  10055
3 7243  10055  7241
3 278  4944  4948
3 1439  10046  4944
3 2279  4948  10046
3 4944  10046  4948
3 1442  10055  10044
3 2279  10046  10055
3 1439  10044  10046
3 10055  10046  10044
3 112  3995  3997
3 1451  10079  3995
3 1453  3997  10079
3 3995  10079  3997
3 280  4959  4956
3 2284  10081  4959
3 1451  4956  10081
3 4959  10081  4956
3 669  7242  7244
3 1453  10088  7242
3 2284  7244  10088
3 7242  10088  7244
3 1451  10081  10079
3 2284  10088  10081
3 1453  10079  10088
3 10081  10088  10079
3 278  4948  4946
3 2279  12359  4948
3 2277  4946  12359
3 4948  12359  4946
3 669  7244  7243
3 2284  12361  7244
3 2279  7243  12361
3 7244  12361  7243
3 280  4957  4959
3 2277  12360  4957
3 2284  4959  12360
3 4957  12360  4959
3 2279  12361  12359
3 2284  12360  12361
3 2277  12359  12360
3 12361  12360  12359
3 24  3538  3534
3 994  8797  3538
3 990  3534  8797
3 3538  8797  3534
3 346  5341  5339
3 2461  8808  5341
3 994  5339  8808
3 5341  8808  5339
3 342  5315  5318
3 990  8799  5315
3 2461  5318  8799
3 5315  8799  5318
3 994  8808  8797
3 2461  8799  8808
3 990  8797  8799
3 8808  8799  8797
3 164  4309  4307
3 1765  11015  4309
3 1763  4307  11015
3 4309  11015  4307
3 671  7256  7254
3 2472  11024  7256
3 1765  7254  11024
3 7256  11024  7254
3 346  5340  5343
3 1763  11017  5340
3 2472  5343  11017
3 5340  11017  5343
3 1765  11024  11015
3 2472  11017  11024
3 1763  11015  11017
3 11024  11017  11015
3 110  3984  3988
3 1440  10048  3984
3 1444  3988  10048
3 3984  10048  3988
3 342  5320  5316
3 2463  10050  5320
3 1440  5316  10050
3 5320  10050  5316
3 671  7253  7255
3 1444  10059  7253
3 2463  7255  10059
3 7253  10059  7255
3 1440  10050  10048
3 2463  10059  10050
3 1444  10048  10059
3 10050  10059  10048
3 346  5343  5341
3 2472  12545  5343
3 2461  5341  12545
3 5343  12545  5341
3 671  7255  7256
3 2463  12547  7255
3 2472  7256  12547
3 7255  12547  7256
3 342  5318  5320
3 2461  12544  5318
3 2463  5320  12544
3 5318  12544  5320
3 2472  12547  12545
3 2463  12544  12547
3 2461  12545  12544
3 12547  12544  12545
3 52  3683  3685
3 1139  9215  3683
3 1141  3685  9215
3 3683  9215  3685
3 491  6175  6173
3 2879  9217  6175
3 1139  6173  9217
3 6175  9217  6173
3 493  6185  6187
3 1141  9224  6185
3 2879  6187  9224
3 6185  9224  6187
3 1139  9217  9215
3 2879  9224  9217
3 1141  9215  9224
3 9217  9224  9215
3 112  3999  3996
3 1455  10083  3999
3 1452  3996  10083
3 3999  10083  3996
3 676  7285  7283
3 2881  10093  7285
3 1455  7283  10093
3 7285  10093  7283
3 491  6174  6177
3 1452  10085  6174
3 2881  6177  10085
3 6174  10085  6177
3 1455  10093  10083
3 2881  10085  10093
3 1452  10083  10085
3 10093  10085  10083
3 164  4308  4310
3 1764  11019  4308
3 1766  4310  11019
3 4308  11019  4310
3 493  6189  6186
3 2888  11021  6189
3 1764  6186  11021
3 6189  11021  6186
3 676  7284  7286
3 1766  11026  7284
3 2888  7286  11026
3 7284  11026  7286
3 1764  11021  11019
3 2888  11026  11021
3 1766  11019  11026
3 11021  11026  11019
3 491  6177  6175
3 2881  12959  6177
3 2879  6175  12959
3 6177  12959  6175
3 676  7286  7285
3 2888  12963  7286
3 2881  7285  12963
3 7286  12963  7285
3 493  6187  6189
3 2879  12960  6187
3 2888  6189  12960
3 6187  12960  6189
3 2881  12963  12959
3 2888  12960  12963
3 2879  12959  12960
3 12963  12960  12959
3 110  3988  3986
3 1444  10054  3988
3 1442  3986  10054
3 3988  10054  3986
3 671  7257  7253
3 3215  10060  7257
3 1444  7253  10060
3 7257  10060  7253
3 669  7241  7245
3 1442  10056  7241
3 3215  7245  10056
3 7241  10056  7245
3 1444  10060  10054
3 3215  10056  10060
3 1442  10054  10056
3 10060  10056  10054
3 164  4310  4309
3 1766  11023  4310
3 1765  4309  11023
3 4310  11023  4309
3 676  7288  7284
3 3217  11027  7288
3 1766  7284  11027
3 7288  11027  7284
3 671  7254  7258
3 1765  11025  7254
3 3217  7258  11025
3 7254  11025  7258
3 1766  11027  11023
3 3217  11025  11027
3 1765  11023  11025
3 11027  11025  11023
3 112  3997  3999
3 1453  10087  3997
3 1455  3999  10087
3 3997  10087  3999
3 669  7246  7242
3 3216  10089  7246
3 1453  7242  10089
3 7246  10089  7242
3 676  7283  7287
3 1455  10094  7283
3 3216  7287  10094
3 7283  10094  7287
3 1453  10089  10087
3 3216  10094  10089
3 1455  10087  10094
3 10089  10094  10087
3 671  7258  7257
3 3217  13296  7258
3 3215  7257  13296
3 7258  13296  7257
3 676  7287  7288
3 3216  13297  7287
3 3217  7288  13297
3 7287  13297  7288
3 669  7245  7246
3 3215  13295  7245
3 3216  7246  13295
3 7245  13295  7246
3 3217  13297  13296
3 3216  13295  13297
3 3215  13296  13295
3 13297  13295  13296
3 1  3431  3430
3 887  8523  3431
3 886  3430  8523
3 3431  8523  3430
3 239  4752  4749
3 2187  8527  4752
3 887  4749  8527
3 4752  8527  4749
3 238  4743  4746
3 886  8525  4743
3 2187  4746  8525
3 4743  8525  4746
3 887  8527  8523
3 2187  8525  8527
3 886  8523  8525
3 8527  8525  8523
3 71  3792  3789
3 1248  9522  3792
3 1245  3789  9522
3 3792  9522  3789
3 579  6704  6702
3 2191  9533  6704
3 1248  6702  9533
3 6704  9533  6702
3 239  4750  4754
3 1245  9524  4750
3 2191  4754  9524
3 4750  9524  4754
3 1248  9533  9522
3 2191  9524  9533
3 1245  9522  9524
3 9533  9524  9522
3 70  3783  3786
3 1239  9504  3783
3 1242  3786  9504
3 3783  9504  3786
3 238  4748  4744
3 2189  9506  4748
3 1239  4744  9506
3 4748  9506  4744
3 579  6701  6703
3 1242  9515  6701
3 2189  6703  9515
3 6701  9515  6703
3 1239  9506  9504
3 2189  9515  9506
3 1242  9504  9515
3 9506  9515  9504
3 239  4754  4752
3 2191  12270  4754
3 2187  4752  12270
3 4754  12270  4752
3 579  6703  6704
3 2189  12271  6703
3 2191  6704  12271
3 6703  12271  6704
3 238  4746  4748
3 2187  12269  4746
3 2189  4748  12269
3 4746  12269  4748
3 2191  12271  12270
3 2189  12269  12271
3 2187  12270  12269
3 12271  12269  12270
3 25  3542  3539
3 998  8811  3542
3 995  3539  8811
3 3542  8811  3539
3 350  5365  5363
3 2475  8822  5365
3 998  5363  8822
3 5365  8822  5363
3 347  5345  5348
3 995  8813  5345
3 2475  5348  8813
3 5345  8813  5348
3 998  8822  8811
3 2475  8813  8822
3 995  8811  8813
3 8822  8813  8811
3 163  4304  4302
3 1760  11001  4304
3 1758  4302  11001
3 4304  11001  4302
3 583  6728  6726
3 2486  11008  6728
3 1760  6726  11008
3 6728  11008  6726
3 350  5364  5367
3 1758  11003  5364
3 2486  5367  11003
3 5364  11003  5367
3 1760  11008  11001
3 2486  11003  11008
3 1758  11001  11003
3 11008  11003  11001
3 71  3790  3794
3 1246  9526  3790
3 1250  3794  9526
3 3790  9526  3794
3 347  5350  5346
3 2477  9528  5350
3 1246  5346  9528
3 5350  9528  5346
3 583  6725  6727
3 1250  9537  6725
3 2477  6727  9537
3 6725  9537  6727
3 1246  9528  9526
3 2477  9537  9528
3 1250  9526  9537
3 9528  9537  9526
3 350  5367  5365
3 2486  12557  5367
3 2475  5365  12557
3 5367  12557  5365
3 583  6727  6728
3 2477  12559  6727
3 2486  6728  12559
3 6727  12559  6728
3 347  5348  5350
3 2475  12556  5348
3 2477  5350  12556
3 5348  12556  5350
3 2486  12559  12557
3 2477  12556  12559
3 2475  12557  12556
3 12559  12556  12557
3 24  3533  3537
3 989  8793  3533
3 993  3537  8793
3 3533  8793  3537
3 341  5312  5309
3 2457  8795  5312
3 989  5309  8795
3 5312  8795  5309
3 345  5333  5335
3 993  8806  5333
3 2457  5335  8806
3 5333  8806  5335
3 989  8795  8793
3 2457  8806  8795
3 993  8793  8806
3 8795  8806  8793
3 70  3788  3784
3 1244  9508  3788
3 1240  3784  9508
3 3788  9508  3784
3 581  6715  6713
3 2459  9519  6715
3 1244  6713  9519
3 6715  9519  6713
3 341  5310  5314
3 1240  9510  5310
3 2459  5314  9510
3 5310  9510  5314
3 1244  9519  9508
3 2459  9510  9519
3 1240  9508  9510
3 9519  9510  9508
3 163  4301  4303
3 1757  10997  4301
3 1759  4303  10997
3 4301  10997  4303
3 345  5337  5334
3 2470  10999  5337
3 1757  5334  10999
3 5337  10999  5334
3 581  6714  6716
3 1759  11006  6714
3 2470  6716  11006
3 6714  11006  6716
3 1757  10999  10997
3 2470  11006  10999
3 1759  10997  11006
3 10999  11006  10997
3 341  5314  5312
3 2459  12538  5314
3 2457  5312  12538
3 5314  12538  5312
3 581  6716  6715
3 2470  12541  6716
3 2459  6715  12541
3 6716  12541  6715
3 345  5335  5337
3 2457  12539  5335
3 2470  5337  12539
3 5335  12539  5337
3 2459  12541  12538
3 2470  12539  12541
3 2457  12538  12539
3 12541  12539  12538
3 71  3794  3792
3 1250  9532  3794
3 1248  3792  9532
3 3794  9532  3792
3 583  6729  6725
3 3126  9538  6729
3 1250  6725  9538
3 6729  9538  6725
3 579  6702  6706
3 1248  9534  6702
3 3126  6706  9534
3 6702  9534  6706
3 1250  9538  9532
3 3126  9534  9538
3 1248  9532  9534
3 9538  9534  9532
3 163  4303  4304
3 1759  11005  4303
3 1760  4304  11005
3 4303  11005  4304
3 581  6718  6714
3 3127  11007  6718
3 1759  6714  11007
3 6718  11007  6714
3 583  6726  6730
3 1760  11009  6726
3 3127  6730  11009
3 6726  11009  6730
3 1759  11007  11005
3 3127  11009  11007
3 1760  11005  11009
3 11007  11009  11005
3 70  3786  3788
3 1242  9514  3786
3 1244  3788  9514
3 3786  9514  3788
3 579  6705  6701
3 3125  9516  6705
3 1242  6701  9516
3 6705  9516  6701
3 581  6713  6717
3 1244  9520  6713
3 3125  6717  9520
3 6713  9520  6717
3 1242  9516  9514
3 3125  9520  9516
3 1244  9514  9520
3 9516  9520  9514
3 583  6730  6729
3 3127  13207  6730
3 3126  6729  13207
3 6730  13207  6729
3 581  6717  6718
3 3125  13206  6717
3 3127  6718  13206
3 6717  13206  6718
3 579  6706  6705
3 3126  13205  6706
3 3125  6705  13205
3 6706  13205  6705
3 3127  13206  13207
3 3125  13205  13206
3 3126  13207  13205
3 13206  13205  13207
3 13  3476  3474
3 932  8625  3476
3 930  3474  8625
3 3476  8625  3474
3 284  4981  4979
3 2289  8632  4981
3 932  4979  8632
3 4981  8632  4979
3 282  4967  4970
3 930  8627  4967
3 2289  4970  8627
3 4967  8627  4970
3 932  8632  8625
3 2289  8627  8632
3 930  8625  8627
3 8632  8627  8625
3 116  4021  4019
3 1477  10151  4021
3 1475  4019  10151
3 4021  10151  4019
3 681  7316  7314
3 2296  10160  7316
3 1477  7314  10160
3 7316  10160  7314
3 284  4980  4983
3 1475  10153  4980
3 2296  4983  10153
3 4980  10153  4983
3 1477  10160  10151
3 2296  10153  10160
3 1475  10151  10153
3 10160  10153  10151
3 114  4007  4010
3 1463  10116  4007
3 1466  4010  10116
3 4007  10116  4010
3 282  4972  4968
3 2291  10118  4972
3 1463  4968  10118
3 4972  10118  4968
3 681  7313  7315
3 1466  10127  7313
3 2291  7315  10127
3 7313  10127  7315
3 1463  10118  10116
3 2291  10127  10118
3 1466  10116  10127
3 10118  10127  10116
3 284  4983  4981
3 2296  12371  4983
3 2289  4981  12371
3 4983  12371  4981
3 681  7315  7316
3 2291  12373  7315
3 2296  7316  12373
3 7315  12373  7316
3 282  4970  4972
3 2289  12370  4970
3 2291  4972  12370
3 4970  12370  4972
3 2296  12373  12371
3 2291  12370  12373
3 2289  12371  12370
3 12373  12370  12371
3 52  3686  3684
3 1142  9219  3686
3 1140  3684  9219
3 3686  9219  3684
3 494  6193  6191
3 2883  9226  6193
3 1142  6191  9226
3 6193  9226  6191
3 492  6179  6181
3 1140  9221  6179
3 2883  6181  9221
3 6179  9221  6181
3 1142  9226  9219
3 2883  9221  9226
3 1140  9219  9221
3 9226  9221  9219
3 166  4322  4320
3 1778  11055  4322
3 1776  4320  11055
3 4322  11055  4320
3 688  7358  7356
3 2890  11062  7358
3 1778  7356  11062
3 7358  11062  7356
3 494  6192  6195
3 1776  11057  6192
3 2890  6195  11057
3 6192  11057  6195
3 1778  11062  11055
3 2890  11057  11062
3 1776  11055  11057
3 11062  11057  11055
3 116  4020  4023
3 1476  10155  4020
3 1479  4023  10155
3 4020  10155  4023
3 492  6183  6180
3 2885  10157  6183
3 1476  6180  10157
3 6183  10157  6180
3 688  7355  7357
3 1479  10165  7355
3 2885  7357  10165
3 7355  10165  7357
3 1476  10157  10155
3 2885  10165  10157
3 1479  10155  10165
3 10157  10165  10155
3 494  6195  6193
3 2890  12966  6195
3 2883  6193  12966
3 6195  12966  6193
3 688  7357  7358
3 2885  12969  7357
3 2890  7358  12969
3 7357  12969  7358
3 492  6181  6183
3 2883  12965  6181
3 2885  6183  12965
3 6181  12965  6183
3 2890  12969  12966
3 2885  12965  12969
3 2883  12966  12965
3 12969  12965  12966
3 25  3540  3544
3 996  8815  3540
3 1000  3544  8815
3 3540  8815  3544
3 348  5354  5351
3 2479  8817  5354
3 996  5351  8817
3 5354  8817  5351
3 352  5375  5377
3 1000  8826  5375
3 2479  5377  8826
3 5375  8826  5377
3 996  8817  8815
3 2479  8826  8817
3 1000  8815  8826
3 8817  8826  8815
3 114  4012  4008
3 1468  10120  4012
3 1464  4008  10120
3 4012  10120  4008
3 683  7327  7325
3 2481  10131  7327
3 1468  7325  10131
3 7327  10131  7325
3 348  5352  5356
3 1464  10122  5352
3 2481  5356  10122
3 5352  10122  5356
3 1468  10131  10120
3 2481  10122  10131
3 1464  10120  10122
3 10131  10122  10120
3 166  4319  4321
3 1775  11051  4319
3 1777  4321  11051
3 4319  11051  4321
3 352  5379  5376
3 2490  11053  5379
3 1775  5376  11053
3 5379  11053  5376
3 683  7326  7328
3 1777  11060  7326
3 2490  7328  11060
3 7326  11060  7328
3 1775  11053  11051
3 2490  11060  11053
3 1777  11051  11060
3 11053  11060  11051
3 348  5356  5354
3 2481  12562  5356
3 2479  5354  12562
3 5356  12562  5354
3 683  7328  7327
3 2490  12565  7328
3 2481  7327  12565
3 7328  12565  7327
3 352  5377  5379
3 2479  12563  5377
3 2490  5379  12563
3 5377  12563  5379
3 2481  12565  12562
3 2490  12563  12565
3 2479  12562  12563
3 12565  12563  12562
3 116  4023  4021
3 1479  10159  4023
3 1477  4021  10159
3 4023  10159  4021
3 688  7359  7355
3 3227  10166  7359
3 1479  7355  10166
3 7359  10166  7355
3 681  7314  7318
3 1477  10161  7314
3 3227  7318  10161
3 7314  10161  7318
3 1479  10166  10159
3 3227  10161  10166
3 1477  10159  10161
3 10166  10161  10159
3 166  4321  4322
3 1777  11059  4321
3 1778  4322  11059
3 4321  11059  4322
3 683  7330  7326
3 3229  11061  7330
3 1777  7326  11061
3 7330  11061  7326
3 688  7356  7360
3 1778  11063  7356
3 3229  7360  11063
3 7356  11063  7360
3 1777  11061  11059
3 3229  11063  11061
3 1778  11059  11063
3 11061  11063  11059
3 114  4010  4012
3 1466  10126  4010
3 1468  4012  10126
3 4010  10126  4012
3 681  7317  7313
3 3226  10128  7317
3 1466  7313  10128
3 7317  10128  7313
3 683  7325  7329
3 1468  10132  7325
3 3226  7329  10132
3 7325  10132  7329
3 1466  10128  10126
3 3226  10132  10128
3 1468  10126  10132
3 10128  10132  10126
3 688  7360  7359
3 3229  13309  7360
3 3227  7359  13309
3 7360  13309  7359
3 683  7329  7330
3 3226  13308  7329
3 3229  7330  13308
3 7329  13308  7330
3 681  7318  7317
3 3227  13307  7318
3 3226  7317  13307
3 7318  13307  7317
3 3229  13308  13309
3 3226  13307  13308
3 3227  13309  13307
3 13308  13307  13309
3 24  3537  3538
3 993  8805  3537
3 994  3538  8805
3 3537  8805  3538
3 345  5336  5333
3 2469  8807  5336
3 993  5333  8807
3 5336  8807  5333
3 346  5339  5342
3 994  8809  5339
3 2469  5342  8809
3 5339  8809  5342
3 993  8807  8805
3 2469  8809  8807
3 994  8805  8809
3 8807  8809  8805
3 163  4305  4301
3 1761  10998  4305
3 1757  4301  10998
3 4305  10998  4301
3 812  8101  8099
3 2471  11011  8101
3 1761  8099  11011
3 8101  11011  8099
3 345  5334  5338
3 1757  11000  5334
3 2471  5338  11000
3 5334  11000  5338
3 1761  11011  10998
3 2471  11000  11011
3 1757  10998  11000
3 11011  11000  10998
3 164  4307  4311
3 1763  11016  4307
3 1767  4311  11016
3 4307  11016  4311
3 346  5344  5340
3 2473  11018  5344
3 1763  5340  11018
3 5344  11018  5340
3 812  8100  8102
3 1767  11029  8100
3 2473  8102  11029
3 8100  11029  8102
3 1763  11018  11016
3 2473  11029  11018
3 1767  11016  11029
3 11018  11029  11016
3 345  5338  5336
3 2471  12551  5338
3 2469  5336  12551
3 5338  12551  5336
3 812  8102  8101
3 2473  12553  8102
3 2471  8101  12553
3 8102  12553  8101
3 346  5342  5344
3 2469  12552  5342
3 2473  5344  12552
3 5342  12552  5344
3 2471  12553  12551
3 2473  12552  12553
3 2469  12551  12552
3 12553  12552  12551
3 25  3544  3542
3 1000  8821  3544
3 998  3542  8821
3 3544  8821  3542
3 352  5378  5375
3 2485  8827  5378
3 1000  5375  8827
3 5378  8827  5375
3 350  5363  5366
3 998  8823  5363
3 2485  5366  8823
3 5363  8823  5366
3 1000  8827  8821
3 2485  8823  8827
3 998  8821  8823
3 8827  8823  8821
3 166  4323  4319
3 1779  11052  4323
3 1775  4319  11052
3 4323  11052  4319
3 813  8108  8106
3 2491  11065  8108
3 1779  8106  11065
3 8108  11065  8106
3 352  5376  5380
3 1775  11054  5376
3 2491  5380  11054
3 5376  11054  5380
3 1779  11065  11052
3 2491  11054  11065
3 1775  11052  11054
3 11065  11054  11052
3 163  4302  4306
3 1758  11002  4302
3 1762  4306  11002
3 4302  11002  4306
3 350  5368  5364
3 2487  11004  5368
3 1758  5364  11004
3 5368  11004  5364
3 813  8105  8107
3 1762  11013  8105
3 2487  8107  11013
3 8105  11013  8107
3 1758  11004  11002
3 2487  11013  11004
3 1762  11002  11013
3 11004  11013  11002
3 352  5380  5378
3 2491  12570  5380
3 2485  5378  12570
3 5380  12570  5378
3 813  8107  8108
3 2487  12571  8107
3 2491  8108  12571
3 8107  12571  8108
3 350  5366  5368
3 2485  12569  5366
3 2487  5368  12569
3 5366  12569  5368
3 2491  12571  12570
3 2487  12569  12571
3 2485  12570  12569
3 12571  12569  12570
3 52  3685  3686
3 1141  9223  3685
3 1142  3686  9223
3 3685  9223  3686
3 493  6188  6185
3 2887  9225  6188
3 1141  6185  9225
3 6188  9225  6185
3 494  6191  6194
3 1142  9227  6191
3 2887  6194  9227
3 6191  9227  6194
3 1141  9225  9223
3 2887  9227  9225
3 1142  9223  9227
3 9225  9227  9223
3 164  4312  4308
3 1768  11020  4312
3 1764  4308  11020
3 4312  11020  4308
3 814  8113  8111
3 2889  11031  8113
3 1768  8111  11031
3 8113  11031  8111
3 493  6186  6190
3 1764  11022  6186
3 2889  6190  11022
3 6186  11022  6190
3 1768  11031  11020
3 2889  11022  11031
3 1764  11020  11022
3 11031  11022  11020
3 166  4320  4324
3 1776  11056  4320
3 1780  4324  11056
3 4320  11056  4324
3 494  6196  6192
3 2891  11058  6196
3 1776  6192  11058
3 6196  11058  6192
3 814  8112  8114
3 1780  11067  8112
3 2891  8114  11067
3 8112  11067  8114
3 1776  11058  11056
3 2891  11067  11058
3 1780  11056  11067
3 11058  11067  11056
3 493  6190  6188
3 2889  12971  6190
3 2887  6188  12971
3 6190  12971  6188
3 814  8114  8113
3 2891  12973  8114
3 2889  8113  12973
3 8114  12973  8113
3 494  6194  6196
3 2887  12972  6194
3 2891  6196  12972
3 6194  12972  6196
3 2889  12973  12971
3 2891  12972  12973
3 2887  12971  12972
3 12973  12972  12971
3 163  4306  4305
3 1762  11010  4306
3 1761  4305  11010
3 4306  11010  4305
3 813  8109  8105
3 3356  11014  8109
3 1762  8105  11014
3 8109  11014  8105
3 812  8099  8103
3 1761  11012  8099
3 3356  8103  11012
3 8099  11012  8103
3 1762  11014  11010
3 3356  11012  11014
3 1761  11010  11012
3 11014  11012  11010
3 166  4324  4323
3 1780  11064  4324
3 1779  4323  11064
3 4324  11064  4323
3 814  8116  8112
3 3358  11068  8116
3 1780  8112  11068
3 8116  11068  8112
3 813  8106  8110
3 1779  11066  8106
3 3358  8110  11066
3 8106  11066  8110
3 1780  11068  11064
3 3358  11066  11068
3 1779  11064  11066
3 11068  11066  11064
3 164  4311  4312
3 1767  11028  4311
3 1768  4312  11028
3 4311  11028  4312
3 812  8104  8100
3 3357  11030  8104
3 1767  8100  11030
3 8104  11030  8100
3 814  8111  8115
3 1768  11032  8111
3 3357  8115  11032
3 8111  11032  8115
3 1767  11030  11028
3 3357  11032  11030
3 1768  11028  11032
3 11030  11032  11028
3 813  8110  8109
3 3358  13437  8110
3 3356  8109  13437
3 8110  13437  8109
3 814  8115  8116
3 3357  13438  8115
3 3358  8116  13438
3 8115  13438  8116
3 812  8103  8104
3 3356  13436  8103
3 3357  8104  13436
3 8103  13436  8104
3 3358  13438  13437
3 3357  13436  13438
3 3356  13437  13436
3 13438  13436  13437
3 13  3474  3475
3 930  8624  3474
3 931  3475  8624
3 3474  8624  3475
3 282  4969  4967
3 2288  8626  4969
3 930  4967  8626
3 4969  8626  4967
3 283  4973  4975
3 931  8629  4973
3 2288  4975  8629
3 4973  8629  4975
3 930  8626  8624
3 2288  8629  8626
3 931  8624  8629
3 8626  8629  8624
3 114  4009  4007
3 1465  10115  4009
3 1463  4007  10115
3 4009  10115  4007
3 680  7309  7307
3 2290  10124  7309
3 1465  7307  10124
3 7309  10124  7307
3 282  4968  4971
3 1463  10117  4968
3 2290  4971  10117
3 4968  10117  4971
3 1465  10124  10115
3 2290  10117  10124
3 1463  10115  10117
3 10124  10117  10115
3 115  4013  4015
3 1469  10133  4013
3 1471  4015  10133
3 4013  10133  4015
3 283  4977  4974
3 2293  10135  4977
3 1469  4974  10135
3 4977  10135  4974
3 680  7308  7310
3 1471  10142  7308
3 2293  7310  10142
3 7308  10142  7310
3 1469  10135  10133
3 2293  10142  10135
3 1471  10133  10142
3 10135  10142  10133
3 282  4971  4969
3 2290  12368  4971
3 2288  4969  12368
3 4971  12368  4969
3 680  7310  7309
3 2293  12372  7310
3 2290  7309  12372
3 7310  12372  7309
3 283  4975  4977
3 2288  12369  4975
3 2293  4977  12369
3 4975  12369  4977
3 2290  12372  12368
3 2293  12369  12372
3 2288  12368  12369
3 12372  12369  12368
3 25  3543  3540
3 999  8814  3543
3 996  3540  8814
3 3543  8814  3540
3 351  5371  5369
3 2478  8824  5371
3 999  5369  8824
3 5371  8824  5369
3 348  5351  5353
3 996  8816  5351
3 2478  5353  8816
3 5351  8816  5353
3 999  8824  8814
3 2478  8816  8824
3 996  8814  8816
3 8824  8816  8814
3 165  4315  4313
3 1771  11033  4315
3 1769  4313  11033
3 4315  11033  4313
3 682  7322  7320
3 2488  11042  7322
3 1771  7320  11042
3 7322  11042  7320
3 351  5370  5373
3 1769  11035  5370
3 2488  5373  11035
3 5370  11035  5373
3 1771  11042  11033
3 2488  11035  11042
3 1769  11033  11035
3 11042  11035  11033
3 114  4008  4011
3 1464  10119  4008
3 1467  4011  10119
3 4008  10119  4011
3 348  5355  5352
3 2480  10121  5355
3 1464  5352  10121
3 5355  10121  5352
3 682  7319  7321
3 1467  10129  7319
3 2480  7321  10129
3 7319  10129  7321
3 1464  10121  10119
3 2480  10129  10121
3 1467  10119  10129
3 10121  10129  10119
3 351  5373  5371
3 2488  12561  5373
3 2478  5371  12561
3 5373  12561  5371
3 682  7321  7322
3 2480  12564  7321
3 2488  7322  12564
3 7321  12564  7322
3 348  5353  5355
3 2478  12560  5353
3 2480  5355  12560
3 5353  12560  5355
3 2488  12564  12561
3 2480  12560  12564
3 2478  12561  12560
3 12564  12560  12561
3 27  3550  3552
3 1006  8841  3550
3 1008  3552  8841
3 3550  8841  3552
3 358  5409  5407
3 2505  8843  5409
3 1006  5407  8843
3 5409  8843  5407
3 360  5419  5421
3 1008  8848  5419
3 2505  5421  8848
3 5419  8848  5421
3 1006  8843  8841
3 2505  8848  8843
3 1008  8841  8848
3 8843  8848  8841
3 115  4017  4014
3 1473  10137  4017
3 1470  4014  10137
3 4017  10137  4014
3 685  7339  7337
3 2507  10147  7339
3 1473  7337  10147
3 7339  10147  7337
3 358  5408  5411
3 1470  10139  5408
3 2507  5411  10139
3 5408  10139  5411
3 1473  10147  10137
3 2507  10139  10147
3 1470  10137  10139
3 10147  10139  10137
3 165  4314  4316
3 1770  11037  4314
3 1772  4316  11037
3 4314  11037  4316
3 360  5423  5420
3 2512  11039  5423
3 1770  5420  11039
3 5423  11039  5420
3 685  7338  7340
3 1772  11044  7338
3 2512  7340  11044
3 7338  11044  7340
3 1770  11039  11037
3 2512  11044  11039
3 1772  11037  11044
3 11039  11044  11037
3 358  5411  5409
3 2507  12587  5411
3 2505  5409  12587
3 5411  12587  5409
3 685  7340  7339
3 2512  12591  7340
3 2507  7339  12591
3 7340  12591  7339
3 360  5421  5423
3 2505  12588  5421
3 2512  5423  12588
3 5421  12588  5423
3 2507  12591  12587
3 2512  12588  12591
3 2505  12587  12588
3 12591  12588  12587
3 114  4011  4009
3 1467  10123  4011
3 1465  4009  10123
3 4011  10123  4009
3 682  7323  7319
3 3224  10130  7323
3 1467  7319  10130
3 7323  10130  7319
3 680  7307  7311
3 1465  10125  7307
3 3224  7311  10125
3 7307  10125  7311
3 1467  10130  10123
3 3224  10125  10130
3 1465  10123  10125
3 10130  10125  10123
3 165  4316  4315
3 1772  11041  4316
3 1771  4315  11041
3 4316  11041  4315
3 685  7342  7338
3 3228  11045  7342
3 1772  7338  11045
3 7342  11045  7338
3 682  7320  7324
3 1771  11043  7320
3 3228  7324  11043
3 7320  11043  7324
3 1772  11045  11041
3 3228  11043  11045
3 1771  11041  11043
3 11045  11043  11041
3 115  4015  4017
3 1471  10141  4015
3 1473  4017  10141
3 4015  10141  4017
3 680  7312  7308
3 3225  10143  7312
3 1471  7308  10143
3 7312  10143  7308
3 685  7337  7341
3 1473  10148  7337
3 3225  7341  10148
3 7337  10148  7341
3 1471  10143  10141
3 3225  10148  10143
3 1473  10141  10148
3 10143  10148  10141
3 682  7324  7323
3 3228  13305  7324
3 3224  7323  13305
3 7324  13305  7323
3 685  7341  7342
3 3225  13306  7341
3 3228  7342  13306
3 7341  13306  7342
3 680  7311  7312
3 3224  13304  7311
3 3225  7312  13304
3 7311  13304  7312
3 3228  13306  13305
3 3225  13304  13306
3 3224  13305  13304
3 13306  13304  13305
3 1  3429  3431
3 885  8521  3429
3 887  3431  8521
3 3429  8521  3431
3 237  4741  4739
3 2185  8522  4741
3 885  4739  8522
3 4741  8522  4739
3 239  4749  4751
3 887  8526  4749
3 2185  4751  8526
3 4749  8526  4751
3 885  8522  8521
3 2185  8526  8522
3 887  8521  8526
3 8522  8526  8521
3 69  3781  3779
3 1237  9494  3781
3 1235  3779  9494
3 3781  9494  3779
3 577  6691  6689
3 2186  9499  6691
3 1237  6689  9499
3 6691  9499  6689
3 237  4740  4742
3 1235  9495  4740
3 2186  4742  9495
3 4740  9495  4742
3 1237  9499  9494
3 2186  9495  9499
3 1235  9494  9495
3 9499  9495  9494
3 71  3789  3791
3 1245  9521  3789
3 1247  3791  9521
3 3789  9521  3791
3 239  4753  4750
3 2190  9523  4753
3 1245  4750  9523
3 4753  9523  4750
3 577  6690  6692
3 1247  9530  6690
3 2190  6692  9530
3 6690  9530  6692
3 1245  9523  9521
3 2190  9530  9523
3 1247  9521  9530
3 9523  9530  9521
3 237  4742  4741
3 2186  12266  4742
3 2185  4741  12266
3 4742  12266  4741
3 577  6692  6691
3 2190  12268  6692
3 2186  6691  12268
3 6692  12268  6691
3 239  4751  4753
3 2185  12267  4751
3 2190  4753  12267
3 4751  12267  4753
3 2186  12268  12266
3 2190  12267  12268
3 2185  12266  12267
3 12268  12267  12266
3 23  3531  3529
3 987  8783  3531
3 985  3529  8783
3 3531  8783  3529
3 339  5299  5297
3 2447  8788  5299
3 987  5297  8788
3 5299  8788  5297
3 337  5289  5291
3 985  8784  5289
3 2447  5291  8784
3 5289  8784  5291
3 987  8788  8783
3 2447  8784  8788
3 985  8783  8784
3 8788  8784  8783
3 161  4291  4289
3 1747  10961  4291
3 1745  4289  10961
3 4291  10961  4289
3 578  6698  6696
3 2452  10970  6698
3 1747  6696  10970
3 6698  10970  6696
3 339  5298  5301
3 1745  10963  5298
3 2452  5301  10963
3 5298  10963  5301
3 1747  10970  10961
3 2452  10963  10970
3 1745  10961  10963
3 10970  10963  10961
3 69  3780  3782
3 1236  9496  3780
3 1238  3782  9496
3 3780  9496  3782
3 337  5292  5290
3 2448  9497  5292
3 1236  5290  9497
3 5292  9497  5290
3 578  6695  6697
3 1238  9501  6695
3 2448  6697  9501
3 6695  9501  6697
3 1236  9497  9496
3 2448  9501  9497
3 1238  9496  9501
3 9497  9501  9496
3 339  5301  5299
3 2452  12528  5301
3 2447  5299  12528
3 5301  12528  5299
3 578  6697  6698
3 2448  12529  6697
3 2452  6698  12529
3 6697  12529  6698
3 337  5291  5292
3 2447  12527  5291
3 2448  5292  12527
3 5291  12527  5292
3 2452  12529  12528
3 2448  12527  12529
3 2447  12528  12527
3 12529  12527  12528
3 25  3539  3541
3 995  8810  3539
3 997  3541  8810
3 3539  8810  3541
3 347  5347  5345
3 2474  8812  5347
3 995  5345  8812
3 5347  8812  5345
3 349  5357  5359
3 997  8819  5357
3 2474  5359  8819
3 5357  8819  5359
3 995  8812  8810
3 2474  8819  8812
3 997  8810  8819
3 8812  8819  8810
3 71  3793  3790
3 1249  9525  3793
3 1246  3790  9525
3 3793  9525  3790
3 582  6721  6719
3 2476  9535  6721
3 1249  6719  9535
3 6721  9535  6719
3 347  5346  5349
3 1246  9527  5346
3 2476  5349  9527
3 5346  9527  5349
3 1249  9535  9525
3 2476  9527  9535
3 1246  9525  9527
3 9535  9527  9525
3 161  4290  4292
3 1746  10965  4290
3 1748  4292  10965
3 4290  10965  4292
3 349  5361  5358
3 2483  10967  5361
3 1746  5358  10967
3 5361  10967  5358
3 582  6720  6722
3 1748  10972  6720
3 2483  6722  10972
3 6720  10972  6722
3 1746  10967  10965
3 2483  10972  10967
3 1748  10965  10972
3 10967  10972  10965
3 347  5349  5347
3 2476  12554  5349
3 2474  5347  12554
3 5349  12554  5347
3 582  6722  6721
3 2483  12558  6722
3 2476  6721  12558
3 6722  12558  6721
3 349  5359  5361
3 2474  12555  5359
3 2483  5361  12555
3 5359  12555  5361
3 2476  12558  12554
3 2483  12555  12558
3 2474  12554  12555
3 12558  12555  12554
3 69  3782  3781
3 1238  9498  3782
3 1237  3781  9498
3 3782  9498  3781
3 578  6699  6695
3 3122  9502  6699
3 1238  6695  9502
3 6699  9502  6695
3 577  6689  6693
3 1237  9500  6689
3 3122  6693  9500
3 6689  9500  6693
3 1238  9502  9498
3 3122  9500  9502
3 1237  9498  9500
3 9502  9500  9498
3 161  4292  4291
3 1748  10969  4292
3 1747  4291  10969
3 4292  10969  4291
3 582  6724  6720
3 3124  10973  6724
3 1748  6720  10973
3 6724  10973  6720
3 578  6696  6700
3 1747  10971  6696
3 3124  6700  10971
3 6696  10971  6700
3 1748  10973  10969
3 3124  10971  10973
3 1747  10969  10971
3 10973  10971  10969
3 71  3791  3793
3 1247  9529  3791
3 1249  3793  9529
3 3791  9529  3793
3 577  6694  6690
3 3123  9531  6694
3 1247  6690  9531
3 6694  9531  6690
3 582  6719  6723
3 1249  9536  6719
3 3123  6723  9536
3 6719  9536  6723
3 1247  9531  9529
3 3123  9536  9531
3 1249  9529  9536
3 9531  9536  9529
3 578  6700  6699
3 3124  13203  6700
3 3122  6699  13203
3 6700  13203  6699
3 582  6723  6724
3 3123  13204  6723
3 3124  6724  13204
3 6723  13204  6724
3 577  6693  6694
3 3122  13202  6693
3 3123  6694  13202
3 6693  13202  6694
3 3124  13204  13203
3 3123  13202  13204
3 3122  13203  13202
3 13204  13202  13203
3 2  3434  3432
3 890  8528  3434
3 888  3432  8528
3 3434  8528  3432
3 242  4765  4763
3 2192  8533  4765
3 890  4763  8533
3 4765  8533  4763
3 240  4755  4757
3 888  8529  4755
3 2192  4757  8529
3 4755  8529  4757
3 890  8533  8528
3 2192  8529  8533
3 888  8528  8529
3 8533  8529  8528
3 74  3805  3803
3 1261  9557  3805
3 1259  3803  9557
3 3805  9557  3803
3 584  6734  6732
3 2197  9566  6734
3 1261  6732  9566
3 6734  9566  6732
3 242  4764  4767
3 1259  9559  4764
3 2197  4767  9559
3 4764  9559  4767
3 1261  9566  9557
3 2197  9559  9566
3 1259  9557  9559
3 9566  9559  9557
3 72  3795  3797
3 1251  9539  3795
3 1253  3797  9539
3 3795  9539  3797
3 240  4758  4756
3 2193  9540  4758
3 1251  4756  9540
3 4758  9540  4756
3 584  6731  6733
3 1253  9544  6731
3 2193  6733  9544
3 6731  9544  6733
3 1251  9540  9539
3 2193  9544  9540
3 1253  9539  9544
3 9540  9544  9539
3 242  4767  4765
3 2197  12273  4767
3 2192  4765  12273
3 4767  12273  4765
3 584  6733  6734
3 2193  12274  6733
3 2197  6734  12274
3 6733  12274  6734
3 240  4757  4758
3 2192  12272  4757
3 2193  4758  12272
3 4757  12272  4758
3 2197  12274  12273
3 2193  12272  12274
3 2192  12273  12272
3 12274  12272  12273
3 27  3551  3549
3 1007  8837  3551
3 1005  3549  8837
3 3551  8837  3549
3 359  5415  5413
3 2501  8846  5415
3 1007  5413  8846
3 5415  8846  5413
3 357  5401  5403
3 1005  8839  5401
3 2501  5403  8839
3 5401  8839  5403
3 1007  8846  8837
3 2501  8839  8846
3 1005  8837  8839
3 8846  8839  8837
3 162  4298  4296
3 1754  10983  4298
3 1752  4296  10983
3 4298  10983  4296
3 589  6764  6762
3 2510  10990  6764
3 1754  6762  10990
3 6764  10990  6762
3 359  5414  5417
3 1752  10985  5414
3 2510  5417  10985
3 5414  10985  5417
3 1754  10990  10983
3 2510  10985  10990
3 1752  10983  10985
3 10990  10985  10983
3 74  3804  3807
3 1260  9561  3804
3 1263  3807  9561
3 3804  9561  3807
3 357  5405  5402
3 2503  9563  5405
3 1260  5402  9563
3 5405  9563  5402
3 589  6761  6763
3 1263  9571  6761
3 2503  6763  9571
3 6761  9571  6763
3 1260  9563  9561
3 2503  9571  9563
3 1263  9561  9571
3 9563  9571  9561
3 359  5417  5415
3 2510  12582  5417
3 2501  5415  12582
3 5417  12582  5415
3 589  6763  6764
3 2503  12585  6763
3 2510  6764  12585
3 6763  12585  6764
3 357  5403  5405
3 2501  12581  5403
3 2503  5405  12581
3 5403  12581  5405
3 2510  12585  12582
3 2503  12581  12585
3 2501  12582  12581
3 12585  12581  12582
3 23  3530  3532
3 986  8785  3530
3 988  3532  8785
3 3530  8785  3532
3 338  5295  5293
3 2449  8786  5295
3 986  5293  8786
3 5295  8786  5293
3 340  5303  5305
3 988  8790  5303
3 2449  5305  8790
3 5303  8790  5305
3 986  8786  8785
3 2449  8790  8786
3 988  8785  8790
3 8786  8790  8785
3 72  3798  3796
3 1254  9541  3798
3 1252  3796  9541
3 3798  9541  3796
3 585  6739  6737
3 2450  9546  6739
3 1254  6737  9546
3 6739  9546  6737
3 338  5294  5296
3 1252  9542  5294
3 2450  5296  9542
3 5294  9542  5296
3 1254  9546  9541
3 2450  9542  9546
3 1252  9541  9542
3 9546  9542  9541
3 162  4295  4297
3 1751  10979  4295
3 1753  4297  10979
3 4295  10979  4297
3 340  5307  5304
3 2454  10981  5307
3 1751  5304  10981
3 5307  10981  5304
3 585  6738  6740
3 1753  10988  6738
3 2454  6740  10988
3 6738  10988  6740
3 1751  10981  10979
3 2454  10988  10981
3 1753  10979  10988
3 10981  10988  10979
3 338  5296  5295
3 2450  12530  5296
3 2449  5295  12530
3 5296  12530  5295
3 585  6740  6739
3 2454  12532  6740
3 2450  6739  12532
3 6740  12532  6739
3 340  5305  5307
3 2449  12531  5305
3 2454  5307  12531
3 5305  12531  5307
3 2450  12532  12530
3 2454  12531  12532
3 2449  12530  12531
3 12532  12531  12530
3 74  3807  3805
3 1263  9565  3807
3 1261  3805  9565
3 3807  9565  3805
3 589  6765  6761
3 3129  9572  6765
3 1263  6761  9572
3 6765  9572  6761
3 584  6732  6736
3 1261  9567  6732
3 3129  6736  9567
3 6732  9567  6736
3 1263  9572  9565
3 3129  9567  9572
3 1261  9565  9567
3 9572  9567  9565
3 162  4297  4298
3 1753  10987  4297
3 1754  4298  10987
3 4297  10987  4298
3 585  6742  6738
3 3130  10989  6742
3 1753  6738  10989
3 6742  10989  6738
3 589  6762  6766
3 1754  10991  6762
3 3130  6766  10991
3 6762  10991  6766
3 1753  10989  10987
3 3130  10991  10989
3 1754  10987  10991
3 10989  10991  10987
3 72  3797  3798
3 1253  9543  3797
3 1254  3798  9543
3 3797  9543  3798
3 584  6735  6731
3 3128  9545  6735
3 1253  6731  9545
3 6735  9545  6731
3 585  6737  6741
3 1254  9547  6737
3 3128  6741  9547
3 6737  9547  6741
3 1253  9545  9543
3 3128  9547  9545
3 1254  9543  9547
3 9545  9547  9543
3 589  6766  6765
3 3130  13210  6766
3 3129  6765  13210
3 6766  13210  6765
3 585  6741  6742
3 3128  13209  6741
3 3130  6742  13209
3 6741  13209  6742
3 584  6736  6735
3 3129  13208  6736
3 3128  6735  13208
3 6736  13208  6735
3 3130  13209  13210
3 3128  13208  13209
3 3129  13210  13208
3 13209  13208  13210
3 25  3541  3543
3 997  8818  3541
3 999  3543  8818
3 3541  8818  3543
3 349  5360  5357
3 2482  8820  5360
3 997  5357  8820
3 5360  8820  5357
3 351  5369  5372
3 999  8825  5369
3 2482  5372  8825
3 5369  8825  5372
3 997  8820  8818
3 2482  8825  8820
3 999  8818  8825
3 8820  8825  8818
3 161  4294  4290
3 1750  10966  4294
3 1746  4290  10966
3 4294  10966  4290
3 810  8089  8087
3 2484  10977  8089
3 1750  8087  10977
3 8089  10977  8087
3 349  5358  5362
3 1746  10968  5358
3 2484  5362  10968
3 5358  10968  5362
3 1750  10977  10966
3 2484  10968  10977
3 1746  10966  10968
3 10977  10968  10966
3 165  4313  4317
3 1769  11034  4313
3 1773  4317  11034
3 4313  11034  4317
3 351  5374  5370
3 2489  11036  5374
3 1769  5370  11036
3 5374  11036  5370
3 810  8088  8090
3 1773  11047  8088
3 2489  8090  11047
3 8088  11047  8090
3 1769  11036  11034
3 2489  11047  11036
3 1773  11034  11047
3 11036  11047  11034
3 349  5362  5360
3 2484  12566  5362
3 2482  5360  12566
3 5362  12566  5360
3 810  8090  8089
3 2489  12568  8090
3 2484  8089  12568
3 8090  12568  8089
3 351  5372  5374
3 2482  12567  5372
3 2489  5374  12567
3 5372  12567  5374
3 2484  12568  12566
3 2489  12567  12568
3 2482  12566  12567
3 12568  12567  12566
3 23  3532  3531
3 988  8787  3532
3 987  3531  8787
3 3532  8787  3531
3 340  5306  5303
3 2451  8791  5306
3 988  5303  8791
3 5306  8791  5303
3 339  5297  5300
3 987  8789  5297
3 2451  5300  8789
3 5297  8789  5300
3 988  8791  8787
3 2451  8789  8791
3 987  8787  8789
3 8791  8789  8787
3 162  4299  4295
3 1755  10980  4299
3 1751  4295  10980
3 4299  10980  4295
3 809  8084  8082
3 2455  10993  8084
3 1755  8082  10993
3 8084  10993  8082
3 340  5304  5308
3 1751  10982  5304
3 2455  5308  10982
3 5304  10982  5308
3 1755  10993  10980
3 2455  10982  10993
3 1751  10980  10982
3 10993  10982  10980
3 161  4289  4293
3 1745  10962  4289
3 1749  4293  10962
3 4289  10962  4293
3 339  5302  5298
3 2453  10964  5302
3 1745  5298  10964
3 5302  10964  5298
3 809  8081  8083
3 1749  10975  8081
3 2453  8083  10975
3 8081  10975  8083
3 1745  10964  10962
3 2453  10975  10964
3 1749  10962  10975
3 10964  10975  10962
3 340  5308  5306
3 2455  12534  5308
3 2451  5306  12534
3 5308  12534  5306
3 809  8083  8084
3 2453  12535  8083
3 2455  8084  12535
3 8083  12535  8084
3 339  5300  5302
3 2451  12533  5300
3 2453  5302  12533
3 5300  12533  5302
3 2455  12535  12534
3 2453  12533  12535
3 2451  12534  12533
3 12535  12533  12534
3 27  3552  3551
3 1008  8845  3552
3 1007  3551  8845
3 3552  8845  3551
3 360  5422  5419
3 2509  8849  5422
3 1008  5419  8849
3 5422  8849  5419
3 359  5413  5416
3 1007  8847  5413
3 2509  5416  8847
3 5413  8847  5416
3 1008  8849  8845
3 2509  8847  8849
3 1007  8845  8847
3 8849  8847  8845
3 165  4318  4314
3 1774  11038  4318
3 1770  4314  11038
3 4318  11038  4314
3 811  8096  8094
3 2513  11049  8096
3 1774  8094  11049
3 8096  11049  8094
3 360  5420  5424
3 1770  11040  5420
3 2513  5424  11040
3 5420  11040  5424
3 1774  11049  11038
3 2513  11040  11049
3 1770  11038  11040
3 11049  11040  11038
3 162  4296  4300
3 1752  10984  4296
3 1756  4300  10984
3 4296  10984  4300
3 359  5418  5414
3 2511  10986  5418
3 1752  5414  10986
3 5418  10986  5414
3 811  8093  8095
3 1756  10995  8093
3 2511  8095  10995
3 8093  10995  8095
3 1752  10986  10984
3 2511  10995  10986
3 1756  10984  10995
3 10986  10995  10984
3 360  5424  5422
3 2513  12594  5424
3 2509  5422  12594
3 5424  12594  5422
3 811  8095  8096
3 2511  12595  8095
3 2513  8096  12595
3 8095  12595  8096
3 359  5416  5418
3 2509  12593  5416
3 2511  5418  12593
3 5416  12593  5418
3 2513  12595  12594
3 2511  12593  12595
3 2509  12594  12593
3 12595  12593  12594
3 161  4293  4294
3 1749  10974  4293
3 1750  4294  10974
3 4293  10974  4294
3 809  8085  8081
3 3353  10976  8085
3 1749  8081  10976
3 8085  10976  8081
3 810  8087  8091
3 1750  10978  8087
3 3353  8091  10978
3 8087  10978  8091
3 1749  10976  10974
3 3353  10978  10976
3 1750  10974  10978
3 10976  10978  10974
3 162  4300  4299
3 1756  10992  4300
3 1755  4299  10992
3 4300  10992  4299
3 811  8097  8093
3 3354  10996  8097
3 1756  8093  10996
3 8097  10996  8093
3 809  8082  8086
3 1755  10994  8082
3 3354  8086  10994
3 8082  10994  8086
3 1756  10996  10992
3 3354  10994  10996
3 1755  10992  10994
3 10996  10994  10992
3 165  4317  4318
3 1773  11046  4317
3 1774  4318  11046
3 4317  11046  4318
3 810  8092  8088
3 3355  11048  8092
3 1773  8088  11048
3 8092  11048  8088
3 811  8094  8098
3 1774  11050  8094
3 3355  8098  11050
3 8094  11050  8098
3 1773  11048  11046
3 3355  11050  11048
3 1774  11046  11050
3 11048  11050  11046
3 809  8086  8085
3 3354  13433  8086
3 3353  8085  13433
3 8086  13433  8085
3 811  8098  8097
3 3355  13435  8098
3 3354  8097  13435
3 8098  13435  8097
3 810  8091  8092
3 3353  13434  8091
3 3355  8092  13434
3 8091  13434  8092
3 3354  13435  13433
3 3355  13434  13435
3 3353  13433  13434
3 13435  13434  13433
3 13  3475  3477
3 931  8628  3475
3 933  3477  8628
3 3475  8628  3477
3 283  4976  4973
3 2292  8630  4976
3 931  4973  8630
3 4976  8630  4973
3 285  4985  4987
3 933  8635  4985
3 2292  4987  8635
3 4985  8635  4987
3 931  8630  8628
3 2292  8635  8630
3 933  8628  8635
3 8630  8635  8628
3 115  4016  4013
3 1472  10134  4016
3 1469  4013  10134
3 4016  10134  4013
3 684  7333  7331
3 2294  10145  7333
3 1472  7331  10145
3 7333  10145  7331
3 283  4974  4978
3 1469  10136  4974
3 2294  4978  10136
3 4974  10136  4978
3 1472  10145  10134
3 2294  10136  10145
3 1469  10134  10136
3 10145  10136  10134
3 117  4025  4027
3 1481  10169  4025
3 1483  4027  10169
3 4025  10169  4027
3 285  4989  4986
3 2299  10171  4989
3 1481  4986  10171
3 4989  10171  4986
3 684  7332  7334
3 1483  10178  7332
3 2299  7334  10178
3 7332  10178  7334
3 1481  10171  10169
3 2299  10178  10171
3 1483  10169  10178
3 10171  10178  10169
3 283  4978  4976
3 2294  12374  4978
3 2292  4976  12374
3 4978  12374  4976
3 684  7334  7333
3 2299  12376  7334
3 2294  7333  12376
3 7334  12376  7333
3 285  4987  4989
3 2292  12375  4987
3 2299  4989  12375
3 4987  12375  4989
3 2294  12376  12374
3 2299  12375  12376
3 2292  12374  12375
3 12376  12375  12374
3 27  3554  3550
3 1010  8842  3554
3 1006  3550  8842
3 3554  8842  3550
3 362  5433  5431
3 2506  8853  5433
3 1010  5431  8853
3 5433  8853  5431
3 358  5407  5410
3 1006  8844  5407
3 2506  5410  8844
3 5407  8844  5410
3 1010  8853  8842
3 2506  8844  8853
3 1006  8842  8844
3 8853  8844  8842
3 170  4345  4343
3 1801  11123  4345
3 1799  4343  11123
3 4345  11123  4343
3 686  7346  7344
3 2517  11132  7346
3 1801  7344  11132
3 7346  11132  7344
3 362  5432  5435
3 1799  11125  5432
3 2517  5435  11125
3 5432  11125  5435
3 1801  11132  11123
3 2517  11125  11132
3 1799  11123  11125
3 11132  11125  11123
3 115  4014  4018
3 1470  10138  4014
3 1474  4018  10138
3 4014  10138  4018
3 358  5412  5408
3 2508  10140  5412
3 1470  5408  10140
3 5412  10140  5408
3 686  7343  7345
3 1474  10149  7343
3 2508  7345  10149
3 7343  10149  7345
3 1470  10140  10138
3 2508  10149  10140
3 1474  10138  10149
3 10140  10149  10138
3 362  5435  5433
3 2517  12590  5435
3 2506  5433  12590
3 5435  12590  5433
3 686  7345  7346
3 2508  12592  7345
3 2517  7346  12592
3 7345  12592  7346
3 358  5410  5412
3 2506  12589  5410
3 2508  5412  12589
3 5410  12589  5412
3 2517  12592  12590
3 2508  12589  12592
3 2506  12590  12589
3 12592  12589  12590
3 54  3695  3697
3 1151  9251  3695
3 1153  3697  9251
3 3695  9251  3697
3 503  6247  6245
3 2915  9253  6247
3 1151  6245  9253
3 6247  9253  6245
3 505  6257  6259
3 1153  9260  6257
3 2915  6259  9260
3 6257  9260  6259
3 1151  9253  9251
3 2915  9260  9253
3 1153  9251  9260
3 9253  9260  9251
3 117  4029  4026
3 1485  10173  4029
3 1482  4026  10173
3 4029  10173  4026
3 691  7375  7373
3 2917  10183  7375
3 1485  7373  10183
3 7375  10183  7373
3 503  6246  6249
3 1482  10175  6246
3 2917  6249  10175
3 6246  10175  6249
3 1485  10183  10173
3 2917  10175  10183
3 1482  10173  10175
3 10183  10175  10173
3 170  4344  4346
3 1800  11127  4344
3 1802  4346  11127
3 4344  11127  4346
3 505  6261  6258
3 2924  11129  6261
3 1800  6258  11129
3 6261  11129  6258
3 691  7374  7376
3 1802  11134  7374
3 2924  7376  11134
3 7374  11134  7376
3 1800  11129  11127
3 2924  11134  11129
3 1802  11127  11134
3 11129  11134  11127
3 503  6249  6247
3 2917  12995  6249
3 2915  6247  12995
3 6249  12995  6247
3 691  7376  7375
3 2924  12999  7376
3 2917  7375  12999
3 7376  12999  7375
3 505  6259  6261
3 2915  12996  6259
3 2924  6261  12996
3 6259  12996  6261
3 2917  12999  12995
3 2924  12996  12999
3 2915  12995  12996
3 12999  12996  12995
3 115  4018  4016
3 1474  10144  4018
3 1472  4016  10144
3 4018  10144  4016
3 686  7347  7343
3 3230  10150  7347
3 1474  7343  10150
3 7347  10150  7343
3 684  7331  7335
3 1472  10146  7331
3 3230  7335  10146
3 7331  10146  7335
3 1474  10150  10144
3 3230  10146  10150
3 1472  10144  10146
3 10150  10146  10144
3 170  4346  4345
3 1802  11131  4346
3 1801  4345  11131
3 4346  11131  4345
3 691  7378  7374
3 3232  11135  7378
3 1802  7374  11135
3 7378  11135  7374
3 686  7344  7348
3 1801  11133  7344
3 3232  7348  11133
3 7344  11133  7348
3 1802  11135  11131
3 3232  11133  11135
3 1801  11131  11133
3 11135  11133  11131
3 117  4027  4029
3 1483  10177  4027
3 1485  4029  10177
3 4027  10177  4029
3 684  7336  7332
3 3231  10179  7336
3 1483  7332  10179
3 7336  10179  7332
3 691  7373  7377
3 1485  10184  7373
3 3231  7377  10184
3 7373  10184  7377
3 1483  10179  10177
3 3231  10184  10179
3 1485  10177  10184
3 10179  10184  10177
3 686  7348  7347
3 3232  13311  7348
3 3230  7347  13311
3 7348  13311  7347
3 691  7377  7378
3 3231  13312  7377
3 3232  7378  13312
3 7377  13312  7378
3 684  7335  7336
3 3230  13310  7335
3 3231  7336  13310
3 7335  13310  7336
3 3232  13312  13311
3 3231  13310  13312
3 3230  13311  13310
3 13312  13310  13311
3 2  3435  3434
3 891  8532  3435
3 890  3434  8532
3 3435  8532  3434
3 243  4772  4769
3 2196  8536  4772
3 891  4769  8536
3 4772  8536  4769
3 242  4763  4766
3 890  8534  4763
3 2196  4766  8534
3 4763  8534  4766
3 891  8536  8532
3 2196  8534  8536
3 890  8532  8534
3 8536  8534  8532
3 75  3812  3809
3 1268  9576  3812
3 1265  3809  9576
3 3812  9576  3809
3 588  6758  6756
3 2200  9587  6758
3 1268  6756  9587
3 6758  9587  6756
3 243  4770  4774
3 1265  9578  4770
3 2200  4774  9578
3 4770  9578  4774
3 1268  9587  9576
3 2200  9578  9587
3 1265  9576  9578
3 9587  9578  9576
3 74  3803  3806
3 1259  9558  3803
3 1262  3806  9558
3 3803  9558  3806
3 242  4768  4764
3 2198  9560  4768
3 1259  4764  9560
3 4768  9560  4764
3 588  6755  6757
3 1262  9569  6755
3 2198  6757  9569
3 6755  9569  6757
3 1259  9560  9558
3 2198  9569  9560
3 1262  9558  9569
3 9560  9569  9558
3 243  4774  4772
3 2200  12279  4774
3 2196  4772  12279
3 4774  12279  4772
3 588  6757  6758
3 2198  12280  6757
3 2200  6758  12280
3 6757  12280  6758
3 242  4766  4768
3 2196  12278  4766
3 2198  4768  12278
3 4766  12278  4768
3 2200  12280  12279
3 2198  12278  12280
3 2196  12279  12278
3 12280  12278  12279
3 28  3558  3555
3 1014  8856  3558
3 1011  3555  8856
3 3558  8856  3555
3 366  5457  5455
3 2520  8867  5457
3 1014  5455  8867
3 5457  8867  5455
3 363  5437  5440
3 1011  8858  5437
3 2520  5440  8858
3 5437  8858  5440
3 1014  8867  8856
3 2520  8858  8867
3 1011  8856  8858
3 8867  8858  8856
3 169  4340  4338
3 1796  11109  4340
3 1794  4338  11109
3 4340  11109  4338
3 592  6782  6780
3 2531  11116  6782
3 1796  6780  11116
3 6782  11116  6780
3 366  5456  5459
3 1794  11111  5456
3 2531  5459  11111
3 5456  11111  5459
3 1796  11116  11109
3 2531  11111  11116
3 1794  11109  11111
3 11116  11111  11109
3 75  3810  3814
3 1266  9580  3810
3 1270  3814  9580
3 3810  9580  3814
3 363  5442  5438
3 2522  9582  5442
3 1266  5438  9582
3 5442  9582  5438
3 592  6779  6781
3 1270  9591  6779
3 2522  6781  9591
3 6779  9591  6781
3 1266  9582  9580
3 2522  9591  9582
3 1270  9580  9591
3 9582  9591  9580
3 366  5459  5457
3 2531  12602  5459
3 2520  5457  12602
3 5459  12602  5457
3 592  6781  6782
3 2522  12604  6781
3 2531  6782  12604
3 6781  12604  6782
3 363  5440  5442
3 2520  12601  5440
3 2522  5442  12601
3 5440  12601  5442
3 2531  12604  12602
3 2522  12601  12604
3 2520  12602  12601
3 12604  12601  12602
3 27  3549  3553
3 1005  8838  3549
3 1009  3553  8838
3 3549  8838  3553
3 357  5404  5401
3 2502  8840  5404
3 1005  5401  8840
3 5404  8840  5401
3 361  5425  5427
3 1009  8851  5425
3 2502  5427  8851
3 5425  8851  5427
3 1005  8840  8838
3 2502  8851  8840
3 1009  8838  8851
3 8840  8851  8838
3 74  3808  3804
3 1264  9562  3808
3 1260  3804  9562
3 3808  9562  3804
3 590  6769  6767
3 2504  9573  6769
3 1264  6767  9573
3 6769  9573  6767
3 357  5402  5406
3 1260  9564  5402
3 2504  5406  9564
3 5402  9564  5406
3 1264  9573  9562
3 2504  9564  9573
3 1260  9562  9564
3 9573  9564  9562
3 169  4337  4339
3 1793  11105  4337
3 1795  4339  11105
3 4337  11105  4339
3 361  5429  5426
3 2515  11107  5429
3 1793  5426  11107
3 5429  11107  5426
3 590  6768  6770
3 1795  11114  6768
3 2515  6770  11114
3 6768  11114  6770
3 1793  11107  11105
3 2515  11114  11107
3 1795  11105  11114
3 11107  11114  11105
3 357  5406  5404
3 2504  12583  5406
3 2502  5404  12583
3 5406  12583  5404
3 590  6770  6769
3 2515  12586  6770
3 2504  6769  12586
3 6770  12586  6769
3 361  5427  5429
3 2502  12584  5427
3 2515  5429  12584
3 5427  12584  5429
3 2504  12586  12583
3 2515  12584  12586
3 2502  12583  12584
3 12586  12584  12583
3 75  3814  3812
3 1270  9586  3814
3 1268  3812  9586
3 3814  9586  3812
3 592  6783  6779
3 3135  9592  6783
3 1270  6779  9592
3 6783  9592  6779
3 588  6756  6760
3 1268  9588  6756
3 3135  6760  9588
3 6756  9588  6760
3 1270  9592  9586
3 3135  9588  9592
3 1268  9586  9588
3 9592  9588  9586
3 169  4339  4340
3 1795  11113  4339
3 1796  4340  11113
3 4339  11113  4340
3 590  6772  6768
3 3136  11115  6772
3 1795  6768  11115
3 6772  11115  6768
3 592  6780  6784
3 1796  11117  6780
3 3136  6784  11117
3 6780  11117  6784
3 1795  11115  11113
3 3136  11117  11115
3 1796  11113  11117
3 11115  11117  11113
3 74  3806  3808
3 1262  9568  3806
3 1264  3808  9568
3 3806  9568  3808
3 588  6759  6755
3 3134  9570  6759
3 1262  6755  9570
3 6759  9570  6755
3 590  6767  6771
3 1264  9574  6767
3 3134  6771  9574
3 6767  9574  6771
3 1262  9570  9568
3 3134  9574  9570
3 1264  9568  9574
3 9570  9574  9568
3 592  6784  6783
3 3136  13216  6784
3 3135  6783  13216
3 6784  13216  6783
3 590  6771  6772
3 3134  13215  6771
3 3136  6772  13215
3 6771  13215  6772
3 588  6760  6759
3 3135  13214  6760
3 3134  6759  13214
3 6760  13214  6759
3 3136  13215  13216
3 3134  13214  13215
3 3135  13216  13214
3 13215  13214  13216
3 14  3484  3481
3 940  8646  3484
3 937  3481  8646
3 3484  8646  3481
3 292  5029  5027
3 2310  8656  5029
3 940  5027  8656
3 5029  8656  5027
3 289  5009  5012
3 937  8648  5009
3 2310  5012  8648
3 5009  8648  5012
3 940  8656  8646
3 2310  8648  8656
3 937  8646  8648
3 8656  8648  8646
3 124  4069  4067
3 1525  10295  4069
3 1523  4067  10295
3 4069  10295  4067
3 702  7442  7440
3 2320  10304  7442
3 1525  7440  10304
3 7442  10304  7440
3 292  5028  5031
3 1523  10297  5028
3 2320  5031  10297
3 5028  10297  5031
3 1525  10304  10295
3 2320  10297  10304
3 1523  10295  10297
3 10304  10297  10295
3 121  4049  4052
3 1505  10242  4049
3 1508  4052  10242
3 4049  10242  4052
3 289  5014  5010
3 2312  10244  5014
3 1505  5010  10244
3 5014  10244  5010
3 702  7439  7441
3 1508  10253  7439
3 2312  7441  10253
3 7439  10253  7441
3 1505  10244  10242
3 2312  10253  10244
3 1508  10242  10253
3 10244  10253  10242
3 292  5031  5029
3 2320  12392  5031
3 2310  5029  12392
3 5031  12392  5029
3 702  7441  7442
3 2312  12394  7441
3 2320  7442  12394
3 7441  12394  7442
3 289  5012  5014
3 2310  12391  5012
3 2312  5014  12391
3 5012  12391  5014
3 2320  12394  12392
3 2312  12391  12394
3 2310  12392  12391
3 12394  12391  12392
3 54  3698  3696
3 1154  9255  3698
3 1152  3696  9255
3 3698  9255  3696
3 506  6265  6263
3 2919  9262  6265
3 1154  6263  9262
3 6265  9262  6263
3 504  6251  6253
3 1152  9257  6251
3 2919  6253  9257
3 6251  9257  6253
3 1154  9262  9255
3 2919  9257  9262
3 1152  9255  9257
3 9262  9257  9255
3 172  4358  4356
3 1814  11163  4358
3 1812  4356  11163
3 4358  11163  4356
3 712  7502  7500
3 2926  11170  7502
3 1814  7500  11170
3 7502  11170  7500
3 506  6264  6267
3 1812  11165  6264
3 2926  6267  11165
3 6264  11165  6267
3 1814  11170  11163
3 2926  11165  11170
3 1812  11163  11165
3 11170  11165  11163
3 124  4068  4071
3 1524  10299  4068
3 1527  4071  10299
3 4068  10299  4071
3 504  6255  6252
3 2921  10301  6255
3 1524  6252  10301
3 6255  10301  6252
3 712  7499  7501
3 1527  10309  7499
3 2921  7501  10309
3 7499  10309  7501
3 1524  10301  10299
3 2921  10309  10301
3 1527  10299  10309
3 10301  10309  10299
3 506  6267  6265
3 2926  13002  6267
3 2919  6265  13002
3 6267  13002  6265
3 712  7501  7502
3 2921  13005  7501
3 2926  7502  13005
3 7501  13005  7502
3 504  6253  6255
3 2919  13001  6253
3 2921  6255  13001
3 6253  13001  6255
3 2926  13005  13002
3 2921  13001  13005
3 2919  13002  13001
3 13005  13001  13002
3 28  3556  3560
3 1012  8860  3556
3 1016  3560  8860
3 3556  8860  3560
3 364  5446  5443
3 2524  8862  5446
3 1012  5443  8862
3 5446  8862  5443
3 368  5467  5469
3 1016  8871  5467
3 2524  5469  8871
3 5467  8871  5469
3 1012  8862  8860
3 2524  8871  8862
3 1016  8860  8871
3 8862  8871  8860
3 121  4054  4050
3 1510  10246  4054
3 1506  4050  10246
3 4054  10246  4050
3 704  7453  7451
3 2526  10257  7453
3 1510  7451  10257
3 7453  10257  7451
3 364  5444  5448
3 1506  10248  5444
3 2526  5448  10248
3 5444  10248  5448
3 1510  10257  10246
3 2526  10248  10257
3 1506  10246  10248
3 10257  10248  10246
3 172  4355  4357
3 1811  11159  4355
3 1813  4357  11159
3 4355  11159  4357
3 368  5471  5468
3 2535  11161  5471
3 1811  5468  11161
3 5471  11161  5468
3 704  7452  7454
3 1813  11168  7452
3 2535  7454  11168
3 7452  11168  7454
3 1811  11161  11159
3 2535  11168  11161
3 1813  11159  11168
3 11161  11168  11159
3 364  5448  5446
3 2526  12607  5448
3 2524  5446  12607
3 5448  12607  5446
3 704  7454  7453
3 2535  12610  7454
3 2526  7453  12610
3 7454  12610  7453
3 368  5469  5471
3 2524  12608  5469
3 2535  5471  12608
3 5469  12608  5471
3 2526  12610  12607
3 2535  12608  12610
3 2524  12607  12608
3 12610  12608  12607
3 124  4071  4069
3 1527  10303  4071
3 1525  4069  10303
3 4071  10303  4069
3 712  7503  7499
3 3248  10310  7503
3 1527  7499  10310
3 7503  10310  7499
3 702  7440  7444
3 1525  10305  7440
3 3248  7444  10305
3 7440  10305  7444
3 1527  10310  10303
3 3248  10305  10310
3 1525  10303  10305
3 10310  10305  10303
3 172  4357  4358
3 1813  11167  4357
3 1814  4358  11167
3 4357  11167  4358
3 704  7456  7452
3 3250  11169  7456
3 1813  7452  11169
3 7456  11169  7452
3 712  7500  7504
3 1814  11171  7500
3 3250  7504  11171
3 7500  11171  7504
3 1813  11169  11167
3 3250  11171  11169
3 1814  11167  11171
3 11169  11171  11167
3 121  4052  4054
3 1508  10252  4052
3 1510  4054  10252
3 4052  10252  4054
3 702  7443  7439
3 3247  10254  7443
3 1508  7439  10254
3 7443  10254  7439
3 704  7451  7455
3 1510  10258  7451
3 3247  7455  10258
3 7451  10258  7455
3 1508  10254  10252
3 3247  10258  10254
3 1510  10252  10258
3 10254  10258  10252
3 712  7504  7503
3 3250  13330  7504
3 3248  7503  13330
3 7504  13330  7503
3 704  7455  7456
3 3247  13329  7455
3 3250  7456  13329
3 7455  13329  7456
3 702  7444  7443
3 3248  13328  7444
3 3247  7443  13328
3 7444  13328  7443
3 3250  13329  13330
3 3247  13328  13329
3 3248  13330  13328
3 13329  13328  13330
3 27  3553  3554
3 1009  8850  3553
3 1010  3554  8850
3 3553  8850  3554
3 361  5428  5425
3 2514  8852  5428
3 1009  5425  8852
3 5428  8852  5425
3 362  5431  5434
3 1010  8854  5431
3 2514  5434  8854
3 5431  8854  5434
3 1009  8852  8850
3 2514  8854  8852
3 1010  8850  8854
3 8852  8854  8850
3 169  4341  4337
3 1797  11106  4341
3 1793  4337  11106
3 4341  11106  4337
3 818  8137  8135
3 2516  11119  8137
3 1797  8135  11119
3 8137  11119  8135
3 361  5426  5430
3 1793  11108  5426
3 2516  5430  11108
3 5426  11108  5430
3 1797  11119  11106
3 2516  11108  11119
3 1793  11106  11108
3 11119  11108  11106
3 170  4343  4347
3 1799  11124  4343
3 1803  4347  11124
3 4343  11124  4347
3 362  5436  5432
3 2518  11126  5436
3 1799  5432  11126
3 5436  11126  5432
3 818  8136  8138
3 1803  11137  8136
3 2518  8138  11137
3 8136  11137  8138
3 1799  11126  11124
3 2518  11137  11126
3 1803  11124  11137
3 11126  11137  11124
3 361  5430  5428
3 2516  12596  5430
3 2514  5428  12596
3 5430  12596  5428
3 818  8138  8137
3 2518  12598  8138
3 2516  8137  12598
3 8138  12598  8137
3 362  5434  5436
3 2514  12597  5434
3 2518  5436  12597
3 5434  12597  5436
3 2516  12598  12596
3 2518  12597  12598
3 2514  12596  12597
3 12598  12597  12596
3 28  3560  3558
3 1016  8866  3560
3 1014  3558  8866
3 3560  8866  3558
3 368  5470  5467
3 2530  8872  5470
3 1016  5467  8872
3 5470  8872  5467
3 366  5455  5458
3 1014  8868  5455
3 2530  5458  8868
3 5455  8868  5458
3 1016  8872  8866
3 2530  8868  8872
3 1014  8866  8868
3 8872  8868  8866
3 172  4359  4355
3 1815  11160  4359
3 1811  4355  11160
3 4359  11160  4355
3 819  8144  8142
3 2536  11173  8144
3 1815  8142  11173
3 8144  11173  8142
3 368  5468  5472
3 1811  11162  5468
3 2536  5472  11162
3 5468  11162  5472
3 1815  11173  11160
3 2536  11162  11173
3 1811  11160  11162
3 11173  11162  11160
3 169  4338  4342
3 1794  11110  4338
3 1798  4342  11110
3 4338  11110  4342
3 366  5460  5456
3 2532  11112  5460
3 1794  5456  11112
3 5460  11112  5456
3 819  8141  8143
3 1798  11121  8141
3 2532  8143  11121
3 8141  11121  8143
3 1794  11112  11110
3 2532  11121  11112
3 1798  11110  11121
3 11112  11121  11110
3 368  5472  5470
3 2536  12615  5472
3 2530  5470  12615
3 5472  12615  5470
3 819  8143  8144
3 2532  12616  8143
3 2536  8144  12616
3 8143  12616  8144
3 366  5458  5460
3 2530  12614  5458
3 2532  5460  12614
3 5458  12614  5460
3 2536  12616  12615
3 2532  12614  12616
3 2530  12615  12614
3 12616  12614  12615
3 54  3697  3698
3 1153  9259  3697
3 1154  3698  9259
3 3697  9259  3698
3 505  6260  6257
3 2923  9261  6260
3 1153  6257  9261
3 6260  9261  6257
3 506  6263  6266
3 1154  9263  6263
3 2923  6266  9263
3 6263  9263  6266
3 1153  9261  9259
3 2923  9263  9261
3 1154  9259  9263
3 9261  9263  9259
3 170  4348  4344
3 1804  11128  4348
3 1800  4344  11128
3 4348  11128  4344
3 820  8149  8147
3 2925  11139  8149
3 1804  8147  11139
3 8149  11139  8147
3 505  6258  6262
3 1800  11130  6258
3 2925  6262  11130
3 6258  11130  6262
3 1804  11139  11128
3 2925  11130  11139
3 1800  11128  11130
3 11139  11130  11128
3 172  4356  4360
3 1812  11164  4356
3 1816  4360  11164
3 4356  11164  4360
3 506  6268  6264
3 2927  11166  6268
3 1812  6264  11166
3 6268  11166  6264
3 820  8148  8150
3 1816  11175  8148
3 2927  8150  11175
3 8148  11175  8150
3 1812  11166  11164
3 2927  11175  11166
3 1816  11164  11175
3 11166  11175  11164
3 505  6262  6260
3 2925  13007  6262
3 2923  6260  13007
3 6262  13007  6260
3 820  8150  8149
3 2927  13009  8150
3 2925  8149  13009
3 8150  13009  8149
3 506  6266  6268
3 2923  13008  6266
3 2927  6268  13008
3 6266  13008  6268
3 2925  13009  13007
3 2927  13008  13009
3 2923  13007  13008
3 13009  13008  13007
3 169  4342  4341
3 1798  11118  4342
3 1797  4341  11118
3 4342  11118  4341
3 819  8145  8141
3 3362  11122  8145
3 1798  8141  11122
3 8145  11122  8141
3 818  8135  8139
3 1797  11120  8135
3 3362  8139  11120
3 8135  11120  8139
3 1798  11122  11118
3 3362  11120  11122
3 1797  11118  11120
3 11122  11120  11118
3 172  4360  4359
3 1816  11172  4360
3 1815  4359  11172
3 4360  11172  4359
3 820  8152  8148
3 3364  11176  8152
3 1816  8148  11176
3 8152  11176  8148
3 819  8142  8146
3 1815  11174  8142
3 3364  8146  11174
3 8142  11174  8146
3 1816  11176  11172
3 3364  11174  11176
3 1815  11172  11174
3 11176  11174  11172
3 170  4347  4348
3 1803  11136  4347
3 1804  4348  11136
3 4347  11136  4348
3 818  8140  8136
3 3363  11138  8140
3 1803  8136  11138
3 8140  11138  8136
3 820  8147  8151
3 1804  11140  8147
3 3363  8151  11140
3 8147  11140  8151
3 1803  11138  11136
3 3363  11140  11138
3 1804  11136  11140
3 11138  11140  11136
3 819  8146  8145
3 3364  13443  8146
3 3362  8145  13443
3 8146  13443  8145
3 820  8151  8152
3 3363  13444  8151
3 3364  8152  13444
3 8151  13444  8152
3 818  8139  8140
3 3362  13442  8139
3 3363  8140  13442
3 8139  13442  8140
3 3364  13444  13443
3 3363  13442  13444
3 3362  13443  13442
3 13444  13442  13443
3 14  3481  3482
3 937  8645  3481
3 938  3482  8645
3 3481  8645  3482
3 289  5011  5009
3 2309  8647  5011
3 937  5009  8647
3 5011  8647  5009
3 290  5015  5017
3 938  8650  5015
3 2309  5017  8650
3 5015  8650  5017
3 937  8647  8645
3 2309  8650  8647
3 938  8645  8650
3 8647  8650  8645
3 121  4051  4049
3 1507  10241  4051
3 1505  4049  10241
3 4051  10241  4049
3 701  7435  7433
3 2311  10250  7435
3 1507  7433  10250
3 7435  10250  7433
3 289  5010  5013
3 1505  10243  5010
3 2311  5013  10243
3 5010  10243  5013
3 1507  10250  10241
3 2311  10243  10250
3 1505  10241  10243
3 10250  10243  10241
3 122  4055  4057
3 1511  10259  4055
3 1513  4057  10259
3 4055  10259  4057
3 290  5019  5016
3 2314  10261  5019
3 1511  5016  10261
3 5019  10261  5016
3 701  7434  7436
3 1513  10268  7434
3 2314  7436  10268
3 7434  10268  7436
3 1511  10261  10259
3 2314  10268  10261
3 1513  10259  10268
3 10261  10268  10259
3 289  5013  5011
3 2311  12389  5013
3 2309  5011  12389
3 5013  12389  5011
3 701  7436  7435
3 2314  12393  7436
3 2311  7435  12393
3 7436  12393  7435
3 290  5017  5019
3 2309  12390  5017
3 2314  5019  12390
3 5017  12390  5019
3 2311  12393  12389
3 2314  12390  12393
3 2309  12389  12390
3 12393  12390  12389
3 28  3559  3556
3 1015  8859  3559
3 1012  3556  8859
3 3559  8859  3556
3 367  5463  5461
3 2523  8869  5463
3 1015  5461  8869
3 5463  8869  5461
3 364  5443  5445
3 1012  8861  5443
3 2523  5445  8861
3 5443  8861  5445
3 1015  8869  8859
3 2523  8861  8869
3 1012  8859  8861
3 8869  8861  8859
3 171  4351  4349
3 1807  11141  4351
3 1805  4349  11141
3 4351  11141  4349
3 703  7448  7446
3 2533  11150  7448
3 1807  7446  11150
3 7448  11150  7446
3 367  5462  5465
3 1805  11143  5462
3 2533  5465  11143
3 5462  11143  5465
3 1807  11150  11141
3 2533  11143  11150
3 1805  11141  11143
3 11150  11143  11141
3 121  4050  4053
3 1506  10245  4050
3 1509  4053  10245
3 4050  10245  4053
3 364  5447  5444
3 2525  10247  5447
3 1506  5444  10247
3 5447  10247  5444
3 703  7445  7447
3 1509  10255  7445
3 2525  7447  10255
3 7445  10255  7447
3 1506  10247  10245
3 2525  10255  10247
3 1509  10245  10255
3 10247  10255  10245
3 367  5465  5463
3 2533  12606  5465
3 2523  5463  12606
3 5465  12606  5463
3 703  7447  7448
3 2525  12609  7447
3 2533  7448  12609
3 7447  12609  7448
3 364  5445  5447
3 2523  12605  5445
3 2525  5447  12605
3 5445  12605  5447
3 2533  12609  12606
3 2525  12605  12609
3 2523  12606  12605
3 12609  12605  12606
3 30  3566  3568
3 1022  8886  3566
3 1024  3568  8886
3 3566  8886  3568
3 374  5501  5499
3 2550  8888  5501
3 1022  5499  8888
3 5501  8888  5499
3 376  5511  5513
3 1024  8893  5511
3 2550  5513  8893
3 5511  8893  5513
3 1022  8888  8886
3 2550  8893  8888
3 1024  8886  8893
3 8888  8893  8886
3 122  4059  4056
3 1515  10263  4059
3 1512  4056  10263
3 4059  10263  4056
3 706  7465  7463
3 2552  10273  7465
3 1515  7463  10273
3 7465  10273  7463
3 374  5500  5503
3 1512  10265  5500
3 2552  5503  10265
3 5500  10265  5503
3 1515  10273  10263
3 2552  10265  10273
3 1512  10263  10265
3 10273  10265  10263
3 171  4350  4352
3 1806  11145  4350
3 1808  4352  11145
3 4350  11145  4352
3 376  5515  5512
3 2557  11147  5515
3 1806  5512  11147
3 5515  11147  5512
3 706  7464  7466
3 1808  11152  7464
3 2557  7466  11152
3 7464  11152  7466
3 1806  11147  11145
3 2557  11152  11147
3 1808  11145  11152
3 11147  11152  11145
3 374  5503  5501
3 2552  12632  5503
3 2550  5501  12632
3 5503  12632  5501
3 706  7466  7465
3 2557  12636  7466
3 2552  7465  12636
3 7466  12636  7465
3 376  5513  5515
3 2550  12633  5513
3 2557  5515  12633
3 5513  12633  5515
3 2552  12636  12632
3 2557  12633  12636
3 2550  12632  12633
3 12636  12633  12632
3 121  4053  4051
3 1509  10249  4053
3 1507  4051  10249
3 4053  10249  4051
3 703  7449  7445
3 3245  10256  7449
3 1509  7445  10256
3 7449  10256  7445
3 701  7433  7437
3 1507  10251  7433
3 3245  7437  10251
3 7433  10251  7437
3 1509  10256  10249
3 3245  10251  10256
3 1507  10249  10251
3 10256  10251  10249
3 171  4352  4351
3 1808  11149  4352
3 1807  4351  11149
3 4352  11149  4351
3 706  7468  7464
3 3249  11153  7468
3 1808  7464  11153
3 7468  11153  7464
3 703  7446  7450
3 1807  11151  7446
3 3249  7450  11151
3 7446  11151  7450
3 1808  11153  11149
3 3249  11151  11153
3 1807  11149  11151
3 11153  11151  11149
3 122  4057  4059
3 1513  10267  4057
3 1515  4059  10267
3 4057  10267  4059
3 701  7438  7434
3 3246  10269  7438
3 1513  7434  10269
3 7438  10269  7434
3 706  7463  7467
3 1515  10274  7463
3 3246  7467  10274
3 7463  10274  7467
3 1513  10269  10267
3 3246  10274  10269
3 1515  10267  10274
3 10269  10274  10267
3 703  7450  7449
3 3249  13326  7450
3 3245  7449  13326
3 7450  13326  7449
3 706  7467  7468
3 3246  13327  7467
3 3249  7468  13327
3 7467  13327  7468
3 701  7437  7438
3 3245  13325  7437
3 3246  7438  13325
3 7437  13325  7438
3 3249  13327  13326
3 3246  13325  13327
3 3245  13326  13325
3 13327  13325  13326
3 2  3433  3435
3 889  8530  3433
3 891  3435  8530
3 3433  8530  3435
3 241  4761  4759
3 2194  8531  4761
3 889  4759  8531
3 4761  8531  4759
3 243  4769  4771
3 891  8535  4769
3 2194  4771  8535
3 4769  8535  4771
3 889  8531  8530
3 2194  8535  8531
3 891  8530  8535
3 8531  8535  8530
3 73  3801  3799
3 1257  9548  3801
3 1255  3799  9548
3 3801  9548  3799
3 586  6745  6743
3 2195  9553  6745
3 1257  6743  9553
3 6745  9553  6743
3 241  4760  4762
3 1255  9549  4760
3 2195  4762  9549
3 4760  9549  4762
3 1257  9553  9548
3 2195  9549  9553
3 1255  9548  9549
3 9553  9549  9548
3 75  3809  3811
3 1265  9575  3809
3 1267  3811  9575
3 3809  9575  3811
3 243  4773  4770
3 2199  9577  4773
3 1265  4770  9577
3 4773  9577  4770
3 586  6744  6746
3 1267  9584  6744
3 2199  6746  9584
3 6744  9584  6746
3 1265  9577  9575
3 2199  9584  9577
3 1267  9575  9584
3 9577  9584  9575
3 241  4762  4761
3 2195  12275  4762
3 2194  4761  12275
3 4762  12275  4761
3 586  6746  6745
3 2199  12277  6746
3 2195  6745  12277
3 6746  12277  6745
3 243  4771  4773
3 2194  12276  4771
3 2199  4773  12276
3 4771  12276  4773
3 2195  12277  12275
3 2199  12276  12277
3 2194  12275  12276
3 12277  12276  12275
3 26  3547  3545
3 1003  8828  3547
3 1001  3545  8828
3 3547  8828  3545
3 355  5391  5389
3 2492  8833  5391
3 1003  5389  8833
3 5391  8833  5389
3 353  5381  5383
3 1001  8829  5381
3 2492  5383  8829
3 5381  8829  5383
3 1003  8833  8828
3 2492  8829  8833
3 1001  8828  8829
3 8833  8829  8828
3 167  4327  4325
3 1783  11069  4327
3 1781  4325  11069
3 4327  11069  4325
3 587  6752  6750
3 2497  11078  6752
3 1783  6750  11078
3 6752  11078  6750
3 355  5390  5393
3 1781  11071  5390
3 2497  5393  11071
3 5390  11071  5393
3 1783  11078  11069
3 2497  11071  11078
3 1781  11069  11071
3 11078  11071  11069
3 73  3800  3802
3 1256  9550  3800
3 1258  3802  9550
3 3800  9550  3802
3 353  5384  5382
3 2493  9551  5384
3 1256  5382  9551
3 5384  9551  5382
3 587  6749  6751
3 1258  9555  6749
3 2493  6751  9555
3 6749  9555  6751
3 1256  9551  9550
3 2493  9555  9551
3 1258  9550  9555
3 9551  9555  9550
3 355  5393  5391
3 2497  12573  5393
3 2492  5391  12573
3 5393  12573  5391
3 587  6751  6752
3 2493  12574  6751
3 2497  6752  12574
3 6751  12574  6752
3 353  5383  5384
3 2492  12572  5383
3 2493  5384  12572
3 5383  12572  5384
3 2497  12574  12573
3 2493  12572  12574
3 2492  12573  12572
3 12574  12572  12573
3 28  3555  3557
3 1011  8855  3555
3 1013  3557  8855
3 3555  8855  3557
3 363  5439  5437
3 2519  8857  5439
3 1011  5437  8857
3 5439  8857  5437
3 365  5449  5451
3 1013  8864  5449
3 2519  5451  8864
3 5449  8864  5451
3 1011  8857  8855
3 2519  8864  8857
3 1013  8855  8864
3 8857  8864  8855
3 75  3813  3810
3 1269  9579  3813
3 1266  3810  9579
3 3813  9579  3810
3 591  6775  6773
3 2521  9589  6775
3 1269  6773  9589
3 6775  9589  6773
3 363  5438  5441
3 1266  9581  5438
3 2521  5441  9581
3 5438  9581  5441
3 1269  9589  9579
3 2521  9581  9589
3 1266  9579  9581
3 9589  9581  9579
3 167  4326  4328
3 1782  11073  4326
3 1784  4328  11073
3 4326  11073  4328
3 365  5453  5450
3 2528  11075  5453
3 1782  5450  11075
3 5453  11075  5450
3 591  6774  6776
3 1784  11080  6774
3 2528  6776  11080
3 6774  11080  6776
3 1782  11075  11073
3 2528  11080  11075
3 1784  11073  11080
3 11075  11080  11073
3 363  5441  5439
3 2521  12599  5441
3 2519  5439  12599
3 5441  12599  5439
3 591  6776  6775
3 2528  12603  6776
3 2521  6775  12603
3 6776  12603  6775
3 365  5451  5453
3 2519  12600  5451
3 2528  5453  12600
3 5451  12600  5453
3 2521  12603  12599
3 2528  12600  12603
3 2519  12599  12600
3 12603  12600  12599
3 73  3802  3801
3 1258  9552  3802
3 1257  3801  9552
3 3802  9552  3801
3 587  6753  6749
3 3131  9556  6753
3 1258  6749  9556
3 6753  9556  6749
3 586  6743  6747
3 1257  9554  6743
3 3131  6747  9554
3 6743  9554  6747
3 1258  9556  9552
3 3131  9554  9556
3 1257  9552  9554
3 9556  9554  9552
3 167  4328  4327
3 1784  11077  4328
3 1783  4327  11077
3 4328  11077  4327
3 591  6778  6774
3 3133  11081  6778
3 1784  6774  11081
3 6778  11081  6774
3 587  6750  6754
3 1783  11079  6750
3 3133  6754  11079
3 6750  11079  6754
3 1784  11081  11077
3 3133  11079  11081
3 1783  11077  11079
3 11081  11079  11077
3 75  3811  3813
3 1267  9583  3811
3 1269  3813  9583
3 3811  9583  3813
3 586  6748  6744
3 3132  9585  6748
3 1267  6744  9585
3 6748  9585  6744
3 591  6773  6777
3 1269  9590  6773
3 3132  6777  9590
3 6773  9590  6777
3 1267  9585  9583
3 3132  9590  9585
3 1269  9583  9590
3 9585  9590  9583
3 587  6754  6753
3 3133  13212  6754
3 3131  6753  13212
3 6754  13212  6753
3 591  6777  6778
3 3132  13213  6777
3 3133  6778  13213
3 6777  13213  6778
3 586  6747  6748
3 3131  13211  6747
3 3132  6748  13211
3 6747  13211  6748
3 3133  13213  13212
3 3132  13211  13213
3 3131  13212  13211
3 13213  13211  13212
3 3  3438  3436
3 894  8537  3438
3 892  3436  8537
3 3438  8537  3436
3 246  4785  4783
3 2201  8541  4785
3 894  4783  8541
3 4785  8541  4783
3 244  4775  4777
3 892  8538  4775
3 2201  4777  8538
3 4775  8538  4777
3 894  8541  8537
3 2201  8538  8541
3 892  8537  8538
3 8541  8538  8537
3 78  3825  3823
3 1281  9611  3825
3 1279  3823  9611
3 3825  9611  3823
3 593  6788  6786
3 2205  9620  6788
3 1281  6786  9620
3 6788  9620  6786
3 246  4784  4787
3 1279  9613  4784
3 2205  4787  9613
3 4784  9613  4787
3 1281  9620  9611
3 2205  9613  9620
3 1279  9611  9613
3 9620  9613  9611
3 76  3815  3817
3 1271  9593  3815
3 1273  3817  9593
3 3815  9593  3817
3 244  4778  4776
3 2202  9594  4778
3 1271  4776  9594
3 4778  9594  4776
3 593  6785  6787
3 1273  9598  6785
3 2202  6787  9598
3 6785  9598  6787
3 1271  9594  9593
3 2202  9598  9594
3 1273  9593  9598
3 9594  9598  9593
3 246  4787  4785
3 2205  12282  4787
3 2201  4785  12282
3 4787  12282  4785
3 593  6787  6788
3 2202  12283  6787
3 2205  6788  12283
3 6787  12283  6788
3 244  4777  4778
3 2201  12281  4777
3 2202  4778  12281
3 4777  12281  4778
3 2205  12283  12282
3 2202  12281  12283
3 2201  12282  12281
3 12283  12281  12282
3 30  3567  3565
3 1023  8882  3567
3 1021  3565  8882
3 3567  8882  3565
3 375  5507  5505
3 2546  8891  5507
3 1023  5505  8891
3 5507  8891  5505
3 373  5493  5495
3 1021  8884  5493
3 2546  5495  8884
3 5493  8884  5495
3 1023  8891  8882
3 2546  8884  8891
3 1021  8882  8884
3 8891  8884  8882
3 168  4334  4332
3 1790  11091  4334
3 1788  4332  11091
3 4334  11091  4332
3 597  6812  6810
3 2555  11098  6812
3 1790  6810  11098
3 6812  11098  6810
3 375  5506  5509
3 1788  11093  5506
3 2555  5509  11093
3 5506  11093  5509
3 1790  11098  11091
3 2555  11093  11098
3 1788  11091  11093
3 11098  11093  11091
3 78  3824  3827
3 1280  9615  3824
3 1283  3827  9615
3 3824  9615  3827
3 373  5497  5494
3 2548  9617  5497
3 1280  5494  9617
3 5497  9617  5494
3 597  6809  6811
3 1283  9625  6809
3 2548  6811  9625
3 6809  9625  6811
3 1280  9617  9615
3 2548  9625  9617
3 1283  9615  9625
3 9617  9625  9615
3 375  5509  5507
3 2555  12627  5509
3 2546  5507  12627
3 5509  12627  5507
3 597  6811  6812
3 2548  12630  6811
3 2555  6812  12630
3 6811  12630  6812
3 373  5495  5497
3 2546  12626  5495
3 2548  5497  12626
3 5495  12626  5497
3 2555  12630  12627
3 2548  12626  12630
3 2546  12627  12626
3 12630  12626  12627
3 26  3546  3548
3 1002  8830  3546
3 1004  3548  8830
3 3546  8830  3548
3 354  5387  5385
3 2494  8831  5387
3 1002  5385  8831
3 5387  8831  5385
3 356  5395  5397
3 1004  8835  5395
3 2494  5397  8835
3 5395  8835  5397
3 1002  8831  8830
3 2494  8835  8831
3 1004  8830  8835
3 8831  8835  8830
3 76  3818  3816
3 1274  9595  3818
3 1272  3816  9595
3 3818  9595  3816
3 594  6793  6791
3 2495  9600  6793
3 1274  6791  9600
3 6793  9600  6791
3 354  5386  5388
3 1272  9596  5386
3 2495  5388  9596
3 5386  9596  5388
3 1274  9600  9595
3 2495  9596  9600
3 1272  9595  9596
3 9600  9596  9595
3 168  4331  4333
3 1787  11087  4331
3 1789  4333  11087
3 4331  11087  4333
3 356  5399  5396
3 2499  11089  5399
3 1787  5396  11089
3 5399  11089  5396
3 594  6792  6794
3 1789  11096  6792
3 2499  6794  11096
3 6792  11096  6794
3 1787  11089  11087
3 2499  11096  11089
3 1789  11087  11096
3 11089  11096  11087
3 354  5388  5387
3 2495  12575  5388
3 2494  5387  12575
3 5388  12575  5387
3 594  6794  6793
3 2499  12577  6794
3 2495  6793  12577
3 6794  12577  6793
3 356  5397  5399
3 2494  12576  5397
3 2499  5399  12576
3 5397  12576  5399
3 2495  12577  12575
3 2499  12576  12577
3 2494  12575  12576
3 12577  12576  12575
3 78  3827  3825
3 1283  9619  3827
3 1281  3825  9619
3 3827  9619  3825
3 597  6813  6809
3 3138  9626  6813
3 1283  6809  9626
3 6813  9626  6809
3 593  6786  6790
3 1281  9621  6786
3 3138  6790  9621
3 6786  9621  6790
3 1283  9626  9619
3 3138  9621  9626
3 1281  9619  9621
3 9626  9621  9619
3 168  4333  4334
3 1789  11095  4333
3 1790  4334  11095
3 4333  11095  4334
3 594  6796  6792
3 3139  11097  6796
3 1789  6792  11097
3 6796  11097  6792
3 597  6810  6814
3 1790  11099  6810
3 3139  6814  11099
3 6810  11099  6814
3 1789  11097  11095
3 3139  11099  11097
3 1790  11095  11099
3 11097  11099  11095
3 76  3817  3818
3 1273  9597  3817
3 1274  3818  9597
3 3817  9597  3818
3 593  6789  6785
3 3137  9599  6789
3 1273  6785  9599
3 6789  9599  6785
3 594  6791  6795
3 1274  9601  6791
3 3137  6795  9601
3 6791  9601  6795
3 1273  9599  9597
3 3137  9601  9599
3 1274  9597  9601
3 9599  9601  9597
3 597  6814  6813
3 3139  13219  6814
3 3138  6813  13219
3 6814  13219  6813
3 594  6795  6796
3 3137  13218  6795
3 3139  6796  13218
3 6795  13218  6796
3 593  6790  6789
3 3138  13217  6790
3 3137  6789  13217
3 6790  13217  6789
3 3139  13218  13219
3 3137  13217  13218
3 3138  13219  13217
3 13218  13217  13219
3 28  3557  3559
3 1013  8863  3557
3 1015  3559  8863
3 3557  8863  3559
3 365  5452  5449
3 2527  8865  5452
3 1013  5449  8865
3 5452  8865  5449
3 367  5461  5464
3 1015  8870  5461
3 2527  5464  8870
3 5461  8870  5464
3 1013  8865  8863
3 2527  8870  8865
3 1015  8863  8870
3 8865  8870  8863
3 167  4330  4326
3 1786  11074  4330
3 1782  4326  11074
3 4330  11074  4326
3 816  8125  8123
3 2529  11085  8125
3 1786  8123  11085
3 8125  11085  8123
3 365  5450  5454
3 1782  11076  5450
3 2529  5454  11076
3 5450  11076  5454
3 1786  11085  11074
3 2529  11076  11085
3 1782  11074  11076
3 11085  11076  11074
3 171  4349  4353
3 1805  11142  4349
3 1809  4353  11142
3 4349  11142  4353
3 367  5466  5462
3 2534  11144  5466
3 1805  5462  11144
3 5466  11144  5462
3 816  8124  8126
3 1809  11155  8124
3 2534  8126  11155
3 8124  11155  8126
3 1805  11144  11142
3 2534  11155  11144
3 1809  11142  11155
3 11144  11155  11142
3 365  5454  5452
3 2529  12611  5454
3 2527  5452  12611
3 5454  12611  5452
3 816  8126  8125
3 2534  12613  8126
3 2529  8125  12613
3 8126  12613  8125
3 367  5464  5466
3 2527  12612  5464
3 2534  5466  12612
3 5464  12612  5466
3 2529  12613  12611
3 2534  12612  12613
3 2527  12611  12612
3 12613  12612  12611
3 26  3548  3547
3 1004  8832  3548
3 1003  3547  8832
3 3548  8832  3547
3 356  5398  5395
3 2496  8836  5398
3 1004  5395  8836
3 5398  8836  5395
3 355  5389  5392
3 1003  8834  5389
3 2496  5392  8834
3 5389  8834  5392
3 1004  8836  8832
3 2496  8834  8836
3 1003  8832  8834
3 8836  8834  8832
3 168  4335  4331
3 1791  11088  4335
3 1787  4331  11088
3 4335  11088  4331
3 815  8120  8118
3 2500  11101  8120
3 1791  8118  11101
3 8120  11101  8118
3 356  5396  5400
3 1787  11090  5396
3 2500  5400  11090
3 5396  11090  5400
3 1791  11101  11088
3 2500  11090  11101
3 1787  11088  11090
3 11101  11090  11088
3 167  4325  4329
3 1781  11070  4325
3 1785  4329  11070
3 4325  11070  4329
3 355  5394  5390
3 2498  11072  5394
3 1781  5390  11072
3 5394  11072  5390
3 815  8117  8119
3 1785  11083  8117
3 2498  8119  11083
3 8117  11083  8119
3 1781  11072  11070
3 2498  11083  11072
3 1785  11070  11083
3 11072  11083  11070
3 356  5400  5398
3 2500  12579  5400
3 2496  5398  12579
3 5400  12579  5398
3 815  8119  8120
3 2498  12580  8119
3 2500  8120  12580
3 8119  12580  8120
3 355  5392  5394
3 2496  12578  5392
3 2498  5394  12578
3 5392  12578  5394
3 2500  12580  12579
3 2498  12578  12580
3 2496  12579  12578
3 12580  12578  12579
3 30  3568  3567
3 1024  8890  3568
3 1023  3567  8890
3 3568  8890  3567
3 376  5514  5511
3 2554  8894  5514
3 1024  5511  8894
3 5514  8894  5511
3 375  5505  5508
3 1023  8892  5505
3 2554  5508  8892
3 5505  8892  5508
3 1024  8894  8890
3 2554  8892  8894
3 1023  8890  8892
3 8894  8892  8890
3 171  4354  4350
3 1810  11146  4354
3 1806  4350  11146
3 4354  11146  4350
3 817  8132  8130
3 2558  11157  8132
3 1810  8130  11157
3 8132  11157  8130
3 376  5512  5516
3 1806  11148  5512
3 2558  5516  11148
3 5512  11148  5516
3 1810  11157  11146
3 2558  11148  11157
3 1806  11146  11148
3 11157  11148  11146
3 168  4332  4336
3 1788  11092  4332
3 1792  4336  11092
3 4332  11092  4336
3 375  5510  5506
3 2556  11094  5510
3 1788  5506  11094
3 5510  11094  5506
3 817  8129  8131
3 1792  11103  8129
3 2556  8131  11103
3 8129  11103  8131
3 1788  11094  11092
3 2556  11103  11094
3 1792  11092  11103
3 11094  11103  11092
3 376  5516  5514
3 2558  12639  5516
3 2554  5514  12639
3 5516  12639  5514
3 817  8131  8132
3 2556  12640  8131
3 2558  8132  12640
3 8131  12640  8132
3 375  5508  5510
3 2554  12638  5508
3 2556  5510  12638
3 5508  12638  5510
3 2558  12640  12639
3 2556  12638  12640
3 2554  12639  12638
3 12640  12638  12639
3 167  4329  4330
3 1785  11082  4329
3 1786  4330  11082
3 4329  11082  4330
3 815  8121  8117
3 3359  11084  8121
3 1785  8117  11084
3 8121  11084  8117
3 816  8123  8127
3 1786  11086  8123
3 3359  8127  11086
3 8123  11086  8127
3 1785  11084  11082
3 3359  11086  11084
3 1786  11082  11086
3 11084  11086  11082
3 168  4336  4335
3 1792  11100  4336
3 1791  4335  11100
3 4336  11100  4335
3 817  8133  8129
3 3360  11104  8133
3 1792  8129  11104
3 8133  11104  8129
3 815  8118  8122
3 1791  11102  8118
3 3360  8122  11102
3 8118  11102  8122
3 1792  11104  11100
3 3360  11102  11104
3 1791  11100  11102
3 11104  11102  11100
3 171  4353  4354
3 1809  11154  4353
3 1810  4354  11154
3 4353  11154  4354
3 816  8128  8124
3 3361  11156  8128
3 1809  8124  11156
3 8128  11156  8124
3 817  8130  8134
3 1810  11158  8130
3 3361  8134  11158
3 8130  11158  8134
3 1809  11156  11154
3 3361  11158  11156
3 1810  11154  11158
3 11156  11158  11154
3 815  8122  8121
3 3360  13439  8122
3 3359  8121  13439
3 8122  13439  8121
3 817  8134  8133
3 3361  13441  8134
3 3360  8133  13441
3 8134  13441  8133
3 816  8127  8128
3 3359  13440  8127
3 3361  8128  13440
3 8127  13440  8128
3 3360  13441  13439
3 3361  13440  13441
3 3359  13439  13440
3 13441  13440  13439
3 14  3482  3483
3 938  8649  3482
3 939  3483  8649
3 3482  8649  3483
3 290  5018  5015
3 2313  8651  5018
3 938  5015  8651
3 5018  8651  5015
3 291  5021  5023
3 939  8653  5021
3 2313  5023  8653
3 5021  8653  5023
3 938  8651  8649
3 2313  8653  8651
3 939  8649  8653
3 8651  8653  8649
3 122  4058  4055
3 1514  10260  4058
3 1511  4055  10260
3 4058  10260  4055
3 705  7459  7457
3 2315  10271  7459
3 1514  7457  10271
3 7459  10271  7457
3 290  5016  5020
3 1511  10262  5016
3 2315  5020  10262
3 5016  10262  5020
3 1514  10271  10260
3 2315  10262  10271
3 1511  10260  10262
3 10271  10262  10260
3 123  4061  4063
3 1517  10277  4061
3 1519  4063  10277
3 4061  10277  4063
3 291  5025  5022
3 2317  10279  5025
3 1517  5022  10279
3 5025  10279  5022
3 705  7458  7460
3 1519  10286  7458
3 2317  7460  10286
3 7458  10286  7460
3 1517  10279  10277
3 2317  10286  10279
3 1519  10277  10286
3 10279  10286  10277
3 290  5020  5018
3 2315  12395  5020
3 2313  5018  12395
3 5020  12395  5018
3 705  7460  7459
3 2317  12397  7460
3 2315  7459  12397
3 7460  12397  7459
3 291  5023  5025
3 2313  12396  5023
3 2317  5025  12396
3 5023  12396  5025
3 2315  12397  12395
3 2317  12396  12397
3 2313  12395  12396
3 12397  12396  12395
3 30  3570  3566
3 1026  8887  3570
3 1022  3566  8887
3 3570  8887  3566
3 378  5525  5523
3 2551  8898  5525
3 1026  5523  8898
3 5525  8898  5523
3 374  5499  5502
3 1022  8889  5499
3 2551  5502  8889
3 5499  8889  5502
3 1026  8898  8887
3 2551  8889  8898
3 1022  8887  8889
3 8898  8889  8887
3 175  4375  4373
3 1831  11213  4375
3 1829  4373  11213
3 4375  11213  4373
3 707  7472  7470
3 2562  11222  7472
3 1831  7470  11222
3 7472  11222  7470
3 378  5524  5527
3 1829  11215  5524
3 2562  5527  11215
3 5524  11215  5527
3 1831  11222  11213
3 2562  11215  11222
3 1829  11213  11215
3 11222  11215  11213
3 122  4056  4060
3 1512  10264  4056
3 1516  4060  10264
3 4056  10264  4060
3 374  5504  5500
3 2553  10266  5504
3 1512  5500  10266
3 5504  10266  5500
3 707  7469  7471
3 1516  10275  7469
3 2553  7471  10275
3 7469  10275  7471
3 1512  10266  10264
3 2553  10275  10266
3 1516  10264  10275
3 10266  10275  10264
3 378  5527  5525
3 2562  12635  5527
3 2551  5525  12635
3 5527  12635  5525
3 707  7471  7472
3 2553  12637  7471
3 2562  7472  12637
3 7471  12637  7472
3 374  5502  5504
3 2551  12634  5502
3 2553  5504  12634
3 5502  12634  5504
3 2562  12637  12635
3 2553  12634  12637
3 2551  12635  12634
3 12637  12634  12635
3 32  3576  3578
3 1032  8913  3576
3 1034  3578  8913
3 3576  8913  3578
3 384  5557  5555
3 2577  8915  5557
3 1032  5555  8915
3 5557  8915  5555
3 386  5567  5569
3 1034  8920  5567
3 2577  5569  8920
3 5567  8920  5569
3 1032  8915  8913
3 2577  8920  8915
3 1034  8913  8920
3 8915  8920  8913
3 123  4065  4062
3 1521  10281  4065
3 1518  4062  10281
3 4065  10281  4062
3 709  7483  7481
3 2579  10291  7483
3 1521  7481  10291
3 7483  10291  7481
3 384  5556  5559
3 1518  10283  5556
3 2579  5559  10283
3 5556  10283  5559
3 1521  10291  10281
3 2579  10283  10291
3 1518  10281  10283
3 10291  10283  10281
3 175  4374  4376
3 1830  11217  4374
3 1832  4376  11217
3 4374  11217  4376
3 386  5571  5568
3 2584  11219  5571
3 1830  5568  11219
3 5571  11219  5568
3 709  7482  7484
3 1832  11224  7482
3 2584  7484  11224
3 7482  11224  7484
3 1830  11219  11217
3 2584  11224  11219
3 1832  11217  11224
3 11219  11224  11217
3 384  5559  5557
3 2579  12659  5559
3 2577  5557  12659
3 5559  12659  5557
3 709  7484  7483
3 2584  12663  7484
3 2579  7483  12663
3 7484  12663  7483
3 386  5569  5571
3 2577  12660  5569
3 2584  5571  12660
3 5569  12660  5571
3 2579  12663  12659
3 2584  12660  12663
3 2577  12659  12660
3 12663  12660  12659
3 122  4060  4058
3 1516  10270  4060
3 1514  4058  10270
3 4060  10270  4058
3 707  7473  7469
3 3251  10276  7473
3 1516  7469  10276
3 7473  10276  7469
3 705  7457  7461
3 1514  10272  7457
3 3251  7461  10272
3 7457  10272  7461
3 1516  10276  10270
3 3251  10272  10276
3 1514  10270  10272
3 10276  10272  10270
3 175  4376  4375
3 1832  11221  4376
3 1831  4375  11221
3 4376  11221  4375
3 709  7486  7482
3 3253  11225  7486
3 1832  7482  11225
3 7486  11225  7482
3 707  7470  7474
3 1831  11223  7470
3 3253  7474  11223
3 7470  11223  7474
3 1832  11225  11221
3 3253  11223  11225
3 1831  11221  11223
3 11225  11223  11221
3 123  4063  4065
3 1519  10285  4063
3 1521  4065  10285
3 4063  10285  4065
3 705  7462  7458
3 3252  10287  7462
3 1519  7458  10287
3 7462  10287  7458
3 709  7481  7485
3 1521  10292  7481
3 3252  7485  10292
3 7481  10292  7485
3 1519  10287  10285
3 3252  10292  10287
3 1521  10285  10292
3 10287  10292  10285
3 707  7474  7473
3 3253  13332  7474
3 3251  7473  13332
3 7474  13332  7473
3 709  7485  7486
3 3252  13333  7485
3 3253  7486  13333
3 7485  13333  7486
3 705  7461  7462
3 3251  13331  7461
3 3252  7462  13331
3 7461  13331  7462
3 3253  13333  13332
3 3252  13331  13333
3 3251  13332  13331
3 13333  13331  13332
3 3  3437  3438
3 893  8539  3437
3 894  3438  8539
3 3437  8539  3438
3 245  4781  4779
3 2203  8540  4781
3 893  4779  8540
3 4781  8540  4779
3 246  4783  4786
3 894  8542  4783
3 2203  4786  8542
3 4783  8542  4786
3 893  8540  8539
3 2203  8542  8540
3 894  8539  8542
3 8540  8542  8539
3 77  3821  3819
3 1277  9602  3821
3 1275  3819  9602
3 3821  9602  3819
3 595  6799  6797
3 2204  9607  6799
3 1277  6797  9607
3 6799  9607  6797
3 245  4780  4782
3 1275  9603  4780
3 2204  4782  9603
3 4780  9603  4782
3 1277  9607  9602
3 2204  9603  9607
3 1275  9602  9603
3 9607  9603  9602
3 78  3823  3826
3 1279  9612  3823
3 1282  3826  9612
3 3823  9612  3826
3 246  4788  4784
3 2206  9614  4788
3 1279  4784  9614
3 4788  9614  4784
3 595  6798  6800
3 1282  9623  6798
3 2206  6800  9623
3 6798  9623  6800
3 1279  9614  9612
3 2206  9623  9614
3 1282  9612  9623
3 9614  9623  9612
3 245  4782  4781
3 2204  12284  4782
3 2203  4781  12284
3 4782  12284  4781
3 595  6800  6799
3 2206  12286  6800
3 2204  6799  12286
3 6800  12286  6799
3 246  4786  4788
3 2203  12285  4786
3 2206  4788  12285
3 4786  12285  4788
3 2204  12286  12284
3 2206  12285  12286
3 2203  12284  12285
3 12286  12285  12284
3 29  3563  3561
3 1019  8873  3563
3 1017  3561  8873
3 3563  8873  3561
3 371  5483  5481
3 2537  8878  5483
3 1019  5481  8878
3 5483  8878  5481
3 369  5473  5475
3 1017  8874  5473
3 2537  5475  8874
3 5473  8874  5475
3 1019  8878  8873
3 2537  8874  8878
3 1017  8873  8874
3 8878  8874  8873
3 173  4363  4361
3 1819  11177  4363
3 1817  4361  11177
3 4363  11177  4361
3 596  6806  6804
3 2542  11186  6806
3 1819  6804  11186
3 6806  11186  6804
3 371  5482  5485
3 1817  11179  5482
3 2542  5485  11179
3 5482  11179  5485
3 1819  11186  11177
3 2542  11179  11186
3 1817  11177  11179
3 11186  11179  11177
3 77  3820  3822
3 1276  9604  3820
3 1278  3822  9604
3 3820  9604  3822
3 369  5476  5474
3 2538  9605  5476
3 1276  5474  9605
3 5476  9605  5474
3 596  6803  6805
3 1278  9609  6803
3 2538  6805  9609
3 6803  9609  6805
3 1276  9605  9604
3 2538  9609  9605
3 1278  9604  9609
3 9605  9609  9604
3 371  5485  5483
3 2542  12618  5485
3 2537  5483  12618
3 5485  12618  5483
3 596  6805  6806
3 2538  12619  6805
3 2542  6806  12619
3 6805  12619  6806
3 369  5475  5476
3 2537  12617  5475
3 2538  5476  12617
3 5475  12617  5476
3 2542  12619  12618
3 2538  12617  12619
3 2537  12618  12617
3 12619  12617  12618
3 30  3565  3569
3 1021  8883  3565
3 1025  3569  8883
3 3565  8883  3569
3 373  5496  5493
3 2547  8885  5496
3 1021  5493  8885
3 5496  8885  5493
3 377  5517  5519
3 1025  8896  5517
3 2547  5519  8896
3 5517  8896  5519
3 1021  8885  8883
3 2547  8896  8885
3 1025  8883  8896
3 8885  8896  8883
3 78  3828  3824
3 1284  9616  3828
3 1280  3824  9616
3 3828  9616  3824
3 598  6817  6815
3 2549  9627  6817
3 1284  6815  9627
3 6817  9627  6815
3 373  5494  5498
3 1280  9618  5494
3 2549  5498  9618
3 5494  9618  5498
3 1284  9627  9616
3 2549  9618  9627
3 1280  9616  9618
3 9627  9618  9616
3 173  4362  4364
3 1818  11181  4362
3 1820  4364  11181
3 4362  11181  4364
3 377  5521  5518
3 2560  11183  5521
3 1818  5518  11183
3 5521  11183  5518
3 598  6816  6818
3 1820  11188  6816
3 2560  6818  11188
3 6816  11188  6818
3 1818  11183  11181
3 2560  11188  11183
3 1820  11181  11188
3 11183  11188  11181
3 373  5498  5496
3 2549  12628  5498
3 2547  5496  12628
3 5498  12628  5496
3 598  6818  6817
3 2560  12631  6818
3 2549  6817  12631
3 6818  12631  6817
3 377  5519  5521
3 2547  12629  5519
3 2560  5521  12629
3 5519  12629  5521
3 2549  12631  12628
3 2560  12629  12631
3 2547  12628  12629
3 12631  12629  12628
3 77  3822  3821
3 1278  9606  3822
3 1277  3821  9606
3 3822  9606  3821
3 596  6807  6803
3 3140  9610  6807
3 1278  6803  9610
3 6807  9610  6803
3 595  6797  6801
3 1277  9608  6797
3 3140  6801  9608
3 6797  9608  6801
3 1278  9610  9606
3 3140  9608  9610
3 1277  9606  9608
3 9610  9608  9606
3 173  4364  4363
3 1820  11185  4364
3 1819  4363  11185
3 4364  11185  4363
3 598  6820  6816
3 3142  11189  6820
3 1820  6816  11189
3 6820  11189  6816
3 596  6804  6808
3 1819  11187  6804
3 3142  6808  11187
3 6804  11187  6808
3 1820  11189  11185
3 3142  11187  11189
3 1819  11185  11187
3 11189  11187  11185
3 78  3826  3828
3 1282  9622  3826
3 1284  3828  9622
3 3826  9622  3828
3 595  6802  6798
3 3141  9624  6802
3 1282  6798  9624
3 6802  9624  6798
3 598  6815  6819
3 1284  9628  6815
3 3141  6819  9628
3 6815  9628  6819
3 1282  9624  9622
3 3141  9628  9624
3 1284  9622  9628
3 9624  9628  9622
3 596  6808  6807
3 3142  13221  6808
3 3140  6807  13221
3 6808  13221  6807
3 598  6819  6820
3 3141  13222  6819
3 3142  6820  13222
3 6819  13222  6820
3 595  6801  6802
3 3140  13220  6801
3 3141  6802  13220
3 6801  13220  6802
3 3142  13222  13221
3 3141  13220  13222
3 3140  13221  13220
3 13222  13220  13221
3 4  3441  3439
3 897  8543  3441
3 895  3439  8543
3 3441  8543  3439
3 249  4799  4797
3 2207  8548  4799
3 897  4797  8548
3 4799  8548  4797
3 247  4789  4791
3 895  8544  4789
3 2207  4791  8544
3 4789  8544  4791
3 897  8548  8543
3 2207  8544  8548
3 895  8543  8544
3 8548  8544  8543
3 81  3839  3837
3 1295  9647  3839
3 1293  3837  9647
3 3839  9647  3837
3 599  6824  6822
3 2212  9656  6824
3 1295  6822  9656
3 6824  9656  6822
3 249  4798  4801
3 1293  9649  4798
3 2212  4801  9649
3 4798  9649  4801
3 1295  9656  9647
3 2212  9649  9656
3 1293  9647  9649
3 9656  9649  9647
3 79  3829  3831
3 1285  9629  3829
3 1287  3831  9629
3 3829  9629  3831
3 247  4792  4790
3 2208  9630  4792
3 1285  4790  9630
3 4792  9630  4790
3 599  6821  6823
3 1287  9634  6821
3 2208  6823  9634
3 6821  9634  6823
3 1285  9630  9629
3 2208  9634  9630
3 1287  9629  9634
3 9630  9634  9629
3 249  4801  4799
3 2212  12288  4801
3 2207  4799  12288
3 4801  12288  4799
3 599  6823  6824
3 2208  12289  6823
3 2212  6824  12289
3 6823  12289  6824
3 247  4791  4792
3 2207  12287  4791
3 2208  4792  12287
3 4791  12287  4792
3 2212  12289  12288
3 2208  12287  12289
3 2207  12288  12287
3 12289  12287  12288
3 32  3577  3575
3 1033  8909  3577
3 1031  3575  8909
3 3577  8909  3575
3 385  5563  5561
3 2573  8918  5563
3 1033  5561  8918
3 5563  8918  5561
3 383  5549  5551
3 1031  8911  5549
3 2573  5551  8911
3 5549  8911  5551
3 1033  8918  8909
3 2573  8911  8918
3 1031  8909  8911
3 8918  8911  8909
3 174  4370  4368
3 1826  11199  4370
3 1824  4368  11199
3 4370  11199  4368
3 604  6854  6852
3 2582  11206  6854
3 1826  6852  11206
3 6854  11206  6852
3 385  5562  5565
3 1824  11201  5562
3 2582  5565  11201
3 5562  11201  5565
3 1826  11206  11199
3 2582  11201  11206
3 1824  11199  11201
3 11206  11201  11199
3 81  3838  3841
3 1294  9651  3838
3 1297  3841  9651
3 3838  9651  3841
3 383  5553  5550
3 2575  9653  5553
3 1294  5550  9653
3 5553  9653  5550
3 604  6851  6853
3 1297  9661  6851
3 2575  6853  9661
3 6851  9661  6853
3 1294  9653  9651
3 2575  9661  9653
3 1297  9651  9661
3 9653  9661  9651
3 385  5565  5563
3 2582  12654  5565
3 2573  5563  12654
3 5565  12654  5563
3 604  6853  6854
3 2575  12657  6853
3 2582  6854  12657
3 6853  12657  6854
3 383  5551  5553
3 2573  12653  5551
3 2575  5553  12653
3 5551  12653  5553
3 2582  12657  12654
3 2575  12653  12657
3 2573  12654  12653
3 12657  12653  12654
3 29  3562  3564
3 1018  8875  3562
3 1020  3564  8875
3 3562  8875  3564
3 370  5479  5477
3 2539  8876  5479
3 1018  5477  8876
3 5479  8876  5477
3 372  5487  5489
3 1020  8880  5487
3 2539  5489  8880
3 5487  8880  5489
3 1018  8876  8875
3 2539  8880  8876
3 1020  8875  8880
3 8876  8880  8875
3 79  3832  3830
3 1288  9631  3832
3 1286  3830  9631
3 3832  9631  3830
3 600  6829  6827
3 2540  9636  6829
3 1288  6827  9636
3 6829  9636  6827
3 370  5478  5480
3 1286  9632  5478
3 2540  5480  9632
3 5478  9632  5480
3 1288  9636  9631
3 2540  9632  9636
3 1286  9631  9632
3 9636  9632  9631
3 174  4367  4369
3 1823  11195  4367
3 1825  4369  11195
3 4367  11195  4369
3 372  5491  5488
3 2544  11197  5491
3 1823  5488  11197
3 5491  11197  5488
3 600  6828  6830
3 1825  11204  6828
3 2544  6830  11204
3 6828  11204  6830
3 1823  11197  11195
3 2544  11204  11197
3 1825  11195  11204
3 11197  11204  11195
3 370  5480  5479
3 2540  12620  5480
3 2539  5479  12620
3 5480  12620  5479
3 600  6830  6829
3 2544  12622  6830
3 2540  6829  12622
3 6830  12622  6829
3 372  5489  5491
3 2539  12621  5489
3 2544  5491  12621
3 5489  12621  5491
3 2540  12622  12620
3 2544  12621  12622
3 2539  12620  12621
3 12622  12621  12620
3 81  3841  3839
3 1297  9655  3841
3 1295  3839  9655
3 3841  9655  3839
3 604  6855  6851
3 3144  9662  6855
3 1297  6851  9662
3 6855  9662  6851
3 599  6822  6826
3 1295  9657  6822
3 3144  6826  9657
3 6822  9657  6826
3 1297  9662  9655
3 3144  9657  9662
3 1295  9655  9657
3 9662  9657  9655
3 174  4369  4370
3 1825  11203  4369
3 1826  4370  11203
3 4369  11203  4370
3 600  6832  6828
3 3145  11205  6832
3 1825  6828  11205
3 6832  11205  6828
3 604  6852  6856
3 1826  11207  6852
3 3145  6856  11207
3 6852  11207  6856
3 1825  11205  11203
3 3145  11207  11205
3 1826  11203  11207
3 11205  11207  11203
3 79  3831  3832
3 1287  9633  3831
3 1288  3832  9633
3 3831  9633  3832
3 599  6825  6821
3 3143  9635  6825
3 1287  6821  9635
3 6825  9635  6821
3 600  6827  6831
3 1288  9637  6827
3 3143  6831  9637
3 6827  9637  6831
3 1287  9635  9633
3 3143  9637  9635
3 1288  9633  9637
3 9635  9637  9633
3 604  6856  6855
3 3145  13225  6856
3 3144  6855  13225
3 6856  13225  6855
3 600  6831  6832
3 3143  13224  6831
3 3145  6832  13224
3 6831  13224  6832
3 599  6826  6825
3 3144  13223  6826
3 3143  6825  13223
3 6826  13223  6825
3 3145  13224  13225
3 3143  13223  13224
3 3144  13225  13223
3 13224  13223  13225
3 30  3569  3570
3 1025  8895  3569
3 1026  3570  8895
3 3569  8895  3570
3 377  5520  5517
3 2559  8897  5520
3 1025  5517  8897
3 5520  8897  5517
3 378  5523  5526
3 1026  8899  5523
3 2559  5526  8899
3 5523  8899  5526
3 1025  8897  8895
3 2559  8899  8897
3 1026  8895  8899
3 8897  8899  8895
3 173  4366  4362
3 1822  11182  4366
3 1818  4362  11182
3 4366  11182  4362
3 822  8161  8159
3 2561  11193  8161
3 1822  8159  11193
3 8161  11193  8159
3 377  5518  5522
3 1818  11184  5518
3 2561  5522  11184
3 5518  11184  5522
3 1822  11193  11182
3 2561  11184  11193
3 1818  11182  11184
3 11193  11184  11182
3 175  4373  4377
3 1829  11214  4373
3 1833  4377  11214
3 4373  11214  4377
3 378  5528  5524
3 2563  11216  5528
3 1829  5524  11216
3 5528  11216  5524
3 822  8160  8162
3 1833  11227  8160
3 2563  8162  11227
3 8160  11227  8162
3 1829  11216  11214
3 2563  11227  11216
3 1833  11214  11227
3 11216  11227  11214
3 377  5522  5520
3 2561  12641  5522
3 2559  5520  12641
3 5522  12641  5520
3 822  8162  8161
3 2563  12643  8162
3 2561  8161  12643
3 8162  12643  8161
3 378  5526  5528
3 2559  12642  5526
3 2563  5528  12642
3 5526  12642  5528
3 2561  12643  12641
3 2563  12642  12643
3 2559  12641  12642
3 12643  12642  12641
3 29  3564  3563
3 1020  8877  3564
3 1019  3563  8877
3 3564  8877  3563
3 372  5490  5487
3 2541  8881  5490
3 1020  5487  8881
3 5490  8881  5487
3 371  5481  5484
3 1019  8879  5481
3 2541  5484  8879
3 5481  8879  5484
3 1020  8881  8877
3 2541  8879  8881
3 1019  8877  8879
3 8881  8879  8877
3 174  4371  4367
3 1827  11196  4371
3 1823  4367  11196
3 4371  11196  4367
3 821  8156  8154
3 2545  11209  8156
3 1827  8154  11209
3 8156  11209  8154
3 372  5488  5492
3 1823  11198  5488
3 2545  5492  11198
3 5488  11198  5492
3 1827  11209  11196
3 2545  11198  11209
3 1823  11196  11198
3 11209  11198  11196
3 173  4361  4365
3 1817  11178  4361
3 1821  4365  11178
3 4361  11178  4365
3 371  5486  5482
3 2543  11180  5486
3 1817  5482  11180
3 5486  11180  5482
3 821  8153  8155
3 1821  11191  8153
3 2543  8155  11191
3 8153  11191  8155
3 1817  11180  11178
3 2543  11191  11180
3 1821  11178  11191
3 11180  11191  11178
3 372  5492  5490
3 2545  12624  5492
3 2541  5490  12624
3 5492  12624  5490
3 821  8155  8156
3 2543  12625  8155
3 2545  8156  12625
3 8155  12625  8156
3 371  5484  5486
3 2541  12623  5484
3 2543  5486  12623
3 5484  12623  5486
3 2545  12625  12624
3 2543  12623  12625
3 2541  12624  12623
3 12625  12623  12624
3 32  3578  3577
3 1034  8917  3578
3 1033  3577  8917
3 3578  8917  3577
3 386  5570  5567
3 2581  8921  5570
3 1034  5567  8921
3 5570  8921  5567
3 385  5561  5564
3 1033  8919  5561
3 2581  5564  8919
3 5561  8919  5564
3 1034  8921  8917
3 2581  8919  8921
3 1033  8917  8919
3 8921  8919  8917
3 175  4378  4374
3 1834  11218  4378
3 1830  4374  11218
3 4378  11218  4374
3 823  8168  8166
3 2585  11229  8168
3 1834  8166  11229
3 8168  11229  8166
3 386  5568  5572
3 1830  11220  5568
3 2585  5572  11220
3 5568  11220  5572
3 1834  11229  11218
3 2585  11220  11229
3 1830  11218  11220
3 11229  11220  11218
3 174  4368  4372
3 1824  11200  4368
3 1828  4372  11200
3 4368  11200  4372
3 385  5566  5562
3 2583  11202  5566
3 1824  5562  11202
3 5566  11202  5562
3 823  8165  8167
3 1828  11211  8165
3 2583  8167  11211
3 8165  11211  8167
3 1824  11202  11200
3 2583  11211  11202
3 1828  11200  11211
3 11202  11211  11200
3 386  5572  5570
3 2585  12666  5572
3 2581  5570  12666
3 5572  12666  5570
3 823  8167  8168
3 2583  12667  8167
3 2585  8168  12667
3 8167  12667  8168
3 385  5564  5566
3 2581  12665  5564
3 2583  5566  12665
3 5564  12665  5566
3 2585  12667  12666
3 2583  12665  12667
3 2581  12666  12665
3 12667  12665  12666
3 173  4365  4366
3 1821  11190  4365
3 1822  4366  11190
3 4365  11190  4366
3 821  8157  8153
3 3365  11192  8157
3 1821  8153  11192
3 8157  11192  8153
3 822  8159  8163
3 1822  11194  8159
3 3365  8163  11194
3 8159  11194  8163
3 1821  11192  11190
3 3365  11194  11192
3 1822  11190  11194
3 11192  11194  11190
3 174  4372  4371
3 1828  11208  4372
3 1827  4371  11208
3 4372  11208  4371
3 823  8169  8165
3 3366  11212  8169
3 1828  8165  11212
3 8169  11212  8165
3 821  8154  8158
3 1827  11210  8154
3 3366  8158  11210
3 8154  11210  8158
3 1828  11212  11208
3 3366  11210  11212
3 1827  11208  11210
3 11212  11210  11208
3 175  4377  4378
3 1833  11226  4377
3 1834  4378  11226
3 4377  11226  4378
3 822  8164  8160
3 3367  11228  8164
3 1833  8160  11228
3 8164  11228  8160
3 823  8166  8170
3 1834  11230  8166
3 3367  8170  11230
3 8166  11230  8170
3 1833  11228  11226
3 3367  11230  11228
3 1834  11226  11230
3 11228  11230  11226
3 821  8158  8157
3 3366  13445  8158
3 3365  8157  13445
3 8158  13445  8157
3 823  8170  8169
3 3367  13447  8170
3 3366  8169  13447
3 8170  13447  8169
3 822  8163  8164
3 3365  13446  8163
3 3367  8164  13446
3 8163  13446  8164
3 3366  13447  13445
3 3367  13446  13447
3 3365  13445  13446
3 13447  13446  13445
3 14  3483  3485
3 939  8652  3483
3 941  3485  8652
3 3483  8652  3485
3 291  5024  5021
3 2316  8654  5024
3 939  5021  8654
3 5024  8654  5021
3 293  5033  5035
3 941  8658  5033
3 2316  5035  8658
3 5033  8658  5035
3 939  8654  8652
3 2316  8658  8654
3 941  8652  8658
3 8654  8658  8652
3 123  4064  4061
3 1520  10278  4064
3 1517  4061  10278
3 4064  10278  4061
3 708  7477  7475
3 2318  10289  7477
3 1520  7475  10289
3 7477  10289  7475
3 291  5022  5026
3 1517  10280  5022
3 2318  5026  10280
3 5022  10280  5026
3 1520  10289  10278
3 2318  10280  10289
3 1517  10278  10280
3 10289  10280  10278
3 125  4073  4075
3 1529  10313  4073
3 1531  4075  10313
3 4073  10313  4075
3 293  5037  5034
3 2322  10315  5037
3 1529  5034  10315
3 5037  10315  5034
3 708  7476  7478
3 1531  10322  7476
3 2322  7478  10322
3 7476  10322  7478
3 1529  10315  10313
3 2322  10322  10315
3 1531  10313  10322
3 10315  10322  10313
3 291  5026  5024
3 2318  12398  5026
3 2316  5024  12398
3 5026  12398  5024
3 708  7478  7477
3 2322  12400  7478
3 2318  7477  12400
3 7478  12400  7477
3 293  5035  5037
3 2316  12399  5035
3 2322  5037  12399
3 5035  12399  5037
3 2318  12400  12398
3 2322  12399  12400
3 2316  12398  12399
3 12400  12399  12398
3 32  3580  3576
3 1036  8914  3580
3 1032  3576  8914
3 3580  8914  3576
3 388  5581  5579
3 2578  8925  5581
3 1036  5579  8925
3 5581  8925  5579
3 384  5555  5558
3 1032  8916  5555
3 2578  5558  8916
3 5555  8916  5558
3 1036  8925  8914
3 2578  8916  8925
3 1032  8914  8916
3 8925  8916  8914
3 179  4399  4397
3 1855  11285  4399
3 1853  4397  11285
3 4399  11285  4397
3 710  7490  7488
3 2589  11294  7490
3 1855  7488  11294
3 7490  11294  7488
3 388  5580  5583
3 1853  11287  5580
3 2589  5583  11287
3 5580  11287  5583
3 1855  11294  11285
3 2589  11287  11294
3 1853  11285  11287
3 11294  11287  11285
3 123  4062  4066
3 1518  10282  4062
3 1522  4066  10282
3 4062  10282  4066
3 384  5560  5556
3 2580  10284  5560
3 1518  5556  10284
3 5560  10284  5556
3 710  7487  7489
3 1522  10293  7487
3 2580  7489  10293
3 7487  10293  7489
3 1518  10284  10282
3 2580  10293  10284
3 1522  10282  10293
3 10284  10293  10282
3 388  5583  5581
3 2589  12662  5583
3 2578  5581  12662
3 5583  12662  5581
3 710  7489  7490
3 2580  12664  7489
3 2589  7490  12664
3 7489  12664  7490
3 384  5558  5560
3 2578  12661  5558
3 2580  5560  12661
3 5558  12661  5560
3 2589  12664  12662
3 2580  12661  12664
3 2578  12662  12661
3 12664  12661  12662
3 58  3719  3721
3 1175  9323  3719
3 1177  3721  9323
3 3719  9323  3721
3 527  6391  6389
3 2987  9325  6391
3 1175  6389  9325
3 6391  9325  6389
3 529  6401  6403
3 1177  9332  6401
3 2987  6403  9332
3 6401  9332  6403
3 1175  9325  9323
3 2987  9332  9325
3 1177  9323  9332
3 9325  9332  9323
3 125  4077  4074
3 1533  10317  4077
3 1530  4074  10317
3 4077  10317  4074
3 714  7513  7511
3 2989  10327  7513
3 1533  7511  10327
3 7513  10327  7511
3 527  6390  6393
3 1530  10319  6390
3 2989  6393  10319
3 6390  10319  6393
3 1533  10327  10317
3 2989  10319  10327
3 1530  10317  10319
3 10327  10319  10317
3 179  4398  4400
3 1854  11289  4398
3 1856  4400  11289
3 4398  11289  4400
3 529  6405  6402
3 2996  11291  6405
3 1854  6402  11291
3 6405  11291  6402
3 714  7512  7514
3 1856  11296  7512
3 2996  7514  11296
3 7512  11296  7514
3 1854  11291  11289
3 2996  11296  11291
3 1856  11289  11296
3 11291  11296  11289
3 527  6393  6391
3 2989  13067  6393
3 2987  6391  13067
3 6393  13067  6391
3 714  7514  7513
3 2996  13071  7514
3 2989  7513  13071
3 7514  13071  7513
3 529  6403  6405
3 2987  13068  6403
3 2996  6405  13068
3 6403  13068  6405
3 2989  13071  13067
3 2996  13068  13071
3 2987  13067  13068
3 13071  13068  13067
3 123  4066  4064
3 1522  10288  4066
3 1520  4064  10288
3 4066  10288  4064
3 710  7491  7487
3 3254  10294  7491
3 1522  7487  10294
3 7491  10294  7487
3 708  7475  7479
3 1520  10290  7475
3 3254  7479  10290
3 7475  10290  7479
3 1522  10294  10288
3 3254  10290  10294
3 1520  10288  10290
3 10294  10290  10288
3 179  4400  4399
3 1856  11293  4400
3 1855  4399  11293
3 4400  11293  4399
3 714  7516  7512
3 3256  11297  7516
3 1856  7512  11297
3 7516  11297  7512
3 710  7488  7492
3 1855  11295  7488
3 3256  7492  11295
3 7488  11295  7492
3 1856  11297  11293
3 3256  11295  11297
3 1855  11293  11295
3 11297  11295  11293
3 125  4075  4077
3 1531  10321  4075
3 1533  4077  10321
3 4075  10321  4077
3 708  7480  7476
3 3255  10323  7480
3 1531  7476  10323
3 7480  10323  7476
3 714  7511  7515
3 1533  10328  7511
3 3255  7515  10328
3 7511  10328  7515
3 1531  10323  10321
3 3255  10328  10323
3 1533  10321  10328
3 10323  10328  10321
3 710  7492  7491
3 3256  13335  7492
3 3254  7491  13335
3 7492  13335  7491
3 714  7515  7516
3 3255  13336  7515
3 3256  7516  13336
3 7515  13336  7516
3 708  7479  7480
3 3254  13334  7479
3 3255  7480  13334
3 7479  13334  7480
3 3256  13336  13335
3 3255  13334  13336
3 3254  13335  13334
3 13336  13334  13335
3 4  3442  3441
3 898  8547  3442
3 897  3441  8547
3 3442  8547  3441
3 250  4806  4803
3 2211  8551  4806
3 898  4803  8551
3 4806  8551  4803
3 249  4797  4800
3 897  8549  4797
3 2211  4800  8549
3 4797  8549  4800
3 898  8551  8547
3 2211  8549  8551
3 897  8547  8549
3 8551  8549  8547
3 82  3846  3843
3 1302  9666  3846
3 1299  3843  9666
3 3846  9666  3843
3 603  6848  6846
3 2215  9677  6848
3 1302  6846  9677
3 6848  9677  6846
3 250  4804  4808
3 1299  9668  4804
3 2215  4808  9668
3 4804  9668  4808
3 1302  9677  9666
3 2215  9668  9677
3 1299  9666  9668
3 9677  9668  9666
3 81  3837  3840
3 1293  9648  3837
3 1296  3840  9648
3 3837  9648  3840
3 249  4802  4798
3 2213  9650  4802
3 1293  4798  9650
3 4802  9650  4798
3 603  6845  6847
3 1296  9659  6845
3 2213  6847  9659
3 6845  9659  6847
3 1293  9650  9648
3 2213  9659  9650
3 1296  9648  9659
3 9650  9659  9648
3 250  4808  4806
3 2215  12294  4808
3 2211  4806  12294
3 4808  12294  4806
3 603  6847  6848
3 2213  12295  6847
3 2215  6848  12295
3 6847  12295  6848
3 249  4800  4802
3 2211  12293  4800
3 2213  4802  12293
3 4800  12293  4802
3 2215  12295  12294
3 2213  12293  12295
3 2211  12294  12293
3 12295  12293  12294
3 33  3584  3581
3 1040  8928  3584
3 1037  3581  8928
3 3584  8928  3581
3 392  5605  5603
3 2592  8939  5605
3 1040  5603  8939
3 5605  8939  5603
3 389  5585  5588
3 1037  8930  5585
3 2592  5588  8930
3 5585  8930  5588
3 1040  8939  8928
3 2592  8930  8939
3 1037  8928  8930
3 8939  8930  8928
3 178  4394  4392
3 1850  11271  4394
3 1848  4392  11271
3 4394  11271  4392
3 607  6872  6870
3 2603  11278  6872
3 1850  6870  11278
3 6872  11278  6870
3 392  5604  5607
3 1848  11273  5604
3 2603  5607  11273
3 5604  11273  5607
3 1850  11278  11271
3 2603  11273  11278
3 1848  11271  11273
3 11278  11273  11271
3 82  3844  3848
3 1300  9670  3844
3 1304  3848  9670
3 3844  9670  3848
3 389  5590  5586
3 2594  9672  5590
3 1300  5586  9672
3 5590  9672  5586
3 607  6869  6871
3 1304  9681  6869
3 2594  6871  9681
3 6869  9681  6871
3 1300  9672  9670
3 2594  9681  9672
3 1304  9670  9681
3 9672  9681  9670
3 392  5607  5605
3 2603  12674  5607
3 2592  5605  12674
3 5607  12674  5605
3 607  6871  6872
3 2594  12676  6871
3 2603  6872  12676
3 6871  12676  6872
3 389  5588  5590
3 2592  12673  5588
3 2594  5590  12673
3 5588  12673  5590
3 2603  12676  12674
3 2594  12673  12676
3 2592  12674  12673
3 12676  12673  12674
3 32  3575  3579
3 1031  8910  3575
3 1035  3579  8910
3 3575  8910  3579
3 383  5552  5549
3 2574  8912  5552
3 1031  5549  8912
3 5552  8912  5549
3 387  5573  5575
3 1035  8923  5573
3 2574  5575  8923
3 5573  8923  5575
3 1031  8912  8910
3 2574  8923  8912
3 1035  8910  8923
3 8912  8923  8910
3 81  3842  3838
3 1298  9652  3842
3 1294  3838  9652
3 3842  9652  3838
3 605  6859  6857
3 2576  9663  6859
3 1298  6857  9663
3 6859  9663  6857
3 383  5550  5554
3 1294  9654  5550
3 2576  5554  9654
3 5550  9654  5554
3 1298  9663  9652
3 2576  9654  9663
3 1294  9652  9654
3 9663  9654  9652
3 178  4391  4393
3 1847  11267  4391
3 1849  4393  11267
3 4391  11267  4393
3 387  5577  5574
3 2587  11269  5577
3 1847  5574  11269
3 5577  11269  5574
3 605  6858  6860
3 1849  11276  6858
3 2587  6860  11276
3 6858  11276  6860
3 1847  11269  11267
3 2587  11276  11269
3 1849  11267  11276
3 11269  11276  11267
3 383  5554  5552
3 2576  12655  5554
3 2574  5552  12655
3 5554  12655  5552
3 605  6860  6859
3 2587  12658  6860
3 2576  6859  12658
3 6860  12658  6859
3 387  5575  5577
3 2574  12656  5575
3 2587  5577  12656
3 5575  12656  5577
3 2576  12658  12655
3 2587  12656  12658
3 2574  12655  12656
3 12658  12656  12655
3 82  3848  3846
3 1304  9676  3848
3 1302  3846  9676
3 3848  9676  3846
3 607  6873  6869
3 3150  9682  6873
3 1304  6869  9682
3 6873  9682  6869
3 603  6846  6850
3 1302  9678  6846
3 3150  6850  9678
3 6846  9678  6850
3 1304  9682  9676
3 3150  9678  9682
3 1302  9676  9678
3 9682  9678  9676
3 178  4393  4394
3 1849  11275  4393
3 1850  4394  11275
3 4393  11275  4394
3 605  6862  6858
3 3151  11277  6862
3 1849  6858  11277
3 6862  11277  6858
3 607  6870  6874
3 1850  11279  6870
3 3151  6874  11279
3 6870  11279  6874
3 1849  11277  11275
3 3151  11279  11277
3 1850  11275  11279
3 11277  11279  11275
3 81  3840  3842
3 1296  9658  3840
3 1298  3842  9658
3 3840  9658  3842
3 603  6849  6845
3 3149  9660  6849
3 1296  6845  9660
3 6849  9660  6845
3 605  6857  6861
3 1298  9664  6857
3 3149  6861  9664
3 6857  9664  6861
3 1296  9660  9658
3 3149  9664  9660
3 1298  9658  9664
3 9660  9664  9658
3 607  6874  6873
3 3151  13231  6874
3 3150  6873  13231
3 6874  13231  6873
3 605  6861  6862
3 3149  13230  6861
3 3151  6862  13230
3 6861  13230  6862
3 603  6850  6849
3 3150  13229  6850
3 3149  6849  13229
3 6850  13229  6849
3 3151  13230  13231
3 3149  13229  13230
3 3150  13231  13229
3 13230  13229  13231
3 15  3489  3486
3 945  8661  3489
3 942  3486  8661
3 3489  8661  3486
3 297  5059  5057
3 2325  8671  5059
3 945  5057  8671
3 5059  8671  5057
3 294  5039  5042
3 942  8663  5039
3 2325  5042  8663
3 5039  8663  5042
3 945  8671  8661
3 2325  8663  8671
3 942  8661  8663
3 8671  8663  8661
3 129  4099  4097
3 1555  10385  4099
3 1553  4097  10385
3 4099  10385  4097
3 717  7532  7530
3 2335  10394  7532
3 1555  7530  10394
3 7532  10394  7530
3 297  5058  5061
3 1553  10387  5058
3 2335  5061  10387
3 5058  10387  5061
3 1555  10394  10385
3 2335  10387  10394
3 1553  10385  10387
3 10394  10387  10385
3 126  4079  4082
3 1535  10332  4079
3 1538  4082  10332
3 4079  10332  4082
3 294  5044  5040
3 2327  10334  5044
3 1535  5040  10334
3 5044  10334  5040
3 717  7529  7531
3 1538  10343  7529
3 2327  7531  10343
3 7529  10343  7531
3 1535  10334  10332
3 2327  10343  10334
3 1538  10332  10343
3 10334  10343  10332
3 297  5061  5059
3 2335  12407  5061
3 2325  5059  12407
3 5061  12407  5059
3 717  7531  7532
3 2327  12409  7531
3 2335  7532  12409
3 7531  12409  7532
3 294  5042  5044
3 2325  12406  5042
3 2327  5044  12406
3 5042  12406  5044
3 2335  12409  12407
3 2327  12406  12409
3 2325  12407  12406
3 12409  12406  12407
3 58  3722  3720
3 1178  9327  3722
3 1176  3720  9327
3 3722  9327  3720
3 530  6409  6407
3 2991  9334  6409
3 1178  6407  9334
3 6409  9334  6407
3 528  6395  6397
3 1176  9329  6395
3 2991  6397  9329
3 6395  9329  6397
3 1178  9334  9327
3 2991  9329  9334
3 1176  9327  9329
3 9334  9329  9327
3 181  4412  4410
3 1868  11325  4412
3 1866  4410  11325
3 4412  11325  4410
3 727  7592  7590
3 2998  11332  7592
3 1868  7590  11332
3 7592  11332  7590
3 530  6408  6411
3 1866  11327  6408
3 2998  6411  11327
3 6408  11327  6411
3 1868  11332  11325
3 2998  11327  11332
3 1866  11325  11327
3 11332  11327  11325
3 129  4098  4101
3 1554  10389  4098
3 1557  4101  10389
3 4098  10389  4101
3 528  6399  6396
3 2993  10391  6399
3 1554  6396  10391
3 6399  10391  6396
3 727  7589  7591
3 1557  10399  7589
3 2993  7591  10399
3 7589  10399  7591
3 1554  10391  10389
3 2993  10399  10391
3 1557  10389  10399
3 10391  10399  10389
3 530  6411  6409
3 2998  13074  6411
3 2991  6409  13074
3 6411  13074  6409
3 727  7591  7592
3 2993  13077  7591
3 2998  7592  13077
3 7591  13077  7592
3 528  6397  6399
3 2991  13073  6397
3 2993  6399  13073
3 6397  13073  6399
3 2998  13077  13074
3 2993  13073  13077
3 2991  13074  13073
3 13077  13073  13074
3 33  3582  3586
3 1038  8932  3582
3 1042  3586  8932
3 3582  8932  3586
3 390  5594  5591
3 2596  8934  5594
3 1038  5591  8934
3 5594  8934  5591
3 394  5615  5617
3 1042  8943  5615
3 2596  5617  8943
3 5615  8943  5617
3 1038  8934  8932
3 2596  8943  8934
3 1042  8932  8943
3 8934  8943  8932
3 126  4084  4080
3 1540  10336  4084
3 1536  4080  10336
3 4084  10336  4080
3 719  7543  7541
3 2598  10347  7543
3 1540  7541  10347
3 7543  10347  7541
3 390  5592  5596
3 1536  10338  5592
3 2598  5596  10338
3 5592  10338  5596
3 1540  10347  10336
3 2598  10338  10347
3 1536  10336  10338
3 10347  10338  10336
3 181  4409  4411
3 1865  11321  4409
3 1867  4411  11321
3 4409  11321  4411
3 394  5619  5616
3 2607  11323  5619
3 1865  5616  11323
3 5619  11323  5616
3 719  7542  7544
3 1867  11330  7542
3 2607  7544  11330
3 7542  11330  7544
3 1865  11323  11321
3 2607  11330  11323
3 1867  11321  11330
3 11323  11330  11321
3 390  5596  5594
3 2598  12679  5596
3 2596  5594  12679
3 5596  12679  5594
3 719  7544  7543
3 2607  12682  7544
3 2598  7543  12682
3 7544  12682  7543
3 394  5617  5619
3 2596  12680  5617
3 2607  5619  12680
3 5617  12680  5619
3 2598  12682  12679
3 2607  12680  12682
3 2596  12679  12680
3 12682  12680  12679
3 129  4101  4099
3 1557  10393  4101
3 1555  4099  10393
3 4101  10393  4099
3 727  7593  7589
3 3263  10400  7593
3 1557  7589  10400
3 7593  10400  7589
3 717  7530  7534
3 1555  10395  7530
3 3263  7534  10395
3 7530  10395  7534
3 1557  10400  10393
3 3263  10395  10400
3 1555  10393  10395
3 10400  10395  10393
3 181  4411  4412
3 1867  11329  4411
3 1868  4412  11329
3 4411  11329  4412
3 719  7546  7542
3 3265  11331  7546
3 1867  7542  11331
3 7546  11331  7542
3 727  7590  7594
3 1868  11333  7590
3 3265  7594  11333
3 7590  11333  7594
3 1867  11331  11329
3 3265  11333  11331
3 1868  11329  11333
3 11331  11333  11329
3 126  4082  4084
3 1538  10342  4082
3 1540  4084  10342
3 4082  10342  4084
3 717  7533  7529
3 3262  10344  7533
3 1538  7529  10344
3 7533  10344  7529
3 719  7541  7545
3 1540  10348  7541
3 3262  7545  10348
3 7541  10348  7545
3 1538  10344  10342
3 3262  10348  10344
3 1540  10342  10348
3 10344  10348  10342
3 727  7594  7593
3 3265  13345  7594
3 3263  7593  13345
3 7594  13345  7593
3 719  7545  7546
3 3262  13344  7545
3 3265  7546  13344
3 7545  13344  7546
3 717  7534  7533
3 3263  13343  7534
3 3262  7533  13343
3 7534  13343  7533
3 3265  13344  13345
3 3262  13343  13344
3 3263  13345  13343
3 13344  13343  13345
3 32  3579  3580
3 1035  8922  3579
3 1036  3580  8922
3 3579  8922  3580
3 387  5576  5573
3 2586  8924  5576
3 1035  5573  8924
3 5576  8924  5573
3 388  5579  5582
3 1036  8926  5579
3 2586  5582  8926
3 5579  8926  5582
3 1035  8924  8922
3 2586  8926  8924
3 1036  8922  8926
3 8924  8926  8922
3 178  4395  4391
3 1851  11268  4395
3 1847  4391  11268
3 4395  11268  4391
3 827  8191  8189
3 2588  11281  8191
3 1851  8189  11281
3 8191  11281  8189
3 387  5574  5578
3 1847  11270  5574
3 2588  5578  11270
3 5574  11270  5578
3 1851  11281  11268
3 2588  11270  11281
3 1847  11268  11270
3 11281  11270  11268
3 179  4397  4401
3 1853  11286  4397
3 1857  4401  11286
3 4397  11286  4401
3 388  5584  5580
3 2590  11288  5584
3 1853  5580  11288
3 5584  11288  5580
3 827  8190  8192
3 1857  11299  8190
3 2590  8192  11299
3 8190  11299  8192
3 1853  11288  11286
3 2590  11299  11288
3 1857  11286  11299
3 11288  11299  11286
3 387  5578  5576
3 2588  12668  5578
3 2586  5576  12668
3 5578  12668  5576
3 827  8192  8191
3 2590  12670  8192
3 2588  8191  12670
3 8192  12670  8191
3 388  5582  5584
3 2586  12669  5582
3 2590  5584  12669
3 5582  12669  5584
3 2588  12670  12668
3 2590  12669  12670
3 2586  12668  12669
3 12670  12669  12668
3 33  3586  3584
3 1042  8938  3586
3 1040  3584  8938
3 3586  8938  3584
3 394  5618  5615
3 2602  8944  5618
3 1042  5615  8944
3 5618  8944  5615
3 392  5603  5606
3 1040  8940  5603
3 2602  5606  8940
3 5603  8940  5606
3 1042  8944  8938
3 2602  8940  8944
3 1040  8938  8940
3 8944  8940  8938
3 181  4413  4409
3 1869  11322  4413
3 1865  4409  11322
3 4413  11322  4409
3 828  8198  8196
3 2608  11335  8198
3 1869  8196  11335
3 8198  11335  8196
3 394  5616  5620
3 1865  11324  5616
3 2608  5620  11324
3 5616  11324  5620
3 1869  11335  11322
3 2608  11324  11335
3 1865  11322  11324
3 11335  11324  11322
3 178  4392  4396
3 1848  11272  4392
3 1852  4396  11272
3 4392  11272  4396
3 392  5608  5604
3 2604  11274  5608
3 1848  5604  11274
3 5608  11274  5604
3 828  8195  8197
3 1852  11283  8195
3 2604  8197  11283
3 8195  11283  8197
3 1848  11274  11272
3 2604  11283  11274
3 1852  11272  11283
3 11274  11283  11272
3 394  5620  5618
3 2608  12687  5620
3 2602  5618  12687
3 5620  12687  5618
3 828  8197  8198
3 2604  12688  8197
3 2608  8198  12688
3 8197  12688  8198
3 392  5606  5608
3 2602  12686  5606
3 2604  5608  12686
3 5606  12686  5608
3 2608  12688  12687
3 2604  12686  12688
3 2602  12687  12686
3 12688  12686  12687
3 58  3721  3722
3 1177  9331  3721
3 1178  3722  9331
3 3721  9331  3722
3 529  6404  6401
3 2995  9333  6404
3 1177  6401  9333
3 6404  9333  6401
3 530  6407  6410
3 1178  9335  6407
3 2995  6410  9335
3 6407  9335  6410
3 1177  9333  9331
3 2995  9335  9333
3 1178  9331  9335
3 9333  9335  9331
3 179  4402  4398
3 1858  11290  4402
3 1854  4398  11290
3 4402  11290  4398
3 829  8203  8201
3 2997  11301  8203
3 1858  8201  11301
3 8203  11301  8201
3 529  6402  6406
3 1854  11292  6402
3 2997  6406  11292
3 6402  11292  6406
3 1858  11301  11290
3 2997  11292  11301
3 1854  11290  11292
3 11301  11292  11290
3 181  4410  4414
3 1866  11326  4410
3 1870  4414  11326
3 4410  11326  4414
3 530  6412  6408
3 2999  11328  6412
3 1866  6408  11328
3 6412  11328  6408
3 829  8202  8204
3 1870  11337  8202
3 2999  8204  11337
3 8202  11337  8204
3 1866  11328  11326
3 2999  11337  11328
3 1870  11326  11337
3 11328  11337  11326
3 529  6406  6404
3 2997  13079  6406
3 2995  6404  13079
3 6406  13079  6404
3 829  8204  8203
3 2999  13081  8204
3 2997  8203  13081
3 8204  13081  8203
3 530  6410  6412
3 2995  13080  6410
3 2999  6412  13080
3 6410  13080  6412
3 2997  13081  13079
3 2999  13080  13081
3 2995  13079  13080
3 13081  13080  13079
3 178  4396  4395
3 1852  11280  4396
3 1851  4395  11280
3 4396  11280  4395
3 828  8199  8195
3 3371  11284  8199
3 1852  8195  11284
3 8199  11284  8195
3 827  8189  8193
3 1851  11282  8189
3 3371  8193  11282
3 8189  11282  8193
3 1852  11284  11280
3 3371  11282  11284
3 1851  11280  11282
3 11284  11282  11280
3 181  4414  4413
3 1870  11334  4414
3 1869  4413  11334
3 4414  11334  4413
3 829  8206  8202
3 3373  11338  8206
3 1870  8202  11338
3 8206  11338  8202
3 828  8196  8200
3 1869  11336  8196
3 3373  8200  11336
3 8196  11336  8200
3 1870  11338  11334
3 3373  11336  11338
3 1869  11334  11336
3 11338  11336  11334
3 179  4401  4402
3 1857  11298  4401
3 1858  4402  11298
3 4401  11298  4402
3 827  8194  8190
3 3372  11300  8194
3 1857  8190  11300
3 8194  11300  8190
3 829  8201  8205
3 1858  11302  8201
3 3372  8205  11302
3 8201  11302  8205
3 1857  11300  11298
3 3372  11302  11300
3 1858  11298  11302
3 11300  11302  11298
3 828  8200  8199
3 3373  13452  8200
3 3371  8199  13452
3 8200  13452  8199
3 829  8205  8206
3 3372  13453  8205
3 3373  8206  13453
3 8205  13453  8206
3 827  8193  8194
3 3371  13451  8193
3 3372  8194  13451
3 8193  13451  8194
3 3373  13453  13452
3 3372  13451  13453
3 3371  13452  13451
3 13453  13451  13452