OFF
6090 10880 0
0 0 0.
0.0625 0 0.
0.1875 0 0.
0.3125 0 0.
0.4375 0 0.
0.5625 0 0.
0.6875 0 0.
0.8125 0 0.
0.9375 0 0.
1 0 0.
0 0.0015625 0.
0.125 0.0015625 0.
0.25 0.0015625 0.
0.375 0.0015625 0.
0.5 0.0015625 0.
0.625 0.0015625 0.
0.75 0.0015625 0.
0.875 0.0015625 0.
1 0.0015625 0.
0 0.003125 0.
0.0625 0.003125 0.
0.1875 0.003125 0.
0.3125 0.003125 0.
0.4375 0.003125 0.
0.5625 0.003125 0.
0.6875 0.003125 0.
0.8125 0.003125 0.
0.9375 0.003125 0.
1 0.003125 0.
0 0.0046875 0.
0.125 0.0046875 0.
0.25 0.0046875 0.
0.375 0.0046875 0.
0.5 0.0046875 0.
0.625 0.0046875 0.
0.75 0.0046875 0.
0.875 0.0046875 0.
1 0.0046875 0.
0 0.00625 0.
0.0625 0.00625 0.
0.1875 0.00625 0.
0.3125 0.00625 0.
0.4375 0.00625 0.
0.5625 0.00625 0.
0.6875 0.00625 0.
0.8125 0.00625 0.
0.9375 0.00625 0.
1 0.00625 0.
0 0.0078125 0.
0.125 0.0078125 0.
0.25 0.0078125 0.
0.375 0.0078125 0.
0.5 0.0078125 0.
0.625 0.0078125 0.
0.75 0.0078125 0.
0.875 0.0078125 0.
1 0.0078125 0.
0 0.009375 0.
0.0625 0.009375 0.
0.1875 0.009375 0.
0.3125 0.009375 0.
0.4375 0.009375 0.
0.5625 0.009375 0.
0.6875 0.009375 0.
0.8125 0.009375 0.
0.9375 0.009375 0.
1 0.009375 0.
0 0.0109375 0.
0.125 0.0109375 0.
0.25 0.0109375 0.
0.375 0.0109375 0.
0.5 0.0109375 0.
0.625 0.0109375 0.
0.75 0.0109375 0.
0.875 0.0109375 0.
1 0.0109375 0.
0 0.0125 0.
0.0625 0.0125 0.
0.1875 0.0125 0.
0.3125 0.0125 0.
0.4375 0.0125 0.
0.5625 0.0125 0.
0.6875 0.0125 0.
0.8125 0.0125 0.
0.9375 0.0125 0.
1 0.0125 0.
0 0.0140625 0.
0.125 0.0140625 0.
0.25 0.0140625 0.
0.375 0.0140625 0.
0.5 0.0140625 0.
0.625 0.0140625 0.
0.75 0.0140625 0.
0.875 0.0140625 0.
1 0.0140625 0.
0 0.015625 0.
0.0625 0.015625 0.
0.1875 0.015625 0.
0.3125 0.015625 0.
0.4375 0.015625 0.
0.5625 0.015625 0.
0.6875 0.015625 0.
0.8125 0.015625 0.
0.9375 0.015625 0.
1 0.015625 0.
0 0.0171875 0.
0.125 0.0171875 0.
0.25 0.0171875 0.
0.375 0.0171875 0.
0.5 0.0171875 0.
0.625 0.0171875 0.
0.75 0.0171875 0.
0.875 0.0171875 0.
1 0.0171875 0.
0 0.01875 0.
0.0625 0.01875 0.
0.1875 0.01875 0.
0.3125 0.01875 0.
0.4375 0.01875 0.
0.5625 0.01875 0.
0.6875 0.01875 0.
0.8125 0.01875 0.
0.9375 0.01875 0.
1 0.01875 0.
0 0.0203125 0.
0.125 0.0203125 0.
0.25 0.0203125 0.
0.375 0.0203125 0.
0.5 0.0203125 0.
0.625 0.0203125 0.
0.75 0.0203125 0.
0.875 0.0203125 0.
1 0.0203125 0.
0 0.021875 0.
0.0625 0.021875 0.
0.1875 0.021875 0.
0.3125 0.021875 0.
0.4375 0.021875 0.
0.5625 0.021875 0.
0.6875 0.021875 0.
0.8125 0.021875 0.
0.9375 0.021875 0.
1 0.021875 0.
0 0.0234375 0.
0.125 0.0234375 0.
0.25 0.0234375 0.
0.375 0.0234375 0.
0.5 0.0234375 0.
0.625 0.0234375 0.
0.75 0.0234375 0.
0.875 0.0234375 0.
1 0.0234375 0.
0 0.025 0.
0.0625 0.025 0.
0.1875 0.025 0.
0.3125 0.025 0.
0.4375 0.025 0.
0.5625 0.025 0.
0.6875 0.025 0.
0.8125 0.025 0.
0.9375 0.025 0.
1 0.025 0.
0 0.0265625 0.
0.125 0.0265625 0.
0.25 0.0265625 0.
0.375 0.0265625 0.
0.5 0.0265625 0.
0.625 0.0265625 0.
0.75 0.0265625 0.
0.875 0.0265625 0.
1 0.0265625 0.
0 0.028125 0.
0.0625 0.028125 0.
0.1875 0.028125 0.
0.3125 0.028125 0.
0.4375 0.028125 0.
0.5625 0.028125 0.
0.6875 0.028125 0.
0.8125 0.028125 0.
0.9375 0.028125 0.
1 0.028125 0.
0 0.0296875 0.
0.125 0.0296875 0.
0.25 0.0296875 0.
0.375 0.0296875 0.
0.5 0.0296875 0.
0.625 0.0296875 0.
0.75 0.0296875 0.
0.875 0.0296875 0.
1 0.0296875 0.
0 0.03125 0.
0.0625 0.03125 0.
0.1875 0.03125 0.
0.3125 0.03125 0.
0.4375 0.03125 0.
0.5625 0.03125 0.
0.6875 0.03125 0.
0.8125 0.03125 0.
0.9375 0.03125 0.
1 0.03125 0.
0 0.0328125 0.
0.125 0.0328125 0.
0.25 0.0328125 0.
0.375 0.0328125 0.
0.5 0.0328125 0.
0.625 0.0328125 0.
0.75 0.0328125 0.
0.875 0.0328125 0.
1 0.0328125 0.
0 0.034375 0.
0.0625 0.034375 0.
0.1875 0.034375 0.
0.3125 0.034375 0.
0.4375 0.034375 0.
0.5625 0.034375 0.
0.6875 0.034375 0.
0.8125 0.034375 0.
0.9375 0.034375 0.
1 0.034375 0.
0 0.0359375 0.
0.125 0.0359375 0.
0.25 0.0359375 0.
0.375 0.0359375 0.
0.5 0.0359375 0.
0.625 0.0359375 0.
0.75 0.0359375 0.
0.875 0.0359375 0.
1 0.0359375 0.
0 0.0375 0.
0.0625 0.0375 0.
0.1875 0.0375 0.
0.3125 0.0375 0.
0.4375 0.0375 0.
0.5625 0.0375 0.
0.6875 0.0375 0.
0.8125 0.0375 0.
0.9375 0.0375 0.
1 0.0375 0.
0 0.0390625 0.
0.125 0.0390625 0.
0.25 0.0390625 0.
0.375 0.0390625 0.
0.5 0.0390625 0.
0.625 0.0390625 0.
0.75 0.0390625 0.
0.875 0.0390625 0.
1 0.0390625 0.
0 0.040625 0.
0.0625 0.040625 0.
0.1875 0.040625 0.
0.3125 0.040625 0.
0.4375 0.040625 0.
0.5625 0.040625 0.
0.6875 0.040625 0.
0.8125 0.040625 0.
0.9375 0.040625 0.
1 0.040625 0.
0 0.0421875 0.
0.125 0.0421875 0.
0.25 0.0421875 0.
0.375 0.0421875 0.
0.5 0.0421875 0.
0.625 0.0421875 0.
0.75 0.0421875 0.
0.875 0.0421875 0.
1 0.0421875 0.
0 0.04375 0.
0.0625 0.04375 0.
0.1875 0.04375 0.
0.3125 0.04375 0.
0.4375 0.04375 0.
0.5625 0.04375 0.
0.6875 0.04375 0.
0.8125 0.04375 0.
0.9375 0.04375 0.
1 0.04375 0.
0 0.0453125 0.
0.125 0.0453125 0.
0.25 0.0453125 0.
0.375 0.0453125 0.
0.5 0.0453125 0.
0.625 0.0453125 0.
0.75 0.0453125 0.
0.875 0.0453125 0.
1 0.0453125 0.
0 0.046875 0.
0.0625 0.046875 0.
0.1875 0.046875 0.
0.3125 0.046875 0.
0.4375 0.046875 0.
0.5625 0.046875 0.
0.6875 0.046875 0.
0.8125 0.046875 0.
0.9375 0.046875 0.
1 0.046875 0.
0 0.0484375 0.
0.125 0.0484375 0.
0.25 0.0484375 0.
0.375 0.0484375 0.
0.5 0.0484375 0.
0.625 0.0484375 0.
0.75 0.0484375 0.
0.875 0.0484375 0.
1 0.0484375 0.
0 0.05 0.
0.0625 0.05 0.
0.1875 0.05 0.
0.3125 0.05 0.
0.4375 0.05 0.
0.5625 0.05 0.
0.6875 0.05 0.
0.8125 0.05 0.
0.9375 0.05 0.
1 0.05 0.
0 0.0515625 0.
0.125 0.0515625 0.
0.25 0.0515625 0.
0.375 0.0515625 0.
0.5 0.0515625 0.
0.625 0.0515625 0.
0.75 0.0515625 0.
0.875 0.0515625 0.
1 0.0515625 0.
0 0.053125 0.
0.0625 0.053125 0.
0.1875 0.053125 0.
0.3125 0.053125 0.
0.4375 0.053125 0.
0.5625 0.053125 0.
0.6875 0.053125 0.
0.8125 0.053125 0.
0.9375 0.053125 0.
1 0.053125 0.
0 0.0546875 0.
0.125 0.0546875 0.
0.25 0.0546875 0.
0.375 0.0546875 0.
0.5 0.0546875 0.
0.625 0.0546875 0.
0.75 0.0546875 0.
0.875 0.0546875 0.
1 0.0546875 0.
0 0.05625 0.
0.0625 0.05625 0.
0.1875 0.05625 0.
0.3125 0.05625 0.
0.4375 0.05625 0.
0.5625 0.05625 0.
0.6875 0.05625 0.
0.8125 0.05625 0.
0.9375 0.05625 0.
1 0.05625 0.
0 0.0578125 0.
0.125 0.0578125 0.
0.25 0.0578125 0.
0.375 0.0578125 0.
0.5 0.0578125 0.
0.625 0.0578125 0.
0.75 0.0578125 0.
0.875 0.0578125 0.
1 0.0578125 0.
0 0.059375 0.
0.0625 0.059375 0.
0.1875 0.059375 0.
0.3125 0.059375 0.
0.4375 0.059375 0.
0.5625 0.059375 0.
0.6875 0.059375 0.
0.8125 0.059375 0.
0.9375 0.059375 0.
1 0.059375 0.
0 0.0609375 0.
0.125 0.0609375 0.
0.25 0.0609375 0.
0.375 0.0609375 0.
0.5 0.0609375 0.
0.625 0.0609375 0.
0.75 0.0609375 0.
0.875 0.0609375 0.
1 0.0609375 0.
0 0.0625 0.
0.0625 0.0625 0.
0.1875 0.0625 0.
0.3125 0.0625 0.
0.4375 0.0625 0.
0.5625 0.0625 0.
0.6875 0.0625 0.
0.8125 0.0625 0.
0.9375 0.0625 0.
1 0.0625 0.
0 0.0640625 0.
0.125 0.0640625 0.
0.25 0.0640625 0.
0.375 0.0640625 0.
0.5 0.0640625 0.
0.625 0.0640625 0.
0.75 0.0640625 0.
0.875 0.0640625 0.
1 0.0640625 0.
0 0.065625 0.
0.0625 0.065625 0.
0.1875 0.065625 0.
0.3125 0.065625 0.
0.4375 0.065625 0.
0.5625 0.065625 0.
0.6875 0.065625 0.
0.8125 0.065625 0.
0.9375 0.065625 0.
1 0.065625 0.
0 0.0671875 0.
0.125 0.0671875 0.
0.25 0.0671875 0.
0.375 0.0671875 0.
0.5 0.0671875 0.
0.625 0.0671875 0.
0.75 0.0671875 0.
0.875 0.0671875 0.
1 0.0671875 0.
0 0.06875 0.
0.0625 0.06875 0.
0.1875 0.06875 0.
0.3125 0.06875 0.
0.4375 0.06875 0.
0.5625 0.06875 0.
0.6875 0.06875 0.
0.8125 0.06875 0.
0.9375 0.06875 0.
1 0.06875 0.
0 0.0703125 0.
0.125 0.0703125 0.
0.25 0.0703125 0.
0.375 0.0703125 0.
0.5 0.0703125 0.
0.625 0.0703125 0.
0.75 0.0703125 0.
0.875 0.0703125 0.
1 0.0703125 0.
0 0.071875 0.
0.0625 0.071875 0.
0.1875 0.071875 0.
0.3125 0.071875 0.
0.4375 0.071875 0.
0.5625 0.071875 0.
0.6875 0.071875 0.
0.8125 0.071875 0.
0.9375 0.071875 0.
1 0.071875 0.
0 0.0734375 0.
0.125 0.0734375 0.
0.25 0.0734375 0.
0.375 0.0734375 0.
0.5 0.0734375 0.
0.625 0.0734375 0.
0.75 0.0734375 0.
0.875 0.0734375 0.
1 0.0734375 0.
0 0.075 0.
0.0625 0.075 0.
0.1875 0.075 0.
0.3125 0.075 0.
0.4375 0.075 0.
0.5625 0.075 0.
0.6875 0.075 0.
0.8125 0.075 0.
0.9375 0.075 0.
1 0.075 0.
0 0.0765625 0.
0.125 0.0765625 0.
0.25 0.0765625 0.
0.375 0.0765625 0.
0.5 0.0765625 0.
0.625 0.0765625 0.
0.75 0.0765625 0.
0.875 0.0765625 0.
1 0.0765625 0.
0 0.078125 0.
0.0625 0.078125 0.
0.1875 0.078125 0.
0.3125 0.078125 0.
0.4375 0.078125 0.
0.5625 0.078125 0.
0.6875 0.078125 0.
0.8125 0.078125 0.
0.9375 0.078125 0.
1 0.078125 0.
0 0.0796875 0.
0.125 0.0796875 0.
0.25 0.0796875 0.
0.375 0.0796875 0.
0.5 0.0796875 0.
0.625 0.0796875 0.
0.75 0.0796875 0.
0.875 0.0796875 0.
1 0.0796875 0.
0 0.08125 0.
0.0625 0.08125 0.
0.1875 0.08125 0.
0.3125 0.08125 0.
0.4375 0.08125 0.
0.5625 0.08125 0.
0.6875 0.08125 0.
0.8125 0.08125 0.
0.9375 0.08125 0.
1 0.08125 0.
0 0.0828125 0.
0.125 0.0828125 0.
0.25 0.0828125 0.
0.375 0.0828125 0.
0.5 0.0828125 0.
0.625 0.0828125 0.
0.75 0.0828125 0.
0.875 0.0828125 0.
1 0.0828125 0.
0 0.084375 0.
0.0625 0.084375 0.
0.1875 0.084375 0.
0.3125 0.084375 0.
0.4375 0.084375 0.
0.5625 0.084375 0.
0.6875 0.084375 0.
0.8125 0.084375 0.
0.9375 0.084375 0.
1 0.084375 0.
0 0.0859375 0.
0.125 0.0859375 0.
0.25 0.0859375 0.
0.375 0.0859375 0.
0.5 0.0859375 0.
0.625 0.0859375 0.
0.75 0.0859375 0.
0.875 0.0859375 0.
1 0.0859375 0.
0 0.0875 0.
0.0625 0.0875 0.
0.1875 0.0875 0.
0.3125 0.0875 0.
0.4375 0.0875 0.
0.5625 0.0875 0.
0.6875 0.0875 0.
0.8125 0.0875 0.
0.9375 0.0875 0.
1 0.0875 0.
0 0.0890625 0.
0.125 0.0890625 0.
0.25 0.0890625 0.
0.375 0.0890625 0.
0.5 0.0890625 0.
0.625 0.0890625 0.
0.75 0.0890625 0.
0.875 0.0890625 0.
1 0.0890625 0.
0 0.090625 0.
0.0625 0.090625 0.
0.1875 0.090625 0.
0.3125 0.090625 0.
0.4375 0.090625 0.
0.5625 0.090625 0.
0.6875 0.090625 0.
0.8125 0.090625 0.
0.9375 0.090625 0.
1 0.090625 0.
0 0.0921875 0.
0.125 0.0921875 0.
0.25 0.0921875 0.
0.375 0.0921875 0.
0.5 0.0921875 0.
0.625 0.0921875 0.
0.75 0.0921875 0.
0.875 0.0921875 0.
1 0.0921875 0.
0 0.09375 0.
0.0625 0.09375 0.
0.1875 0.09375 0.
0.3125 0.09375 0.
0.4375 0.09375 0.
0.5625 0.09375 0.
0.6875 0.09375 0.
0.8125 0.09375 0.
0.9375 0.09375 0.
1 0.09375 0.
0 0.0953125 0.
0.125 0.0953125 0.
0.25 0.0953125 0.
0.375 0.0953125 0.
0.5 0.0953125 0.
0.625 0.0953125 0.
0.75 0.0953125 0.
0.875 0.0953125 0.
1 0.0953125 0.
0 0.096875 0.
0.0625 0.096875 0.
0.1875 0.096875 0.
0.3125 0.096875 0.
0.4375 0.096875 0.
0.5625 0.096875 0.
0.6875 0.096875 0.
0.8125 0.096875 0.
0.9375 0.096875 0.
1 0.096875 0.
0 0.0984375 0.
0.125 0.0984375 0.
0.25 0.0984375 0.
0.375 0.0984375 0.
0.5 0.0984375 0.
0.625 0.0984375 0.
0.75 0.0984375 0.
0.875 0.0984375 0.
1 0.0984375 0.
0 0.1 0.
0.0625 0.1 0.
0.1875 0.1 0.
0.3125 0.1 0.
0.4375 0.1 0.
0.5625 0.1 0.
0.6875 0.1 0.
0.8125 0.1 0.
0.9375 0.1 0.
1 0.1 0.
0 0.101562 0.
0.125 0.101562 0.
0.25 0.101562 0.
0.375 0.101562 0.
0.5 0.101562 0.
0.625 0.101562 0.
0.75 0.101562 0.
0.875 0.101562 0.
1 0.101562 0.
0 0.103125 0.
0.0625 0.103125 0.
0.1875 0.103125 0.
0.3125 0.103125 0.
0.4375 0.103125 0.
0.5625 0.103125 0.
0.6875 0.103125 0.
0.8125 0.103125 0.
0.9375 0.103125 0.
1 0.103125 0.
0 0.104688 0.
0.125 0.104688 0.
0.25 0.104688 0.
0.375 0.104688 0.
0.5 0.104688 0.
0.625 0.104688 0.
0.75 0.104688 0.
0.875 0.104688 0.
1 0.104688 0.
0 0.10625 0.
0.0625 0.10625 0.
0.1875 0.10625 0.
0.3125 0.10625 0.
0.4375 0.10625 0.
0.5625 0.10625 0.
0.6875 0.10625 0.
0.8125 0.10625 0.
0.9375 0.10625 0.
1 0.10625 0.
0 0.107813 0.
0.125 0.107813 0.
0.25 0.107813 0.
0.375 0.107813 0.
0.5 0.107813 0.
0.625 0.107813 0.
0.75 0.107813 0.
0.875 0.107813 0.
1 0.107813 0.
0 0.109375 0.
0.0625 0.109375 0.
0.1875 0.109375 0.
0.3125 0.109375 0.
0.4375 0.109375 0.
0.5625 0.109375 0.
0.6875 0.109375 0.
0.8125 0.109375 0.
0.9375 0.109375 0.
1 0.109375 0.
0 0.110937 0.
0.125 0.110937 0.
0.25 0.110937 0.
0.375 0.110937 0.
0.5 0.110937 0.
0.625 0.110937 0.
0.75 0.110937 0.
0.875 0.110937 0.
1 0.110937 0.
0 0.1125 0.
0.0625 0.1125 0.
0.1875 0.1125 0.
0.3125 0.1125 0.
0.4375 0.1125 0.
0.5625 0.1125 0.
0.6875 0.1125 0.
0.8125 0.1125 0.
0.9375 0.1125 0.
1 0.1125 0.
0 0.114062 0.
0.125 0.114062 0.
0.25 0.114062 0.
0.375 0.114062 0.
0.5 0.114062 0.
0.625 0.114062 0.
0.75 0.114062 0.
0.875 0.114062 0.
1 0.114062 0.
0 0.115625 0.
0.0625 0.115625 0.
0.1875 0.115625 0.
0.3125 0.115625 0.
0.4375 0.115625 0.
0.5625 0.115625 0.
0.6875 0.115625 0.
0.8125 0.115625 0.
0.9375 0.115625 0.
1 0.115625 0.
0 0.117188 0.
0.125 0.117188 0.
0.25 0.117188 0.
0.375 0.117188 0.
0.5 0.117188 0.
0.625 0.117188 0.
0.75 0.117188 0.
0.875 0.117188 0.
1 0.117188 0.
0 0.11875 0.
0.0625 0.11875 0.
0.1875 0.11875 0.
0.3125 0.11875 0.
0.4375 0.11875 0.
0.5625 0.11875 0.
0.6875 0.11875 0.
0.8125 0.11875 0.
0.9375 0.11875 0.
1 0.11875 0.
0 0.120313 0.
0.125 0.120313 0.
0.25 0.120313 0.
0.375 0.120313 0.
0.5 0.120313 0.
0.625 0.120313 0.
0.75 0.120313 0.
0.875 0.120313 0.
1 0.120313 0.
0 0.121875 0.
0.0625 0.121875 0.
0.1875 0.121875 0.
0.3125 0.121875 0.
0.4375 0.121875 0.
0.5625 0.121875 0.
0.6875 0.121875 0.
0.8125 0.121875 0.
0.9375 0.121875 0.
1 0.121875 0.
0 0.123438 0.
0.125 0.123438 0.
0.25 0.123438 0.
0.375 0.123438 0.
0.5 0.123438 0.
0.625 0.123438 0.
0.75 0.123438 0.
0.875 0.123438 0.
1 0.123438 0.
0 0.125 0.
0.0625 0.125 0.
0.1875 0.125 0.
0.3125 0.125 0.
0.4375 0.125 0.
0.5625 0.125 0.
0.6875 0.125 0.
0.8125 0.125 0.
0.9375 0.125 0.
1 0.125 0.
0 0.126562 0.
0.125 0.126562 0.
0.25 0.126562 0.
0.375 0.126562 0.
0.5 0.126562 0.
0.625 0.126562 0.
0.75 0.126562 0.
0.875 0.126562 0.
1 0.126562 0.
0 0.128125 0.
0.0625 0.128125 0.
0.1875 0.128125 0.
0.3125 0.128125 0.
0.4375 0.128125 0.
0.5625 0.128125 0.
0.6875 0.128125 0.
0.8125 0.128125 0.
0.9375 0.128125 0.
1 0.128125 0.
0 0.129688 0.
0.125 0.129688 0.
0.25 0.129688 0.
0.375 0.129688 0.
0.5 0.129688 0.
0.625 0.129688 0.
0.75 0.129688 0.
0.875 0.129688 0.
1 0.129688 0.
0 0.13125 0.
0.0625 0.13125 0.
0.1875 0.13125 0.
0.3125 0.13125 0.
0.4375 0.13125 0.
0.5625 0.13125 0.
0.6875 0.13125 0.
0.8125 0.13125 0.
0.9375 0.13125 0.
1 0.13125 0.
0 0.132812 0.
0.125 0.132812 0.
0.25 0.132812 0.
0.375 0.132812 0.
0.5 0.132812 0.
0.625 0.132812 0.
0.75 0.132812 0.
0.875 0.132812 0.
1 0.132812 0.
0 0.134375 0.
0.0625 0.134375 0.
0.1875 0.134375 0.
0.3125 0.134375 0.
0.4375 0.134375 0.
0.5625 0.134375 0.
0.6875 0.134375 0.
0.8125 0.134375 0.
0.9375 0.134375 0.
1 0.134375 0.
0 0.135937 0.
0.125 0.135937 0.
0.25 0.135937 0.
0.375 0.135937 0.
0.5 0.135937 0.
0.625 0.135937 0.
0.75 0.135937 0.
0.875 0.135937 0.
1 0.135937 0.
0 0.1375 0.
0.0625 0.1375 0.
0.1875 0.1375 0.
0.3125 0.1375 0.
0.4375 0.1375 0.
0.5625 0.1375 0.
0.6875 0.1375 0.
0.8125 0.1375 0.
0.9375 0.1375 0.
1 0.1375 0.
0 0.139063 0.
0.125 0.139063 0.
0.25 0.139063 0.
0.375 0.139063 0.
0.5 0.139063 0.
0.625 0.139063 0.
0.75 0.139063 0.
0.875 0.139063 0.
1 0.139063 0.
0 0.140625 0.
0.0625 0.140625 0.
0.1875 0.140625 0.
0.3125 0.140625 0.
0.4375 0.140625 0.
0.5625 0.140625 0.
0.6875 0.140625 0.
0.8125 0.140625 0.
0.9375 0.140625 0.
1 0.140625 0.
0 0.142187 0.
0.125 0.142187 0.
0.25 0.142187 0.
0.375 0.142187 0.
0.5 0.142187 0.
0.625 0.142187 0.
0.75 0.142187 0.
0.875 0.142187 0.
1 0.142187 0.
0 0.14375 0.
0.0625 0.14375 0.
0.1875 0.14375 0.
0.3125 0.14375 0.
0.4375 0.14375 0.
0.5625 0.14375 0.
0.6875 0.14375 0.
0.8125 0.14375 0.
0.9375 0.14375 0.
1 0.14375 0.
0 0.145313 0.
0.125 0.145313 0.
0.25 0.145313 0.
0.375 0.145313 0.
0.5 0.145313 0.
0.625 0.145313 0.
0.75 0.145313 0.
0.875 0.145313 0.
1 0.145313 0.
0 0.146875 0.
0.0625 0.146875 0.
0.1875 0.146875 0.
0.3125 0.146875 0.
0.4375 0.146875 0.
0.5625 0.146875 0.
0.6875 0.146875 0.
0.8125 0.146875 0.
0.9375 0.146875 0.
1 0.146875 0.
0 0.148438 0.
0.125 0.148438 0.
0.25 0.148438 0.
0.375 0.148438 0.
0.5 0.148438 0.
0.625 0.148438 0.
0.75 0.148438 0.
0.875 0.148438 0.
1 0.148438 0.
0 0.15 0.
0.0625 0.15 0.
0.1875 0.15 0.
0.3125 0.15 0.
0.4375 0.15 0.
0.5625 0.15 0.
0.6875 0.15 0.
0.8125 0.15 0.
0.9375 0.15 0.
1 0.15 0.
0 0.151562 0.
0.125 0.151562 0.
0.25 0.151562 0.
0.375 0.151562 0.
0.5 0.151562 0.
0.625 0.151562 0.
0.75 0.151562 0.
0.875 0.151562 0.
1 0.151562 0.
0 0.153125 0.
0.0625 0.153125 0.
0.1875 0.153125 0.
0.3125 0.153125 0.
0.4375 0.153125 0.
0.5625 0.153125 0.
0.6875 0.153125 0.
0.8125 0.153125 0.
0.9375 0.153125 0.
1 0.153125 0.
0 0.154688 0.
0.125 0.154688 0.
0.25 0.154688 0.
0.375 0.154688 0.
0.5 0.154688 0.
0.625 0.154688 0.
0.75 0.154688 0.
0.875 0.154688 0.
1 0.154688 0.
0 0.15625 0.
0.0625 0.15625 0.
0.1875 0.15625 0.
0.3125 0.15625 0.
0.4375 0.15625 0.
0.5625 0.15625 0.
0.6875 0.15625 0.
0.8125 0.15625 0.
0.9375 0.15625 0.
1 0.15625 0.
0 0.157812 0.
0.125 0.157812 0.
0.25 0.157812 0.
0.375 0.157812 0.
0.5 0.157812 0.
0.625 0.157812 0.
0.75 0.157812 0.
0.875 0.157812 0.
1 0.157812 0.
0 0.159375 0.
0.0625 0.159375 0.
0.1875 0.159375 0.
0.3125 0.159375 0.
0.4375 0.159375 0.
0.5625 0.159375 0.
0.6875 0.159375 0.
0.8125 0.159375 0.
0.9375 0.159375 0.
1 0.159375 0.
0 0.160938 0.
0.125 0.160938 0.
0.25 0.160938 0.
0.375 0.160938 0.
0.5 0.160938 0.
0.625 0.160938 0.
0.75 0.160938 0.
0.875 0.160938 0.
1 0.160938 0.
0 0.1625 0.
0.0625 0.1625 0.
0.1875 0.1625 0.
0.3125 0.1625 0.
0.4375 0.1625 0.
0.5625 0.1625 0.
0.6875 0.1625 0.
0.8125 0.1625 0.
0.9375 0.1625 0.
1 0.1625 0.
0 0.164062 0.
0.125 0.164062 0.
0.25 0.164062 0.
0.375 0.164062 0.
0.5 0.164062 0.
0.625 0.164062 0.
0.75 0.164062 0.
0.875 0.164062 0.
1 0.164062 0.
0 0.165625 0.
0.0625 0.165625 0.
0.1875 0.165625 0.
0.3125 0.165625 0.
0.4375 0.165625 0.
0.5625 0.165625 0.
0.6875 0.165625 0.
0.8125 0.165625 0.
0.9375 0.165625 0.
1 0.165625 0.
0 0.167187 0.
0.125 0.167187 0.
0.25 0.167187 0.
0.375 0.167187 0.
0.5 0.167187 0.
0.625 0.167187 0.
0.75 0.167187 0.
0.875 0.167187 0.
1 0.167187 0.
0 0.16875 0.
0.0625 0.16875 0.
0.1875 0.16875 0.
0.3125 0.16875 0.
0.4375 0.16875 0.
0.5625 0.16875 0.
0.6875 0.16875 0.
0.8125 0.16875 0.
0.9375 0.16875 0.
1 0.16875 0.
0 0.170313 0.
0.125 0.170313 0.
0.25 0.170313 0.
0.375 0.170313 0.
0.5 0.170313 0.
0.625 0.170313 0.
0.75 0.170313 0.
0.875 0.170313 0.
1 0.170313 0.
0 0.171875 0.
0.0625 0.171875 0.
0.1875 0.171875 0.
0.3125 0.171875 0.
0.4375 0.171875 0.
0.5625 0.171875 0.
0.6875 0.171875 0.
0.8125 0.171875 0.
0.9375 0.171875 0.
1 0.171875 0.
0 0.173437 0.
0.125 0.173437 0.
0.25 0.173437 0.
0.375 0.173437 0.
0.5 0.173437 0.
0.625 0.173437 0.
0.75 0.173437 0.
0.875 0.173437 0.
1 0.173437 0.
0 0.175 0.
0.0625 0.175 0.
0.1875 0.175 0.
0.3125 0.175 0.
0.4375 0.175 0.
0.5625 0.175 0.
0.6875 0.175 0.
0.8125 0.175 0.
0.9375 0.175 0.
1 0.175 0.
0 0.176563 0.
0.125 0.176563 0.
0.25 0.176563 0.
0.375 0.176563 0.
0.5 0.176563 0.
0.625 0.176563 0.
0.75 0.176563 0.
0.875 0.176563 0.
1 0.176563 0.
0 0.178125 0.
0.0625 0.178125 0.
0.1875 0.178125 0.
0.3125 0.178125 0.
0.4375 0.178125 0.
0.5625 0.178125 0.
0.6875 0.178125 0.
0.8125 0.178125 0.
0.9375 0.178125 0.
1 0.178125 0.
0 0.179688 0.
0.125 0.179688 0.
0.25 0.179688 0.
0.375 0.179688 0.
0.5 0.179688 0.
0.625 0.179688 0.
0.75 0.179688 0.
0.875 0.179688 0.
1 0.179688 0.
0 0.18125 0.
0.0625 0.18125 0.
0.1875 0.18125 0.
0.3125 0.18125 0.
0.4375 0.18125 0.
0.5625 0.18125 0.
0.6875 0.18125 0.
0.8125 0.18125 0.
0.9375 0.18125 0.
1 0.18125 0.
0 0.182812 0.
0.125 0.182812 0.
0.25 0.182812 0.
0.375 0.182812 0.
0.5 0.182812 0.
0.625 0.182812 0.
0.75 0.182812 0.
0.875 0.182812 0.
1 0.182812 0.
0 0.184375 0.
0.0625 0.184375 0.
0.1875 0.184375 0.
0.3125 0.184375 0.
0.4375 0.184375 0.
0.5625 0.184375 0.
0.6875 0.184375 0.
0.8125 0.184375 0.
0.9375 0.184375 0.
1 0.184375 0.
0 0.185938 0.
0.125 0.185938 0.
0.25 0.185938 0.
0.375 0.185938 0.
0.5 0.185938 0.
0.625 0.185938 0.
0.75 0.185938 0.
0.875 0.185938 0.
1 0.185938 0.
0 0.1875 0.
0.0625 0.1875 0.
0.1875 0.1875 0.
0.3125 0.1875 0.
0.4375 0.1875 0.
0.5625 0.1875 0.
0.6875 0.1875 0.
0.8125 0.1875 0.
0.9375 0.1875 0.
1 0.1875 0.
0 0.189062 0.
0.125 0.189062 0.
0.25 0.189062 0.
0.375 0.189062 0.
0.5 0.189062 0.
0.625 0.189062 0.
0.75 0.189062 0.
0.875 0.189062 0.
1 0.189062 0.
0 0.190625 0.
0.0625 0.190625 0.
0.1875 0.190625 0.
0.3125 0.190625 0.
0.4375 0.190625 0.
0.5625 0.190625 0.
0.6875 0.190625 0.
0.8125 0.190625 0.
0.9375 0.190625 0.
1 0.190625 0.
0 0.192188 0.
0.125 0.192188 0.
0.25 0.192188 0.
0.375 0.192188 0.
0.5 0.192188 0.
0.625 0.192188 0.
0.75 0.192188 0.
0.875 0.192188 0.
1 0.192188 0.
0 0.19375 0.
0.0625 0.19375 0.
0.1875 0.19375 0.
0.3125 0.19375 0.
0.4375 0.19375 0.
0.5625 0.19375 0.
0.6875 0.19375 0.
0.8125 0.19375 0.
0.9375 0.19375 0.
1 0.19375 0.
0 0.195312 0.
0.125 0.195312 0.
0.25 0.195312 0.
0.375 0.195312 0.
0.5 0.195312 0.
0.625 0.195312 0.
0.75 0.195312 0.
0.875 0.195312 0.
1 0.195312 0.
0 0.196875 0.
0.0625 0.196875 0.
0.1875 0.196875 0.
0.3125 0.196875 0.
0.4375 0.196875 0.
0.5625 0.196875 0.
0.6875 0.196875 0.
0.8125 0.196875 0.
0.9375 0.196875 0.
1 0.196875 0.
0 0.198437 0.
0.125 0.198437 0.
0.25 0.198437 0.
0.375 0.198437 0.
0.5 0.198437 0.
0.625 0.198437 0.
0.75 0.198437 0.
0.875 0.198437 0.
1 0.198437 0.
0 0.2 0.
0.0625 0.2 0.
0.1875 0.2 0.
0.3125 0.2 0.
0.4375 0.2 0.
0.5625 0.2 0.
0.6875 0.2 0.
0.8125 0.2 0.
0.9375 0.2 0.
1 0.2 0.
0 0.201563 0.
0.125 0.201563 0.
0.25 0.201563 0.
0.375 0.201563 0.
0.5 0.201563 0.
0.625 0.201563 0.
0.75 0.201563 0.
0.875 0.201563 0.
1 0.201563 0.
0 0.203125 0.
0.0625 0.203125 0.
0.1875 0.203125 0.
0.3125 0.203125 0.
0.4375 0.203125 0.
0.5625 0.203125 0.
0.6875 0.203125 0.
0.8125 0.203125 0.
0.9375 0.203125 0.
1 0.203125 0.
0 0.204687 0.
0.125 0.204687 0.
0.25 0.204687 0.
0.375 0.204687 0.
0.5 0.204687 0.
0.625 0.204687 0.
0.75 0.204687 0.
0.875 0.204687 0.
1 0.204687 0.
0 0.20625 0.
0.0625 0.20625 0.
0.1875 0.20625 0.
0.3125 0.20625 0.
0.4375 0.20625 0.
0.5625 0.20625 0.
0.6875 0.20625 0.
0.8125 0.20625 0.
0.9375 0.20625 0.
1 0.20625 0.
0 0.207813 0.
0.125 0.207813 0.
0.25 0.207813 0.
0.375 0.207813 0.
0.5 0.207813 0.
0.625 0.207813 0.
0.75 0.207813 0.
0.875 0.207813 0.
1 0.207813 0.
0 0.209375 0.
0.0625 0.209375 0.
0.1875 0.209375 0.
0.3125 0.209375 0.
0.4375 0.209375 0.
0.5625 0.209375 0.
0.6875 0.209375 0.
0.8125 0.209375 0.
0.9375 0.209375 0.
1 0.209375 0.
0 0.210938 0.
0.125 0.210938 0.
0.25 0.210938 0.
0.375 0.210938 0.
0.5 0.210938 0.
0.625 0.210938 0.
0.75 0.210938 0.
0.875 0.210938 0.
1 0.210938 0.
0 0.2125 0.
0.0625 0.2125 0.
0.1875 0.2125 0.
0.3125 0.2125 0.
0.4375 0.2125 0.
0.5625 0.2125 0.
0.6875 0.2125 0.
0.8125 0.2125 0.
0.9375 0.2125 0.
1 0.2125 0.
0 0.214062 0.
0.125 0.214062 0.
0.25 0.214062 0.
0.375 0.214062 0.
0.5 0.214062 0.
0.625 0.214062 0.
0.75 0.214062 0.
0.875 0.214062 0.
1 0.214062 0.
0 0.215625 0.
0.0625 0.215625 0.
0.1875 0.215625 0.
0.3125 0.215625 0.
0.4375 0.215625 0.
0.5625 0.215625 0.
0.6875 0.215625 0.
0.8125 0.215625 0.
0.9375 0.215625 0.
1 0.215625 0.
0 0.217188 0.
0.125 0.217188 0.
0.25 0.217188 0.
0.375 0.217188 0.
0.5 0.217188 0.
0.625 0.217188 0.
0.75 0.217188 0.
0.875 0.217188 0.
1 0.217188 0.
0 0.21875 0.
0.0625 0.21875 0.
0.1875 0.21875 0.
0.3125 0.21875 0.
0.4375 0.21875 0.
0.5625 0.21875 0.
0.6875 0.21875 0.
0.8125 0.21875 0.
0.9375 0.21875 0.
1 0.21875 0.
0 0.220312 0.
0.125 0.220312 0.
0.25 0.220312 0.
0.375 0.220312 0.
0.5 0.220312 0.
0.625 0.220312 0.
0.75 0.220312 0.
0.875 0.220312 0.
1 0.220312 0.
0 0.221875 0.
0.0625 0.221875 0.
0.1875 0.221875 0.
0.3125 0.221875 0.
0.4375 0.221875 0.
0.5625 0.221875 0.
0.6875 0.221875 0.
0.8125 0.221875 0.
0.9375 0.221875 0.
1 0.221875 0.
0 0.223438 0.
0.125 0.223438 0.
0.25 0.223438 0.
0.375 0.223438 0.
0.5 0.223438 0.
0.625 0.223438 0.
0.75 0.223438 0.
0.875 0.223438 0.
1 0.223438 0.
0 0.225 0.
0.0625 0.225 0.
0.1875 0.225 0.
0.3125 0.225 0.
0.4375 0.225 0.
0.5625 0.225 0.
0.6875 0.225 0.
0.8125 0.225 0.
0.9375 0.225 0.
1 0.225 0.
0 0.226562 0.
0.125 0.226562 0.
0.25 0.226562 0.
0.375 0.226562 0.
0.5 0.226562 0.
0.625 0.226562 0.
0.75 0.226562 0.
0.875 0.226562 0.
1 0.226562 0.
0 0.228125 0.
0.0625 0.228125 0.
0.1875 0.228125 0.
0.3125 0.228125 0.
0.4375 0.228125 0.
0.5625 0.228125 0.
0.6875 0.228125 0.
0.8125 0.228125 0.
0.9375 0.228125 0.
1 0.228125 0.
0 0.229687 0.
0.125 0.229687 0.
0.25 0.229687 0.
0.375 0.229687 0.
0.5 0.229687 0.
0.625 0.229687 0.
0.75 0.229687 0.
0.875 0.229687 0.
1 0.229687 0.
0 0.23125 0.
0.0625 0.23125 0.
0.1875 0.23125 0.
0.3125 0.23125 0.
0.4375 0.23125 0.
0.5625 0.23125 0.
0.6875 0.23125 0.
0.8125 0.23125 0.
0.9375 0.23125 0.
1 0.23125 0.
0 0.232813 0.
0.125 0.232813 0.
0.25 0.232813 0.
0.375 0.232813 0.
0.5 0.232813 0.
0.625 0.232813 0.
0.75 0.232813 0.
0.875 0.232813 0.
1 0.232813 0.
0 0.234375 0.
0.0625 0.234375 0.
0.1875 0.234375 0.
0.3125 0.234375 0.
0.4375 0.234375 0.
0.5625 0.234375 0.
0.6875 0.234375 0.
0.8125 0.234375 0.
0.9375 0.234375 0.
1 0.234375 0.
0 0.235937 0.
0.125 0.235937 0.
0.25 0.235937 0.
0.375 0.235937 0.
0.5 0.235937 0.
0.625 0.235937 0.
0.75 0.235937 0.
0.875 0.235937 0.
1 0.235937 0.
0 0.2375 0.
0.0625 0.2375 0.
0.1875 0.2375 0.
0.3125 0.2375 0.
0.4375 0.2375 0.
0.5625 0.2375 0.
0.6875 0.2375 0.
0.8125 0.2375 0.
0.9375 0.2375 0.
1 0.2375 0.
0 0.239063 0.
0.125 0.239063 0.
0.25 0.239063 0.
0.375 0.239063 0.
0.5 0.239063 0.
0.625 0.239063 0.
0.75 0.239063 0.
0.875 0.239063 0.
1 0.239063 0.
0 0.240625 0.
0.0625 0.240625 0.
0.1875 0.240625 0.
0.3125 0.240625 0.
0.4375 0.240625 0.
0.5625 0.240625 0.
0.6875 0.240625 0.
0.8125 0.240625 0.
0.9375 0.240625 0.
1 0.240625 0.
0 0.242188 0.
0.125 0.242188 0.
0.25 0.242188 0.
0.375 0.242188 0.
0.5 0.242188 0.
0.625 0.242188 0.
0.75 0.242188 0.
0.875 0.242188 0.
1 0.242188 0.
0 0.24375 0.
0.0625 0.24375 0.
0.1875 0.24375 0.
0.3125 0.24375 0.
0.4375 0.24375 0.
0.5625 0.24375 0.
0.6875 0.24375 0.
0.8125 0.24375 0.
0.9375 0.24375 0.
1 0.24375 0.
0 0.245312 0.
0.125 0.245312 0.
0.25 0.245312 0.
0.375 0.245312 0.
0.5 0.245312 0.
0.625 0.245312 0.
0.75 0.245312 0.
0.875 0.245312 0.
1 0.245312 0.
0 0.246875 0.
0.0625 0.246875 0.
0.1875 0.246875 0.
0.3125 0.246875 0.
0.4375 0.246875 0.
0.5625 0.246875 0.
0.6875 0.246875 0.
0.8125 0.246875 0.
0.9375 0.246875 0.
1 0.246875 0.
0 0.248438 0.
0.125 0.248438 0.
0.25 0.248438 0.
0.375 0.248438 0.
0.5 0.248438 0.
0.625 0.248438 0.
0.75 0.248438 0.
0.875 0.248438 0.
1 0.248438 0.
0 0.25 0.
0.0625 0.25 0.
0.1875 0.25 0.
0.3125 0.25 0.
0.4375 0.25 0.
0.5625 0.25 0.
0.6875 0.25 0.
0.8125 0.25 0.
0.9375 0.25 0.
1 0.25 0.
0 0.251563 0.
0.125 0.251563 0.
0.25 0.251563 0.
0.375 0.251563 0.
0.5 0.251563 0.
0.625 0.251563 0.
0.75 0.251563 0.
0.875 0.251563 0.
1 0.251563 0.
0 0.253125 0.
0.0625 0.253125 0.
0.1875 0.253125 0.
0.3125 0.253125 0.
0.4375 0.253125 0.
0.5625 0.253125 0.
0.6875 0.253125 0.
0.8125 0.253125 0.
0.9375 0.253125 0.
1 0.253125 0.
0 0.254688 0.
0.125 0.254688 0.
0.25 0.254688 0.
0.375 0.254688 0.
0.5 0.254688 0.
0.625 0.254688 0.
0.75 0.254688 0.
0.875 0.254688 0.
1 0.254688 0.
0 0.25625 0.
0.0625 0.25625 0.
0.1875 0.25625 0.
0.3125 0.25625 0.
0.4375 0.25625 0.
0.5625 0.25625 0.
0.6875 0.25625 0.
0.8125 0.25625 0.
0.9375 0.25625 0.
1 0.25625 0.
0 0.257812 0.
0.125 0.257812 0.
0.25 0.257812 0.
0.375 0.257812 0.
0.5 0.257812 0.
0.625 0.257812 0.
0.75 0.257812 0.
0.875 0.257812 0.
1 0.257812 0.
0 0.259375 0.
0.0625 0.259375 0.
0.1875 0.259375 0.
0.3125 0.259375 0.
0.4375 0.259375 0.
0.5625 0.259375 0.
0.6875 0.259375 0.
0.8125 0.259375 0.
0.9375 0.259375 0.
1 0.259375 0.
0 0.260937 0.
0.125 0.260937 0.
0.25 0.260937 0.
0.375 0.260937 0.
0.5 0.260937 0.
0.625 0.260937 0.
0.75 0.260937 0.
0.875 0.260937 0.
1 0.260937 0.
0 0.2625 0.
0.0625 0.2625 0.
0.1875 0.2625 0.
0.3125 0.2625 0.
0.4375 0.2625 0.
0.5625 0.2625 0.
0.6875 0.2625 0.
0.8125 0.2625 0.
0.9375 0.2625 0.
1 0.2625 0.
0 0.264062 0.
0.125 0.264062 0.
0.25 0.264062 0.
0.375 0.264062 0.
0.5 0.264062 0.
0.625 0.264062 0.
0.75 0.264062 0.
0.875 0.264062 0.
1 0.264062 0.
0 0.265625 0.
0.0625 0.265625 0.
0.1875 0.265625 0.
0.3125 0.265625 0.
0.4375 0.265625 0.
0.5625 0.265625 0.
0.6875 0.265625 0.
0.8125 0.265625 0.
0.9375 0.265625 0.
1 0.265625 0.
0 0.267188 0.
0.125 0.267188 0.
0.25 0.267188 0.
0.375 0.267188 0.
0.5 0.267188 0.
0.625 0.267188 0.
0.75 0.267188 0.
0.875 0.267188 0.
1 0.267188 0.
0 0.26875 0.
0.0625 0.26875 0.
0.1875 0.26875 0.
0.3125 0.26875 0.
0.4375 0.26875 0.
0.5625 0.26875 0.
0.6875 0.26875 0.
0.8125 0.26875 0.
0.9375 0.26875 0.
1 0.26875 0.
0 0.270313 0.
0.125 0.270313 0.
0.25 0.270313 0.
0.375 0.270313 0.
0.5 0.270313 0.
0.625 0.270313 0.
0.75 0.270313 0.
0.875 0.270313 0.
1 0.270313 0.
0 0.271875 0.
0.0625 0.271875 0.
0.1875 0.271875 0.
0.3125 0.271875 0.
0.4375 0.271875 0.
0.5625 0.271875 0.
0.6875 0.271875 0.
0.8125 0.271875 0.
0.9375 0.271875 0.
1 0.271875 0.
0 0.273438 0.
0.125 0.273438 0.
0.25 0.273438 0.
0.375 0.273438 0.
0.5 0.273438 0.
0.625 0.273438 0.
0.75 0.273438 0.
0.875 0.273438 0.
1 0.273438 0.
0 0.275 0.
0.0625 0.275 0.
0.1875 0.275 0.
0.3125 0.275 0.
0.4375 0.275 0.
0.5625 0.275 0.
0.6875 0.275 0.
0.8125 0.275 0.
0.9375 0.275 0.
1 0.275 0.
0 0.276562 0.
0.125 0.276562 0.
0.25 0.276562 0.
0.375 0.276562 0.
0.5 0.276562 0.
0.625 0.276562 0.
0.75 0.276562 0.
0.875 0.276562 0.
1 0.276562 0.
0 0.278125 0.
0.0625 0.278125 0.
0.1875 0.278125 0.
0.3125 0.278125 0.
0.4375 0.278125 0.
0.5625 0.278125 0.
0.6875 0.278125 0.
0.8125 0.278125 0.
0.9375 0.278125 0.
1 0.278125 0.
0 0.279687 0.
0.125 0.279687 0.
0.25 0.279687 0.
0.375 0.279687 0.
0.5 0.279687 0.
0.625 0.279687 0.
0.75 0.279687 0.
0.875 0.279687 0.
1 0.279687 0.
0 0.28125 0.
0.0625 0.28125 0.
0.1875 0.28125 0.
0.3125 0.28125 0.
0.4375 0.28125 0.
0.5625 0.28125 0.
0.6875 0.28125 0.
0.8125 0.28125 0.
0.9375 0.28125 0.
1 0.28125 0.
0 0.282813 0.
0.125 0.282813 0.
0.25 0.282813 0.
0.375 0.282813 0.
0.5 0.282813 0.
0.625 0.282813 0.
0.75 0.282813 0.
0.875 0.282813 0.
1 0.282813 0.
0 0.284375 0.
0.0625 0.284375 0.
0.1875 0.284375 0.
0.3125 0.284375 0.
0.4375 0.284375 0.
0.5625 0.284375 0.
0.6875 0.284375 0.
0.8125 0.284375 0.
0.9375 0.284375 0.
1 0.284375 0.
0 0.285938 0.
0.125 0.285938 0.
0.25 0.285938 0.
0.375 0.285938 0.
0.5 0.285938 0.
0.625 0.285938 0.
0.75 0.285938 0.
0.875 0.285938 0.
1 0.285938 0.
0 0.2875 0.
0.0625 0.2875 0.
0.1875 0.2875 0.
0.3125 0.2875 0.
0.4375 0.2875 0.
0.5625 0.2875 0.
0.6875 0.2875 0.
0.8125 0.2875 0.
0.9375 0.2875 0.
1 0.2875 0.
0 0.289062 0.
0.125 0.289062 0.
0.25 0.289062 0.
0.375 0.289062 0.
0.5 0.289062 0.
0.625 0.289062 0.
0.75 0.289062 0.
0.875 0.289062 0.
1 0.289062 0.
0 0.290625 0.
0.0625 0.290625 0.
0.1875 0.290625 0.
0.3125 0.290625 0.
0.4375 0.290625 0.
0.5625 0.290625 0.
0.6875 0.290625 0.
0.8125 0.290625 0.
0.9375 0.290625 0.
1 0.290625 0.
0 0.292187 0.
0.125 0.292187 0.
0.25 0.292187 0.
0.375 0.292187 0.
0.5 0.292187 0.
0.625 0.292187 0.
0.75 0.292187 0.
0.875 0.292187 0.
1 0.292187 0.
0 0.29375 0.
0.0625 0.29375 0.
0.1875 0.29375 0.
0.3125 0.29375 0.
0.4375 0.29375 0.
0.5625 0.29375 0.
0.6875 0.29375 0.
0.8125 0.29375 0.
0.9375 0.29375 0.
1 0.29375 0.
0 0.295312 0.
0.125 0.295312 0.
0.25 0.295312 0.
0.375 0.295312 0.
0.5 0.295312 0.
0.625 0.295312 0.
0.75 0.295312 0.
0.875 0.295312 0.
1 0.295312 0.
0 0.296875 0.
0.0625 0.296875 0.
0.1875 0.296875 0.
0.3125 0.296875 0.
0.4375 0.296875 0.
0.5625 0.296875 0.
0.6875 0.296875 0.
0.8125 0.296875 0.
0.9375 0.296875 0.
1 0.296875 0.
0 0.298438 0.
0.125 0.298438 0.
0.25 0.298438 0.
0.375 0.298438 0.
0.5 0.298438 0.
0.625 0.298438 0.
0.75 0.298438 0.
0.875 0.298438 0.
1 0.298438 0.
0 0.3 0.
0.0625 0.3 0.
0.1875 0.3 0.
0.3125 0.3 0.
0.4375 0.3 0.
0.5625 0.3 0.
0.6875 0.3 0.
0.8125 0.3 0.
0.9375 0.3 0.
1 0.3 0.
0 0.301563 0.
0.125 0.301563 0.
0.25 0.301563 0.
0.375 0.301563 0.
0.5 0.301563 0.
0.625 0.301563 0.
0.75 0.301563 0.
0.875 0.301563 0.
1 0.301563 0.
0 0.303125 0.
0.0625 0.303125 0.
0.1875 0.303125 0.
0.3125 0.303125 0.
0.4375 0.303125 0.
0.5625 0.303125 0.
0.6875 0.303125 0.
0.8125 0.303125 0.
0.9375 0.303125 0.
1 0.303125 0.
0 0.304688 0.
0.125 0.304688 0.
0.25 0.304688 0.
0.375 0.304688 0.
0.5 0.304688 0.
0.625 0.304688 0.
0.75 0.304688 0.
0.875 0.304688 0.
1 0.304688 0.
0 0.30625 0.
0.0625 0.30625 0.
0.1875 0.30625 0.
0.3125 0.30625 0.
0.4375 0.30625 0.
0.5625 0.30625 0.
0.6875 0.30625 0.
0.8125 0.30625 0.
0.9375 0.30625 0.
1 0.30625 0.
0 0.307812 0.
0.125 0.307812 0.
0.25 0.307812 0.
0.375 0.307812 0.
0.5 0.307812 0.
0.625 0.307812 0.
0.75 0.307812 0.
0.875 0.307812 0.
1 0.307812 0.
0 0.309375 0.
0.0625 0.309375 0.
0.1875 0.309375 0.
0.3125 0.309375 0.
0.4375 0.309375 0.
0.5625 0.309375 0.
0.6875 0.309375 0.
0.8125 0.309375 0.
0.9375 0.309375 0.
1 0.309375 0.
0 0.310937 0.
0.125 0.310937 0.
0.25 0.310937 0.
0.375 0.310937 0.
0.5 0.310937 0.
0.625 0.310937 0.
0.75 0.310937 0.
0.875 0.310937 0.
1 0.310937 0.
0 0.3125 0.
0.0625 0.3125 0.
0.1875 0.3125 0.
0.3125 0.3125 0.
0.4375 0.3125 0.
0.5625 0.3125 0.
0.6875 0.3125 0.
0.8125 0.3125 0.
0.9375 0.3125 0.
1 0.3125 0.
0 0.314063 0.
0.125 0.314063 0.
0.25 0.314063 0.
0.375 0.314063 0.
0.5 0.314063 0.
0.625 0.314063 0.
0.75 0.314063 0.
0.875 0.314063 0.
1 0.314063 0.
0 0.315625 0.
0.0625 0.315625 0.
0.1875 0.315625 0.
0.3125 0.315625 0.
0.4375 0.315625 0.
0.5625 0.315625 0.
0.6875 0.315625 0.
0.8125 0.315625 0.
0.9375 0.315625 0.
1 0.315625 0.
0 0.317188 0.
0.125 0.317188 0.
0.25 0.317188 0.
0.375 0.317188 0.
0.5 0.317188 0.
0.625 0.317188 0.
0.75 0.317188 0.
0.875 0.317188 0.
1 0.317188 0.
0 0.31875 0.
0.0625 0.31875 0.
0.1875 0.31875 0.
0.3125 0.31875 0.
0.4375 0.31875 0.
0.5625 0.31875 0.
0.6875 0.31875 0.
0.8125 0.31875 0.
0.9375 0.31875 0.
1 0.31875 0.
0 0.320312 0.
0.125 0.320312 0.
0.25 0.320312 0.
0.375 0.320312 0.
0.5 0.320312 0.
0.625 0.320312 0.
0.75 0.320312 0.
0.875 0.320312 0.
1 0.320312 0.
0 0.321875 0.
0.0625 0.321875 0.
0.1875 0.321875 0.
0.3125 0.321875 0.
0.4375 0.321875 0.
0.5625 0.321875 0.
0.6875 0.321875 0.
0.8125 0.321875 0.
0.9375 0.321875 0.
1 0.321875 0.
0 0.323437 0.
0.125 0.323437 0.
0.25 0.323437 0.
0.375 0.323437 0.
0.5 0.323437 0.
0.625 0.323437 0.
0.75 0.323437 0.
0.875 0.323437 0.
1 0.323437 0.
0 0.325 0.
0.0625 0.325 0.
0.1875 0.325 0.
0.3125 0.325 0.
0.4375 0.325 0.
0.5625 0.325 0.
0.6875 0.325 0.
0.8125 0.325 0.
0.9375 0.325 0.
1 0.325 0.
0 0.326562 0.
0.125 0.326562 0.
0.25 0.326562 0.
0.375 0.326562 0.
0.5 0.326562 0.
0.625 0.326562 0.
0.75 0.326562 0.
0.875 0.326562 0.
1 0.326562 0.
0 0.328125 0.
0.0625 0.328125 0.
0.1875 0.328125 0.
0.3125 0.328125 0.
0.4375 0.328125 0.
0.5625 0.328125 0.
0.6875 0.328125 0.
0.8125 0.328125 0.
0.9375 0.328125 0.
1 0.328125 0.
0 0.329688 0.
0.125 0.329688 0.
0.25 0.329688 0.
0.375 0.329688 0.
0.5 0.329688 0.
0.625 0.329688 0.
0.75 0.329688 0.
0.875 0.329688 0.
1 0.329688 0.
0 0.33125 0.
0.0625 0.33125 0.
0.1875 0.33125 0.
0.3125 0.33125 0.
0.4375 0.33125 0.
0.5625 0.33125 0.
0.6875 0.33125 0.
0.8125 0.33125 0.
0.9375 0.33125 0.
1 0.33125 0.
0 0.332813 0.
0.125 0.332813 0.
0.25 0.332813 0.
0.375 0.332813 0.
0.5 0.332813 0.
0.625 0.332813 0.
0.75 0.332813 0.
0.875 0.332813 0.
1 0.332813 0.
0 0.334375 0.
0.0625 0.334375 0.
0.1875 0.334375 0.
0.3125 0.334375 0.
0.4375 0.334375 0.
0.5625 0.334375 0.
0.6875 0.334375 0.
0.8125 0.334375 0.
0.9375 0.334375 0.
1 0.334375 0.
0 0.335938 0.
0.125 0.335938 0.
0.25 0.335938 0.
0.375 0.335938 0.
0.5 0.335938 0.
0.625 0.335938 0.
0.75 0.335938 0.
0.875 0.335938 0.
1 0.335938 0.
0 0.3375 0.
0.0625 0.3375 0.
0.1875 0.3375 0.
0.3125 0.3375 0.
0.4375 0.3375 0.
0.5625 0.3375 0.
0.6875 0.3375 0.
0.8125 0.3375 0.
0.9375 0.3375 0.
1 0.3375 0.
0 0.339062 0.
0.125 0.339062 0.
0.25 0.339062 0.
0.375 0.339062 0.
0.5 0.339062 0.
0.625 0.339062 0.
0.75 0.339062 0.
0.875 0.339062 0.
1 0.339062 0.
0 0.340625 0.
0.0625 0.340625 0.
0.1875 0.340625 0.
0.3125 0.340625 0.
0.4375 0.340625 0.
0.5625 0.340625 0.
0.6875 0.340625 0.
0.8125 0.340625 0.
0.9375 0.340625 0.
1 0.340625 0.
0 0.342187 0.
0.125 0.342187 0.
0.25 0.342187 0.
0.375 0.342187 0.
0.5 0.342187 0.
0.625 0.342187 0.
0.75 0.342187 0.
0.875 0.342187 0.
1 0.342187 0.
0 0.34375 0.
0.0625 0.34375 0.
0.1875 0.34375 0.
0.3125 0.34375 0.
0.4375 0.34375 0.
0.5625 0.34375 0.
0.6875 0.34375 0.
0.8125 0.34375 0.
0.9375 0.34375 0.
1 0.34375 0.
0 0.345313 0.
0.125 0.345313 0.
0.25 0.345313 0.
0.375 0.345313 0.
0.5 0.345313 0.
0.625 0.345313 0.
0.75 0.345313 0.
0.875 0.345313 0.
1 0.345313 0.
0 0.346875 0.
0.0625 0.346875 0.
0.1875 0.346875 0.
0.3125 0.346875 0.
0.4375 0.346875 0.
0.5625 0.346875 0.
0.6875 0.346875 0.
0.8125 0.346875 0.
0.9375 0.346875 0.
1 0.346875 0.
0 0.348438 0.
0.125 0.348438 0.
0.25 0.348438 0.
0.375 0.348438 0.
0.5 0.348438 0.
0.625 0.348438 0.
0.75 0.348438 0.
0.875 0.348438 0.
1 0.348438 0.
0 0.35 0.
0.0625 0.35 0.
0.1875 0.35 0.
0.3125 0.35 0.
0.4375 0.35 0.
0.5625 0.35 0.
0.6875 0.35 0.
0.8125 0.35 0.
0.9375 0.35 0.
1 0.35 0.
0 0.351562 0.
0.125 0.351562 0.
0.25 0.351562 0.
0.375 0.351562 0.
0.5 0.351562 0.
0.625 0.351562 0.
0.75 0.351562 0.
0.875 0.351562 0.
1 0.351562 0.
0 0.353125 0.
0.0625 0.353125 0.
0.1875 0.353125 0.
0.3125 0.353125 0.
0.4375 0.353125 0.
0.5625 0.353125 0.
0.6875 0.353125 0.
0.8125 0.353125 0.
0.9375 0.353125 0.
1 0.353125 0.
0 0.354687 0.
0.125 0.354687 0.
0.25 0.354687 0.
0.375 0.354687 0.
0.5 0.354687 0.
0.625 0.354687 0.
0.75 0.354687 0.
0.875 0.354687 0.
1 0.354687 0.
0 0.35625 0.
0.0625 0.35625 0.
0.1875 0.35625 0.
0.3125 0.35625 0.
0.4375 0.35625 0.
0.5625 0.35625 0.
0.6875 0.35625 0.
0.8125 0.35625 0.
0.9375 0.35625 0.
1 0.35625 0.
0 0.357812 0.
0.125 0.357812 0.
0.25 0.357812 0.
0.375 0.357812 0.
0.5 0.357812 0.
0.625 0.357812 0.
0.75 0.357812 0.
0.875 0.357812 0.
1 0.357812 0.
0 0.359375 0.
0.0625 0.359375 0.
0.1875 0.359375 0.
0.3125 0.359375 0.
0.4375 0.359375 0.
0.5625 0.359375 0.
0.6875 0.359375 0.
0.8125 0.359375 0.
0.9375 0.359375 0.
1 0.359375 0.
0 0.360938 0.
0.125 0.360938 0.
0.25 0.360938 0.
0.375 0.360938 0.
0.5 0.360938 0.
0.625 0.360938 0.
0.75 0.360938 0.
0.875 0.360938 0.
1 0.360938 0.
0 0.3625 0.
0.0625 0.3625 0.
0.1875 0.3625 0.
0.3125 0.3625 0.
0.4375 0.3625 0.
0.5625 0.3625 0.
0.6875 0.3625 0.
0.8125 0.3625 0.
0.9375 0.3625 0.
1 0.3625 0.
0 0.364063 0.
0.125 0.364063 0.
0.25 0.364063 0.
0.375 0.364063 0.
0.5 0.364063 0.
0.625 0.364063 0.
0.75 0.364063 0.
0.875 0.364063 0.
1 0.364063 0.
0 0.365625 0.
0.0625 0.365625 0.
0.1875 0.365625 0.
0.3125 0.365625 0.
0.4375 0.365625 0.
0.5625 0.365625 0.
0.6875 0.365625 0.
0.8125 0.365625 0.
0.9375 0.365625 0.
1 0.365625 0.
0 0.367188 0.
0.125 0.367188 0.
0.25 0.367188 0.
0.375 0.367188 0.
0.5 0.367188 0.
0.625 0.367188 0.
0.75 0.367188 0.
0.875 0.367188 0.
1 0.367188 0.
0 0.36875 0.
0.0625 0.36875 0.
0.1875 0.36875 0.
0.3125 0.36875 0.
0.4375 0.36875 0.
0.5625 0.36875 0.
0.6875 0.36875 0.
0.8125 0.36875 0.
0.9375 0.36875 0.
1 0.36875 0.
0 0.370312 0.
0.125 0.370312 0.
0.25 0.370312 0.
0.375 0.370312 0.
0.5 0.370312 0.
0.625 0.370312 0.
0.75 0.370312 0.
0.875 0.370312 0.
1 0.370312 0.
0 0.371875 0.
0.0625 0.371875 0.
0.1875 0.371875 0.
0.3125 0.371875 0.
0.4375 0.371875 0.
0.5625 0.371875 0.
0.6875 0.371875 0.
0.8125 0.371875 0.
0.9375 0.371875 0.
1 0.371875 0.
0 0.373437 0.
0.125 0.373437 0.
0.25 0.373437 0.
0.375 0.373437 0.
0.5 0.373437 0.
0.625 0.373437 0.
0.75 0.373437 0.
0.875 0.373437 0.
1 0.373437 0.
0 0.375 0.
0.0625 0.375 0.
0.1875 0.375 0.
0.3125 0.375 0.
0.4375 0.375 0.
0.5625 0.375 0.
0.6875 0.375 0.
0.8125 0.375 0.
0.9375 0.375 0.
1 0.375 0.
0 0.376563 0.
0.125 0.376563 0.
0.25 0.376563 0.
0.375 0.376563 0.
0.5 0.376563 0.
0.625 0.376563 0.
0.75 0.376563 0.
0.875 0.376563 0.
1 0.376563 0.
0 0.378125 0.
0.0625 0.378125 0.
0.1875 0.378125 0.
0.3125 0.378125 0.
0.4375 0.378125 0.
0.5625 0.378125 0.
0.6875 0.378125 0.
0.8125 0.378125 0.
0.9375 0.378125 0.
1 0.378125 0.
0 0.379688 0.
0.125 0.379688 0.
0.25 0.379688 0.
0.375 0.379688 0.
0.5 0.379688 0.
0.625 0.379688 0.
0.75 0.379688 0.
0.875 0.379688 0.
1 0.379688 0.
0 0.38125 0.
0.0625 0.38125 0.
0.1875 0.38125 0.
0.3125 0.38125 0.
0.4375 0.38125 0.
0.5625 0.38125 0.
0.6875 0.38125 0.
0.8125 0.38125 0.
0.9375 0.38125 0.
1 0.38125 0.
0 0.382812 0.
0.125 0.382812 0.
0.25 0.382812 0.
0.375 0.382812 0.
0.5 0.382812 0.
0.625 0.382812 0.
0.75 0.382812 0.
0.875 0.382812 0.
1 0.382812 0.
0 0.384375 0.
0.0625 0.384375 0.
0.1875 0.384375 0.
0.3125 0.384375 0.
0.4375 0.384375 0.
0.5625 0.384375 0.
0.6875 0.384375 0.
0.8125 0.384375 0.
0.9375 0.384375 0.
1 0.384375 0.
0 0.385937 0.
0.125 0.385937 0.
0.25 0.385937 0.
0.375 0.385937 0.
0.5 0.385937 0.
0.625 0.385937 0.
0.75 0.385937 0.
0.875 0.385937 0.
1 0.385937 0.
0 0.3875 0.
0.0625 0.3875 0.
0.1875 0.3875 0.
0.3125 0.3875 0.
0.4375 0.3875 0.
0.5625 0.3875 0.
0.6875 0.3875 0.
0.8125 0.3875 0.
0.9375 0.3875 0.
1 0.3875 0.
0 0.389062 0.
0.125 0.389062 0.
0.25 0.389062 0.
0.375 0.389062 0.
0.5 0.389062 0.
0.625 0.389062 0.
0.75 0.389062 0.
0.875 0.389062 0.
1 0.389062 0.
0 0.390625 0.
0.0625 0.390625 0.
0.1875 0.390625 0.
0.3125 0.390625 0.
0.4375 0.390625 0.
0.5625 0.390625 0.
0.6875 0.390625 0.
0.8125 0.390625 0.
0.9375 0.390625 0.
1 0.390625 0.
0 0.392188 0.
0.125 0.392188 0.
0.25 0.392188 0.
0.375 0.392188 0.
0.5 0.392188 0.
0.625 0.392188 0.
0.75 0.392188 0.
0.875 0.392188 0.
1 0.392188 0.
0 0.39375 0.
0.0625 0.39375 0.
0.1875 0.39375 0.
0.3125 0.39375 0.
0.4375 0.39375 0.
0.5625 0.39375 0.
0.6875 0.39375 0.
0.8125 0.39375 0.
0.9375 0.39375 0.
1 0.39375 0.
0 0.395313 0.
0.125 0.395313 0.
0.25 0.395313 0.
0.375 0.395313 0.
0.5 0.395313 0.
0.625 0.395313 0.
0.75 0.395313 0.
0.875 0.395313 0.
1 0.395313 0.
0 0.396875 0.
0.0625 0.396875 0.
0.1875 0.396875 0.
0.3125 0.396875 0.
0.4375 0.396875 0.
0.5625 0.396875 0.
0.6875 0.396875 0.
0.8125 0.396875 0.
0.9375 0.396875 0.
1 0.396875 0.
0 0.398438 0.
0.125 0.398438 0.
0.25 0.398438 0.
0.375 0.398438 0.
0.5 0.398438 0.
0.625 0.398438 0.
0.75 0.398438 0.
0.875 0.398438 0.
1 0.398438 0.
0 0.4 0.
0.0625 0.4 0.
0.1875 0.4 0.
0.3125 0.4 0.
0.4375 0.4 0.
0.5625 0.4 0.
0.6875 0.4 0.
0.8125 0.4 0.
0.9375 0.4 0.
1 0.4 0.
0 0.401562 0.
0.125 0.401562 0.
0.25 0.401562 0.
0.375 0.401562 0.
0.5 0.401562 0.
0.625 0.401562 0.
0.75 0.401562 0.
0.875 0.401562 0.
1 0.401562 0.
0 0.403125 0.
0.0625 0.403125 0.
0.1875 0.403125 0.
0.3125 0.403125 0.
0.4375 0.403125 0.
0.5625 0.403125 0.
0.6875 0.403125 0.
0.8125 0.403125 0.
0.9375 0.403125 0.
1 0.403125 0.
0 0.404687 0.
0.125 0.404687 0.
0.25 0.404687 0.
0.375 0.404687 0.
0.5 0.404687 0.
0.625 0.404687 0.
0.75 0.404687 0.
0.875 0.404687 0.
1 0.404687 0.
0 0.40625 0.
0.0625 0.40625 0.
0.1875 0.40625 0.
0.3125 0.40625 0.
0.4375 0.40625 0.
0.5625 0.40625 0.
0.6875 0.40625 0.
0.8125 0.40625 0.
0.9375 0.40625 0.
1 0.40625 0.
0 0.407813 0.
0.125 0.407813 0.
0.25 0.407813 0.
0.375 0.407813 0.
0.5 0.407813 0.
0.625 0.407813 0.
0.75 0.407813 0.
0.875 0.407813 0.
1 0.407813 0.
0 0.409375 0.
0.0625 0.409375 0.
0.1875 0.409375 0.
0.3125 0.409375 0.
0.4375 0.409375 0.
0.5625 0.409375 0.
0.6875 0.409375 0.
0.8125 0.409375 0.
0.9375 0.409375 0.
1 0.409375 0.
0 0.410938 0.
0.125 0.410938 0.
0.25 0.410938 0.
0.375 0.410938 0.
0.5 0.410938 0.
0.625 0.410938 0.
0.75 0.410938 0.
0.875 0.410938 0.
1 0.410938 0.
0 0.4125 0.
0.0625 0.4125 0.
0.1875 0.4125 0.
0.3125 0.4125 0.
0.4375 0.4125 0.
0.5625 0.4125 0.
0.6875 0.4125 0.
0.8125 0.4125 0.
0.9375 0.4125 0.
1 0.4125 0.
0 0.414062 0.
0.125 0.414062 0.
0.25 0.414062 0.
0.375 0.414062 0.
0.5 0.414062 0.
0.625 0.414062 0.
0.75 0.414062 0.
0.875 0.414062 0.
1 0.414062 0.
0 0.415625 0.
0.0625 0.415625 0.
0.1875 0.415625 0.
0.3125 0.415625 0.
0.4375 0.415625 0.
0.5625 0.415625 0.
0.6875 0.415625 0.
0.8125 0.415625 0.
0.9375 0.415625 0.
1 0.415625 0.
0 0.417187 0.
0.125 0.417187 0.
0.25 0.417187 0.
0.375 0.417187 0.
0.5 0.417187 0.
0.625 0.417187 0.
0.75 0.417187 0.
0.875 0.417187 0.
1 0.417187 0.
0 0.41875 0.
0.0625 0.41875 0.
0.1875 0.41875 0.
0.3125 0.41875 0.
0.4375 0.41875 0.
0.5625 0.41875 0.
0.6875 0.41875 0.
0.8125 0.41875 0.
0.9375 0.41875 0.
1 0.41875 0.
0 0.420312 0.
0.125 0.420312 0.
0.25 0.420312 0.
0.375 0.420312 0.
0.5 0.420312 0.
0.625 0.420312 0.
0.75 0.420312 0.
0.875 0.420312 0.
1 0.420312 0.
0 0.421875 0.
0.0625 0.421875 0.
0.1875 0.421875 0.
0.3125 0.421875 0.
0.4375 0.421875 0.
0.5625 0.421875 0.
0.6875 0.421875 0.
0.8125 0.421875 0.
0.9375 0.421875 0.
1 0.421875 0.
0 0.423438 0.
0.125 0.423438 0.
0.25 0.423438 0.
0.375 0.423438 0.
0.5 0.423438 0.
0.625 0.423438 0.
0.75 0.423438 0.
0.875 0.423438 0.
1 0.423438 0.
0 0.425 0.
0.0625 0.425 0.
0.1875 0.425 0.
0.3125 0.425 0.
0.4375 0.425 0.
0.5625 0.425 0.
0.6875 0.425 0.
0.8125 0.425 0.
0.9375 0.425 0.
1 0.425 0.
0 0.426563 0.
0.125 0.426563 0.
0.25 0.426563 0.
0.375 0.426563 0.
0.5 0.426563 0.
0.625 0.426563 0.
0.75 0.426563 0.
0.875 0.426563 0.
1 0.426563 0.
0 0.428125 0.
0.0625 0.428125 0.
0.1875 0.428125 0.
0.3125 0.428125 0.
0.4375 0.428125 0.
0.5625 0.428125 0.
0.6875 0.428125 0.
0.8125 0.428125 0.
0.9375 0.428125 0.
1 0.428125 0.
0 0.429688 0.
0.125 0.429688 0.
0.25 0.429688 0.
0.375 0.429688 0.
0.5 0.429688 0.
0.625 0.429688 0.
0.75 0.429688 0.
0.875 0.429688 0.
1 0.429688 0.
0 0.43125 0.
0.0625 0.43125 0.
0.1875 0.43125 0.
0.3125 0.43125 0.
0.4375 0.43125 0.
0.5625 0.43125 0.
0.6875 0.43125 0.
0.8125 0.43125 0.
0.9375 0.43125 0.
1 0.43125 0.
0 0.432812 0.
0.125 0.432812 0.
0.25 0.432812 0.
0.375 0.432812 0.
0.5 0.432812 0.
0.625 0.432812 0.
0.75 0.432812 0.
0.875 0.432812 0.
1 0.432812 0.
0 0.434375 0.
0.0625 0.434375 0.
0.1875 0.434375 0.
0.3125 0.434375 0.
0.4375 0.434375 0.
0.5625 0.434375 0.
0.6875 0.434375 0.
0.8125 0.434375 0.
0.9375 0.434375 0.
1 0.434375 0.
0 0.435937 0.
0.125 0.435937 0.
0.25 0.435937 0.
0.375 0.435937 0.
0.5 0.435937 0.
0.625 0.435937 0.
0.75 0.435937 0.
0.875 0.435937 0.
1 0.435937 0.
0 0.4375 0.
0.0625 0.4375 0.
0.1875 0.4375 0.
0.3125 0.4375 0.
0.4375 0.4375 0.
0.5625 0.4375 0.
0.6875 0.4375 0.
0.8125 0.4375 0.
0.9375 0.4375 0.
1 0.4375 0.
0 0.439063 0.
0.125 0.439063 0.
0.25 0.439063 0.
0.375 0.439063 0.
0.5 0.439063 0.
0.625 0.439063 0.
0.75 0.439063 0.
0.875 0.439063 0.
1 0.439063 0.
0 0.440625 0.
0.0625 0.440625 0.
0.1875 0.440625 0.
0.3125 0.440625 0.
0.4375 0.440625 0.
0.5625 0.440625 0.
0.6875 0.440625 0.
0.8125 0.440625 0.
0.9375 0.440625 0.
1 0.440625 0.
0 0.442188 0.
0.125 0.442188 0.
0.25 0.442188 0.
0.375 0.442188 0.
0.5 0.442188 0.
0.625 0.442188 0.
0.75 0.442188 0.
0.875 0.442188 0.
1 0.442188 0.
0 0.44375 0.
0.0625 0.44375 0.
0.1875 0.44375 0.
0.3125 0.44375 0.
0.4375 0.44375 0.
0.5625 0.44375 0.
0.6875 0.44375 0.
0.8125 0.44375 0.
0.9375 0.44375 0.
1 0.44375 0.
0 0.445312 0.
0.125 0.445312 0.
0.25 0.445312 0.
0.375 0.445312 0.
0.5 0.445312 0.
0.625 0.445312 0.
0.75 0.445312 0.
0.875 0.445312 0.
1 0.445312 0.
0 0.446875 0.
0.0625 0.446875 0.
0.1875 0.446875 0.
0.3125 0.446875 0.
0.4375 0.446875 0.
0.5625 0.446875 0.
0.6875 0.446875 0.
0.8125 0.446875 0.
0.9375 0.446875 0.
1 0.446875 0.
0 0.448437 0.
0.125 0.448437 0.
0.25 0.448437 0.
0.375 0.448437 0.
0.5 0.448437 0.
0.625 0.448437 0.
0.75 0.448437 0.
0.875 0.448437 0.
1 0.448437 0.
0 0.45 0.
0.0625 0.45 0.
0.1875 0.45 0.
0.3125 0.45 0.
0.4375 0.45 0.
0.5625 0.45 0.
0.6875 0.45 0.
0.8125 0.45 0.
0.9375 0.45 0.
1 0.45 0.
0 0.451562 0.
0.125 0.451562 0.
0.25 0.451562 0.
0.375 0.451562 0.
0.5 0.451562 0.
0.625 0.451562 0.
0.75 0.451562 0.
0.875 0.451562 0.
1 0.451562 0.
0 0.453125 0.
0.0625 0.453125 0.
0.1875 0.453125 0.
0.3125 0.453125 0.
0.4375 0.453125 0.
0.5625 0.453125 0.
0.6875 0.453125 0.
0.8125 0.453125 0.
0.9375 0.453125 0.
1 0.453125 0.
0 0.454688 0.
0.125 0.454688 0.
0.25 0.454688 0.
0.375 0.454688 0.
0.5 0.454688 0.
0.625 0.454688 0.
0.75 0.454688 0.
0.875 0.454688 0.
1 0.454688 0.
0 0.45625 0.
0.0625 0.45625 0.
0.1875 0.45625 0.
0.3125 0.45625 0.
0.4375 0.45625 0.
0.5625 0.45625 0.
0.6875 0.45625 0.
0.8125 0.45625 0.
0.9375 0.45625 0.
1 0.45625 0.
0 0.457813 0.
0.125 0.457813 0.
0.25 0.457813 0.
0.375 0.457813 0.
0.5 0.457813 0.
0.625 0.457813 0.
0.75 0.457813 0.
0.875 0.457813 0.
1 0.457813 0.
0 0.459375 0.
0.0625 0.459375 0.
0.1875 0.459375 0.
0.3125 0.459375 0.
0.4375 0.459375 0.
0.5625 0.459375 0.
0.6875 0.459375 0.
0.8125 0.459375 0.
0.9375 0.459375 0.
1 0.459375 0.
0 0.460938 0.
0.125 0.460938 0.
0.25 0.460938 0.
0.375 0.460938 0.
0.5 0.460938 0.
0.625 0.460938 0.
0.75 0.460938 0.
0.875 0.460938 0.
1 0.460938 0.
0 0.4625 0.
0.0625 0.4625 0.
0.1875 0.4625 0.
0.3125 0.4625 0.
0.4375 0.4625 0.
0.5625 0.4625 0.
0.6875 0.4625 0.
0.8125 0.4625 0.
0.9375 0.4625 0.
1 0.4625 0.
0 0.464062 0.
0.125 0.464062 0.
0.25 0.464062 0.
0.375 0.464062 0.
0.5 0.464062 0.
0.625 0.464062 0.
0.75 0.464062 0.
0.875 0.464062 0.
1 0.464062 0.
0 0.465625 0.
0.0625 0.465625 0.
0.1875 0.465625 0.
0.3125 0.465625 0.
0.4375 0.465625 0.
0.5625 0.465625 0.
0.6875 0.465625 0.
0.8125 0.465625 0.
0.9375 0.465625 0.
1 0.465625 0.
0 0.467187 0.
0.125 0.467187 0.
0.25 0.467187 0.
0.375 0.467187 0.
0.5 0.467187 0.
0.625 0.467187 0.
0.75 0.467187 0.
0.875 0.467187 0.
1 0.467187 0.
0 0.46875 0.
0.0625 0.46875 0.
0.1875 0.46875 0.
0.3125 0.46875 0.
0.4375 0.46875 0.
0.5625 0.46875 0.
0.6875 0.46875 0.
0.8125 0.46875 0.
0.9375 0.46875 0.
1 0.46875 0.
0 0.470313 0.
0.125 0.470313 0.
0.25 0.470313 0.
0.375 0.470313 0.
0.5 0.470313 0.
0.625 0.470313 0.
0.75 0.470313 0.
0.875 0.470313 0.
1 0.470313 0.
0 0.471875 0.
0.0625 0.471875 0.
0.1875 0.471875 0.
0.3125 0.471875 0.
0.4375 0.471875 0.
0.5625 0.471875 0.
0.6875 0.471875 0.
0.8125 0.471875 0.
0.9375 0.471875 0.
1 0.471875 0.
0 0.473438 0.
0.125 0.473438 0.
0.25 0.473438 0.
0.375 0.473438 0.
0.5 0.473438 0.
0.625 0.473438 0.
0.75 0.473438 0.
0.875 0.473438 0.
1 0.473438 0.
0 0.475 0.
0.0625 0.475 0.
0.1875 0.475 0.
0.3125 0.475 0.
0.4375 0.475 0.
0.5625 0.475 0.
0.6875 0.475 0.
0.8125 0.475 0.
0.9375 0.475 0.
1 0.475 0.
0 0.476562 0.
0.125 0.476562 0.
0.25 0.476562 0.
0.375 0.476562 0.
0.5 0.476562 0.
0.625 0.476562 0.
0.75 0.476562 0.
0.875 0.476562 0.
1 0.476562 0.
0 0.478125 0.
0.0625 0.478125 0.
0.1875 0.478125 0.
0.3125 0.478125 0.
0.4375 0.478125 0.
0.5625 0.478125 0.
0.6875 0.478125 0.
0.8125 0.478125 0.
0.9375 0.478125 0.
1 0.478125 0.
0 0.479687 0.
0.125 0.479687 0.
0.25 0.479687 0.
0.375 0.479687 0.
0.5 0.479687 0.
0.625 0.479687 0.
0.75 0.479687 0.
0.875 0.479687 0.
1 0.479687 0.
0 0.48125 0.
0.0625 0.48125 0.
0.1875 0.48125 0.
0.3125 0.48125 0.
0.4375 0.48125 0.
0.5625 0.48125 0.
0.6875 0.48125 0.
0.8125 0.48125 0.
0.9375 0.48125 0.
1 0.48125 0.
0 0.482812 0.
0.125 0.482812 0.
0.25 0.482812 0.
0.375 0.482812 0.
0.5 0.482812 0.
0.625 0.482812 0.
0.75 0.482812 0.
0.875 0.482812 0.
1 0.482812 0.
0 0.484375 0.
0.0625 0.484375 0.
0.1875 0.484375 0.
0.3125 0.484375 0.
0.4375 0.484375 0.
0.5625 0.484375 0.
0.6875 0.484375 0.
0.8125 0.484375 0.
0.9375 0.484375 0.
1 0.484375 0.
0 0.485938 0.
0.125 0.485938 0.
0.25 0.485938 0.
0.375 0.485938 0.
0.5 0.485938 0.
0.625 0.485938 0.
0.75 0.485938 0.
0.875 0.485938 0.
1 0.485938 0.
0 0.4875 0.
0.0625 0.4875 0.
0.1875 0.4875 0.
0.3125 0.4875 0.
0.4375 0.4875 0.
0.5625 0.4875 0.
0.6875 0.4875 0.
0.8125 0.4875 0.
0.9375 0.4875 0.
1 0.4875 0.
0 0.489063 0.
0.125 0.489063 0.
0.25 0.489063 0.
0.375 0.489063 0.
0.5 0.489063 0.
0.625 0.489063 0.
0.75 0.489063 0.
0.875 0.489063 0.
1 0.489063 0.
0 0.490625 0.
0.0625 0.490625 0.
0.1875 0.490625 0.
0.3125 0.490625 0.
0.4375 0.490625 0.
0.5625 0.490625 0.
0.6875 0.490625 0.
0.8125 0.490625 0.
0.9375 0.490625 0.
1 0.490625 0.
0 0.492188 0.
0.125 0.492188 0.
0.25 0.492188 0.
0.375 0.492188 0.
0.5 0.492188 0.
0.625 0.492188 0.
0.75 0.492188 0.
0.875 0.492188 0.
1 0.492188 0.
0 0.49375 0.
0.0625 0.49375 0.
0.1875 0.49375 0.
0.3125 0.49375 0.
0.4375 0.49375 0.
0.5625 0.49375 0.
0.6875 0.49375 0.
0.8125 0.49375 0.
0.9375 0.49375 0.
1 0.49375 0.
0 0.495312 0.
0.125 0.495312 0.
0.25 0.495312 0.
0.375 0.495312 0.
0.5 0.495312 0.
0.625 0.495312 0.
0.75 0.495312 0.
0.875 0.495312 0.
1 0.495312 0.
0 0.496875 0.
0.0625 0.496875 0.
0.1875 0.496875 0.
0.3125 0.496875 0.
0.4375 0.496875 0.
0.5625 0.496875 0.
0.6875 0.496875 0.
0.8125 0.496875 0.
0.9375 0.496875 0.
1 0.496875 0.
0 0.498437 0.
0.125 0.498437 0.
0.25 0.498437 0.
0.375 0.498437 0.
0.5 0.498437 0.
0.625 0.498437 0.
0.75 0.498437 0.
0.875 0.498437 0.
1 0.498437 0.
0 0.5 0.
0.0625 0.5 0.
0.1875 0.5 0.
0.3125 0.5 0.
0.4375 0.5 0.
0.5625 0.5 0.
0.6875 0.5 0.
0.8125 0.5 0.
0.9375 0.5 0.
1 0.5 0.
0 0.501563 0.
0.125 0.501563 0.
0.25 0.501563 0.
0.375 0.501563 0.
0.5 0.501563 0.
0.625 0.501563 0.
0.75 0.501563 0.
0.875 0.501563 0.
1 0.501563 0.
0 0.503125 0.
0.0625 0.503125 0.
0.1875 0.503125 0.
0.3125 0.503125 0.
0.4375 0.503125 0.
0.5625 0.503125 0.
0.6875 0.503125 0.
0.8125 0.503125 0.
0.9375 0.503125 0.
1 0.503125 0.
0 0.504687 0.
0.125 0.504687 0.
0.25 0.504687 0.
0.375 0.504687 0.
0.5 0.504687 0.
0.625 0.504687 0.
0.75 0.504687 0.
0.875 0.504687 0.
1 0.504687 0.
0 0.50625 0.
0.0625 0.50625 0.
0.1875 0.50625 0.
0.3125 0.50625 0.
0.4375 0.50625 0.
0.5625 0.50625 0.
0.6875 0.50625 0.
0.8125 0.50625 0.
0.9375 0.50625 0.
1 0.50625 0.
0 0.507812 0.
0.125 0.507812 0.
0.25 0.507812 0.
0.375 0.507812 0.
0.5 0.507812 0.
0.625 0.507812 0.
0.75 0.507812 0.
0.875 0.507812 0.
1 0.507812 0.
0 0.509375 0.
0.0625 0.509375 0.
0.1875 0.509375 0.
0.3125 0.509375 0.
0.4375 0.509375 0.
0.5625 0.509375 0.
0.6875 0.509375 0.
0.8125 0.509375 0.
0.9375 0.509375 0.
1 0.509375 0.
0 0.510938 0.
0.125 0.510938 0.
0.25 0.510938 0.
0.375 0.510938 0.
0.5 0.510938 0.
0.625 0.510938 0.
0.75 0.510938 0.
0.875 0.510938 0.
1 0.510938 0.
0 0.5125 0.
0.0625 0.5125 0.
0.1875 0.5125 0.
0.3125 0.5125 0.
0.4375 0.5125 0.
0.5625 0.5125 0.
0.6875 0.5125 0.
0.8125 0.5125 0.
0.9375 0.5125 0.
1 0.5125 0.
0 0.514062 0.
0.125 0.514062 0.
0.25 0.514062 0.
0.375 0.514062 0.
0.5 0.514062 0.
0.625 0.514062 0.
0.75 0.514062 0.
0.875 0.514062 0.
1 0.514062 0.
0 0.515625 0.
0.0625 0.515625 0.
0.1875 0.515625 0.
0.3125 0.515625 0.
0.4375 0.515625 0.
0.5625 0.515625 0.
0.6875 0.515625 0.
0.8125 0.515625 0.
0.9375 0.515625 0.
1 0.515625 0.
0 0.517188 0.
0.125 0.517188 0.
0.25 0.517188 0.
0.375 0.517188 0.
0.5 0.517188 0.
0.625 0.517188 0.
0.75 0.517188 0.
0.875 0.517188 0.
1 0.517188 0.
0 0.51875 0.
0.0625 0.51875 0.
0.1875 0.51875 0.
0.3125 0.51875 0.
0.4375 0.51875 0.
0.5625 0.51875 0.
0.6875 0.51875 0.
0.8125 0.51875 0.
0.9375 0.51875 0.
1 0.51875 0.
0 0.520312 0.
0.125 0.520312 0.
0.25 0.520312 0.
0.375 0.520312 0.
0.5 0.520312 0.
0.625 0.520312 0.
0.75 0.520312 0.
0.875 0.520312 0.
1 0.520312 0.
0 0.521875 0.
0.0625 0.521875 0.
0.1875 0.521875 0.
0.3125 0.521875 0.
0.4375 0.521875 0.
0.5625 0.521875 0.
0.6875 0.521875 0.
0.8125 0.521875 0.
0.9375 0.521875 0.
1 0.521875 0.
0 0.523438 0.
0.125 0.523438 0.
0.25 0.523438 0.
0.375 0.523438 0.
0.5 0.523438 0.
0.625 0.523438 0.
0.75 0.523438 0.
0.875 0.523438 0.
1 0.523438 0.
0 0.525 0.
0.0625 0.525 0.
0.1875 0.525 0.
0.3125 0.525 0.
0.4375 0.525 0.
0.5625 0.525 0.
0.6875 0.525 0.
0.8125 0.525 0.
0.9375 0.525 0.
1 0.525 0.
0 0.526563 0.
0.125 0.526563 0.
0.25 0.526563 0.
0.375 0.526563 0.
0.5 0.526563 0.
0.625 0.526563 0.
0.75 0.526563 0.
0.875 0.526563 0.
1 0.526563 0.
0 0.528125 0.
0.0625 0.528125 0.
0.1875 0.528125 0.
0.3125 0.528125 0.
0.4375 0.528125 0.
0.5625 0.528125 0.
0.6875 0.528125 0.
0.8125 0.528125 0.
0.9375 0.528125 0.
1 0.528125 0.
0 0.529687 0.
0.125 0.529687 0.
0.25 0.529687 0.
0.375 0.529687 0.
0.5 0.529687 0.
0.625 0.529687 0.
0.75 0.529687 0.
0.875 0.529687 0.
1 0.529687 0.
0 0.53125 0.
0.0625 0.53125 0.
0.1875 0.53125 0.
0.3125 0.53125 0.
0.4375 0.53125 0.
0.5625 0.53125 0.
0.6875 0.53125 0.
0.8125 0.53125 0.
0.9375 0.53125 0.
1 0.53125 0.
0 0.532813 0.
0.125 0.532813 0.
0.25 0.532813 0.
0.375 0.532813 0.
0.5 0.532813 0.
0.625 0.532813 0.
0.75 0.532813 0.
0.875 0.532813 0.
1 0.532813 0.
0 0.534375 0.
0.0625 0.534375 0.
0.1875 0.534375 0.
0.3125 0.534375 0.
0.4375 0.534375 0.
0.5625 0.534375 0.
0.6875 0.534375 0.
0.8125 0.534375 0.
0.9375 0.534375 0.
1 0.534375 0.
0 0.535937 0.
0.125 0.535937 0.
0.25 0.535937 0.
0.375 0.535937 0.
0.5 0.535937 0.
0.625 0.535937 0.
0.75 0.535937 0.
0.875 0.535937 0.
1 0.535937 0.
0 0.5375 0.
0.0625 0.5375 0.
0.1875 0.5375 0.
0.3125 0.5375 0.
0.4375 0.5375 0.
0.5625 0.5375 0.
0.6875 0.5375 0.
0.8125 0.5375 0.
0.9375 0.5375 0.
1 0.5375 0.
0 0.539062 0.
0.125 0.539062 0.
0.25 0.539062 0.
0.375 0.539062 0.
0.5 0.539062 0.
0.625 0.539062 0.
0.75 0.539062 0.
0.875 0.539062 0.
1 0.539062 0.
0 0.540625 0.
0.0625 0.540625 0.
0.1875 0.540625 0.
0.3125 0.540625 0.
0.4375 0.540625 0.
0.5625 0.540625 0.
0.6875 0.540625 0.
0.8125 0.540625 0.
0.9375 0.540625 0.
1 0.540625 0.
0 0.542188 0.
0.125 0.542188 0.
0.25 0.542188 0.
0.375 0.542188 0.
0.5 0.542188 0.
0.625 0.542188 0.
0.75 0.542188 0.
0.875 0.542188 0.
1 0.542188 0.
0 0.54375 0.
0.0625 0.54375 0.
0.1875 0.54375 0.
0.3125 0.54375 0.
0.4375 0.54375 0.
0.5625 0.54375 0.
0.6875 0.54375 0.
0.8125 0.54375 0.
0.9375 0.54375 0.
1 0.54375 0.
0 0.545312 0.
0.125 0.545312 0.
0.25 0.545312 0.
0.375 0.545312 0.
0.5 0.545312 0.
0.625 0.545312 0.
0.75 0.545312 0.
0.875 0.545312 0.
1 0.545312 0.
0 0.546875 0.
0.0625 0.546875 0.
0.1875 0.546875 0.
0.3125 0.546875 0.
0.4375 0.546875 0.
0.5625 0.546875 0.
0.6875 0.546875 0.
0.8125 0.546875 0.
0.9375 0.546875 0.
1 0.546875 0.
0 0.548438 0.
0.125 0.548438 0.
0.25 0.548438 0.
0.375 0.548438 0.
0.5 0.548438 0.
0.625 0.548438 0.
0.75 0.548438 0.
0.875 0.548438 0.
1 0.548438 0.
0 0.55 0.
0.0625 0.55 0.
0.1875 0.55 0.
0.3125 0.55 0.
0.4375 0.55 0.
0.5625 0.55 0.
0.6875 0.55 0.
0.8125 0.55 0.
0.9375 0.55 0.
1 0.55 0.
0 0.551562 0.
0.125 0.551562 0.
0.25 0.551562 0.
0.375 0.551562 0.
0.5 0.551562 0.
0.625 0.551562 0.
0.75 0.551562 0.
0.875 0.551562 0.
1 0.551562 0.
0 0.553125 0.
0.0625 0.553125 0.
0.1875 0.553125 0.
0.3125 0.553125 0.
0.4375 0.553125 0.
0.5625 0.553125 0.
0.6875 0.553125 0.
0.8125 0.553125 0.
0.9375 0.553125 0.
1 0.553125 0.
0 0.554688 0.
0.125 0.554688 0.
0.25 0.554688 0.
0.375 0.554688 0.
0.5 0.554688 0.
0.625 0.554688 0.
0.75 0.554688 0.
0.875 0.554688 0.
1 0.554688 0.
0 0.55625 0.
0.0625 0.55625 0.
0.1875 0.55625 0.
0.3125 0.55625 0.
0.4375 0.55625 0.
0.5625 0.55625 0.
0.6875 0.55625 0.
0.8125 0.55625 0.
0.9375 0.55625 0.
1 0.55625 0.
0 0.557813 0.
0.125 0.557813 0.
0.25 0.557813 0.
0.375 0.557813 0.
0.5 0.557813 0.
0.625 0.557813 0.
0.75 0.557813 0.
0.875 0.557813 0.
1 0.557813 0.
0 0.559375 0.
0.0625 0.559375 0.
0.1875 0.559375 0.
0.3125 0.559375 0.
0.4375 0.559375 0.
0.5625 0.559375 0.
0.6875 0.559375 0.
0.8125 0.559375 0.
0.9375 0.559375 0.
1 0.559375 0.
0 0.560937 0.
0.125 0.560937 0.
0.25 0.560937 0.
0.375 0.560937 0.
0.5 0.560937 0.
0.625 0.560937 0.
0.75 0.560937 0.
0.875 0.560937 0.
1 0.560937 0.
0 0.5625 0.
0.0625 0.5625 0.
0.1875 0.5625 0.
0.3125 0.5625 0.
0.4375 0.5625 0.
0.5625 0.5625 0.
0.6875 0.5625 0.
0.8125 0.5625 0.
0.9375 0.5625 0.
1 0.5625 0.
0 0.564063 0.
0.125 0.564063 0.
0.25 0.564063 0.
0.375 0.564063 0.
0.5 0.564063 0.
0.625 0.564063 0.
0.75 0.564063 0.
0.875 0.564063 0.
1 0.564063 0.
0 0.565625 0.
0.0625 0.565625 0.
0.1875 0.565625 0.
0.3125 0.565625 0.
0.4375 0.565625 0.
0.5625 0.565625 0.
0.6875 0.565625 0.
0.8125 0.565625 0.
0.9375 0.565625 0.
1 0.565625 0.
0 0.567187 0.
0.125 0.567187 0.
0.25 0.567187 0.
0.375 0.567187 0.
0.5 0.567187 0.
0.625 0.567187 0.
0.75 0.567187 0.
0.875 0.567187 0.
1 0.567187 0.
0 0.56875 0.
0.0625 0.56875 0.
0.1875 0.56875 0.
0.3125 0.56875 0.
0.4375 0.56875 0.
0.5625 0.56875 0.
0.6875 0.56875 0.
0.8125 0.56875 0.
0.9375 0.56875 0.
1 0.56875 0.
0 0.570312 0.
0.125 0.570312 0.
0.25 0.570312 0.
0.375 0.570312 0.
0.5 0.570312 0.
0.625 0.570312 0.
0.75 0.570312 0.
0.875 0.570312 0.
1 0.570312 0.
0 0.571875 0.
0.0625 0.571875 0.
0.1875 0.571875 0.
0.3125 0.571875 0.
0.4375 0.571875 0.
0.5625 0.571875 0.
0.6875 0.571875 0.
0.8125 0.571875 0.
0.9375 0.571875 0.
1 0.571875 0.
0 0.573438 0.
0.125 0.573438 0.
0.25 0.573438 0.
0.375 0.573438 0.
0.5 0.573438 0.
0.625 0.573438 0.
0.75 0.573438 0.
0.875 0.573438 0.
1 0.573438 0.
0 0.575 0.
0.0625 0.575 0.
0.1875 0.575 0.
0.3125 0.575 0.
0.4375 0.575 0.
0.5625 0.575 0.
0.6875 0.575 0.
0.8125 0.575 0.
0.9375 0.575 0.
1 0.575 0.
0 0.576562 0.
0.125 0.576562 0.
0.25 0.576562 0.
0.375 0.576562 0.
0.5 0.576562 0.
0.625 0.576562 0.
0.75 0.576562 0.
0.875 0.576562 0.
1 0.576562 0.
0 0.578125 0.
0.0625 0.578125 0.
0.1875 0.578125 0.
0.3125 0.578125 0.
0.4375 0.578125 0.
0.5625 0.578125 0.
0.6875 0.578125 0.
0.8125 0.578125 0.
0.9375 0.578125 0.
1 0.578125 0.
0 0.579688 0.
0.125 0.579688 0.
0.25 0.579688 0.
0.375 0.579688 0.
0.5 0.579688 0.
0.625 0.579688 0.
0.75 0.579688 0.
0.875 0.579688 0.
1 0.579688 0.
0 0.58125 0.
0.0625 0.58125 0.
0.1875 0.58125 0.
0.3125 0.58125 0.
0.4375 0.58125 0.
0.5625 0.58125 0.
0.6875 0.58125 0.
0.8125 0.58125 0.
0.9375 0.58125 0.
1 0.58125 0.
0 0.582812 0.
0.125 0.582812 0.
0.25 0.582812 0.
0.375 0.582812 0.
0.5 0.582812 0.
0.625 0.582812 0.
0.75 0.582812 0.
0.875 0.582812 0.
1 0.582812 0.
0 0.584375 0.
0.0625 0.584375 0.
0.1875 0.584375 0.
0.3125 0.584375 0.
0.4375 0.584375 0.
0.5625 0.584375 0.
0.6875 0.584375 0.
0.8125 0.584375 0.
0.9375 0.584375 0.
1 0.584375 0.
0 0.585938 0.
0.125 0.585938 0.
0.25 0.585938 0.
0.375 0.585938 0.
0.5 0.585938 0.
0.625 0.585938 0.
0.75 0.585938 0.
0.875 0.585938 0.
1 0.585938 0.
0 0.5875 0.
0.0625 0.5875 0.
0.1875 0.5875 0.
0.3125 0.5875 0.
0.4375 0.5875 0.
0.5625 0.5875 0.
0.6875 0.5875 0.
0.8125 0.5875 0.
0.9375 0.5875 0.
1 0.5875 0.
0 0.589063 0.
0.125 0.589063 0.
0.25 0.589063 0.
0.375 0.589063 0.
0.5 0.589063 0.
0.625 0.589063 0.
0.75 0.589063 0.
0.875 0.589063 0.
1 0.589063 0.
0 0.590625 0.
0.0625 0.590625 0.
0.1875 0.590625 0.
0.3125 0.590625 0.
0.4375 0.590625 0.
0.5625 0.590625 0.
0.6875 0.590625 0.
0.8125 0.590625 0.
0.9375 0.590625 0.
1 0.590625 0.
0 0.592187 0.
0.125 0.592187 0.
0.25 0.592187 0.
0.375 0.592187 0.
0.5 0.592187 0.
0.625 0.592187 0.
0.75 0.592187 0.
0.875 0.592187 0.
1 0.592187 0.
0 0.59375 0.
0.0625 0.59375 0.
0.1875 0.59375 0.
0.3125 0.59375 0.
0.4375 0.59375 0.
0.5625 0.59375 0.
0.6875 0.59375 0.
0.8125 0.59375 0.
0.9375 0.59375 0.
1 0.59375 0.
0 0.595313 0.
0.125 0.595313 0.
0.25 0.595313 0.
0.375 0.595313 0.
0.5 0.595313 0.
0.625 0.595313 0.
0.75 0.595313 0.
0.875 0.595313 0.
1 0.595313 0.
0 0.596875 0.
0.0625 0.596875 0.
0.1875 0.596875 0.
0.3125 0.596875 0.
0.4375 0.596875 0.
0.5625 0.596875 0.
0.6875 0.596875 0.
0.8125 0.596875 0.
0.9375 0.596875 0.
1 0.596875 0.
0 0.598437 0.
0.125 0.598437 0.
0.25 0.598437 0.
0.375 0.598437 0.
0.5 0.598437 0.
0.625 0.598437 0.
0.75 0.598437 0.
0.875 0.598437 0.
1 0.598437 0.
0 0.6 0.
0.0625 0.6 0.
0.1875 0.6 0.
0.3125 0.6 0.
0.4375 0.6 0.
0.5625 0.6 0.
0.6875 0.6 0.
0.8125 0.6 0.
0.9375 0.6 0.
1 0.6 0.
0 0.601562 0.
0.125 0.601562 0.
0.25 0.601562 0.
0.375 0.601562 0.
0.5 0.601562 0.
0.625 0.601562 0.
0.75 0.601562 0.
0.875 0.601562 0.
1 0.601562 0.
0 0.603125 0.
0.0625 0.603125 0.
0.1875 0.603125 0.
0.3125 0.603125 0.
0.4375 0.603125 0.
0.5625 0.603125 0.
0.6875 0.603125 0.
0.8125 0.603125 0.
0.9375 0.603125 0.
1 0.603125 0.
0 0.604688 0.
0.125 0.604688 0.
0.25 0.604688 0.
0.375 0.604688 0.
0.5 0.604688 0.
0.625 0.604688 0.
0.75 0.604688 0.
0.875 0.604688 0.
1 0.604688 0.
0 0.60625 0.
0.0625 0.60625 0.
0.1875 0.60625 0.
0.3125 0.60625 0.
0.4375 0.60625 0.
0.5625 0.60625 0.
0.6875 0.60625 0.
0.8125 0.60625 0.
0.9375 0.60625 0.
1 0.60625 0.
0 0.607812 0.
0.125 0.607812 0.
0.25 0.607812 0.
0.375 0.607812 0.
0.5 0.607812 0.
0.625 0.607812 0.
0.75 0.607812 0.
0.875 0.607812 0.
1 0.607812 0.
0 0.609375 0.
0.0625 0.609375 0.
0.1875 0.609375 0.
0.3125 0.609375 0.
0.4375 0.609375 0.
0.5625 0.609375 0.
0.6875 0.609375 0.
0.8125 0.609375 0.
0.9375 0.609375 0.
1 0.609375 0.
0 0.610938 0.
0.125 0.610938 0.
0.25 0.610938 0.
0.375 0.610938 0.
0.5 0.610938 0.
0.625 0.610938 0.
0.75 0.610938 0.
0.875 0.610938 0.
1 0.610938 0.
0 0.6125 0.
0.0625 0.6125 0.
0.1875 0.6125 0.
0.3125 0.6125 0.
0.4375 0.6125 0.
0.5625 0.6125 0.
0.6875 0.6125 0.
0.8125 0.6125 0.
0.9375 0.6125 0.
1 0.6125 0.
0 0.614062 0.
0.125 0.614062 0.
0.25 0.614062 0.
0.375 0.614062 0.
0.5 0.614062 0.
0.625 0.614062 0.
0.75 0.614062 0.
0.875 0.614062 0.
1 0.614062 0.
0 0.615625 0.
0.0625 0.615625 0.
0.1875 0.615625 0.
0.3125 0.615625 0.
0.4375 0.615625 0.
0.5625 0.615625 0.
0.6875 0.615625 0.
0.8125 0.615625 0.
0.9375 0.615625 0.
1 0.615625 0.
0 0.617188 0.
0.125 0.617188 0.
0.25 0.617188 0.
0.375 0.617188 0.
0.5 0.617188 0.
0.625 0.617188 0.
0.75 0.617188 0.
0.875 0.617188 0.
1 0.617188 0.
0 0.61875 0.
0.0625 0.61875 0.
0.1875 0.61875 0.
0.3125 0.61875 0.
0.4375 0.61875 0.
0.5625 0.61875 0.
0.6875 0.61875 0.
0.8125 0.61875 0.
0.9375 0.61875 0.
1 0.61875 0.
0 0.620313 0.
0.125 0.620313 0.
0.25 0.620313 0.
0.375 0.620313 0.
0.5 0.620313 0.
0.625 0.620313 0.
0.75 0.620313 0.
0.875 0.620313 0.
1 0.620313 0.
0 0.621875 0.
0.0625 0.621875 0.
0.1875 0.621875 0.
0.3125 0.621875 0.
0.4375 0.621875 0.
0.5625 0.621875 0.
0.6875 0.621875 0.
0.8125 0.621875 0.
0.9375 0.621875 0.
1 0.621875 0.
0 0.623437 0.
0.125 0.623437 0.
0.25 0.623437 0.
0.375 0.623437 0.
0.5 0.623437 0.
0.625 0.623437 0.
0.75 0.623437 0.
0.875 0.623437 0.
1 0.623437 0.
0 0.625 0.
0.0625 0.625 0.
0.1875 0.625 0.
0.3125 0.625 0.
0.4375 0.625 0.
0.5625 0.625 0.
0.6875 0.625 0.
0.8125 0.625 0.
0.9375 0.625 0.
1 0.625 0.
0 0.626563 0.
0.125 0.626563 0.
0.25 0.626563 0.
0.375 0.626563 0.
0.5 0.626563 0.
0.625 0.626563 0.
0.75 0.626563 0.
0.875 0.626563 0.
1 0.626563 0.
0 0.628125 0.
0.0625 0.628125 0.
0.1875 0.628125 0.
0.3125 0.628125 0.
0.4375 0.628125 0.
0.5625 0.628125 0.
0.6875 0.628125 0.
0.8125 0.628125 0.
0.9375 0.628125 0.
1 0.628125 0.
0 0.629687 0.
0.125 0.629687 0.
0.25 0.629687 0.
0.375 0.629687 0.
0.5 0.629687 0.
0.625 0.629687 0.
0.75 0.629687 0.
0.875 0.629687 0.
1 0.629687 0.
0 0.63125 0.
0.0625 0.63125 0.
0.1875 0.63125 0.
0.3125 0.63125 0.
0.4375 0.63125 0.
0.5625 0.63125 0.
0.6875 0.63125 0.
0.8125 0.63125 0.
0.9375 0.63125 0.
1 0.63125 0.
0 0.632812 0.
0.125 0.632812 0.
0.25 0.632812 0.
0.375 0.632812 0.
0.5 0.632812 0.
0.625 0.632812 0.
0.75 0.632812 0.
0.875 0.632812 0.
1 0.632812 0.
0 0.634375 0.
0.0625 0.634375 0.
0.1875 0.634375 0.
0.3125 0.634375 0.
0.4375 0.634375 0.
0.5625 0.634375 0.
0.6875 0.634375 0.
0.8125 0.634375 0.
0.9375 0.634375 0.
1 0.634375 0.
0 0.635938 0.
0.125 0.635938 0.
0.25 0.635938 0.
0.375 0.635938 0.
0.5 0.635938 0.
0.625 0.635938 0.
0.75 0.635938 0.
0.875 0.635938 0.
1 0.635938 0.
0 0.6375 0.
0.0625 0.6375 0.
0.1875 0.6375 0.
0.3125 0.6375 0.
0.4375 0.6375 0.
0.5625 0.6375 0.
0.6875 0.6375 0.
0.8125 0.6375 0.
0.9375 0.6375 0.
1 0.6375 0.
0 0.639062 0.
0.125 0.639062 0.
0.25 0.639062 0.
0.375 0.639062 0.
0.5 0.639062 0.
0.625 0.639062 0.
0.75 0.639062 0.
0.875 0.639062 0.
1 0.639062 0.
0 0.640625 0.
0.0625 0.640625 0.
0.1875 0.640625 0.
0.3125 0.640625 0.
0.4375 0.640625 0.
0.5625 0.640625 0.
0.6875 0.640625 0.
0.8125 0.640625 0.
0.9375 0.640625 0.
1 0.640625 0.
0 0.642188 0.
0.125 0.642188 0.
0.25 0.642188 0.
0.375 0.642188 0.
0.5 0.642188 0.
0.625 0.642188 0.
0.75 0.642188 0.
0.875 0.642188 0.
1 0.642188 0.
0 0.64375 0.
0.0625 0.64375 0.
0.1875 0.64375 0.
0.3125 0.64375 0.
0.4375 0.64375 0.
0.5625 0.64375 0.
0.6875 0.64375 0.
0.8125 0.64375 0.
0.9375 0.64375 0.
1 0.64375 0.
0 0.645312 0.
0.125 0.645312 0.
0.25 0.645312 0.
0.375 0.645312 0.
0.5 0.645312 0.
0.625 0.645312 0.
0.75 0.645312 0.
0.875 0.645312 0.
1 0.645312 0.
0 0.646875 0.
0.0625 0.646875 0.
0.1875 0.646875 0.
0.3125 0.646875 0.
0.4375 0.646875 0.
0.5625 0.646875 0.
0.6875 0.646875 0.
0.8125 0.646875 0.
0.9375 0.646875 0.
1 0.646875 0.
0 0.648438 0.
0.125 0.648438 0.
0.25 0.648438 0.
0.375 0.648438 0.
0.5 0.648438 0.
0.625 0.648438 0.
0.75 0.648438 0.
0.875 0.648438 0.
1 0.648438 0.
0 0.65 0.
0.0625 0.65 0.
0.1875 0.65 0.
0.3125 0.65 0.
0.4375 0.65 0.
0.5625 0.65 0.
0.6875 0.65 0.
0.8125 0.65 0.
0.9375 0.65 0.
1 0.65 0.
0 0.651563 0.
0.125 0.651563 0.
0.25 0.651563 0.
0.375 0.651563 0.
0.5 0.651563 0.
0.625 0.651563 0.
0.75 0.651563 0.
0.875 0.651563 0.
1 0.651563 0.
0 0.653125 0.
0.0625 0.653125 0.
0.1875 0.653125 0.
0.3125 0.653125 0.
0.4375 0.653125 0.
0.5625 0.653125 0.
0.6875 0.653125 0.
0.8125 0.653125 0.
0.9375 0.653125 0.
1 0.653125 0.
0 0.654687 0.
0.125 0.654687 0.
0.25 0.654687 0.
0.375 0.654687 0.
0.5 0.654687 0.
0.625 0.654687 0.
0.75 0.654687 0.
0.875 0.654687 0.
1 0.654687 0.
0 0.65625 0.
0.0625 0.65625 0.
0.1875 0.65625 0.
0.3125 0.65625 0.
0.4375 0.65625 0.
0.5625 0.65625 0.
0.6875 0.65625 0.
0.8125 0.65625 0.
0.9375 0.65625 0.
1 0.65625 0.
0 0.657813 0.
0.125 0.657813 0.
0.25 0.657813 0.
0.375 0.657813 0.
0.5 0.657813 0.
0.625 0.657813 0.
0.75 0.657813 0.
0.875 0.657813 0.
1 0.657813 0.
0 0.659375 0.
0.0625 0.659375 0.
0.1875 0.659375 0.
0.3125 0.659375 0.
0.4375 0.659375 0.
0.5625 0.659375 0.
0.6875 0.659375 0.
0.8125 0.659375 0.
0.9375 0.659375 0.
1 0.659375 0.
0 0.660937 0.
0.125 0.660937 0.
0.25 0.660937 0.
0.375 0.660937 0.
0.5 0.660937 0.
0.625 0.660937 0.
0.75 0.660937 0.
0.875 0.660937 0.
1 0.660937 0.
0 0.6625 0.
0.0625 0.6625 0.
0.1875 0.6625 0.
0.3125 0.6625 0.
0.4375 0.6625 0.
0.5625 0.6625 0.
0.6875 0.6625 0.
0.8125 0.6625 0.
0.9375 0.6625 0.
1 0.6625 0.
0 0.664062 0.
0.125 0.664062 0.
0.25 0.664062 0.
0.375 0.664062 0.
0.5 0.664062 0.
0.625 0.664062 0.
0.75 0.664062 0.
0.875 0.664062 0.
1 0.664062 0.
0 0.665625 0.
0.0625 0.665625 0.
0.1875 0.665625 0.
0.3125 0.665625 0.
0.4375 0.665625 0.
0.5625 0.665625 0.
0.6875 0.665625 0.
0.8125 0.665625 0.
0.9375 0.665625 0.
1 0.665625 0.
0 0.667188 0.
0.125 0.667188 0.
0.25 0.667188 0.
0.375 0.667188 0.
0.5 0.667188 0.
0.625 0.667188 0.
0.75 0.667188 0.
0.875 0.667188 0.
1 0.667188 0.
0 0.66875 0.
0.0625 0.66875 0.
0.1875 0.66875 0.
0.3125 0.66875 0.
0.4375 0.66875 0.
0.5625 0.66875 0.
0.6875 0.66875 0.
0.8125 0.66875 0.
0.9375 0.66875 0.
1 0.66875 0.
0 0.670312 0.
0.125 0.670312 0.
0.25 0.670312 0.
0.375 0.670312 0.
0.5 0.670312 0.
0.625 0.670312 0.
0.75 0.670312 0.
0.875 0.670312 0.
1 0.670312 0.
0 0.671875 0.
0.0625 0.671875 0.
0.1875 0.671875 0.
0.3125 0.671875 0.
0.4375 0.671875 0.
0.5625 0.671875 0.
0.6875 0.671875 0.
0.8125 0.671875 0.
0.9375 0.671875 0.
1 0.671875 0.
0 0.673438 0.
0.125 0.673438 0.
0.25 0.673438 0.
0.375 0.673438 0.
0.5 0.673438 0.
0.625 0.673438 0.
0.75 0.673438 0.
0.875 0.673438 0.
1 0.673438 0.
0 0.675 0.
0.0625 0.675 0.
0.1875 0.675 0.
0.3125 0.675 0.
0.4375 0.675 0.
0.5625 0.675 0.
0.6875 0.675 0.
0.8125 0.675 0.
0.9375 0.675 0.
1 0.675 0.
0 0.676562 0.
0.125 0.676562 0.
0.25 0.676562 0.
0.375 0.676562 0.
0.5 0.676562 0.
0.625 0.676562 0.
0.75 0.676562 0.
0.875 0.676562 0.
1 0.676562 0.
0 0.678125 0.
0.0625 0.678125 0.
0.1875 0.678125 0.
0.3125 0.678125 0.
0.4375 0.678125 0.
0.5625 0.678125 0.
0.6875 0.678125 0.
0.8125 0.678125 0.
0.9375 0.678125 0.
1 0.678125 0.
0 0.679688 0.
0.125 0.679688 0.
0.25 0.679688 0.
0.375 0.679688 0.
0.5 0.679688 0.
0.625 0.679688 0.
0.75 0.679688 0.
0.875 0.679688 0.
1 0.679688 0.
0 0.68125 0.
0.0625 0.68125 0.
0.1875 0.68125 0.
0.3125 0.68125 0.
0.4375 0.68125 0.
0.5625 0.68125 0.
0.6875 0.68125 0.
0.8125 0.68125 0.
0.9375 0.68125 0.
1 0.68125 0.
0 0.682813 0.
0.125 0.682813 0.
0.25 0.682813 0.
0.375 0.682813 0.
0.5 0.682813 0.
0.625 0.682813 0.
0.75 0.682813 0.
0.875 0.682813 0.
1 0.682813 0.
0 0.684375 0.
0.0625 0.684375 0.
0.1875 0.684375 0.
0.3125 0.684375 0.
0.4375 0.684375 0.
0.5625 0.684375 0.
0.6875 0.684375 0.
0.8125 0.684375 0.
0.9375 0.684375 0.
1 0.684375 0.
0 0.685937 0.
0.125 0.685937 0.
0.25 0.685937 0.
0.375 0.685937 0.
0.5 0.685937 0.
0.625 0.685937 0.
0.75 0.685937 0.
0.875 0.685937 0.
1 0.685937 0.
0 0.6875 0.
0.0625 0.6875 0.
0.1875 0.6875 0.
0.3125 0.6875 0.
0.4375 0.6875 0.
0.5625 0.6875 0.
0.6875 0.6875 0.
0.8125 0.6875 0.
0.9375 0.6875 0.
1 0.6875 0.
0 0.689063 0.
0.125 0.689063 0.
0.25 0.689063 0.
0.375 0.689063 0.
0.5 0.689063 0.
0.625 0.689063 0.
0.75 0.689063 0.
0.875 0.689063 0.
1 0.689063 0.
0 0.690625 0.
0.0625 0.690625 0.
0.1875 0.690625 0.
0.3125 0.690625 0.
0.4375 0.690625 0.
0.5625 0.690625 0.
0.6875 0.690625 0.
0.8125 0.690625 0.
0.9375 0.690625 0.
1 0.690625 0.
0 0.692187 0.
0.125 0.692187 0.
0.25 0.692187 0.
0.375 0.692187 0.
0.5 0.692187 0.
0.625 0.692187 0.
0.75 0.692187 0.
0.875 0.692187 0.
1 0.692187 0.
0 0.69375 0.
0.0625 0.69375 0.
0.1875 0.69375 0.
0.3125 0.69375 0.
0.4375 0.69375 0.
0.5625 0.69375 0.
0.6875 0.69375 0.
0.8125 0.69375 0.
0.9375 0.69375 0.
1 0.69375 0.
0 0.695312 0.
0.125 0.695312 0.
0.25 0.695312 0.
0.375 0.695312 0.
0.5 0.695312 0.
0.625 0.695312 0.
0.75 0.695312 0.
0.875 0.695312 0.
1 0.695312 0.
0 0.696875 0.
0.0625 0.696875 0.
0.1875 0.696875 0.
0.3125 0.696875 0.
0.4375 0.696875 0.
0.5625 0.696875 0.
0.6875 0.696875 0.
0.8125 0.696875 0.
0.9375 0.696875 0.
1 0.696875 0.
0 0.698438 0.
0.125 0.698438 0.
0.25 0.698438 0.
0.375 0.698438 0.
0.5 0.698438 0.
0.625 0.698438 0.
0.75 0.698438 0.
0.875 0.698438 0.
1 0.698438 0.
0 0.7 0.
0.0625 0.7 0.
0.1875 0.7 0.
0.3125 0.7 0.
0.4375 0.7 0.
0.5625 0.7 0.
0.6875 0.7 0.
0.8125 0.7 0.
0.9375 0.7 0.
1 0.7 0.
0 0.701562 0.
0.125 0.701562 0.
0.25 0.701562 0.
0.375 0.701562 0.
0.5 0.701562 0.
0.625 0.701562 0.
0.75 0.701562 0.
0.875 0.701562 0.
1 0.701562 0.
0 0.703125 0.
0.0625 0.703125 0.
0.1875 0.703125 0.
0.3125 0.703125 0.
0.4375 0.703125 0.
0.5625 0.703125 0.
0.6875 0.703125 0.
0.8125 0.703125 0.
0.9375 0.703125 0.
1 0.703125 0.
0 0.704688 0.
0.125 0.704688 0.
0.25 0.704688 0.
0.375 0.704688 0.
0.5 0.704688 0.
0.625 0.704688 0.
0.75 0.704688 0.
0.875 0.704688 0.
1 0.704688 0.
0 0.70625 0.
0.0625 0.70625 0.
0.1875 0.70625 0.
0.3125 0.70625 0.
0.4375 0.70625 0.
0.5625 0.70625 0.
0.6875 0.70625 0.
0.8125 0.70625 0.
0.9375 0.70625 0.
1 0.70625 0.
0 0.707812 0.
0.125 0.707812 0.
0.25 0.707812 0.
0.375 0.707812 0.
0.5 0.707812 0.
0.625 0.707812 0.
0.75 0.707812 0.
0.875 0.707812 0.
1 0.707812 0.
0 0.709375 0.
0.0625 0.709375 0.
0.1875 0.709375 0.
0.3125 0.709375 0.
0.4375 0.709375 0.
0.5625 0.709375 0.
0.6875 0.709375 0.
0.8125 0.709375 0.
0.9375 0.709375 0.
1 0.709375 0.
0 0.710938 0.
0.125 0.710938 0.
0.25 0.710938 0.
0.375 0.710938 0.
0.5 0.710938 0.
0.625 0.710938 0.
0.75 0.710938 0.
0.875 0.710938 0.
1 0.710938 0.
0 0.7125 0.
0.0625 0.7125 0.
0.1875 0.7125 0.
0.3125 0.7125 0.
0.4375 0.7125 0.
0.5625 0.7125 0.
0.6875 0.7125 0.
0.8125 0.7125 0.
0.9375 0.7125 0.
1 0.7125 0.
0 0.714063 0.
0.125 0.714063 0.
0.25 0.714063 0.
0.375 0.714063 0.
0.5 0.714063 0.
0.625 0.714063 0.
0.75 0.714063 0.
0.875 0.714063 0.
1 0.714063 0.
0 0.715625 0.
0.0625 0.715625 0.
0.1875 0.715625 0.
0.3125 0.715625 0.
0.4375 0.715625 0.
0.5625 0.715625 0.
0.6875 0.715625 0.
0.8125 0.715625 0.
0.9375 0.715625 0.
1 0.715625 0.
0 0.717187 0.
0.125 0.717187 0.
0.25 0.717187 0.
0.375 0.717187 0.
0.5 0.717187 0.
0.625 0.717187 0.
0.75 0.717187 0.
0.875 0.717187 0.
1 0.717187 0.
0 0.71875 0.
0.0625 0.71875 0.
0.1875 0.71875 0.
0.3125 0.71875 0.
0.4375 0.71875 0.
0.5625 0.71875 0.
0.6875 0.71875 0.
0.8125 0.71875 0.
0.9375 0.71875 0.
1 0.71875 0.
0 0.720313 0.
0.125 0.720313 0.
0.25 0.720313 0.
0.375 0.720313 0.
0.5 0.720313 0.
0.625 0.720313 0.
0.75 0.720313 0.
0.875 0.720313 0.
1 0.720313 0.
0 0.721875 0.
0.0625 0.721875 0.
0.1875 0.721875 0.
0.3125 0.721875 0.
0.4375 0.721875 0.
0.5625 0.721875 0.
0.6875 0.721875 0.
0.8125 0.721875 0.
0.9375 0.721875 0.
1 0.721875 0.
0 0.723437 0.
0.125 0.723437 0.
0.25 0.723437 0.
0.375 0.723437 0.
0.5 0.723437 0.
0.625 0.723437 0.
0.75 0.723437 0.
0.875 0.723437 0.
1 0.723437 0.
0 0.725 0.
0.0625 0.725 0.
0.1875 0.725 0.
0.3125 0.725 0.
0.4375 0.725 0.
0.5625 0.725 0.
0.6875 0.725 0.
0.8125 0.725 0.
0.9375 0.725 0.
1 0.725 0.
0 0.726562 0.
0.125 0.726562 0.
0.25 0.726562 0.
0.375 0.726562 0.
0.5 0.726562 0.
0.625 0.726562 0.
0.75 0.726562 0.
0.875 0.726562 0.
1 0.726562 0.
0 0.728125 0.
0.0625 0.728125 0.
0.1875 0.728125 0.
0.3125 0.728125 0.
0.4375 0.728125 0.
0.5625 0.728125 0.
0.6875 0.728125 0.
0.8125 0.728125 0.
0.9375 0.728125 0.
1 0.728125 0.
0 0.729688 0.
0.125 0.729688 0.
0.25 0.729688 0.
0.375 0.729688 0.
0.5 0.729688 0.
0.625 0.729688 0.
0.75 0.729688 0.
0.875 0.729688 0.
1 0.729688 0.
0 0.73125 0.
0.0625 0.73125 0.
0.1875 0.73125 0.
0.3125 0.73125 0.
0.4375 0.73125 0.
0.5625 0.73125 0.
0.6875 0.73125 0.
0.8125 0.73125 0.
0.9375 0.73125 0.
1 0.73125 0.
0 0.732812 0.
0.125 0.732812 0.
0.25 0.732812 0.
0.375 0.732812 0.
0.5 0.732812 0.
0.625 0.732812 0.
0.75 0.732812 0.
0.875 0.732812 0.
1 0.732812 0.
0 0.734375 0.
0.0625 0.734375 0.
0.1875 0.734375 0.
0.3125 0.734375 0.
0.4375 0.734375 0.
0.5625 0.734375 0.
0.6875 0.734375 0.
0.8125 0.734375 0.
0.9375 0.734375 0.
1 0.734375 0.
0 0.735938 0.
0.125 0.735938 0.
0.25 0.735938 0.
0.375 0.735938 0.
0.5 0.735938 0.
0.625 0.735938 0.
0.75 0.735938 0.
0.875 0.735938 0.
1 0.735938 0.
0 0.7375 0.
0.0625 0.7375 0.
0.1875 0.7375 0.
0.3125 0.7375 0.
0.4375 0.7375 0.
0.5625 0.7375 0.
0.6875 0.7375 0.
0.8125 0.7375 0.
0.9375 0.7375 0.
1 0.7375 0.
0 0.739062 0.
0.125 0.739062 0.
0.25 0.739062 0.
0.375 0.739062 0.
0.5 0.739062 0.
0.625 0.739062 0.
0.75 0.739062 0.
0.875 0.739062 0.
1 0.739062 0.
0 0.740625 0.
0.0625 0.740625 0.
0.1875 0.740625 0.
0.3125 0.740625 0.
0.4375 0.740625 0.
0.5625 0.740625 0.
0.6875 0.740625 0.
0.8125 0.740625 0.
0.9375 0.740625 0.
1 0.740625 0.
0 0.742188 0.
0.125 0.742188 0.
0.25 0.742188 0.
0.375 0.742188 0.
0.5 0.742188 0.
0.625 0.742188 0.
0.75 0.742188 0.
0.875 0.742188 0.
1 0.742188 0.
0 0.74375 0.
0.0625 0.74375 0.
0.1875 0.74375 0.
0.3125 0.74375 0.
0.4375 0.74375 0.
0.5625 0.74375 0.
0.6875 0.74375 0.
0.8125 0.74375 0.
0.9375 0.74375 0.
1 0.74375 0.
0 0.745313 0.
0.125 0.745313 0.
0.25 0.745313 0.
0.375 0.745313 0.
0.5 0.745313 0.
0.625 0.745313 0.
0.75 0.745313 0.
0.875 0.745313 0.
1 0.745313 0.
0 0.746875 0.
0.0625 0.746875 0.
0.1875 0.746875 0.
0.3125 0.746875 0.
0.4375 0.746875 0.
0.5625 0.746875 0.
0.6875 0.746875 0.
0.8125 0.746875 0.
0.9375 0.746875 0.
1 0.746875 0.
0 0.748437 0.
0.125 0.748437 0.
0.25 0.748437 0.
0.375 0.748437 0.
0.5 0.748437 0.
0.625 0.748437 0.
0.75 0.748437 0.
0.875 0.748437 0.
1 0.748437 0.
0 0.75 0.
0.0625 0.75 0.
0.1875 0.75 0.
0.3125 0.75 0.
0.4375 0.75 0.
0.5625 0.75 0.
0.6875 0.75 0.
0.8125 0.75 0.
0.9375 0.75 0.
1 0.75 0.
0 0.751563 0.
0.125 0.751563 0.
0.25 0.751563 0.
0.375 0.751563 0.
0.5 0.751563 0.
0.625 0.751563 0.
0.75 0.751563 0.
0.875 0.751563 0.
1 0.751563 0.
0 0.753125 0.
0.0625 0.753125 0.
0.1875 0.753125 0.
0.3125 0.753125 0.
0.4375 0.753125 0.
0.5625 0.753125 0.
0.6875 0.753125 0.
0.8125 0.753125 0.
0.9375 0.753125 0.
1 0.753125 0.
0 0.754687 0.
0.125 0.754687 0.
0.25 0.754687 0.
0.375 0.754687 0.
0.5 0.754687 0.
0.625 0.754687 0.
0.75 0.754687 0.
0.875 0.754687 0.
1 0.754687 0.
0 0.75625 0.
0.0625 0.75625 0.
0.1875 0.75625 0.
0.3125 0.75625 0.
0.4375 0.75625 0.
0.5625 0.75625 0.
0.6875 0.75625 0.
0.8125 0.75625 0.
0.9375 0.75625 0.
1 0.75625 0.
0 0.757812 0.
0.125 0.757812 0.
0.25 0.757812 0.
0.375 0.757812 0.
0.5 0.757812 0.
0.625 0.757812 0.
0.75 0.757812 0.
0.875 0.757812 0.
1 0.757812 0.
0 0.759375 0.
0.0625 0.759375 0.
0.1875 0.759375 0.
0.3125 0.759375 0.
0.4375 0.759375 0.
0.5625 0.759375 0.
0.6875 0.759375 0.
0.8125 0.759375 0.
0.9375 0.759375 0.
1 0.759375 0.
0 0.760938 0.
0.125 0.760938 0.
0.25 0.760938 0.
0.375 0.760938 0.
0.5 0.760938 0.
0.625 0.760938 0.
0.75 0.760938 0.
0.875 0.760938 0.
1 0.760938 0.
0 0.7625 0.
0.0625 0.7625 0.
0.1875 0.7625 0.
0.3125 0.7625 0.
0.4375 0.7625 0.
0.5625 0.7625 0.
0.6875 0.7625 0.
0.8125 0.7625 0.
0.9375 0.7625 0.
1 0.7625 0.
0 0.764062 0.
0.125 0.764062 0.
0.25 0.764062 0.
0.375 0.764062 0.
0.5 0.764062 0.
0.625 0.764062 0.
0.75 0.764062 0.
0.875 0.764062 0.
1 0.764062 0.
0 0.765625 0.
0.0625 0.765625 0.
0.1875 0.765625 0.
0.3125 0.765625 0.
0.4375 0.765625 0.
0.5625 0.765625 0.
0.6875 0.765625 0.
0.8125 0.765625 0.
0.9375 0.765625 0.
1 0.765625 0.
0 0.767188 0.
0.125 0.767188 0.
0.25 0.767188 0.
0.375 0.767188 0.
0.5 0.767188 0.
0.625 0.767188 0.
0.75 0.767188 0.
0.875 0.767188 0.
1 0.767188 0.
0 0.76875 0.
0.0625 0.76875 0.
0.1875 0.76875 0.
0.3125 0.76875 0.
0.4375 0.76875 0.
0.5625 0.76875 0.
0.6875 0.76875 0.
0.8125 0.76875 0.
0.9375 0.76875 0.
1 0.76875 0.
0 0.770312 0.
0.125 0.770312 0.
0.25 0.770312 0.
0.375 0.770312 0.
0.5 0.770312 0.
0.625 0.770312 0.
0.75 0.770312 0.
0.875 0.770312 0.
1 0.770312 0.
0 0.771875 0.
0.0625 0.771875 0.
0.1875 0.771875 0.
0.3125 0.771875 0.
0.4375 0.771875 0.
0.5625 0.771875 0.
0.6875 0.771875 0.
0.8125 0.771875 0.
0.9375 0.771875 0.
1 0.771875 0.
0 0.773438 0.
0.125 0.773438 0.
0.25 0.773438 0.
0.375 0.773438 0.
0.5 0.773438 0.
0.625 0.773438 0.
0.75 0.773438 0.
0.875 0.773438 0.
1 0.773438 0.
0 0.775 0.
0.0625 0.775 0.
0.1875 0.775 0.
0.3125 0.775 0.
0.4375 0.775 0.
0.5625 0.775 0.
0.6875 0.775 0.
0.8125 0.775 0.
0.9375 0.775 0.
1 0.775 0.
0 0.776563 0.
0.125 0.776563 0.
0.25 0.776563 0.
0.375 0.776563 0.
0.5 0.776563 0.
0.625 0.776563 0.
0.75 0.776563 0.
0.875 0.776563 0.
1 0.776563 0.
0 0.778125 0.
0.0625 0.778125 0.
0.1875 0.778125 0.
0.3125 0.778125 0.
0.4375 0.778125 0.
0.5625 0.778125 0.
0.6875 0.778125 0.
0.8125 0.778125 0.
0.9375 0.778125 0.
1 0.778125 0.
0 0.779687 0.
0.125 0.779687 0.
0.25 0.779687 0.
0.375 0.779687 0.
0.5 0.779687 0.
0.625 0.779687 0.
0.75 0.779687 0.
0.875 0.779687 0.
1 0.779687 0.
0 0.78125 0.
0.0625 0.78125 0.
0.1875 0.78125 0.
0.3125 0.78125 0.
0.4375 0.78125 0.
0.5625 0.78125 0.
0.6875 0.78125 0.
0.8125 0.78125 0.
0.9375 0.78125 0.
1 0.78125 0.
0 0.782813 0.
0.125 0.782813 0.
0.25 0.782813 0.
0.375 0.782813 0.
0.5 0.782813 0.
0.625 0.782813 0.
0.75 0.782813 0.
0.875 0.782813 0.
1 0.782813 0.
0 0.784375 0.
0.0625 0.784375 0.
0.1875 0.784375 0.
0.3125 0.784375 0.
0.4375 0.784375 0.
0.5625 0.784375 0.
0.6875 0.784375 0.
0.8125 0.784375 0.
0.9375 0.784375 0.
1 0.784375 0.
0 0.785937 0.
0.125 0.785937 0.
0.25 0.785937 0.
0.375 0.785937 0.
0.5 0.785937 0.
0.625 0.785937 0.
0.75 0.785937 0.
0.875 0.785937 0.
1 0.785937 0.
0 0.7875 0.
0.0625 0.7875 0.
0.1875 0.7875 0.
0.3125 0.7875 0.
0.4375 0.7875 0.
0.5625 0.7875 0.
0.6875 0.7875 0.
0.8125 0.7875 0.
0.9375 0.7875 0.
1 0.7875 0.
0 0.789062 0.
0.125 0.789062 0.
0.25 0.789062 0.
0.375 0.789062 0.
0.5 0.789062 0.
0.625 0.789062 0.
0.75 0.789062 0.
0.875 0.789062 0.
1 0.789062 0.
0 0.790625 0.
0.0625 0.790625 0.
0.1875 0.790625 0.
0.3125 0.790625 0.
0.4375 0.790625 0.
0.5625 0.790625 0.
0.6875 0.790625 0.
0.8125 0.790625 0.
0.9375 0.790625 0.
1 0.790625 0.
0 0.792188 0.
0.125 0.792188 0.
0.25 0.792188 0.
0.375 0.792188 0.
0.5 0.792188 0.
0.625 0.792188 0.
0.75 0.792188 0.
0.875 0.792188 0.
1 0.792188 0.
0 0.79375 0.
0.0625 0.79375 0.
0.1875 0.79375 0.
0.3125 0.79375 0.
0.4375 0.79375 0.
0.5625 0.79375 0.
0.6875 0.79375 0.
0.8125 0.79375 0.
0.9375 0.79375 0.
1 0.79375 0.
0 0.795312 0.
0.125 0.795312 0.
0.25 0.795312 0.
0.375 0.795312 0.
0.5 0.795312 0.
0.625 0.795312 0.
0.75 0.795312 0.
0.875 0.795312 0.
1 0.795312 0.
0 0.796875 0.
0.0625 0.796875 0.
0.1875 0.796875 0.
0.3125 0.796875 0.
0.4375 0.796875 0.
0.5625 0.796875 0.
0.6875 0.796875 0.
0.8125 0.796875 0.
0.9375 0.796875 0.
1 0.796875 0.
0 0.798438 0.
0.125 0.798438 0.
0.25 0.798438 0.
0.375 0.798438 0.
0.5 0.798438 0.
0.625 0.798438 0.
0.75 0.798438 0.
0.875 0.798438 0.
1 0.798438 0.
0 0.8 0.
0.0625 0.8 0.
0.1875 0.8 0.
0.3125 0.8 0.
0.4375 0.8 0.
0.5625 0.8 0.
0.6875 0.8 0.
0.8125 0.8 0.
0.9375 0.8 0.
1 0.8 0.
0 0.801562 0.
0.125 0.801562 0.
0.25 0.801562 0.
0.375 0.801562 0.
0.5 0.801562 0.
0.625 0.801562 0.
0.75 0.801562 0.
0.875 0.801562 0.
1 0.801562 0.
0 0.803125 0.
0.0625 0.803125 0.
0.1875 0.803125 0.
0.3125 0.803125 0.
0.4375 0.803125 0.
0.5625 0.803125 0.
0.6875 0.803125 0.
0.8125 0.803125 0.
0.9375 0.803125 0.
1 0.803125 0.
0 0.804688 0.
0.125 0.804688 0.
0.25 0.804688 0.
0.375 0.804688 0.
0.5 0.804688 0.
0.625 0.804688 0.
0.75 0.804688 0.
0.875 0.804688 0.
1 0.804688 0.
0 0.80625 0.
0.0625 0.80625 0.
0.1875 0.80625 0.
0.3125 0.80625 0.
0.4375 0.80625 0.
0.5625 0.80625 0.
0.6875 0.80625 0.
0.8125 0.80625 0.
0.9375 0.80625 0.
1 0.80625 0.
0 0.807813 0.
0.125 0.807813 0.
0.25 0.807813 0.
0.375 0.807813 0.
0.5 0.807813 0.
0.625 0.807813 0.
0.75 0.807813 0.
0.875 0.807813 0.
1 0.807813 0.
0 0.809375 0.
0.0625 0.809375 0.
0.1875 0.809375 0.
0.3125 0.809375 0.
0.4375 0.809375 0.
0.5625 0.809375 0.
0.6875 0.809375 0.
0.8125 0.809375 0.
0.9375 0.809375 0.
1 0.809375 0.
0 0.810937 0.
0.125 0.810937 0.
0.25 0.810937 0.
0.375 0.810937 0.
0.5 0.810937 0.
0.625 0.810937 0.
0.75 0.810937 0.
0.875 0.810937 0.
1 0.810937 0.
0 0.8125 0.
0.0625 0.8125 0.
0.1875 0.8125 0.
0.3125 0.8125 0.
0.4375 0.8125 0.
0.5625 0.8125 0.
0.6875 0.8125 0.
0.8125 0.8125 0.
0.9375 0.8125 0.
1 0.8125 0.
0 0.814063 0.
0.125 0.814063 0.
0.25 0.814063 0.
0.375 0.814063 0.
0.5 0.814063 0.
0.625 0.814063 0.
0.75 0.814063 0.
0.875 0.814063 0.
1 0.814063 0.
0 0.815625 0.
0.0625 0.815625 0.
0.1875 0.815625 0.
0.3125 0.815625 0.
0.4375 0.815625 0.
0.5625 0.815625 0.
0.6875 0.815625 0.
0.8125 0.815625 0.
0.9375 0.815625 0.
1 0.815625 0.
0 0.817187 0.
0.125 0.817187 0.
0.25 0.817187 0.
0.375 0.817187 0.
0.5 0.817187 0.
0.625 0.817187 0.
0.75 0.817187 0.
0.875 0.817187 0.
1 0.817187 0.
0 0.81875 0.
0.0625 0.81875 0.
0.1875 0.81875 0.
0.3125 0.81875 0.
0.4375 0.81875 0.
0.5625 0.81875 0.
0.6875 0.81875 0.
0.8125 0.81875 0.
0.9375 0.81875 0.
1 0.81875 0.
0 0.820312 0.
0.125 0.820312 0.
0.25 0.820312 0.
0.375 0.820312 0.
0.5 0.820312 0.
0.625 0.820312 0.
0.75 0.820312 0.
0.875 0.820312 0.
1 0.820312 0.
0 0.821875 0.
0.0625 0.821875 0.
0.1875 0.821875 0.
0.3125 0.821875 0.
0.4375 0.821875 0.
0.5625 0.821875 0.
0.6875 0.821875 0.
0.8125 0.821875 0.
0.9375 0.821875 0.
1 0.821875 0.
0 0.823438 0.
0.125 0.823438 0.
0.25 0.823438 0.
0.375 0.823438 0.
0.5 0.823438 0.
0.625 0.823438 0.
0.75 0.823438 0.
0.875 0.823438 0.
1 0.823438 0.
0 0.825 0.
0.0625 0.825 0.
0.1875 0.825 0.
0.3125 0.825 0.
0.4375 0.825 0.
0.5625 0.825 0.
0.6875 0.825 0.
0.8125 0.825 0.
0.9375 0.825 0.
1 0.825 0.
0 0.826562 0.
0.125 0.826562 0.
0.25 0.826562 0.
0.375 0.826562 0.
0.5 0.826562 0.
0.625 0.826562 0.
0.75 0.826562 0.
0.875 0.826562 0.
1 0.826562 0.
0 0.828125 0.
0.0625 0.828125 0.
0.1875 0.828125 0.
0.3125 0.828125 0.
0.4375 0.828125 0.
0.5625 0.828125 0.
0.6875 0.828125 0.
0.8125 0.828125 0.
0.9375 0.828125 0.
1 0.828125 0.
0 0.829688 0.
0.125 0.829688 0.
0.25 0.829688 0.
0.375 0.829688 0.
0.5 0.829688 0.
0.625 0.829688 0.
0.75 0.829688 0.
0.875 0.829688 0.
1 0.829688 0.
0 0.83125 0.
0.0625 0.83125 0.
0.1875 0.83125 0.
0.3125 0.83125 0.
0.4375 0.83125 0.
0.5625 0.83125 0.
0.6875 0.83125 0.
0.8125 0.83125 0.
0.9375 0.83125 0.
1 0.83125 0.
0 0.832812 0.
0.125 0.832812 0.
0.25 0.832812 0.
0.375 0.832812 0.
0.5 0.832812 0.
0.625 0.832812 0.
0.75 0.832812 0.
0.875 0.832812 0.
1 0.832812 0.
0 0.834375 0.
0.0625 0.834375 0.
0.1875 0.834375 0.
0.3125 0.834375 0.
0.4375 0.834375 0.
0.5625 0.834375 0.
0.6875 0.834375 0.
0.8125 0.834375 0.
0.9375 0.834375 0.
1 0.834375 0.
0 0.835938 0.
0.125 0.835938 0.
0.25 0.835938 0.
0.375 0.835938 0.
0.5 0.835938 0.
0.625 0.835938 0.
0.75 0.835938 0.
0.875 0.835938 0.
1 0.835938 0.
0 0.8375 0.
0.0625 0.8375 0.
0.1875 0.8375 0.
0.3125 0.8375 0.
0.4375 0.8375 0.
0.5625 0.8375 0.
0.6875 0.8375 0.
0.8125 0.8375 0.
0.9375 0.8375 0.
1 0.8375 0.
0 0.839063 0.
0.125 0.839063 0.
0.25 0.839063 0.
0.375 0.839063 0.
0.5 0.839063 0.
0.625 0.839063 0.
0.75 0.839063 0.
0.875 0.839063 0.
1 0.839063 0.
0 0.840625 0.
0.0625 0.840625 0.
0.1875 0.840625 0.
0.3125 0.840625 0.
0.4375 0.840625 0.
0.5625 0.840625 0.
0.6875 0.840625 0.
0.8125 0.840625 0.
0.9375 0.840625 0.
1 0.840625 0.
0 0.842187 0.
0.125 0.842187 0.
0.25 0.842187 0.
0.375 0.842187 0.
0.5 0.842187 0.
0.625 0.842187 0.
0.75 0.842187 0.
0.875 0.842187 0.
1 0.842187 0.
0 0.84375 0.
0.0625 0.84375 0.
0.1875 0.84375 0.
0.3125 0.84375 0.
0.4375 0.84375 0.
0.5625 0.84375 0.
0.6875 0.84375 0.
0.8125 0.84375 0.
0.9375 0.84375 0.
1 0.84375 0.
0 0.845313 0.
0.125 0.845313 0.
0.25 0.845313 0.
0.375 0.845313 0.
0.5 0.845313 0.
0.625 0.845313 0.
0.75 0.845313 0.
0.875 0.845313 0.
1 0.845313 0.
0 0.846875 0.
0.0625 0.846875 0.
0.1875 0.846875 0.
0.3125 0.846875 0.
0.4375 0.846875 0.
0.5625 0.846875 0.
0.6875 0.846875 0.
0.8125 0.846875 0.
0.9375 0.846875 0.
1 0.846875 0.
0 0.848437 0.
0.125 0.848437 0.
0.25 0.848437 0.
0.375 0.848437 0.
0.5 0.848437 0.
0.625 0.848437 0.
0.75 0.848437 0.
0.875 0.848437 0.
1 0.848437 0.
0 0.85 0.
0.0625 0.85 0.
0.1875 0.85 0.
0.3125 0.85 0.
0.4375 0.85 0.
0.5625 0.85 0.
0.6875 0.85 0.
0.8125 0.85 0.
0.9375 0.85 0.
1 0.85 0.
0 0.851562 0.
0.125 0.851562 0.
0.25 0.851562 0.
0.375 0.851562 0.
0.5 0.851562 0.
0.625 0.851562 0.
0.75 0.851562 0.
0.875 0.851562 0.
1 0.851562 0.
0 0.853125 0.
0.0625 0.853125 0.
0.1875 0.853125 0.
0.3125 0.853125 0.
0.4375 0.853125 0.
0.5625 0.853125 0.
0.6875 0.853125 0.
0.8125 0.853125 0.
0.9375 0.853125 0.
1 0.853125 0.
0 0.854688 0.
0.125 0.854688 0.
0.25 0.854688 0.
0.375 0.854688 0.
0.5 0.854688 0.
0.625 0.854688 0.
0.75 0.854688 0.
0.875 0.854688 0.
1 0.854688 0.
0 0.85625 0.
0.0625 0.85625 0.
0.1875 0.85625 0.
0.3125 0.85625 0.
0.4375 0.85625 0.
0.5625 0.85625 0.
0.6875 0.85625 0.
0.8125 0.85625 0.
0.9375 0.85625 0.
1 0.85625 0.
0 0.857812 0.
0.125 0.857812 0.
0.25 0.857812 0.
0.375 0.857812 0.
0.5 0.857812 0.
0.625 0.857812 0.
0.75 0.857812 0.
0.875 0.857812 0.
1 0.857812 0.
0 0.859375 0.
0.0625 0.859375 0.
0.1875 0.859375 0.
0.3125 0.859375 0.
0.4375 0.859375 0.
0.5625 0.859375 0.
0.6875 0.859375 0.
0.8125 0.859375 0.
0.9375 0.859375 0.
1 0.859375 0.
0 0.860938 0.
0.125 0.860938 0.
0.25 0.860938 0.
0.375 0.860938 0.
0.5 0.860938 0.
0.625 0.860938 0.
0.75 0.860938 0.
0.875 0.860938 0.
1 0.860938 0.
0 0.8625 0.
0.0625 0.8625 0.
0.1875 0.8625 0.
0.3125 0.8625 0.
0.4375 0.8625 0.
0.5625 0.8625 0.
0.6875 0.8625 0.
0.8125 0.8625 0.
0.9375 0.8625 0.
1 0.8625 0.
0 0.864062 0.
0.125 0.864062 0.
0.25 0.864062 0.
0.375 0.864062 0.
0.5 0.864062 0.
0.625 0.864062 0.
0.75 0.864062 0.
0.875 0.864062 0.
1 0.864062 0.
0 0.865625 0.
0.0625 0.865625 0.
0.1875 0.865625 0.
0.3125 0.865625 0.
0.4375 0.865625 0.
0.5625 0.865625 0.
0.6875 0.865625 0.
0.8125 0.865625 0.
0.9375 0.865625 0.
1 0.865625 0.
0 0.867188 0.
0.125 0.867188 0.
0.25 0.867188 0.
0.375 0.867188 0.
0.5 0.867188 0.
0.625 0.867188 0.
0.75 0.867188 0.
0.875 0.867188 0.
1 0.867188 0.
0 0.86875 0.
0.0625 0.86875 0.
0.1875 0.86875 0.
0.3125 0.86875 0.
0.4375 0.86875 0.
0.5625 0.86875 0.
0.6875 0.86875 0.
0.8125 0.86875 0.
0.9375 0.86875 0.
1 0.86875 0.
0 0.870313 0.
0.125 0.870313 0.
0.25 0.870313 0.
0.375 0.870313 0.
0.5 0.870313 0.
0.625 0.870313 0.
0.75 0.870313 0.
0.875 0.870313 0.
1 0.870313 0.
0 0.871875 0.
0.0625 0.871875 0.
0.1875 0.871875 0.
0.3125 0.871875 0.
0.4375 0.871875 0.
0.5625 0.871875 0.
0.6875 0.871875 0.
0.8125 0.871875 0.
0.9375 0.871875 0.
1 0.871875 0.
0 0.873437 0.
0.125 0.873437 0.
0.25 0.873437 0.
0.375 0.873437 0.
0.5 0.873437 0.
0.625 0.873437 0.
0.75 0.873437 0.
0.875 0.873437 0.
1 0.873437 0.
0 0.875 0.
0.0625 0.875 0.
0.1875 0.875 0.
0.3125 0.875 0.
0.4375 0.875 0.
0.5625 0.875 0.
0.6875 0.875 0.
0.8125 0.875 0.
0.9375 0.875 0.
1 0.875 0.
0 0.876563 0.
0.125 0.876563 0.
0.25 0.876563 0.
0.375 0.876563 0.
0.5 0.876563 0.
0.625 0.876563 0.
0.75 0.876563 0.
0.875 0.876563 0.
1 0.876563 0.
0 0.878125 0.
0.0625 0.878125 0.
0.1875 0.878125 0.
0.3125 0.878125 0.
0.4375 0.878125 0.
0.5625 0.878125 0.
0.6875 0.878125 0.
0.8125 0.878125 0.
0.9375 0.878125 0.
1 0.878125 0.
0 0.879687 0.
0.125 0.879687 0.
0.25 0.879687 0.
0.375 0.879687 0.
0.5 0.879687 0.
0.625 0.879687 0.
0.75 0.879687 0.
0.875 0.879687 0.
1 0.879687 0.
0 0.88125 0.
0.0625 0.88125 0.
0.1875 0.88125 0.
0.3125 0.88125 0.
0.4375 0.88125 0.
0.5625 0.88125 0.
0.6875 0.88125 0.
0.8125 0.88125 0.
0.9375 0.88125 0.
1 0.88125 0.
0 0.882812 0.
0.125 0.882812 0.
0.25 0.882812 0.
0.375 0.882812 0.
0.5 0.882812 0.
0.625 0.882812 0.
0.75 0.882812 0.
0.875 0.882812 0.
1 0.882812 0.
0 0.884375 0.
0.0625 0.884375 0.
0.1875 0.884375 0.
0.3125 0.884375 0.
0.4375 0.884375 0.
0.5625 0.884375 0.
0.6875 0.884375 0.
0.8125 0.884375 0.
0.9375 0.884375 0.
1 0.884375 0.
0 0.885938 0.
0.125 0.885938 0.
0.25 0.885938 0.
0.375 0.885938 0.
0.5 0.885938 0.
0.625 0.885938 0.
0.75 0.885938 0.
0.875 0.885938 0.
1 0.885938 0.
0 0.8875 0.
0.0625 0.8875 0.
0.1875 0.8875 0.
0.3125 0.8875 0.
0.4375 0.8875 0.
0.5625 0.8875 0.
0.6875 0.8875 0.
0.8125 0.8875 0.
0.9375 0.8875 0.
1 0.8875 0.
0 0.889062 0.
0.125 0.889062 0.
0.25 0.889062 0.
0.375 0.889062 0.
0.5 0.889062 0.
0.625 0.889062 0.
0.75 0.889062 0.
0.875 0.889062 0.
1 0.889062 0.
0 0.890625 0.
0.0625 0.890625 0.
0.1875 0.890625 0.
0.3125 0.890625 0.
0.4375 0.890625 0.
0.5625 0.890625 0.
0.6875 0.890625 0.
0.8125 0.890625 0.
0.9375 0.890625 0.
1 0.890625 0.
0 0.892188 0.
0.125 0.892188 0.
0.25 0.892188 0.
0.375 0.892188 0.
0.5 0.892188 0.
0.625 0.892188 0.
0.75 0.892188 0.
0.875 0.892188 0.
1 0.892188 0.
0 0.89375 0.
0.0625 0.89375 0.
0.1875 0.89375 0.
0.3125 0.89375 0.
0.4375 0.89375 0.
0.5625 0.89375 0.
0.6875 0.89375 0.
0.8125 0.89375 0.
0.9375 0.89375 0.
1 0.89375 0.
0 0.895312 0.
0.125 0.895312 0.
0.25 0.895312 0.
0.375 0.895312 0.
0.5 0.895312 0.
0.625 0.895312 0.
0.75 0.895312 0.
0.875 0.895312 0.
1 0.895312 0.
0 0.896875 0.
0.0625 0.896875 0.
0.1875 0.896875 0.
0.3125 0.896875 0.
0.4375 0.896875 0.
0.5625 0.896875 0.
0.6875 0.896875 0.
0.8125 0.896875 0.
0.9375 0.896875 0.
1 0.896875 0.
0 0.898438 0.
0.125 0.898438 0.
0.25 0.898438 0.
0.375 0.898438 0.
0.5 0.898438 0.
0.625 0.898438 0.
0.75 0.898438 0.
0.875 0.898438 0.
1 0.898438 0.
0 0.9 0.
0.0625 0.9 0.
0.1875 0.9 0.
0.3125 0.9 0.
0.4375 0.9 0.
0.5625 0.9 0.
0.6875 0.9 0.
0.8125 0.9 0.
0.9375 0.9 0.
1 0.9 0.
0 0.901563 0.
0.125 0.901563 0.
0.25 0.901563 0.
0.375 0.901563 0.
0.5 0.901563 0.
0.625 0.901563 0.
0.75 0.901563 0.
0.875 0.901563 0.
1 0.901563 0.
0 0.903125 0.
0.0625 0.903125 0.
0.1875 0.903125 0.
0.3125 0.903125 0.
0.4375 0.903125 0.
0.5625 0.903125 0.
0.6875 0.903125 0.
0.8125 0.903125 0.
0.9375 0.903125 0.
1 0.903125 0.
0 0.904687 0.
0.125 0.904687 0.
0.25 0.904687 0.
0.375 0.904687 0.
0.5 0.904687 0.
0.625 0.904687 0.
0.75 0.904687 0.
0.875 0.904687 0.
1 0.904687 0.
0 0.90625 0.
0.0625 0.90625 0.
0.1875 0.90625 0.
0.3125 0.90625 0.
0.4375 0.90625 0.
0.5625 0.90625 0.
0.6875 0.90625 0.
0.8125 0.90625 0.
0.9375 0.90625 0.
1 0.90625 0.
0 0.907813 0.
0.125 0.907813 0.
0.25 0.907813 0.
0.375 0.907813 0.
0.5 0.907813 0.
0.625 0.907813 0.
0.75 0.907813 0.
0.875 0.907813 0.
1 0.907813 0.
0 0.909375 0.
0.0625 0.909375 0.
0.1875 0.909375 0.
0.3125 0.909375 0.
0.4375 0.909375 0.
0.5625 0.909375 0.
0.6875 0.909375 0.
0.8125 0.909375 0.
0.9375 0.909375 0.
1 0.909375 0.
0 0.910937 0.
0.125 0.910937 0.
0.25 0.910937 0.
0.375 0.910937 0.
0.5 0.910937 0.
0.625 0.910937 0.
0.75 0.910937 0.
0.875 0.910937 0.
1 0.910937 0.
0 0.9125 0.
0.0625 0.9125 0.
0.1875 0.9125 0.
0.3125 0.9125 0.
0.4375 0.9125 0.
0.5625 0.9125 0.
0.6875 0.9125 0.
0.8125 0.9125 0.
0.9375 0.9125 0.
1 0.9125 0.
0 0.914062 0.
0.125 0.914062 0.
0.25 0.914062 0.
0.375 0.914062 0.
0.5 0.914062 0.
0.625 0.914062 0.
0.75 0.914062 0.
0.875 0.914062 0.
1 0.914062 0.
0 0.915625 0.
0.0625 0.915625 0.
0.1875 0.915625 0.
0.3125 0.915625 0.
0.4375 0.915625 0.
0.5625 0.915625 0.
0.6875 0.915625 0.
0.8125 0.915625 0.
0.9375 0.915625 0.
1 0.915625 0.
0 0.917188 0.
0.125 0.917188 0.
0.25 0.917188 0.
0.375 0.917188 0.
0.5 0.917188 0.
0.625 0.917188 0.
0.75 0.917188 0.
0.875 0.917188 0.
1 0.917188 0.
0 0.91875 0.
0.0625 0.91875 0.
0.1875 0.91875 0.
0.3125 0.91875 0.
0.4375 0.91875 0.
0.5625 0.91875 0.
0.6875 0.91875 0.
0.8125 0.91875 0.
0.9375 0.91875 0.
1 0.91875 0.
0 0.920312 0.
0.125 0.920312 0.
0.25 0.920312 0.
0.375 0.920312 0.
0.5 0.920312 0.
0.625 0.920312 0.
0.75 0.920312 0.
0.875 0.920312 0.
1 0.920312 0.
0 0.921875 0.
0.0625 0.921875 0.
0.1875 0.921875 0.
0.3125 0.921875 0.
0.4375 0.921875 0.
0.5625 0.921875 0.
0.6875 0.921875 0.
0.8125 0.921875 0.
0.9375 0.921875 0.
1 0.921875 0.
0 0.923438 0.
0.125 0.923438 0.
0.25 0.923438 0.
0.375 0.923438 0.
0.5 0.923438 0.
0.625 0.923438 0.
0.75 0.923438 0.
0.875 0.923438 0.
1 0.923438 0.
0 0.925 0.
0.0625 0.925 0.
0.1875 0.925 0.
0.3125 0.925 0.
0.4375 0.925 0.
0.5625 0.925 0.
0.6875 0.925 0.
0.8125 0.925 0.
0.9375 0.925 0.
1 0.925 0.
0 0.926562 0.
0.125 0.926562 0.
0.25 0.926562 0.
0.375 0.926562 0.
0.5 0.926562 0.
0.625 0.926562 0.
0.75 0.926562 0.
0.875 0.926562 0.
1 0.926562 0.
0 0.928125 0.
0.0625 0.928125 0.
0.1875 0.928125 0.
0.3125 0.928125 0.
0.4375 0.928125 0.
0.5625 0.928125 0.
0.6875 0.928125 0.
0.8125 0.928125 0.
0.9375 0.928125 0.
1 0.928125 0.
0 0.929688 0.
0.125 0.929688 0.
0.25 0.929688 0.
0.375 0.929688 0.
0.5 0.929688 0.
0.625 0.929688 0.
0.75 0.929688 0.
0.875 0.929688 0.
1 0.929688 0.
0 0.93125 0.
0.0625 0.93125 0.
0.1875 0.93125 0.
0.3125 0.93125 0.
0.4375 0.93125 0.
0.5625 0.93125 0.
0.6875 0.93125 0.
0.8125 0.93125 0.
0.9375 0.93125 0.
1 0.93125 0.
0 0.932813 0.
0.125 0.932813 0.
0.25 0.932813 0.
0.375 0.932813 0.
0.5 0.932813 0.
0.625 0.932813 0.
0.75 0.932813 0.
0.875 0.932813 0.
1 0.932813 0.
0 0.934375 0.
0.0625 0.934375 0.
0.1875 0.934375 0.
0.3125 0.934375 0.
0.4375 0.934375 0.
0.5625 0.934375 0.
0.6875 0.934375 0.
0.8125 0.934375 0.
0.9375 0.934375 0.
1 0.934375 0.
0 0.935937 0.
0.125 0.935937 0.
0.25 0.935937 0.
0.375 0.935937 0.
0.5 0.935937 0.
0.625 0.935937 0.
0.75 0.935937 0.
0.875 0.935937 0.
1 0.935937 0.
0 0.9375 0.
0.0625 0.9375 0.
0.1875 0.9375 0.
0.3125 0.9375 0.
0.4375 0.9375 0.
0.5625 0.9375 0.
0.6875 0.9375 0.
0.8125 0.9375 0.
0.9375 0.9375 0.
1 0.9375 0.
0 0.939063 0.
0.125 0.939063 0.
0.25 0.939063 0.
0.375 0.939063 0.
0.5 0.939063 0.
0.625 0.939063 0.
0.75 0.939063 0.
0.875 0.939063 0.
1 0.939063 0.
0 0.940625 0.
0.0625 0.940625 0.
0.1875 0.940625 0.
0.3125 0.940625 0.
0.4375 0.940625 0.
0.5625 0.940625 0.
0.6875 0.940625 0.
0.8125 0.940625 0.
0.9375 0.940625 0.
1 0.940625 0.
0 0.942187 0.
0.125 0.942187 0.
0.25 0.942187 0.
0.375 0.942187 0.
0.5 0.942187 0.
0.625 0.942187 0.
0.75 0.942187 0.
0.875 0.942187 0.
1 0.942187 0.
0 0.94375 0.
0.0625 0.94375 0.
0.1875 0.94375 0.
0.3125 0.94375 0.
0.4375 0.94375 0.
0.5625 0.94375 0.
0.6875 0.94375 0.
0.8125 0.94375 0.
0.9375 0.94375 0.
1 0.94375 0.
0 0.945312 0.
0.125 0.945312 0.
0.25 0.945312 0.
0.375 0.945312 0.
0.5 0.945312 0.
0.625 0.945312 0.
0.75 0.945312 0.
0.875 0.945312 0.
1 0.945312 0.
0 0.946875 0.
0.0625 0.946875 0.
0.1875 0.946875 0.
0.3125 0.946875 0.
0.4375 0.946875 0.
0.5625 0.946875 0.
0.6875 0.946875 0.
0.8125 0.946875 0.
0.9375 0.946875 0.
1 0.946875 0.
0 0.948438 0.
0.125 0.948438 0.
0.25 0.948438 0.
0.375 0.948438 0.
0.5 0.948438 0.
0.625 0.948438 0.
0.75 0.948438 0.
0.875 0.948438 0.
1 0.948438 0.
0 0.95 0.
0.0625 0.95 0.
0.1875 0.95 0.
0.3125 0.95 0.
0.4375 0.95 0.
0.5625 0.95 0.
0.6875 0.95 0.
0.8125 0.95 0.
0.9375 0.95 0.
1 0.95 0.
0 0.951562 0.
0.125 0.951562 0.
0.25 0.951562 0.
0.375 0.951562 0.
0.5 0.951562 0.
0.625 0.951562 0.
0.75 0.951562 0.
0.875 0.951562 0.
1 0.951562 0.
0 0.953125 0.
0.0625 0.953125 0.
0.1875 0.953125 0.
0.3125 0.953125 0.
0.4375 0.953125 0.
0.5625 0.953125 0.
0.6875 0.953125 0.
0.8125 0.953125 0.
0.9375 0.953125 0.
1 0.953125 0.
0 0.954688 0.
0.125 0.954688 0.
0.25 0.954688 0.
0.375 0.954688 0.
0.5 0.954688 0.
0.625 0.954688 0.
0.75 0.954688 0.
0.875 0.954688 0.
1 0.954688 0.
0 0.95625 0.
0.0625 0.95625 0.
0.1875 0.95625 0.
0.3125 0.95625 0.
0.4375 0.95625 0.
0.5625 0.95625 0.
0.6875 0.95625 0.
0.8125 0.95625 0.
0.9375 0.95625 0.
1 0.95625 0.
0 0.957812 0.
0.125 0.957812 0.
0.25 0.957812 0.
0.375 0.957812 0.
0.5 0.957812 0.
0.625 0.957812 0.
0.75 0.957812 0.
0.875 0.957812 0.
1 0.957812 0.
0 0.959375 0.
0.0625 0.959375 0.
0.1875 0.959375 0.
0.3125 0.959375 0.
0.4375 0.959375 0.
0.5625 0.959375 0.
0.6875 0.959375 0.
0.8125 0.959375 0.
0.9375 0.959375 0.
1 0.959375 0.
0 0.960938 0.
0.125 0.960938 0.
0.25 0.960938 0.
0.375 0.960938 0.
0.5 0.960938 0.
0.625 0.960938 0.
0.75 0.960938 0.
0.875 0.960938 0.
1 0.960938 0.
0 0.9625 0.
0.0625 0.9625 0.
0.1875 0.9625 0.
0.3125 0.9625 0.
0.4375 0.9625 0.
0.5625 0.9625 0.
0.6875 0.9625 0.
0.8125 0.9625 0.
0.9375 0.9625 0.
1 0.9625 0.
0 0.964063 0.
0.125 0.964063 0.
0.25 0.964063 0.
0.375 0.964063 0.
0.5 0.964063 0.
0.625 0.964063 0.
0.75 0.964063 0.
0.875 0.964063 0.
1 0.964063 0.
0 0.965625 0.
0.0625 0.965625 0.
0.1875 0.965625 0.
0.3125 0.965625 0.
0.4375 0.965625 0.
0.5625 0.965625 0.
0.6875 0.965625 0.
0.8125 0.965625 0.
0.9375 0.965625 0.
1 0.965625 0.
0 0.967187 0.
0.125 0.967187 0.
0.25 0.967187 0.
0.375 0.967187 0.
0.5 0.967187 0.
0.625 0.967187 0.
0.75 0.967187 0.
0.875 0.967187 0.
1 0.967187 0.
0 0.96875 0.
0.0625 0.96875 0.
0.1875 0.96875 0.
0.3125 0.96875 0.
0.4375 0.96875 0.
0.5625 0.96875 0.
0.6875 0.96875 0.
0.8125 0.96875 0.
0.9375 0.96875 0.
1 0.96875 0.
0 0.970313 0.
0.125 0.970313 0.
0.25 0.970313 0.
0.375 0.970313 0.
0.5 0.970313 0.
0.625 0.970313 0.
0.75 0.970313 0.
0.875 0.970313 0.
1 0.970313 0.
0 0.971875 0.
0.0625 0.971875 0.
0.1875 0.971875 0.
0.3125 0.971875 0.
0.4375 0.971875 0.
0.5625 0.971875 0.
0.6875 0.971875 0.
0.8125 0.971875 0.
0.9375 0.971875 0.
1 0.971875 0.
0 0.973437 0.
0.125 0.973437 0.
0.25 0.973437 0.
0.375 0.973437 0.
0.5 0.973437 0.
0.625 0.973437 0.
0.75 0.973437 0.
0.875 0.973437 0.
1 0.973437 0.
0 0.975 0.
0.0625 0.975 0.
0.1875 0.975 0.
0.3125 0.975 0.
0.4375 0.975 0.
0.5625 0.975 0.
0.6875 0.975 0.
0.8125 0.975 0.
0.9375 0.975 0.
1 0.975 0.
0 0.976562 0.
0.125 0.976562 0.
0.25 0.976562 0.
0.375 0.976562 0.
0.5 0.976562 0.
0.625 0.976562 0.
0.75 0.976562 0.
0.875 0.976562 0.
1 0.976562 0.
0 0.978125 0.
0.0625 0.978125 0.
0.1875 0.978125 0.
0.3125 0.978125 0.
0.4375 0.978125 0.
0.5625 0.978125 0.
0.6875 0.978125 0.
0.8125 0.978125 0.
0.9375 0.978125 0.
1 0.978125 0.
0 0.979688 0.
0.125 0.979688 0.
0.25 0.979688 0.
0.375 0.979688 0.
0.5 0.979688 0.
0.625 0.979688 0.
0.75 0.979688 0.
0.875 0.979688 0.
1 0.979688 0.
0 0.98125 0.
0.0625 0.98125 0.
0.1875 0.98125 0.
0.3125 0.98125 0.
0.4375 0.98125 0.
0.5625 0.98125 0.
0.6875 0.98125 0.
0.8125 0.98125 0.
0.9375 0.98125 0.
1 0.98125 0.
0 0.982812 0.
0.125 0.982812 0.
0.25 0.982812 0.
0.375 0.982812 0.
0.5 0.982812 0.
0.625 0.982812 0.
0.75 0.982812 0.
0.875 0.982812 0.
1 0.982812 0.
0 0.984375 0.
0.0625 0.984375 0.
0.1875 0.984375 0.
0.3125 0.984375 0.
0.4375 0.984375 0.
0.5625 0.984375 0.
0.6875 0.984375 0.
0.8125 0.984375 0.
0.9375 0.984375 0.
1 0.984375 0.
0 0.985938 0.
0.125 0.985938 0.
0.25 0.985938 0.
0.375 0.985938 0.
0.5 0.985938 0.
0.625 0.985938 0.
0.75 0.985938 0.
0.875 0.985938 0.
1 0.985938 0.
0 0.9875 0.
0.0625 0.9875 0.
0.1875 0.9875 0.
0.3125 0.9875 0.
0.4375 0.9875 0.
0.5625 0.9875 0.
0.6875 0.9875 0.
0.8125 0.9875 0.
0.9375 0.9875 0.
1 0.9875 0.
0 0.989062 0.
0.125 0.989062 0.
0.25 0.989062 0.
0.375 0.989062 0.
0.5 0.989062 0.
0.625 0.989062 0.
0.75 0.989062 0.
0.875 0.989062 0.
1 0.989062 0.
0 0.990625 0.
0.0625 0.990625 0.
0.1875 0.990625 0.
0.3125 0.990625 0.
0.4375 0.990625 0.
0.5625 0.990625 0.
0.6875 0.990625 0.
0.8125 0.990625 0.
0.9375 0.990625 0.
1 0.990625 0.
0 0.992188 0.
0.125 0.992188 0.
0.25 0.992188 0.
0.375 0.992188 0.
0.5 0.992188 0.
0.625 0.992188 0.
0.75 0.992188 0.
0.875 0.992188 0.
1 0.992188 0.
0 0.99375 0.
0.0625 0.99375 0.
0.1875 0.99375 0.
0.3125 0.99375 0.
0.4375 0.99375 0.
0.5625 0.99375 0.
0.6875 0.99375 0.
0.8125 0.99375 0.
0.9375 0.99375 0.
1 0.99375 0.
0 0.995313 0.
0.125 0.995313 0.
0.25 0.995313 0.
0.375 0.995313 0.
0.5 0.995313 0.
0.625 0.995313 0.
0.75 0.995313 0.
0.875 0.995313 0.
1 0.995313 0.
0 0.996875 0.
0.0625 0.996875 0.
0.1875 0.996875 0.
0.3125 0.996875 0.
0.4375 0.996875 0.
0.5625 0.996875 0.
0.6875 0.996875 0.
0.8125 0.996875 0.
0.9375 0.996875 0.
1 0.996875 0.
0 0.998437 0.
0.125 0.998437 0.
0.25 0.998437 0.
0.375 0.998437 0.
0.5 0.998437 0.
0.625 0.998437 0.
0.75 0.998437 0.
0.875 0.998437 0.
1 0.998437 0.
0 1 0.
0.0625 1 0.
0.1875 1 0.
0.3125 1 0.
0.4375 1 0.
0.5625 1 0.
0.6875 1 0.
0.8125 1 0.
0.9375 1 0.
1 1 0.
3 0 1 10
3 10 20 19
3 1 11 10
3 10 11 20
3 2 12 11
3 11 12 21
3 3 13 12
3 12 13 22
3 4 14 13
3 13 14 23
3 5 15 14
3 14 15 24
3 6 16 15
3 15 16 25
3 7 17 16
3 16 17 26
3 8 18 17
3 17 18 27
3 1 2 11
3 11 21 20
3 2 3 12
3 12 22 21
3 3 4 13
3 13 23 22
3 4 5 14
3 14 24 23
3 5 6 15
3 15 25 24
3 6 7 16
3 16 26 25
3 7 8 17
3 17 27 26
3 8 9 18
3 18 28 27
3 19 20 29
3 29 39 38
3 20 30 29
3 29 30 39
3 21 31 30
3 30 31 40
3 22 32 31
3 31 32 41
3 23 33 32
3 32 33 42
3 24 34 33
3 33 34 43
3 25 35 34
3 34 35 44
3 26 36 35
3 35 36 45
3 27 37 36
3 36 37 46
3 20 21 30
3 30 40 39
3 21 22 31
3 31 41 40
3 22 23 32
3 32 42 41
3 23 24 33
3 33 43 42
3 24 25 34
3 34 44 43
3 25 26 35
3 35 45 44
3 26 27 36
3 36 46 45
3 27 28 37
3 37 47 46
3 38 39 48
3 48 58 57
3 39 49 48
3 48 49 58
3 40 50 49
3 49 50 59
3 41 51 50
3 50 51 60
3 42 52 51
3 51 52 61
3 43 53 52
3 52 53 62
3 44 54 53
3 53 54 63
3 45 55 54
3 54 55 64
3 46 56 55
3 55 56 65
3 39 40 49
3 49 59 58
3 40 41 50
3 50 60 59
3 41 42 51
3 51 61 60
3 42 43 52
3 52 62 61
3 43 44 53
3 53 63 62
3 44 45 54
3 54 64 63
3 45 46 55
3 55 65 64
3 46 47 56
3 56 66 65
3 57 58 67
3 67 77 76
3 58 68 67
3 67 68 77
3 59 69 68
3 68 69 78
3 60 70 69
3 69 70 79
3 61 71 70
3 70 71 80
3 62 72 71
3 71 72 81
3 63 73 72
3 72 73 82
3 64 74 73
3 73 74 83
3 65 75 74
3 74 75 84
3 58 59 68
3 68 78 77
3 59 60 69
3 69 79 78
3 60 61 70
3 70 80 79
3 61 62 71
3 71 81 80
3 62 63 72
3 72 82 81
3 63 64 73
3 73 83 82
3 64 65 74
3 74 84 83
3 65 66 75
3 75 85 84
3 76 77 86
3 86 96 95
3 77 87 86
3 86 87 96
3 78 88 87
3 87 88 97
3 79 89 88
3 88 89 98
3 80 90 89
3 89 90 99
3 81 91 90
3 90 91 100
3 82 92 91
3 91 92 101
3 83 93 92
3 92 93 102
3 84 94 93
3 93 94 103
3 77 78 87
3 87 97 96
3 78 79 88
3 88 98 97
3 79 80 89
3 89 99 98
3 80 81 90
3 90 100 99
3 81 82 91
3 91 101 100
3 82 83 92
3 92 102 101
3 83 84 93
3 93 103 102
3 84 85 94
3 94 104 103
3 95 96 105
3 105 115 114
3 96 106 105
3 105 106 115
3 97 107 106
3 106 107 116
3 98 108 107
3 107 108 117
3 99 109 108
3 108 109 118
3 100 110 109
3 109 110 119
3 101 111 110
3 110 111 120
3 102 112 111
3 111 112 121
3 103 113 112
3 112 113 122
3 96 97 106
3 106 116 115
3 97 98 107
3 107 117 116
3 98 99 108
3 108 118 117
3 99 100 109
3 109 119 118
3 100 101 110
3 110 120 119
3 101 102 111
3 111 121 120
3 102 103 112
3 112 122 121
3 103 104 113
3 113 123 122
3 114 115 124
3 124 134 133
3 115 125 124
3 124 125 134
3 116 126 125
3 125 126 135
3 117 127 126
3 126 127 136
3 118 128 127
3 127 128 137
3 119 129 128
3 128 129 138
3 120 130 129
3 129 130 139
3 121 131 130
3 130 131 140
3 122 132 131
3 131 132 141
3 115 116 125
3 125 135 134
3 116 117 126
3 126 136 135
3 117 118 127
3 127 137 136
3 118 119 128
3 128 138 137
3 119 120 129
3 129 139 138
3 120 121 130
3 130 140 139
3 121 122 131
3 131 141 140
3 122 123 132
3 132 142 141
3 133 134 143
3 143 153 152
3 134 144 143
3 143 144 153
3 135 145 144
3 144 145 154
3 136 146 145
3 145 146 155
3 137 147 146
3 146 147 156
3 138 148 147
3 147 148 157
3 139 149 148
3 148 149 158
3 140 150 149
3 149 150 159
3 141 151 150
3 150 151 160
3 134 135 144
3 144 154 153
3 135 136 145
3 145 155 154
3 136 137 146
3 146 156 155
3 137 138 147
3 147 157 156
3 138 139 148
3 148 158 157
3 139 140 149
3 149 159 158
3 140 141 150
3 150 160 159
3 141 142 151
3 151 161 160
3 152 153 162
3 162 172 171
3 153 163 162
3 162 163 172
3 154 164 163
3 163 164 173
3 155 165 164
3 164 165 174
3 156 166 165
3 165 166 175
3 157 167 166
3 166 167 176
3 158 168 167
3 167 168 177
3 159 169 168
3 168 169 178
3 160 170 169
3 169 170 179
3 153 154 163
3 163 173 172
3 154 155 164
3 164 174 173
3 155 156 165
3 165 175 174
3 156 157 166
3 166 176 175
3 157 158 167
3 167 177 176
3 158 159 168
3 168 178 177
3 159 160 169
3 169 179 178
3 160 161 170
3 170 180 179
3 171 172 181
3 181 191 190
3 172 182 181
3 181 182 191
3 173 183 182
3 182 183 192
3 174 184 183
3 183 184 193
3 175 185 184
3 184 185 194
3 176 186 185
3 185 186 195
3 177 187 186
3 186 187 196
3 178 188 187
3 187 188 197
3 179 189 188
3 188 189 198
3 172 173 182
3 182 192 191
3 173 174 183
3 183 193 192
3 174 175 184
3 184 194 193
3 175 176 185
3 185 195 194
3 176 177 186
3 186 196 195
3 177 178 187
3 187 197 196
3 178 179 188
3 188 198 197
3 179 180 189
3 189 199 198
3 190 191 200
3 200 210 209
3 191 201 200
3 200 201 210
3 192 202 201
3 201 202 211
3 193 203 202
3 202 203 212
3 194 204 203
3 203 204 213
3 195 205 204
3 204 205 214
3 196 206 205
3 205 206 215
3 197 207 206
3 206 207 216
3 198 208 207
3 207 208 217
3 191 192 201
3 201 211 210
3 192 193 202
3 202 212 211
3 193 194 203
3 203 213 212
3 194 195 204
3 204 214 213
3 195 196 205
3 205 215 214
3 196 197 206
3 206 216 215
3 197 198 207
3 207 217 216
3 198 199 208
3 208 218 217
3 209 210 219
3 219 229 228
3 210 220 219
3 219 220 229
3 211 221 220
3 220 221 230
3 212 222 221
3 221 222 231
3 213 223 222
3 222 223 232
3 214 224 223
3 223 224 233
3 215 225 224
3 224 225 234
3 216 226 225
3 225 226 235
3 217 227 226
3 226 227 236
3 210 211 220
3 220 230 229
3 211 212 221
3 221 231 230
3 212 213 222
3 222 232 231
3 213 214 223
3 223 233 232
3 214 215 224
3 224 234 233
3 215 216 225
3 225 235 234
3 216 217 226
3 226 236 235
3 217 218 227
3 227 237 236
3 228 229 238
3 238 248 247
3 229 239 238
3 238 239 248
3 230 240 239
3 239 240 249
3 231 241 240
3 240 241 250
3 232 242 241
3 241 242 251
3 233 243 242
3 242 243 252
3 234 244 243
3 243 244 253
3 235 245 244
3 244 245 254
3 236 246 245
3 245 246 255
3 229 230 239
3 239 249 248
3 230 231 240
3 240 250 249
3 231 232 241
3 241 251 250
3 232 233 242
3 242 252 251
3 233 234 243
3 243 253 252
3 234 235 244
3 244 254 253
3 235 236 245
3 245 255 254
3 236 237 246
3 246 256 255
3 247 248 257
3 257 267 266
3 248 258 257
3 257 258 267
3 249 259 258
3 258 259 268
3 250 260 259
3 259 260 269
3 251 261 260
3 260 261 270
3 252 262 261
3 261 262 271
3 253 263 262
3 262 263 272
3 254 264 263
3 263 264 273
3 255 265 264
3 264 265 274
3 248 249 258
3 258 268 267
3 249 250 259
3 259 269 268
3 250 251 260
3 260 270 269
3 251 252 261
3 261 271 270
3 252 253 262
3 262 272 271
3 253 254 263
3 263 273 272
3 254 255 264
3 264 274 273
3 255 256 265
3 265 275 274
3 266 267 276
3 276 286 285
3 267 277 276
3 276 277 286
3 268 278 277
3 277 278 287
3 269 279 278
3 278 279 288
3 270 280 279
3 279 280 289
3 271 281 280
3 280 281 290
3 272 282 281
3 281 282 291
3 273 283 282
3 282 283 292
3 274 284 283
3 283 284 293
3 267 268 277
3 277 287 286
3 268 269 278
3 278 288 287
3 269 270 279
3 279 289 288
3 270 271 280
3 280 290 289
3 271 272 281
3 281 291 290
3 272 273 282
3 282 292 291
3 273 274 283
3 283 293 292
3 274 275 284
3 284 294 293
3 285 286 295
3 295 305 304
3 286 296 295
3 295 296 305
3 287 297 296
3 296 297 306
3 288 298 297
3 297 298 307
3 289 299 298
3 298 299 308
3 290 300 299
3 299 300 309
3 291 301 300
3 300 301 310
3 292 302 301
3 301 302 311
3 293 303 302
3 302 303 312
3 286 287 296
3 296 306 305
3 287 288 297
3 297 307 306
3 288 289 298
3 298 308 307
3 289 290 299
3 299 309 308
3 290 291 300
3 300 310 309
3 291 292 301
3 301 311 310
3 292 293 302
3 302 312 311
3 293 294 303
3 303 313 312
3 304 305 314
3 314 324 323
3 305 315 314
3 314 315 324
3 306 316 315
3 315 316 325
3 307 317 316
3 316 317 326
3 308 318 317
3 317 318 327
3 309 319 318
3 318 319 328
3 310 320 319
3 319 320 329
3 311 321 320
3 320 321 330
3 312 322 321
3 321 322 331
3 305 306 315
3 315 325 324
3 306 307 316
3 316 326 325
3 307 308 317
3 317 327 326
3 308 309 318
3 318 328 327
3 309 310 319
3 319 329 328
3 310 311 320
3 320 330 329
3 311 312 321
3 321 331 330
3 312 313 322
3 322 332 331
3 323 324 333
3 333 343 342
3 324 334 333
3 333 334 343
3 325 335 334
3 334 335 344
3 326 336 335
3 335 336 345
3 327 337 336
3 336 337 346
3 328 338 337
3 337 338 347
3 329 339 338
3 338 339 348
3 330 340 339
3 339 340 349
3 331 341 340
3 340 341 350
3 324 325 334
3 334 344 343
3 325 326 335
3 335 345 344
3 326 327 336
3 336 346 345
3 327 328 337
3 337 347 346
3 328 329 338
3 338 348 347
3 329 330 339
3 339 349 348
3 330 331 340
3 340 350 349
3 331 332 341
3 341 351 350
3 342 343 352
3 352 362 361
3 343 353 352
3 352 353 362
3 344 354 353
3 353 354 363
3 345 355 354
3 354 355 364
3 346 356 355
3 355 356 365
3 347 357 356
3 356 357 366
3 348 358 357
3 357 358 367
3 349 359 358
3 358 359 368
3 350 360 359
3 359 360 369
3 343 344 353
3 353 363 362
3 344 345 354
3 354 364 363
3 345 346 355
3 355 365 364
3 346 347 356
3 356 366 365
3 347 348 357
3 357 367 366
3 348 349 358
3 358 368 367
3 349 350 359
3 359 369 368
3 350 351 360
3 360 370 369
3 361 362 371
3 371 381 380
3 362 372 371
3 371 372 381
3 363 373 372
3 372 373 382
3 364 374 373
3 373 374 383
3 365 375 374
3 374 375 384
3 366 376 375
3 375 376 385
3 367 377 376
3 376 377 386
3 368 378 377
3 377 378 387
3 369 379 378
3 378 379 388
3 362 363 372
3 372 382 381
3 363 364 373
3 373 383 382
3 364 365 374
3 374 384 383
3 365 366 375
3 375 385 384
3 366 367 376
3 376 386 385
3 367 368 377
3 377 387 386
3 368 369 378
3 378 388 387
3 369 370 379
3 379 389 388
3 380 381 390
3 390 400 399
3 381 391 390
3 390 391 400
3 382 392 391
3 391 392 401
3 383 393 392
3 392 393 402
3 384 394 393
3 393 394 403
3 385 395 394
3 394 395 404
3 386 396 395
3 395 396 405
3 387 397 396
3 396 397 406
3 388 398 397
3 397 398 407
3 381 382 391
3 391 401 400
3 382 383 392
3 392 402 401
3 383 384 393
3 393 403 402
3 384 385 394
3 394 404 403
3 385 386 395
3 395 405 404
3 386 387 396
3 396 406 405
3 387 388 397
3 397 407 406
3 388 389 398
3 398 408 407
3 399 400 409
3 409 419 418
3 400 410 409
3 409 410 419
3 401 411 410
3 410 411 420
3 402 412 411
3 411 412 421
3 403 413 412
3 412 413 422
3 404 414 413
3 413 414 423
3 405 415 414
3 414 415 424
3 406 416 415
3 415 416 425
3 407 417 416
3 416 417 426
3 400 401 410
3 410 420 419
3 401 402 411
3 411 421 420
3 402 403 412
3 412 422 421
3 403 404 413
3 413 423 422
3 404 405 414
3 414 424 423
3 405 406 415
3 415 425 424
3 406 407 416
3 416 426 425
3 407 408 417
3 417 427 426
3 418 419 428
3 428 438 437
3 419 429 428
3 428 429 438
3 420 430 429
3 429 430 439
3 421 431 430
3 430 431 440
3 422 432 431
3 431 432 441
3 423 433 432
3 432 433 442
3 424 434 433
3 433 434 443
3 425 435 434
3 434 435 444
3 426 436 435
3 435 436 445
3 419 420 429
3 429 439 438
3 420 421 430
3 430 440 439
3 421 422 431
3 431 441 440
3 422 423 432
3 432 442 441
3 423 424 433
3 433 443 442
3 424 425 434
3 434 444 443
3 425 426 435
3 435 445 444
3 426 427 436
3 436 446 445
3 437 438 447
3 447 457 456
3 438 448 447
3 447 448 457
3 439 449 448
3 448 449 458
3 440 450 449
3 449 450 459
3 441 451 450
3 450 451 460
3 442 452 451
3 451 452 461
3 443 453 452
3 452 453 462
3 444 454 453
3 453 454 463
3 445 455 454
3 454 455 464
3 438 439 448
3 448 458 457
3 439 440 449
3 449 459 458
3 440 441 450
3 450 460 459
3 441 442 451
3 451 461 460
3 442 443 452
3 452 462 461
3 443 444 453
3 453 463 462
3 444 445 454
3 454 464 463
3 445 446 455
3 455 465 464
3 456 457 466
3 466 476 475
3 457 467 466
3 466 467 476
3 458 468 467
3 467 468 477
3 459 469 468
3 468 469 478
3 460 470 469
3 469 470 479
3 461 471 470
3 470 471 480
3 462 472 471
3 471 472 481
3 463 473 472
3 472 473 482
3 464 474 473
3 473 474 483
3 457 458 467
3 467 477 476
3 458 459 468
3 468 478 477
3 459 460 469
3 469 479 478
3 460 461 470
3 470 480 479
3 461 462 471
3 471 481 480
3 462 463 472
3 472 482 481
3 463 464 473
3 473 483 482
3 464 465 474
3 474 484 483
3 475 476 485
3 485 495 494
3 476 486 485
3 485 486 495
3 477 487 486
3 486 487 496
3 478 488 487
3 487 488 497
3 479 489 488
3 488 489 498
3 480 490 489
3 489 490 499
3 481 491 490
3 490 491 500
3 482 492 491
3 491 492 501
3 483 493 492
3 492 493 502
3 476 477 486
3 486 496 495
3 477 478 487
3 487 497 496
3 478 479 488
3 488 498 497
3 479 480 489
3 489 499 498
3 480 481 490
3 490 500 499
3 481 482 491
3 491 501 500
3 482 483 492
3 492 502 501
3 483 484 493
3 493 503 502
3 494 495 504
3 504 514 513
3 495 505 504
3 504 505 514
3 496 506 505
3 505 506 515
3 497 507 506
3 506 507 516
3 498 508 507
3 507 508 517
3 499 509 508
3 508 509 518
3 500 510 509
3 509 510 519
3 501 511 510
3 510 511 520
3 502 512 511
3 511 512 521
3 495 496 505
3 505 515 514
3 496 497 506
3 506 516 515
3 497 498 507
3 507 517 516
3 498 499 508
3 508 518 517
3 499 500 509
3 509 519 518
3 500 501 510
3 510 520 519
3 501 502 511
3 511 521 520
3 502 503 512
3 512 522 521
3 513 514 523
3 523 533 532
3 514 524 523
3 523 524 533
3 515 525 524
3 524 525 534
3 516 526 525
3 525 526 535
3 517 527 526
3 526 527 536
3 518 528 527
3 527 528 537
3 519 529 528
3 528 529 538
3 520 530 529
3 529 530 539
3 521 531 530
3 530 531 540
3 514 515 524
3 524 534 533
3 515 516 525
3 525 535 534
3 516 517 526
3 526 536 535
3 517 518 527
3 527 537 536
3 518 519 528
3 528 538 537
3 519 520 529
3 529 539 538
3 520 521 530
3 530 540 539
3 521 522 531
3 531 541 540
3 532 533 542
3 542 552 551
3 533 543 542
3 542 543 552
3 534 544 543
3 543 544 553
3 535 545 544
3 544 545 554
3 536 546 545
3 545 546 555
3 537 547 546
3 546 547 556
3 538 548 547
3 547 548 557
3 539 549 548
3 548 549 558
3 540 550 549
3 549 550 559
3 533 534 543
3 543 553 552
3 534 535 544
3 544 554 553
3 535 536 545
3 545 555 554
3 536 537 546
3 546 556 555
3 537 538 547
3 547 557 556
3 538 539 548
3 548 558 557
3 539 540 549
3 549 559 558
3 540 541 550
3 550 560 559
3 551 552 561
3 561 571 570
3 552 562 561
3 561 562 571
3 553 563 562
3 562 563 572
3 554 564 563
3 563 564 573
3 555 565 564
3 564 565 574
3 556 566 565
3 565 566 575
3 557 567 566
3 566 567 576
3 558 568 567
3 567 568 577
3 559 569 568
3 568 569 578
3 552 553 562
3 562 572 571
3 553 554 563
3 563 573 572
3 554 555 564
3 564 574 573
3 555 556 565
3 565 575 574
3 556 557 566
3 566 576 575
3 557 558 567
3 567 577 576
3 558 559 568
3 568 578 577
3 559 560 569
3 569 579 578
3 570 571 580
3 580 590 589
3 571 581 580
3 580 581 590
3 572 582 581
3 581 582 591
3 573 583 582
3 582 583 592
3 574 584 583
3 583 584 593
3 575 585 584
3 584 585 594
3 576 586 585
3 585 586 595
3 577 587 586
3 586 587 596
3 578 588 587
3 587 588 597
3 571 572 581
3 581 591 590
3 572 573 582
3 582 592 591
3 573 574 583
3 583 593 592
3 574 575 584
3 584 594 593
3 575 576 585
3 585 595 594
3 576 577 586
3 586 596 595
3 577 578 587
3 587 597 596
3 578 579 588
3 588 598 597
3 589 590 599
3 599 609 608
3 590 600 599
3 599 600 609
3 591 601 600
3 600 601 610
3 592 602 601
3 601 602 611
3 593 603 602
3 602 603 612
3 594 604 603
3 603 604 613
3 595 605 604
3 604 605 614
3 596 606 605
3 605 606 615
3 597 607 606
3 606 607 616
3 590 591 600
3 600 610 609
3 591 592 601
3 601 611 610
3 592 593 602
3 602 612 611
3 593 594 603
3 603 613 612
3 594 595 604
3 604 614 613
3 595 596 605
3 605 615 614
3 596 597 606
3 606 616 615
3 597 598 607
3 607 617 616
3 608 609 618
3 618 628 627
3 609 619 618
3 618 619 628
3 610 620 619
3 619 620 629
3 611 621 620
3 620 621 630
3 612 622 621
3 621 622 631
3 613 623 622
3 622 623 632
3 614 624 623
3 623 624 633
3 615 625 624
3 624 625 634
3 616 626 625
3 625 626 635
3 609 610 619
3 619 629 628
3 610 611 620
3 620 630 629
3 611 612 621
3 621 631 630
3 612 613 622
3 622 632 631
3 613 614 623
3 623 633 632
3 614 615 624
3 624 634 633
3 615 616 625
3 625 635 634
3 616 617 626
3 626 636 635
3 627 628 637
3 637 647 646
3 628 638 637
3 637 638 647
3 629 639 638
3 638 639 648
3 630 640 639
3 639 640 649
3 631 641 640
3 640 641 650
3 632 642 641
3 641 642 651
3 633 643 642
3 642 643 652
3 634 644 643
3 643 644 653
3 635 645 644
3 644 645 654
3 628 629 638
3 638 648 647
3 629 630 639
3 639 649 648
3 630 631 640
3 640 650 649
3 631 632 641
3 641 651 650
3 632 633 642
3 642 652 651
3 633 634 643
3 643 653 652
3 634 635 644
3 644 654 653
3 635 636 645
3 645 655 654
3 646 647 656
3 656 666 665
3 647 657 656
3 656 657 666
3 648 658 657
3 657 658 667
3 649 659 658
3 658 659 668
3 650 660 659
3 659 660 669
3 651 661 660
3 660 661 670
3 652 662 661
3 661 662 671
3 653 663 662
3 662 663 672
3 654 664 663
3 663 664 673
3 647 648 657
3 657 667 666
3 648 649 658
3 658 668 667
3 649 650 659
3 659 669 668
3 650 651 660
3 660 670 669
3 651 652 661
3 661 671 670
3 652 653 662
3 662 672 671
3 653 654 663
3 663 673 672
3 654 655 664
3 664 674 673
3 665 666 675
3 675 685 684
3 666 676 675
3 675 676 685
3 667 677 676
3 676 677 686
3 668 678 677
3 677 678 687
3 669 679 678
3 678 679 688
3 670 680 679
3 679 680 689
3 671 681 680
3 680 681 690
3 672 682 681
3 681 682 691
3 673 683 682
3 682 683 692
3 666 667 676
3 676 686 685
3 667 668 677
3 677 687 686
3 668 669 678
3 678 688 687
3 669 670 679
3 679 689 688
3 670 671 680
3 680 690 689
3 671 672 681
3 681 691 690
3 672 673 682
3 682 692 691
3 673 674 683
3 683 693 692
3 684 685 694
3 694 704 703
3 685 695 694
3 694 695 704
3 686 696 695
3 695 696 705
3 687 697 696
3 696 697 706
3 688 698 697
3 697 698 707
3 689 699 698
3 698 699 708
3 690 700 699
3 699 700 709
3 691 701 700
3 700 701 710
3 692 702 701
3 701 702 711
3 685 686 695
3 695 705 704
3 686 687 696
3 696 706 705
3 687 688 697
3 697 707 706
3 688 689 698
3 698 708 707
3 689 690 699
3 699 709 708
3 690 691 700
3 700 710 709
3 691 692 701
3 701 711 710
3 692 693 702
3 702 712 711
3 703 704 713
3 713 723 722
3 704 714 713
3 713 714 723
3 705 715 714
3 714 715 724
3 706 716 715
3 715 716 725
3 707 717 716
3 716 717 726
3 708 718 717
3 717 718 727
3 709 719 718
3 718 719 728
3 710 720 719
3 719 720 729
3 711 721 720
3 720 721 730
3 704 705 714
3 714 724 723
3 705 706 715
3 715 725 724
3 706 707 716
3 716 726 725
3 707 708 717
3 717 727 726
3 708 709 718
3 718 728 727
3 709 710 719
3 719 729 728
3 710 711 720
3 720 730 729
3 711 712 721
3 721 731 730
3 722 723 732
3 732 742 741
3 723 733 732
3 732 733 742
3 724 734 733
3 733 734 743
3 725 735 734
3 734 735 744
3 726 736 735
3 735 736 745
3 727 737 736
3 736 737 746
3 728 738 737
3 737 738 747
3 729 739 738
3 738 739 748
3 730 740 739
3 739 740 749
3 723 724 733
3 733 743 742
3 724 725 734
3 734 744 743
3 725 726 735
3 735 745 744
3 726 727 736
3 736 746 745
3 727 728 737
3 737 747 746
3 728 729 738
3 738 748 747
3 729 730 739
3 739 749 748
3 730 731 740
3 740 750 749
3 741 742 751
3 751 761 760
3 742 752 751
3 751 752 761
3 743 753 752
3 752 753 762
3 744 754 753
3 753 754 763
3 745 755 754
3 754 755 764
3 746 756 755
3 755 756 765
3 747 757 756
3 756 757 766
3 748 758 757
3 757 758 767
3 749 759 758
3 758 759 768
3 742 743 752
3 752 762 761
3 743 744 753
3 753 763 762
3 744 745 754
3 754 764 763
3 745 746 755
3 755 765 764
3 746 747 756
3 756 766 765
3 747 748 757
3 757 767 766
3 748 749 758
3 758 768 767
3 749 750 759
3 759 769 768
3 760 761 770
3 770 780 779
3 761 771 770
3 770 771 780
3 762 772 771
3 771 772 781
3 763 773 772
3 772 773 782
3 764 774 773
3 773 774 783
3 765 775 774
3 774 775 784
3 766 776 775
3 775 776 785
3 767 777 776
3 776 777 786
3 768 778 777
3 777 778 787
3 761 762 771
3 771 781 780
3 762 763 772
3 772 782 781
3 763 764 773
3 773 783 782
3 764 765 774
3 774 784 783
3 765 766 775
3 775 785 784
3 766 767 776
3 776 786 785
3 767 768 777
3 777 787 786
3 768 769 778
3 778 788 787
3 779 780 789
3 789 799 798
3 780 790 789
3 789 790 799
3 781 791 790
3 790 791 800
3 782 792 791
3 791 792 801
3 783 793 792
3 792 793 802
3 784 794 793
3 793 794 803
3 785 795 794
3 794 795 804
3 786 796 795
3 795 796 805
3 787 797 796
3 796 797 806
3 780 781 790
3 790 800 799
3 781 782 791
3 791 801 800
3 782 783 792
3 792 802 801
3 783 784 793
3 793 803 802
3 784 785 794
3 794 804 803
3 785 786 795
3 795 805 804
3 786 787 796
3 796 806 805
3 787 788 797
3 797 807 806
3 798 799 808
3 808 818 817
3 799 809 808
3 808 809 818
3 800 810 809
3 809 810 819
3 801 811 810
3 810 811 820
3 802 812 811
3 811 812 821
3 803 813 812
3 812 813 822
3 804 814 813
3 813 814 823
3 805 815 814
3 814 815 824
3 806 816 815
3 815 816 825
3 799 800 809
3 809 819 818
3 800 801 810
3 810 820 819
3 801 802 811
3 811 821 820
3 802 803 812
3 812 822 821
3 803 804 813
3 813 823 822
3 804 805 814
3 814 824 823
3 805 806 815
3 815 825 824
3 806 807 816
3 816 826 825
3 817 818 827
3 827 837 836
3 818 828 827
3 827 828 837
3 819 829 828
3 828 829 838
3 820 830 829
3 829 830 839
3 821 831 830
3 830 831 840
3 822 832 831
3 831 832 841
3 823 833 832
3 832 833 842
3 824 834 833
3 833 834 843
3 825 835 834
3 834 835 844
3 818 819 828
3 828 838 837
3 819 820 829
3 829 839 838
3 820 821 830
3 830 840 839
3 821 822 831
3 831 841 840
3 822 823 832
3 832 842 841
3 823 824 833
3 833 843 842
3 824 825 834
3 834 844 843
3 825 826 835
3 835 845 844
3 836 837 846
3 846 856 855
3 837 847 846
3 846 847 856
3 838 848 847
3 847 848 857
3 839 849 848
3 848 849 858
3 840 850 849
3 849 850 859
3 841 851 850
3 850 851 860
3 842 852 851
3 851 852 861
3 843 853 852
3 852 853 862
3 844 854 853
3 853 854 863
3 837 838 847
3 847 857 856
3 838 839 848
3 848 858 857
3 839 840 849
3 849 859 858
3 840 841 850
3 850 860 859
3 841 842 851
3 851 861 860
3 842 843 852
3 852 862 861
3 843 844 853
3 853 863 862
3 844 845 854
3 854 864 863
3 855 856 865
3 865 875 874
3 856 866 865
3 865 866 875
3 857 867 866
3 866 867 876
3 858 868 867
3 867 868 877
3 859 869 868
3 868 869 878
3 860 870 869
3 869 870 879
3 861 871 870
3 870 871 880
3 862 872 871
3 871 872 881
3 863 873 872
3 872 873 882
3 856 857 866
3 866 876 875
3 857 858 867
3 867 877 876
3 858 859 868
3 868 878 877
3 859 860 869
3 869 879 878
3 860 861 870
3 870 880 879
3 861 862 871
3 871 881 880
3 862 863 872
3 872 882 881
3 863 864 873
3 873 883 882
3 874 875 884
3 884 894 893
3 875 885 884
3 884 885 894
3 876 886 885
3 885 886 895
3 877 887 886
3 886 887 896
3 878 888 887
3 887 888 897
3 879 889 888
3 888 889 898
3 880 890 889
3 889 890 899
3 881 891 890
3 890 891 900
3 882 892 891
3 891 892 901
3 875 876 885
3 885 895 894
3 876 877 886
3 886 896 895
3 877 878 887
3 887 897 896
3 878 879 888
3 888 898 897
3 879 880 889
3 889 899 898
3 880 881 890
3 890 900 899
3 881 882 891
3 891 901 900
3 882 883 892
3 892 902 901
3 893 894 903
3 903 913 912
3 894 904 903
3 903 904 913
3 895 905 904
3 904 905 914
3 896 906 905
3 905 906 915
3 897 907 906
3 906 907 916
3 898 908 907
3 907 908 917
3 899 909 908
3 908 909 918
3 900 910 909
3 909 910 919
3 901 911 910
3 910 911 920
3 894 895 904
3 904 914 913
3 895 896 905
3 905 915 914
3 896 897 906
3 906 916 915
3 897 898 907
3 907 917 916
3 898 899 908
3 908 918 917
3 899 900 909
3 909 919 918
3 900 901 910
3 910 920 919
3 901 902 911
3 911 921 920
3 912 913 922
3 922 932 931
3 913 923 922
3 922 923 932
3 914 924 923
3 923 924 933
3 915 925 924
3 924 925 934
3 916 926 925
3 925 926 935
3 917 927 926
3 926 927 936
3 918 928 927
3 927 928 937
3 919 929 928
3 928 929 938
3 920 930 929
3 929 930 939
3 913 914 923
3 923 933 932
3 914 915 924
3 924 934 933
3 915 916 925
3 925 935 934
3 916 917 926
3 926 936 935
3 917 918 927
3 927 937 936
3 918 919 928
3 928 938 937
3 919 920 929
3 929 939 938
3 920 921 930
3 930 940 939
3 931 932 941
3 941 951 950
3 932 942 941
3 941 942 951
3 933 943 942
3 942 943 952
3 934 944 943
3 943 944 953
3 935 945 944
3 944 945 954
3 936 946 945
3 945 946 955
3 937 947 946
3 946 947 956
3 938 948 947
3 947 948 957
3 939 949 948
3 948 949 958
3 932 933 942
3 942 952 951
3 933 934 943
3 943 953 952
3 934 935 944
3 944 954 953
3 935 936 945
3 945 955 954
3 936 937 946
3 946 956 955
3 937 938 947
3 947 957 956
3 938 939 948
3 948 958 957
3 939 940 949
3 949 959 958
3 950 951 960
3 960 970 969
3 951 961 960
3 960 961 970
3 952 962 961
3 961 962 971
3 953 963 962
3 962 963 972
3 954 964 963
3 963 964 973
3 955 965 964
3 964 965 974
3 956 966 965
3 965 966 975
3 957 967 966
3 966 967 976
3 958 968 967
3 967 968 977
3 951 952 961
3 961 971 970
3 952 953 962
3 962 972 971
3 953 954 963
3 963 973 972
3 954 955 964
3 964 974 973
3 955 956 965
3 965 975 974
3 956 957 966
3 966 976 975
3 957 958 967
3 967 977 976
3 958 959 968
3 968 978 977
3 969 970 979
3 979 989 988
3 970 980 979
3 979 980 989
3 971 981 980
3 980 981 990
3 972 982 981
3 981 982 991
3 973 983 982
3 982 983 992
3 974 984 983
3 983 984 993
3 975 985 984
3 984 985 994
3 976 986 985
3 985 986 995
3 977 987 986
3 986 987 996
3 970 971 980
3 980 990 989
3 971 972 981
3 981 991 990
3 972 973 982
3 982 992 991
3 973 974 983
3 983 993 992
3 974 975 984
3 984 994 993
3 975 976 985
3 985 995 994
3 976 977 986
3 986 996 995
3 977 978 987
3 987 997 996
3 988 989 998
3 998 1008 1007
3 989 999 998
3 998 999 1008
3 990 1000 999
3 999 1000 1009
3 991 1001 1000
3 1000 1001 1010
3 992 1002 1001
3 1001 1002 1011
3 993 1003 1002
3 1002 1003 1012
3 994 1004 1003
3 1003 1004 1013
3 995 1005 1004
3 1004 1005 1014
3 996 1006 1005
3 1005 1006 1015
3 989 990 999
3 999 1009 1008
3 990 991 1000
3 1000 1010 1009
3 991 992 1001
3 1001 1011 1010
3 992 993 1002
3 1002 1012 1011
3 993 994 1003
3 1003 1013 1012
3 994 995 1004
3 1004 1014 1013
3 995 996 1005
3 1005 1015 1014
3 996 997 1006
3 1006 1016 1015
3 1007 1008 1017
3 1017 1027 1026
3 1008 1018 1017
3 1017 1018 1027
3 1009 1019 1018
3 1018 1019 1028
3 1010 1020 1019
3 1019 1020 1029
3 1011 1021 1020
3 1020 1021 1030
3 1012 1022 1021
3 1021 1022 1031
3 1013 1023 1022
3 1022 1023 1032
3 1014 1024 1023
3 1023 1024 1033
3 1015 1025 1024
3 1024 1025 1034
3 1008 1009 1018
3 1018 1028 1027
3 1009 1010 1019
3 1019 1029 1028
3 1010 1011 1020
3 1020 1030 1029
3 1011 1012 1021
3 1021 1031 1030
3 1012 1013 1022
3 1022 1032 1031
3 1013 1014 1023
3 1023 1033 1032
3 1014 1015 1024
3 1024 1034 1033
3 1015 1016 1025
3 1025 1035 1034
3 1026 1027 1036
3 1036 1046 1045
3 1027 1037 1036
3 1036 1037 1046
3 1028 1038 1037
3 1037 1038 1047
3 1029 1039 1038
3 1038 1039 1048
3 1030 1040 1039
3 1039 1040 1049
3 1031 1041 1040
3 1040 1041 1050
3 1032 1042 1041
3 1041 1042 1051
3 1033 1043 1042
3 1042 1043 1052
3 1034 1044 1043
3 1043 1044 1053
3 1027 1028 1037
3 1037 1047 1046
3 1028 1029 1038
3 1038 1048 1047
3 1029 1030 1039
3 1039 1049 1048
3 1030 1031 1040
3 1040 1050 1049
3 1031 1032 1041
3 1041 1051 1050
3 1032 1033 1042
3 1042 1052 1051
3 1033 1034 1043
3 1043 1053 1052
3 1034 1035 1044
3 1044 1054 1053
3 1045 1046 1055
3 1055 1065 1064
3 1046 1056 1055
3 1055 1056 1065
3 1047 1057 1056
3 1056 1057 1066
3 1048 1058 1057
3 1057 1058 1067
3 1049 1059 1058
3 1058 1059 1068
3 1050 1060 1059
3 1059 1060 1069
3 1051 1061 1060
3 1060 1061 1070
3 1052 1062 1061
3 1061 1062 1071
3 1053 1063 1062
3 1062 1063 1072
3 1046 1047 1056
3 1056 1066 1065
3 1047 1048 1057
3 1057 1067 1066
3 1048 1049 1058
3 1058 1068 1067
3 1049 1050 1059
3 1059 1069 1068
3 1050 1051 1060
3 1060 1070 1069
3 1051 1052 1061
3 1061 1071 1070
3 1052 1053 1062
3 1062 1072 1071
3 1053 1054 1063
3 1063 1073 1072
3 1064 1065 1074
3 1074 1084 1083
3 1065 1075 1074
3 1074 1075 1084
3 1066 1076 1075
3 1075 1076 1085
3 1067 1077 1076
3 1076 1077 1086
3 1068 1078 1077
3 1077 1078 1087
3 1069 1079 1078
3 1078 1079 1088
3 1070 1080 1079
3 1079 1080 1089
3 1071 1081 1080
3 1080 1081 1090
3 1072 1082 1081
3 1081 1082 1091
3 1065 1066 1075
3 1075 1085 1084
3 1066 1067 1076
3 1076 1086 1085
3 1067 1068 1077
3 1077 1087 1086
3 1068 1069 1078
3 1078 1088 1087
3 1069 1070 1079
3 1079 1089 1088
3 1070 1071 1080
3 1080 1090 1089
3 1071 1072 1081
3 1081 1091 1090
3 1072 1073 1082
3 1082 1092 1091
3 1083 1084 1093
3 1093 1103 1102
3 1084 1094 1093
3 1093 1094 1103
3 1085 1095 1094
3 1094 1095 1104
3 1086 1096 1095
3 1095 1096 1105
3 1087 1097 1096
3 1096 1097 1106
3 1088 1098 1097
3 1097 1098 1107
3 1089 1099 1098
3 1098 1099 1108
3 1090 1100 1099
3 1099 1100 1109
3 1091 1101 1100
3 1100 1101 1110
3 1084 1085 1094
3 1094 1104 1103
3 1085 1086 1095
3 1095 1105 1104
3 1086 1087 1096
3 1096 1106 1105
3 1087 1088 1097
3 1097 1107 1106
3 1088 1089 1098
3 1098 1108 1107
3 1089 1090 1099
3 1099 1109 1108
3 1090 1091 1100
3 1100 1110 1109
3 1091 1092 1101
3 1101 1111 1110
3 1102 1103 1112
3 1112 1122 1121
3 1103 1113 1112
3 1112 1113 1122
3 1104 1114 1113
3 1113 1114 1123
3 1105 1115 1114
3 1114 1115 1124
3 1106 1116 1115
3 1115 1116 1125
3 1107 1117 1116
3 1116 1117 1126
3 1108 1118 1117
3 1117 1118 1127
3 1109 1119 1118
3 1118 1119 1128
3 1110 1120 1119
3 1119 1120 1129
3 1103 1104 1113
3 1113 1123 1122
3 1104 1105 1114
3 1114 1124 1123
3 1105 1106 1115
3 1115 1125 1124
3 1106 1107 1116
3 1116 1126 1125
3 1107 1108 1117
3 1117 1127 1126
3 1108 1109 1118
3 1118 1128 1127
3 1109 1110 1119
3 1119 1129 1128
3 1110 1111 1120
3 1120 1130 1129
3 1121 1122 1131
3 1131 1141 1140
3 1122 1132 1131
3 1131 1132 1141
3 1123 1133 1132
3 1132 1133 1142
3 1124 1134 1133
3 1133 1134 1143
3 1125 1135 1134
3 1134 1135 1144
3 1126 1136 1135
3 1135 1136 1145
3 1127 1137 1136
3 1136 1137 1146
3 1128 1138 1137
3 1137 1138 1147
3 1129 1139 1138
3 1138 1139 1148
3 1122 1123 1132
3 1132 1142 1141
3 1123 1124 1133
3 1133 1143 1142
3 1124 1125 1134
3 1134 1144 1143
3 1125 1126 1135
3 1135 1145 1144
3 1126 1127 1136
3 1136 1146 1145
3 1127 1128 1137
3 1137 1147 1146
3 1128 1129 1138
3 1138 1148 1147
3 1129 1130 1139
3 1139 1149 1148
3 1140 1141 1150
3 1150 1160 1159
3 1141 1151 1150
3 1150 1151 1160
3 1142 1152 1151
3 1151 1152 1161
3 1143 1153 1152
3 1152 1153 1162
3 1144 1154 1153
3 1153 1154 1163
3 1145 1155 1154
3 1154 1155 1164
3 1146 1156 1155
3 1155 1156 1165
3 1147 1157 1156
3 1156 1157 1166
3 1148 1158 1157
3 1157 1158 1167
3 1141 1142 1151
3 1151 1161 1160
3 1142 1143 1152
3 1152 1162 1161
3 1143 1144 1153
3 1153 1163 1162
3 1144 1145 1154
3 1154 1164 1163
3 1145 1146 1155
3 1155 1165 1164
3 1146 1147 1156
3 1156 1166 1165
3 1147 1148 1157
3 1157 1167 1166
3 1148 1149 1158
3 1158 1168 1167
3 1159 1160 1169
3 1169 1179 1178
3 1160 1170 1169
3 1169 1170 1179
3 1161 1171 1170
3 1170 1171 1180
3 1162 1172 1171
3 1171 1172 1181
3 1163 1173 1172
3 1172 1173 1182
3 1164 1174 1173
3 1173 1174 1183
3 1165 1175 1174
3 1174 1175 1184
3 1166 1176 1175
3 1175 1176 1185
3 1167 1177 1176
3 1176 1177 1186
3 1160 1161 1170
3 1170 1180 1179
3 1161 1162 1171
3 1171 1181 1180
3 1162 1163 1172
3 1172 1182 1181
3 1163 1164 1173
3 1173 1183 1182
3 1164 1165 1174
3 1174 1184 1183
3 1165 1166 1175
3 1175 1185 1184
3 1166 1167 1176
3 1176 1186 1185
3 1167 1168 1177
3 1177 1187 1186
3 1178 1179 1188
3 1188 1198 1197
3 1179 1189 1188
3 1188 1189 1198
3 1180 1190 1189
3 1189 1190 1199
3 1181 1191 1190
3 1190 1191 1200
3 1182 1192 1191
3 1191 1192 1201
3 1183 1193 1192
3 1192 1193 1202
3 1184 1194 1193
3 1193 1194 1203
3 1185 1195 1194
3 1194 1195 1204
3 1186 1196 1195
3 1195 1196 1205
3 1179 1180 1189
3 1189 1199 1198
3 1180 1181 1190
3 1190 1200 1199
3 1181 1182 1191
3 1191 1201 1200
3 1182 1183 1192
3 1192 1202 1201
3 1183 1184 1193
3 1193 1203 1202
3 1184 1185 1194
3 1194 1204 1203
3 1185 1186 1195
3 1195 1205 1204
3 1186 1187 1196
3 1196 1206 1205
3 1197 1198 1207
3 1207 1217 1216
3 1198 1208 1207
3 1207 1208 1217
3 1199 1209 1208
3 1208 1209 1218
3 1200 1210 1209
3 1209 1210 1219
3 1201 1211 1210
3 1210 1211 1220
3 1202 1212 1211
3 1211 1212 1221
3 1203 1213 1212
3 1212 1213 1222
3 1204 1214 1213
3 1213 1214 1223
3 1205 1215 1214
3 1214 1215 1224
3 1198 1199 1208
3 1208 1218 1217
3 1199 1200 1209
3 1209 1219 1218
3 1200 1201 1210
3 1210 1220 1219
3 1201 1202 1211
3 1211 1221 1220
3 1202 1203 1212
3 1212 1222 1221
3 1203 1204 1213
3 1213 1223 1222
3 1204 1205 1214
3 1214 1224 1223
3 1205 1206 1215
3 1215 1225 1224
3 1216 1217 1226
3 1226 1236 1235
3 1217 1227 1226
3 1226 1227 1236
3 1218 1228 1227
3 1227 1228 1237
3 1219 1229 1228
3 1228 1229 1238
3 1220 1230 1229
3 1229 1230 1239
3 1221 1231 1230
3 1230 1231 1240
3 1222 1232 1231
3 1231 1232 1241
3 1223 1233 1232
3 1232 1233 1242
3 1224 1234 1233
3 1233 1234 1243
3 1217 1218 1227
3 1227 1237 1236
3 1218 1219 1228
3 1228 1238 1237
3 1219 1220 1229
3 1229 1239 1238
3 1220 1221 1230
3 1230 1240 1239
3 1221 1222 1231
3 1231 1241 1240
3 1222 1223 1232
3 1232 1242 1241
3 1223 1224 1233
3 1233 1243 1242
3 1224 1225 1234
3 1234 1244 1243
3 1235 1236 1245
3 1245 1255 1254
3 1236 1246 1245
3 1245 1246 1255
3 1237 1247 1246
3 1246 1247 1256
3 1238 1248 1247
3 1247 1248 1257
3 1239 1249 1248
3 1248 1249 1258
3 1240 1250 1249
3 1249 1250 1259
3 1241 1251 1250
3 1250 1251 1260
3 1242 1252 1251
3 1251 1252 1261
3 1243 1253 1252
3 1252 1253 1262
3 1236 1237 1246
3 1246 1256 1255
3 1237 1238 1247
3 1247 1257 1256
3 1238 1239 1248
3 1248 1258 1257
3 1239 1240 1249
3 1249 1259 1258
3 1240 1241 1250
3 1250 1260 1259
3 1241 1242 1251
3 1251 1261 1260
3 1242 1243 1252
3 1252 1262 1261
3 1243 1244 1253
3 1253 1263 1262
3 1254 1255 1264
3 1264 1274 1273
3 1255 1265 1264
3 1264 1265 1274
3 1256 1266 1265
3 1265 1266 1275
3 1257 1267 1266
3 1266 1267 1276
3 1258 1268 1267
3 1267 1268 1277
3 1259 1269 1268
3 1268 1269 1278
3 1260 1270 1269
3 1269 1270 1279
3 1261 1271 1270
3 1270 1271 1280
3 1262 1272 1271
3 1271 1272 1281
3 1255 1256 1265
3 1265 1275 1274
3 1256 1257 1266
3 1266 1276 1275
3 1257 1258 1267
3 1267 1277 1276
3 1258 1259 1268
3 1268 1278 1277
3 1259 1260 1269
3 1269 1279 1278
3 1260 1261 1270
3 1270 1280 1279
3 1261 1262 1271
3 1271 1281 1280
3 1262 1263 1272
3 1272 1282 1281
3 1273 1274 1283
3 1283 1293 1292
3 1274 1284 1283
3 1283 1284 1293
3 1275 1285 1284
3 1284 1285 1294
3 1276 1286 1285
3 1285 1286 1295
3 1277 1287 1286
3 1286 1287 1296
3 1278 1288 1287
3 1287 1288 1297
3 1279 1289 1288
3 1288 1289 1298
3 1280 1290 1289
3 1289 1290 1299
3 1281 1291 1290
3 1290 1291 1300
3 1274 1275 1284
3 1284 1294 1293
3 1275 1276 1285
3 1285 1295 1294
3 1276 1277 1286
3 1286 1296 1295
3 1277 1278 1287
3 1287 1297 1296
3 1278 1279 1288
3 1288 1298 1297
3 1279 1280 1289
3 1289 1299 1298
3 1280 1281 1290
3 1290 1300 1299
3 1281 1282 1291
3 1291 1301 1300
3 1292 1293 1302
3 1302 1312 1311
3 1293 1303 1302
3 1302 1303 1312
3 1294 1304 1303
3 1303 1304 1313
3 1295 1305 1304
3 1304 1305 1314
3 1296 1306 1305
3 1305 1306 1315
3 1297 1307 1306
3 1306 1307 1316
3 1298 1308 1307
3 1307 1308 1317
3 1299 1309 1308
3 1308 1309 1318
3 1300 1310 1309
3 1309 1310 1319
3 1293 1294 1303
3 1303 1313 1312
3 1294 1295 1304
3 1304 1314 1313
3 1295 1296 1305
3 1305 1315 1314
3 1296 1297 1306
3 1306 1316 1315
3 1297 1298 1307
3 1307 1317 1316
3 1298 1299 1308
3 1308 1318 1317
3 1299 1300 1309
3 1309 1319 1318
3 1300 1301 1310
3 1310 1320 1319
3 1311 1312 1321
3 1321 1331 1330
3 1312 1322 1321
3 1321 1322 1331
3 1313 1323 1322
3 1322 1323 1332
3 1314 1324 1323
3 1323 1324 1333
3 1315 1325 1324
3 1324 1325 1334
3 1316 1326 1325
3 1325 1326 1335
3 1317 1327 1326
3 1326 1327 1336
3 1318 1328 1327
3 1327 1328 1337
3 1319 1329 1328
3 1328 1329 1338
3 1312 1313 1322
3 1322 1332 1331
3 1313 1314 1323
3 1323 1333 1332
3 1314 1315 1324
3 1324 1334 1333
3 1315 1316 1325
3 1325 1335 1334
3 1316 1317 1326
3 1326 1336 1335
3 1317 1318 1327
3 1327 1337 1336
3 1318 1319 1328
3 1328 1338 1337
3 1319 1320 1329
3 1329 1339 1338
3 1330 1331 1340
3 1340 1350 1349
3 1331 1341 1340
3 1340 1341 1350
3 1332 1342 1341
3 1341 1342 1351
3 1333 1343 1342
3 1342 1343 1352
3 1334 1344 1343
3 1343 1344 1353
3 1335 1345 1344
3 1344 1345 1354
3 1336 1346 1345
3 1345 1346 1355
3 1337 1347 1346
3 1346 1347 1356
3 1338 1348 1347
3 1347 1348 1357
3 1331 1332 1341
3 1341 1351 1350
3 1332 1333 1342
3 1342 1352 1351
3 1333 1334 1343
3 1343 1353 1352
3 1334 1335 1344
3 1344 1354 1353
3 1335 1336 1345
3 1345 1355 1354
3 1336 1337 1346
3 1346 1356 1355
3 1337 1338 1347
3 1347 1357 1356
3 1338 1339 1348
3 1348 1358 1357
3 1349 1350 1359
3 1359 1369 1368
3 1350 1360 1359
3 1359 1360 1369
3 1351 1361 1360
3 1360 1361 1370
3 1352 1362 1361
3 1361 1362 1371
3 1353 1363 1362
3 1362 1363 1372
3 1354 1364 1363
3 1363 1364 1373
3 1355 1365 1364
3 1364 1365 1374
3 1356 1366 1365
3 1365 1366 1375
3 1357 1367 1366
3 1366 1367 1376
3 1350 1351 1360
3 1360 1370 1369
3 1351 1352 1361
3 1361 1371 1370
3 1352 1353 1362
3 1362 1372 1371
3 1353 1354 1363
3 1363 1373 1372
3 1354 1355 1364
3 1364 1374 1373
3 1355 1356 1365
3 1365 1375 1374
3 1356 1357 1366
3 1366 1376 1375
3 1357 1358 1367
3 1367 1377 1376
3 1368 1369 1378
3 1378 1388 1387
3 1369 1379 1378
3 1378 1379 1388
3 1370 1380 1379
3 1379 1380 1389
3 1371 1381 1380
3 1380 1381 1390
3 1372 1382 1381
3 1381 1382 1391
3 1373 1383 1382
3 1382 1383 1392
3 1374 1384 1383
3 1383 1384 1393
3 1375 1385 1384
3 1384 1385 1394
3 1376 1386 1385
3 1385 1386 1395
3 1369 1370 1379
3 1379 1389 1388
3 1370 1371 1380
3 1380 1390 1389
3 1371 1372 1381
3 1381 1391 1390
3 1372 1373 1382
3 1382 1392 1391
3 1373 1374 1383
3 1383 1393 1392
3 1374 1375 1384
3 1384 1394 1393
3 1375 1376 1385
3 1385 1395 1394
3 1376 1377 1386
3 1386 1396 1395
3 1387 1388 1397
3 1397 1407 1406
3 1388 1398 1397
3 1397 1398 1407
3 1389 1399 1398
3 1398 1399 1408
3 1390 1400 1399
3 1399 1400 1409
3 1391 1401 1400
3 1400 1401 1410
3 1392 1402 1401
3 1401 1402 1411
3 1393 1403 1402
3 1402 1403 1412
3 1394 1404 1403
3 1403 1404 1413
3 1395 1405 1404
3 1404 1405 1414
3 1388 1389 1398
3 1398 1408 1407
3 1389 1390 1399
3 1399 1409 1408
3 1390 1391 1400
3 1400 1410 1409
3 1391 1392 1401
3 1401 1411 1410
3 1392 1393 1402
3 1402 1412 1411
3 1393 1394 1403
3 1403 1413 1412
3 1394 1395 1404
3 1404 1414 1413
3 1395 1396 1405
3 1405 1415 1414
3 1406 1407 1416
3 1416 1426 1425
3 1407 1417 1416
3 1416 1417 1426
3 1408 1418 1417
3 1417 1418 1427
3 1409 1419 1418
3 1418 1419 1428
3 1410 1420 1419
3 1419 1420 1429
3 1411 1421 1420
3 1420 1421 1430
3 1412 1422 1421
3 1421 1422 1431
3 1413 1423 1422
3 1422 1423 1432
3 1414 1424 1423
3 1423 1424 1433
3 1407 1408 1417
3 1417 1427 1426
3 1408 1409 1418
3 1418 1428 1427
3 1409 1410 1419
3 1419 1429 1428
3 1410 1411 1420
3 1420 1430 1429
3 1411 1412 1421
3 1421 1431 1430
3 1412 1413 1422
3 1422 1432 1431
3 1413 1414 1423
3 1423 1433 1432
3 1414 1415 1424
3 1424 1434 1433
3 1425 1426 1435
3 1435 1445 1444
3 1426 1436 1435
3 1435 1436 1445
3 1427 1437 1436
3 1436 1437 1446
3 1428 1438 1437
3 1437 1438 1447
3 1429 1439 1438
3 1438 1439 1448
3 1430 1440 1439
3 1439 1440 1449
3 1431 1441 1440
3 1440 1441 1450
3 1432 1442 1441
3 1441 1442 1451
3 1433 1443 1442
3 1442 1443 1452
3 1426 1427 1436
3 1436 1446 1445
3 1427 1428 1437
3 1437 1447 1446
3 1428 1429 1438
3 1438 1448 1447
3 1429 1430 1439
3 1439 1449 1448
3 1430 1431 1440
3 1440 1450 1449
3 1431 1432 1441
3 1441 1451 1450
3 1432 1433 1442
3 1442 1452 1451
3 1433 1434 1443
3 1443 1453 1452
3 1444 1445 1454
3 1454 1464 1463
3 1445 1455 1454
3 1454 1455 1464
3 1446 1456 1455
3 1455 1456 1465
3 1447 1457 1456
3 1456 1457 1466
3 1448 1458 1457
3 1457 1458 1467
3 1449 1459 1458
3 1458 1459 1468
3 1450 1460 1459
3 1459 1460 1469
3 1451 1461 1460
3 1460 1461 1470
3 1452 1462 1461
3 1461 1462 1471
3 1445 1446 1455
3 1455 1465 1464
3 1446 1447 1456
3 1456 1466 1465
3 1447 1448 1457
3 1457 1467 1466
3 1448 1449 1458
3 1458 1468 1467
3 1449 1450 1459
3 1459 1469 1468
3 1450 1451 1460
3 1460 1470 1469
3 1451 1452 1461
3 1461 1471 1470
3 1452 1453 1462
3 1462 1472 1471
3 1463 1464 1473
3 1473 1483 1482
3 1464 1474 1473
3 1473 1474 1483
3 1465 1475 1474
3 1474 1475 1484
3 1466 1476 1475
3 1475 1476 1485
3 1467 1477 1476
3 1476 1477 1486
3 1468 1478 1477
3 1477 1478 1487
3 1469 1479 1478
3 1478 1479 1488
3 1470 1480 1479
3 1479 1480 1489
3 1471 1481 1480
3 1480 1481 1490
3 1464 1465 1474
3 1474 1484 1483
3 1465 1466 1475
3 1475 1485 1484
3 1466 1467 1476
3 1476 1486 1485
3 1467 1468 1477
3 1477 1487 1486
3 1468 1469 1478
3 1478 1488 1487
3 1469 1470 1479
3 1479 1489 1488
3 1470 1471 1480
3 1480 1490 1489
3 1471 1472 1481
3 1481 1491 1490
3 1482 1483 1492
3 1492 1502 1501
3 1483 1493 1492
3 1492 1493 1502
3 1484 1494 1493
3 1493 1494 1503
3 1485 1495 1494
3 1494 1495 1504
3 1486 1496 1495
3 1495 1496 1505
3 1487 1497 1496
3 1496 1497 1506
3 1488 1498 1497
3 1497 1498 1507
3 1489 1499 1498
3 1498 1499 1508
3 1490 1500 1499
3 1499 1500 1509
3 1483 1484 1493
3 1493 1503 1502
3 1484 1485 1494
3 1494 1504 1503
3 1485 1486 1495
3 1495 1505 1504
3 1486 1487 1496
3 1496 1506 1505
3 1487 1488 1497
3 1497 1507 1506
3 1488 1489 1498
3 1498 1508 1507
3 1489 1490 1499
3 1499 1509 1508
3 1490 1491 1500
3 1500 1510 1509
3 1501 1502 1511
3 1511 1521 1520
3 1502 1512 1511
3 1511 1512 1521
3 1503 1513 1512
3 1512 1513 1522
3 1504 1514 1513
3 1513 1514 1523
3 1505 1515 1514
3 1514 1515 1524
3 1506 1516 1515
3 1515 1516 1525
3 1507 1517 1516
3 1516 1517 1526
3 1508 1518 1517
3 1517 1518 1527
3 1509 1519 1518
3 1518 1519 1528
3 1502 1503 1512
3 1512 1522 1521
3 1503 1504 1513
3 1513 1523 1522
3 1504 1505 1514
3 1514 1524 1523
3 1505 1506 1515
3 1515 1525 1524
3 1506 1507 1516
3 1516 1526 1525
3 1507 1508 1517
3 1517 1527 1526
3 1508 1509 1518
3 1518 1528 1527
3 1509 1510 1519
3 1519 1529 1528
3 1520 1521 1530
3 1530 1540 1539
3 1521 1531 1530
3 1530 1531 1540
3 1522 1532 1531
3 1531 1532 1541
3 1523 1533 1532
3 1532 1533 1542
3 1524 1534 1533
3 1533 1534 1543
3 1525 1535 1534
3 1534 1535 1544
3 1526 1536 1535
3 1535 1536 1545
3 1527 1537 1536
3 1536 1537 1546
3 1528 1538 1537
3 1537 1538 1547
3 1521 1522 1531
3 1531 1541 1540
3 1522 1523 1532
3 1532 1542 1541
3 1523 1524 1533
3 1533 1543 1542
3 1524 1525 1534
3 1534 1544 1543
3 1525 1526 1535
3 1535 1545 1544
3 1526 1527 1536
3 1536 1546 1545
3 1527 1528 1537
3 1537 1547 1546
3 1528 1529 1538
3 1538 1548 1547
3 1539 1540 1549
3 1549 1559 1558
3 1540 1550 1549
3 1549 1550 1559
3 1541 1551 1550
3 1550 1551 1560
3 1542 1552 1551
3 1551 1552 1561
3 1543 1553 1552
3 1552 1553 1562
3 1544 1554 1553
3 1553 1554 1563
3 1545 1555 1554
3 1554 1555 1564
3 1546 1556 1555
3 1555 1556 1565
3 1547 1557 1556
3 1556 1557 1566
3 1540 1541 1550
3 1550 1560 1559
3 1541 1542 1551
3 1551 1561 1560
3 1542 1543 1552
3 1552 1562 1561
3 1543 1544 1553
3 1553 1563 1562
3 1544 1545 1554
3 1554 1564 1563
3 1545 1546 1555
3 1555 1565 1564
3 1546 1547 1556
3 1556 1566 1565
3 1547 1548 1557
3 1557 1567 1566
3 1558 1559 1568
3 1568 1578 1577
3 1559 1569 1568
3 1568 1569 1578
3 1560 1570 1569
3 1569 1570 1579
3 1561 1571 1570
3 1570 1571 1580
3 1562 1572 1571
3 1571 1572 1581
3 1563 1573 1572
3 1572 1573 1582
3 1564 1574 1573
3 1573 1574 1583
3 1565 1575 1574
3 1574 1575 1584
3 1566 1576 1575
3 1575 1576 1585
3 1559 1560 1569
3 1569 1579 1578
3 1560 1561 1570
3 1570 1580 1579
3 1561 1562 1571
3 1571 1581 1580
3 1562 1563 1572
3 1572 1582 1581
3 1563 1564 1573
3 1573 1583 1582
3 1564 1565 1574
3 1574 1584 1583
3 1565 1566 1575
3 1575 1585 1584
3 1566 1567 1576
3 1576 1586 1585
3 1577 1578 1587
3 1587 1597 1596
3 1578 1588 1587
3 1587 1588 1597
3 1579 1589 1588
3 1588 1589 1598
3 1580 1590 1589
3 1589 1590 1599
3 1581 1591 1590
3 1590 1591 1600
3 1582 1592 1591
3 1591 1592 1601
3 1583 1593 1592
3 1592 1593 1602
3 1584 1594 1593
3 1593 1594 1603
3 1585 1595 1594
3 1594 1595 1604
3 1578 1579 1588
3 1588 1598 1597
3 1579 1580 1589
3 1589 1599 1598
3 1580 1581 1590
3 1590 1600 1599
3 1581 1582 1591
3 1591 1601 1600
3 1582 1583 1592
3 1592 1602 1601
3 1583 1584 1593
3 1593 1603 1602
3 1584 1585 1594
3 1594 1604 1603
3 1585 1586 1595
3 1595 1605 1604
3 1596 1597 1606
3 1606 1616 1615
3 1597 1607 1606
3 1606 1607 1616
3 1598 1608 1607
3 1607 1608 1617
3 1599 1609 1608
3 1608 1609 1618
3 1600 1610 1609
3 1609 1610 1619
3 1601 1611 1610
3 1610 1611 1620
3 1602 1612 1611
3 1611 1612 1621
3 1603 1613 1612
3 1612 1613 1622
3 1604 1614 1613
3 1613 1614 1623
3 1597 1598 1607
3 1607 1617 1616
3 1598 1599 1608
3 1608 1618 1617
3 1599 1600 1609
3 1609 1619 1618
3 1600 1601 1610
3 1610 1620 1619
3 1601 1602 1611
3 1611 1621 1620
3 1602 1603 1612
3 1612 1622 1621
3 1603 1604 1613
3 1613 1623 1622
3 1604 1605 1614
3 1614 1624 1623
3 1615 1616 1625
3 1625 1635 1634
3 1616 1626 1625
3 1625 1626 1635
3 1617 1627 1626
3 1626 1627 1636
3 1618 1628 1627
3 1627 1628 1637
3 1619 1629 1628
3 1628 1629 1638
3 1620 1630 1629
3 1629 1630 1639
3 1621 1631 1630
3 1630 1631 1640
3 1622 1632 1631
3 1631 1632 1641
3 1623 1633 1632
3 1632 1633 1642
3 1616 1617 1626
3 1626 1636 1635
3 1617 1618 1627
3 1627 1637 1636
3 1618 1619 1628
3 1628 1638 1637
3 1619 1620 1629
3 1629 1639 1638
3 1620 1621 1630
3 1630 1640 1639
3 1621 1622 1631
3 1631 1641 1640
3 1622 1623 1632
3 1632 1642 1641
3 1623 1624 1633
3 1633 1643 1642
3 1634 1635 1644
3 1644 1654 1653
3 1635 1645 1644
3 1644 1645 1654
3 1636 1646 1645
3 1645 1646 1655
3 1637 1647 1646
3 1646 1647 1656
3 1638 1648 1647
3 1647 1648 1657
3 1639 1649 1648
3 1648 1649 1658
3 1640 1650 1649
3 1649 1650 1659
3 1641 1651 1650
3 1650 1651 1660
3 1642 1652 1651
3 1651 1652 1661
3 1635 1636 1645
3 1645 1655 1654
3 1636 1637 1646
3 1646 1656 1655
3 1637 1638 1647
3 1647 1657 1656
3 1638 1639 1648
3 1648 1658 1657
3 1639 1640 1649
3 1649 1659 1658
3 1640 1641 1650
3 1650 1660 1659
3 1641 1642 1651
3 1651 1661 1660
3 1642 1643 1652
3 1652 1662 1661
3 1653 1654 1663
3 1663 1673 1672
3 1654 1664 1663
3 1663 1664 1673
3 1655 1665 1664
3 1664 1665 1674
3 1656 1666 1665
3 1665 1666 1675
3 1657 1667 1666
3 1666 1667 1676
3 1658 1668 1667
3 1667 1668 1677
3 1659 1669 1668
3 1668 1669 1678
3 1660 1670 1669
3 1669 1670 1679
3 1661 1671 1670
3 1670 1671 1680
3 1654 1655 1664
3 1664 1674 1673
3 1655 1656 1665
3 1665 1675 1674
3 1656 1657 1666
3 1666 1676 1675
3 1657 1658 1667
3 1667 1677 1676
3 1658 1659 1668
3 1668 1678 1677
3 1659 1660 1669
3 1669 1679 1678
3 1660 1661 1670
3 1670 1680 1679
3 1661 1662 1671
3 1671 1681 1680
3 1672 1673 1682
3 1682 1692 1691
3 1673 1683 1682
3 1682 1683 1692
3 1674 1684 1683
3 1683 1684 1693
3 1675 1685 1684
3 1684 1685 1694
3 1676 1686 1685
3 1685 1686 1695
3 1677 1687 1686
3 1686 1687 1696
3 1678 1688 1687
3 1687 1688 1697
3 1679 1689 1688
3 1688 1689 1698
3 1680 1690 1689
3 1689 1690 1699
3 1673 1674 1683
3 1683 1693 1692
3 1674 1675 1684
3 1684 1694 1693
3 1675 1676 1685
3 1685 1695 1694
3 1676 1677 1686
3 1686 1696 1695
3 1677 1678 1687
3 1687 1697 1696
3 1678 1679 1688
3 1688 1698 1697
3 1679 1680 1689
3 1689 1699 1698
3 1680 1681 1690
3 1690 1700 1699
3 1691 1692 1701
3 1701 1711 1710
3 1692 1702 1701
3 1701 1702 1711
3 1693 1703 1702
3 1702 1703 1712
3 1694 1704 1703
3 1703 1704 1713
3 1695 1705 1704
3 1704 1705 1714
3 1696 1706 1705
3 1705 1706 1715
3 1697 1707 1706
3 1706 1707 1716
3 1698 1708 1707
3 1707 1708 1717
3 1699 1709 1708
3 1708 1709 1718
3 1692 1693 1702
3 1702 1712 1711
3 1693 1694 1703
3 1703 1713 1712
3 1694 1695 1704
3 1704 1714 1713
3 1695 1696 1705
3 1705 1715 1714
3 1696 1697 1706
3 1706 1716 1715
3 1697 1698 1707
3 1707 1717 1716
3 1698 1699 1708
3 1708 1718 1717
3 1699 1700 1709
3 1709 1719 1718
3 1710 1711 1720
3 1720 1730 1729
3 1711 1721 1720
3 1720 1721 1730
3 1712 1722 1721
3 1721 1722 1731
3 1713 1723 1722
3 1722 1723 1732
3 1714 1724 1723
3 1723 1724 1733
3 1715 1725 1724
3 1724 1725 1734
3 1716 1726 1725
3 1725 1726 1735
3 1717 1727 1726
3 1726 1727 1736
3 1718 1728 1727
3 1727 1728 1737
3 1711 1712 1721
3 1721 1731 1730
3 1712 1713 1722
3 1722 1732 1731
3 1713 1714 1723
3 1723 1733 1732
3 1714 1715 1724
3 1724 1734 1733
3 1715 1716 1725
3 1725 1735 1734
3 1716 1717 1726
3 1726 1736 1735
3 1717 1718 1727
3 1727 1737 1736
3 1718 1719 1728
3 1728 1738 1737
3 1729 1730 1739
3 1739 1749 1748
3 1730 1740 1739
3 1739 1740 1749
3 1731 1741 1740
3 1740 1741 1750
3 1732 1742 1741
3 1741 1742 1751
3 1733 1743 1742
3 1742 1743 1752
3 1734 1744 1743
3 1743 1744 1753
3 1735 1745 1744
3 1744 1745 1754
3 1736 1746 1745
3 1745 1746 1755
3 1737 1747 1746
3 1746 1747 1756
3 1730 1731 1740
3 1740 1750 1749
3 1731 1732 1741
3 1741 1751 1750
3 1732 1733 1742
3 1742 1752 1751
3 1733 1734 1743
3 1743 1753 1752
3 1734 1735 1744
3 1744 1754 1753
3 1735 1736 1745
3 1745 1755 1754
3 1736 1737 1746
3 1746 1756 1755
3 1737 1738 1747
3 1747 1757 1756
3 1748 1749 1758
3 1758 1768 1767
3 1749 1759 1758
3 1758 1759 1768
3 1750 1760 1759
3 1759 1760 1769
3 1751 1761 1760
3 1760 1761 1770
3 1752 1762 1761
3 1761 1762 1771
3 1753 1763 1762
3 1762 1763 1772
3 1754 1764 1763
3 1763 1764 1773
3 1755 1765 1764
3 1764 1765 1774
3 1756 1766 1765
3 1765 1766 1775
3 1749 1750 1759
3 1759 1769 1768
3 1750 1751 1760
3 1760 1770 1769
3 1751 1752 1761
3 1761 1771 1770
3 1752 1753 1762
3 1762 1772 1771
3 1753 1754 1763
3 1763 1773 1772
3 1754 1755 1764
3 1764 1774 1773
3 1755 1756 1765
3 1765 1775 1774
3 1756 1757 1766
3 1766 1776 1775
3 1767 1768 1777
3 1777 1787 1786
3 1768 1778 1777
3 1777 1778 1787
3 1769 1779 1778
3 1778 1779 1788
3 1770 1780 1779
3 1779 1780 1789
3 1771 1781 1780
3 1780 1781 1790
3 1772 1782 1781
3 1781 1782 1791
3 1773 1783 1782
3 1782 1783 1792
3 1774 1784 1783
3 1783 1784 1793
3 1775 1785 1784
3 1784 1785 1794
3 1768 1769 1778
3 1778 1788 1787
3 1769 1770 1779
3 1779 1789 1788
3 1770 1771 1780
3 1780 1790 1789
3 1771 1772 1781
3 1781 1791 1790
3 1772 1773 1782
3 1782 1792 1791
3 1773 1774 1783
3 1783 1793 1792
3 1774 1775 1784
3 1784 1794 1793
3 1775 1776 1785
3 1785 1795 1794
3 1786 1787 1796
3 1796 1806 1805
3 1787 1797 1796
3 1796 1797 1806
3 1788 1798 1797
3 1797 1798 1807
3 1789 1799 1798
3 1798 1799 1808
3 1790 1800 1799
3 1799 1800 1809
3 1791 1801 1800
3 1800 1801 1810
3 1792 1802 1801
3 1801 1802 1811
3 1793 1803 1802
3 1802 1803 1812
3 1794 1804 1803
3 1803 1804 1813
3 1787 1788 1797
3 1797 1807 1806
3 1788 1789 1798
3 1798 1808 1807
3 1789 1790 1799
3 1799 1809 1808
3 1790 1791 1800
3 1800 1810 1809
3 1791 1792 1801
3 1801 1811 1810
3 1792 1793 1802
3 1802 1812 1811
3 1793 1794 1803
3 1803 1813 1812
3 1794 1795 1804
3 1804 1814 1813
3 1805 1806 1815
3 1815 1825 1824
3 1806 1816 1815
3 1815 1816 1825
3 1807 1817 1816
3 1816 1817 1826
3 1808 1818 1817
3 1817 1818 1827
3 1809 1819 1818
3 1818 1819 1828
3 1810 1820 1819
3 1819 1820 1829
3 1811 1821 1820
3 1820 1821 1830
3 1812 1822 1821
3 1821 1822 1831
3 1813 1823 1822
3 1822 1823 1832
3 1806 1807 1816
3 1816 1826 1825
3 1807 1808 1817
3 1817 1827 1826
3 1808 1809 1818
3 1818 1828 1827
3 1809 1810 1819
3 1819 1829 1828
3 1810 1811 1820
3 1820 1830 1829
3 1811 1812 1821
3 1821 1831 1830
3 1812 1813 1822
3 1822 1832 1831
3 1813 1814 1823
3 1823 1833 1832
3 1824 1825 1834
3 1834 1844 1843
3 1825 1835 1834
3 1834 1835 1844
3 1826 1836 1835
3 1835 1836 1845
3 1827 1837 1836
3 1836 1837 1846
3 1828 1838 1837
3 1837 1838 1847
3 1829 1839 1838
3 1838 1839 1848
3 1830 1840 1839
3 1839 1840 1849
3 1831 1841 1840
3 1840 1841 1850
3 1832 1842 1841
3 1841 1842 1851
3 1825 1826 1835
3 1835 1845 1844
3 1826 1827 1836
3 1836 1846 1845
3 1827 1828 1837
3 1837 1847 1846
3 1828 1829 1838
3 1838 1848 1847
3 1829 1830 1839
3 1839 1849 1848
3 1830 1831 1840
3 1840 1850 1849
3 1831 1832 1841
3 1841 1851 1850
3 1832 1833 1842
3 1842 1852 1851
3 1843 1844 1853
3 1853 1863 1862
3 1844 1854 1853
3 1853 1854 1863
3 1845 1855 1854
3 1854 1855 1864
3 1846 1856 1855
3 1855 1856 1865
3 1847 1857 1856
3 1856 1857 1866
3 1848 1858 1857
3 1857 1858 1867
3 1849 1859 1858
3 1858 1859 1868
3 1850 1860 1859
3 1859 1860 1869
3 1851 1861 1860
3 1860 1861 1870
3 1844 1845 1854
3 1854 1864 1863
3 1845 1846 1855
3 1855 1865 1864
3 1846 1847 1856
3 1856 1866 1865
3 1847 1848 1857
3 1857 1867 1866
3 1848 1849 1858
3 1858 1868 1867
3 1849 1850 1859
3 1859 1869 1868
3 1850 1851 1860
3 1860 1870 1869
3 1851 1852 1861
3 1861 1871 1870
3 1862 1863 1872
3 1872 1882 1881
3 1863 1873 1872
3 1872 1873 1882
3 1864 1874 1873
3 1873 1874 1883
3 1865 1875 1874
3 1874 1875 1884
3 1866 1876 1875
3 1875 1876 1885
3 1867 1877 1876
3 1876 1877 1886
3 1868 1878 1877
3 1877 1878 1887
3 1869 1879 1878
3 1878 1879 1888
3 1870 1880 1879
3 1879 1880 1889
3 1863 1864 1873
3 1873 1883 1882
3 1864 1865 1874
3 1874 1884 1883
3 1865 1866 1875
3 1875 1885 1884
3 1866 1867 1876
3 1876 1886 1885
3 1867 1868 1877
3 1877 1887 1886
3 1868 1869 1878
3 1878 1888 1887
3 1869 1870 1879
3 1879 1889 1888
3 1870 1871 1880
3 1880 1890 1889
3 1881 1882 1891
3 1891 1901 1900
3 1882 1892 1891
3 1891 1892 1901
3 1883 1893 1892
3 1892 1893 1902
3 1884 1894 1893
3 1893 1894 1903
3 1885 1895 1894
3 1894 1895 1904
3 1886 1896 1895
3 1895 1896 1905
3 1887 1897 1896
3 1896 1897 1906
3 1888 1898 1897
3 1897 1898 1907
3 1889 1899 1898
3 1898 1899 1908
3 1882 1883 1892
3 1892 1902 1901
3 1883 1884 1893
3 1893 1903 1902
3 1884 1885 1894
3 1894 1904 1903
3 1885 1886 1895
3 1895 1905 1904
3 1886 1887 1896
3 1896 1906 1905
3 1887 1888 1897
3 1897 1907 1906
3 1888 1889 1898
3 1898 1908 1907
3 1889 1890 1899
3 1899 1909 1908
3 1900 1901 1910
3 1910 1920 1919
3 1901 1911 1910
3 1910 1911 1920
3 1902 1912 1911
3 1911 1912 1921
3 1903 1913 1912
3 1912 1913 1922
3 1904 1914 1913
3 1913 1914 1923
3 1905 1915 1914
3 1914 1915 1924
3 1906 1916 1915
3 1915 1916 1925
3 1907 1917 1916
3 1916 1917 1926
3 1908 1918 1917
3 1917 1918 1927
3 1901 1902 1911
3 1911 1921 1920
3 1902 1903 1912
3 1912 1922 1921
3 1903 1904 1913
3 1913 1923 1922
3 1904 1905 1914
3 1914 1924 1923
3 1905 1906 1915
3 1915 1925 1924
3 1906 1907 1916
3 1916 1926 1925
3 1907 1908 1917
3 1917 1927 1926
3 1908 1909 1918
3 1918 1928 1927
3 1919 1920 1929
3 1929 1939 1938
3 1920 1930 1929
3 1929 1930 1939
3 1921 1931 1930
3 1930 1931 1940
3 1922 1932 1931
3 1931 1932 1941
3 1923 1933 1932
3 1932 1933 1942
3 1924 1934 1933
3 1933 1934 1943
3 1925 1935 1934
3 1934 1935 1944
3 1926 1936 1935
3 1935 1936 1945
3 1927 1937 1936
3 1936 1937 1946
3 1920 1921 1930
3 1930 1940 1939
3 1921 1922 1931
3 1931 1941 1940
3 1922 1923 1932
3 1932 1942 1941
3 1923 1924 1933
3 1933 1943 1942
3 1924 1925 1934
3 1934 1944 1943
3 1925 1926 1935
3 1935 1945 1944
3 1926 1927 1936
3 1936 1946 1945
3 1927 1928 1937
3 1937 1947 1946
3 1938 1939 1948
3 1948 1958 1957
3 1939 1949 1948
3 1948 1949 1958
3 1940 1950 1949
3 1949 1950 1959
3 1941 1951 1950
3 1950 1951 1960
3 1942 1952 1951
3 1951 1952 1961
3 1943 1953 1952
3 1952 1953 1962
3 1944 1954 1953
3 1953 1954 1963
3 1945 1955 1954
3 1954 1955 1964
3 1946 1956 1955
3 1955 1956 1965
3 1939 1940 1949
3 1949 1959 1958
3 1940 1941 1950
3 1950 1960 1959
3 1941 1942 1951
3 1951 1961 1960
3 1942 1943 1952
3 1952 1962 1961
3 1943 1944 1953
3 1953 1963 1962
3 1944 1945 1954
3 1954 1964 1963
3 1945 1946 1955
3 1955 1965 1964
3 1946 1947 1956
3 1956 1966 1965
3 1957 1958 1967
3 1967 1977 1976
3 1958 1968 1967
3 1967 1968 1977
3 1959 1969 1968
3 1968 1969 1978
3 1960 1970 1969
3 1969 1970 1979
3 1961 1971 1970
3 1970 1971 1980
3 1962 1972 1971
3 1971 1972 1981
3 1963 1973 1972
3 1972 1973 1982
3 1964 1974 1973
3 1973 1974 1983
3 1965 1975 1974
3 1974 1975 1984
3 1958 1959 1968
3 1968 1978 1977
3 1959 1960 1969
3 1969 1979 1978
3 1960 1961 1970
3 1970 1980 1979
3 1961 1962 1971
3 1971 1981 1980
3 1962 1963 1972
3 1972 1982 1981
3 1963 1964 1973
3 1973 1983 1982
3 1964 1965 1974
3 1974 1984 1983
3 1965 1966 1975
3 1975 1985 1984
3 1976 1977 1986
3 1986 1996 1995
3 1977 1987 1986
3 1986 1987 1996
3 1978 1988 1987
3 1987 1988 1997
3 1979 1989 1988
3 1988 1989 1998
3 1980 1990 1989
3 1989 1990 1999
3 1981 1991 1990
3 1990 1991 2000
3 1982 1992 1991
3 1991 1992 2001
3 1983 1993 1992
3 1992 1993 2002
3 1984 1994 1993
3 1993 1994 2003
3 1977 1978 1987
3 1987 1997 1996
3 1978 1979 1988
3 1988 1998 1997
3 1979 1980 1989
3 1989 1999 1998
3 1980 1981 1990
3 1990 2000 1999
3 1981 1982 1991
3 1991 2001 2000
3 1982 1983 1992
3 1992 2002 2001
3 1983 1984 1993
3 1993 2003 2002
3 1984 1985 1994
3 1994 2004 2003
3 1995 1996 2005
3 2005 2015 2014
3 1996 2006 2005
3 2005 2006 2015
3 1997 2007 2006
3 2006 2007 2016
3 1998 2008 2007
3 2007 2008 2017
3 1999 2009 2008
3 2008 2009 2018
3 2000 2010 2009
3 2009 2010 2019
3 2001 2011 2010
3 2010 2011 2020
3 2002 2012 2011
3 2011 2012 2021
3 2003 2013 2012
3 2012 2013 2022
3 1996 1997 2006
3 2006 2016 2015
3 1997 1998 2007
3 2007 2017 2016
3 1998 1999 2008
3 2008 2018 2017
3 1999 2000 2009
3 2009 2019 2018
3 2000 2001 2010
3 2010 2020 2019
3 2001 2002 2011
3 2011 2021 2020
3 2002 2003 2012
3 2012 2022 2021
3 2003 2004 2013
3 2013 2023 2022
3 2014 2015 2024
3 2024 2034 2033
3 2015 2025 2024
3 2024 2025 2034
3 2016 2026 2025
3 2025 2026 2035
3 2017 2027 2026
3 2026 2027 2036
3 2018 2028 2027
3 2027 2028 2037
3 2019 2029 2028
3 2028 2029 2038
3 2020 2030 2029
3 2029 2030 2039
3 2021 2031 2030
3 2030 2031 2040
3 2022 2032 2031
3 2031 2032 2041
3 2015 2016 2025
3 2025 2035 2034
3 2016 2017 2026
3 2026 2036 2035
3 2017 2018 2027
3 2027 2037 2036
3 2018 2019 2028
3 2028 2038 2037
3 2019 2020 2029
3 2029 2039 2038
3 2020 2021 2030
3 2030 2040 2039
3 2021 2022 2031
3 2031 2041 2040
3 2022 2023 2032
3 2032 2042 2041
3 2033 2034 2043
3 2043 2053 2052
3 2034 2044 2043
3 2043 2044 2053
3 2035 2045 2044
3 2044 2045 2054
3 2036 2046 2045
3 2045 2046 2055
3 2037 2047 2046
3 2046 2047 2056
3 2038 2048 2047
3 2047 2048 2057
3 2039 2049 2048
3 2048 2049 2058
3 2040 2050 2049
3 2049 2050 2059
3 2041 2051 2050
3 2050 2051 2060
3 2034 2035 2044
3 2044 2054 2053
3 2035 2036 2045
3 2045 2055 2054
3 2036 2037 2046
3 2046 2056 2055
3 2037 2038 2047
3 2047 2057 2056
3 2038 2039 2048
3 2048 2058 2057
3 2039 2040 2049
3 2049 2059 2058
3 2040 2041 2050
3 2050 2060 2059
3 2041 2042 2051
3 2051 2061 2060
3 2052 2053 2062
3 2062 2072 2071
3 2053 2063 2062
3 2062 2063 2072
3 2054 2064 2063
3 2063 2064 2073
3 2055 2065 2064
3 2064 2065 2074
3 2056 2066 2065
3 2065 2066 2075
3 2057 2067 2066
3 2066 2067 2076
3 2058 2068 2067
3 2067 2068 2077
3 2059 2069 2068
3 2068 2069 2078
3 2060 2070 2069
3 2069 2070 2079
3 2053 2054 2063
3 2063 2073 2072
3 2054 2055 2064
3 2064 2074 2073
3 2055 2056 2065
3 2065 2075 2074
3 2056 2057 2066
3 2066 2076 2075
3 2057 2058 2067
3 2067 2077 2076
3 2058 2059 2068
3 2068 2078 2077
3 2059 2060 2069
3 2069 2079 2078
3 2060 2061 2070
3 2070 2080 2079
3 2071 2072 2081
3 2081 2091 2090
3 2072 2082 2081
3 2081 2082 2091
3 2073 2083 2082
3 2082 2083 2092
3 2074 2084 2083
3 2083 2084 2093
3 2075 2085 2084
3 2084 2085 2094
3 2076 2086 2085
3 2085 2086 2095
3 2077 2087 2086
3 2086 2087 2096
3 2078 2088 2087
3 2087 2088 2097
3 2079 2089 2088
3 2088 2089 2098
3 2072 2073 2082
3 2082 2092 2091
3 2073 2074 2083
3 2083 2093 2092
3 2074 2075 2084
3 2084 2094 2093
3 2075 2076 2085
3 2085 2095 2094
3 2076 2077 2086
3 2086 2096 2095
3 2077 2078 2087
3 2087 2097 2096
3 2078 2079 2088
3 2088 2098 2097
3 2079 2080 2089
3 2089 2099 2098
3 2090 2091 2100
3 2100 2110 2109
3 2091 2101 2100
3 2100 2101 2110
3 2092 2102 2101
3 2101 2102 2111
3 2093 2103 2102
3 2102 2103 2112
3 2094 2104 2103
3 2103 2104 2113
3 2095 2105 2104
3 2104 2105 2114
3 2096 2106 2105
3 2105 2106 2115
3 2097 2107 2106
3 2106 2107 2116
3 2098 2108 2107
3 2107 2108 2117
3 2091 2092 2101
3 2101 2111 2110
3 2092 2093 2102
3 2102 2112 2111
3 2093 2094 2103
3 2103 2113 2112
3 2094 2095 2104
3 2104 2114 2113
3 2095 2096 2105
3 2105 2115 2114
3 2096 2097 2106
3 2106 2116 2115
3 2097 2098 2107
3 2107 2117 2116
3 2098 2099 2108
3 2108 2118 2117
3 2109 2110 2119
3 2119 2129 2128
3 2110 2120 2119
3 2119 2120 2129
3 2111 2121 2120
3 2120 2121 2130
3 2112 2122 2121
3 2121 2122 2131
3 2113 2123 2122
3 2122 2123 2132
3 2114 2124 2123
3 2123 2124 2133
3 2115 2125 2124
3 2124 2125 2134
3 2116 2126 2125
3 2125 2126 2135
3 2117 2127 2126
3 2126 2127 2136
3 2110 2111 2120
3 2120 2130 2129
3 2111 2112 2121
3 2121 2131 2130
3 2112 2113 2122
3 2122 2132 2131
3 2113 2114 2123
3 2123 2133 2132
3 2114 2115 2124
3 2124 2134 2133
3 2115 2116 2125
3 2125 2135 2134
3 2116 2117 2126
3 2126 2136 2135
3 2117 2118 2127
3 2127 2137 2136
3 2128 2129 2138
3 2138 2148 2147
3 2129 2139 2138
3 2138 2139 2148
3 2130 2140 2139
3 2139 2140 2149
3 2131 2141 2140
3 2140 2141 2150
3 2132 2142 2141
3 2141 2142 2151
3 2133 2143 2142
3 2142 2143 2152
3 2134 2144 2143
3 2143 2144 2153
3 2135 2145 2144
3 2144 2145 2154
3 2136 2146 2145
3 2145 2146 2155
3 2129 2130 2139
3 2139 2149 2148
3 2130 2131 2140
3 2140 2150 2149
3 2131 2132 2141
3 2141 2151 2150
3 2132 2133 2142
3 2142 2152 2151
3 2133 2134 2143
3 2143 2153 2152
3 2134 2135 2144
3 2144 2154 2153
3 2135 2136 2145
3 2145 2155 2154
3 2136 2137 2146
3 2146 2156 2155
3 2147 2148 2157
3 2157 2167 2166
3 2148 2158 2157
3 2157 2158 2167
3 2149 2159 2158
3 2158 2159 2168
3 2150 2160 2159
3 2159 2160 2169
3 2151 2161 2160
3 2160 2161 2170
3 2152 2162 2161
3 2161 2162 2171
3 2153 2163 2162
3 2162 2163 2172
3 2154 2164 2163
3 2163 2164 2173
3 2155 2165 2164
3 2164 2165 2174
3 2148 2149 2158
3 2158 2168 2167
3 2149 2150 2159
3 2159 2169 2168
3 2150 2151 2160
3 2160 2170 2169
3 2151 2152 2161
3 2161 2171 2170
3 2152 2153 2162
3 2162 2172 2171
3 2153 2154 2163
3 2163 2173 2172
3 2154 2155 2164
3 2164 2174 2173
3 2155 2156 2165
3 2165 2175 2174
3 2166 2167 2176
3 2176 2186 2185
3 2167 2177 2176
3 2176 2177 2186
3 2168 2178 2177
3 2177 2178 2187
3 2169 2179 2178
3 2178 2179 2188
3 2170 2180 2179
3 2179 2180 2189
3 2171 2181 2180
3 2180 2181 2190
3 2172 2182 2181
3 2181 2182 2191
3 2173 2183 2182
3 2182 2183 2192
3 2174 2184 2183
3 2183 2184 2193
3 2167 2168 2177
3 2177 2187 2186
3 2168 2169 2178
3 2178 2188 2187
3 2169 2170 2179
3 2179 2189 2188
3 2170 2171 2180
3 2180 2190 2189
3 2171 2172 2181
3 2181 2191 2190
3 2172 2173 2182
3 2182 2192 2191
3 2173 2174 2183
3 2183 2193 2192
3 2174 2175 2184
3 2184 2194 2193
3 2185 2186 2195
3 2195 2205 2204
3 2186 2196 2195
3 2195 2196 2205
3 2187 2197 2196
3 2196 2197 2206
3 2188 2198 2197
3 2197 2198 2207
3 2189 2199 2198
3 2198 2199 2208
3 2190 2200 2199
3 2199 2200 2209
3 2191 2201 2200
3 2200 2201 2210
3 2192 2202 2201
3 2201 2202 2211
3 2193 2203 2202
3 2202 2203 2212
3 2186 2187 2196
3 2196 2206 2205
3 2187 2188 2197
3 2197 2207 2206
3 2188 2189 2198
3 2198 2208 2207
3 2189 2190 2199
3 2199 2209 2208
3 2190 2191 2200
3 2200 2210 2209
3 2191 2192 2201
3 2201 2211 2210
3 2192 2193 2202
3 2202 2212 2211
3 2193 2194 2203
3 2203 2213 2212
3 2204 2205 2214
3 2214 2224 2223
3 2205 2215 2214
3 2214 2215 2224
3 2206 2216 2215
3 2215 2216 2225
3 2207 2217 2216
3 2216 2217 2226
3 2208 2218 2217
3 2217 2218 2227
3 2209 2219 2218
3 2218 2219 2228
3 2210 2220 2219
3 2219 2220 2229
3 2211 2221 2220
3 2220 2221 2230
3 2212 2222 2221
3 2221 2222 2231
3 2205 2206 2215
3 2215 2225 2224
3 2206 2207 2216
3 2216 2226 2225
3 2207 2208 2217
3 2217 2227 2226
3 2208 2209 2218
3 2218 2228 2227
3 2209 2210 2219
3 2219 2229 2228
3 2210 2211 2220
3 2220 2230 2229
3 2211 2212 2221
3 2221 2231 2230
3 2212 2213 2222
3 2222 2232 2231
3 2223 2224 2233
3 2233 2243 2242
3 2224 2234 2233
3 2233 2234 2243
3 2225 2235 2234
3 2234 2235 2244
3 2226 2236 2235
3 2235 2236 2245
3 2227 2237 2236
3 2236 2237 2246
3 2228 2238 2237
3 2237 2238 2247
3 2229 2239 2238
3 2238 2239 2248
3 2230 2240 2239
3 2239 2240 2249
3 2231 2241 2240
3 2240 2241 2250
3 2224 2225 2234
3 2234 2244 2243
3 2225 2226 2235
3 2235 2245 2244
3 2226 2227 2236
3 2236 2246 2245
3 2227 2228 2237
3 2237 2247 2246
3 2228 2229 2238
3 2238 2248 2247
3 2229 2230 2239
3 2239 2249 2248
3 2230 2231 2240
3 2240 2250 2249
3 2231 2232 2241
3 2241 2251 2250
3 2242 2243 2252
3 2252 2262 2261
3 2243 2253 2252
3 2252 2253 2262
3 2244 2254 2253
3 2253 2254 2263
3 2245 2255 2254
3 2254 2255 2264
3 2246 2256 2255
3 2255 2256 2265
3 2247 2257 2256
3 2256 2257 2266
3 2248 2258 2257
3 2257 2258 2267
3 2249 2259 2258
3 2258 2259 2268
3 2250 2260 2259
3 2259 2260 2269
3 2243 2244 2253
3 2253 2263 2262
3 2244 2245 2254
3 2254 2264 2263
3 2245 2246 2255
3 2255 2265 2264
3 2246 2247 2256
3 2256 2266 2265
3 2247 2248 2257
3 2257 2267 2266
3 2248 2249 2258
3 2258 2268 2267
3 2249 2250 2259
3 2259 2269 2268
3 2250 2251 2260
3 2260 2270 2269
3 2261 2262 2271
3 2271 2281 2280
3 2262 2272 2271
3 2271 2272 2281
3 2263 2273 2272
3 2272 2273 2282
3 2264 2274 2273
3 2273 2274 2283
3 2265 2275 2274
3 2274 2275 2284
3 2266 2276 2275
3 2275 2276 2285
3 2267 2277 2276
3 2276 2277 2286
3 2268 2278 2277
3 2277 2278 2287
3 2269 2279 2278
3 2278 2279 2288
3 2262 2263 2272
3 2272 2282 2281
3 2263 2264 2273
3 2273 2283 2282
3 2264 2265 2274
3 2274 2284 2283
3 2265 2266 2275
3 2275 2285 2284
3 2266 2267 2276
3 2276 2286 2285
3 2267 2268 2277
3 2277 2287 2286
3 2268 2269 2278
3 2278 2288 2287
3 2269 2270 2279
3 2279 2289 2288
3 2280 2281 2290
3 2290 2300 2299
3 2281 2291 2290
3 2290 2291 2300
3 2282 2292 2291
3 2291 2292 2301
3 2283 2293 2292
3 2292 2293 2302
3 2284 2294 2293
3 2293 2294 2303
3 2285 2295 2294
3 2294 2295 2304
3 2286 2296 2295
3 2295 2296 2305
3 2287 2297 2296
3 2296 2297 2306
3 2288 2298 2297
3 2297 2298 2307
3 2281 2282 2291
3 2291 2301 2300
3 2282 2283 2292
3 2292 2302 2301
3 2283 2284 2293
3 2293 2303 2302
3 2284 2285 2294
3 2294 2304 2303
3 2285 2286 2295
3 2295 2305 2304
3 2286 2287 2296
3 2296 2306 2305
3 2287 2288 2297
3 2297 2307 2306
3 2288 2289 2298
3 2298 2308 2307
3 2299 2300 2309
3 2309 2319 2318
3 2300 2310 2309
3 2309 2310 2319
3 2301 2311 2310
3 2310 2311 2320
3 2302 2312 2311
3 2311 2312 2321
3 2303 2313 2312
3 2312 2313 2322
3 2304 2314 2313
3 2313 2314 2323
3 2305 2315 2314
3 2314 2315 2324
3 2306 2316 2315
3 2315 2316 2325
3 2307 2317 2316
3 2316 2317 2326
3 2300 2301 2310
3 2310 2320 2319
3 2301 2302 2311
3 2311 2321 2320
3 2302 2303 2312
3 2312 2322 2321
3 2303 2304 2313
3 2313 2323 2322
3 2304 2305 2314
3 2314 2324 2323
3 2305 2306 2315
3 2315 2325 2324
3 2306 2307 2316
3 2316 2326 2325
3 2307 2308 2317
3 2317 2327 2326
3 2318 2319 2328
3 2328 2338 2337
3 2319 2329 2328
3 2328 2329 2338
3 2320 2330 2329
3 2329 2330 2339
3 2321 2331 2330
3 2330 2331 2340
3 2322 2332 2331
3 2331 2332 2341
3 2323 2333 2332
3 2332 2333 2342
3 2324 2334 2333
3 2333 2334 2343
3 2325 2335 2334
3 2334 2335 2344
3 2326 2336 2335
3 2335 2336 2345
3 2319 2320 2329
3 2329 2339 2338
3 2320 2321 2330
3 2330 2340 2339
3 2321 2322 2331
3 2331 2341 2340
3 2322 2323 2332
3 2332 2342 2341
3 2323 2324 2333
3 2333 2343 2342
3 2324 2325 2334
3 2334 2344 2343
3 2325 2326 2335
3 2335 2345 2344
3 2326 2327 2336
3 2336 2346 2345
3 2337 2338 2347
3 2347 2357 2356
3 2338 2348 2347
3 2347 2348 2357
3 2339 2349 2348
3 2348 2349 2358
3 2340 2350 2349
3 2349 2350 2359
3 2341 2351 2350
3 2350 2351 2360
3 2342 2352 2351
3 2351 2352 2361
3 2343 2353 2352
3 2352 2353 2362
3 2344 2354 2353
3 2353 2354 2363
3 2345 2355 2354
3 2354 2355 2364
3 2338 2339 2348
3 2348 2358 2357
3 2339 2340 2349
3 2349 2359 2358
3 2340 2341 2350
3 2350 2360 2359
3 2341 2342 2351
3 2351 2361 2360
3 2342 2343 2352
3 2352 2362 2361
3 2343 2344 2353
3 2353 2363 2362
3 2344 2345 2354
3 2354 2364 2363
3 2345 2346 2355
3 2355 2365 2364
3 2356 2357 2366
3 2366 2376 2375
3 2357 2367 2366
3 2366 2367 2376
3 2358 2368 2367
3 2367 2368 2377
3 2359 2369 2368
3 2368 2369 2378
3 2360 2370 2369
3 2369 2370 2379
3 2361 2371 2370
3 2370 2371 2380
3 2362 2372 2371
3 2371 2372 2381
3 2363 2373 2372
3 2372 2373 2382
3 2364 2374 2373
3 2373 2374 2383
3 2357 2358 2367
3 2367 2377 2376
3 2358 2359 2368
3 2368 2378 2377
3 2359 2360 2369
3 2369 2379 2378
3 2360 2361 2370
3 2370 2380 2379
3 2361 2362 2371
3 2371 2381 2380
3 2362 2363 2372
3 2372 2382 2381
3 2363 2364 2373
3 2373 2383 2382
3 2364 2365 2374
3 2374 2384 2383
3 2375 2376 2385
3 2385 2395 2394
3 2376 2386 2385
3 2385 2386 2395
3 2377 2387 2386
3 2386 2387 2396
3 2378 2388 2387
3 2387 2388 2397
3 2379 2389 2388
3 2388 2389 2398
3 2380 2390 2389
3 2389 2390 2399
3 2381 2391 2390
3 2390 2391 2400
3 2382 2392 2391
3 2391 2392 2401
3 2383 2393 2392
3 2392 2393 2402
3 2376 2377 2386
3 2386 2396 2395
3 2377 2378 2387
3 2387 2397 2396
3 2378 2379 2388
3 2388 2398 2397
3 2379 2380 2389
3 2389 2399 2398
3 2380 2381 2390
3 2390 2400 2399
3 2381 2382 2391
3 2391 2401 2400
3 2382 2383 2392
3 2392 2402 2401
3 2383 2384 2393
3 2393 2403 2402
3 2394 2395 2404
3 2404 2414 2413
3 2395 2405 2404
3 2404 2405 2414
3 2396 2406 2405
3 2405 2406 2415
3 2397 2407 2406
3 2406 2407 2416
3 2398 2408 2407
3 2407 2408 2417
3 2399 2409 2408
3 2408 2409 2418
3 2400 2410 2409
3 2409 2410 2419
3 2401 2411 2410
3 2410 2411 2420
3 2402 2412 2411
3 2411 2412 2421
3 2395 2396 2405
3 2405 2415 2414
3 2396 2397 2406
3 2406 2416 2415
3 2397 2398 2407
3 2407 2417 2416
3 2398 2399 2408
3 2408 2418 2417
3 2399 2400 2409
3 2409 2419 2418
3 2400 2401 2410
3 2410 2420 2419
3 2401 2402 2411
3 2411 2421 2420
3 2402 2403 2412
3 2412 2422 2421
3 2413 2414 2423
3 2423 2433 2432
3 2414 2424 2423
3 2423 2424 2433
3 2415 2425 2424
3 2424 2425 2434
3 2416 2426 2425
3 2425 2426 2435
3 2417 2427 2426
3 2426 2427 2436
3 2418 2428 2427
3 2427 2428 2437
3 2419 2429 2428
3 2428 2429 2438
3 2420 2430 2429
3 2429 2430 2439
3 2421 2431 2430
3 2430 2431 2440
3 2414 2415 2424
3 2424 2434 2433
3 2415 2416 2425
3 2425 2435 2434
3 2416 2417 2426
3 2426 2436 2435
3 2417 2418 2427
3 2427 2437 2436
3 2418 2419 2428
3 2428 2438 2437
3 2419 2420 2429
3 2429 2439 2438
3 2420 2421 2430
3 2430 2440 2439
3 2421 2422 2431
3 2431 2441 2440
3 2432 2433 2442
3 2442 2452 2451
3 2433 2443 2442
3 2442 2443 2452
3 2434 2444 2443
3 2443 2444 2453
3 2435 2445 2444
3 2444 2445 2454
3 2436 2446 2445
3 2445 2446 2455
3 2437 2447 2446
3 2446 2447 2456
3 2438 2448 2447
3 2447 2448 2457
3 2439 2449 2448
3 2448 2449 2458
3 2440 2450 2449
3 2449 2450 2459
3 2433 2434 2443
3 2443 2453 2452
3 2434 2435 2444
3 2444 2454 2453
3 2435 2436 2445
3 2445 2455 2454
3 2436 2437 2446
3 2446 2456 2455
3 2437 2438 2447
3 2447 2457 2456
3 2438 2439 2448
3 2448 2458 2457
3 2439 2440 2449
3 2449 2459 2458
3 2440 2441 2450
3 2450 2460 2459
3 2451 2452 2461
3 2461 2471 2470
3 2452 2462 2461
3 2461 2462 2471
3 2453 2463 2462
3 2462 2463 2472
3 2454 2464 2463
3 2463 2464 2473
3 2455 2465 2464
3 2464 2465 2474
3 2456 2466 2465
3 2465 2466 2475
3 2457 2467 2466
3 2466 2467 2476
3 2458 2468 2467
3 2467 2468 2477
3 2459 2469 2468
3 2468 2469 2478
3 2452 2453 2462
3 2462 2472 2471
3 2453 2454 2463
3 2463 2473 2472
3 2454 2455 2464
3 2464 2474 2473
3 2455 2456 2465
3 2465 2475 2474
3 2456 2457 2466
3 2466 2476 2475
3 2457 2458 2467
3 2467 2477 2476
3 2458 2459 2468
3 2468 2478 2477
3 2459 2460 2469
3 2469 2479 2478
3 2470 2471 2480
3 2480 2490 2489
3 2471 2481 2480
3 2480 2481 2490
3 2472 2482 2481
3 2481 2482 2491
3 2473 2483 2482
3 2482 2483 2492
3 2474 2484 2483
3 2483 2484 2493
3 2475 2485 2484
3 2484 2485 2494
3 2476 2486 2485
3 2485 2486 2495
3 2477 2487 2486
3 2486 2487 2496
3 2478 2488 2487
3 2487 2488 2497
3 2471 2472 2481
3 2481 2491 2490
3 2472 2473 2482
3 2482 2492 2491
3 2473 2474 2483
3 2483 2493 2492
3 2474 2475 2484
3 2484 2494 2493
3 2475 2476 2485
3 2485 2495 2494
3 2476 2477 2486
3 2486 2496 2495
3 2477 2478 2487
3 2487 2497 2496
3 2478 2479 2488
3 2488 2498 2497
3 2489 2490 2499
3 2499 2509 2508
3 2490 2500 2499
3 2499 2500 2509
3 2491 2501 2500
3 2500 2501 2510
3 2492 2502 2501
3 2501 2502 2511
3 2493 2503 2502
3 2502 2503 2512
3 2494 2504 2503
3 2503 2504 2513
3 2495 2505 2504
3 2504 2505 2514
3 2496 2506 2505
3 2505 2506 2515
3 2497 2507 2506
3 2506 2507 2516
3 2490 2491 2500
3 2500 2510 2509
3 2491 2492 2501
3 2501 2511 2510
3 2492 2493 2502
3 2502 2512 2511
3 2493 2494 2503
3 2503 2513 2512
3 2494 2495 2504
3 2504 2514 2513
3 2495 2496 2505
3 2505 2515 2514
3 2496 2497 2506
3 2506 2516 2515
3 2497 2498 2507
3 2507 2517 2516
3 2508 2509 2518
3 2518 2528 2527
3 2509 2519 2518
3 2518 2519 2528
3 2510 2520 2519
3 2519 2520 2529
3 2511 2521 2520
3 2520 2521 2530
3 2512 2522 2521
3 2521 2522 2531
3 2513 2523 2522
3 2522 2523 2532
3 2514 2524 2523
3 2523 2524 2533
3 2515 2525 2524
3 2524 2525 2534
3 2516 2526 2525
3 2525 2526 2535
3 2509 2510 2519
3 2519 2529 2528
3 2510 2511 2520
3 2520 2530 2529
3 2511 2512 2521
3 2521 2531 2530
3 2512 2513 2522
3 2522 2532 2531
3 2513 2514 2523
3 2523 2533 2532
3 2514 2515 2524
3 2524 2534 2533
3 2515 2516 2525
3 2525 2535 2534
3 2516 2517 2526
3 2526 2536 2535
3 2527 2528 2537
3 2537 2547 2546
3 2528 2538 2537
3 2537 2538 2547
3 2529 2539 2538
3 2538 2539 2548
3 2530 2540 2539
3 2539 2540 2549
3 2531 2541 2540
3 2540 2541 2550
3 2532 2542 2541
3 2541 2542 2551
3 2533 2543 2542
3 2542 2543 2552
3 2534 2544 2543
3 2543 2544 2553
3 2535 2545 2544
3 2544 2545 2554
3 2528 2529 2538
3 2538 2548 2547
3 2529 2530 2539
3 2539 2549 2548
3 2530 2531 2540
3 2540 2550 2549
3 2531 2532 2541
3 2541 2551 2550
3 2532 2533 2542
3 2542 2552 2551
3 2533 2534 2543
3 2543 2553 2552
3 2534 2535 2544
3 2544 2554 2553
3 2535 2536 2545
3 2545 2555 2554
3 2546 2547 2556
3 2556 2566 2565
3 2547 2557 2556
3 2556 2557 2566
3 2548 2558 2557
3 2557 2558 2567
3 2549 2559 2558
3 2558 2559 2568
3 2550 2560 2559
3 2559 2560 2569
3 2551 2561 2560
3 2560 2561 2570
3 2552 2562 2561
3 2561 2562 2571
3 2553 2563 2562
3 2562 2563 2572
3 2554 2564 2563
3 2563 2564 2573
3 2547 2548 2557
3 2557 2567 2566
3 2548 2549 2558
3 2558 2568 2567
3 2549 2550 2559
3 2559 2569 2568
3 2550 2551 2560
3 2560 2570 2569
3 2551 2552 2561
3 2561 2571 2570
3 2552 2553 2562
3 2562 2572 2571
3 2553 2554 2563
3 2563 2573 2572
3 2554 2555 2564
3 2564 2574 2573
3 2565 2566 2575
3 2575 2585 2584
3 2566 2576 2575
3 2575 2576 2585
3 2567 2577 2576
3 2576 2577 2586
3 2568 2578 2577
3 2577 2578 2587
3 2569 2579 2578
3 2578 2579 2588
3 2570 2580 2579
3 2579 2580 2589
3 2571 2581 2580
3 2580 2581 2590
3 2572 2582 2581
3 2581 2582 2591
3 2573 2583 2582
3 2582 2583 2592
3 2566 2567 2576
3 2576 2586 2585
3 2567 2568 2577
3 2577 2587 2586
3 2568 2569 2578
3 2578 2588 2587
3 2569 2570 2579
3 2579 2589 2588
3 2570 2571 2580
3 2580 2590 2589
3 2571 2572 2581
3 2581 2591 2590
3 2572 2573 2582
3 2582 2592 2591
3 2573 2574 2583
3 2583 2593 2592
3 2584 2585 2594
3 2594 2604 2603
3 2585 2595 2594
3 2594 2595 2604
3 2586 2596 2595
3 2595 2596 2605
3 2587 2597 2596
3 2596 2597 2606
3 2588 2598 2597
3 2597 2598 2607
3 2589 2599 2598
3 2598 2599 2608
3 2590 2600 2599
3 2599 2600 2609
3 2591 2601 2600
3 2600 2601 2610
3 2592 2602 2601
3 2601 2602 2611
3 2585 2586 2595
3 2595 2605 2604
3 2586 2587 2596
3 2596 2606 2605
3 2587 2588 2597
3 2597 2607 2606
3 2588 2589 2598
3 2598 2608 2607
3 2589 2590 2599
3 2599 2609 2608
3 2590 2591 2600
3 2600 2610 2609
3 2591 2592 2601
3 2601 2611 2610
3 2592 2593 2602
3 2602 2612 2611
3 2603 2604 2613
3 2613 2623 2622
3 2604 2614 2613
3 2613 2614 2623
3 2605 2615 2614
3 2614 2615 2624
3 2606 2616 2615
3 2615 2616 2625
3 2607 2617 2616
3 2616 2617 2626
3 2608 2618 2617
3 2617 2618 2627
3 2609 2619 2618
3 2618 2619 2628
3 2610 2620 2619
3 2619 2620 2629
3 2611 2621 2620
3 2620 2621 2630
3 2604 2605 2614
3 2614 2624 2623
3 2605 2606 2615
3 2615 2625 2624
3 2606 2607 2616
3 2616 2626 2625
3 2607 2608 2617
3 2617 2627 2626
3 2608 2609 2618
3 2618 2628 2627
3 2609 2610 2619
3 2619 2629 2628
3 2610 2611 2620
3 2620 2630 2629
3 2611 2612 2621
3 2621 2631 2630
3 2622 2623 2632
3 2632 2642 2641
3 2623 2633 2632
3 2632 2633 2642
3 2624 2634 2633
3 2633 2634 2643
3 2625 2635 2634
3 2634 2635 2644
3 2626 2636 2635
3 2635 2636 2645
3 2627 2637 2636
3 2636 2637 2646
3 2628 2638 2637
3 2637 2638 2647
3 2629 2639 2638
3 2638 2639 2648
3 2630 2640 2639
3 2639 2640 2649
3 2623 2624 2633
3 2633 2643 2642
3 2624 2625 2634
3 2634 2644 2643
3 2625 2626 2635
3 2635 2645 2644
3 2626 2627 2636
3 2636 2646 2645
3 2627 2628 2637
3 2637 2647 2646
3 2628 2629 2638
3 2638 2648 2647
3 2629 2630 2639
3 2639 2649 2648
3 2630 2631 2640
3 2640 2650 2649
3 2641 2642 2651
3 2651 2661 2660
3 2642 2652 2651
3 2651 2652 2661
3 2643 2653 2652
3 2652 2653 2662
3 2644 2654 2653
3 2653 2654 2663
3 2645 2655 2654
3 2654 2655 2664
3 2646 2656 2655
3 2655 2656 2665
3 2647 2657 2656
3 2656 2657 2666
3 2648 2658 2657
3 2657 2658 2667
3 2649 2659 2658
3 2658 2659 2668
3 2642 2643 2652
3 2652 2662 2661
3 2643 2644 2653
3 2653 2663 2662
3 2644 2645 2654
3 2654 2664 2663
3 2645 2646 2655
3 2655 2665 2664
3 2646 2647 2656
3 2656 2666 2665
3 2647 2648 2657
3 2657 2667 2666
3 2648 2649 2658
3 2658 2668 2667
3 2649 2650 2659
3 2659 2669 2668
3 2660 2661 2670
3 2670 2680 2679
3 2661 2671 2670
3 2670 2671 2680
3 2662 2672 2671
3 2671 2672 2681
3 2663 2673 2672
3 2672 2673 2682
3 2664 2674 2673
3 2673 2674 2683
3 2665 2675 2674
3 2674 2675 2684
3 2666 2676 2675
3 2675 2676 2685
3 2667 2677 2676
3 2676 2677 2686
3 2668 2678 2677
3 2677 2678 2687
3 2661 2662 2671
3 2671 2681 2680
3 2662 2663 2672
3 2672 2682 2681
3 2663 2664 2673
3 2673 2683 2682
3 2664 2665 2674
3 2674 2684 2683
3 2665 2666 2675
3 2675 2685 2684
3 2666 2667 2676
3 2676 2686 2685
3 2667 2668 2677
3 2677 2687 2686
3 2668 2669 2678
3 2678 2688 2687
3 2679 2680 2689
3 2689 2699 2698
3 2680 2690 2689
3 2689 2690 2699
3 2681 2691 2690
3 2690 2691 2700
3 2682 2692 2691
3 2691 2692 2701
3 2683 2693 2692
3 2692 2693 2702
3 2684 2694 2693
3 2693 2694 2703
3 2685 2695 2694
3 2694 2695 2704
3 2686 2696 2695
3 2695 2696 2705
3 2687 2697 2696
3 2696 2697 2706
3 2680 2681 2690
3 2690 2700 2699
3 2681 2682 2691
3 2691 2701 2700
3 2682 2683 2692
3 2692 2702 2701
3 2683 2684 2693
3 2693 2703 2702
3 2684 2685 2694
3 2694 2704 2703
3 2685 2686 2695
3 2695 2705 2704
3 2686 2687 2696
3 2696 2706 2705
3 2687 2688 2697
3 2697 2707 2706
3 2698 2699 2708
3 2708 2718 2717
3 2699 2709 2708
3 2708 2709 2718
3 2700 2710 2709
3 2709 2710 2719
3 2701 2711 2710
3 2710 2711 2720
3 2702 2712 2711
3 2711 2712 2721
3 2703 2713 2712
3 2712 2713 2722
3 2704 2714 2713
3 2713 2714 2723
3 2705 2715 2714
3 2714 2715 2724
3 2706 2716 2715
3 2715 2716 2725
3 2699 2700 2709
3 2709 2719 2718
3 2700 2701 2710
3 2710 2720 2719
3 2701 2702 2711
3 2711 2721 2720
3 2702 2703 2712
3 2712 2722 2721
3 2703 2704 2713
3 2713 2723 2722
3 2704 2705 2714
3 2714 2724 2723
3 2705 2706 2715
3 2715 2725 2724
3 2706 2707 2716
3 2716 2726 2725
3 2717 2718 2727
3 2727 2737 2736
3 2718 2728 2727
3 2727 2728 2737
3 2719 2729 2728
3 2728 2729 2738
3 2720 2730 2729
3 2729 2730 2739
3 2721 2731 2730
3 2730 2731 2740
3 2722 2732 2731
3 2731 2732 2741
3 2723 2733 2732
3 2732 2733 2742
3 2724 2734 2733
3 2733 2734 2743
3 2725 2735 2734
3 2734 2735 2744
3 2718 2719 2728
3 2728 2738 2737
3 2719 2720 2729
3 2729 2739 2738
3 2720 2721 2730
3 2730 2740 2739
3 2721 2722 2731
3 2731 2741 2740
3 2722 2723 2732
3 2732 2742 2741
3 2723 2724 2733
3 2733 2743 2742
3 2724 2725 2734
3 2734 2744 2743
3 2725 2726 2735
3 2735 2745 2744
3 2736 2737 2746
3 2746 2756 2755
3 2737 2747 2746
3 2746 2747 2756
3 2738 2748 2747
3 2747 2748 2757
3 2739 2749 2748
3 2748 2749 2758
3 2740 2750 2749
3 2749 2750 2759
3 2741 2751 2750
3 2750 2751 2760
3 2742 2752 2751
3 2751 2752 2761
3 2743 2753 2752
3 2752 2753 2762
3 2744 2754 2753
3 2753 2754 2763
3 2737 2738 2747
3 2747 2757 2756
3 2738 2739 2748
3 2748 2758 2757
3 2739 2740 2749
3 2749 2759 2758
3 2740 2741 2750
3 2750 2760 2759
3 2741 2742 2751
3 2751 2761 2760
3 2742 2743 2752
3 2752 2762 2761
3 2743 2744 2753
3 2753 2763 2762
3 2744 2745 2754
3 2754 2764 2763
3 2755 2756 2765
3 2765 2775 2774
3 2756 2766 2765
3 2765 2766 2775
3 2757 2767 2766
3 2766 2767 2776
3 2758 2768 2767
3 2767 2768 2777
3 2759 2769 2768
3 2768 2769 2778
3 2760 2770 2769
3 2769 2770 2779
3 2761 2771 2770
3 2770 2771 2780
3 2762 2772 2771
3 2771 2772 2781
3 2763 2773 2772
3 2772 2773 2782
3 2756 2757 2766
3 2766 2776 2775
3 2757 2758 2767
3 2767 2777 2776
3 2758 2759 2768
3 2768 2778 2777
3 2759 2760 2769
3 2769 2779 2778
3 2760 2761 2770
3 2770 2780 2779
3 2761 2762 2771
3 2771 2781 2780
3 2762 2763 2772
3 2772 2782 2781
3 2763 2764 2773
3 2773 2783 2782
3 2774 2775 2784
3 2784 2794 2793
3 2775 2785 2784
3 2784 2785 2794
3 2776 2786 2785
3 2785 2786 2795
3 2777 2787 2786
3 2786 2787 2796
3 2778 2788 2787
3 2787 2788 2797
3 2779 2789 2788
3 2788 2789 2798
3 2780 2790 2789
3 2789 2790 2799
3 2781 2791 2790
3 2790 2791 2800
3 2782 2792 2791
3 2791 2792 2801
3 2775 2776 2785
3 2785 2795 2794
3 2776 2777 2786
3 2786 2796 2795
3 2777 2778 2787
3 2787 2797 2796
3 2778 2779 2788
3 2788 2798 2797
3 2779 2780 2789
3 2789 2799 2798
3 2780 2781 2790
3 2790 2800 2799
3 2781 2782 2791
3 2791 2801 2800
3 2782 2783 2792
3 2792 2802 2801
3 2793 2794 2803
3 2803 2813 2812
3 2794 2804 2803
3 2803 2804 2813
3 2795 2805 2804
3 2804 2805 2814
3 2796 2806 2805
3 2805 2806 2815
3 2797 2807 2806
3 2806 2807 2816
3 2798 2808 2807
3 2807 2808 2817
3 2799 2809 2808
3 2808 2809 2818
3 2800 2810 2809
3 2809 2810 2819
3 2801 2811 2810
3 2810 2811 2820
3 2794 2795 2804
3 2804 2814 2813
3 2795 2796 2805
3 2805 2815 2814
3 2796 2797 2806
3 2806 2816 2815
3 2797 2798 2807
3 2807 2817 2816
3 2798 2799 2808
3 2808 2818 2817
3 2799 2800 2809
3 2809 2819 2818
3 2800 2801 2810
3 2810 2820 2819
3 2801 2802 2811
3 2811 2821 2820
3 2812 2813 2822
3 2822 2832 2831
3 2813 2823 2822
3 2822 2823 2832
3 2814 2824 2823
3 2823 2824 2833
3 2815 2825 2824
3 2824 2825 2834
3 2816 2826 2825
3 2825 2826 2835
3 2817 2827 2826
3 2826 2827 2836
3 2818 2828 2827
3 2827 2828 2837
3 2819 2829 2828
3 2828 2829 2838
3 2820 2830 2829
3 2829 2830 2839
3 2813 2814 2823
3 2823 2833 2832
3 2814 2815 2824
3 2824 2834 2833
3 2815 2816 2825
3 2825 2835 2834
3 2816 2817 2826
3 2826 2836 2835
3 2817 2818 2827
3 2827 2837 2836
3 2818 2819 2828
3 2828 2838 2837
3 2819 2820 2829
3 2829 2839 2838
3 2820 2821 2830
3 2830 2840 2839
3 2831 2832 2841
3 2841 2851 2850
3 2832 2842 2841
3 2841 2842 2851
3 2833 2843 2842
3 2842 2843 2852
3 2834 2844 2843
3 2843 2844 2853
3 2835 2845 2844
3 2844 2845 2854
3 2836 2846 2845
3 2845 2846 2855
3 2837 2847 2846
3 2846 2847 2856
3 2838 2848 2847
3 2847 2848 2857
3 2839 2849 2848
3 2848 2849 2858
3 2832 2833 2842
3 2842 2852 2851
3 2833 2834 2843
3 2843 2853 2852
3 2834 2835 2844
3 2844 2854 2853
3 2835 2836 2845
3 2845 2855 2854
3 2836 2837 2846
3 2846 2856 2855
3 2837 2838 2847
3 2847 2857 2856
3 2838 2839 2848
3 2848 2858 2857
3 2839 2840 2849
3 2849 2859 2858
3 2850 2851 2860
3 2860 2870 2869
3 2851 2861 2860
3 2860 2861 2870
3 2852 2862 2861
3 2861 2862 2871
3 2853 2863 2862
3 2862 2863 2872
3 2854 2864 2863
3 2863 2864 2873
3 2855 2865 2864
3 2864 2865 2874
3 2856 2866 2865
3 2865 2866 2875
3 2857 2867 2866
3 2866 2867 2876
3 2858 2868 2867
3 2867 2868 2877
3 2851 2852 2861
3 2861 2871 2870
3 2852 2853 2862
3 2862 2872 2871
3 2853 2854 2863
3 2863 2873 2872
3 2854 2855 2864
3 2864 2874 2873
3 2855 2856 2865
3 2865 2875 2874
3 2856 2857 2866
3 2866 2876 2875
3 2857 2858 2867
3 2867 2877 2876
3 2858 2859 2868
3 2868 2878 2877
3 2869 2870 2879
3 2879 2889 2888
3 2870 2880 2879
3 2879 2880 2889
3 2871 2881 2880
3 2880 2881 2890
3 2872 2882 2881
3 2881 2882 2891
3 2873 2883 2882
3 2882 2883 2892
3 2874 2884 2883
3 2883 2884 2893
3 2875 2885 2884
3 2884 2885 2894
3 2876 2886 2885
3 2885 2886 2895
3 2877 2887 2886
3 2886 2887 2896
3 2870 2871 2880
3 2880 2890 2889
3 2871 2872 2881
3 2881 2891 2890
3 2872 2873 2882
3 2882 2892 2891
3 2873 2874 2883
3 2883 2893 2892
3 2874 2875 2884
3 2884 2894 2893
3 2875 2876 2885
3 2885 2895 2894
3 2876 2877 2886
3 2886 2896 2895
3 2877 2878 2887
3 2887 2897 2896
3 2888 2889 2898
3 2898 2908 2907
3 2889 2899 2898
3 2898 2899 2908
3 2890 2900 2899
3 2899 2900 2909
3 2891 2901 2900
3 2900 2901 2910
3 2892 2902 2901
3 2901 2902 2911
3 2893 2903 2902
3 2902 2903 2912
3 2894 2904 2903
3 2903 2904 2913
3 2895 2905 2904
3 2904 2905 2914
3 2896 2906 2905
3 2905 2906 2915
3 2889 2890 2899
3 2899 2909 2908
3 2890 2891 2900
3 2900 2910 2909
3 2891 2892 2901
3 2901 2911 2910
3 2892 2893 2902
3 2902 2912 2911
3 2893 2894 2903
3 2903 2913 2912
3 2894 2895 2904
3 2904 2914 2913
3 2895 2896 2905
3 2905 2915 2914
3 2896 2897 2906
3 2906 2916 2915
3 2907 2908 2917
3 2917 2927 2926
3 2908 2918 2917
3 2917 2918 2927
3 2909 2919 2918
3 2918 2919 2928
3 2910 2920 2919
3 2919 2920 2929
3 2911 2921 2920
3 2920 2921 2930
3 2912 2922 2921
3 2921 2922 2931
3 2913 2923 2922
3 2922 2923 2932
3 2914 2924 2923
3 2923 2924 2933
3 2915 2925 2924
3 2924 2925 2934
3 2908 2909 2918
3 2918 2928 2927
3 2909 2910 2919
3 2919 2929 2928
3 2910 2911 2920
3 2920 2930 2929
3 2911 2912 2921
3 2921 2931 2930
3 2912 2913 2922
3 2922 2932 2931
3 2913 2914 2923
3 2923 2933 2932
3 2914 2915 2924
3 2924 2934 2933
3 2915 2916 2925
3 2925 2935 2934
3 2926 2927 2936
3 2936 2946 2945
3 2927 2937 2936
3 2936 2937 2946
3 2928 2938 2937
3 2937 2938 2947
3 2929 2939 2938
3 2938 2939 2948
3 2930 2940 2939
3 2939 2940 2949
3 2931 2941 2940
3 2940 2941 2950
3 2932 2942 2941
3 2941 2942 2951
3 2933 2943 2942
3 2942 2943 2952
3 2934 2944 2943
3 2943 2944 2953
3 2927 2928 2937
3 2937 2947 2946
3 2928 2929 2938
3 2938 2948 2947
3 2929 2930 2939
3 2939 2949 2948
3 2930 2931 2940
3 2940 2950 2949
3 2931 2932 2941
3 2941 2951 2950
3 2932 2933 2942
3 2942 2952 2951
3 2933 2934 2943
3 2943 2953 2952
3 2934 2935 2944
3 2944 2954 2953
3 2945 2946 2955
3 2955 2965 2964
3 2946 2956 2955
3 2955 2956 2965
3 2947 2957 2956
3 2956 2957 2966
3 2948 2958 2957
3 2957 2958 2967
3 2949 2959 2958
3 2958 2959 2968
3 2950 2960 2959
3 2959 2960 2969
3 2951 2961 2960
3 2960 2961 2970
3 2952 2962 2961
3 2961 2962 2971
3 2953 2963 2962
3 2962 2963 2972
3 2946 2947 2956
3 2956 2966 2965
3 2947 2948 2957
3 2957 2967 2966
3 2948 2949 2958
3 2958 2968 2967
3 2949 2950 2959
3 2959 2969 2968
3 2950 2951 2960
3 2960 2970 2969
3 2951 2952 2961
3 2961 2971 2970
3 2952 2953 2962
3 2962 2972 2971
3 2953 2954 2963
3 2963 2973 2972
3 2964 2965 2974
3 2974 2984 2983
3 2965 2975 2974
3 2974 2975 2984
3 2966 2976 2975
3 2975 2976 2985
3 2967 2977 2976
3 2976 2977 2986
3 2968 2978 2977
3 2977 2978 2987
3 2969 2979 2978
3 2978 2979 2988
3 2970 2980 2979
3 2979 2980 2989
3 2971 2981 2980
3 2980 2981 2990
3 2972 2982 2981
3 2981 2982 2991
3 2965 2966 2975
3 2975 2985 2984
3 2966 2967 2976
3 2976 2986 2985
3 2967 2968 2977
3 2977 2987 2986
3 2968 2969 2978
3 2978 2988 2987
3 2969 2970 2979
3 2979 2989 2988
3 2970 2971 2980
3 2980 2990 2989
3 2971 2972 2981
3 2981 2991 2990
3 2972 2973 2982
3 2982 2992 2991
3 2983 2984 2993
3 2993 3003 3002
3 2984 2994 2993
3 2993 2994 3003
3 2985 2995 2994
3 2994 2995 3004
3 2986 2996 2995
3 2995 2996 3005
3 2987 2997 2996
3 2996 2997 3006
3 2988 2998 2997
3 2997 2998 3007
3 2989 2999 2998
3 2998 2999 3008
3 2990 3000 2999
3 2999 3000 3009
3 2991 3001 3000
3 3000 3001 3010
3 2984 2985 2994
3 2994 3004 3003
3 2985 2986 2995
3 2995 3005 3004
3 2986 2987 2996
3 2996 3006 3005
3 2987 2988 2997
3 2997 3007 3006
3 2988 2989 2998
3 2998 3008 3007
3 2989 2990 2999
3 2999 3009 3008
3 2990 2991 3000
3 3000 3010 3009
3 2991 2992 3001
3 3001 3011 3010
3 3002 3003 3012
3 3012 3022 3021
3 3003 3013 3012
3 3012 3013 3022
3 3004 3014 3013
3 3013 3014 3023
3 3005 3015 3014
3 3014 3015 3024
3 3006 3016 3015
3 3015 3016 3025
3 3007 3017 3016
3 3016 3017 3026
3 3008 3018 3017
3 3017 3018 3027
3 3009 3019 3018
3 3018 3019 3028
3 3010 3020 3019
3 3019 3020 3029
3 3003 3004 3013
3 3013 3023 3022
3 3004 3005 3014
3 3014 3024 3023
3 3005 3006 3015
3 3015 3025 3024
3 3006 3007 3016
3 3016 3026 3025
3 3007 3008 3017
3 3017 3027 3026
3 3008 3009 3018
3 3018 3028 3027
3 3009 3010 3019
3 3019 3029 3028
3 3010 3011 3020
3 3020 3030 3029
3 3021 3022 3031
3 3031 3041 3040
3 3022 3032 3031
3 3031 3032 3041
3 3023 3033 3032
3 3032 3033 3042
3 3024 3034 3033
3 3033 3034 3043
3 3025 3035 3034
3 3034 3035 3044
3 3026 3036 3035
3 3035 3036 3045
3 3027 3037 3036
3 3036 3037 3046
3 3028 3038 3037
3 3037 3038 3047
3 3029 3039 3038
3 3038 3039 3048
3 3022 3023 3032
3 3032 3042 3041
3 3023 3024 3033
3 3033 3043 3042
3 3024 3025 3034
3 3034 3044 3043
3 3025 3026 3035
3 3035 3045 3044
3 3026 3027 3036
3 3036 3046 3045
3 3027 3028 3037
3 3037 3047 3046
3 3028 3029 3038
3 3038 3048 3047
3 3029 3030 3039
3 3039 3049 3048
3 3040 3041 3050
3 3050 3060 3059
3 3041 3051 3050
3 3050 3051 3060
3 3042 3052 3051
3 3051 3052 3061
3 3043 3053 3052
3 3052 3053 3062
3 3044 3054 3053
3 3053 3054 3063
3 3045 3055 3054
3 3054 3055 3064
3 3046 3056 3055
3 3055 3056 3065
3 3047 3057 3056
3 3056 3057 3066
3 3048 3058 3057
3 3057 3058 3067
3 3041 3042 3051
3 3051 3061 3060
3 3042 3043 3052
3 3052 3062 3061
3 3043 3044 3053
3 3053 3063 3062
3 3044 3045 3054
3 3054 3064 3063
3 3045 3046 3055
3 3055 3065 3064
3 3046 3047 3056
3 3056 3066 3065
3 3047 3048 3057
3 3057 3067 3066
3 3048 3049 3058
3 3058 3068 3067
3 3059 3060 3069
3 3069 3079 3078
3 3060 3070 3069
3 3069 3070 3079
3 3061 3071 3070
3 3070 3071 3080
3 3062 3072 3071
3 3071 3072 3081
3 3063 3073 3072
3 3072 3073 3082
3 3064 3074 3073
3 3073 3074 3083
3 3065 3075 3074
3 3074 3075 3084
3 3066 3076 3075
3 3075 3076 3085
3 3067 3077 3076
3 3076 3077 3086
3 3060 3061 3070
3 3070 3080 3079
3 3061 3062 3071
3 3071 3081 3080
3 3062 3063 3072
3 3072 3082 3081
3 3063 3064 3073
3 3073 3083 3082
3 3064 3065 3074
3 3074 3084 3083
3 3065 3066 3075
3 3075 3085 3084
3 3066 3067 3076
3 3076 3086 3085
3 3067 3068 3077
3 3077 3087 3086
3 3078 3079 3088
3 3088 3098 3097
3 3079 3089 3088
3 3088 3089 3098
3 3080 3090 3089
3 3089 3090 3099
3 3081 3091 3090
3 3090 3091 3100
3 3082 3092 3091
3 3091 3092 3101
3 3083 3093 3092
3 3092 3093 3102
3 3084 3094 3093
3 3093 3094 3103
3 3085 3095 3094
3 3094 3095 3104
3 3086 3096 3095
3 3095 3096 3105
3 3079 3080 3089
3 3089 3099 3098
3 3080 3081 3090
3 3090 3100 3099
3 3081 3082 3091
3 3091 3101 3100
3 3082 3083 3092
3 3092 3102 3101
3 3083 3084 3093
3 3093 3103 3102
3 3084 3085 3094
3 3094 3104 3103
3 3085 3086 3095
3 3095 3105 3104
3 3086 3087 3096
3 3096 3106 3105
3 3097 3098 3107
3 3107 3117 3116
3 3098 3108 3107
3 3107 3108 3117
3 3099 3109 3108
3 3108 3109 3118
3 3100 3110 3109
3 3109 3110 3119
3 3101 3111 3110
3 3110 3111 3120
3 3102 3112 3111
3 3111 3112 3121
3 3103 3113 3112
3 3112 3113 3122
3 3104 3114 3113
3 3113 3114 3123
3 3105 3115 3114
3 3114 3115 3124
3 3098 3099 3108
3 3108 3118 3117
3 3099 3100 3109
3 3109 3119 3118
3 3100 3101 3110
3 3110 3120 3119
3 3101 3102 3111
3 3111 3121 3120
3 3102 3103 3112
3 3112 3122 3121
3 3103 3104 3113
3 3113 3123 3122
3 3104 3105 3114
3 3114 3124 3123
3 3105 3106 3115
3 3115 3125 3124
3 3116 3117 3126
3 3126 3136 3135
3 3117 3127 3126
3 3126 3127 3136
3 3118 3128 3127
3 3127 3128 3137
3 3119 3129 3128
3 3128 3129 3138
3 3120 3130 3129
3 3129 3130 3139
3 3121 3131 3130
3 3130 3131 3140
3 3122 3132 3131
3 3131 3132 3141
3 3123 3133 3132
3 3132 3133 3142
3 3124 3134 3133
3 3133 3134 3143
3 3117 3118 3127
3 3127 3137 3136
3 3118 3119 3128
3 3128 3138 3137
3 3119 3120 3129
3 3129 3139 3138
3 3120 3121 3130
3 3130 3140 3139
3 3121 3122 3131
3 3131 3141 3140
3 3122 3123 3132
3 3132 3142 3141
3 3123 3124 3133
3 3133 3143 3142
3 3124 3125 3134
3 3134 3144 3143
3 3135 3136 3145
3 3145 3155 3154
3 3136 3146 3145
3 3145 3146 3155
3 3137 3147 3146
3 3146 3147 3156
3 3138 3148 3147
3 3147 3148 3157
3 3139 3149 3148
3 3148 3149 3158
3 3140 3150 3149
3 3149 3150 3159
3 3141 3151 3150
3 3150 3151 3160
3 3142 3152 3151
3 3151 3152 3161
3 3143 3153 3152
3 3152 3153 3162
3 3136 3137 3146
3 3146 3156 3155
3 3137 3138 3147
3 3147 3157 3156
3 3138 3139 3148
3 3148 3158 3157
3 3139 3140 3149
3 3149 3159 3158
3 3140 3141 3150
3 3150 3160 3159
3 3141 3142 3151
3 3151 3161 3160
3 3142 3143 3152
3 3152 3162 3161
3 3143 3144 3153
3 3153 3163 3162
3 3154 3155 3164
3 3164 3174 3173
3 3155 3165 3164
3 3164 3165 3174
3 3156 3166 3165
3 3165 3166 3175
3 3157 3167 3166
3 3166 3167 3176
3 3158 3168 3167
3 3167 3168 3177
3 3159 3169 3168
3 3168 3169 3178
3 3160 3170 3169
3 3169 3170 3179
3 3161 3171 3170
3 3170 3171 3180
3 3162 3172 3171
3 3171 3172 3181
3 3155 3156 3165
3 3165 3175 3174
3 3156 3157 3166
3 3166 3176 3175
3 3157 3158 3167
3 3167 3177 3176
3 3158 3159 3168
3 3168 3178 3177
3 3159 3160 3169
3 3169 3179 3178
3 3160 3161 3170
3 3170 3180 3179
3 3161 3162 3171
3 3171 3181 3180
3 3162 3163 3172
3 3172 3182 3181
3 3173 3174 3183
3 3183 3193 3192
3 3174 3184 3183
3 3183 3184 3193
3 3175 3185 3184
3 3184 3185 3194
3 3176 3186 3185
3 3185 3186 3195
3 3177 3187 3186
3 3186 3187 3196
3 3178 3188 3187
3 3187 3188 3197
3 3179 3189 3188
3 3188 3189 3198
3 3180 3190 3189
3 3189 3190 3199
3 3181 3191 3190
3 3190 3191 3200
3 3174 3175 3184
3 3184 3194 3193
3 3175 3176 3185
3 3185 3195 3194
3 3176 3177 3186
3 3186 3196 3195
3 3177 3178 3187
3 3187 3197 3196
3 3178 3179 3188
3 3188 3198 3197
3 3179 3180 3189
3 3189 3199 3198
3 3180 3181 3190
3 3190 3200 3199
3 3181 3182 3191
3 3191 3201 3200
3 3192 3193 3202
3 3202 3212 3211
3 3193 3203 3202
3 3202 3203 3212
3 3194 3204 3203
3 3203 3204 3213
3 3195 3205 3204
3 3204 3205 3214
3 3196 3206 3205
3 3205 3206 3215
3 3197 3207 3206
3 3206 3207 3216
3 3198 3208 3207
3 3207 3208 3217
3 3199 3209 3208
3 3208 3209 3218
3 3200 3210 3209
3 3209 3210 3219
3 3193 3194 3203
3 3203 3213 3212
3 3194 3195 3204
3 3204 3214 3213
3 3195 3196 3205
3 3205 3215 3214
3 3196 3197 3206
3 3206 3216 3215
3 3197 3198 3207
3 3207 3217 3216
3 3198 3199 3208
3 3208 3218 3217
3 3199 3200 3209
3 3209 3219 3218
3 3200 3201 3210
3 3210 3220 3219
3 3211 3212 3221
3 3221 3231 3230
3 3212 3222 3221
3 3221 3222 3231
3 3213 3223 3222
3 3222 3223 3232
3 3214 3224 3223
3 3223 3224 3233
3 3215 3225 3224
3 3224 3225 3234
3 3216 3226 3225
3 3225 3226 3235
3 3217 3227 3226
3 3226 3227 3236
3 3218 3228 3227
3 3227 3228 3237
3 3219 3229 3228
3 3228 3229 3238
3 3212 3213 3222
3 3222 3232 3231
3 3213 3214 3223
3 3223 3233 3232
3 3214 3215 3224
3 3224 3234 3233
3 3215 3216 3225
3 3225 3235 3234
3 3216 3217 3226
3 3226 3236 3235
3 3217 3218 3227
3 3227 3237 3236
3 3218 3219 3228
3 3228 3238 3237
3 3219 3220 3229
3 3229 3239 3238
3 3230 3231 3240
3 3240 3250 3249
3 3231 3241 3240
3 3240 3241 3250
3 3232 3242 3241
3 3241 3242 3251
3 3233 3243 3242
3 3242 3243 3252
3 3234 3244 3243
3 3243 3244 3253
3 3235 3245 3244
3 3244 3245 3254
3 3236 3246 3245
3 3245 3246 3255
3 3237 3247 3246
3 3246 3247 3256
3 3238 3248 3247
3 3247 3248 3257
3 3231 3232 3241
3 3241 3251 3250
3 3232 3233 3242
3 3242 3252 3251
3 3233 3234 3243
3 3243 3253 3252
3 3234 3235 3244
3 3244 3254 3253
3 3235 3236 3245
3 3245 3255 3254
3 3236 3237 3246
3 3246 3256 3255
3 3237 3238 3247
3 3247 3257 3256
3 3238 3239 3248
3 3248 3258 3257
3 3249 3250 3259
3 3259 3269 3268
3 3250 3260 3259
3 3259 3260 3269
3 3251 3261 3260
3 3260 3261 3270
3 3252 3262 3261
3 3261 3262 3271
3 3253 3263 3262
3 3262 3263 3272
3 3254 3264 3263
3 3263 3264 3273
3 3255 3265 3264
3 3264 3265 3274
3 3256 3266 3265
3 3265 3266 3275
3 3257 3267 3266
3 3266 3267 3276
3 3250 3251 3260
3 3260 3270 3269
3 3251 3252 3261
3 3261 3271 3270
3 3252 3253 3262
3 3262 3272 3271
3 3253 3254 3263
3 3263 3273 3272
3 3254 3255 3264
3 3264 3274 3273
3 3255 3256 3265
3 3265 3275 3274
3 3256 3257 3266
3 3266 3276 3275
3 3257 3258 3267
3 3267 3277 3276
3 3268 3269 3278
3 3278 3288 3287
3 3269 3279 3278
3 3278 3279 3288
3 3270 3280 3279
3 3279 3280 3289
3 3271 3281 3280
3 3280 3281 3290
3 3272 3282 3281
3 3281 3282 3291
3 3273 3283 3282
3 3282 3283 3292
3 3274 3284 3283
3 3283 3284 3293
3 3275 3285 3284
3 3284 3285 3294
3 3276 3286 3285
3 3285 3286 3295
3 3269 3270 3279
3 3279 3289 3288
3 3270 3271 3280
3 3280 3290 3289
3 3271 3272 3281
3 3281 3291 3290
3 3272 3273 3282
3 3282 3292 3291
3 3273 3274 3283
3 3283 3293 3292
3 3274 3275 3284
3 3284 3294 3293
3 3275 3276 3285
3 3285 3295 3294
3 3276 3277 3286
3 3286 3296 3295
3 3287 3288 3297
3 3297 3307 3306
3 3288 3298 3297
3 3297 3298 3307
3 3289 3299 3298
3 3298 3299 3308
3 3290 3300 3299
3 3299 3300 3309
3 3291 3301 3300
3 3300 3301 3310
3 3292 3302 3301
3 3301 3302 3311
3 3293 3303 3302
3 3302 3303 3312
3 3294 3304 3303
3 3303 3304 3313
3 3295 3305 3304
3 3304 3305 3314
3 3288 3289 3298
3 3298 3308 3307
3 3289 3290 3299
3 3299 3309 3308
3 3290 3291 3300
3 3300 3310 3309
3 3291 3292 3301
3 3301 3311 3310
3 3292 3293 3302
3 3302 3312 3311
3 3293 3294 3303
3 3303 3313 3312
3 3294 3295 3304
3 3304 3314 3313
3 3295 3296 3305
3 3305 3315 3314
3 3306 3307 3316
3 3316 3326 3325
3 3307 3317 3316
3 3316 3317 3326
3 3308 3318 3317
3 3317 3318 3327
3 3309 3319 3318
3 3318 3319 3328
3 3310 3320 3319
3 3319 3320 3329
3 3311 3321 3320
3 3320 3321 3330
3 3312 3322 3321
3 3321 3322 3331
3 3313 3323 3322
3 3322 3323 3332
3 3314 3324 3323
3 3323 3324 3333
3 3307 3308 3317
3 3317 3327 3326
3 3308 3309 3318
3 3318 3328 3327
3 3309 3310 3319
3 3319 3329 3328
3 3310 3311 3320
3 3320 3330 3329
3 3311 3312 3321
3 3321 3331 3330
3 3312 3313 3322
3 3322 3332 3331
3 3313 3314 3323
3 3323 3333 3332
3 3314 3315 3324
3 3324 3334 3333
3 3325 3326 3335
3 3335 3345 3344
3 3326 3336 3335
3 3335 3336 3345
3 3327 3337 3336
3 3336 3337 3346
3 3328 3338 3337
3 3337 3338 3347
3 3329 3339 3338
3 3338 3339 3348
3 3330 3340 3339
3 3339 3340 3349
3 3331 3341 3340
3 3340 3341 3350
3 3332 3342 3341
3 3341 3342 3351
3 3333 3343 3342
3 3342 3343 3352
3 3326 3327 3336
3 3336 3346 3345
3 3327 3328 3337
3 3337 3347 3346
3 3328 3329 3338
3 3338 3348 3347
3 3329 3330 3339
3 3339 3349 3348
3 3330 3331 3340
3 3340 3350 3349
3 3331 3332 3341
3 3341 3351 3350
3 3332 3333 3342
3 3342 3352 3351
3 3333 3334 3343
3 3343 3353 3352
3 3344 3345 3354
3 3354 3364 3363
3 3345 3355 3354
3 3354 3355 3364
3 3346 3356 3355
3 3355 3356 3365
3 3347 3357 3356
3 3356 3357 3366
3 3348 3358 3357
3 3357 3358 3367
3 3349 3359 3358
3 3358 3359 3368
3 3350 3360 3359
3 3359 3360 3369
3 3351 3361 3360
3 3360 3361 3370
3 3352 3362 3361
3 3361 3362 3371
3 3345 3346 3355
3 3355 3365 3364
3 3346 3347 3356
3 3356 3366 3365
3 3347 3348 3357
3 3357 3367 3366
3 3348 3349 3358
3 3358 3368 3367
3 3349 3350 3359
3 3359 3369 3368
3 3350 3351 3360
3 3360 3370 3369
3 3351 3352 3361
3 3361 3371 3370
3 3352 3353 3362
3 3362 3372 3371
3 3363 3364 3373
3 3373 3383 3382
3 3364 3374 3373
3 3373 3374 3383
3 3365 3375 3374
3 3374 3375 3384
3 3366 3376 3375
3 3375 3376 3385
3 3367 3377 3376
3 3376 3377 3386
3 3368 3378 3377
3 3377 3378 3387
3 3369 3379 3378
3 3378 3379 3388
3 3370 3380 3379
3 3379 3380 3389
3 3371 3381 3380
3 3380 3381 3390
3 3364 3365 3374
3 3374 3384 3383
3 3365 3366 3375
3 3375 3385 3384
3 3366 3367 3376
3 3376 3386 3385
3 3367 3368 3377
3 3377 3387 3386
3 3368 3369 3378
3 3378 3388 3387
3 3369 3370 3379
3 3379 3389 3388
3 3370 3371 3380
3 3380 3390 3389
3 3371 3372 3381
3 3381 3391 3390
3 3382 3383 3392
3 3392 3402 3401
3 3383 3393 3392
3 3392 3393 3402
3 3384 3394 3393
3 3393 3394 3403
3 3385 3395 3394
3 3394 3395 3404
3 3386 3396 3395
3 3395 3396 3405
3 3387 3397 3396
3 3396 3397 3406
3 3388 3398 3397
3 3397 3398 3407
3 3389 3399 3398
3 3398 3399 3408
3 3390 3400 3399
3 3399 3400 3409
3 3383 3384 3393
3 3393 3403 3402
3 3384 3385 3394
3 3394 3404 3403
3 3385 3386 3395
3 3395 3405 3404
3 3386 3387 3396
3 3396 3406 3405
3 3387 3388 3397
3 3397 3407 3406
3 3388 3389 3398
3 3398 3408 3407
3 3389 3390 3399
3 3399 3409 3408
3 3390 3391 3400
3 3400 3410 3409
3 3401 3402 3411
3 3411 3421 3420
3 3402 3412 3411
3 3411 3412 3421
3 3403 3413 3412
3 3412 3413 3422
3 3404 3414 3413
3 3413 3414 3423
3 3405 3415 3414
3 3414 3415 3424
3 3406 3416 3415
3 3415 3416 3425
3 3407 3417 3416
3 3416 3417 3426
3 3408 3418 3417
3 3417 3418 3427
3 3409 3419 3418
3 3418 3419 3428
3 3402 3403 3412
3 3412 3422 3421
3 3403 3404 3413
3 3413 3423 3422
3 3404 3405 3414
3 3414 3424 3423
3 3405 3406 3415
3 3415 3425 3424
3 3406 3407 3416
3 3416 3426 3425
3 3407 3408 3417
3 3417 3427 3426
3 3408 3409 3418
3 3418 3428 3427
3 3409 3410 3419
3 3419 3429 3428
3 3420 3421 3430
3 3430 3440 3439
3 3421 3431 3430
3 3430 3431 3440
3 3422 3432 3431
3 3431 3432 3441
3 3423 3433 3432
3 3432 3433 3442
3 3424 3434 3433
3 3433 3434 3443
3 3425 3435 3434
3 3434 3435 3444
3 3426 3436 3435
3 3435 3436 3445
3 3427 3437 3436
3 3436 3437 3446
3 3428 3438 3437
3 3437 3438 3447
3 3421 3422 3431
3 3431 3441 3440
3 3422 3423 3432
3 3432 3442 3441
3 3423 3424 3433
3 3433 3443 3442
3 3424 3425 3434
3 3434 3444 3443
3 3425 3426 3435
3 3435 3445 3444
3 3426 3427 3436
3 3436 3446 3445
3 3427 3428 3437
3 3437 3447 3446
3 3428 3429 3438
3 3438 3448 3447
3 3439 3440 3449
3 3449 3459 3458
3 3440 3450 3449
3 3449 3450 3459
3 3441 3451 3450
3 3450 3451 3460
3 3442 3452 3451
3 3451 3452 3461
3 3443 3453 3452
3 3452 3453 3462
3 3444 3454 3453
3 3453 3454 3463
3 3445 3455 3454
3 3454 3455 3464
3 3446 3456 3455
3 3455 3456 3465
3 3447 3457 3456
3 3456 3457 3466
3 3440 3441 3450
3 3450 3460 3459
3 3441 3442 3451
3 3451 3461 3460
3 3442 3443 3452
3 3452 3462 3461
3 3443 3444 3453
3 3453 3463 3462
3 3444 3445 3454
3 3454 3464 3463
3 3445 3446 3455
3 3455 3465 3464
3 3446 3447 3456
3 3456 3466 3465
3 3447 3448 3457
3 3457 3467 3466
3 3458 3459 3468
3 3468 3478 3477
3 3459 3469 3468
3 3468 3469 3478
3 3460 3470 3469
3 3469 3470 3479
3 3461 3471 3470
3 3470 3471 3480
3 3462 3472 3471
3 3471 3472 3481
3 3463 3473 3472
3 3472 3473 3482
3 3464 3474 3473
3 3473 3474 3483
3 3465 3475 3474
3 3474 3475 3484
3 3466 3476 3475
3 3475 3476 3485
3 3459 3460 3469
3 3469 3479 3478
3 3460 3461 3470
3 3470 3480 3479
3 3461 3462 3471
3 3471 3481 3480
3 3462 3463 3472
3 3472 3482 3481
3 3463 3464 3473
3 3473 3483 3482
3 3464 3465 3474
3 3474 3484 3483
3 3465 3466 3475
3 3475 3485 3484
3 3466 3467 3476
3 3476 3486 3485
3 3477 3478 3487
3 3487 3497 3496
3 3478 3488 3487
3 3487 3488 3497
3 3479 3489 3488
3 3488 3489 3498
3 3480 3490 3489
3 3489 3490 3499
3 3481 3491 3490
3 3490 3491 3500
3 3482 3492 3491
3 3491 3492 3501
3 3483 3493 3492
3 3492 3493 3502
3 3484 3494 3493
3 3493 3494 3503
3 3485 3495 3494
3 3494 3495 3504
3 3478 3479 3488
3 3488 3498 3497
3 3479 3480 3489
3 3489 3499 3498
3 3480 3481 3490
3 3490 3500 3499
3 3481 3482 3491
3 3491 3501 3500
3 3482 3483 3492
3 3492 3502 3501
3 3483 3484 3493
3 3493 3503 3502
3 3484 3485 3494
3 3494 3504 3503
3 3485 3486 3495
3 3495 3505 3504
3 3496 3497 3506
3 3506 3516 3515
3 3497 3507 3506
3 3506 3507 3516
3 3498 3508 3507
3 3507 3508 3517
3 3499 3509 3508
3 3508 3509 3518
3 3500 3510 3509
3 3509 3510 3519
3 3501 3511 3510
3 3510 3511 3520
3 3502 3512 3511
3 3511 3512 3521
3 3503 3513 3512
3 3512 3513 3522
3 3504 3514 3513
3 3513 3514 3523
3 3497 3498 3507
3 3507 3517 3516
3 3498 3499 3508
3 3508 3518 3517
3 3499 3500 3509
3 3509 3519 3518
3 3500 3501 3510
3 3510 3520 3519
3 3501 3502 3511
3 3511 3521 3520
3 3502 3503 3512
3 3512 3522 3521
3 3503 3504 3513
3 3513 3523 3522
3 3504 3505 3514
3 3514 3524 3523
3 3515 3516 3525
3 3525 3535 3534
3 3516 3526 3525
3 3525 3526 3535
3 3517 3527 3526
3 3526 3527 3536
3 3518 3528 3527
3 3527 3528 3537
3 3519 3529 3528
3 3528 3529 3538
3 3520 3530 3529
3 3529 3530 3539
3 3521 3531 3530
3 3530 3531 3540
3 3522 3532 3531
3 3531 3532 3541
3 3523 3533 3532
3 3532 3533 3542
3 3516 3517 3526
3 3526 3536 3535
3 3517 3518 3527
3 3527 3537 3536
3 3518 3519 3528
3 3528 3538 3537
3 3519 3520 3529
3 3529 3539 3538
3 3520 3521 3530
3 3530 3540 3539
3 3521 3522 3531
3 3531 3541 3540
3 3522 3523 3532
3 3532 3542 3541
3 3523 3524 3533
3 3533 3543 3542
3 3534 3535 3544
3 3544 3554 3553
3 3535 3545 3544
3 3544 3545 3554
3 3536 3546 3545
3 3545 3546 3555
3 3537 3547 3546
3 3546 3547 3556
3 3538 3548 3547
3 3547 3548 3557
3 3539 3549 3548
3 3548 3549 3558
3 3540 3550 3549
3 3549 3550 3559
3 3541 3551 3550
3 3550 3551 3560
3 3542 3552 3551
3 3551 3552 3561
3 3535 3536 3545
3 3545 3555 3554
3 3536 3537 3546
3 3546 3556 3555
3 3537 3538 3547
3 3547 3557 3556
3 3538 3539 3548
3 3548 3558 3557
3 3539 3540 3549
3 3549 3559 3558
3 3540 3541 3550
3 3550 3560 3559
3 3541 3542 3551
3 3551 3561 3560
3 3542 3543 3552
3 3552 3562 3561
3 3553 3554 3563
3 3563 3573 3572
3 3554 3564 3563
3 3563 3564 3573
3 3555 3565 3564
3 3564 3565 3574
3 3556 3566 3565
3 3565 3566 3575
3 3557 3567 3566
3 3566 3567 3576
3 3558 3568 3567
3 3567 3568 3577
3 3559 3569 3568
3 3568 3569 3578
3 3560 3570 3569
3 3569 3570 3579
3 3561 3571 3570
3 3570 3571 3580
3 3554 3555 3564
3 3564 3574 3573
3 3555 3556 3565
3 3565 3575 3574
3 3556 3557 3566
3 3566 3576 3575
3 3557 3558 3567
3 3567 3577 3576
3 3558 3559 3568
3 3568 3578 3577
3 3559 3560 3569
3 3569 3579 3578
3 3560 3561 3570
3 3570 3580 3579
3 3561 3562 3571
3 3571 3581 3580
3 3572 3573 3582
3 3582 3592 3591
3 3573 3583 3582
3 3582 3583 3592
3 3574 3584 3583
3 3583 3584 3593
3 3575 3585 3584
3 3584 3585 3594
3 3576 3586 3585
3 3585 3586 3595
3 3577 3587 3586
3 3586 3587 3596
3 3578 3588 3587
3 3587 3588 3597
3 3579 3589 3588
3 3588 3589 3598
3 3580 3590 3589
3 3589 3590 3599
3 3573 3574 3583
3 3583 3593 3592
3 3574 3575 3584
3 3584 3594 3593
3 3575 3576 3585
3 3585 3595 3594
3 3576 3577 3586
3 3586 3596 3595
3 3577 3578 3587
3 3587 3597 3596
3 3578 3579 3588
3 3588 3598 3597
3 3579 3580 3589
3 3589 3599 3598
3 3580 3581 3590
3 3590 3600 3599
3 3591 3592 3601
3 3601 3611 3610
3 3592 3602 3601
3 3601 3602 3611
3 3593 3603 3602
3 3602 3603 3612
3 3594 3604 3603
3 3603 3604 3613
3 3595 3605 3604
3 3604 3605 3614
3 3596 3606 3605
3 3605 3606 3615
3 3597 3607 3606
3 3606 3607 3616
3 3598 3608 3607
3 3607 3608 3617
3 3599 3609 3608
3 3608 3609 3618
3 3592 3593 3602
3 3602 3612 3611
3 3593 3594 3603
3 3603 3613 3612
3 3594 3595 3604
3 3604 3614 3613
3 3595 3596 3605
3 3605 3615 3614
3 3596 3597 3606
3 3606 3616 3615
3 3597 3598 3607
3 3607 3617 3616
3 3598 3599 3608
3 3608 3618 3617
3 3599 3600 3609
3 3609 3619 3618
3 3610 3611 3620
3 3620 3630 3629
3 3611 3621 3620
3 3620 3621 3630
3 3612 3622 3621
3 3621 3622 3631
3 3613 3623 3622
3 3622 3623 3632
3 3614 3624 3623
3 3623 3624 3633
3 3615 3625 3624
3 3624 3625 3634
3 3616 3626 3625
3 3625 3626 3635
3 3617 3627 3626
3 3626 3627 3636
3 3618 3628 3627
3 3627 3628 3637
3 3611 3612 3621
3 3621 3631 3630
3 3612 3613 3622
3 3622 3632 3631
3 3613 3614 3623
3 3623 3633 3632
3 3614 3615 3624
3 3624 3634 3633
3 3615 3616 3625
3 3625 3635 3634
3 3616 3617 3626
3 3626 3636 3635
3 3617 3618 3627
3 3627 3637 3636
3 3618 3619 3628
3 3628 3638 3637
3 3629 3630 3639
3 3639 3649 3648
3 3630 3640 3639
3 3639 3640 3649
3 3631 3641 3640
3 3640 3641 3650
3 3632 3642 3641
3 3641 3642 3651
3 3633 3643 3642
3 3642 3643 3652
3 3634 3644 3643
3 3643 3644 3653
3 3635 3645 3644
3 3644 3645 3654
3 3636 3646 3645
3 3645 3646 3655
3 3637 3647 3646
3 3646 3647 3656
3 3630 3631 3640
3 3640 3650 3649
3 3631 3632 3641
3 3641 3651 3650
3 3632 3633 3642
3 3642 3652 3651
3 3633 3634 3643
3 3643 3653 3652
3 3634 3635 3644
3 3644 3654 3653
3 3635 3636 3645
3 3645 3655 3654
3 3636 3637 3646
3 3646 3656 3655
3 3637 3638 3647
3 3647 3657 3656
3 3648 3649 3658
3 3658 3668 3667
3 3649 3659 3658
3 3658 3659 3668
3 3650 3660 3659
3 3659 3660 3669
3 3651 3661 3660
3 3660 3661 3670
3 3652 3662 3661
3 3661 3662 3671
3 3653 3663 3662
3 3662 3663 3672
3 3654 3664 3663
3 3663 3664 3673
3 3655 3665 3664
3 3664 3665 3674
3 3656 3666 3665
3 3665 3666 3675
3 3649 3650 3659
3 3659 3669 3668
3 3650 3651 3660
3 3660 3670 3669
3 3651 3652 3661
3 3661 3671 3670
3 3652 3653 3662
3 3662 3672 3671
3 3653 3654 3663
3 3663 3673 3672
3 3654 3655 3664
3 3664 3674 3673
3 3655 3656 3665
3 3665 3675 3674
3 3656 3657 3666
3 3666 3676 3675
3 3667 3668 3677
3 3677 3687 3686
3 3668 3678 3677
3 3677 3678 3687
3 3669 3679 3678
3 3678 3679 3688
3 3670 3680 3679
3 3679 3680 3689
3 3671 3681 3680
3 3680 3681 3690
3 3672 3682 3681
3 3681 3682 3691
3 3673 3683 3682
3 3682 3683 3692
3 3674 3684 3683
3 3683 3684 3693
3 3675 3685 3684
3 3684 3685 3694
3 3668 3669 3678
3 3678 3688 3687
3 3669 3670 3679
3 3679 3689 3688
3 3670 3671 3680
3 3680 3690 3689
3 3671 3672 3681
3 3681 3691 3690
3 3672 3673 3682
3 3682 3692 3691
3 3673 3674 3683
3 3683 3693 3692
3 3674 3675 3684
3 3684 3694 3693
3 3675 3676 3685
3 3685 3695 3694
3 3686 3687 3696
3 3696 3706 3705
3 3687 3697 3696
3 3696 3697 3706
3 3688 3698 3697
3 3697 3698 3707
3 3689 3699 3698
3 3698 3699 3708
3 3690 3700 3699
3 3699 3700 3709
3 3691 3701 3700
3 3700 3701 3710
3 3692 3702 3701
3 3701 3702 3711
3 3693 3703 3702
3 3702 3703 3712
3 3694 3704 3703
3 3703 3704 3713
3 3687 3688 3697
3 3697 3707 3706
3 3688 3689 3698
3 3698 3708 3707
3 3689 3690 3699
3 3699 3709 3708
3 3690 3691 3700
3 3700 3710 3709
3 3691 3692 3701
3 3701 3711 3710
3 3692 3693 3702
3 3702 3712 3711
3 3693 3694 3703
3 3703 3713 3712
3 3694 3695 3704
3 3704 3714 3713
3 3705 3706 3715
3 3715 3725 3724
3 3706 3716 3715
3 3715 3716 3725
3 3707 3717 3716
3 3716 3717 3726
3 3708 3718 3717
3 3717 3718 3727
3 3709 3719 3718
3 3718 3719 3728
3 3710 3720 3719
3 3719 3720 3729
3 3711 3721 3720
3 3720 3721 3730
3 3712 3722 3721
3 3721 3722 3731
3 3713 3723 3722
3 3722 3723 3732
3 3706 3707 3716
3 3716 3726 3725
3 3707 3708 3717
3 3717 3727 3726
3 3708 3709 3718
3 3718 3728 3727
3 3709 3710 3719
3 3719 3729 3728
3 3710 3711 3720
3 3720 3730 3729
3 3711 3712 3721
3 3721 3731 3730
3 3712 3713 3722
3 3722 3732 3731
3 3713 3714 3723
3 3723 3733 3732
3 3724 3725 3734
3 3734 3744 3743
3 3725 3735 3734
3 3734 3735 3744
3 3726 3736 3735
3 3735 3736 3745
3 3727 3737 3736
3 3736 3737 3746
3 3728 3738 3737
3 3737 3738 3747
3 3729 3739 3738
3 3738 3739 3748
3 3730 3740 3739
3 3739 3740 3749
3 3731 3741 3740
3 3740 3741 3750
3 3732 3742 3741
3 3741 3742 3751
3 3725 3726 3735
3 3735 3745 3744
3 3726 3727 3736
3 3736 3746 3745
3 3727 3728 3737
3 3737 3747 3746
3 3728 3729 3738
3 3738 3748 3747
3 3729 3730 3739
3 3739 3749 3748
3 3730 3731 3740
3 3740 3750 3749
3 3731 3732 3741
3 3741 3751 3750
3 3732 3733 3742
3 3742 3752 3751
3 3743 3744 3753
3 3753 3763 3762
3 3744 3754 3753
3 3753 3754 3763
3 3745 3755 3754
3 3754 3755 3764
3 3746 3756 3755
3 3755 3756 3765
3 3747 3757 3756
3 3756 3757 3766
3 3748 3758 3757
3 3757 3758 3767
3 3749 3759 3758
3 3758 3759 3768
3 3750 3760 3759
3 3759 3760 3769
3 3751 3761 3760
3 3760 3761 3770
3 3744 3745 3754
3 3754 3764 3763
3 3745 3746 3755
3 3755 3765 3764
3 3746 3747 3756
3 3756 3766 3765
3 3747 3748 3757
3 3757 3767 3766
3 3748 3749 3758
3 3758 3768 3767
3 3749 3750 3759
3 3759 3769 3768
3 3750 3751 3760
3 3760 3770 3769
3 3751 3752 3761
3 3761 3771 3770
3 3762 3763 3772
3 3772 3782 3781
3 3763 3773 3772
3 3772 3773 3782
3 3764 3774 3773
3 3773 3774 3783
3 3765 3775 3774
3 3774 3775 3784
3 3766 3776 3775
3 3775 3776 3785
3 3767 3777 3776
3 3776 3777 3786
3 3768 3778 3777
3 3777 3778 3787
3 3769 3779 3778
3 3778 3779 3788
3 3770 3780 3779
3 3779 3780 3789
3 3763 3764 3773
3 3773 3783 3782
3 3764 3765 3774
3 3774 3784 3783
3 3765 3766 3775
3 3775 3785 3784
3 3766 3767 3776
3 3776 3786 3785
3 3767 3768 3777
3 3777 3787 3786
3 3768 3769 3778
3 3778 3788 3787
3 3769 3770 3779
3 3779 3789 3788
3 3770 3771 3780
3 3780 3790 3789
3 3781 3782 3791
3 3791 3801 3800
3 3782 3792 3791
3 3791 3792 3801
3 3783 3793 3792
3 3792 3793 3802
3 3784 3794 3793
3 3793 3794 3803
3 3785 3795 3794
3 3794 3795 3804
3 3786 3796 3795
3 3795 3796 3805
3 3787 3797 3796
3 3796 3797 3806
3 3788 3798 3797
3 3797 3798 3807
3 3789 3799 3798
3 3798 3799 3808
3 3782 3783 3792
3 3792 3802 3801
3 3783 3784 3793
3 3793 3803 3802
3 3784 3785 3794
3 3794 3804 3803
3 3785 3786 3795
3 3795 3805 3804
3 3786 3787 3796
3 3796 3806 3805
3 3787 3788 3797
3 3797 3807 3806
3 3788 3789 3798
3 3798 3808 3807
3 3789 3790 3799
3 3799 3809 3808
3 3800 3801 3810
3 3810 3820 3819
3 3801 3811 3810
3 3810 3811 3820
3 3802 3812 3811
3 3811 3812 3821
3 3803 3813 3812
3 3812 3813 3822
3 3804 3814 3813
3 3813 3814 3823
3 3805 3815 3814
3 3814 3815 3824
3 3806 3816 3815
3 3815 3816 3825
3 3807 3817 3816
3 3816 3817 3826
3 3808 3818 3817
3 3817 3818 3827
3 3801 3802 3811
3 3811 3821 3820
3 3802 3803 3812
3 3812 3822 3821
3 3803 3804 3813
3 3813 3823 3822
3 3804 3805 3814
3 3814 3824 3823
3 3805 3806 3815
3 3815 3825 3824
3 3806 3807 3816
3 3816 3826 3825
3 3807 3808 3817
3 3817 3827 3826
3 3808 3809 3818
3 3818 3828 3827
3 3819 3820 3829
3 3829 3839 3838
3 3820 3830 3829
3 3829 3830 3839
3 3821 3831 3830
3 3830 3831 3840
3 3822 3832 3831
3 3831 3832 3841
3 3823 3833 3832
3 3832 3833 3842
3 3824 3834 3833
3 3833 3834 3843
3 3825 3835 3834
3 3834 3835 3844
3 3826 3836 3835
3 3835 3836 3845
3 3827 3837 3836
3 3836 3837 3846
3 3820 3821 3830
3 3830 3840 3839
3 3821 3822 3831
3 3831 3841 3840
3 3822 3823 3832
3 3832 3842 3841
3 3823 3824 3833
3 3833 3843 3842
3 3824 3825 3834
3 3834 3844 3843
3 3825 3826 3835
3 3835 3845 3844
3 3826 3827 3836
3 3836 3846 3845
3 3827 3828 3837
3 3837 3847 3846
3 3838 3839 3848
3 3848 3858 3857
3 3839 3849 3848
3 3848 3849 3858
3 3840 3850 3849
3 3849 3850 3859
3 3841 3851 3850
3 3850 3851 3860
3 3842 3852 3851
3 3851 3852 3861
3 3843 3853 3852
3 3852 3853 3862
3 3844 3854 3853
3 3853 3854 3863
3 3845 3855 3854
3 3854 3855 3864
3 3846 3856 3855
3 3855 3856 3865
3 3839 3840 3849
3 3849 3859 3858
3 3840 3841 3850
3 3850 3860 3859
3 3841 3842 3851
3 3851 3861 3860
3 3842 3843 3852
3 3852 3862 3861
3 3843 3844 3853
3 3853 3863 3862
3 3844 3845 3854
3 3854 3864 3863
3 3845 3846 3855
3 3855 3865 3864
3 3846 3847 3856
3 3856 3866 3865
3 3857 3858 3867
3 3867 3877 3876
3 3858 3868 3867
3 3867 3868 3877
3 3859 3869 3868
3 3868 3869 3878
3 3860 3870 3869
3 3869 3870 3879
3 3861 3871 3870
3 3870 3871 3880
3 3862 3872 3871
3 3871 3872 3881
3 3863 3873 3872
3 3872 3873 3882
3 3864 3874 3873
3 3873 3874 3883
3 3865 3875 3874
3 3874 3875 3884
3 3858 3859 3868
3 3868 3878 3877
3 3859 3860 3869
3 3869 3879 3878
3 3860 3861 3870
3 3870 3880 3879
3 3861 3862 3871
3 3871 3881 3880
3 3862 3863 3872
3 3872 3882 3881
3 3863 3864 3873
3 3873 3883 3882
3 3864 3865 3874
3 3874 3884 3883
3 3865 3866 3875
3 3875 3885 3884
3 3876 3877 3886
3 3886 3896 3895
3 3877 3887 3886
3 3886 3887 3896
3 3878 3888 3887
3 3887 3888 3897
3 3879 3889 3888
3 3888 3889 3898
3 3880 3890 3889
3 3889 3890 3899
3 3881 3891 3890
3 3890 3891 3900
3 3882 3892 3891
3 3891 3892 3901
3 3883 3893 3892
3 3892 3893 3902
3 3884 3894 3893
3 3893 3894 3903
3 3877 3878 3887
3 3887 3897 3896
3 3878 3879 3888
3 3888 3898 3897
3 3879 3880 3889
3 3889 3899 3898
3 3880 3881 3890
3 3890 3900 3899
3 3881 3882 3891
3 3891 3901 3900
3 3882 3883 3892
3 3892 3902 3901
3 3883 3884 3893
3 3893 3903 3902
3 3884 3885 3894
3 3894 3904 3903
3 3895 3896 3905
3 3905 3915 3914
3 3896 3906 3905
3 3905 3906 3915
3 3897 3907 3906
3 3906 3907 3916
3 3898 3908 3907
3 3907 3908 3917
3 3899 3909 3908
3 3908 3909 3918
3 3900 3910 3909
3 3909 3910 3919
3 3901 3911 3910
3 3910 3911 3920
3 3902 3912 3911
3 3911 3912 3921
3 3903 3913 3912
3 3912 3913 3922
3 3896 3897 3906
3 3906 3916 3915
3 3897 3898 3907
3 3907 3917 3916
3 3898 3899 3908
3 3908 3918 3917
3 3899 3900 3909
3 3909 3919 3918
3 3900 3901 3910
3 3910 3920 3919
3 3901 3902 3911
3 3911 3921 3920
3 3902 3903 3912
3 3912 3922 3921
3 3903 3904 3913
3 3913 3923 3922
3 3914 3915 3924
3 3924 3934 3933
3 3915 3925 3924
3 3924 3925 3934
3 3916 3926 3925
3 3925 3926 3935
3 3917 3927 3926
3 3926 3927 3936
3 3918 3928 3927
3 3927 3928 3937
3 3919 3929 3928
3 3928 3929 3938
3 3920 3930 3929
3 3929 3930 3939
3 3921 3931 3930
3 3930 3931 3940
3 3922 3932 3931
3 3931 3932 3941
3 3915 3916 3925
3 3925 3935 3934
3 3916 3917 3926
3 3926 3936 3935
3 3917 3918 3927
3 3927 3937 3936
3 3918 3919 3928
3 3928 3938 3937
3 3919 3920 3929
3 3929 3939 3938
3 3920 3921 3930
3 3930 3940 3939
3 3921 3922 3931
3 3931 3941 3940
3 3922 3923 3932
3 3932 3942 3941
3 3933 3934 3943
3 3943 3953 3952
3 3934 3944 3943
3 3943 3944 3953
3 3935 3945 3944
3 3944 3945 3954
3 3936 3946 3945
3 3945 3946 3955
3 3937 3947 3946
3 3946 3947 3956
3 3938 3948 3947
3 3947 3948 3957
3 3939 3949 3948
3 3948 3949 3958
3 3940 3950 3949
3 3949 3950 3959
3 3941 3951 3950
3 3950 3951 3960
3 3934 3935 3944
3 3944 3954 3953
3 3935 3936 3945
3 3945 3955 3954
3 3936 3937 3946
3 3946 3956 3955
3 3937 3938 3947
3 3947 3957 3956
3 3938 3939 3948
3 3948 3958 3957
3 3939 3940 3949
3 3949 3959 3958
3 3940 3941 3950
3 3950 3960 3959
3 3941 3942 3951
3 3951 3961 3960
3 3952 3953 3962
3 3962 3972 3971
3 3953 3963 3962
3 3962 3963 3972
3 3954 3964 3963
3 3963 3964 3973
3 3955 3965 3964
3 3964 3965 3974
3 3956 3966 3965
3 3965 3966 3975
3 3957 3967 3966
3 3966 3967 3976
3 3958 3968 3967
3 3967 3968 3977
3 3959 3969 3968
3 3968 3969 3978
3 3960 3970 3969
3 3969 3970 3979
3 3953 3954 3963
3 3963 3973 3972
3 3954 3955 3964
3 3964 3974 3973
3 3955 3956 3965
3 3965 3975 3974
3 3956 3957 3966
3 3966 3976 3975
3 3957 3958 3967
3 3967 3977 3976
3 3958 3959 3968
3 3968 3978 3977
3 3959 3960 3969
3 3969 3979 3978
3 3960 3961 3970
3 3970 3980 3979
3 3971 3972 3981
3 3981 3991 3990
3 3972 3982 3981
3 3981 3982 3991
3 3973 3983 3982
3 3982 3983 3992
3 3974 3984 3983
3 3983 3984 3993
3 3975 3985 3984
3 3984 3985 3994
3 3976 3986 3985
3 3985 3986 3995
3 3977 3987 3986
3 3986 3987 3996
3 3978 3988 3987
3 3987 3988 3997
3 3979 3989 3988
3 3988 3989 3998
3 3972 3973 3982
3 3982 3992 3991
3 3973 3974 3983
3 3983 3993 3992
3 3974 3975 3984
3 3984 3994 3993
3 3975 3976 3985
3 3985 3995 3994
3 3976 3977 3986
3 3986 3996 3995
3 3977 3978 3987
3 3987 3997 3996
3 3978 3979 3988
3 3988 3998 3997
3 3979 3980 3989
3 3989 3999 3998
3 3990 3991 4000
3 4000 4010 4009
3 3991 4001 4000
3 4000 4001 4010
3 3992 4002 4001
3 4001 4002 4011
3 3993 4003 4002
3 4002 4003 4012
3 3994 4004 4003
3 4003 4004 4013
3 3995 4005 4004
3 4004 4005 4014
3 3996 4006 4005
3 4005 4006 4015
3 3997 4007 4006
3 4006 4007 4016
3 3998 4008 4007
3 4007 4008 4017
3 3991 3992 4001
3 4001 4011 4010
3 3992 3993 4002
3 4002 4012 4011
3 3993 3994 4003
3 4003 4013 4012
3 3994 3995 4004
3 4004 4014 4013
3 3995 3996 4005
3 4005 4015 4014
3 3996 3997 4006
3 4006 4016 4015
3 3997 3998 4007
3 4007 4017 4016
3 3998 3999 4008
3 4008 4018 4017
3 4009 4010 4019
3 4019 4029 4028
3 4010 4020 4019
3 4019 4020 4029
3 4011 4021 4020
3 4020 4021 4030
3 4012 4022 4021
3 4021 4022 4031
3 4013 4023 4022
3 4022 4023 4032
3 4014 4024 4023
3 4023 4024 4033
3 4015 4025 4024
3 4024 4025 4034
3 4016 4026 4025
3 4025 4026 4035
3 4017 4027 4026
3 4026 4027 4036
3 4010 4011 4020
3 4020 4030 4029
3 4011 4012 4021
3 4021 4031 4030
3 4012 4013 4022
3 4022 4032 4031
3 4013 4014 4023
3 4023 4033 4032
3 4014 4015 4024
3 4024 4034 4033
3 4015 4016 4025
3 4025 4035 4034
3 4016 4017 4026
3 4026 4036 4035
3 4017 4018 4027
3 4027 4037 4036
3 4028 4029 4038
3 4038 4048 4047
3 4029 4039 4038
3 4038 4039 4048
3 4030 4040 4039
3 4039 4040 4049
3 4031 4041 4040
3 4040 4041 4050
3 4032 4042 4041
3 4041 4042 4051
3 4033 4043 4042
3 4042 4043 4052
3 4034 4044 4043
3 4043 4044 4053
3 4035 4045 4044
3 4044 4045 4054
3 4036 4046 4045
3 4045 4046 4055
3 4029 4030 4039
3 4039 4049 4048
3 4030 4031 4040
3 4040 4050 4049
3 4031 4032 4041
3 4041 4051 4050
3 4032 4033 4042
3 4042 4052 4051
3 4033 4034 4043
3 4043 4053 4052
3 4034 4035 4044
3 4044 4054 4053
3 4035 4036 4045
3 4045 4055 4054
3 4036 4037 4046
3 4046 4056 4055
3 4047 4048 4057
3 4057 4067 4066
3 4048 4058 4057
3 4057 4058 4067
3 4049 4059 4058
3 4058 4059 4068
3 4050 4060 4059
3 4059 4060 4069
3 4051 4061 4060
3 4060 4061 4070
3 4052 4062 4061
3 4061 4062 4071
3 4053 4063 4062
3 4062 4063 4072
3 4054 4064 4063
3 4063 4064 4073
3 4055 4065 4064
3 4064 4065 4074
3 4048 4049 4058
3 4058 4068 4067
3 4049 4050 4059
3 4059 4069 4068
3 4050 4051 4060
3 4060 4070 4069
3 4051 4052 4061
3 4061 4071 4070
3 4052 4053 4062
3 4062 4072 4071
3 4053 4054 4063
3 4063 4073 4072
3 4054 4055 4064
3 4064 4074 4073
3 4055 4056 4065
3 4065 4075 4074
3 4066 4067 4076
3 4076 4086 4085
3 4067 4077 4076
3 4076 4077 4086
3 4068 4078 4077
3 4077 4078 4087
3 4069 4079 4078
3 4078 4079 4088
3 4070 4080 4079
3 4079 4080 4089
3 4071 4081 4080
3 4080 4081 4090
3 4072 4082 4081
3 4081 4082 4091
3 4073 4083 4082
3 4082 4083 4092
3 4074 4084 4083
3 4083 4084 4093
3 4067 4068 4077
3 4077 4087 4086
3 4068 4069 4078
3 4078 4088 4087
3 4069 4070 4079
3 4079 4089 4088
3 4070 4071 4080
3 4080 4090 4089
3 4071 4072 4081
3 4081 4091 4090
3 4072 4073 4082
3 4082 4092 4091
3 4073 4074 4083
3 4083 4093 4092
3 4074 4075 4084
3 4084 4094 4093
3 4085 4086 4095
3 4095 4105 4104
3 4086 4096 4095
3 4095 4096 4105
3 4087 4097 4096
3 4096 4097 4106
3 4088 4098 4097
3 4097 4098 4107
3 4089 4099 4098
3 4098 4099 4108
3 4090 4100 4099
3 4099 4100 4109
3 4091 4101 4100
3 4100 4101 4110
3 4092 4102 4101
3 4101 4102 4111
3 4093 4103 4102
3 4102 4103 4112
3 4086 4087 4096
3 4096 4106 4105
3 4087 4088 4097
3 4097 4107 4106
3 4088 4089 4098
3 4098 4108 4107
3 4089 4090 4099
3 4099 4109 4108
3 4090 4091 4100
3 4100 4110 4109
3 4091 4092 4101
3 4101 4111 4110
3 4092 4093 4102
3 4102 4112 4111
3 4093 4094 4103
3 4103 4113 4112
3 4104 4105 4114
3 4114 4124 4123
3 4105 4115 4114
3 4114 4115 4124
3 4106 4116 4115
3 4115 4116 4125
3 4107 4117 4116
3 4116 4117 4126
3 4108 4118 4117
3 4117 4118 4127
3 4109 4119 4118
3 4118 4119 4128
3 4110 4120 4119
3 4119 4120 4129
3 4111 4121 4120
3 4120 4121 4130
3 4112 4122 4121
3 4121 4122 4131
3 4105 4106 4115
3 4115 4125 4124
3 4106 4107 4116
3 4116 4126 4125
3 4107 4108 4117
3 4117 4127 4126
3 4108 4109 4118
3 4118 4128 4127
3 4109 4110 4119
3 4119 4129 4128
3 4110 4111 4120
3 4120 4130 4129
3 4111 4112 4121
3 4121 4131 4130
3 4112 4113 4122
3 4122 4132 4131
3 4123 4124 4133
3 4133 4143 4142
3 4124 4134 4133
3 4133 4134 4143
3 4125 4135 4134
3 4134 4135 4144
3 4126 4136 4135
3 4135 4136 4145
3 4127 4137 4136
3 4136 4137 4146
3 4128 4138 4137
3 4137 4138 4147
3 4129 4139 4138
3 4138 4139 4148
3 4130 4140 4139
3 4139 4140 4149
3 4131 4141 4140
3 4140 4141 4150
3 4124 4125 4134
3 4134 4144 4143
3 4125 4126 4135
3 4135 4145 4144
3 4126 4127 4136
3 4136 4146 4145
3 4127 4128 4137
3 4137 4147 4146
3 4128 4129 4138
3 4138 4148 4147
3 4129 4130 4139
3 4139 4149 4148
3 4130 4131 4140
3 4140 4150 4149
3 4131 4132 4141
3 4141 4151 4150
3 4142 4143 4152
3 4152 4162 4161
3 4143 4153 4152
3 4152 4153 4162
3 4144 4154 4153
3 4153 4154 4163
3 4145 4155 4154
3 4154 4155 4164
3 4146 4156 4155
3 4155 4156 4165
3 4147 4157 4156
3 4156 4157 4166
3 4148 4158 4157
3 4157 4158 4167
3 4149 4159 4158
3 4158 4159 4168
3 4150 4160 4159
3 4159 4160 4169
3 4143 4144 4153
3 4153 4163 4162
3 4144 4145 4154
3 4154 4164 4163
3 4145 4146 4155
3 4155 4165 4164
3 4146 4147 4156
3 4156 4166 4165
3 4147 4148 4157
3 4157 4167 4166
3 4148 4149 4158
3 4158 4168 4167
3 4149 4150 4159
3 4159 4169 4168
3 4150 4151 4160
3 4160 4170 4169
3 4161 4162 4171
3 4171 4181 4180
3 4162 4172 4171
3 4171 4172 4181
3 4163 4173 4172
3 4172 4173 4182
3 4164 4174 4173
3 4173 4174 4183
3 4165 4175 4174
3 4174 4175 4184
3 4166 4176 4175
3 4175 4176 4185
3 4167 4177 4176
3 4176 4177 4186
3 4168 4178 4177
3 4177 4178 4187
3 4169 4179 4178
3 4178 4179 4188
3 4162 4163 4172
3 4172 4182 4181
3 4163 4164 4173
3 4173 4183 4182
3 4164 4165 4174
3 4174 4184 4183
3 4165 4166 4175
3 4175 4185 4184
3 4166 4167 4176
3 4176 4186 4185
3 4167 4168 4177
3 4177 4187 4186
3 4168 4169 4178
3 4178 4188 4187
3 4169 4170 4179
3 4179 4189 4188
3 4180 4181 4190
3 4190 4200 4199
3 4181 4191 4190
3 4190 4191 4200
3 4182 4192 4191
3 4191 4192 4201
3 4183 4193 4192
3 4192 4193 4202
3 4184 4194 4193
3 4193 4194 4203
3 4185 4195 4194
3 4194 4195 4204
3 4186 4196 4195
3 4195 4196 4205
3 4187 4197 4196
3 4196 4197 4206
3 4188 4198 4197
3 4197 4198 4207
3 4181 4182 4191
3 4191 4201 4200
3 4182 4183 4192
3 4192 4202 4201
3 4183 4184 4193
3 4193 4203 4202
3 4184 4185 4194
3 4194 4204 4203
3 4185 4186 4195
3 4195 4205 4204
3 4186 4187 4196
3 4196 4206 4205
3 4187 4188 4197
3 4197 4207 4206
3 4188 4189 4198
3 4198 4208 4207
3 4199 4200 4209
3 4209 4219 4218
3 4200 4210 4209
3 4209 4210 4219
3 4201 4211 4210
3 4210 4211 4220
3 4202 4212 4211
3 4211 4212 4221
3 4203 4213 4212
3 4212 4213 4222
3 4204 4214 4213
3 4213 4214 4223
3 4205 4215 4214
3 4214 4215 4224
3 4206 4216 4215
3 4215 4216 4225
3 4207 4217 4216
3 4216 4217 4226
3 4200 4201 4210
3 4210 4220 4219
3 4201 4202 4211
3 4211 4221 4220
3 4202 4203 4212
3 4212 4222 4221
3 4203 4204 4213
3 4213 4223 4222
3 4204 4205 4214
3 4214 4224 4223
3 4205 4206 4215
3 4215 4225 4224
3 4206 4207 4216
3 4216 4226 4225
3 4207 4208 4217
3 4217 4227 4226
3 4218 4219 4228
3 4228 4238 4237
3 4219 4229 4228
3 4228 4229 4238
3 4220 4230 4229
3 4229 4230 4239
3 4221 4231 4230
3 4230 4231 4240
3 4222 4232 4231
3 4231 4232 4241
3 4223 4233 4232
3 4232 4233 4242
3 4224 4234 4233
3 4233 4234 4243
3 4225 4235 4234
3 4234 4235 4244
3 4226 4236 4235
3 4235 4236 4245
3 4219 4220 4229
3 4229 4239 4238
3 4220 4221 4230
3 4230 4240 4239
3 4221 4222 4231
3 4231 4241 4240
3 4222 4223 4232
3 4232 4242 4241
3 4223 4224 4233
3 4233 4243 4242
3 4224 4225 4234
3 4234 4244 4243
3 4225 4226 4235
3 4235 4245 4244
3 4226 4227 4236
3 4236 4246 4245
3 4237 4238 4247
3 4247 4257 4256
3 4238 4248 4247
3 4247 4248 4257
3 4239 4249 4248
3 4248 4249 4258
3 4240 4250 4249
3 4249 4250 4259
3 4241 4251 4250
3 4250 4251 4260
3 4242 4252 4251
3 4251 4252 4261
3 4243 4253 4252
3 4252 4253 4262
3 4244 4254 4253
3 4253 4254 4263
3 4245 4255 4254
3 4254 4255 4264
3 4238 4239 4248
3 4248 4258 4257
3 4239 4240 4249
3 4249 4259 4258
3 4240 4241 4250
3 4250 4260 4259
3 4241 4242 4251
3 4251 4261 4260
3 4242 4243 4252
3 4252 4262 4261
3 4243 4244 4253
3 4253 4263 4262
3 4244 4245 4254
3 4254 4264 4263
3 4245 4246 4255
3 4255 4265 4264
3 4256 4257 4266
3 4266 4276 4275
3 4257 4267 4266
3 4266 4267 4276
3 4258 4268 4267
3 4267 4268 4277
3 4259 4269 4268
3 4268 4269 4278
3 4260 4270 4269
3 4269 4270 4279
3 4261 4271 4270
3 4270 4271 4280
3 4262 4272 4271
3 4271 4272 4281
3 4263 4273 4272
3 4272 4273 4282
3 4264 4274 4273
3 4273 4274 4283
3 4257 4258 4267
3 4267 4277 4276
3 4258 4259 4268
3 4268 4278 4277
3 4259 4260 4269
3 4269 4279 4278
3 4260 4261 4270
3 4270 4280 4279
3 4261 4262 4271
3 4271 4281 4280
3 4262 4263 4272
3 4272 4282 4281
3 4263 4264 4273
3 4273 4283 4282
3 4264 4265 4274
3 4274 4284 4283
3 4275 4276 4285
3 4285 4295 4294
3 4276 4286 4285
3 4285 4286 4295
3 4277 4287 4286
3 4286 4287 4296
3 4278 4288 4287
3 4287 4288 4297
3 4279 4289 4288
3 4288 4289 4298
3 4280 4290 4289
3 4289 4290 4299
3 4281 4291 4290
3 4290 4291 4300
3 4282 4292 4291
3 4291 4292 4301
3 4283 4293 4292
3 4292 4293 4302
3 4276 4277 4286
3 4286 4296 4295
3 4277 4278 4287
3 4287 4297 4296
3 4278 4279 4288
3 4288 4298 4297
3 4279 4280 4289
3 4289 4299 4298
3 4280 4281 4290
3 4290 4300 4299
3 4281 4282 4291
3 4291 4301 4300
3 4282 4283 4292
3 4292 4302 4301
3 4283 4284 4293
3 4293 4303 4302
3 4294 4295 4304
3 4304 4314 4313
3 4295 4305 4304
3 4304 4305 4314
3 4296 4306 4305
3 4305 4306 4315
3 4297 4307 4306
3 4306 4307 4316
3 4298 4308 4307
3 4307 4308 4317
3 4299 4309 4308
3 4308 4309 4318
3 4300 4310 4309
3 4309 4310 4319
3 4301 4311 4310
3 4310 4311 4320
3 4302 4312 4311
3 4311 4312 4321
3 4295 4296 4305
3 4305 4315 4314
3 4296 4297 4306
3 4306 4316 4315
3 4297 4298 4307
3 4307 4317 4316
3 4298 4299 4308
3 4308 4318 4317
3 4299 4300 4309
3 4309 4319 4318
3 4300 4301 4310
3 4310 4320 4319
3 4301 4302 4311
3 4311 4321 4320
3 4302 4303 4312
3 4312 4322 4321
3 4313 4314 4323
3 4323 4333 4332
3 4314 4324 4323
3 4323 4324 4333
3 4315 4325 4324
3 4324 4325 4334
3 4316 4326 4325
3 4325 4326 4335
3 4317 4327 4326
3 4326 4327 4336
3 4318 4328 4327
3 4327 4328 4337
3 4319 4329 4328
3 4328 4329 4338
3 4320 4330 4329
3 4329 4330 4339
3 4321 4331 4330
3 4330 4331 4340
3 4314 4315 4324
3 4324 4334 4333
3 4315 4316 4325
3 4325 4335 4334
3 4316 4317 4326
3 4326 4336 4335
3 4317 4318 4327
3 4327 4337 4336
3 4318 4319 4328
3 4328 4338 4337
3 4319 4320 4329
3 4329 4339 4338
3 4320 4321 4330
3 4330 4340 4339
3 4321 4322 4331
3 4331 4341 4340
3 4332 4333 4342
3 4342 4352 4351
3 4333 4343 4342
3 4342 4343 4352
3 4334 4344 4343
3 4343 4344 4353
3 4335 4345 4344
3 4344 4345 4354
3 4336 4346 4345
3 4345 4346 4355
3 4337 4347 4346
3 4346 4347 4356
3 4338 4348 4347
3 4347 4348 4357
3 4339 4349 4348
3 4348 4349 4358
3 4340 4350 4349
3 4349 4350 4359
3 4333 4334 4343
3 4343 4353 4352
3 4334 4335 4344
3 4344 4354 4353
3 4335 4336 4345
3 4345 4355 4354
3 4336 4337 4346
3 4346 4356 4355
3 4337 4338 4347
3 4347 4357 4356
3 4338 4339 4348
3 4348 4358 4357
3 4339 4340 4349
3 4349 4359 4358
3 4340 4341 4350
3 4350 4360 4359
3 4351 4352 4361
3 4361 4371 4370
3 4352 4362 4361
3 4361 4362 4371
3 4353 4363 4362
3 4362 4363 4372
3 4354 4364 4363
3 4363 4364 4373
3 4355 4365 4364
3 4364 4365 4374
3 4356 4366 4365
3 4365 4366 4375
3 4357 4367 4366
3 4366 4367 4376
3 4358 4368 4367
3 4367 4368 4377
3 4359 4369 4368
3 4368 4369 4378
3 4352 4353 4362
3 4362 4372 4371
3 4353 4354 4363
3 4363 4373 4372
3 4354 4355 4364
3 4364 4374 4373
3 4355 4356 4365
3 4365 4375 4374
3 4356 4357 4366
3 4366 4376 4375
3 4357 4358 4367
3 4367 4377 4376
3 4358 4359 4368
3 4368 4378 4377
3 4359 4360 4369
3 4369 4379 4378
3 4370 4371 4380
3 4380 4390 4389
3 4371 4381 4380
3 4380 4381 4390
3 4372 4382 4381
3 4381 4382 4391
3 4373 4383 4382
3 4382 4383 4392
3 4374 4384 4383
3 4383 4384 4393
3 4375 4385 4384
3 4384 4385 4394
3 4376 4386 4385
3 4385 4386 4395
3 4377 4387 4386
3 4386 4387 4396
3 4378 4388 4387
3 4387 4388 4397
3 4371 4372 4381
3 4381 4391 4390
3 4372 4373 4382
3 4382 4392 4391
3 4373 4374 4383
3 4383 4393 4392
3 4374 4375 4384
3 4384 4394 4393
3 4375 4376 4385
3 4385 4395 4394
3 4376 4377 4386
3 4386 4396 4395
3 4377 4378 4387
3 4387 4397 4396
3 4378 4379 4388
3 4388 4398 4397
3 4389 4390 4399
3 4399 4409 4408
3 4390 4400 4399
3 4399 4400 4409
3 4391 4401 4400
3 4400 4401 4410
3 4392 4402 4401
3 4401 4402 4411
3 4393 4403 4402
3 4402 4403 4412
3 4394 4404 4403
3 4403 4404 4413
3 4395 4405 4404
3 4404 4405 4414
3 4396 4406 4405
3 4405 4406 4415
3 4397 4407 4406
3 4406 4407 4416
3 4390 4391 4400
3 4400 4410 4409
3 4391 4392 4401
3 4401 4411 4410
3 4392 4393 4402
3 4402 4412 4411
3 4393 4394 4403
3 4403 4413 4412
3 4394 4395 4404
3 4404 4414 4413
3 4395 4396 4405
3 4405 4415 4414
3 4396 4397 4406
3 4406 4416 4415
3 4397 4398 4407
3 4407 4417 4416
3 4408 4409 4418
3 4418 4428 4427
3 4409 4419 4418
3 4418 4419 4428
3 4410 4420 4419
3 4419 4420 4429
3 4411 4421 4420
3 4420 4421 4430
3 4412 4422 4421
3 4421 4422 4431
3 4413 4423 4422
3 4422 4423 4432
3 4414 4424 4423
3 4423 4424 4433
3 4415 4425 4424
3 4424 4425 4434
3 4416 4426 4425
3 4425 4426 4435
3 4409 4410 4419
3 4419 4429 4428
3 4410 4411 4420
3 4420 4430 4429
3 4411 4412 4421
3 4421 4431 4430
3 4412 4413 4422
3 4422 4432 4431
3 4413 4414 4423
3 4423 4433 4432
3 4414 4415 4424
3 4424 4434 4433
3 4415 4416 4425
3 4425 4435 4434
3 4416 4417 4426
3 4426 4436 4435
3 4427 4428 4437
3 4437 4447 4446
3 4428 4438 4437
3 4437 4438 4447
3 4429 4439 4438
3 4438 4439 4448
3 4430 4440 4439
3 4439 4440 4449
3 4431 4441 4440
3 4440 4441 4450
3 4432 4442 4441
3 4441 4442 4451
3 4433 4443 4442
3 4442 4443 4452
3 4434 4444 4443
3 4443 4444 4453
3 4435 4445 4444
3 4444 4445 4454
3 4428 4429 4438
3 4438 4448 4447
3 4429 4430 4439
3 4439 4449 4448
3 4430 4431 4440
3 4440 4450 4449
3 4431 4432 4441
3 4441 4451 4450
3 4432 4433 4442
3 4442 4452 4451
3 4433 4434 4443
3 4443 4453 4452
3 4434 4435 4444
3 4444 4454 4453
3 4435 4436 4445
3 4445 4455 4454
3 4446 4447 4456
3 4456 4466 4465
3 4447 4457 4456
3 4456 4457 4466
3 4448 4458 4457
3 4457 4458 4467
3 4449 4459 4458
3 4458 4459 4468
3 4450 4460 4459
3 4459 4460 4469
3 4451 4461 4460
3 4460 4461 4470
3 4452 4462 4461
3 4461 4462 4471
3 4453 4463 4462
3 4462 4463 4472
3 4454 4464 4463
3 4463 4464 4473
3 4447 4448 4457
3 4457 4467 4466
3 4448 4449 4458
3 4458 4468 4467
3 4449 4450 4459
3 4459 4469 4468
3 4450 4451 4460
3 4460 4470 4469
3 4451 4452 4461
3 4461 4471 4470
3 4452 4453 4462
3 4462 4472 4471
3 4453 4454 4463
3 4463 4473 4472
3 4454 4455 4464
3 4464 4474 4473
3 4465 4466 4475
3 4475 4485 4484
3 4466 4476 4475
3 4475 4476 4485
3 4467 4477 4476
3 4476 4477 4486
3 4468 4478 4477
3 4477 4478 4487
3 4469 4479 4478
3 4478 4479 4488
3 4470 4480 4479
3 4479 4480 4489
3 4471 4481 4480
3 4480 4481 4490
3 4472 4482 4481
3 4481 4482 4491
3 4473 4483 4482
3 4482 4483 4492
3 4466 4467 4476
3 4476 4486 4485
3 4467 4468 4477
3 4477 4487 4486
3 4468 4469 4478
3 4478 4488 4487
3 4469 4470 4479
3 4479 4489 4488
3 4470 4471 4480
3 4480 4490 4489
3 4471 4472 4481
3 4481 4491 4490
3 4472 4473 4482
3 4482 4492 4491
3 4473 4474 4483
3 4483 4493 4492
3 4484 4485 4494
3 4494 4504 4503
3 4485 4495 4494
3 4494 4495 4504
3 4486 4496 4495
3 4495 4496 4505
3 4487 4497 4496
3 4496 4497 4506
3 4488 4498 4497
3 4497 4498 4507
3 4489 4499 4498
3 4498 4499 4508
3 4490 4500 4499
3 4499 4500 4509
3 4491 4501 4500
3 4500 4501 4510
3 4492 4502 4501
3 4501 4502 4511
3 4485 4486 4495
3 4495 4505 4504
3 4486 4487 4496
3 4496 4506 4505
3 4487 4488 4497
3 4497 4507 4506
3 4488 4489 4498
3 4498 4508 4507
3 4489 4490 4499
3 4499 4509 4508
3 4490 4491 4500
3 4500 4510 4509
3 4491 4492 4501
3 4501 4511 4510
3 4492 4493 4502
3 4502 4512 4511
3 4503 4504 4513
3 4513 4523 4522
3 4504 4514 4513
3 4513 4514 4523
3 4505 4515 4514
3 4514 4515 4524
3 4506 4516 4515
3 4515 4516 4525
3 4507 4517 4516
3 4516 4517 4526
3 4508 4518 4517
3 4517 4518 4527
3 4509 4519 4518
3 4518 4519 4528
3 4510 4520 4519
3 4519 4520 4529
3 4511 4521 4520
3 4520 4521 4530
3 4504 4505 4514
3 4514 4524 4523
3 4505 4506 4515
3 4515 4525 4524
3 4506 4507 4516
3 4516 4526 4525
3 4507 4508 4517
3 4517 4527 4526
3 4508 4509 4518
3 4518 4528 4527
3 4509 4510 4519
3 4519 4529 4528
3 4510 4511 4520
3 4520 4530 4529
3 4511 4512 4521
3 4521 4531 4530
3 4522 4523 4532
3 4532 4542 4541
3 4523 4533 4532
3 4532 4533 4542
3 4524 4534 4533
3 4533 4534 4543
3 4525 4535 4534
3 4534 4535 4544
3 4526 4536 4535
3 4535 4536 4545
3 4527 4537 4536
3 4536 4537 4546
3 4528 4538 4537
3 4537 4538 4547
3 4529 4539 4538
3 4538 4539 4548
3 4530 4540 4539
3 4539 4540 4549
3 4523 4524 4533
3 4533 4543 4542
3 4524 4525 4534
3 4534 4544 4543
3 4525 4526 4535
3 4535 4545 4544
3 4526 4527 4536
3 4536 4546 4545
3 4527 4528 4537
3 4537 4547 4546
3 4528 4529 4538
3 4538 4548 4547
3 4529 4530 4539
3 4539 4549 4548
3 4530 4531 4540
3 4540 4550 4549
3 4541 4542 4551
3 4551 4561 4560
3 4542 4552 4551
3 4551 4552 4561
3 4543 4553 4552
3 4552 4553 4562
3 4544 4554 4553
3 4553 4554 4563
3 4545 4555 4554
3 4554 4555 4564
3 4546 4556 4555
3 4555 4556 4565
3 4547 4557 4556
3 4556 4557 4566
3 4548 4558 4557
3 4557 4558 4567
3 4549 4559 4558
3 4558 4559 4568
3 4542 4543 4552
3 4552 4562 4561
3 4543 4544 4553
3 4553 4563 4562
3 4544 4545 4554
3 4554 4564 4563
3 4545 4546 4555
3 4555 4565 4564
3 4546 4547 4556
3 4556 4566 4565
3 4547 4548 4557
3 4557 4567 4566
3 4548 4549 4558
3 4558 4568 4567
3 4549 4550 4559
3 4559 4569 4568
3 4560 4561 4570
3 4570 4580 4579
3 4561 4571 4570
3 4570 4571 4580
3 4562 4572 4571
3 4571 4572 4581
3 4563 4573 4572
3 4572 4573 4582
3 4564 4574 4573
3 4573 4574 4583
3 4565 4575 4574
3 4574 4575 4584
3 4566 4576 4575
3 4575 4576 4585
3 4567 4577 4576
3 4576 4577 4586
3 4568 4578 4577
3 4577 4578 4587
3 4561 4562 4571
3 4571 4581 4580
3 4562 4563 4572
3 4572 4582 4581
3 4563 4564 4573
3 4573 4583 4582
3 4564 4565 4574
3 4574 4584 4583
3 4565 4566 4575
3 4575 4585 4584
3 4566 4567 4576
3 4576 4586 4585
3 4567 4568 4577
3 4577 4587 4586
3 4568 4569 4578
3 4578 4588 4587
3 4579 4580 4589
3 4589 4599 4598
3 4580 4590 4589
3 4589 4590 4599
3 4581 4591 4590
3 4590 4591 4600
3 4582 4592 4591
3 4591 4592 4601
3 4583 4593 4592
3 4592 4593 4602
3 4584 4594 4593
3 4593 4594 4603
3 4585 4595 4594
3 4594 4595 4604
3 4586 4596 4595
3 4595 4596 4605
3 4587 4597 4596
3 4596 4597 4606
3 4580 4581 4590
3 4590 4600 4599
3 4581 4582 4591
3 4591 4601 4600
3 4582 4583 4592
3 4592 4602 4601
3 4583 4584 4593
3 4593 4603 4602
3 4584 4585 4594
3 4594 4604 4603
3 4585 4586 4595
3 4595 4605 4604
3 4586 4587 4596
3 4596 4606 4605
3 4587 4588 4597
3 4597 4607 4606
3 4598 4599 4608
3 4608 4618 4617
3 4599 4609 4608
3 4608 4609 4618
3 4600 4610 4609
3 4609 4610 4619
3 4601 4611 4610
3 4610 4611 4620
3 4602 4612 4611
3 4611 4612 4621
3 4603 4613 4612
3 4612 4613 4622
3 4604 4614 4613
3 4613 4614 4623
3 4605 4615 4614
3 4614 4615 4624
3 4606 4616 4615
3 4615 4616 4625
3 4599 4600 4609
3 4609 4619 4618
3 4600 4601 4610
3 4610 4620 4619
3 4601 4602 4611
3 4611 4621 4620
3 4602 4603 4612
3 4612 4622 4621
3 4603 4604 4613
3 4613 4623 4622
3 4604 4605 4614
3 4614 4624 4623
3 4605 4606 4615
3 4615 4625 4624
3 4606 4607 4616
3 4616 4626 4625
3 4617 4618 4627
3 4627 4637 4636
3 4618 4628 4627
3 4627 4628 4637
3 4619 4629 4628
3 4628 4629 4638
3 4620 4630 4629
3 4629 4630 4639
3 4621 4631 4630
3 4630 4631 4640
3 4622 4632 4631
3 4631 4632 4641
3 4623 4633 4632
3 4632 4633 4642
3 4624 4634 4633
3 4633 4634 4643
3 4625 4635 4634
3 4634 4635 4644
3 4618 4619 4628
3 4628 4638 4637
3 4619 4620 4629
3 4629 4639 4638
3 4620 4621 4630
3 4630 4640 4639
3 4621 4622 4631
3 4631 4641 4640
3 4622 4623 4632
3 4632 4642 4641
3 4623 4624 4633
3 4633 4643 4642
3 4624 4625 4634
3 4634 4644 4643
3 4625 4626 4635
3 4635 4645 4644
3 4636 4637 4646
3 4646 4656 4655
3 4637 4647 4646
3 4646 4647 4656
3 4638 4648 4647
3 4647 4648 4657
3 4639 4649 4648
3 4648 4649 4658
3 4640 4650 4649
3 4649 4650 4659
3 4641 4651 4650
3 4650 4651 4660
3 4642 4652 4651
3 4651 4652 4661
3 4643 4653 4652
3 4652 4653 4662
3 4644 4654 4653
3 4653 4654 4663
3 4637 4638 4647
3 4647 4657 4656
3 4638 4639 4648
3 4648 4658 4657
3 4639 4640 4649
3 4649 4659 4658
3 4640 4641 4650
3 4650 4660 4659
3 4641 4642 4651
3 4651 4661 4660
3 4642 4643 4652
3 4652 4662 4661
3 4643 4644 4653
3 4653 4663 4662
3 4644 4645 4654
3 4654 4664 4663
3 4655 4656 4665
3 4665 4675 4674
3 4656 4666 4665
3 4665 4666 4675
3 4657 4667 4666
3 4666 4667 4676
3 4658 4668 4667
3 4667 4668 4677
3 4659 4669 4668
3 4668 4669 4678
3 4660 4670 4669
3 4669 4670 4679
3 4661 4671 4670
3 4670 4671 4680
3 4662 4672 4671
3 4671 4672 4681
3 4663 4673 4672
3 4672 4673 4682
3 4656 4657 4666
3 4666 4676 4675
3 4657 4658 4667
3 4667 4677 4676
3 4658 4659 4668
3 4668 4678 4677
3 4659 4660 4669
3 4669 4679 4678
3 4660 4661 4670
3 4670 4680 4679
3 4661 4662 4671
3 4671 4681 4680
3 4662 4663 4672
3 4672 4682 4681
3 4663 4664 4673
3 4673 4683 4682
3 4674 4675 4684
3 4684 4694 4693
3 4675 4685 4684
3 4684 4685 4694
3 4676 4686 4685
3 4685 4686 4695
3 4677 4687 4686
3 4686 4687 4696
3 4678 4688 4687
3 4687 4688 4697
3 4679 4689 4688
3 4688 4689 4698
3 4680 4690 4689
3 4689 4690 4699
3 4681 4691 4690
3 4690 4691 4700
3 4682 4692 4691
3 4691 4692 4701
3 4675 4676 4685
3 4685 4695 4694
3 4676 4677 4686
3 4686 4696 4695
3 4677 4678 4687
3 4687 4697 4696
3 4678 4679 4688
3 4688 4698 4697
3 4679 4680 4689
3 4689 4699 4698
3 4680 4681 4690
3 4690 4700 4699
3 4681 4682 4691
3 4691 4701 4700
3 4682 4683 4692
3 4692 4702 4701
3 4693 4694 4703
3 4703 4713 4712
3 4694 4704 4703
3 4703 4704 4713
3 4695 4705 4704
3 4704 4705 4714
3 4696 4706 4705
3 4705 4706 4715
3 4697 4707 4706
3 4706 4707 4716
3 4698 4708 4707
3 4707 4708 4717
3 4699 4709 4708
3 4708 4709 4718
3 4700 4710 4709
3 4709 4710 4719
3 4701 4711 4710
3 4710 4711 4720
3 4694 4695 4704
3 4704 4714 4713
3 4695 4696 4705
3 4705 4715 4714
3 4696 4697 4706
3 4706 4716 4715
3 4697 4698 4707
3 4707 4717 4716
3 4698 4699 4708
3 4708 4718 4717
3 4699 4700 4709
3 4709 4719 4718
3 4700 4701 4710
3 4710 4720 4719
3 4701 4702 4711
3 4711 4721 4720
3 4712 4713 4722
3 4722 4732 4731
3 4713 4723 4722
3 4722 4723 4732
3 4714 4724 4723
3 4723 4724 4733
3 4715 4725 4724
3 4724 4725 4734
3 4716 4726 4725
3 4725 4726 4735
3 4717 4727 4726
3 4726 4727 4736
3 4718 4728 4727
3 4727 4728 4737
3 4719 4729 4728
3 4728 4729 4738
3 4720 4730 4729
3 4729 4730 4739
3 4713 4714 4723
3 4723 4733 4732
3 4714 4715 4724
3 4724 4734 4733
3 4715 4716 4725
3 4725 4735 4734
3 4716 4717 4726
3 4726 4736 4735
3 4717 4718 4727
3 4727 4737 4736
3 4718 4719 4728
3 4728 4738 4737
3 4719 4720 4729
3 4729 4739 4738
3 4720 4721 4730
3 4730 4740 4739
3 4731 4732 4741
3 4741 4751 4750
3 4732 4742 4741
3 4741 4742 4751
3 4733 4743 4742
3 4742 4743 4752
3 4734 4744 4743
3 4743 4744 4753
3 4735 4745 4744
3 4744 4745 4754
3 4736 4746 4745
3 4745 4746 4755
3 4737 4747 4746
3 4746 4747 4756
3 4738 4748 4747
3 4747 4748 4757
3 4739 4749 4748
3 4748 4749 4758
3 4732 4733 4742
3 4742 4752 4751
3 4733 4734 4743
3 4743 4753 4752
3 4734 4735 4744
3 4744 4754 4753
3 4735 4736 4745
3 4745 4755 4754
3 4736 4737 4746
3 4746 4756 4755
3 4737 4738 4747
3 4747 4757 4756
3 4738 4739 4748
3 4748 4758 4757
3 4739 4740 4749
3 4749 4759 4758
3 4750 4751 4760
3 4760 4770 4769
3 4751 4761 4760
3 4760 4761 4770
3 4752 4762 4761
3 4761 4762 4771
3 4753 4763 4762
3 4762 4763 4772
3 4754 4764 4763
3 4763 4764 4773
3 4755 4765 4764
3 4764 4765 4774
3 4756 4766 4765
3 4765 4766 4775
3 4757 4767 4766
3 4766 4767 4776
3 4758 4768 4767
3 4767 4768 4777
3 4751 4752 4761
3 4761 4771 4770
3 4752 4753 4762
3 4762 4772 4771
3 4753 4754 4763
3 4763 4773 4772
3 4754 4755 4764
3 4764 4774 4773
3 4755 4756 4765
3 4765 4775 4774
3 4756 4757 4766
3 4766 4776 4775
3 4757 4758 4767
3 4767 4777 4776
3 4758 4759 4768
3 4768 4778 4777
3 4769 4770 4779
3 4779 4789 4788
3 4770 4780 4779
3 4779 4780 4789
3 4771 4781 4780
3 4780 4781 4790
3 4772 4782 4781
3 4781 4782 4791
3 4773 4783 4782
3 4782 4783 4792
3 4774 4784 4783
3 4783 4784 4793
3 4775 4785 4784
3 4784 4785 4794
3 4776 4786 4785
3 4785 4786 4795
3 4777 4787 4786
3 4786 4787 4796
3 4770 4771 4780
3 4780 4790 4789
3 4771 4772 4781
3 4781 4791 4790
3 4772 4773 4782
3 4782 4792 4791
3 4773 4774 4783
3 4783 4793 4792
3 4774 4775 4784
3 4784 4794 4793
3 4775 4776 4785
3 4785 4795 4794
3 4776 4777 4786
3 4786 4796 4795
3 4777 4778 4787
3 4787 4797 4796
3 4788 4789 4798
3 4798 4808 4807
3 4789 4799 4798
3 4798 4799 4808
3 4790 4800 4799
3 4799 4800 4809
3 4791 4801 4800
3 4800 4801 4810
3 4792 4802 4801
3 4801 4802 4811
3 4793 4803 4802
3 4802 4803 4812
3 4794 4804 4803
3 4803 4804 4813
3 4795 4805 4804
3 4804 4805 4814
3 4796 4806 4805
3 4805 4806 4815
3 4789 4790 4799
3 4799 4809 4808
3 4790 4791 4800
3 4800 4810 4809
3 4791 4792 4801
3 4801 4811 4810
3 4792 4793 4802
3 4802 4812 4811
3 4793 4794 4803
3 4803 4813 4812
3 4794 4795 4804
3 4804 4814 4813
3 4795 4796 4805
3 4805 4815 4814
3 4796 4797 4806
3 4806 4816 4815
3 4807 4808 4817
3 4817 4827 4826
3 4808 4818 4817
3 4817 4818 4827
3 4809 4819 4818
3 4818 4819 4828
3 4810 4820 4819
3 4819 4820 4829
3 4811 4821 4820
3 4820 4821 4830
3 4812 4822 4821
3 4821 4822 4831
3 4813 4823 4822
3 4822 4823 4832
3 4814 4824 4823
3 4823 4824 4833
3 4815 4825 4824
3 4824 4825 4834
3 4808 4809 4818
3 4818 4828 4827
3 4809 4810 4819
3 4819 4829 4828
3 4810 4811 4820
3 4820 4830 4829
3 4811 4812 4821
3 4821 4831 4830
3 4812 4813 4822
3 4822 4832 4831
3 4813 4814 4823
3 4823 4833 4832
3 4814 4815 4824
3 4824 4834 4833
3 4815 4816 4825
3 4825 4835 4834
3 4826 4827 4836
3 4836 4846 4845
3 4827 4837 4836
3 4836 4837 4846
3 4828 4838 4837
3 4837 4838 4847
3 4829 4839 4838
3 4838 4839 4848
3 4830 4840 4839
3 4839 4840 4849
3 4831 4841 4840
3 4840 4841 4850
3 4832 4842 4841
3 4841 4842 4851
3 4833 4843 4842
3 4842 4843 4852
3 4834 4844 4843
3 4843 4844 4853
3 4827 4828 4837
3 4837 4847 4846
3 4828 4829 4838
3 4838 4848 4847
3 4829 4830 4839
3 4839 4849 4848
3 4830 4831 4840
3 4840 4850 4849
3 4831 4832 4841
3 4841 4851 4850
3 4832 4833 4842
3 4842 4852 4851
3 4833 4834 4843
3 4843 4853 4852
3 4834 4835 4844
3 4844 4854 4853
3 4845 4846 4855
3 4855 4865 4864
3 4846 4856 4855
3 4855 4856 4865
3 4847 4857 4856
3 4856 4857 4866
3 4848 4858 4857
3 4857 4858 4867
3 4849 4859 4858
3 4858 4859 4868
3 4850 4860 4859
3 4859 4860 4869
3 4851 4861 4860
3 4860 4861 4870
3 4852 4862 4861
3 4861 4862 4871
3 4853 4863 4862
3 4862 4863 4872
3 4846 4847 4856
3 4856 4866 4865
3 4847 4848 4857
3 4857 4867 4866
3 4848 4849 4858
3 4858 4868 4867
3 4849 4850 4859
3 4859 4869 4868
3 4850 4851 4860
3 4860 4870 4869
3 4851 4852 4861
3 4861 4871 4870
3 4852 4853 4862
3 4862 4872 4871
3 4853 4854 4863
3 4863 4873 4872
3 4864 4865 4874
3 4874 4884 4883
3 4865 4875 4874
3 4874 4875 4884
3 4866 4876 4875
3 4875 4876 4885
3 4867 4877 4876
3 4876 4877 4886
3 4868 4878 4877
3 4877 4878 4887
3 4869 4879 4878
3 4878 4879 4888
3 4870 4880 4879
3 4879 4880 4889
3 4871 4881 4880
3 4880 4881 4890
3 4872 4882 4881
3 4881 4882 4891
3 4865 4866 4875
3 4875 4885 4884
3 4866 4867 4876
3 4876 4886 4885
3 4867 4868 4877
3 4877 4887 4886
3 4868 4869 4878
3 4878 4888 4887
3 4869 4870 4879
3 4879 4889 4888
3 4870 4871 4880
3 4880 4890 4889
3 4871 4872 4881
3 4881 4891 4890
3 4872 4873 4882
3 4882 4892 4891
3 4883 4884 4893
3 4893 4903 4902
3 4884 4894 4893
3 4893 4894 4903
3 4885 4895 4894
3 4894 4895 4904
3 4886 4896 4895
3 4895 4896 4905
3 4887 4897 4896
3 4896 4897 4906
3 4888 4898 4897
3 4897 4898 4907
3 4889 4899 4898
3 4898 4899 4908
3 4890 4900 4899
3 4899 4900 4909
3 4891 4901 4900
3 4900 4901 4910
3 4884 4885 4894
3 4894 4904 4903
3 4885 4886 4895
3 4895 4905 4904
3 4886 4887 4896
3 4896 4906 4905
3 4887 4888 4897
3 4897 4907 4906
3 4888 4889 4898
3 4898 4908 4907
3 4889 4890 4899
3 4899 4909 4908
3 4890 4891 4900
3 4900 4910 4909
3 4891 4892 4901
3 4901 4911 4910
3 4902 4903 4912
3 4912 4922 4921
3 4903 4913 4912
3 4912 4913 4922
3 4904 4914 4913
3 4913 4914 4923
3 4905 4915 4914
3 4914 4915 4924
3 4906 4916 4915
3 4915 4916 4925
3 4907 4917 4916
3 4916 4917 4926
3 4908 4918 4917
3 4917 4918 4927
3 4909 4919 4918
3 4918 4919 4928
3 4910 4920 4919
3 4919 4920 4929
3 4903 4904 4913
3 4913 4923 4922
3 4904 4905 4914
3 4914 4924 4923
3 4905 4906 4915
3 4915 4925 4924
3 4906 4907 4916
3 4916 4926 4925
3 4907 4908 4917
3 4917 4927 4926
3 4908 4909 4918
3 4918 4928 4927
3 4909 4910 4919
3 4919 4929 4928
3 4910 4911 4920
3 4920 4930 4929
3 4921 4922 4931
3 4931 4941 4940
3 4922 4932 4931
3 4931 4932 4941
3 4923 4933 4932
3 4932 4933 4942
3 4924 4934 4933
3 4933 4934 4943
3 4925 4935 4934
3 4934 4935 4944
3 4926 4936 4935
3 4935 4936 4945
3 4927 4937 4936
3 4936 4937 4946
3 4928 4938 4937
3 4937 4938 4947
3 4929 4939 4938
3 4938 4939 4948
3 4922 4923 4932
3 4932 4942 4941
3 4923 4924 4933
3 4933 4943 4942
3 4924 4925 4934
3 4934 4944 4943
3 4925 4926 4935
3 4935 4945 4944
3 4926 4927 4936
3 4936 4946 4945
3 4927 4928 4937
3 4937 4947 4946
3 4928 4929 4938
3 4938 4948 4947
3 4929 4930 4939
3 4939 4949 4948
3 4940 4941 4950
3 4950 4960 4959
3 4941 4951 4950
3 4950 4951 4960
3 4942 4952 4951
3 4951 4952 4961
3 4943 4953 4952
3 4952 4953 4962
3 4944 4954 4953
3 4953 4954 4963
3 4945 4955 4954
3 4954 4955 4964
3 4946 4956 4955
3 4955 4956 4965
3 4947 4957 4956
3 4956 4957 4966
3 4948 4958 4957
3 4957 4958 4967
3 4941 4942 4951
3 4951 4961 4960
3 4942 4943 4952
3 4952 4962 4961
3 4943 4944 4953
3 4953 4963 4962
3 4944 4945 4954
3 4954 4964 4963
3 4945 4946 4955
3 4955 4965 4964
3 4946 4947 4956
3 4956 4966 4965
3 4947 4948 4957
3 4957 4967 4966
3 4948 4949 4958
3 4958 4968 4967
3 4959 4960 4969
3 4969 4979 4978
3 4960 4970 4969
3 4969 4970 4979
3 4961 4971 4970
3 4970 4971 4980
3 4962 4972 4971
3 4971 4972 4981
3 4963 4973 4972
3 4972 4973 4982
3 4964 4974 4973
3 4973 4974 4983
3 4965 4975 4974
3 4974 4975 4984
3 4966 4976 4975
3 4975 4976 4985
3 4967 4977 4976
3 4976 4977 4986
3 4960 4961 4970
3 4970 4980 4979
3 4961 4962 4971
3 4971 4981 4980
3 4962 4963 4972
3 4972 4982 4981
3 4963 4964 4973
3 4973 4983 4982
3 4964 4965 4974
3 4974 4984 4983
3 4965 4966 4975
3 4975 4985 4984
3 4966 4967 4976
3 4976 4986 4985
3 4967 4968 4977
3 4977 4987 4986
3 4978 4979 4988
3 4988 4998 4997
3 4979 4989 4988
3 4988 4989 4998
3 4980 4990 4989
3 4989 4990 4999
3 4981 4991 4990
3 4990 4991 5000
3 4982 4992 4991
3 4991 4992 5001
3 4983 4993 4992
3 4992 4993 5002
3 4984 4994 4993
3 4993 4994 5003
3 4985 4995 4994
3 4994 4995 5004
3 4986 4996 4995
3 4995 4996 5005
3 4979 4980 4989
3 4989 4999 4998
3 4980 4981 4990
3 4990 5000 4999
3 4981 4982 4991
3 4991 5001 5000
3 4982 4983 4992
3 4992 5002 5001
3 4983 4984 4993
3 4993 5003 5002
3 4984 4985 4994
3 4994 5004 5003
3 4985 4986 4995
3 4995 5005 5004
3 4986 4987 4996
3 4996 5006 5005
3 4997 4998 5007
3 5007 5017 5016
3 4998 5008 5007
3 5007 5008 5017
3 4999 5009 5008
3 5008 5009 5018
3 5000 5010 5009
3 5009 5010 5019
3 5001 5011 5010
3 5010 5011 5020
3 5002 5012 5011
3 5011 5012 5021
3 5003 5013 5012
3 5012 5013 5022
3 5004 5014 5013
3 5013 5014 5023
3 5005 5015 5014
3 5014 5015 5024
3 4998 4999 5008
3 5008 5018 5017
3 4999 5000 5009
3 5009 5019 5018
3 5000 5001 5010
3 5010 5020 5019
3 5001 5002 5011
3 5011 5021 5020
3 5002 5003 5012
3 5012 5022 5021
3 5003 5004 5013
3 5013 5023 5022
3 5004 5005 5014
3 5014 5024 5023
3 5005 5006 5015
3 5015 5025 5024
3 5016 5017 5026
3 5026 5036 5035
3 5017 5027 5026
3 5026 5027 5036
3 5018 5028 5027
3 5027 5028 5037
3 5019 5029 5028
3 5028 5029 5038
3 5020 5030 5029
3 5029 5030 5039
3 5021 5031 5030
3 5030 5031 5040
3 5022 5032 5031
3 5031 5032 5041
3 5023 5033 5032
3 5032 5033 5042
3 5024 5034 5033
3 5033 5034 5043
3 5017 5018 5027
3 5027 5037 5036
3 5018 5019 5028
3 5028 5038 5037
3 5019 5020 5029
3 5029 5039 5038
3 5020 5021 5030
3 5030 5040 5039
3 5021 5022 5031
3 5031 5041 5040
3 5022 5023 5032
3 5032 5042 5041
3 5023 5024 5033
3 5033 5043 5042
3 5024 5025 5034
3 5034 5044 5043
3 5035 5036 5045
3 5045 5055 5054
3 5036 5046 5045
3 5045 5046 5055
3 5037 5047 5046
3 5046 5047 5056
3 5038 5048 5047
3 5047 5048 5057
3 5039 5049 5048
3 5048 5049 5058
3 5040 5050 5049
3 5049 5050 5059
3 5041 5051 5050
3 5050 5051 5060
3 5042 5052 5051
3 5051 5052 5061
3 5043 5053 5052
3 5052 5053 5062
3 5036 5037 5046
3 5046 5056 5055
3 5037 5038 5047
3 5047 5057 5056
3 5038 5039 5048
3 5048 5058 5057
3 5039 5040 5049
3 5049 5059 5058
3 5040 5041 5050
3 5050 5060 5059
3 5041 5042 5051
3 5051 5061 5060
3 5042 5043 5052
3 5052 5062 5061
3 5043 5044 5053
3 5053 5063 5062
3 5054 5055 5064
3 5064 5074 5073
3 5055 5065 5064
3 5064 5065 5074
3 5056 5066 5065
3 5065 5066 5075
3 5057 5067 5066
3 5066 5067 5076
3 5058 5068 5067
3 5067 5068 5077
3 5059 5069 5068
3 5068 5069 5078
3 5060 5070 5069
3 5069 5070 5079
3 5061 5071 5070
3 5070 5071 5080
3 5062 5072 5071
3 5071 5072 5081
3 5055 5056 5065
3 5065 5075 5074
3 5056 5057 5066
3 5066 5076 5075
3 5057 5058 5067
3 5067 5077 5076
3 5058 5059 5068
3 5068 5078 5077
3 5059 5060 5069
3 5069 5079 5078
3 5060 5061 5070
3 5070 5080 5079
3 5061 5062 5071
3 5071 5081 5080
3 5062 5063 5072
3 5072 5082 5081
3 5073 5074 5083
3 5083 5093 5092
3 5074 5084 5083
3 5083 5084 5093
3 5075 5085 5084
3 5084 5085 5094
3 5076 5086 5085
3 5085 5086 5095
3 5077 5087 5086
3 5086 5087 5096
3 5078 5088 5087
3 5087 5088 5097
3 5079 5089 5088
3 5088 5089 5098
3 5080 5090 5089
3 5089 5090 5099
3 5081 5091 5090
3 5090 5091 5100
3 5074 5075 5084
3 5084 5094 5093
3 5075 5076 5085
3 5085 5095 5094
3 5076 5077 5086
3 5086 5096 5095
3 5077 5078 5087
3 5087 5097 5096
3 5078 5079 5088
3 5088 5098 5097
3 5079 5080 5089
3 5089 5099 5098
3 5080 5081 5090
3 5090 5100 5099
3 5081 5082 5091
3 5091 5101 5100
3 5092 5093 5102
3 5102 5112 5111
3 5093 5103 5102
3 5102 5103 5112
3 5094 5104 5103
3 5103 5104 5113
3 5095 5105 5104
3 5104 5105 5114
3 5096 5106 5105
3 5105 5106 5115
3 5097 5107 5106
3 5106 5107 5116
3 5098 5108 5107
3 5107 5108 5117
3 5099 5109 5108
3 5108 5109 5118
3 5100 5110 5109
3 5109 5110 5119
3 5093 5094 5103
3 5103 5113 5112
3 5094 5095 5104
3 5104 5114 5113
3 5095 5096 5105
3 5105 5115 5114
3 5096 5097 5106
3 5106 5116 5115
3 5097 5098 5107
3 5107 5117 5116
3 5098 5099 5108
3 5108 5118 5117
3 5099 5100 5109
3 5109 5119 5118
3 5100 5101 5110
3 5110 5120 5119
3 5111 5112 5121
3 5121 5131 5130
3 5112 5122 5121
3 5121 5122 5131
3 5113 5123 5122
3 5122 5123 5132
3 5114 5124 5123
3 5123 5124 5133
3 5115 5125 5124
3 5124 5125 5134
3 5116 5126 5125
3 5125 5126 5135
3 5117 5127 5126
3 5126 5127 5136
3 5118 5128 5127
3 5127 5128 5137
3 5119 5129 5128
3 5128 5129 5138
3 5112 5113 5122
3 5122 5132 5131
3 5113 5114 5123
3 5123 5133 5132
3 5114 5115 5124
3 5124 5134 5133
3 5115 5116 5125
3 5125 5135 5134
3 5116 5117 5126
3 5126 5136 5135
3 5117 5118 5127
3 5127 5137 5136
3 5118 5119 5128
3 5128 5138 5137
3 5119 5120 5129
3 5129 5139 5138
3 5130 5131 5140
3 5140 5150 5149
3 5131 5141 5140
3 5140 5141 5150
3 5132 5142 5141
3 5141 5142 5151
3 5133 5143 5142
3 5142 5143 5152
3 5134 5144 5143
3 5143 5144 5153
3 5135 5145 5144
3 5144 5145 5154
3 5136 5146 5145
3 5145 5146 5155
3 5137 5147 5146
3 5146 5147 5156
3 5138 5148 5147
3 5147 5148 5157
3 5131 5132 5141
3 5141 5151 5150
3 5132 5133 5142
3 5142 5152 5151
3 5133 5134 5143
3 5143 5153 5152
3 5134 5135 5144
3 5144 5154 5153
3 5135 5136 5145
3 5145 5155 5154
3 5136 5137 5146
3 5146 5156 5155
3 5137 5138 5147
3 5147 5157 5156
3 5138 5139 5148
3 5148 5158 5157
3 5149 5150 5159
3 5159 5169 5168
3 5150 5160 5159
3 5159 5160 5169
3 5151 5161 5160
3 5160 5161 5170
3 5152 5162 5161
3 5161 5162 5171
3 5153 5163 5162
3 5162 5163 5172
3 5154 5164 5163
3 5163 5164 5173
3 5155 5165 5164
3 5164 5165 5174
3 5156 5166 5165
3 5165 5166 5175
3 5157 5167 5166
3 5166 5167 5176
3 5150 5151 5160
3 5160 5170 5169
3 5151 5152 5161
3 5161 5171 5170
3 5152 5153 5162
3 5162 5172 5171
3 5153 5154 5163
3 5163 5173 5172
3 5154 5155 5164
3 5164 5174 5173
3 5155 5156 5165
3 5165 5175 5174
3 5156 5157 5166
3 5166 5176 5175
3 5157 5158 5167
3 5167 5177 5176
3 5168 5169 5178
3 5178 5188 5187
3 5169 5179 5178
3 5178 5179 5188
3 5170 5180 5179
3 5179 5180 5189
3 5171 5181 5180
3 5180 5181 5190
3 5172 5182 5181
3 5181 5182 5191
3 5173 5183 5182
3 5182 5183 5192
3 5174 5184 5183
3 5183 5184 5193
3 5175 5185 5184
3 5184 5185 5194
3 5176 5186 5185
3 5185 5186 5195
3 5169 5170 5179
3 5179 5189 5188
3 5170 5171 5180
3 5180 5190 5189
3 5171 5172 5181
3 5181 5191 5190
3 5172 5173 5182
3 5182 5192 5191
3 5173 5174 5183
3 5183 5193 5192
3 5174 5175 5184
3 5184 5194 5193
3 5175 5176 5185
3 5185 5195 5194
3 5176 5177 5186
3 5186 5196 5195
3 5187 5188 5197
3 5197 5207 5206
3 5188 5198 5197
3 5197 5198 5207
3 5189 5199 5198
3 5198 5199 5208
3 5190 5200 5199
3 5199 5200 5209
3 5191 5201 5200
3 5200 5201 5210
3 5192 5202 5201
3 5201 5202 5211
3 5193 5203 5202
3 5202 5203 5212
3 5194 5204 5203
3 5203 5204 5213
3 5195 5205 5204
3 5204 5205 5214
3 5188 5189 5198
3 5198 5208 5207
3 5189 5190 5199
3 5199 5209 5208
3 5190 5191 5200
3 5200 5210 5209
3 5191 5192 5201
3 5201 5211 5210
3 5192 5193 5202
3 5202 5212 5211
3 5193 5194 5203
3 5203 5213 5212
3 5194 5195 5204
3 5204 5214 5213
3 5195 5196 5205
3 5205 5215 5214
3 5206 5207 5216
3 5216 5226 5225
3 5207 5217 5216
3 5216 5217 5226
3 5208 5218 5217
3 5217 5218 5227
3 5209 5219 5218
3 5218 5219 5228
3 5210 5220 5219
3 5219 5220 5229
3 5211 5221 5220
3 5220 5221 5230
3 5212 5222 5221
3 5221 5222 5231
3 5213 5223 5222
3 5222 5223 5232
3 5214 5224 5223
3 5223 5224 5233
3 5207 5208 5217
3 5217 5227 5226
3 5208 5209 5218
3 5218 5228 5227
3 5209 5210 5219
3 5219 5229 5228
3 5210 5211 5220
3 5220 5230 5229
3 5211 5212 5221
3 5221 5231 5230
3 5212 5213 5222
3 5222 5232 5231
3 5213 5214 5223
3 5223 5233 5232
3 5214 5215 5224
3 5224 5234 5233
3 5225 5226 5235
3 5235 5245 5244
3 5226 5236 5235
3 5235 5236 5245
3 5227 5237 5236
3 5236 5237 5246
3 5228 5238 5237
3 5237 5238 5247
3 5229 5239 5238
3 5238 5239 5248
3 5230 5240 5239
3 5239 5240 5249
3 5231 5241 5240
3 5240 5241 5250
3 5232 5242 5241
3 5241 5242 5251
3 5233 5243 5242
3 5242 5243 5252
3 5226 5227 5236
3 5236 5246 5245
3 5227 5228 5237
3 5237 5247 5246
3 5228 5229 5238
3 5238 5248 5247
3 5229 5230 5239
3 5239 5249 5248
3 5230 5231 5240
3 5240 5250 5249
3 5231 5232 5241
3 5241 5251 5250
3 5232 5233 5242
3 5242 5252 5251
3 5233 5234 5243
3 5243 5253 5252
3 5244 5245 5254
3 5254 5264 5263
3 5245 5255 5254
3 5254 5255 5264
3 5246 5256 5255
3 5255 5256 5265
3 5247 5257 5256
3 5256 5257 5266
3 5248 5258 5257
3 5257 5258 5267
3 5249 5259 5258
3 5258 5259 5268
3 5250 5260 5259
3 5259 5260 5269
3 5251 5261 5260
3 5260 5261 5270
3 5252 5262 5261
3 5261 5262 5271
3 5245 5246 5255
3 5255 5265 5264
3 5246 5247 5256
3 5256 5266 5265
3 5247 5248 5257
3 5257 5267 5266
3 5248 5249 5258
3 5258 5268 5267
3 5249 5250 5259
3 5259 5269 5268
3 5250 5251 5260
3 5260 5270 5269
3 5251 5252 5261
3 5261 5271 5270
3 5252 5253 5262
3 5262 5272 5271
3 5263 5264 5273
3 5273 5283 5282
3 5264 5274 5273
3 5273 5274 5283
3 5265 5275 5274
3 5274 5275 5284
3 5266 5276 5275
3 5275 5276 5285
3 5267 5277 5276
3 5276 5277 5286
3 5268 5278 5277
3 5277 5278 5287
3 5269 5279 5278
3 5278 5279 5288
3 5270 5280 5279
3 5279 5280 5289
3 5271 5281 5280
3 5280 5281 5290
3 5264 5265 5274
3 5274 5284 5283
3 5265 5266 5275
3 5275 5285 5284
3 5266 5267 5276
3 5276 5286 5285
3 5267 5268 5277
3 5277 5287 5286
3 5268 5269 5278
3 5278 5288 5287
3 5269 5270 5279
3 5279 5289 5288
3 5270 5271 5280
3 5280 5290 5289
3 5271 5272 5281
3 5281 5291 5290
3 5282 5283 5292
3 5292 5302 5301
3 5283 5293 5292
3 5292 5293 5302
3 5284 5294 5293
3 5293 5294 5303
3 5285 5295 5294
3 5294 5295 5304
3 5286 5296 5295
3 5295 5296 5305
3 5287 5297 5296
3 5296 5297 5306
3 5288 5298 5297
3 5297 5298 5307
3 5289 5299 5298
3 5298 5299 5308
3 5290 5300 5299
3 5299 5300 5309
3 5283 5284 5293
3 5293 5303 5302
3 5284 5285 5294
3 5294 5304 5303
3 5285 5286 5295
3 5295 5305 5304
3 5286 5287 5296
3 5296 5306 5305
3 5287 5288 5297
3 5297 5307 5306
3 5288 5289 5298
3 5298 5308 5307
3 5289 5290 5299
3 5299 5309 5308
3 5290 5291 5300
3 5300 5310 5309
3 5301 5302 5311
3 5311 5321 5320
3 5302 5312 5311
3 5311 5312 5321
3 5303 5313 5312
3 5312 5313 5322
3 5304 5314 5313
3 5313 5314 5323
3 5305 5315 5314
3 5314 5315 5324
3 5306 5316 5315
3 5315 5316 5325
3 5307 5317 5316
3 5316 5317 5326
3 5308 5318 5317
3 5317 5318 5327
3 5309 5319 5318
3 5318 5319 5328
3 5302 5303 5312
3 5312 5322 5321
3 5303 5304 5313
3 5313 5323 5322
3 5304 5305 5314
3 5314 5324 5323
3 5305 5306 5315
3 5315 5325 5324
3 5306 5307 5316
3 5316 5326 5325
3 5307 5308 5317
3 5317 5327 5326
3 5308 5309 5318
3 5318 5328 5327
3 5309 5310 5319
3 5319 5329 5328
3 5320 5321 5330
3 5330 5340 5339
3 5321 5331 5330
3 5330 5331 5340
3 5322 5332 5331
3 5331 5332 5341
3 5323 5333 5332
3 5332 5333 5342
3 5324 5334 5333
3 5333 5334 5343
3 5325 5335 5334
3 5334 5335 5344
3 5326 5336 5335
3 5335 5336 5345
3 5327 5337 5336
3 5336 5337 5346
3 5328 5338 5337
3 5337 5338 5347
3 5321 5322 5331
3 5331 5341 5340
3 5322 5323 5332
3 5332 5342 5341
3 5323 5324 5333
3 5333 5343 5342
3 5324 5325 5334
3 5334 5344 5343
3 5325 5326 5335
3 5335 5345 5344
3 5326 5327 5336
3 5336 5346 5345
3 5327 5328 5337
3 5337 5347 5346
3 5328 5329 5338
3 5338 5348 5347
3 5339 5340 5349
3 5349 5359 5358
3 5340 5350 5349
3 5349 5350 5359
3 5341 5351 5350
3 5350 5351 5360
3 5342 5352 5351
3 5351 5352 5361
3 5343 5353 5352
3 5352 5353 5362
3 5344 5354 5353
3 5353 5354 5363
3 5345 5355 5354
3 5354 5355 5364
3 5346 5356 5355
3 5355 5356 5365
3 5347 5357 5356
3 5356 5357 5366
3 5340 5341 5350
3 5350 5360 5359
3 5341 5342 5351
3 5351 5361 5360
3 5342 5343 5352
3 5352 5362 5361
3 5343 5344 5353
3 5353 5363 5362
3 5344 5345 5354
3 5354 5364 5363
3 5345 5346 5355
3 5355 5365 5364
3 5346 5347 5356
3 5356 5366 5365
3 5347 5348 5357
3 5357 5367 5366
3 5358 5359 5368
3 5368 5378 5377
3 5359 5369 5368
3 5368 5369 5378
3 5360 5370 5369
3 5369 5370 5379
3 5361 5371 5370
3 5370 5371 5380
3 5362 5372 5371
3 5371 5372 5381
3 5363 5373 5372
3 5372 5373 5382
3 5364 5374 5373
3 5373 5374 5383
3 5365 5375 5374
3 5374 5375 5384
3 5366 5376 5375
3 5375 5376 5385
3 5359 5360 5369
3 5369 5379 5378
3 5360 5361 5370
3 5370 5380 5379
3 5361 5362 5371
3 5371 5381 5380
3 5362 5363 5372
3 5372 5382 5381
3 5363 5364 5373
3 5373 5383 5382
3 5364 5365 5374
3 5374 5384 5383
3 5365 5366 5375
3 5375 5385 5384
3 5366 5367 5376
3 5376 5386 5385
3 5377 5378 5387
3 5387 5397 5396
3 5378 5388 5387
3 5387 5388 5397
3 5379 5389 5388
3 5388 5389 5398
3 5380 5390 5389
3 5389 5390 5399
3 5381 5391 5390
3 5390 5391 5400
3 5382 5392 5391
3 5391 5392 5401
3 5383 5393 5392
3 5392 5393 5402
3 5384 5394 5393
3 5393 5394 5403
3 5385 5395 5394
3 5394 5395 5404
3 5378 5379 5388
3 5388 5398 5397
3 5379 5380 5389
3 5389 5399 5398
3 5380 5381 5390
3 5390 5400 5399
3 5381 5382 5391
3 5391 5401 5400
3 5382 5383 5392
3 5392 5402 5401
3 5383 5384 5393
3 5393 5403 5402
3 5384 5385 5394
3 5394 5404 5403
3 5385 5386 5395
3 5395 5405 5404
3 5396 5397 5406
3 5406 5416 5415
3 5397 5407 5406
3 5406 5407 5416
3 5398 5408 5407
3 5407 5408 5417
3 5399 5409 5408
3 5408 5409 5418
3 5400 5410 5409
3 5409 5410 5419
3 5401 5411 5410
3 5410 5411 5420
3 5402 5412 5411
3 5411 5412 5421
3 5403 5413 5412
3 5412 5413 5422
3 5404 5414 5413
3 5413 5414 5423
3 5397 5398 5407
3 5407 5417 5416
3 5398 5399 5408
3 5408 5418 5417
3 5399 5400 5409
3 5409 5419 5418
3 5400 5401 5410
3 5410 5420 5419
3 5401 5402 5411
3 5411 5421 5420
3 5402 5403 5412
3 5412 5422 5421
3 5403 5404 5413
3 5413 5423 5422
3 5404 5405 5414
3 5414 5424 5423
3 5415 5416 5425
3 5425 5435 5434
3 5416 5426 5425
3 5425 5426 5435
3 5417 5427 5426
3 5426 5427 5436
3 5418 5428 5427
3 5427 5428 5437
3 5419 5429 5428
3 5428 5429 5438
3 5420 5430 5429
3 5429 5430 5439
3 5421 5431 5430
3 5430 5431 5440
3 5422 5432 5431
3 5431 5432 5441
3 5423 5433 5432
3 5432 5433 5442
3 5416 5417 5426
3 5426 5436 5435
3 5417 5418 5427
3 5427 5437 5436
3 5418 5419 5428
3 5428 5438 5437
3 5419 5420 5429
3 5429 5439 5438
3 5420 5421 5430
3 5430 5440 5439
3 5421 5422 5431
3 5431 5441 5440
3 5422 5423 5432
3 5432 5442 5441
3 5423 5424 5433
3 5433 5443 5442
3 5434 5435 5444
3 5444 5454 5453
3 5435 5445 5444
3 5444 5445 5454
3 5436 5446 5445
3 5445 5446 5455
3 5437 5447 5446
3 5446 5447 5456
3 5438 5448 5447
3 5447 5448 5457
3 5439 5449 5448
3 5448 5449 5458
3 5440 5450 5449
3 5449 5450 5459
3 5441 5451 5450
3 5450 5451 5460
3 5442 5452 5451
3 5451 5452 5461
3 5435 5436 5445
3 5445 5455 5454
3 5436 5437 5446
3 5446 5456 5455
3 5437 5438 5447
3 5447 5457 5456
3 5438 5439 5448
3 5448 5458 5457
3 5439 5440 5449
3 5449 5459 5458
3 5440 5441 5450
3 5450 5460 5459
3 5441 5442 5451
3 5451 5461 5460
3 5442 5443 5452
3 5452 5462 5461
3 5453 5454 5463
3 5463 5473 5472
3 5454 5464 5463
3 5463 5464 5473
3 5455 5465 5464
3 5464 5465 5474
3 5456 5466 5465
3 5465 5466 5475
3 5457 5467 5466
3 5466 5467 5476
3 5458 5468 5467
3 5467 5468 5477
3 5459 5469 5468
3 5468 5469 5478
3 5460 5470 5469
3 5469 5470 5479
3 5461 5471 5470
3 5470 5471 5480
3 5454 5455 5464
3 5464 5474 5473
3 5455 5456 5465
3 5465 5475 5474
3 5456 5457 5466
3 5466 5476 5475
3 5457 5458 5467
3 5467 5477 5476
3 5458 5459 5468
3 5468 5478 5477
3 5459 5460 5469
3 5469 5479 5478
3 5460 5461 5470
3 5470 5480 5479
3 5461 5462 5471
3 5471 5481 5480
3 5472 5473 5482
3 5482 5492 5491
3 5473 5483 5482
3 5482 5483 5492
3 5474 5484 5483
3 5483 5484 5493
3 5475 5485 5484
3 5484 5485 5494
3 5476 5486 5485
3 5485 5486 5495
3 5477 5487 5486
3 5486 5487 5496
3 5478 5488 5487
3 5487 5488 5497
3 5479 5489 5488
3 5488 5489 5498
3 5480 5490 5489
3 5489 5490 5499
3 5473 5474 5483
3 5483 5493 5492
3 5474 5475 5484
3 5484 5494 5493
3 5475 5476 5485
3 5485 5495 5494
3 5476 5477 5486
3 5486 5496 5495
3 5477 5478 5487
3 5487 5497 5496
3 5478 5479 5488
3 5488 5498 5497
3 5479 5480 5489
3 5489 5499 5498
3 5480 5481 5490
3 5490 5500 5499
3 5491 5492 5501
3 5501 5511 5510
3 5492 5502 5501
3 5501 5502 5511
3 5493 5503 5502
3 5502 5503 5512
3 5494 5504 5503
3 5503 5504 5513
3 5495 5505 5504
3 5504 5505 5514
3 5496 5506 5505
3 5505 5506 5515
3 5497 5507 5506
3 5506 5507 5516
3 5498 5508 5507
3 5507 5508 5517
3 5499 5509 5508
3 5508 5509 5518
3 5492 5493 5502
3 5502 5512 5511
3 5493 5494 5503
3 5503 5513 5512
3 5494 5495 5504
3 5504 5514 5513
3 5495 5496 5505
3 5505 5515 5514
3 5496 5497 5506
3 5506 5516 5515
3 5497 5498 5507
3 5507 5517 5516
3 5498 5499 5508
3 5508 5518 5517
3 5499 5500 5509
3 5509 5519 5518
3 5510 5511 5520
3 5520 5530 5529
3 5511 5521 5520
3 5520 5521 5530
3 5512 5522 5521
3 5521 5522 5531
3 5513 5523 5522
3 5522 5523 5532
3 5514 5524 5523
3 5523 5524 5533
3 5515 5525 5524
3 5524 5525 5534
3 5516 5526 5525
3 5525 5526 5535
3 5517 5527 5526
3 5526 5527 5536
3 5518 5528 5527
3 5527 5528 5537
3 5511 5512 5521
3 5521 5531 5530
3 5512 5513 5522
3 5522 5532 5531
3 5513 5514 5523
3 5523 5533 5532
3 5514 5515 5524
3 5524 5534 5533
3 5515 5516 5525
3 5525 5535 5534
3 5516 5517 5526
3 5526 5536 5535
3 5517 5518 5527
3 5527 5537 5536
3 5518 5519 5528
3 5528 5538 5537
3 5529 5530 5539
3 5539 5549 5548
3 5530 5540 5539
3 5539 5540 5549
3 5531 5541 5540
3 5540 5541 5550
3 5532 5542 5541
3 5541 5542 5551
3 5533 5543 5542
3 5542 5543 5552
3 5534 5544 5543
3 5543 5544 5553
3 5535 5545 5544
3 5544 5545 5554
3 5536 5546 5545
3 5545 5546 5555
3 5537 5547 5546
3 5546 5547 5556
3 5530 5531 5540
3 5540 5550 5549
3 5531 5532 5541
3 5541 5551 5550
3 5532 5533 5542
3 5542 5552 5551
3 5533 5534 5543
3 5543 5553 5552
3 5534 5535 5544
3 5544 5554 5553
3 5535 5536 5545
3 5545 5555 5554
3 5536 5537 5546
3 5546 5556 5555
3 5537 5538 5547
3 5547 5557 5556
3 5548 5549 5558
3 5558 5568 5567
3 5549 5559 5558
3 5558 5559 5568
3 5550 5560 5559
3 5559 5560 5569
3 5551 5561 5560
3 5560 5561 5570
3 5552 5562 5561
3 5561 5562 5571
3 5553 5563 5562
3 5562 5563 5572
3 5554 5564 5563
3 5563 5564 5573
3 5555 5565 5564
3 5564 5565 5574
3 5556 5566 5565
3 5565 5566 5575
3 5549 5550 5559
3 5559 5569 5568
3 5550 5551 5560
3 5560 5570 5569
3 5551 5552 5561
3 5561 5571 5570
3 5552 5553 5562
3 5562 5572 5571
3 5553 5554 5563
3 5563 5573 5572
3 5554 5555 5564
3 5564 5574 5573
3 5555 5556 5565
3 5565 5575 5574
3 5556 5557 5566
3 5566 5576 5575
3 5567 5568 5577
3 5577 5587 5586
3 5568 5578 5577
3 5577 5578 5587
3 5569 5579 5578
3 5578 5579 5588
3 5570 5580 5579
3 5579 5580 5589
3 5571 5581 5580
3 5580 5581 5590
3 5572 5582 5581
3 5581 5582 5591
3 5573 5583 5582
3 5582 5583 5592
3 5574 5584 5583
3 5583 5584 5593
3 5575 5585 5584
3 5584 5585 5594
3 5568 5569 5578
3 5578 5588 5587
3 5569 5570 5579
3 5579 5589 5588
3 5570 5571 5580
3 5580 5590 5589
3 5571 5572 5581
3 5581 5591 5590
3 5572 5573 5582
3 5582 5592 5591
3 5573 5574 5583
3 5583 5593 5592
3 5574 5575 5584
3 5584 5594 5593
3 5575 5576 5585
3 5585 5595 5594
3 5586 5587 5596
3 5596 5606 5605
3 5587 5597 5596
3 5596 5597 5606
3 5588 5598 5597
3 5597 5598 5607
3 5589 5599 5598
3 5598 5599 5608
3 5590 5600 5599
3 5599 5600 5609
3 5591 5601 5600
3 5600 5601 5610
3 5592 5602 5601
3 5601 5602 5611
3 5593 5603 5602
3 5602 5603 5612
3 5594 5604 5603
3 5603 5604 5613
3 5587 5588 5597
3 5597 5607 5606
3 5588 5589 5598
3 5598 5608 5607
3 5589 5590 5599
3 5599 5609 5608
3 5590 5591 5600
3 5600 5610 5609
3 5591 5592 5601
3 5601 5611 5610
3 5592 5593 5602
3 5602 5612 5611
3 5593 5594 5603
3 5603 5613 5612
3 5594 5595 5604
3 5604 5614 5613
3 5605 5606 5615
3 5615 5625 5624
3 5606 5616 5615
3 5615 5616 5625
3 5607 5617 5616
3 5616 5617 5626
3 5608 5618 5617
3 5617 5618 5627
3 5609 5619 5618
3 5618 5619 5628
3 5610 5620 5619
3 5619 5620 5629
3 5611 5621 5620
3 5620 5621 5630
3 5612 5622 5621
3 5621 5622 5631
3 5613 5623 5622
3 5622 5623 5632
3 5606 5607 5616
3 5616 5626 5625
3 5607 5608 5617
3 5617 5627 5626
3 5608 5609 5618
3 5618 5628 5627
3 5609 5610 5619
3 5619 5629 5628
3 5610 5611 5620
3 5620 5630 5629
3 5611 5612 5621
3 5621 5631 5630
3 5612 5613 5622
3 5622 5632 5631
3 5613 5614 5623
3 5623 5633 5632
3 5624 5625 5634
3 5634 5644 5643
3 5625 5635 5634
3 5634 5635 5644
3 5626 5636 5635
3 5635 5636 5645
3 5627 5637 5636
3 5636 5637 5646
3 5628 5638 5637
3 5637 5638 5647
3 5629 5639 5638
3 5638 5639 5648
3 5630 5640 5639
3 5639 5640 5649
3 5631 5641 5640
3 5640 5641 5650
3 5632 5642 5641
3 5641 5642 5651
3 5625 5626 5635
3 5635 5645 5644
3 5626 5627 5636
3 5636 5646 5645
3 5627 5628 5637
3 5637 5647 5646
3 5628 5629 5638
3 5638 5648 5647
3 5629 5630 5639
3 5639 5649 5648
3 5630 5631 5640
3 5640 5650 5649
3 5631 5632 5641
3 5641 5651 5650
3 5632 5633 5642
3 5642 5652 5651
3 5643 5644 5653
3 5653 5663 5662
3 5644 5654 5653
3 5653 5654 5663
3 5645 5655 5654
3 5654 5655 5664
3 5646 5656 5655
3 5655 5656 5665
3 5647 5657 5656
3 5656 5657 5666
3 5648 5658 5657
3 5657 5658 5667
3 5649 5659 5658
3 5658 5659 5668
3 5650 5660 5659
3 5659 5660 5669
3 5651 5661 5660
3 5660 5661 5670
3 5644 5645 5654
3 5654 5664 5663
3 5645 5646 5655
3 5655 5665 5664
3 5646 5647 5656
3 5656 5666 5665
3 5647 5648 5657
3 5657 5667 5666
3 5648 5649 5658
3 5658 5668 5667
3 5649 5650 5659
3 5659 5669 5668
3 5650 5651 5660
3 5660 5670 5669
3 5651 5652 5661
3 5661 5671 5670
3 5662 5663 5672
3 5672 5682 5681
3 5663 5673 5672
3 5672 5673 5682
3 5664 5674 5673
3 5673 5674 5683
3 5665 5675 5674
3 5674 5675 5684
3 5666 5676 5675
3 5675 5676 5685
3 5667 5677 5676
3 5676 5677 5686
3 5668 5678 5677
3 5677 5678 5687
3 5669 5679 5678
3 5678 5679 5688
3 5670 5680 5679
3 5679 5680 5689
3 5663 5664 5673
3 5673 5683 5682
3 5664 5665 5674
3 5674 5684 5683
3 5665 5666 5675
3 5675 5685 5684
3 5666 5667 5676
3 5676 5686 5685
3 5667 5668 5677
3 5677 5687 5686
3 5668 5669 5678
3 5678 5688 5687
3 5669 5670 5679
3 5679 5689 5688
3 5670 5671 5680
3 5680 5690 5689
3 5681 5682 5691
3 5691 5701 5700
3 5682 5692 5691
3 5691 5692 5701
3 5683 5693 5692
3 5692 5693 5702
3 5684 5694 5693
3 5693 5694 5703
3 5685 5695 5694
3 5694 5695 5704
3 5686 5696 5695
3 5695 5696 5705
3 5687 5697 5696
3 5696 5697 5706
3 5688 5698 5697
3 5697 5698 5707
3 5689 5699 5698
3 5698 5699 5708
3 5682 5683 5692
3 5692 5702 5701
3 5683 5684 5693
3 5693 5703 5702
3 5684 5685 5694
3 5694 5704 5703
3 5685 5686 5695
3 5695 5705 5704
3 5686 5687 5696
3 5696 5706 5705
3 5687 5688 5697
3 5697 5707 5706
3 5688 5689 5698
3 5698 5708 5707
3 5689 5690 5699
3 5699 5709 5708
3 5700 5701 5710
3 5710 5720 5719
3 5701 5711 5710
3 5710 5711 5720
3 5702 5712 5711
3 5711 5712 5721
3 5703 5713 5712
3 5712 5713 5722
3 5704 5714 5713
3 5713 5714 5723
3 5705 5715 5714
3 5714 5715 5724
3 5706 5716 5715
3 5715 5716 5725
3 5707 5717 5716
3 5716 5717 5726
3 5708 5718 5717
3 5717 5718 5727
3 5701 5702 5711
3 5711 5721 5720
3 5702 5703 5712
3 5712 5722 5721
3 5703 5704 5713
3 5713 5723 5722
3 5704 5705 5714
3 5714 5724 5723
3 5705 5706 5715
3 5715 5725 5724
3 5706 5707 5716
3 5716 5726 5725
3 5707 5708 5717
3 5717 5727 5726
3 5708 5709 5718
3 5718 5728 5727
3 5719 5720 5729
3 5729 5739 5738
3 5720 5730 5729
3 5729 5730 5739
3 5721 5731 5730
3 5730 5731 5740
3 5722 5732 5731
3 5731 5732 5741
3 5723 5733 5732
3 5732 5733 5742
3 5724 5734 5733
3 5733 5734 5743
3 5725 5735 5734
3 5734 5735 5744
3 5726 5736 5735
3 5735 5736 5745
3 5727 5737 5736
3 5736 5737 5746
3 5720 5721 5730
3 5730 5740 5739
3 5721 5722 5731
3 5731 5741 5740
3 5722 5723 5732
3 5732 5742 5741
3 5723 5724 5733
3 5733 5743 5742
3 5724 5725 5734
3 5734 5744 5743
3 5725 5726 5735
3 5735 5745 5744
3 5726 5727 5736
3 5736 5746 5745
3 5727 5728 5737
3 5737 5747 5746
3 5738 5739 5748
3 5748 5758 5757
3 5739 5749 5748
3 5748 5749 5758
3 5740 5750 5749
3 5749 5750 5759
3 5741 5751 5750
3 5750 5751 5760
3 5742 5752 5751
3 5751 5752 5761
3 5743 5753 5752
3 5752 5753 5762
3 5744 5754 5753
3 5753 5754 5763
3 5745 5755 5754
3 5754 5755 5764
3 5746 5756 5755
3 5755 5756 5765
3 5739 5740 5749
3 5749 5759 5758
3 5740 5741 5750
3 5750 5760 5759
3 5741 5742 5751
3 5751 5761 5760
3 5742 5743 5752
3 5752 5762 5761
3 5743 5744 5753
3 5753 5763 5762
3 5744 5745 5754
3 5754 5764 5763
3 5745 5746 5755
3 5755 5765 5764
3 5746 5747 5756
3 5756 5766 5765
3 5757 5758 5767
3 5767 5777 5776
3 5758 5768 5767
3 5767 5768 5777
3 5759 5769 5768
3 5768 5769 5778
3 5760 5770 5769
3 5769 5770 5779
3 5761 5771 5770
3 5770 5771 5780
3 5762 5772 5771
3 5771 5772 5781
3 5763 5773 5772
3 5772 5773 5782
3 5764 5774 5773
3 5773 5774 5783
3 5765 5775 5774
3 5774 5775 5784
3 5758 5759 5768
3 5768 5778 5777
3 5759 5760 5769
3 5769 5779 5778
3 5760 5761 5770
3 5770 5780 5779
3 5761 5762 5771
3 5771 5781 5780
3 5762 5763 5772
3 5772 5782 5781
3 5763 5764 5773
3 5773 5783 5782
3 5764 5765 5774
3 5774 5784 5783
3 5765 5766 5775
3 5775 5785 5784
3 5776 5777 5786
3 5786 5796 5795
3 5777 5787 5786
3 5786 5787 5796
3 5778 5788 5787
3 5787 5788 5797
3 5779 5789 5788
3 5788 5789 5798
3 5780 5790 5789
3 5789 5790 5799
3 5781 5791 5790
3 5790 5791 5800
3 5782 5792 5791
3 5791 5792 5801
3 5783 5793 5792
3 5792 5793 5802
3 5784 5794 5793
3 5793 5794 5803
3 5777 5778 5787
3 5787 5797 5796
3 5778 5779 5788
3 5788 5798 5797
3 5779 5780 5789
3 5789 5799 5798
3 5780 5781 5790
3 5790 5800 5799
3 5781 5782 5791
3 5791 5801 5800
3 5782 5783 5792
3 5792 5802 5801
3 5783 5784 5793
3 5793 5803 5802
3 5784 5785 5794
3 5794 5804 5803
3 5795 5796 5805
3 5805 5815 5814
3 5796 5806 5805
3 5805 5806 5815
3 5797 5807 5806
3 5806 5807 5816
3 5798 5808 5807
3 5807 5808 5817
3 5799 5809 5808
3 5808 5809 5818
3 5800 5810 5809
3 5809 5810 5819
3 5801 5811 5810
3 5810 5811 5820
3 5802 5812 5811
3 5811 5812 5821
3 5803 5813 5812
3 5812 5813 5822
3 5796 5797 5806
3 5806 5816 5815
3 5797 5798 5807
3 5807 5817 5816
3 5798 5799 5808
3 5808 5818 5817
3 5799 5800 5809
3 5809 5819 5818
3 5800 5801 5810
3 5810 5820 5819
3 5801 5802 5811
3 5811 5821 5820
3 5802 5803 5812
3 5812 5822 5821
3 5803 5804 5813
3 5813 5823 5822
3 5814 5815 5824
3 5824 5834 5833
3 5815 5825 5824
3 5824 5825 5834
3 5816 5826 5825
3 5825 5826 5835
3 5817 5827 5826
3 5826 5827 5836
3 5818 5828 5827
3 5827 5828 5837
3 5819 5829 5828
3 5828 5829 5838
3 5820 5830 5829
3 5829 5830 5839
3 5821 5831 5830
3 5830 5831 5840
3 5822 5832 5831
3 5831 5832 5841
3 5815 5816 5825
3 5825 5835 5834
3 5816 5817 5826
3 5826 5836 5835
3 5817 5818 5827
3 5827 5837 5836
3 5818 5819 5828
3 5828 5838 5837
3 5819 5820 5829
3 5829 5839 5838
3 5820 5821 5830
3 5830 5840 5839
3 5821 5822 5831
3 5831 5841 5840
3 5822 5823 5832
3 5832 5842 5841
3 5833 5834 5843
3 5843 5853 5852
3 5834 5844 5843
3 5843 5844 5853
3 5835 5845 5844
3 5844 5845 5854
3 5836 5846 5845
3 5845 5846 5855
3 5837 5847 5846
3 5846 5847 5856
3 5838 5848 5847
3 5847 5848 5857
3 5839 5849 5848
3 5848 5849 5858
3 5840 5850 5849
3 5849 5850 5859
3 5841 5851 5850
3 5850 5851 5860
3 5834 5835 5844
3 5844 5854 5853
3 5835 5836 5845
3 5845 5855 5854
3 5836 5837 5846
3 5846 5856 5855
3 5837 5838 5847
3 5847 5857 5856
3 5838 5839 5848
3 5848 5858 5857
3 5839 5840 5849
3 5849 5859 5858
3 5840 5841 5850
3 5850 5860 5859
3 5841 5842 5851
3 5851 5861 5860
3 5852 5853 5862
3 5862 5872 5871
3 5853 5863 5862
3 5862 5863 5872
3 5854 5864 5863
3 5863 5864 5873
3 5855 5865 5864
3 5864 5865 5874
3 5856 5866 5865
3 5865 5866 5875
3 5857 5867 5866
3 5866 5867 5876
3 5858 5868 5867
3 5867 5868 5877
3 5859 5869 5868
3 5868 5869 5878
3 5860 5870 5869
3 5869 5870 5879
3 5853 5854 5863
3 5863 5873 5872
3 5854 5855 5864
3 5864 5874 5873
3 5855 5856 5865
3 5865 5875 5874
3 5856 5857 5866
3 5866 5876 5875
3 5857 5858 5867
3 5867 5877 5876
3 5858 5859 5868
3 5868 5878 5877
3 5859 5860 5869
3 5869 5879 5878
3 5860 5861 5870
3 5870 5880 5879
3 5871 5872 5881
3 5881 5891 5890
3 5872 5882 5881
3 5881 5882 5891
3 5873 5883 5882
3 5882 5883 5892
3 5874 5884 5883
3 5883 5884 5893
3 5875 5885 5884
3 5884 5885 5894
3 5876 5886 5885
3 5885 5886 5895
3 5877 5887 5886
3 5886 5887 5896
3 5878 5888 5887
3 5887 5888 5897
3 5879 5889 5888
3 5888 5889 5898
3 5872 5873 5882
3 5882 5892 5891
3 5873 5874 5883
3 5883 5893 5892
3 5874 5875 5884
3 5884 5894 5893
3 5875 5876 5885
3 5885 5895 5894
3 5876 5877 5886
3 5886 5896 5895
3 5877 5878 5887
3 5887 5897 5896
3 5878 5879 5888
3 5888 5898 5897
3 5879 5880 5889
3 5889 5899 5898
3 5890 5891 5900
3 5900 5910 5909
3 5891 5901 5900
3 5900 5901 5910
3 5892 5902 5901
3 5901 5902 5911
3 5893 5903 5902
3 5902 5903 5912
3 5894 5904 5903
3 5903 5904 5913
3 5895 5905 5904
3 5904 5905 5914
3 5896 5906 5905
3 5905 5906 5915
3 5897 5907 5906
3 5906 5907 5916
3 5898 5908 5907
3 5907 5908 5917
3 5891 5892 5901
3 5901 5911 5910
3 5892 5893 5902
3 5902 5912 5911
3 5893 5894 5903
3 5903 5913 5912
3 5894 5895 5904
3 5904 5914 5913
3 5895 5896 5905
3 5905 5915 5914
3 5896 5897 5906
3 5906 5916 5915
3 5897 5898 5907
3 5907 5917 5916
3 5898 5899 5908
3 5908 5918 5917
3 5909 5910 5919
3 5919 5929 5928
3 5910 5920 5919
3 5919 5920 5929
3 5911 5921 5920
3 5920 5921 5930
3 5912 5922 5921
3 5921 5922 5931
3 5913 5923 5922
3 5922 5923 5932
3 5914 5924 5923
3 5923 5924 5933
3 5915 5925 5924
3 5924 5925 5934
3 5916 5926 5925
3 5925 5926 5935
3 5917 5927 5926
3 5926 5927 5936
3 5910 5911 5920
3 5920 5930 5929
3 5911 5912 5921
3 5921 5931 5930
3 5912 5913 5922
3 5922 5932 5931
3 5913 5914 5923
3 5923 5933 5932
3 5914 5915 5924
3 5924 5934 5933
3 5915 5916 5925
3 5925 5935 5934
3 5916 5917 5926
3 5926 5936 5935
3 5917 5918 5927
3 5927 5937 5936
3 5928 5929 5938
3 5938 5948 5947
3 5929 5939 5938
3 5938 5939 5948
3 5930 5940 5939
3 5939 5940 5949
3 5931 5941 5940
3 5940 5941 5950
3 5932 5942 5941
3 5941 5942 5951
3 5933 5943 5942
3 5942 5943 5952
3 5934 5944 5943
3 5943 5944 5953
3 5935 5945 5944
3 5944 5945 5954
3 5936 5946 5945
3 5945 5946 5955
3 5929 5930 5939
3 5939 5949 5948
3 5930 5931 5940
3 5940 5950 5949
3 5931 5932 5941
3 5941 5951 5950
3 5932 5933 5942
3 5942 5952 5951
3 5933 5934 5943
3 5943 5953 5952
3 5934 5935 5944
3 5944 5954 5953
3 5935 5936 5945
3 5945 5955 5954
3 5936 5937 5946
3 5946 5956 5955
3 5947 5948 5957
3 5957 5967 5966
3 5948 5958 5957
3 5957 5958 5967
3 5949 5959 5958
3 5958 5959 5968
3 5950 5960 5959
3 5959 5960 5969
3 5951 5961 5960
3 5960 5961 5970
3 5952 5962 5961
3 5961 5962 5971
3 5953 5963 5962
3 5962 5963 5972
3 5954 5964 5963
3 5963 5964 5973
3 5955 5965 5964
3 5964 5965 5974
3 5948 5949 5958
3 5958 5968 5967
3 5949 5950 5959
3 5959 5969 5968
3 5950 5951 5960
3 5960 5970 5969
3 5951 5952 5961
3 5961 5971 5970
3 5952 5953 5962
3 5962 5972 5971
3 5953 5954 5963
3 5963 5973 5972
3 5954 5955 5964
3 5964 5974 5973
3 5955 5956 5965
3 5965 5975 5974
3 5966 5967 5976
3 5976 5986 5985
3 5967 5977 5976
3 5976 5977 5986
3 5968 5978 5977
3 5977 5978 5987
3 5969 5979 5978
3 5978 5979 5988
3 5970 5980 5979
3 5979 5980 5989
3 5971 5981 5980
3 5980 5981 5990
3 5972 5982 5981
3 5981 5982 5991
3 5973 5983 5982
3 5982 5983 5992
3 5974 5984 5983
3 5983 5984 5993
3 5967 5968 5977
3 5977 5987 5986
3 5968 5969 5978
3 5978 5988 5987
3 5969 5970 5979
3 5979 5989 5988
3 5970 5971 5980
3 5980 5990 5989
3 5971 5972 5981
3 5981 5991 5990
3 5972 5973 5982
3 5982 5992 5991
3 5973 5974 5983
3 5983 5993 5992
3 5974 5975 5984
3 5984 5994 5993
3 5985 5986 5995
3 5995 6005 6004
3 5986 5996 5995
3 5995 5996 6005
3 5987 5997 5996
3 5996 5997 6006
3 5988 5998 5997
3 5997 5998 6007
3 5989 5999 5998
3 5998 5999 6008
3 5990 6000 5999
3 5999 6000 6009
3 5991 6001 6000
3 6000 6001 6010
3 5992 6002 6001
3 6001 6002 6011
3 5993 6003 6002
3 6002 6003 6012
3 5986 5987 5996
3 5996 6006 6005
3 5987 5988 5997
3 5997 6007 6006
3 5988 5989 5998
3 5998 6008 6007
3 5989 5990 5999
3 5999 6009 6008
3 5990 5991 6000
3 6000 6010 6009
3 5991 5992 6001
3 6001 6011 6010
3 5992 5993 6002
3 6002 6012 6011
3 5993 5994 6003
3 6003 6013 6012
3 6004 6005 6014
3 6014 6024 6023
3 6005 6015 6014
3 6014 6015 6024
3 6006 6016 6015
3 6015 6016 6025
3 6007 6017 6016
3 6016 6017 6026
3 6008 6018 6017
3 6017 6018 6027
3 6009 6019 6018
3 6018 6019 6028
3 6010 6020 6019
3 6019 6020 6029
3 6011 6021 6020
3 6020 6021 6030
3 6012 6022 6021
3 6021 6022 6031
3 6005 6006 6015
3 6015 6025 6024
3 6006 6007 6016
3 6016 6026 6025
3 6007 6008 6017
3 6017 6027 6026
3 6008 6009 6018
3 6018 6028 6027
3 6009 6010 6019
3 6019 6029 6028
3 6010 6011 6020
3 6020 6030 6029
3 6011 6012 6021
3 6021 6031 6030
3 6012 6013 6022
3 6022 6032 6031
3 6023 6024 6033
3 6033 6043 6042
3 6024 6034 6033
3 6033 6034 6043
3 6025 6035 6034
3 6034 6035 6044
3 6026 6036 6035
3 6035 6036 6045
3 6027 6037 6036
3 6036 6037 6046
3 6028 6038 6037
3 6037 6038 6047
3 6029 6039 6038
3 6038 6039 6048
3 6030 6040 6039
3 6039 6040 6049
3 6031 6041 6040
3 6040 6041 6050
3 6024 6025 6034
3 6034 6044 6043
3 6025 6026 6035
3 6035 6045 6044
3 6026 6027 6036
3 6036 6046 6045
3 6027 6028 6037
3 6037 6047 6046
3 6028 6029 6038
3 6038 6048 6047
3 6029 6030 6039
3 6039 6049 6048
3 6030 6031 6040
3 6040 6050 6049
3 6031 6032 6041
3 6041 6051 6050
3 6042 6043 6052
3 6052 6062 6061
3 6043 6053 6052
3 6052 6053 6062
3 6044 6054 6053
3 6053 6054 6063
3 6045 6055 6054
3 6054 6055 6064
3 6046 6056 6055
3 6055 6056 6065
3 6047 6057 6056
3 6056 6057 6066
3 6048 6058 6057
3 6057 6058 6067
3 6049 6059 6058
3 6058 6059 6068
3 6050 6060 6059
3 6059 6060 6069
3 6043 6044 6053
3 6053 6063 6062
3 6044 6045 6054
3 6054 6064 6063
3 6045 6046 6055
3 6055 6065 6064
3 6046 6047 6056
3 6056 6066 6065
3 6047 6048 6057
3 6057 6067 6066
3 6048 6049 6058
3 6058 6068 6067
3 6049 6050 6059
3 6059 6069 6068
3 6050 6051 6060
3 6060 6070 6069
3 6061 6062 6071
3 6071 6081 6080
3 6062 6072 6071
3 6071 6072 6081
3 6063 6073 6072
3 6072 6073 6082
3 6064 6074 6073
3 6073 6074 6083
3 6065 6075 6074
3 6074 6075 6084
3 6066 6076 6075
3 6075 6076 6085
3 6067 6077 6076
3 6076 6077 6086
3 6068 6078 6077
3 6077 6078 6087
3 6069 6079 6078
3 6078 6079 6088
3 6062 6063 6072
3 6072 6082 6081
3 6063 6064 6073
3 6073 6083 6082
3 6064 6065 6074
3 6074 6084 6083
3 6065 6066 6075
3 6075 6085 6084
3 6066 6067 6076
3 6076 6086 6085
3 6067 6068 6077
3 6077 6087 6086
3 6068 6069 6078
3 6078 6088 6087
3 6069 6070 6079
3 6079 6089 6088
